unix_time,episode,IAE_distance,IAE_heading
1773683260,1,6042.477161257802,367.29402633460535
1773683260,2,2057.459311495957,473.6772736667358
1773683260,3,4009.7772938181615,585.0069824162772
1773683260,4,2106.3161674003923,283.91918601807106
1773683260,5,1710.6788472573753,629.826807619102
1773683260,6,2600.91231786874,635.1128622177888
1773683260,7,1681.2317007889978,603.8930528323026
1773683260,8,2926.2217676654595,437.1918799431109
1773683260,9,5263.263094855097,425.65618452054906
1773683260,10,3743.846458692366,275.8691392915532
1773683260,11,8303.83082069398,601.0288677382165
1773683260,12,2828.0993393000417,350.0454137470072
1773683260,13,3901.109068832805,522.3620893658884
1773683260,14,5473.894376751789,139.31981520280758
1773683260,15,5693.934504955184,303.3513513191945
1773683260,16,2990.80736810098,593.6447745145105
1773683260,17,5659.6494743631065,278.5879163494747
1773683260,18,6175.100582134694,422.64055588784026
1773683260,19,2177.6406269713893,571.0756594383545
1773683260,20,668.8304042146931,436.64592397644446
1773683260,21,2443.885019645458,338.99309981821744
1773683260,22,4682.45852846375,269.8273202977471
1773683260,23,3674.779440401212,294.5421260353084
1773683260,24,4118.662099011457,620.3961282044444
1773683260,25,4741.570548669979,349.08746617202996
1773683260,26,3427.9932587290305,308.5492864907839
1773683260,27,4653.585920595389,165.95979792549468
1773683260,28,2756.099066677502,488.0385171917515
1773683260,29,3232.3541543903393,391.4610267096739
1773683260,30,2853.495653848249,458.762514562239
1773683260,31,957.5740318211879,443.3992031293592
1773683260,32,1341.2466173723587,286.3931503542758
1773683260,33,1368.534693905773,353.62477739339135
1773683260,34,1393.6848425289995,411.1784666764276
1773683260,35,1293.8223658533211,504.0117428935816
1773683260,36,3563.9464371279296,236.84318916149726
1773683260,37,2449.7186105007036,460.87901377206094
1773683260,38,693.8977684166956,478.76318523819856
1773683260,39,4274.921667168847,459.92484441802844
1773683260,40,4532.015138622621,441.17020094872544
1773683260,41,2748.3269398394013,468.1812614655215
1773683260,42,1885.608085592487,353.05555698797855
1773683260,43,604.8225749643368,338.64323688608107
1773683260,44,3470.5508680723674,195.31056633090105
1773683260,45,3406.352067356177,317.27584718121284
1773683260,46,4730.282655725707,359.66219755275097
1773683260,47,2909.9336040167527,281.81471258814787
1773683260,48,3095.5386872897006,366.8923315530042
1773683260,49,2529.388407897575,323.73983730905337
1773683260,50,3266.084687204016,385.23969167516407
1773683260,51,3531.715338545086,339.0634222084839
1773683260,52,3004.7887713455893,396.5187188972378
1773683260,53,4512.56614998239,421.16054757517713
1773683260,54,647.4074260611835,433.12454021090065
1773683260,55,2758.711344671574,357.78411139043874
1773683260,56,2982.2915212324797,398.8630140594815
1773683260,57,3436.826675549123,305.50655627658716
1773683260,58,1040.5932525350008,443.82405156696063
1773683260,59,2362.479950417334,346.94263024943405
1773683260,60,3233.969095040915,367.8022328616287
1773683260,61,332.97303276933945,483.0939230770812
1773683260,62,2725.2761170742237,377.8758831620108
1773683260,63,3146.3581639928357,379.5445595105908
1773683260,64,297.61306399952036,466.13944971061784
1773683260,65,957.6990943554325,404.5758647298123
1773683260,66,2478.3461393059656,349.74568407540744
1773683260,67,234.9893863502572,410.2074624841055
1773683260,68,2282.180182157828,365.39892661733853
1773683260,69,1148.711974410598,414.7932401280084
1773683260,70,332.167453427189,488.8948923297247
1773683260,71,1100.5811214273822,427.6697877450976
1773683260,72,2565.760274976593,355.2752922600007
1773683260,73,1040.8285837732044,287.455455232411
1773683260,74,337.78743966549854,394.6744080372005
1773683260,75,2226.8948742618036,340.085712372998
1773683260,76,2397.374371272725,421.65422394938804
1773683260,77,2505.8022980785004,343.8137252859579
1773683260,78,1401.1854387371673,378.3331944571879
1773683260,79,500.843296898138,504.47667714242573
1773683260,80,2627.4825490003363,364.85908552441634
1773683260,81,476.4151465568846,345.3713802074688
1773683260,82,542.8412649132429,534.4768975044279
1773683260,83,2259.3123503401985,362.16048825942426
1773683260,84,308.2157715505635,498.7291541745225
1773683260,85,521.7454782800486,340.0237328154393
1773683260,86,993.5348446756412,509.6223280589378
1773683260,87,2187.5526226410816,365.61279300789033
1773683260,88,215.2180419342261,475.4418246188215
1773683260,89,1615.3217920697894,398.59836899575555
1773683260,90,8675.047152826783,494.02772282215636
1773683260,91,714.9367460631145,301.04789453604974
1773683260,92,2930.1924713492713,362.620569331865
1773683260,93,1986.1125960235265,329.18656949317824
1773683260,94,3673.940111633838,463.7361879176254
1773683260,95,3214.410414719928,369.1824189156928
1773683260,96,392.8405893484004,340.53853961934
1773683260,97,4699.43761394096,403.5536247075693
1773683260,98,1372.65620409997,399.9885586310343
1773683260,99,4772.4101194419545,418.7877420752498
1773683260,100,3810.0708526379017,391.3605458565424
1773683260,101,1407.1994028015877,288.2403114356208
1773683260,102,2509.2103889574423,368.2891034279579
1773683260,103,689.3476571508909,333.8561135801118
1773683260,104,986.099228813642,321.03863877042244
1773683260,105,4206.998822133863,427.76176544921054
1773683260,106,13042.53030085478,506.7320294661161
1773683260,107,379.666370369121,422.3711788034779
1773683260,108,7783.186897373171,474.3863330374276
1773683260,109,667.2996707991185,496.24296360900655
1773683260,110,461.51923345369573,352.43499649271524
1773683260,111,2525.9647502532944,355.07595946549037
1773683260,112,6916.368858827317,442.0821800481888
1773683260,113,2302.253297400613,335.879646396837
1773683260,114,2410.361572239546,353.5372582606002
1773683260,115,1901.372561183562,428.288527061422
1773683260,116,534.2130217343341,383.6900190084644
1773683260,117,3139.1578195055017,357.8616158660969
1773683260,118,2419.53099711789,371.0810285574913
1773683260,119,754.1613360330314,346.14583809777616
1773683260,120,397.93800694348727,355.9629681029322
1773683260,121,2556.497697446429,354.1742035128435
1773683260,122,620.0301320570425,390.4516545442084
1773683260,123,947.3347072746035,377.46556835506544
1773683260,124,1317.524253004723,348.4768818578489
1773683260,125,2927.1039970333786,364.22585236976323
1773683260,126,2418.271033941887,368.1039390193652
1773683260,127,4137.8780650036915,421.73092148999564
1773683260,128,1629.3327285297983,371.60913605357075
1773683260,129,1487.7955840368734,364.6392670751009
1773683260,130,901.9477892634496,368.72180264009114
1773683260,131,1455.0535920195498,361.3574417978214
1773683260,132,1049.436284238752,335.3082190024351
1773683260,133,1120.6519466888983,372.7655961303611
1773683260,134,811.2819773566471,376.1005227243819
1773683260,135,2225.792861526887,364.4947526428929
1773683260,136,319.00864031689775,406.03008739933074
1773683260,137,1602.2249777457441,354.10180586318785
1773683260,138,1984.4579008229068,345.6821135052588
1773683260,139,2222.9304739554764,366.2021223373757
1773683260,140,679.296833708053,486.00293774827946
1773683260,141,432.115105378038,364.2622194032191
1773683260,142,1720.077138837837,350.27588421498234
1773683260,143,1706.628725556432,344.0882018198596
1773683260,144,2278.1964485022822,364.7322743062975
1773683260,145,1560.1302171996551,352.241513246587
1773683260,146,613.1906318882557,456.28895373721156
1773683260,147,921.553355190166,349.84791530116917
1773683260,148,1792.3402509832388,354.4271444664016
1773683260,149,1289.248863135265,330.9375886575927
1773683260,150,2041.057757668851,339.34855284129594
1773683260,151,320.41480053039203,446.4600615154452
1773683260,152,900.4877757545894,359.5845331291709
1773683260,153,211.9808313584872,371.8058993929656
1773683260,154,1195.41388193848,327.5569846947767
1773683260,155,1872.66521078384,339.1004062071053
1773683260,156,210.92815111799442,374.4730393051682
1773683260,157,983.1762016841948,432.5582851518839
1773683260,158,1635.740438769548,342.51601003564474
1773683260,159,1470.5448393261768,342.64247311584745
1773683260,160,1942.655487765622,349.73682016043415
1773683260,161,1502.5229769110388,345.73611331111186
1773683260,162,1631.8771344216566,350.88137442792464
1773683260,163,1482.339283686557,351.37542080788666
1773683260,164,337.76489144866804,290.84501745529775
1773683260,165,1540.9078547931085,357.4529840450123
1773683260,166,510.75625205769575,413.50041416489756
1773683260,167,1690.572244071293,329.84003816447836
1773683260,168,1587.0489575817658,344.52895202899896
1773683260,169,422.31017082398233,299.21572457828364
1773683260,170,477.0010171171481,305.0273845898534
1773683260,171,494.7915722526901,284.75408159950115
1773683260,172,1833.1095104471808,357.53321468929573
1773683260,173,1493.9534681391697,329.2165510350333
1773683260,174,627.6595586815038,311.2707449180081
1773683260,175,189.44217930054808,380.66903754496343
1773683260,176,1242.5520156481502,351.81679986158275
1773683260,177,240.70184892549412,298.0342269076642
1773683260,178,1167.638951253309,323.9138580202737
1773683260,179,1290.77250337972,347.6961209183502
1773683260,180,1070.1646721370857,343.5561138384525
1773683260,181,245.123673760693,321.043768948246
1773683260,182,874.8329750659731,351.9945160569457
1773683260,183,222.61705925560358,316.09007296865457
1773683260,184,430.0920637720137,349.02853518572624
1773683260,185,967.9840230268763,338.7909637189481
1773683260,186,483.25436648967235,278.7379080828123
1773683260,187,538.3181147075067,317.44920713150077
1773683260,188,1048.893704709574,347.13264962167705
1773683260,189,1134.709954664737,312.57293679530375
1773683260,190,452.8830314165835,316.63090309039933
1773683260,191,324.9323174643539,317.642419540856
1773683260,192,673.7388121424015,289.6950274734497
1773683260,193,270.3485684805114,302.6579227369986
1773683260,194,183.643334036402,304.28995567194073
1773683260,195,367.0124770228308,293.16754507043146
1773683260,196,832.9893561261117,318.46698194820357
1773683260,197,964.2553822625563,320.09525587772987
1773683260,198,380.3239703232388,325.66019095526775
1773683260,199,130.2051767008409,280.74027494833655
1773683260,200,517.07157158358,294.8893800474151
1773683260,201,168.0372208964772,304.9380098053768
1773683260,202,531.9980983986505,244.47344575367686
1773683260,203,511.1011490487153,310.56512555307415
1773683260,204,141.32465556591927,286.72590917550866
1773683260,205,554.3458389733103,268.4854089506673
1773683260,206,654.802086349406,260.34052625981894
1773683260,207,888.5238477695714,313.4474627592254
1773683260,208,312.16026811898354,250.65595085380073
1773683260,209,255.88064216435475,81.88302840218842
1773683260,210,203.2468706269352,168.31567661159036
1773683260,211,288.0697196742469,331.9053793399179
1773683260,212,844.0034987014102,315.0796372161906
1773683260,213,652.4867577693077,227.58173470858208
1773683260,214,735.9295347688437,324.75226461996283
1773683260,215,515.6881494190271,263.6116607140115
1773683260,216,436.19999784103,276.3953772640307
1773683260,217,396.90612129607547,281.37960184129116
1773683260,218,1262.8367627458304,319.48768936781374
1773683260,219,150.07335774547684,239.24712262939894
1773683260,220,657.5234474342727,242.24805727486358
1773683260,221,443.97028668443545,278.3898903405803
1773683260,222,434.25686740766406,288.8395907865884
1773683260,223,912.4320514712108,330.7312435177517
1773683260,224,276.6463998648912,293.6546424534233
1773683260,225,424.64641422587573,305.9031759915504
1773683260,226,329.0676556156503,247.82544120071418
1773683260,227,372.1198194613932,242.55137755745093
1773683260,228,451.7584291686618,242.92312690335837
1773683260,229,125.19563812369627,232.11273425827153
1773683260,230,342.8954821755497,220.72827275430177
1773683260,231,424.0259835560947,202.28663058484884
1773683260,232,167.9669803921326,285.8679677904887
1773683260,233,319.50303860619306,286.35819252636327
1773683260,234,238.72952810535293,109.55844467466879
1773683260,235,373.6033339763307,287.0303218694533
1773683260,236,793.6781969400577,229.68413858681043
1773683260,237,224.082901194795,262.62399852480456
1773683260,238,446.68505092418695,219.81983528832308
1773683260,239,177.41506845807575,255.88691556942078
1773683260,240,440.91205475152714,217.33566499172736
1773683260,241,99.84760541917741,145.55790519780936
1773683260,242,224.7960552954265,212.49889696054169
1773683260,243,153.66566304139045,114.93626292719367
1773683260,244,400.59361093523,228.6916851834379
1773683260,245,129.97880395571457,197.19838044692798
1773683260,246,102.6962057232533,69.44074057752776
1773683260,247,75.55461592494062,202.8088890221233
1773683260,248,337.33141712992455,220.62821900541715
1773683260,249,404.48455154733324,189.4014177622959
1773683260,250,117.06154570613712,44.003289229837236
1773683260,251,536.8642016080012,177.4429988963869
1773683260,252,297.0555714449323,231.2403253638998
1773683260,253,669.5327041869452,219.97051729985424
1773683260,254,255.81633280604598,131.10582951257825
1773683260,255,330.89088814795946,201.15580783689066
1773683260,256,1088.0654822621302,323.14953152994315
1773683260,257,456.4387115901078,230.0210048824709
1773683260,258,741.6606136818698,198.88175788509602
1773683260,259,660.56018454455,214.6884966891703
1773683260,260,123.39852366016869,180.73267450961532
1773683260,261,259.74913311339463,119.74221459264379
1773683260,262,370.94873167846407,127.46728265385224
1773683260,263,89.33706790704225,90.12932057225292
1773683260,264,688.7634111067803,222.79971016958987
1773683260,265,695.8919523213879,228.4886100039054
1773683260,266,420.8250150751539,196.32742971276153
1773683260,267,732.6550320030044,239.23240598677137
1773683260,268,109.29043766907094,228.32273188301465
1773683260,269,400.6199442146219,226.78810852245027
1773683260,270,842.0962950051588,329.55678384166026
1773683260,271,348.49576461585843,187.27732123535745
1773683260,272,144.0135701161921,312.41591750844447
1773683260,273,453.1725170020252,236.36575472426813
1773683260,274,491.2127353519363,120.74577387120064
1773683260,275,429.0038570096326,180.08768951385062
1773683260,276,792.5198026017933,235.99836860576158
1773683260,277,399.04972419915134,85.80932562841929
1773683260,278,373.84715478565994,247.3707939027085
1773683260,279,132.65625710145508,228.9829646023967
1773683260,280,585.6774487314592,236.67533162748236
1773683260,281,139.41187910972505,219.55222831251197
1773683260,282,426.43462601594393,188.30984343130376
1773683260,283,336.1902524326708,157.34745491737627
1773683260,284,81.98234854326289,172.59637627544123
1773683260,285,204.5304809709803,140.47317581666087
1773683260,286,125.62165076336318,146.39113049317734
1773683260,287,265.6031666809518,148.2472525836009
1773683260,288,343.7004691986063,91.39479136002359
1773683260,289,472.7026975872702,238.06416814795782
1773683260,290,139.72243791317274,196.19684311335803
1773683260,291,354.6650463601216,276.46544776085
1773683260,292,254.2531236421166,231.60738998170373
1773683260,293,67.25335077874244,128.29630940134768
1773683260,294,540.4070604349965,202.91614565230537
1773683260,295,353.2408536900631,25.188823493445973
1773683260,296,191.04379080096336,328.0627337624146
1773683260,297,167.29475509901147,235.08049482818947
1773683260,298,820.5467786805718,256.7231423060803
1773683260,299,81.15595408609305,291.6121737244217
1773683260,300,688.0335024625056,254.73217277461083
1773683260,301,337.43948723472226,342.7320968527902
1773683260,302,793.4797414854305,343.4812779340521
1773683260,303,200.69585630731711,270.836365360317
1773683260,304,507.1544800005846,190.7010473857591
1773683260,305,328.3487428762471,83.5742895107869
1773683260,306,225.5677084301193,360.7263518599726
1773683260,307,505.2831642341542,244.34118530263817
1773683260,308,547.8971225805506,136.4497391373376
1773683260,309,432.8230758295978,295.1946612576896
1773683260,310,128.24268910329772,281.3689485636699
1773683260,311,647.702111479759,294.705052494252
1773683260,312,758.4816240176475,337.91761333208865
1773683260,313,400.20517757661315,166.69644131081958
1773683260,314,485.5862138285992,207.8159587455775
1773683260,315,376.8515501942878,245.97930510020186
1773683260,316,588.333518204867,239.29762025227427
1773683260,317,191.85709553545212,278.81554726433075
1773683260,318,255.04864885351913,36.037543067370216
1773683260,319,423.98461987527656,206.8670179455963
1773683260,320,488.41039628578693,224.3199442448497
1773683260,321,658.6414199037482,240.8501914537397
1773683260,322,74.94677610493704,182.85885023655024
1773683260,323,179.4255610582705,54.635328775081675
1773683260,324,672.9977348557063,234.4034314562021
1773683260,325,315.12395607274067,316.35311319172564
1773683260,326,368.849789789854,58.81949423094409
1773683260,327,54.167599576772936,123.6629674753747
1773683260,328,298.5352612113211,219.59471401534668
1773683260,329,151.2089612167753,127.36172854492112
1773683260,330,497.329775456212,195.6536187752889
1773683260,331,77.89032345338848,91.39770976087489
1773683260,332,477.83692368328553,223.98132326682324
1773683260,333,73.48516605624734,240.6839729582832
1773683260,334,231.76909598778525,64.3118462087523
1773683260,335,350.37585238992517,240.58037993562073
1773683260,336,291.55978140110756,270.66952412413974
1773683260,337,231.81880424379338,108.98170586781079
1773683260,338,220.7185197127623,329.4205963369014
1773683260,339,448.0078865197187,193.52070331314013
1773683260,340,375.2935818903346,158.82373078908665
1773683260,341,214.97004937464516,267.3791314205209
1773683260,342,362.789858173857,303.97762227167374
1773683260,343,812.6557794596209,335.8079609002623
1773683260,344,521.9207836023994,251.1495517425007
1773683260,345,647.7994106506796,267.4072655335047
1773683260,346,597.3811663450593,262.0729305485078
1773683260,347,143.17786313502174,55.38023050789147
1773683260,348,763.2581680673703,329.88634797003556
1773683260,349,61.583269997512666,52.54874711826085
1773683260,350,299.8244939709991,229.97058999527619
1773683260,351,435.35001425307786,228.10158793164177
1773683260,352,350.339285458728,243.8658529724438
1773683260,353,343.7922447076395,230.31462552850113
1773683260,354,376.5975355149725,239.2078407269084
1773683260,355,250.10171406928097,91.42371689820928
1773683260,356,617.1495001644031,151.90380261749021
1773683260,357,180.75761926908942,290.37954556729443
1773683260,358,1656.7748067688135,159.53863772254152
1773683260,359,186.88729626885387,265.1441320078815
1773683260,360,1.2465333739291573,17.67591909585159
1773683260,361,529.5213037541065,290.66756040123545
1773683260,362,434.77033588466884,236.24254584258014
1773683260,363,276.8992023977471,313.8059402227819
1773683260,364,214.592195442407,277.18268184517945
1773683260,365,546.3876211074135,239.52643426885493
1773683260,366,409.8812352688201,299.94857195639986
1773683260,367,336.3940103230363,291.3793091508671
1773683260,368,2808.785626757202,348.1002909714413
1773683260,369,378.0832002877992,257.24831029656
1773683260,370,1416.993165091502,359.43475833841546
1773683260,371,385.76233120895483,331.044085345035
1773683260,372,729.4490366125491,319.16346384894064
1773683260,373,359.16825581399104,277.2837952780287
1773683260,374,780.9735034286518,305.827625543765
1773683260,375,426.2821025848525,289.38050731593876
1773683260,376,295.71396241974537,328.6460949760195
1773683260,377,644.3531232918748,274.2544288066652
1773683260,378,353.10724993123864,268.29769543237694
1773683260,379,823.8328724914783,282.07373445549365
1773683260,380,672.8696764529974,320.42816013367116
1773683260,381,214.14745345640742,335.029089465919
1773683260,382,436.4374822967789,70.07888415237511
1773683260,383,428.0559818137138,224.3564177466313
1773683260,384,1432.1317490279432,374.4961382287399
1773683260,385,1064.2268268762175,316.35703910664665
1773683260,386,618.7170329928617,340.0017063170173
1773683260,387,224.1638591239472,155.26512919503938
1773683260,388,421.44211234407464,144.76216217229953
1773683260,389,841.2016007287539,340.1169805210772
1773683260,390,1399.906950255881,352.766566827211
1773683260,391,139.3312975123308,351.1518147941266
1773683260,392,435.5235772270731,306.7805275798513
1773683260,393,133.33023792186782,278.71699560915977
1773683260,394,217.09131589840376,29.13724805838063
1773683260,395,790.8117635367372,334.78491895946325
1773683260,396,225.959663193408,329.68197036932975
1773683260,397,736.0576511111506,312.23923964830186
1773683260,398,369.9113879978786,300.991070030078
1773683260,399,557.0607946770674,306.9889362895693
1773683260,400,148.2260507766196,302.04537464471167
1773683260,401,364.33784217490745,314.6039599447197
1773683260,402,449.0851298579688,333.6797379380294
1773683260,403,488.39706175697455,322.73468922406283
1773683260,404,14318.06956789187,455.3761246842908
1773683260,405,1205.753908332408,367.0046296759336
1773683260,406,151.8325280375264,326.07020199700787
1773683260,407,268.40289423268865,289.39588280162735
1773683260,408,157.88107846444018,373.6470569271854
1773683260,409,1236.322608699906,359.23230740171005
1773683260,410,262.19807164379597,318.8051760584656
1773683260,411,448.12644026697785,352.0714138032685
1773683260,412,248.85663551845312,315.35939175210683
1773683260,413,332.570232119249,359.29312167869455
1773683260,414,313.40578779776456,274.0817034277472
1773683260,415,598.7837693863762,315.77149953133693
1773683260,416,354.1992538948304,320.3629619033843
1773683260,417,1055.8871213227117,320.6527435601255
1773683260,418,419.2601730486592,263.4225261539382
1773683260,419,161.86043964490193,211.5300651348656
1773683260,420,221.22599092372133,263.405981228962
1773683260,421,159.79532360045312,288.0598605997913
1773683260,422,347.91120078913906,176.88360115073706
1773683260,423,623.9923907493344,266.00870433284115
1773683260,424,66.56239651702256,72.09058441802274
1773683260,425,556.5415734634,300.0741715482687
1773683260,426,514.3076664706148,294.1934758607506
1773683260,427,768.0049553418526,332.10478007113414
1773683260,428,138.61805037354918,83.53405216963792
1773683260,429,255.72424031945405,260.2871194442853
1773683260,430,476.73092280083836,285.36416515634534
1773683260,431,455.95265396758356,266.6940343339897
1773683260,432,176.85666225569486,199.17571368090648
1773683260,433,375.49918782031017,293.24012009196764
1773683260,434,419.5758325061362,257.02004129714135
1773683260,435,278.02983220074447,50.16246612650068
1773683260,436,43.684937151268365,96.37814093223878
1773683260,437,29.639265507765664,19.23433872058805
1773683260,438,326.05477279931694,87.75150050466071
1773683260,439,356.1277883728194,43.65144600046306
1773683260,440,770.5019310647142,310.76734527156526
1773683260,441,137.62006094446832,23.197688648518113
1773683260,442,240.80233456484208,32.36570290760978
1773683260,443,126.91870536720515,176.6834301754441
1773683260,444,557.9607099877435,273.55170106018875
1773683260,445,242.95706848222954,277.9977238840343
1773683260,446,346.96344637918014,254.45745540399315
1773683260,447,69.41244005880603,164.24684366316114
1773683260,448,299.1107213057057,326.103768833387
1773683260,449,462.398051094334,293.83963424169093
1773683260,450,164.86856328206713,90.88989851574638
1773683260,451,358.6541587688578,76.89388808503907
1773683260,452,52.647779699432604,56.67450564790879
1773683260,453,287.74308746636297,198.23127087609907
1773683260,454,303.5713768832677,168.91598187874558
1773683260,455,226.805229620943,139.1787800214391
1773683260,456,433.7027967290206,288.66170255916614
1773683260,457,269.0507312322396,259.87860925654536
1773683260,458,221.08628352200157,258.65708340259545
1773683260,459,215.9361636196602,301.43061325789665
1773683260,460,114.22160807269175,230.34250295791955
1773683260,461,249.8496588192265,22.009146454458687
1773683260,462,100.4078424655335,209.7804361091608
1773683260,463,362.9637555304848,236.74421018188212
1773683260,464,184.68815141311245,85.55609692054806
1773683260,465,265.8383734225636,220.63954234601547
1773683260,466,103.63365635481665,244.11100295036192
1773683260,467,22.217595011407322,39.17216352559355
1773683260,468,79.35157022043147,236.75926337225582
1773683260,469,91.41360968361826,172.56801509658362
1773683260,470,303.1413860903004,232.57452079321493
1773683260,471,225.40603487380866,157.53110492297165
1773683260,472,126.48880475115935,243.65301600102111
1773683260,473,112.1849114002769,272.4374920416455
1773683260,474,227.00443983732765,241.62408880408054
1773683260,475,370.82283608875167,288.05597053080487
1773683260,476,568.1594983813054,270.61350846338917
1773683260,477,54.58524197555389,92.11406102255032
1773683260,478,295.53318916570544,77.91845330196368
1773683260,479,142.5589205662551,124.69577468559082
1773683260,480,100.80359850114587,95.43338824236723
1773683260,481,253.6984973345136,168.2720242613388
1773683260,482,209.7000048861808,168.56605272801704
1773683260,483,312.0542439869858,341.6497474998614
1773683260,484,336.1303624767261,68.99305910836146
1773683260,485,201.76681989797197,40.47919504624423
1773683260,486,243.51781318349356,204.5692277528402
1773683260,487,317.34023692562727,229.71626340543784
1773683260,488,116.40365148698017,233.15405337033206
1773683260,489,441.0892721359565,167.68556144570684
1773683260,490,209.54643842784517,62.97431498111916
1773683260,491,128.289883202026,159.383289936147
1773683260,492,154.93845015556798,290.8708707595116
1773683260,493,294.6095720364675,110.66380687360939
1773683260,494,137.92495647031694,154.51078922609238
1773683260,495,126.55708172794576,90.72043747673128
1773683260,496,139.8877930541451,55.01684928753595
1773683260,497,86.99607915293687,51.41924857198128
1773683260,498,233.52054849189773,82.87359719046663
1773683260,499,167.73468873466155,204.59693291330967
1773683260,500,368.6834005520599,148.23508075435805
1773683260,501,153.14675889193578,178.42543907867247
1773683260,502,558.6826235257719,177.6285288522303
1773683260,503,1167.9804533525944,366.7909204908061
1773683260,504,527.1241459599404,223.50049177432106
1773683260,505,403.0375704668094,284.6093237680478
1773683260,506,337.86442751726406,241.7925952984983
1773683260,507,499.896143651806,83.06020526761172
1773683260,508,408.31740794662045,295.3875329148097
1773683260,509,488.6346873214191,162.41866311695702
1773683260,510,343.71784547032735,86.87152565881178
1773683260,511,107.40060224943309,63.4413715360401
1773683260,512,145.471240009479,286.6865238639446
1773683260,513,162.7889769516055,262.45827503418997
1773683260,514,206.1767312316247,82.34984785437189
1773683260,515,246.82114253522585,98.6490377236613
1773683260,516,103.78655488973176,239.81624150454573
1773683260,517,309.2032632598832,306.6394736533946
1773683260,518,197.42918586349813,144.56349977833509
1773683260,519,80.53448657657741,129.8445600895051
1773683260,520,148.86341494562149,154.36040310340493
1773683260,521,60.939515739788305,160.59243608016465
1773683260,522,250.29692587863008,118.47805727700778
1773683260,523,275.805451577685,274.73686861397897
1773683260,524,261.88396963694436,168.26254225394365
1773683260,525,362.9187678913345,75.25841195236643
1773683260,526,172.531395659594,229.16904685765778
1773683260,527,467.7777891841326,57.133107877124665
1773683260,528,127.12353182571053,157.10187784787806
1773683260,529,160.36774891155977,116.08645858616232
1773683260,530,434.83741611020264,213.8473998934777
1773683260,531,65.43199418022428,255.87963533619697
1773683260,532,324.798511777267,226.63171596897897
1773683260,533,233.82594404391213,154.20518673211683
1773683260,534,228.25970874042773,200.49736547756027
1773683260,535,968.5571574972661,342.8422035354395
1773683260,536,364.3173865191568,273.2974536713753
1773683260,537,219.1176468583359,195.2169962198582
1773683260,538,207.19781973309765,217.3647716533078
1773683260,539,196.70040520838467,142.4623781720319
1773683260,540,208.94217506914936,149.61508922258443
1773683260,541,144.36046805224638,36.9551242213332
1773683260,542,1057.1897186653018,351.3367920811237
1773683260,543,423.7743045709977,58.5373098371571
1773683260,544,396.6325162898451,172.03501443225736
1773683260,545,131.81135226283286,280.1186118625265
1773683260,546,314.77540089554736,216.7840468373928
1773683260,547,452.3613275426356,273.4982119539478
1773683260,548,418.8971739707895,254.99438048097358
1773683260,549,53.86937850829071,129.8047507746818
1773683260,550,203.03240969937877,310.7594111596795
1773683260,551,688.2231523482758,289.71844283954215
1773683260,552,44.166950640704236,181.58760513831547
1773683260,553,363.2578398349147,291.37182956747125
1773683260,554,105.26548103559831,319.61734667402015
1773683260,555,456.3335283159963,261.6714710002005
1773683260,556,330.5311338569342,310.2723927547849
1773683260,557,227.1137241704815,337.765200337231
1773683260,558,217.79065771861312,297.91802733069363
1773683260,559,190.16259357386815,117.31492406593082
1773683260,560,54.740557125338256,31.59015518561723
1773683260,561,224.82236866242164,342.438127081307
1773683260,562,98.27809905195605,202.71673012168773
1773683260,563,244.80630866569106,214.87660947239277
1773683260,564,195.32501633348954,146.51040885861417
1773683260,565,263.5120100297887,133.69333224525215
1773683260,566,179.3080245189185,288.73251010543856
1773683260,567,307.09078130681604,291.448022591092
1773683260,568,86.37570567625347,140.08389165629225
1773683260,569,346.03636051263356,304.81227955351903
1773683260,570,355.07348398946135,125.40688636334224
1773683260,571,408.99305137988495,78.87771954391494
1773683260,572,119.5150059049967,243.16029969203538
1773683260,573,199.30972905375972,211.76607310127287
1773683260,574,315.7848684347115,157.8617369723898
1773683260,575,89.39292136277513,220.94920816396115
1773683260,576,203.4857008279075,122.15418162788792
1773683260,577,568.4683351855186,224.48198644248362
1773683260,578,231.50108246207188,145.25312955615615
1773683260,579,310.47778991385275,53.49476909260257
1773683260,580,280.1317190409781,292.82667936588217
1773683260,581,336.7184262526325,113.42153459256498
1773683260,582,518.960050929821,232.24019253427258
1773683260,583,319.56075726354516,164.84786088179231
1773683260,584,43.154161616886505,102.74979116170023
1773683260,585,332.54843523609776,339.4452082512293
1773683260,586,377.5998589224554,320.1663482862411
1773683260,587,105.56463343818426,149.03821691893125
1773683260,588,287.3354729091333,108.31480259453733
1773683260,589,239.63344543404324,150.55898331802115
1773683260,590,175.618540258384,299.4303719782641
1773683260,591,258.16319068572665,305.7441828676158
1773683260,592,92.03283385984572,240.59500766201646
1773683260,593,174.82105428948105,151.02303912152894
1773683260,594,270.82215407031146,208.31170714871854
1773683260,595,445.0987135941931,278.78746549447453
1773683260,596,243.8900451101187,330.2469267083268
1773683260,597,218.6069366878171,302.4488670109341
1773683260,598,831.8415059085819,358.86028334117333
1773683260,599,105.0279409025408,78.95224954647789
1773683260,600,114.14168840450643,261.88995831347063
1773683260,601,294.12631983899865,292.708542856335
1773683260,602,496.298020255043,367.55356215114824
1773683260,603,339.2032071007729,234.0316654457941
1773683260,604,228.17406056450528,265.3722067567665
1773683260,605,484.0866820482662,141.2968367291503
1773683260,606,497.13017842788156,361.2310156714543
1773683260,607,172.15451926187598,364.85739149769967
1773683260,608,141.8266354453764,370.64430526525786
1773683260,609,391.69934807162224,138.21863909673078
1773683260,610,72.3509906443471,48.67123667415908
1773683260,611,418.60909784663505,359.3430364827505
1773683260,612,267.99718475879337,359.2061452668742
1773683260,613,304.53032739622034,326.8344335223809
1773683260,614,243.93812885950064,206.76036742681626
1773683260,615,219.1892933710629,252.19074909676257
1773683260,616,331.2169494892987,345.2417000982818
1773683260,617,126.12845130766458,86.40837722821261
1773683260,618,83.58228027021285,96.57416795783334
1773683260,619,259.4887904682082,296.540840748837
1773683260,620,680.5154898690275,356.0751518515669
1773683260,621,515.6071809398104,327.20929903864464
1773683260,622,499.255993670948,289.9180714862046
1773683260,623,253.70413762695455,153.96244439859092
1773683260,624,331.20291327541054,355.15129703033176
1773683260,625,272.63469174761633,82.51325461599282
1773683260,626,70.29615560885851,223.13080630915476
1773683260,627,158.80441604009758,166.89262385877726
1773683260,628,229.74440387075944,391.51001128791904
1773683260,629,203.2509535085179,323.52651722532704
1773683260,630,383.1206686192515,231.30430312913336
1773683260,631,248.0164922778053,348.68949426125346
1773683260,632,225.1943085693225,334.05314622344156
1773683260,633,158.46067014898136,115.62923277120157
1773683260,634,154.22489346793435,195.75843074266842
1773683260,635,252.29700983775896,303.38157496549434
1773683260,636,166.89237209500988,160.6421897377422
1773683260,637,238.85583256512678,286.85317238713696
1773683260,638,377.8107535222985,194.31783219474008
1773683260,639,313.2794516227754,178.58248238911554
1773683260,640,356.2187907587277,313.7892192390441
1773683260,641,191.15127924773878,404.77429969337237
1773683260,642,636.7399577366945,303.00195251756617
1773683260,643,197.95838346276244,355.54405056098847
1773683260,644,368.37736061642613,229.34417313154884
1773683260,645,509.09141078053193,367.7547353869105
1773683260,646,339.9245700918882,323.8171109952201
1773683260,647,189.70092487006303,225.39224978999803
1773683260,648,588.7825155106774,336.51887227438186
1773683260,649,346.12194497782843,240.56143531329982
1773683260,650,80.5433235525988,312.3388958311274
1773683260,651,205.0023303315741,274.1029401184941
1773683260,652,43.37363698169757,185.50506793102736
1773683260,653,352.2521574334594,287.2210575499375
1773683260,654,49.452758099443514,43.91511673118672
1773683260,655,522.2370834119004,372.98477583579097
1773683260,656,214.71908136059994,348.7200453745952
1773683260,657,270.1719362285501,123.10499964718359
1773683260,658,119.51038229626454,72.28514983102863
1773683260,659,120.54481146710091,86.6366933474937
1773683260,660,330.46993733974756,347.5140849643531
1773683260,661,147.022862132953,164.03520786502975
1773683260,662,503.29156086898763,244.41005652905136
1773683260,663,106.67063183474578,107.69833583809003
1773683260,664,252.70765088270528,283.07455229284545
1773683260,665,145.94501064045826,333.25017514056566
1773683260,666,100.19888570267806,209.06510583735556
1773683260,667,112.99358907642772,85.93060333842521
1773683260,668,264.42877361164574,304.1789803788372
1773683260,669,436.4905073843864,246.2430620636851
1773683260,670,198.8290762447058,289.0827682264581
1773683260,671,410.85406478214037,234.4805095284997
1773683260,672,318.72043082514676,312.31923855934286
1773683260,673,370.11756395557035,341.29924927237676
1773683260,674,121.87307832256751,138.89076714961527
1773683260,675,83.68167286932311,293.37648854473366
1773683260,676,312.32423649209926,272.0949740751664
1773683260,677,244.57961263467286,245.83207329853633
1773683260,678,86.76973729569089,205.02478260846502
1773683260,679,560.5353538597795,240.84757392488095
1773683260,680,125.66884212856817,132.0720880799391
1773683260,681,173.00105301525903,114.75375046664028
1773683260,682,66.44986809317798,102.60764711218417
1773683260,683,169.21268819199503,262.4292813156312
1773683260,684,153.10273252961184,212.23408594562912
1773683260,685,275.7547827316649,287.07495298961345
1773683260,686,133.2290206957205,169.03067696692926
1773683260,687,163.6449329722748,342.52139813697335
1773683260,688,365.8242689709297,287.94913352324835
1773683260,689,273.75610623859205,209.8072349071939
1773683260,690,128.9372714165742,272.7282991614825
1773683260,691,119.48111405306817,64.86079487379384
1773683260,692,298.64898446836094,358.9212683551027
1773683260,693,294.1909771212195,81.13292609144055
1773683260,694,334.89726994257484,186.6444244930237
1773683260,695,85.42047400977677,306.841604286543
1773683260,696,536.4132986468699,259.83889362954795
1773683260,697,175.43726720089768,96.93780550846095
1773683260,698,130.4443274261164,251.48471981311835
1773683260,699,292.80312471313573,284.3344378247692
1773683260,700,94.27081454316769,126.55934084465285
1773683260,701,242.65207729496376,259.02660992997653
1773683260,702,107.85253972928908,323.89760733622813
1773683260,703,86.90563916154962,267.40539533544256
1773683260,704,130.96654792731584,282.3483934040654
1773683260,705,105.12667801664078,263.4283029321344
1773683260,706,97.9911206139251,283.3050371762599
1773683260,707,214.80897735260035,146.771253094709
1773683260,708,335.1491697671049,289.3119117306447
1773683260,709,220.6878634539649,259.18231202108285
1773683260,710,106.83526960025074,273.6097368904314
1773683260,711,525.0428746947408,351.22415694942646
1773683260,712,86.76693085438282,312.5372649055505
1773683260,713,401.829061701503,274.5293254543378
1773683260,714,297.57617509070064,119.30918477859295
1773683260,715,263.68660582161914,41.73526050294361
1773683260,716,201.2773841056335,295.8367483747464
1773683260,717,143.18042071653937,81.38127128777306
1773683260,718,215.04843656324127,146.46153785713113
1773683260,719,87.15724437745978,157.5316820747023
1773683260,720,131.4573678432957,115.9585461987584
1773683260,721,346.28808389356107,272.361908656761
1773683260,722,152.40745307175766,238.96155962392413
1773683260,723,124.75881978415326,334.14981225478226
1773683260,724,556.604037394705,330.3983678501533
1773683260,725,341.43725782112347,336.1708574665998
1773683260,726,446.3328182478352,423.20960763204477
1773683260,727,156.4820024312242,247.73067715536942
1773683260,728,188.78268608481017,310.6128020061937
1773683260,729,184.61915391197135,417.3308559069455
1773683260,730,177.13825893926514,394.09932394391296
1773683260,731,189.42257068776334,293.2772319826306
1773683260,732,101.06890122673302,376.5634077775573
1773683260,733,199.77144428101357,310.4455722757519
1773683260,734,17.173020291147836,54.938961652521265
1773683260,735,227.0565740989439,337.1810143585562
1773683260,736,152.9746270527161,368.48696288776966
1773683260,737,297.4861432356098,316.25309729620454
1773683260,738,292.49993429080894,337.32156595291144
1773683260,739,714.41160634078,337.77529228383304
1773683260,740,447.3220705034897,185.0257509834608
1773683260,741,616.906922291867,351.59383951261265
1773683260,742,124.27653053518422,370.1264827602904
1773683260,743,323.41421493492226,298.8061842901658
1773683260,744,500.97617722806734,398.39200040944866
1773683260,745,391.1224095526546,496.86419070117904
1773683260,746,78.39236988481998,126.84163686054563
1773683260,747,120.0679356260122,170.29342289049228
1773683260,748,702.7859568025655,414.25694902625287
1773683260,749,169.38476964988521,387.5245638048746
1773683260,750,656.2594180267811,345.2184572297448
1773683260,751,302.1462792571192,169.4739973206429
1773683260,752,153.44780794107322,395.9330593917812
1773683260,753,393.2895436663872,396.7733613267221
1773683260,754,258.0536320785631,156.34022051255275
1773683260,755,856.3342794047463,121.46847228975521
1773683260,756,148.47024848117888,165.02494848037642
1773683260,757,214.42755209352634,258.647604019992
1773683260,758,121.87430180579638,109.2765841382174
1773683260,759,255.54419961259237,286.33642805060646
1773683260,760,408.9197400665409,311.8659030349103
1773683260,761,230.6158935767005,204.48225153375017
1773683260,762,151.91803632272538,158.3958126365943
1773683260,763,77.90403449661892,91.73872918844741
1773683260,764,230.89059890666817,362.9606508273378
1773683260,765,65.21738213313806,83.69533844429444
1773683260,766,69.63407477586078,78.92338332775994
1773683260,767,338.48891271323254,277.5486956057535
1773683260,768,390.61502721741385,288.7796814346506
1773683260,769,178.8026972808112,92.90614791636035
1773683260,770,213.70812120066603,177.18090474395098
1773683260,771,355.38870481980484,232.4552954852261
1773683260,772,161.9451258662771,86.20765282947882
1773683260,773,197.9070163702927,351.3878146686322
1773683260,774,54.70135509531501,43.72601773518763
1773683260,775,167.68264304981503,311.7514077323005
1773683260,776,78.21131037386348,177.34827078478156
1773683260,777,188.68998892280146,187.20760785163057
1773683260,778,128.57027494424628,174.6533405780898
1773683260,779,324.49389417089725,161.02695606694436
1773683260,780,108.81364595760286,275.1056654445395
1773683260,781,287.3743959308397,48.95386943292559
1773683260,782,280.9743380628908,168.61251930862733
1773683260,783,106.78692760925206,234.32833740955596
1773683260,784,418.28000555384517,333.2041648412074
1773683260,785,95.73919696415219,260.722561297031
1773683260,786,15.65021006499068,59.65015002209376
1773683260,787,259.16126983563225,346.00259917365656
1773683260,788,250.55442090975882,112.20530558205114
1773683260,789,58.381336099341134,120.16896101763028
1773683260,790,73.29072251132172,85.37628542538042
1773683260,791,42.77409275610345,203.34349699739388
1773683260,792,95.45939677360882,108.24411431518807
1773683260,793,49.98080424667936,140.9366442733103
1773683260,794,69.94067419857508,100.31161605893924
1773683260,795,253.66878656476516,356.59184551580853
1773683260,796,156.41656806453162,65.48324312061806
1773683260,797,62.178255244800795,44.84962916584849
1773683260,798,650.3982623346235,350.5212492531578
1773683260,799,386.20639719341466,356.43483725614107
1773683260,800,473.9383738982979,113.21449267173222
1773683260,801,206.35063432361406,433.32950340879614
1773683260,802,126.01681326701757,89.54798251144352
1773683260,803,540.172538084191,132.2265380515725
1773683260,804,558.3669133334797,184.15493899754182
1773683260,805,262.1382593462001,66.13804440904579
1773683260,806,302.42357740508714,46.07209339766817
1773683260,807,28.45824316617539,57.800132766011465
1773683260,808,529.6977714309323,63.129849377670226
1773683260,809,149.40255729083563,107.9215312298383
1773683260,810,290.917694952046,194.21402476556517
1773683260,811,154.868162116465,357.8678388670226
1773683260,812,478.19046537641697,230.13643088657528
1773683260,813,320.46320946776524,427.87280873435014
1773683260,814,176.27017599329656,62.841553072636266
1773683260,815,357.4809913004143,404.10044068825465
1773683260,816,100.39643629989013,335.85511732740764
1773683260,817,172.59948278578184,428.0660474410945
1773683260,818,256.19361285999014,42.09281245777597
1773683260,819,124.48395066233205,374.89679555317895
1773683260,820,212.41028371296213,38.610513492891016
1773683260,821,265.15186924445607,396.4578297695316
1773683260,822,107.19444222105083,149.5391144913418
1773683260,823,108.16481052446116,129.48799644553168
1773683260,824,101.76081129506362,361.4749464821461
1773683260,825,235.9288297289729,169.05972257314488
1773683260,826,398.491849619479,74.4902939319488
1773683260,827,117.82962091602519,211.25759015684778
1773683260,828,108.0315844206616,397.2230510529077
1773683260,829,188.6073797714092,305.30100240299265
1773683260,830,128.56365229584378,392.5545098611723
1773683260,831,169.09786665877925,285.29481286697643
1773683260,832,273.30535120314096,395.21710144216485
1773683260,833,137.90456037855736,323.36742349629156
1773683260,834,277.8464240674187,376.38876811702306
1773683260,835,311.0656009481723,391.4609352729035
1773683260,836,181.297960078793,281.59096950845174
1773683260,837,244.48164838467088,98.97775547516964
1773683260,838,648.0600791905729,361.59320024585605
1773683260,839,727.1323597158326,418.7932206960589
1773683260,840,277.26254912901584,81.76175611121542
1773683260,841,421.25737343204986,120.66222413664241
1773683260,842,111.31476517903688,383.39076255513396
1773683260,843,282.5676084325831,427.74868229899744
1773683260,844,132.5017403969653,84.95693544381905
1773683260,845,274.3955670093592,161.93850391577504
1773683260,846,285.8401562714884,366.00137311554226
1773683260,847,66.828830501069,44.61191637942702
1773683260,848,173.6571905930158,105.55283923682627
1773683260,849,325.9721881599216,67.3597691465826
1773683260,850,210.25486279992444,63.80590629558806
1773683260,851,302.8374725080847,319.1027923848643
1773683260,852,143.1143105399469,224.05421197661252
1773683260,853,113.70971875610157,221.06989345483296
1773683260,854,74.50707334534428,59.847503000352845
1773683260,855,537.8461398820941,353.7181471652235
1773683260,856,482.1893215601348,352.09794619973536
1773683260,857,535.4492947849149,322.93459065425657
1773683260,858,563.6179533571085,369.7776535996407
1773683260,859,196.43184350180152,273.7888070142274
1773683260,860,205.08961468948488,67.13552787126432
1773683260,861,425.3178725587736,364.92663613712045
1773683260,862,140.35528501477094,416.12780894384707
1773683260,863,77.44364239520412,157.3714507500227
1773683260,864,184.85965734208287,196.64124935948493
1773683260,865,320.68779323388594,375.9658287682064
1773683260,866,123.24767781580077,362.04447795673013
1773683260,867,202.28570487776224,234.06918014963426
1773683260,868,165.32050935599628,101.22518189451776
1773683260,869,544.8230130411382,359.9797979559996
1773683260,870,475.70092451619604,269.97391359342276
1773683260,871,24.54165475279949,64.2929482623904
1773683260,872,249.0033147918908,292.7239889554386
1773683260,873,258.69902753100905,90.11650505704924
1773683260,874,440.6613757075414,434.4531197714773
1773683260,875,329.95640543856564,284.62144071895557
1773683260,876,394.72303532876737,296.1872877587692
1773683260,877,263.43645018200044,433.46751729718
1773683260,878,69.71091202452898,193.63220044588164
1773683260,879,298.4657549353655,111.45990526752149
1773683260,880,258.22908052137353,233.57412695632897
1773683260,881,320.05052762088155,330.85876734872227
1773683260,882,157.45229937043143,108.90130489500176
1773683260,883,324.62577008089335,438.53057525861095
1773683260,884,148.9568349656532,149.59511475759402
1773683260,885,191.58634732590951,394.95726506944544
1773683260,886,24.419586225465537,171.41253035613164
1773683260,887,102.01532151976124,236.07759533668965
1773683260,888,213.6425193574533,375.14698162649665
1773683260,889,364.2437139707923,380.7174197140936
1773683260,890,546.9819486701016,385.32334717390427
1773683260,891,181.62366980268914,78.3593414061321
1773683260,892,159.59214141595103,46.31811037379638
1773683260,893,216.7726318326384,138.38634316349078
1773683260,894,208.63932065021737,155.2850604801903
1773683260,895,225.46603128919423,279.94183694286653
1773683260,896,217.20007890654887,245.20795196471775
1773683260,897,210.19254475535314,240.35230329024452
1773683260,898,273.2755121919462,185.39133478642336
1773683260,899,254.07969406164906,242.7838009152173
1773683260,900,254.39869313170786,418.9319236111794
1773683260,901,105.76776782070735,88.70526602089035
1773683260,902,108.70004726687533,112.51826245647918
1773683260,903,209.0235234858928,192.44292780140853
1773683260,904,419.20076957138383,206.7319637246704
1773683260,905,186.0729326711684,251.2197550409781
1773683260,906,186.42907355580468,177.90695932234533
1773683260,907,253.59767094260752,108.26746920980649
1773683260,908,77.10673790469998,336.51543482042933
1773683260,909,225.10624020236548,404.0875268781376
1773683260,910,97.29475916797792,51.955513659446275
1773683260,911,141.2635096581219,105.87042535171148
1773683260,912,131.46847941029117,364.62344154060565
1773683260,913,336.57486969003935,80.04606316379326
1773683260,914,114.01488538313053,288.6023371980219
1773683260,915,256.1014915684368,100.60426367749055
1773683260,916,65.7846501116638,186.28811399461162
1773683260,917,134.21376756481706,182.71069652251938
1773683260,918,243.09446338090137,100.22469818485428
1773683260,919,449.75132722984273,234.02613760244705
1773683260,920,341.5874239045272,59.62418795593608
1773683260,921,70.07638868802535,426.6953552710235
1773683260,922,88.47631375986629,111.11384877972091
1773683260,923,149.49945242214315,81.58006377617717
1773683260,924,132.63903101562255,158.55290388381397
1773683260,925,503.17165904359297,372.03952996525743
1773683260,926,208.92922473281956,393.8095491163595
1773683260,927,407.81566783306107,421.45861071755814
1773683260,928,324.50335187603173,287.49761287425787
1773683260,929,426.35374007083317,168.96973321085858
1773683260,930,227.76467054168262,425.2623459754628
1773683260,931,210.41399779363235,58.18022954777323
1773683260,932,39.69472257150281,131.34360807812104
1773683260,933,334.1364502555426,429.80381572957253
1773683260,934,430.7528944765901,330.25143881274107
1773683260,935,79.73071419467712,247.36775883657646
1773683260,936,169.82831211253486,262.4787680872504
1773683260,937,336.7257141500265,413.29359140368086
1773683260,938,500.36417617871376,50.8194061821161
1773683260,939,262.65125242089977,420.75761149452603
1773683260,940,57.25538753756262,213.62035305564768
1773683260,941,199.8389553710875,424.4393144919331
1773683260,942,331.3345778808981,64.446991235889
1773683260,943,151.9954208193959,396.3994477524182
1773683260,944,286.3977975948933,399.14835523178476
1773683260,945,80.53408257371552,57.64423389524186
1773683260,946,263.95565817061004,397.92122951314303
1773683260,947,570.1065044240976,383.3031560144599
1773683260,948,185.76920405642787,312.5244187703386
1773683260,949,161.22713384251085,273.53489849701236
1773683260,950,78.25202762988233,37.84711309494848
1773683260,951,122.60985475603583,62.427419896582464
1773683260,952,320.30424613672665,219.16989468018866
1773683260,953,360.04126877840037,327.95647649199293
1773683260,954,297.53635145690873,426.194759022295
1773683260,955,372.57360476479215,332.2622648392997
1773683260,956,683.6066302658062,366.5284046963038
1773683260,957,261.74256825686695,383.8386792412966
1773683260,958,461.5808954351136,427.6768399762413
1773683260,959,267.20871175865625,248.82928966519952
1773683260,960,86.84858065984773,459.30811429174963
1773683260,961,140.7673946663961,63.27105870314485
1773683260,962,497.70754666083394,212.95844056293362
1773683260,963,114.50415967762122,427.62006142396325
1773683260,964,209.2680360391157,137.00929180026478
1773683260,965,181.38564953697232,407.38766434485814
1773683260,966,126.2658779063008,309.50207699027743
1773683260,967,216.3349693081599,182.2203750001723
1773683260,968,381.294917622409,434.11528853049657
1773683260,969,236.72160250917167,153.5348200737707
1773683260,970,75.7298856672718,160.3800482956587
1773683260,971,104.60487737745042,73.435135758357
1773683260,972,462.48289887301047,173.2685788799665
1773683260,973,212.76266754535771,425.9035731508169
1773683260,974,62.05593010055485,162.35627946240896
1773683260,975,202.09607411942588,102.46215242145507
1773683260,976,114.78374767030726,174.53866473870397
1773683260,977,496.5413319859133,366.54563001408604
1773683260,978,277.4083595907512,383.0279098550554
1773683260,979,107.98053048653641,86.26406591431554
1773683260,980,193.05565816360632,118.71861693975869
1773683260,981,270.0708992538109,343.9965072440854
1773683260,982,280.69177563200344,331.4249413186681
1773683260,983,15.275742854475384,54.895913321548065
1773683260,984,308.884902988201,68.97242732855314
1773683260,985,319.14475042840655,368.34760077296795
1773683260,986,42.01805582282323,212.72876076008123
1773683260,987,337.1261816219209,125.85678814494553
1773683260,988,105.27636824750998,414.908277723965
1773683260,989,296.9098934861799,102.89288071994196
1773683260,990,74.1040805300838,335.18824515291425
1773683260,991,590.4670941075142,304.50936343110817
1773683260,992,175.80878521302665,108.38511469283341
1773683260,993,293.81906022421276,176.56968850482812
1773683260,994,89.57640778227177,158.39841445544423
1773683260,995,405.4458831865211,411.6257859920257
1773683260,996,172.75918170371781,305.88750327033847
1773683260,997,547.2818732792956,145.03477031812088
1773683260,998,51.99011261178207,53.73810565882702
1773683260,999,186.15439396207884,172.3018780204966
1773683260,1000,226.91606916516878,444.61334464325745
1773683260,1001,69.73137175082634,402.1047366070979
1773683260,1002,240.26364389922466,309.81780091445614
1773683260,1003,252.87260733286456,380.0355041766354
1773683260,1004,167.55256431277314,421.38114407098897
1773683260,1005,93.25073583663256,224.46575809340538
1773683260,1006,198.68933894308086,244.8491444899897
1773683260,1007,114.51174802721094,434.6948817195318
1773683260,1008,197.34161751047515,329.27527708034194
1773683260,1009,229.34446976627586,173.5966060844351
1773683260,1010,48.37273398260947,76.35113453850215
1773683260,1011,231.95968750653407,139.11654504197585
1773683260,1012,370.2832260595621,422.90726070813207
1773683260,1013,21.04557072397744,110.61222409384533
1773683260,1014,628.1372240958397,109.41228151882257
1773683260,1015,79.26950350640698,63.58106486191722
1773683260,1016,229.1512690415122,53.6413323374317
1773683260,1017,63.8315437002963,432.9190333789071
1773683260,1018,259.4729155070928,153.2680302412989
1773683260,1019,164.6295979523918,70.25588306691142
1773683260,1020,345.59901473751296,364.9039450729104
1773683260,1021,313.92483177710176,372.0068787202487
1773683260,1022,342.3325659896633,428.1459128575695
1773683260,1023,127.13438030757129,141.5880342375611
1773683260,1024,554.1603158093432,375.75457468692093
1773683260,1025,222.55632657065988,113.1450818861104
1773683260,1026,148.33420282046293,345.75907762893644
1773683260,1027,119.57459650280006,181.87293102738636
1773683260,1028,88.8948184939751,224.9681575279021
1773683260,1029,184.0543471581876,142.67123990399853
1773683260,1030,102.11957625155618,412.1114287425497
1773683260,1031,77.46790467381959,122.20655990991541
1773683260,1032,105.5759319612536,179.55072810050783
1773683260,1033,334.55786687187816,75.04089500280959
1773683260,1034,266.7752706575543,101.17512702576369
1773683260,1035,249.42736336397343,134.22788066032658
1773683260,1036,199.37177104522985,90.85162759013329
1773683260,1037,355.95901654393083,361.9708420614399
1773683260,1038,63.68101458993494,139.29618493751897
1773683260,1039,51.74441390592153,61.01837320242149
1773683260,1040,349.31069410647063,177.582147096397
1773683260,1041,74.4912780708343,234.64174459150254
1773683260,1042,328.6588882178978,210.14484684191044
1773683260,1043,26.043352208093836,183.37220264892727
1773683260,1044,149.7893166270949,427.6695048217983
1773683260,1045,143.9586902403315,91.01783991660808
1773683260,1046,315.9510910930793,419.1603247847558
1773683260,1047,61.26785283560265,240.33795701528524
1773683260,1048,244.94254955060967,70.38370053465475
1773683260,1049,174.46498466126047,107.47190277652403
1773683260,1050,51.115240708930095,140.55664696835214
1773683260,1051,332.4772195462077,147.41483602377883
1773683260,1052,94.97448859581365,341.8984206551765
1773683260,1053,121.49024023890529,213.13385673293106
1773683260,1054,470.77281672960567,419.37450661735414
1773683260,1055,47.51677141717549,36.90081491487542
1773683260,1056,290.76280276170496,258.52663632417125
1773683260,1057,227.1631539413406,360.98965970718683
1773683260,1058,117.07449302859625,210.681248245044
1773683260,1059,248.18180533732988,394.41855550149376
1773683260,1060,442.9181918634932,135.01849619036705
1773683260,1061,26.62458407063588,85.76003843171264
1773683260,1062,452.3367705908844,255.32579515098146
1773683260,1063,148.4930672584629,376.6880820338937
1773683260,1064,164.44705255144092,144.91960913380953
1773683260,1065,434.1600021260092,105.16124217551459
1773683260,1066,105.82588044769625,377.42976297777676
1773683260,1067,57.652139728093786,249.99663197962036
1773683260,1068,201.17490775135562,340.7128463049317
1773683260,1069,147.19820922326917,449.46597263225317
1773683260,1070,308.184827387598,146.39335725804628
1773683260,1071,180.49027698996483,83.75932477082348
1773683260,1072,260.2381591161634,352.79874161094006
1773683260,1073,423.9976111879126,376.393217150262
1773683260,1074,302.6908552861555,386.2842484782111
1773683260,1075,62.84958222791725,317.186834159509
1773683260,1076,136.38170915245584,400.604265732782
1773683260,1077,269.0367527130551,49.528181188682055
1773683260,1078,162.5335854799587,115.62665157016652
1773683260,1079,46.439868578537975,93.44004642252135
1773683260,1080,50.48371563550777,301.3431033195097
1773683260,1081,156.11012998130056,365.36547218971265
1773683260,1082,280.9544883732472,104.92730383627621
1773683260,1083,42.4440892598911,94.97187700557353
1773683260,1084,76.90951372652977,121.9869450318032
1773683260,1085,176.4880444262437,127.05564167955282
1773683260,1086,235.2442914681272,246.02358032460276
1773683260,1087,429.27864704890766,159.80025473214974
1773683260,1088,573.2045772004917,349.81642570417847
1773683260,1089,178.3725091919121,183.29103424966752
1773683260,1090,367.180573561794,125.4663403649004
1773683260,1091,202.6044186283395,73.3554948778687
1773683260,1092,197.43256451891696,229.23787302374313
1773683260,1093,285.2551298145966,356.47012739780354
1773683260,1094,405.3860881062673,321.60506726028393
1773683260,1095,98.66404146135267,84.24599631228243
1773683260,1096,199.73430168674022,370.2271439516143
1773683260,1097,209.84617112558934,64.38241258852514
1773683260,1098,206.71093759117645,178.9058214738961
1773683260,1099,526.8324592949374,290.4390128455654
1773683260,1100,113.17149197300174,308.6265855579633
1773683260,1101,154.075310154229,153.05663414418507
1773683260,1102,180.35415938286764,357.99837681532597
1773683260,1103,404.3983885107852,302.36099757099925
1773683260,1104,369.576411173394,112.76921099678532
1773683260,1105,76.50160627020188,82.10083553546677
1773683260,1106,143.01377236205707,364.36045022060057
1773683260,1107,60.85468295402156,152.35322540598338
1773683260,1108,341.8579169756831,113.02726136190736
1773683260,1109,211.20799867121082,366.2564172435537
1773683260,1110,60.11674945749911,197.46803934446757
1773683260,1111,142.71159403363578,357.87594900970305
1773683260,1112,257.7665959399372,136.78875733726522
1773683260,1113,289.49560007015106,79.89503562330837
1773683260,1114,690.5107344453129,219.91373509000053
1773683260,1115,157.6265006004493,172.97486463064664
1773683260,1116,59.09961555999219,214.13052610403705
1773683260,1117,336.84907582157575,64.60596206684055
1773683260,1118,70.7574823441241,339.07991775537363
1773683260,1119,98.8770410105802,310.7922819864066
1773683260,1120,124.58278204016015,128.2535164235501
1773683260,1121,292.2748067451904,281.2027704292494
1773683260,1122,561.2706134164482,171.69621276554716
1773683260,1123,41.494135316770304,233.3763349913802
1773683260,1124,335.55455434868304,330.30648729298883
1773683260,1125,248.15808878022023,169.7448590946697
1773683260,1126,260.82665062127586,324.2586783185772
1773683260,1127,351.6713495093332,303.3471389556386
1773683260,1128,592.1370227425327,306.02300250778455
1773683260,1129,411.60555180550716,301.4197514513009
1773683260,1130,198.94250422965925,333.8985750807361
1773683260,1131,441.84816168068056,343.4127977474868
1773683260,1132,158.6911292291143,235.1192032713783
1773683260,1133,31.808748690950793,83.24620751035212
1773683260,1134,381.939601569572,395.44053942988
1773683260,1135,131.71000885433563,387.28704043271847
1773683260,1136,76.13324975880673,389.19079847978605
1773683260,1137,217.52724091475187,341.31921284980314
1773683260,1138,558.8016598661748,334.42407860429967
1773683260,1139,116.09390757597822,356.9702168865227
1773683260,1140,271.61136487972294,289.33784202303457
1773683260,1141,579.1042914524003,142.0799921907262
1773683260,1142,186.32074742189982,306.9450973408966
1773683260,1143,207.54256494480853,57.91616189335004
1773683260,1144,250.82520402536193,318.15581321081055
1773683260,1145,271.1798824428005,263.48675503923465
1773683260,1146,216.6243891095063,336.5809313963732
1773683260,1147,180.61452697907822,298.62369575255406
1773683260,1148,158.7813630134128,92.47430280184075
1773683260,1149,115.90790955185466,222.61334238314066
1773683260,1150,185.1593154790098,45.504925923784185
1773683260,1151,119.36066244666831,178.15594588065497
1773683260,1152,241.76433853535224,59.34046547398379
1773683260,1153,295.6834849818563,154.66379488356498
1773683260,1154,421.16038401632187,157.2455550096475
1773683260,1155,219.44816232531002,143.21864540615087
1773683260,1156,121.32332037914507,225.77910024887723
1773683260,1157,354.02442756934425,352.3702832796726
1773683260,1158,445.69753347272496,286.0142823732481
1773683260,1159,123.24574940968223,87.689750861806
1773683260,1160,246.16872220005993,345.94547745277407
1773683260,1161,370.9048207692954,173.1314134881355
1773683260,1162,137.52936740629397,321.1868800732285
1773683260,1163,182.7356600742538,172.1674798802896
1773683260,1164,370.0624464803925,315.25621613696404
1773683260,1165,218.42267412593702,340.80430736081513
1773683260,1166,224.93437472681248,259.1252886584399
1773683260,1167,422.3860199306282,267.423665337055
1773683260,1168,100.13248589372165,287.3189929250548
1773683260,1169,124.37714231693084,222.5031518279188
1773683260,1170,107.78067022617748,134.3802121506789
1773683260,1171,66.58618990018637,222.2028897325408
1773683260,1172,119.06840171441944,321.51995859421214
1773683260,1173,414.9677134103755,378.7237910102446
1773683260,1174,505.17822874800055,335.47571050554205
1773683260,1175,132.4266231098208,131.2751258771512
1773683260,1176,402.77758365104984,210.23403395517605
1773683260,1177,265.10297224135047,366.9257520733118
1773683260,1178,382.4067636448309,194.51270604695793
1773683260,1179,51.444975693293465,200.60460737699853
1773683260,1180,111.11003740087061,311.99568632562045
1773683260,1181,573.4089849316242,56.78966485840405
1773683260,1182,159.91815069723273,121.94845402453836
1773683260,1183,92.80112912029396,296.68003757482563
1773683260,1184,314.26628454798674,183.07318816578737
1773683260,1185,187.3025357051208,299.52359698273455
1773683260,1186,307.2469387367784,218.69847234459039
1773683260,1187,234.98612463888946,102.68613978658134
1773683260,1188,183.97509303763803,40.535737469671986
1773683260,1189,241.29749264560112,149.64397532308567
1773683260,1190,111.46541362962067,91.7821347826799
1773683260,1191,144.79493393606478,291.3545990275309
1773683260,1192,319.8471645008664,244.88435071053118
1773683260,1193,101.74663374441174,37.8077211249112
1773683260,1194,274.2043883120002,143.805489772916
1773683260,1195,363.8746186111686,44.40736885072975
1773683260,1196,229.80440935454413,271.17430333409925
1773683260,1197,170.71699656082464,43.551091088312795
1773683260,1198,60.700394280746785,55.6578642617904
1773683260,1199,205.13798424193317,240.19197258756537
1773683260,1200,210.84583799372945,90.34028223809337
1773683260,1201,219.30837640769204,106.6777981166298
1773683260,1202,83.72263585241535,319.2386808236964
1773683260,1203,438.2435551948408,191.78157681231414
1773683260,1204,52.43282361043607,63.278175331595214
1773683260,1205,72.40619956492364,264.61434130697387
1773683260,1206,372.8656993429337,296.8210028453926
1773683260,1207,91.30395751387906,120.61184738965638
1773683260,1208,92.54938586165028,116.69690616935324
1773683260,1209,110.05338844617818,143.81917276118594
1773683260,1210,568.2610969733705,367.6137896466968
1773683260,1211,182.2757563323015,342.34504935260946
1773683260,1212,285.385948252413,201.3786196205022
1773683260,1213,340.07691365636464,277.57993824624
1773683260,1214,174.43999591995237,132.51314360595748
1773683260,1215,212.1098643748871,293.4233445219571
1773683260,1216,34.50705929049566,143.23739769322268
1773683260,1217,64.53655205230628,81.24910023031087
1773683260,1218,63.46880668659656,104.97969279605215
1773683260,1219,424.0623508231861,273.5385329648761
1773683260,1220,162.99867407625806,163.91229101803532
1773683260,1221,591.2901944116019,113.14966857150766
1773683260,1222,43.695568054284955,56.462920671798365
1773683260,1223,112.26183122800416,265.10442698931763
1773683260,1224,109.7748403118134,132.91394242049753
1773683260,1225,37.066413722925994,76.31624725378465
1773683260,1226,76.73567169708912,66.77627546181132
1773683260,1227,457.16350949179963,277.53949594571617
1773683260,1228,162.8306436617401,314.6736525745776
1773683260,1229,348.5493012085109,298.2722390867982
1773683260,1230,116.53360330441178,357.3134532246863
1773683260,1231,338.5652995726499,234.62299728649813
1773683260,1232,365.0259119175344,69.39606217040841
1773683260,1233,258.4891745247162,108.14704132047783
1773683260,1234,136.06721718666716,56.526275821865724
1773683260,1235,71.36678467484965,165.01447956109592
1773683260,1236,243.53099658635662,162.04536882347014
1773683260,1237,242.4635501583988,192.25978116196757
1773683260,1238,62.49063235745324,55.318350009922106
1773683260,1239,163.594053102279,78.68734943356687
1773683260,1240,169.76935794198332,65.72800769762722
1773683260,1241,56.06067466854447,149.87149706223525
1773683260,1242,59.215385303213004,143.9596191117707
1773683260,1243,337.4932866539232,52.77545973840916
1773683260,1244,73.14010777222016,252.17565501904681
1773683260,1245,285.8028422209256,46.92320684543647
1773683260,1246,245.93693607750814,79.74021931242764
1773683260,1247,202.55334851843406,107.69320678483474
1773683260,1248,211.41746451948177,322.34872817759634
1773683260,1249,226.65871085094162,52.54803842773093
1773683260,1250,174.51011876043316,94.14930897270207
1773683260,1251,507.36529388534643,225.4649131292656
1773683260,1252,25.23183077991475,87.77531397704469
1773683260,1253,127.96640037979083,172.33095486056848
1773683260,1254,42.22363883681907,74.53920838879877
1773683260,1255,149.8164981428098,217.19877620033228
1773683260,1256,344.48637572625995,74.38341629179547
1773683260,1257,362.9325355726726,160.53629074389536
1773683260,1258,13.803331687136346,38.296290708662816
1773683260,1259,101.7243675842447,163.8007583342801
1773683260,1260,95.08416498940585,223.54598182785307
1773683260,1261,179.69800037220756,251.29105370035677
1773683260,1262,129.54430426948133,180.36500391886636
1773683260,1263,87.76157343796098,143.11242411097885
1773683260,1264,129.41297434793373,152.08457438217155
1773683260,1265,65.12938802888279,86.08248165236874
1773683260,1266,117.19851299441032,99.0484063851509
1773683260,1267,312.4819832823614,103.39551685574085
1773683260,1268,346.90882042403376,81.99052511533375
1773683260,1269,38.064625512740506,73.53822990663365
1773683260,1270,70.74324156366811,242.94733267639276
1773683260,1271,104.02754579719672,108.98084005683835
1773683260,1272,140.06701578314681,219.63349131612603
1773683260,1273,300.61987442494217,221.01905394508938
1773683260,1274,93.20271085554586,216.50549778009045
1773683260,1275,305.79101327847627,102.16637797412803
1773683260,1276,410.4451207961685,122.40321867994602
1773683260,1277,417.99269265415256,185.12297302548558
1773683260,1278,434.95549648767604,189.33760243714488
1773683260,1279,68.58133466016808,73.35747548838303
1773683260,1280,153.68805813666367,145.56540741145105
1773683260,1281,200.40824843476216,105.7393232202104
1773683260,1282,171.2606799489414,196.27122390086382
1773683260,1283,76.39652907730508,86.9499843196768
1773683260,1284,269.7147929236562,76.8806231306546
1773683260,1285,304.59243620852584,210.6773668456224
1773683260,1286,161.79571857324106,229.47793602187892
1773683260,1287,220.200258155616,84.68213289737334
1773683260,1288,119.35049952875458,268.4471139971632
1773683260,1289,213.54764275002324,61.248418436306196
1773683260,1290,218.36217903462625,166.16216365033756
1773683260,1291,312.3443367942059,209.53938899248755
1773683260,1292,206.49295615560393,92.78034881347811
1773683260,1293,249.5143773885427,253.8649403453132
1773683260,1294,139.70853434640907,169.13935054362295
1773683260,1295,216.5363596819818,209.56739118414637
1773683260,1296,189.67627185644108,204.436558611172
1773683260,1297,325.4248728031984,114.81342378136465
1773683260,1298,75.8767264427798,227.46297057391308
1773683260,1299,312.3554025990832,234.81181477332217
1773683260,1300,597.2359871708952,199.32948903413978
1773683260,1301,112.95521138607636,259.0156509065183
1773683260,1302,188.62309134890302,224.25455300901717
1773683260,1303,125.69370847183824,44.62160910694407
1773683260,1304,136.79550253311876,216.62392953180753
1773683260,1305,175.22861025356687,226.38765716719737
1773683260,1306,31.982425616182603,130.6348039734066
1773683260,1307,239.29311576216097,153.24596503975764
1773683260,1308,458.5495417299317,227.7214328486556
1773683260,1309,297.7018992828636,130.55029953408666
1773683260,1310,126.58870483268961,67.47439573546521
1773683260,1311,172.9879937284499,164.68271034452968
1773683260,1312,399.84304200334316,190.51144958808936
1773683260,1313,411.583914682372,205.82706030062624
1773683260,1314,14.467624880752158,30.46243484134442
1773683260,1315,148.18726053491187,347.99398718264666
1773683260,1316,199.2513755470013,77.27758764871517
1773683260,1317,178.27825323523524,209.54278061963893
1773683260,1318,75.71847952925769,57.04335589229113
1773683260,1319,405.7852701989736,199.76748881277427
1773683260,1320,20.17418286383158,58.000277446089775
1773683260,1321,184.09728360297507,212.8551274064362
1773683260,1322,257.4501331451881,155.24637804899982
1773683260,1323,283.73046840643184,131.86230431709652
1773683260,1324,123.62890082666003,220.1806801996616
1773683260,1325,140.30606215153577,244.6179016225747
1773683260,1326,161.07725203457804,182.85117277464158
1773683260,1327,236.7354130391422,178.18093473175924
1773683260,1328,206.68499151850034,156.78150094459184
1773683260,1329,131.79841297622852,59.94389277677633
1773683260,1330,195.55865932351173,190.3687968257651
1773683260,1331,81.58410553770548,240.86931616526547
1773683260,1332,200.50540877899968,194.1211672910442
1773683260,1333,119.22791831277252,93.43544984444343
1773683260,1334,313.6750542634268,214.76906855384848
1773683260,1335,266.44855631221634,130.88885232637284
1773683260,1336,288.5287053041562,214.9503262132143
1773683260,1337,75.64395289311817,175.98782972532098
1773683260,1338,248.42637492063676,224.44484490468275
1773683260,1339,203.21311724168865,77.45126134063686
1773683260,1340,154.63126393121382,206.29865847107487
1773683260,1341,289.1489211937509,200.06984289213702
1773683260,1342,295.8864083248738,39.226166598522624
1773683260,1343,213.41338899666715,259.5599379336742
1773683260,1344,105.28569753775749,30.42136963402217
1773683260,1345,210.0256595172273,75.362700912632
1773683260,1346,213.00466992973648,236.97308097277886
1773683260,1347,118.70053107050106,242.42769296736842
1773683260,1348,151.82429359522203,224.72552328100713
1773683260,1349,288.90243124034185,77.28637863002594
1773683260,1350,254.88217403139498,235.96821873298984
1773683260,1351,96.39571493369932,212.74575818082695
1773683260,1352,554.7143006720236,334.6459943375144
1773683260,1353,68.59719224997755,288.96711545792783
1773683260,1354,219.54283636757114,228.81395135712089
1773683260,1355,140.64319705840953,92.88788889498737
1773683260,1356,104.55429954942919,55.308929007330086
1773683260,1357,874.9686857233523,293.3778893346642
1773683260,1358,168.12861674805563,274.67143047892324
1773683260,1359,33.266251721232905,69.92753411959653
1773683260,1360,540.9108237313502,76.33685021159805
1773683260,1361,151.16004481219971,76.22329219191094
1773683260,1362,625.8070164325235,238.81936826953063
1773683260,1363,171.68811949418537,140.17249091072594
1773683260,1364,336.9721916105338,144.77962678497641
1773683260,1365,131.93690229942794,47.11675796689212
1773683260,1366,115.77841592068606,249.37337325902052
1773683260,1367,118.59786180701319,73.62278629900962
1773683260,1368,254.85416606597792,92.28018359174406
1773683260,1369,163.60297095477318,78.36144122085479
1773683260,1370,469.4960085282969,307.04360364364305
1773683260,1371,54.25188500183862,59.143469875666355
1773683260,1372,243.30413968933868,65.49963106074853
1773683260,1373,189.00983902156605,137.2533579299577
1773683260,1374,29.403264357457665,117.19463297864029
1773683260,1375,193.13702033638646,48.20688212512797
1773683260,1376,229.4615985162647,132.2981420740018
1773683260,1377,625.6971663916581,198.74967163605942
1773683260,1378,273.19598953588155,295.7859904429636
1773683260,1379,78.66484670396625,228.0568707994402
1773683260,1380,214.50751616493926,162.54706372362014
1773683260,1381,43.20573732631581,30.589074446672598
1773683260,1382,79.48883710270057,53.851527670881815
1773683260,1383,212.65473518317216,239.69095899621541
1773683260,1384,61.701345385201066,137.5929704231759
1773683260,1385,55.92717920776897,113.938161896427
1773683260,1386,99.36383684099853,70.46976990211256
1773683260,1387,64.87357868894706,139.08664969659475
1773683260,1388,95.70728279972606,298.10989070270807
1773683260,1389,337.8741758078,277.13171739666063
1773683260,1390,97.35132421236412,151.00583743024026
1773683260,1391,224.45737821296467,147.75886540847176
1773683260,1392,470.19017467627,102.09711725265873
1773683260,1393,355.80836938166084,274.9575770405629
1773683260,1394,73.40529003772663,42.11541144236689
1773683260,1395,516.4717264490663,188.78691144270698
1773683260,1396,253.45023161778573,98.29308956941674
1773683260,1397,45.0566047895703,61.37078791609938
1773683260,1398,302.7904182274987,298.83046672785946
1773683260,1399,10.229187543852166,64.36493236808774
1773683260,1400,56.703021025302654,210.1933079348187
1773683260,1401,450.3021906062801,145.05000320997473
1773683260,1402,322.0236337935469,115.94520085335773
1773683260,1403,279.5299344897211,214.00926338235425
1773683260,1404,120.25993859455923,285.224710516006
1773683260,1405,153.7958065605403,43.543547128593616
1773683260,1406,28.54522622013458,118.49458743214196
1773683260,1407,186.24810931768963,208.70458409910432
1773683260,1408,114.71343865266633,136.16273262214503
1773683260,1409,421.25439709745297,264.1176387114202
1773683260,1410,142.2703934887926,313.53014577753794
1773683260,1411,284.90719566085835,175.88729045990794
1773683260,1412,42.58325769312356,70.02736840123012
1773683260,1413,122.84978965446648,86.49967231069787
1773683260,1414,582.3270593216187,337.622583141461
1773683260,1415,268.0285171006427,58.78896948010819
1773683260,1416,656.5321868869039,156.43968191661324
1773683260,1417,278.7092040470824,291.7041748357305
1773683260,1418,565.121017255327,138.1249847416577
1773683260,1419,159.23053656474372,241.7230097489695
1773683260,1420,196.04111728521622,253.62766178619478
1773683260,1421,345.1646984333377,311.527981809844
1773683260,1422,264.39426372624627,183.84064712922077
1773683260,1423,284.6923205982437,286.45776142798417
1773683260,1424,232.5519038102894,189.79048654298578
1773683260,1425,33.51964171931416,107.87411955410809
1773683260,1426,121.73610636647874,280.3057069990152
1773683260,1427,294.9606610790663,236.47217778299378
1773683260,1428,182.20860102910507,78.33083601056315
1773683260,1429,407.33137882625687,132.2754177036956
1773683260,1430,64.22811196016882,87.73929836374519
1773683260,1431,134.19261390992384,234.79482502403465
1773683260,1432,242.78449932781297,242.98131116540463
1773683260,1433,103.24196984062611,129.9787973826358
1773683260,1434,94.70636836736779,169.49416558097775
1773683260,1435,41.16509014392082,100.74325495936277
1773683260,1436,295.01507015422334,250.05675948110542
1773683260,1437,272.49910130349593,342.8677753507921
1773683260,1438,81.37804311930876,276.93112563853714
1773683260,1439,109.42019615384537,287.91118748745487
1773683260,1440,157.57208525551965,130.23504922962024
1773683260,1441,137.35926737708849,169.87225919156896
1773683260,1442,233.75105572213903,321.8909577332557
1773683260,1443,873.5537309036505,153.967281386757
1773683260,1444,130.29736930789343,195.0814267902133
1773683260,1445,256.97600239584034,146.04496828251584
1773683260,1446,315.33066142743996,272.1385153977666
1773683260,1447,316.82537392266573,274.03984844292626
1773683260,1448,203.4950286345535,353.39687327737926
1773683260,1449,746.1224615432634,181.49331971150403
1773683260,1450,129.1506960130566,256.9959493819541
1773683260,1451,595.49290519601,337.08795180252633
1773683260,1452,689.3989306108624,261.2789250164211
1773683260,1453,169.73621439468255,164.75896328576513
1773683260,1454,102.06883720788076,93.59868405901383
1773683260,1455,74.17582566975572,245.92067941296102
1773683260,1456,118.26634427223435,82.4287043837942
1773683260,1457,693.8646542692871,65.5669327898433
1773683260,1458,592.1107826416142,235.8519612960302
1773683260,1459,128.81090380914634,78.49095452529576
1773683260,1460,350.82669546874075,89.45027824884693
1773683260,1461,201.85106847164425,287.6939246460343
1773683260,1462,502.58267670270334,192.82919554292334
1773683260,1463,484.2178975488056,239.53388507758174
1773683260,1464,826.4464871741042,330.19580319405645
1773683260,1465,179.45716834890627,271.9733974091497
1773683260,1466,225.89916136002677,89.99314152604506
1773683260,1467,215.24348335891733,74.85725389635854
1773683260,1468,219.34505800868027,113.3328779287347
1773683260,1469,210.19092158106156,94.25166395483896
1773683260,1470,694.5946555971476,143.07689608050865
1773683260,1471,215.78477060147017,175.2978127504593
1773683260,1472,182.1830851213369,102.7023459309291
1773683260,1473,125.51824128913242,266.9152070460007
1773683260,1474,62.28096417661754,60.43182072434226
1773683260,1475,45.12560580079065,130.22947375921086
1773683260,1476,76.7430822922861,140.35707189014187
1773683260,1477,468.20624025344966,59.09213537444638
1773683260,1478,86.30311119490531,143.18160350478885
1773683260,1479,127.52550000317397,92.19166498626959
1773683260,1480,190.93187132303086,212.85895730653795
1773683260,1481,265.93008842611357,248.76576452124388
1773683260,1482,288.011236297273,262.7947899043044
1773683260,1483,161.1048272152603,47.784088268175985
1773683260,1484,396.8538315247504,238.28090851022407
1773683260,1485,207.78475680455858,228.47702162316762
1773683260,1486,245.40186620287042,74.1660409700497
1773683260,1487,242.08838887149267,129.7066624762352
1773683260,1488,160.85898358338792,151.12164232292406
1773683260,1489,123.93179272045077,231.6769330611399
1773683260,1490,127.84534086142348,75.87556579730966
1773683260,1491,180.5097854969433,245.6359205678465
1773683260,1492,115.31523507981426,236.51771094003072
1773683260,1493,137.00646985150948,211.16783913634694
1773683260,1494,469.4468588644123,183.0022093793068
1773683260,1495,344.37483565138757,127.46298240280308
1773683260,1496,136.7441535058964,171.85287638685827
1773683260,1497,104.38741388188959,239.9916844507056
1773683260,1498,175.51490160007873,228.77492989216785
1773683260,1499,369.9394858324123,169.15131966286984
1773683260,1500,199.84618841108033,73.3594713996425
1773683260,1501,530.8246548370996,233.42953068899612
1773683260,1502,453.16429689074835,111.48285938653895
1773683260,1503,45.798434697429165,117.24799526282507
1773683260,1504,411.52934641258105,134.58587830784631
1773683260,1505,136.9995356200485,108.57865580832411
1773683260,1506,305.66892020540143,181.09708272668425
1773683260,1507,223.70892100999257,273.496472244429
1773683260,1508,98.79825396964695,98.85719442564651
1773683260,1509,316.72857807418427,234.7439902862936
1773683260,1510,256.8701332242715,157.2555623896157
1773683260,1511,151.36867950999343,231.84248485343866
1773683260,1512,297.8705836620112,125.16327634144565
1773683260,1513,196.7683199939808,147.6824233817624
1773683260,1514,58.81875245370162,26.386300391799615
1773683260,1515,269.82285972816203,238.5980160132183
1773683260,1516,119.66052573647617,196.47371993760842
1773683260,1517,255.19644081788294,209.76509086822847
1773683260,1518,129.23691449766463,136.63581184143646
1773683260,1519,188.28458947468164,163.4120008245489
1773683260,1520,255.26372214202388,269.50774335505935
1773683260,1521,147.09685151982268,84.69223933857288
1773683260,1522,129.52050415673682,193.4577665078337
1773683260,1523,123.38147860312861,80.89879365283748
1773683260,1524,104.18269832233294,270.92497125034487
1773683260,1525,65.75651732157314,169.36808245725283
1773683260,1526,25.772619041215336,118.83625366546133
1773683260,1527,275.58681820061895,59.52217675775212
1773683260,1528,66.80074409635185,142.8094325634689
1773683260,1529,213.81145986502955,179.46618177364377
1773683260,1530,332.740945183376,119.41314038646337
1773683260,1531,203.02787392184777,47.66111337075022
1773683260,1532,164.96237659002537,125.59509111343179
1773683260,1533,156.47216655301798,275.8351954563138
1773683260,1534,296.72068716741734,118.23917913430601
1773683260,1535,297.3303682979415,209.40290011087927
1773683260,1536,167.4480005498349,164.9110528212052
1773683260,1537,261.9753767848592,218.77842294435555
1773683260,1538,238.42782213258334,200.3239266189112
1773683260,1539,44.87173704800933,132.7587400321623
1773683260,1540,173.57275148075126,95.31247078647567
1773683260,1541,347.84985122100585,83.90752523882144
1773683260,1542,291.4368408316638,66.11541235138866
1773683260,1543,99.51450435965273,217.04057366317764
1773683260,1544,39.713882497552916,36.71947720342229
1773683260,1545,200.74143118176576,219.84952063574042
1773683260,1546,367.3634808203489,240.36367271114227
1773683260,1547,320.3062138566455,80.97491585234539
1773683260,1548,163.9708856650686,235.7790021806405
1773683260,1549,556.4037387554094,84.4369988964137
1773683260,1550,135.4672871693058,67.93929329975366
1773683260,1551,285.09953894456555,88.44044670487038
1773683260,1552,41.20982100434608,92.55324670887626
1773683260,1553,95.67062431990429,61.271013678203985
1773683260,1554,115.59005975475493,174.9430931149035
1773683260,1555,211.33265922828127,68.9049279213958
1773683260,1556,179.64441833218936,208.76536686016894
1773683260,1557,231.509045014833,254.3651255793494
1773683260,1558,107.59455146086351,200.5279151696515
1773683260,1559,478.87836572500254,281.0625882463321
1773683260,1560,235.011887154057,187.78433037315466
1773683260,1561,33.188054512425886,125.82611492481979
1773683260,1562,128.44392804872982,224.9918591389173
1773683260,1563,301.03276886462845,230.23137134288123
1773683260,1564,69.24018029406513,226.46766418090792
1773683260,1565,59.25127716425957,60.335582226484306
1773683260,1566,220.27670824348982,245.43733305748069
1773683260,1567,62.65960108449631,229.85821314389966
1773683260,1568,221.04479626386134,82.66644780519488
1773683260,1569,106.36385746866378,197.51445798379578
1773683260,1570,299.8935068270004,203.95947451095597
1773683260,1571,290.9174511597058,229.0992910935461
1773683260,1572,187.80500259236888,99.45687962028508
1773683260,1573,89.67363188762862,96.99449857034392
1773683260,1574,491.18033905054904,342.7387566752316
1773683260,1575,88.16362773014608,235.7305816499119
1773683260,1576,72.31249334342948,256.7300107177342
1773683260,1577,98.11716291077192,142.50212917407086
1773683260,1578,296.9541821097803,82.89224480259286
1773683260,1579,131.1583242352602,88.44008175413747
1773683260,1580,248.32565128321136,149.69478006824923
1773683260,1581,110.69746605399276,251.6737833173873
1773683260,1582,102.49754878185098,224.03840386121712
1773683260,1583,135.16255356090406,229.2669845426488
1773683260,1584,184.76172298745874,253.29774120140578
1773683260,1585,123.51550256623449,245.0240724205655
1773683260,1586,80.49240208739131,290.36530312088223
1773683260,1587,261.96557559238727,149.12647215523864
1773683260,1588,151.52290910427314,54.08337701088058
1773683260,1589,301.74478438992253,291.6040411079789
1773683260,1590,121.82203600589477,134.68789988595532
1773683260,1591,201.57957965177565,90.90827209003498
1773683260,1592,127.38372702135688,294.98316366643775
1773683260,1593,182.89971047212177,250.21772760741666
1773683260,1594,60.268176376100364,195.095454139472
1773683260,1595,299.33209441587604,165.86694841495247
1773683260,1596,130.07708659381166,261.00710646296017
1773683260,1597,405.42852465364774,132.8411060987465
1773683260,1598,228.00998662346237,310.3012301467777
1773683260,1599,131.9035030030298,302.16957480873134
1773683260,1600,97.6646286077037,183.26128824011096
1773683260,1601,99.59569732784914,290.8022981032997
1773683260,1602,318.562003633015,91.20918994028334
1773683260,1603,79.16956663482506,207.40760063712574
1773683260,1604,203.65288676805577,96.64435777656806
1773683260,1605,413.34752958345234,294.9792152575791
1773683260,1606,230.41435091084668,285.4952617058936
1773683260,1607,129.85022076062413,282.38997303615685
1773683260,1608,59.8407710518017,214.40729171172973
1773683260,1609,258.9043141577123,73.08001668939447
1773683260,1610,152.5316545279344,147.76114520095012
1773683260,1611,113.15952155474787,299.0569470024441
1773683260,1612,289.97014744304175,215.68997698040693
1773683260,1613,606.6822054186639,332.07575986850946
1773683260,1614,119.38244484806077,299.08497632328
1773683260,1615,364.19567629258665,107.99658948648954
1773683260,1616,118.63930718806668,319.49291687023685
1773683260,1617,65.02434575732642,151.70574631496342
1773683260,1618,56.92860406835547,133.2403576884521
1773683260,1619,10445.223783012376,413.4765817998601
1773683260,1620,60.91479892372593,285.1935166913925
1773683260,1621,128.72691984903616,127.59702633967854
1773683260,1622,466.9904431701311,258.48678751829044
1773683260,1623,297.6508267304798,286.10647927001827
1773683260,1624,208.26243692824664,89.14840823514047
1773683260,1625,138.45610558756874,200.81467649801863
1773683260,1626,289.06628731594213,310.72140053706323
1773683260,1627,58.92738832422347,283.1977811437124
1773683260,1628,153.91852678392314,72.00091643532393
1773683260,1629,82.7070760335164,313.8030935939762
1773683260,1630,149.62113564218623,267.2016324597701
1773683260,1631,179.23347398848537,219.85178366388868
1773683260,1632,13772.312167871389,413.1716461284336
1773683260,1633,499.66001370264354,62.07248022794324
1773683260,1634,84.2824362100196,275.26680024966436
1773683260,1635,121.31279551435875,293.6975388338379
1773683260,1636,169.15548989751352,145.29035346019978
1773683260,1637,288.88832168574646,81.62808579125729
1773683260,1638,86.59784559079928,307.0071695972902
1773683260,1639,139.65227875441013,328.1451665085317
1773683260,1640,155.28871915627994,237.54530703560064
1773683260,1641,235.0211716380959,299.11627437270846
1773683260,1642,297.8227097155908,257.3709516395772
1773683260,1643,133.20244871397276,354.35800010789416
1773683260,1644,268.02696669975353,293.31680631130047
1773683260,1645,67.7474719662926,280.2683854552113
1773683260,1646,319.2469106486209,72.75134281018047
1773683260,1647,312.3931275096717,176.15030590751525
1773683260,1648,202.61271640770363,203.13906940520715
1773683260,1649,85.45929370550317,85.56147916811916
1773683260,1650,90.49055515347862,283.9345671568496
1773683260,1651,173.65093786440238,307.52352198821995
1773683260,1652,210.985883203209,192.6557132635378
1773683260,1653,138.32441948126382,107.91108294971772
1773683260,1654,265.42404239038,293.3969710670774
1773683260,1655,231.49549907703295,318.59063416685933
1773683260,1656,54.15017025627754,61.97672236281851
1773683260,1657,80.84845894397517,68.57967130216421
1773683260,1658,118.24435206207814,58.790898842889
1773683260,1659,184.9061340750042,326.24301244294566
1773683260,1660,154.19931166100233,215.50215010700373
1773683260,1661,312.6218963031329,48.936160425003045
1773683260,1662,80.61865316351418,96.45385902606088
1773683260,1663,84.1283882651183,119.04705023048861
1773683260,1664,168.13133803503916,170.39240775804873
1773683260,1665,126.65462825473824,49.6902701850514
1773683260,1666,159.4286923517288,119.7803795973275
1773683260,1667,158.50866868186367,154.2405064550922
1773683260,1668,122.17463093472293,68.77809616341672
1773683260,1669,102.69153619388665,231.49147210084254
1773683260,1670,239.45833572904556,59.9207201966182
1773683260,1671,91.05737806741962,276.2795771023355
1773683260,1672,158.98368789576347,357.8278969427334
1773683260,1673,318.7560494485068,151.92574750485673
1773683260,1674,244.11263195544367,98.28820457217185
1773683260,1675,7.6211818031039185,31.329753346650197
1773683260,1676,417.14253175004245,49.28431829682406
1773683260,1677,489.64504552205574,270.278349279693
1773683260,1678,230.84212714579544,164.02975990654548
1773683260,1679,234.4897540166106,120.80641453202739
1773683260,1680,249.67150755883154,182.25964226174514
1773683260,1681,226.78279994322054,290.76891990469784
1773683260,1682,169.20108511395438,239.82773911671737
1773683260,1683,275.9950055071044,269.9742661027073
1773683260,1684,263.760436886752,193.72990511487882
1773683260,1685,557.1851304388923,336.97000726568666
1773683260,1686,89.80446130033889,268.41162663421755
1773683260,1687,269.20447543439315,170.8614192416892
1773683260,1688,161.30200523331524,270.4959069741976
1773683260,1689,179.1240084260788,155.39547486050375
1773683260,1690,82.05749760565371,121.73096434251548
1773683260,1691,294.957725849917,236.69922858790406
1773683260,1692,293.32431809339954,75.41160256813345
1773683260,1693,22.00137671543331,52.857640459934885
1773683260,1694,210.26141955182965,314.21683945856284
1773683260,1695,85.61392250629888,249.55375435051036
1773683260,1696,83.70076503570242,226.89428005757486
1773683260,1697,73.72933185112882,75.76374030858508
1773683260,1698,13914.393506708033,419.54222074713584
1773683260,1699,225.97260138073523,212.18478878319826
1773683260,1700,276.87834455585624,69.60016650702092
1773683260,1701,327.2232484649969,94.38753610488953
1773683260,1702,370.9228463635855,128.6349036752002
1773683260,1703,108.0771105651748,131.90489963833207
1773683260,1704,90.02762987667788,117.02096248509442
1773683260,1705,159.133926733179,259.1156242877892
1773683260,1706,282.25924373423453,83.12533825815426
1773683260,1707,376.2856669868965,223.8629103990919
1773683260,1708,77.10191066349994,266.4063808803603
1773683260,1709,210.3192622763727,63.95777511866108
1773683260,1710,140.25999103468573,126.0308437742564
1773683260,1711,159.49309966469045,227.50002087322844
1773683260,1712,573.6948097717104,333.33374960135114
1773683260,1713,104.97489696993344,266.13846340017574
1773683260,1714,303.674696044332,76.9586721796343
1773683260,1715,13029.47026401249,420.5789035200712
1773683260,1716,209.7822539770272,115.14111587736984
1773683260,1717,228.3281107792942,243.46679191689722
1773683260,1718,96.87037901750907,243.21067127916243
1773683260,1719,270.4176451816982,268.1562788130506
1773683260,1720,303.4430117777901,227.4494116591357
1773683260,1721,96.14305276618632,235.25652392710768
1773683260,1722,287.0307474340906,148.07245041092864
1773683260,1723,220.56179037455047,260.4440434059431
1773683260,1724,53.91710789645307,101.53849847565517
1773683260,1725,81.77233010482261,292.30224268159265
1773683260,1726,213.83680529043465,289.5876539312694
1773683260,1727,129.57307528626654,285.38649105299197
1773683260,1728,49.622216861947244,173.8975410394384
1773683260,1729,245.70184902820296,275.1097645663792
1773683260,1730,50.336181874794576,157.99273444315278
1773683260,1731,203.86674859450886,260.13946347742143
1773683260,1732,66.36904169670991,294.7865075685922
1773683260,1733,124.59711478278354,144.75399688359812
1773683260,1734,88.9344063253373,255.26802499910306
1773683260,1735,52.32250665626439,127.21424538150592
1773683260,1736,406.91631615036295,295.40915240414915
1773683260,1737,255.22243121364372,271.41241135866943
1773683260,1738,305.3326419059229,126.16776654713065
1773683260,1739,188.33499076758125,270.1825282731083
1773683260,1740,243.86003750862875,239.79113363689757
1773690276,1741,874.0481643196493,355.7914825905166
1773690276,1742,1097.0329943651739,295.95154380391915
1773690276,1743,10756.357190276402,430.07036635804906
1773690276,1744,1258.356445763514,259.75356057364894
1773690276,1745,1407.951493476559,387.393366127396
1773690276,1746,1022.612958953472,373.29054007117503
1773690276,1747,741.6936644289233,344.0920168459994
1773690276,1748,815.5344025234465,337.70502779431405
1773690276,1749,4551.325568086753,390.48351571194905
1773690276,1750,1491.3656082546813,303.45791550731315
1773690276,1751,1185.0295632300458,263.6932145723405
1773690276,1752,1148.4752533598496,399.6345033077803
1773690276,1753,925.172468811669,304.24993798446934
1773690276,1754,911.8319923069446,324.1550526810726
1773690276,1755,728.5273844956752,444.5726801285773
1773690276,1756,1120.533434156146,370.2802549660921
1773690276,1757,10225.609498619755,411.8104171497792
1773690276,1758,1246.3050030002964,250.94608226686435
1773690276,1759,954.6836059521942,303.2370588851974
1773690276,1760,1328.0323901704262,260.63132752723226
1773690276,1761,874.0730571310061,290.6849890881488
1773690276,1762,788.4552670782813,330.2966225085611
1773690276,1763,1342.0494251301807,269.3594688685117
1773690276,1764,1335.8629547609798,254.26743738976643
1773690276,1765,1066.7610390829093,307.7958176466583
1773690276,1766,1052.3718488990007,263.4606122966874
1773690276,1767,1776.0727639478018,346.8848605198889
1773690276,1768,808.3327507617978,347.89777297175044
1773690276,1769,783.3026278161541,353.6962978965769
1773690276,1770,923.5105652305259,359.4445715675059
1773690276,1771,1066.7444682646822,295.15449227994026
1773690276,1772,960.9864509142811,325.53266772442583
1773690276,1773,832.8503021638032,332.07238534424613
1773690276,1774,912.2698607675046,319.64549790133646
1773690276,1775,1158.2119443714894,268.7297761605458
1773690276,1776,1083.8289365454596,263.29385778854066
1773690276,1777,1348.848393136534,253.76975324528382
1773690276,1778,1562.020680314486,382.21687873851823
1773690276,1779,1101.0141378300077,232.16119062260864
1773690276,1780,897.4677665323868,293.4981788857882
1773690276,1781,903.0176905572865,329.9673796364448
1773690276,1782,761.984662002326,309.24456047717644
1773690276,1783,928.888797159648,297.4526980449856
1773690276,1784,1169.4267305719459,252.47808853327317
1773690276,1785,983.4330755180031,342.586654010045
1773690276,1786,1611.5432282495542,387.075494900874
1773690276,1787,1031.9457942784466,301.05883793443724
1773690276,1788,1095.1529853579839,245.43855481086226
1773690276,1789,1039.0644765344728,256.8599793455692
1773690276,1790,800.9119238751681,279.6254076967833
1773690276,1791,577.6505356100504,344.81095513674353
1773690276,1792,767.055701891051,356.6049811042648
1773690276,1793,1036.9413852764346,316.4642717468179
1773690276,1794,858.9246443876096,312.1598780265275
1773690276,1795,1337.3456431158336,330.00574033306975
1773690276,1796,1143.1771022573996,208.19176689359506
1773690276,1797,803.45915292834,395.9058287709554
1773690276,1798,1049.6954173796673,289.41179733437673
1773690276,1799,848.0550394233245,250.7672409209041
1773690276,1800,1695.0394957097058,333.4657228444167
1773690276,1801,1257.0304701477464,273.6226001085986
1773690276,1802,758.9273038163913,295.2554616889821
1773690276,1803,822.407468773609,333.29229361784815
1773690276,1804,963.8690265887334,291.42589198090957
1773690276,1805,742.219779284011,369.8227537053746
1773690276,1806,489.73161045239243,362.5444557161984
1773690276,1807,1026.3174609854136,246.52326616188108
1773690276,1808,844.214361866194,232.790032754479
1773690276,1809,617.5160831151699,341.4112367067375
1773690276,1810,1079.2745934590719,248.06117390208394
1773690276,1811,1058.9390412130174,314.91148434069595
1773690276,1812,803.6649514493994,203.3727208828002
1773690276,1813,689.1085971359164,241.193623307564
1773690276,1814,545.7037398550068,329.5202528344822
1773690276,1815,1265.0632229597388,246.47683957483443
1773690276,1816,664.379618141129,331.03268674005415
1773690276,1817,1144.9880030069316,207.82037288600165
1773690276,1818,596.2216019221645,316.4187507408382
1773690276,1819,752.8108453689838,227.08016370098727
1773690276,1820,765.8934582797309,304.88351516390037
1773690276,1821,685.1831004745674,281.9259828294226
1773690276,1822,1309.4753008772384,359.92005795236554
1773690276,1823,1510.115170322691,228.58744567822086
1773690276,1824,548.9877307164955,328.05452061089596
1773690276,1825,713.9449893847391,261.067199905268
1773690276,1826,697.5022232594047,282.97573551425916
1773690276,1827,1165.8792764850693,293.76623908779044
1773690276,1828,833.3745527455736,339.3757243620522
1773690276,1829,745.405879639011,231.65063090806888
1773690276,1830,836.9868156166258,224.22542671892066
1773690276,1831,870.5154360054452,328.15514979543366
1773690276,1832,615.4448845203491,270.77512722744507
1773690276,1833,494.51469735029633,317.16803989048964
1773690276,1834,725.587768478659,204.20091796704367
1773690276,1835,611.5396856871158,138.66510195441475
1773690276,1836,632.9760205521039,183.1454373826673
1773690276,1837,763.8631853012016,288.937929565175
1773690276,1838,572.5801432552889,307.98906240381
1773690276,1839,641.0952065568821,278.7657821429608
1773690276,1840,581.8647719854175,253.7745382028912
1773690276,1841,885.2054987892662,278.9122342649162
1773690276,1842,1014.3321698098774,311.19005294926274
1773690276,1843,661.751753471894,205.81351628717331
1773690276,1844,550.09697422622,300.840941307536
1773690276,1845,752.5225823276935,174.0281602872545
1773690276,1846,680.7274189168537,180.02447039518015
1773690276,1847,545.7293457912228,317.67332834269814
1773690276,1848,730.5907918619369,140.66618065337448
1773690276,1849,657.4964834314336,182.18187170430326
1773690276,1850,426.77118223425646,305.7479135159859
1773690276,1851,750.698837600721,288.7725055828517
1773690276,1852,845.6244490665492,297.6178224659349
1773690276,1853,531.2159641661818,297.5248145881142
1773690276,1854,576.7200927738911,238.23214726772602
1773690276,1855,493.29911646807597,265.49599237907563
1773690276,1856,504.1523572671427,152.72494044280268
1773690276,1857,617.908054340709,292.84224637895323
1773690276,1858,531.8748846363053,302.32007050058405
1773690276,1859,474.2715628340081,297.6187806332586
1773690276,1860,434.69009090177013,335.41098254068174
1773690276,1861,789.9608773692986,268.0454106930514
1773690276,1862,574.0459404607485,319.6106169849157
1773690276,1863,732.4134756870927,243.550477581741
1773690276,1864,740.1419841978931,165.7285882930583
1773690276,1865,577.5568750303347,236.20862672355037
1773690276,1866,1055.278493775755,183.94280834846046
1773690276,1867,604.3597953499421,254.47009265151726
1773690276,1868,561.9691965816385,172.6410442851675
1773690276,1869,474.80341301236865,302.45970414827883
1773690276,1870,693.4436918340914,333.05757862764773
1773690276,1871,542.4823762100867,172.37443660061282
1773690276,1872,513.6123963261226,165.89246190308077
1773690276,1873,887.2026538537945,295.0933531857313
1773690276,1874,589.3300016575675,140.78248309587292
1773690276,1875,589.3778342854403,135.16127838135375
1773690276,1876,762.5765659740882,254.33939945371304
1773690276,1877,718.9050073189621,278.6775348404204
1773690276,1878,434.73860759880864,136.99009305128806
1773690276,1879,442.8579826812897,85.34656912437151
1773690276,1880,520.7758571965712,337.002306791086
1773690276,1881,531.0869634219949,275.8348790841122
1773690276,1882,453.05491764428285,160.26870774606328
1773690276,1883,1192.9118632708398,344.65454423228755
1773690276,1884,696.3987821963896,295.6046911695567
1773690276,1885,505.7010240277259,327.56837608458676
1773690276,1886,641.5922815685393,103.82645701486241
1773690276,1887,438.47055108548534,155.9452305946576
1773690276,1888,616.8175965381669,197.02866722011822
1773690276,1889,373.4280739526009,148.8032566659732
1773690276,1890,614.1776678848162,109.68884594289653
1773690276,1891,558.9840435290151,60.35266106884227
1773690276,1892,618.7587987199161,145.3230551758874
1773690276,1893,492.6855359271235,108.87326475481318
1773690276,1894,825.5750382466398,330.5708143658887
1773690276,1895,842.0737790390674,83.72609352767154
1773690276,1896,313.27948659295146,131.28570592678602
1773690276,1897,843.7409329649583,338.90639610793255
1773690276,1898,1187.2519438575214,316.53666729654884
1773690276,1899,670.8400873993403,221.7684285552112
1773690276,1900,496.7863226874182,255.89767599946885
1773690276,1901,567.9628185339836,196.0955982152725
1773690276,1902,350.6414427516846,117.59272408273628
1773690276,1903,463.340818179122,297.1562198500484
1773690276,1904,348.7126864571058,69.38304957344322
1773690276,1905,1102.3777360764664,66.39825052116011
1773690276,1906,465.7111158239389,136.1194747997366
1773690276,1907,777.3567985367728,128.62931909986406
1773690276,1908,832.8521494701293,135.32851021192877
1773690276,1909,907.9288311188075,96.25543412596502
1773690276,1910,621.6344664338585,56.90568022815419
1773690276,1911,680.9053891631579,93.99495865692592
1773690276,1912,486.5918846203048,89.38330643890797
1773690276,1913,495.2476545868351,74.5312859232681
1773690276,1914,562.6959721294681,172.83401403849163
1773690276,1915,419.66742412906586,110.98629669405469
1773690276,1916,468.33977874658706,289.5510591923485
1773690276,1917,2686.290178661557,209.52945600934436
1773690276,1918,371.87946880987926,240.43260569977485
1773690276,1919,547.9992862680754,133.90188246592817
1773690276,1920,336.1634823096716,270.62045365429316
1773690276,1921,349.6074688326713,101.70980752584907
1773690276,1922,934.4297035970674,246.75508656743565
1773690276,1923,735.4387440597937,324.6661709390975
1773690276,1924,224.10536597545521,162.2145615248488
1773690276,1925,352.6922913709973,91.7949863989727
1773690276,1926,640.4761082076352,60.36936757254373
1773690276,1927,488.81941156190516,62.15090038701241
1773690276,1928,881.2577402581567,118.82568099499085
1773690276,1929,485.32143491421124,71.22939044127413
1773690276,1930,345.4528946356114,80.30519225396326
1773690276,1931,392.9345348697407,68.12082215621218
1773690276,1932,234.38036421754103,101.67818466114207
1773690276,1933,425.14791898733677,158.62758980828238
1773690276,1934,1406.611030599839,178.40440714114047
1773690276,1935,1083.433185406911,240.82385822733772
1773690276,1936,413.1198878394229,152.2457885931989
1773690276,1937,556.8451623599674,335.03433862222874
1773690276,1938,634.9656614150061,63.044251573590756
1773690276,1939,292.40509025452,122.15177874382863
1773690276,1940,485.57984186699025,140.33789055006704
1773690276,1941,354.97631009571256,128.37151078735363
1773690276,1942,706.057110340775,61.50192079480289
1773690276,1943,325.7373888176168,142.55523595561687
1773690276,1944,501.1661198525583,71.50284045198046
1773690276,1945,406.50673357560316,101.29691380895326
1773690276,1946,554.8342983876923,90.55824820692892
1773690276,1947,358.4702057891481,164.43556755466378
1773690276,1948,511.9500651317588,55.15237948223817
1773690276,1949,378.74741059389044,46.55467158201103
1773690276,1950,243.12257538179256,139.84184774122897
1773690276,1951,2760.544439387554,173.90682919117634
1773690276,1952,401.2919756071091,77.82512231516709
1773690276,1953,403.2367241179548,66.96190940232226
1773690276,1954,7944.677345612836,401.44904581127156
1773690276,1955,7534.720375785732,404.79090590813456
1773690276,1956,227.3689785501187,121.94274378890194
1773690276,1957,431.5015098475395,98.97021097262801
1773690276,1958,489.65356832252144,39.041793984890305
1773690276,1959,216.17949427656245,149.86557916771628
1773690276,1960,651.0754070111975,126.95508508549625
1773690276,1961,277.3810855449852,142.09512335778777
1773690276,1962,691.9624004734233,83.56121242948132
1773690276,1963,8574.831909605538,401.7559276236664
1773690276,1964,355.2342729052356,83.26608126741036
1773690276,1965,935.6192408279792,132.236818097048
1773690276,1966,215.2534864410602,165.01149176692707
1773690276,1967,474.2991617549624,71.41315214870338
1773690276,1968,342.83061658147284,116.8959218005074
1773690276,1969,457.0939726332793,102.77265146983069
1773690276,1970,480.88654675413716,86.13804501385209
1773690276,1971,493.2770790117558,50.85901570525227
1773690276,1972,460.2982630493024,86.16299398488549
1773690276,1973,2523.3145190976675,160.3765690759526
1773690276,1974,486.05294462104996,69.3324772338639
1773690276,1975,354.166230161818,113.95600935045046
1773690276,1976,473.5394552753097,83.26589448275224
1773690276,1977,190.72636584959525,143.5231504169073
1773690276,1978,660.3088958981504,173.51005101936607
1773690276,1979,725.715377288748,36.51683352589876
1773690276,1980,223.01696517959945,94.54272568312871
1773690276,1981,316.3749775353385,60.23326274387237
1773690276,1982,482.8291445563179,124.0813234417957
1773690276,1983,1248.3101877617742,328.7898245195676
1773690276,1984,228.68362404806462,96.31880589364495
1773690276,1985,248.5497577070129,81.14018666905945
1773690276,1986,633.1637923170243,303.83085999114223
1773690276,1987,343.28995084303506,69.83982720872393
1773690276,1988,1361.5363156667652,326.2191200330082
1773690276,1989,325.8032875197785,37.28623245319078
1773690276,1990,339.55960778480346,47.06481024956744
1773690276,1991,344.1316955715818,148.9588789381096
1773690276,1992,225.23842882019747,80.56618842213729
1773690276,1993,179.70240975394753,137.18192663972184
1773690276,1994,593.2093249092676,40.69623572999735
1773690276,1995,334.58534031692335,86.9297851232205
1773690276,1996,442.4796155674816,49.24101902886283
1773690276,1997,314.39542381434535,40.326373178823694
1773690276,1998,1055.5021231201936,53.35480089777388
1773690276,1999,297.04232687030526,66.23816517985665
1773690276,2000,262.029285190077,115.95625295247618
1773690276,2001,589.2446483238147,42.4854938798928
1773690276,2002,581.896458249554,69.68202638633427
1773690276,2003,316.0122385811724,56.72536646482262
1773690276,2004,320.68867044295945,68.6930607142383
1773690276,2005,425.7797283446441,55.469774972128405
1773690276,2006,288.91792013664724,68.4582195706835
1773690276,2007,358.24770582257435,48.63660124996433
1773690276,2008,303.67806893979065,90.97388153498503
1773690276,2009,328.89107456348535,39.25169428493028
1773690276,2010,513.9309169043722,69.82308246729849
1773690276,2011,608.6005903785637,101.13017403152925
1773690276,2012,373.29361897363447,60.892075775061656
1773690276,2013,251.42810278082885,46.276687834662134
1773690276,2014,296.5317519617303,51.68933502985547
1773690276,2015,377.469673447155,35.44886183222702
1773690276,2016,330.07482447265056,76.80908094162979
1773690276,2017,492.3098454544599,88.06516295795323
1773690276,2018,900.7830933637596,54.03285721338983
1773690276,2019,502.25486256633326,55.01794737109681
1773690276,2020,420.09637585308167,57.56376585569013
1773690276,2021,386.388367997921,27.131584574465023
1773690276,2022,494.09917071873895,167.79088972964743
1773690276,2023,733.9263876709887,40.176681629465925
1773690276,2024,264.68077445514587,39.2374260784462
1773690276,2025,286.5927674604112,37.15860954930704
1773690276,2026,376.871400309143,52.10677659610462
1773690276,2027,274.217349856973,81.45766557151538
1773690276,2028,165.63233119041496,93.45014803454555
1773690276,2029,376.43118381137873,137.29588715292198
1773690276,2030,920.015835314153,280.146848473032
1773690276,2031,547.2467676353812,62.70046687580594
1773690276,2032,522.8244843975264,37.903280656190105
1773690276,2033,286.0938383310618,99.13959073587661
1773690276,2034,228.0592586632173,58.21701420512076
1773690276,2035,644.6737416128616,76.70695858564922
1773690276,2036,435.95090648669014,41.76025933872453
1773690276,2037,153.0155442450541,91.91901480491543
1773690276,2038,183.55244307865135,48.26891021469214
1773690276,2039,350.7439737025122,73.78854274561974
1773690276,2040,524.4612694016462,129.27677758759702
1773690276,2041,752.1538003181864,40.61447433667478
1773690276,2042,730.5760058617996,38.21291743629097
1773690276,2043,556.475447239921,33.53801346381283
1773690276,2044,560.022153412806,35.17285171113836
1773690276,2045,398.23420423566756,28.663679144240632
1773690276,2046,583.9629598686302,66.32635574409467
1773690276,2047,425.7946860540634,73.04427035954785
1773690276,2048,404.7923567416896,43.310019049121756
1773690276,2049,237.53554860131123,43.32520819365746
1773690276,2050,696.0728754221434,251.42281382688014
1773690276,2051,207.72920553713777,177.57512678255208
1773690276,2052,234.57819673103904,66.57605675847812
1773690276,2053,271.3050964230752,100.42668527121386
1773690276,2054,277.6958369358293,67.68464230201387
1773690276,2055,316.6590281680579,163.49998748172126
1773690276,2056,247.71803131568345,138.61771230086225
1773690276,2057,529.3099668463188,39.771507587114485
1773690276,2058,422.02793295749166,116.74618868126824
1773690276,2059,301.1180064927895,69.01073177297626
1773690276,2060,404.1180522861164,102.21664510586498
1773690276,2061,604.6156051821757,61.821270578314724
1773690276,2062,1347.9918416571147,116.69036554021989
1773690276,2063,207.6179410956712,91.33472138279636
1773690276,2064,677.0445497918053,37.07320184447538
1773690276,2065,256.7673223449408,48.77939015391363
1773690276,2066,418.0456918197684,47.91391308429343
1773690276,2067,440.3210388206974,63.08323424651585
1773690276,2068,353.17105432992776,121.03442242935114
1773690276,2069,210.90535012324676,39.61000146353978
1773690276,2070,391.0168785668614,58.54271693114433
1773690276,2071,178.30964682716632,136.04837377591514
1773690276,2072,247.04745012148425,197.59675792753967
1773690276,2073,303.2487788220258,27.473977660789945
1773690276,2074,342.7655104303181,49.49530114424827
1773690276,2075,157.10243714894162,89.04012116191998
1773690276,2076,366.0573620598862,36.58393996139936
1773690276,2077,308.2302646924711,53.599714086910936
1773690276,2078,380.7687425277793,58.53449382875011
1773690276,2079,156.80258365627952,100.2122029929178
1773690276,2080,539.8003969394199,150.02291419735712
1773690276,2081,327.7806418945021,102.60736621071551
1773690276,2082,227.81409974761576,66.40962372897391
1773690276,2083,492.01330613100293,51.5983566286263
1773690276,2084,625.019556127948,130.90813681737697
1773690276,2085,1107.4025030335654,68.94508903084837
1773690276,2086,160.269111065727,114.05713200452578
1773690276,2087,540.2552510088742,89.33572657606574
1773690276,2088,343.69303004220063,32.84291025050662
1773690276,2089,251.94523281853395,57.29603942020188
1773690276,2090,521.7380150021306,34.16155882095461
1773690276,2091,702.122313741245,152.56732369358838
1773690276,2092,408.80724480907594,35.23157932713126
1773690276,2093,755.3861713949921,50.794420550604386
1773690276,2094,389.7481965492867,164.44041790728528
1773690276,2095,498.97753226722267,268.8967666527854
1773690276,2096,441.79427122546383,153.68862865730733
1773690276,2097,188.35632158404707,137.5523294270876
1773690276,2098,359.3459194120344,46.48077954282467
1773690276,2099,402.47615190376905,45.151117288219254
1773690276,2100,284.8032926647137,104.51342044329176
1773690276,2101,230.96470349865217,56.09193247206923
1773690276,2102,171.9304953897784,174.9948013883413
1773690276,2103,389.38139027015814,133.62133877294963
1773690276,2104,337.3585965245429,172.83276978370577
1773690276,2105,337.01948200960726,150.7410503766975
1773690276,2106,445.1760894527038,30.689403002534004
1773690276,2107,338.66355396664864,168.03169083748276
1773690276,2108,515.7875949290581,276.8917753407917
1773690276,2109,175.6285619431186,152.87798868924628
1773690276,2110,375.75100194623286,107.12094540152474
1773690276,2111,237.60565001560389,54.549166946779415
1773690276,2112,181.79392937583972,98.65218515343331
1773690276,2113,429.30449915162137,50.08007877864233
1773690276,2114,314.1179874522613,35.97479606398346
1773690276,2115,567.8497532861568,53.90961139407097
1773690276,2116,504.1352624243784,267.18521885215125
1773690276,2117,392.73962097469825,186.01080822265482
1773690276,2118,267.8218554895194,45.66636453072166
1773690276,2119,324.25629483061635,58.673703438695874
1773690276,2120,384.51940828421493,235.66363519009968
1773690276,2121,160.39440711108983,80.86662370421209
1773690276,2122,424.32417824663565,65.97526592375546
1773690276,2123,303.02891833937065,51.46512400595922
1773690276,2124,353.06203959832675,73.64402579846207
1773690276,2125,517.5941096623743,85.1674048117795
1773690276,2126,367.4525185680553,60.719494490955356
1773690276,2127,278.96835992775965,40.25740654608118
1773690276,2128,180.09505271952258,122.69226493300611
1773690276,2129,285.3796097112761,107.77943745562717
1773690276,2130,148.66002198611903,161.22209833371085
1773690276,2131,298.34298157525836,60.862537464003466
1773690276,2132,737.7303038521802,96.53711652493118
1773690276,2133,380.3448784472239,41.10899050297801
1773690276,2134,259.14710840432855,115.8975441457219
1773690276,2135,458.05769177296594,159.8968751921286
1773690276,2136,228.96492463578934,64.19347252419308
1773690276,2137,193.32540541331605,38.383177743370794
1773690276,2138,468.78630808219555,117.05252177458698
1773690276,2139,337.5377193433956,46.73785991689164
1773690276,2140,260.7885772336363,214.19714706514011
1773690276,2141,310.0252173381504,75.73394271453894
1773690276,2142,194.68623495198312,164.29806718269157
1773690276,2143,461.08583272681125,65.79084666522733
1773690276,2144,408.2836082899402,176.6516226187499
1773690276,2145,382.22826149003976,55.453455457349804
1773690276,2146,390.35244873228294,129.97054560675835
1773690276,2147,305.6987155937688,57.857482746720436
1773690276,2148,354.27742847617554,135.30398374184662
1773690276,2149,339.86623693706645,180.58556892353215
1773690276,2150,469.0528863798094,49.70975850787427
1773690276,2151,185.03361293496366,156.47480360911425
1773690276,2152,216.92536395196356,36.242806687612195
1773690276,2153,439.33632374651216,47.27315028251789
1773690276,2154,418.4403141772211,87.09225415979098
1773690276,2155,496.06022345812744,44.598286220585244
1773690276,2156,309.7010564427144,197.12013803783526
1773690276,2157,410.1843125687016,132.17020775495277
1773690276,2158,250.83627068228387,40.708849110502
1773690276,2159,331.04377008915606,101.52188511344653
1773690276,2160,175.8837444336892,202.63508015196297
1773690276,2161,172.8998126098611,169.64769421122116
1773690276,2162,400.75326818338044,35.802762056847115
1773690276,2163,579.5376425077479,123.78206537503803
1773690276,2164,313.0532224864312,127.39433620584826
1773690276,2165,490.4675994994244,89.40441056378488
1773690276,2166,347.60190316360337,51.162987232399956
1773690276,2167,140.6376905450773,154.2998380195241
1773690276,2168,554.3780577879667,180.18454790200343
1773690276,2169,325.69514271245305,50.48960265172648
1773690276,2170,499.21602651146907,210.06776039383288
1773690276,2171,266.0354310588839,60.02090890748276
1773690276,2172,326.7486026773748,31.474693096481474
1773690276,2173,141.88791984189098,46.71437056578116
1773690276,2174,283.791196037734,40.26715053794623
1773690276,2175,167.45891152529035,75.93487772664666
1773690276,2176,320.3809839586947,155.73404497551167
1773690276,2177,206.7021904797073,182.02509417455732
1773690276,2178,405.4050663577775,141.9219116041862
1773690276,2179,318.820794255368,39.39360269610664
1773690276,2180,488.9259561328248,130.54854988772811
1773690276,2181,316.66484760765496,105.6218685383903
1773690276,2182,760.5661957584454,236.58985960654272
1773690276,2183,391.3287672500675,136.91424152586717
1773690276,2184,496.41719686851394,131.5898767190118
1773690276,2185,226.36839926233463,148.2717802200555
1773690276,2186,299.8520569185293,31.4277275147605
1773690276,2187,148.44518236185263,66.00237309415309
1773690276,2188,227.12296496138683,34.61586424271817
1773690276,2189,460.19284407811597,32.714711324421714
1773690276,2190,210.61627442923708,55.776996912412656
1773690276,2191,566.3831207314342,63.51390103535436
1773690276,2192,595.1011021016348,123.81330155158331
1773690276,2193,369.0302208750858,164.47310627425566
1773690276,2194,302.2083702968418,37.66455819144194
1773690276,2195,147.32638595532075,161.54139130477472
1773690276,2196,264.7278998895035,197.64834993243414
1773690276,2197,335.7035463563683,36.47095537554129
1773690276,2198,844.7828803236905,90.13559902941851
1773690276,2199,547.3936132113242,83.40178265994919
1773690276,2200,606.624276191479,31.855195589286613
1773690276,2201,189.63490395594087,185.44604807174613
1773690276,2202,489.70330576324744,117.46867703387153
1773690276,2203,366.4599022962816,191.12702483892468
1773690276,2204,164.4272532038092,180.25321882427616
1773690276,2205,407.3858773659755,46.639146055769196
1773690276,2206,349.56313897182577,34.670354932730035
1773690276,2207,280.3144223282907,43.95606612751716
1773690276,2208,274.0722858759313,77.81659843480078
1773690276,2209,176.01997970863394,197.0268601760025
1773690276,2210,170.5022321247749,56.62450573053007
1773690276,2211,364.4469583637835,51.2652775103588
1773690276,2212,179.59844821967218,118.18035116374607
1773690276,2213,393.43787528752677,182.83729969972356
1773690276,2214,407.7724145667902,44.420077778319644
1773690276,2215,267.36243364433903,89.98225122012315
1773690276,2216,431.920092909718,55.077390502969415
1773690276,2217,284.96001635508935,93.6535105541181
1773690276,2218,453.20876828722146,253.73515694620318
1773690276,2219,360.7030229113979,175.69838104438688
1773690276,2220,357.44972193322747,65.5808339234862
1773690276,2221,164.24616088455835,195.58607957285963
1773690276,2222,173.21068934150725,35.07972813201583
1773690276,2223,197.27863523485678,35.349353305652464
1773690276,2224,286.6828209226066,35.44882253161273
1773690276,2225,426.6189078355358,33.03486407759504
1773690276,2226,416.6363051766122,235.3238137078955
1773690276,2227,344.96263013283567,216.53887244837026
1773690276,2228,215.07803975550092,173.0337482693896
1773690276,2229,250.77457021420383,193.52263246083638
1773690276,2230,176.88629569240018,46.02641191657826
1773690276,2231,221.94951908023057,75.10358893565717
1773690276,2232,275.98459193539105,31.578870540326193
1773690276,2233,363.0990682359007,128.5304945855525
1773690276,2234,468.992910896354,106.9205960467384
1773690276,2235,476.3152041228127,209.08449572117456
1773690276,2236,553.9659192374662,159.5885344229791
1773690276,2237,284.3310389949997,30.45071571765181
1773690276,2238,489.8463276468379,205.4920883059605
1773690276,2239,176.7509196778219,80.81959692652772
1773690276,2240,419.49939728537566,30.367075842045708
1773690276,2241,334.8180878482481,42.35453221767297
1773690276,2242,181.8673644590725,51.05897801644819
1773690276,2243,299.3414984898207,78.85713794858718
1773690276,2244,209.28745212884706,142.92247309924582
1773690276,2245,272.83299514737575,50.573114602542894
1773690276,2246,400.5536967750984,69.11042050416592
1773690276,2247,663.0767815061326,78.03219891746136
1773690276,2248,457.56684783635296,39.47540514213914
1773690276,2249,418.1460908025072,95.00402024162726
1773690276,2250,548.3097589700536,97.7454670617469
1773690276,2251,839.47184642599,339.41535777200164
1773690276,2252,179.2409798092796,113.86363277793414
1773690276,2253,167.38772227788937,89.71529391604089
1773690276,2254,312.9784609298133,33.692505950320395
1773690276,2255,332.65657143236416,68.62532177446317
1773690276,2256,452.3057854840479,38.34600689087563
1773690276,2257,399.05349198035753,100.53777198593785
1773690276,2258,209.6323756993658,41.32658053262017
1773690276,2259,280.19762178130605,39.00403945018933
1773690276,2260,135.3618111206761,103.74777367260208
1773690276,2261,165.2690939855986,16.89041394960705
1773690276,2262,165.63273271613946,81.33903650904219
1773690276,2263,194.13666092065262,125.61228193729451
1773690276,2264,226.16070813215626,222.18400628604758
1773690276,2265,270.30989518422143,217.326720818634
1773690276,2266,383.37135376944946,55.99731416582959
1773690276,2267,269.8818513790471,84.31460587381623
1773690276,2268,272.6973930863768,211.65857582254253
1773690276,2269,636.2687224176601,65.22583411304377
1773690276,2270,171.69186657966225,69.35911602855244
1773690276,2271,339.61894984612616,43.029543021127026
1773690276,2272,128.06028832666385,126.40965404124104
1773690276,2273,347.0646196474558,49.02315001380666
1773690276,2274,188.49503977499987,101.4722166945818
1773690276,2275,547.2577051289611,328.7055973874006
1773690276,2276,257.35025930646657,38.02092146601376
1773690276,2277,474.176443371532,82.61105940383824
1773690276,2278,370.67309209680417,131.0430576613604
1773690276,2279,211.88929586223983,118.7399170197138
1773690276,2280,601.6003570000771,190.9215019212065
1773690276,2281,297.4595163266215,164.30793012133407
1773690276,2282,396.946376632676,91.45015805963824
1773690276,2283,180.91337035671717,210.90300098973336
1773690276,2284,236.58765451267925,122.83265850690279
1773690276,2285,394.7350463910672,191.3291415650854
1773690276,2286,249.99079848400274,190.75248148165016
1773690276,2287,290.2125204020727,214.10568589578028
1773690276,2288,150.37725959713686,220.95407983359857
1773690276,2289,337.8588712722942,119.75958062782396
1773690276,2290,374.7410838096263,58.21293354645621
1773690276,2291,469.15595307510836,102.29152925417124
1773690276,2292,168.53823062905371,158.61946039688226
1773690276,2293,490.7940317806413,237.49258696664472
1773690276,2294,255.33858467587004,101.05910455177359
1773690276,2295,411.9634495805237,38.5354814257882
1773690276,2296,279.2806720034416,230.54107657477797
1773690276,2297,174.8252991675896,198.07555400915408
1773690276,2298,452.3250199700165,97.25769046910835
1773690276,2299,575.8766182345443,46.45501176143557
1773690276,2300,633.2402058913466,83.72980221506884
1773690276,2301,172.24847338722208,180.45930966104387
1773690276,2302,191.0144782401571,34.7725179810636
1773690276,2303,290.0684319031445,114.96744091398918
1773690276,2304,191.93787494147116,238.51709100803467
1773690276,2305,324.8313992248896,31.18069467753121
1773690276,2306,211.24641442437152,80.98067722480253
1773690276,2307,220.98106726565345,52.79784013922951
1773690276,2308,283.73208508856584,32.635705865813115
1773690276,2309,214.4528527485111,233.64163684537837
1773690276,2310,506.21419864606884,210.85002140167774
1773690276,2311,287.17901471812644,113.43787419122478
1773690276,2312,199.60896362187836,160.6150109828454
1773690276,2313,151.4921176994153,54.511031695908265
1773690276,2314,154.20241494763567,227.56739453203187
1773690276,2315,186.54131090744008,29.773546017241134
1773690276,2316,155.40495228045017,84.2302812866051
1773690276,2317,487.15763574446123,179.6876965203666
1773690276,2318,245.75152002250155,76.51746631748097
1773690276,2319,620.4734444605258,310.3649427889418
1773690276,2320,228.1207037044539,133.6923432730957
1773690276,2321,206.5880424510485,212.7829194973146
1773690276,2322,203.79751464762137,87.19442756629711
1773690276,2323,256.4571905575468,216.7212960316862
1773690276,2324,214.0019486888408,29.781007002209613
1773690276,2325,202.6673678205349,27.107498657911798
1773690276,2326,118.5341111225214,229.75676741490383
1773690276,2327,266.39581774951677,103.85433213374947
1773690276,2328,270.40891745658746,29.216293846506726
1773690276,2329,467.0622563535573,203.64958463645604
1773690276,2330,239.01115963705456,63.23215167312857
1773690276,2331,383.63595475485556,27.303996635217594
1773690276,2332,325.2167526279979,298.29853749402344
1773690276,2333,203.9315508542848,197.70319234808952
1773690276,2334,461.1409573646286,116.52392078229933
1773690276,2335,596.3390264551844,31.348367130499714
1773690276,2336,400.4519423390404,69.52126860376013
1773690276,2337,566.9481537272115,41.483573251052995
1773690276,2338,384.9221750982745,67.20650814771467
1773690276,2339,221.4739661624288,49.54954652079435
1773690276,2340,463.56802997800435,172.4911383618665
1773690276,2341,327.20459926677404,53.98269037443027
1773690276,2342,147.0533070903949,206.01260716678397
1773690276,2343,741.4158240645668,54.64375801886349
1773690276,2344,315.9790465499586,62.02384382908955
1773690276,2345,240.24232474641389,53.62708188768413
1773690276,2346,508.37328824336464,241.74185820944436
1773690276,2347,236.00006007747183,67.17240240207546
1773690276,2348,719.9588240062751,300.45554588103835
1773690276,2349,626.3429486793212,274.07812963929655
1773690276,2350,483.64041749428065,69.73482226100677
1773690276,2351,282.76081481940224,133.20398006765473
1773690276,2352,400.49402687098666,52.89180657573532
1773690276,2353,354.1040164946145,152.85923871550588
1773690276,2354,343.9073397745975,148.00521189579126
1773690276,2355,520.820112388046,141.33716669269904
1773690276,2356,240.5692261581372,77.9736031189696
1773690276,2357,276.1681196042405,39.31419714890364
1773690276,2358,225.85291472819,200.20652919282657
1773690276,2359,333.11608279222787,53.08724861454502
1773690276,2360,396.2316235006571,45.69451123853118
1773690276,2361,1046.9167646406097,48.233775664461135
1773690276,2362,257.24117772518724,57.38830975506734
1773690276,2363,175.8708422443592,172.41484749279974
1773690276,2364,249.14771302652738,59.205298530728165
1773690276,2365,1183.1373672728052,54.749120205671076
1773690276,2366,416.0786379462471,58.34568917655938
1773690276,2367,286.758508601794,46.83190398968506
1773690276,2368,267.3852787383312,180.2716321713241
1773690276,2369,231.26227264050823,77.45309923152803
1773690276,2370,404.71954626832706,237.7987611504442
1773690276,2371,309.3402979018684,80.33200565018691
1773690276,2372,478.8354941068182,46.58991124741421
1773690276,2373,159.70168334160735,133.6772401429998
1773690276,2374,164.08195418152602,187.42532244685484
1773690276,2375,145.81927942821036,182.23247916090753
1773690276,2376,611.4981709535302,139.9999140988955
1773690276,2377,291.91689860315364,188.13299941076755
1773690276,2378,456.857852782062,209.26216645030016
1773690276,2379,261.7488466115869,39.62294952464054
1773690276,2380,234.31219174902483,80.75313117866266
1773690276,2381,359.21188998178377,101.45278259457858
1773690276,2382,226.1734838983679,145.72662973064624
1773690276,2383,316.2902450343568,33.68807264415873
1773690276,2384,202.52164110262217,240.50566155908967
1773690276,2385,374.6657923425596,215.74534931675416
1773690276,2386,382.0693148801053,54.98731527768457
1773690276,2387,151.37137048396377,201.23292200641234
1773690276,2388,476.76630798052753,157.0501665233857
1773690276,2389,160.35012237385104,68.14410682915636
1773690276,2390,332.2585200194296,75.14239274875177
1773690276,2391,163.47394622933388,124.62514454283156
1773690276,2392,601.5816017897813,276.29343949440437
1773690276,2393,248.8779644077523,246.01053342325596
1773690276,2394,205.64966751250165,210.95890104086948
1773690276,2395,118.00004156104724,182.03714531005977
1773690276,2396,419.87041909637867,55.86882949326641
1773690276,2397,167.06329548594366,79.18356273007358
1773690276,2398,375.11398454283614,212.46715783028003
1773690276,2399,311.92804529290356,116.67961404499525
1773690276,2400,245.2682854770366,211.35020086916475
1773690276,2401,128.532219923705,229.3564255147794
1773690276,2402,353.1148544107616,81.27693470544081
1773690276,2403,304.86663045793404,202.30478371019387
1773690276,2404,172.95082128571002,33.48345762968028
1773690276,2405,431.606719215925,35.515082757446585
1773690276,2406,436.53503591431456,190.25529847352954
1773690276,2407,603.0733847923083,74.30061630215515
1773690276,2408,342.3048079601157,68.94846739484043
1773690276,2409,191.7554798537801,54.562880177486086
1773690276,2410,123.07436353278979,198.30600622255758
1773690276,2411,343.5962819734118,53.8705119779863
1773690276,2412,177.63125473374006,52.543434439027024
1773690276,2413,109.57380548174966,62.88195762652309
1773690276,2414,256.2692766375515,81.00263821645132
1773690276,2415,461.8425919486451,72.78579449799904
1773690276,2416,211.86566277074496,159.0092049776875
1773690276,2417,212.32050036993687,127.50776634072308
1773690276,2418,231.342669236638,67.30581619360376
1773690276,2419,160.33006237541127,128.8111077967098
1773690276,2420,430.07402887909217,35.82775203710554
1773690276,2421,557.929995796584,32.36592720336588
1773690276,2422,511.2636857062833,33.072534867237614
1773690276,2423,778.9609427579785,36.16721916674947
1773690276,2424,359.3602410991224,125.94280236266916
1773690276,2425,182.28825160000264,175.04131798337508
1773690276,2426,523.6702316423058,46.203894455039475
1773690276,2427,221.40856996335782,205.4913661485765
1773690276,2428,349.49549358602303,75.16075378558529
1773690276,2429,827.2275889845749,75.25220203391255
1773690276,2430,424.114155545153,226.15578744976776
1773690276,2431,255.1284228093504,236.39919596416578
1773690276,2432,430.18372758983577,68.0953183987562
1773690276,2433,618.7164312473407,46.003608958139715
1773690276,2434,353.7838037987041,196.88010457868342
1773690276,2435,624.9319233666475,65.12583972021595
1773690276,2436,240.25816819728095,140.7041802686077
1773690276,2437,427.8022828284443,187.0595257573188
1773690276,2438,432.79988731925033,73.16233897590593
1773690276,2439,315.7359001505989,51.2839422269003
1773690276,2440,356.92737662646164,49.03379041542635
1773690276,2441,273.4884409202139,177.8539851605963
1773690276,2442,482.34523622534977,32.898171284014076
1773690276,2443,188.13315375862777,210.62371026460323
1773690276,2444,135.41173730737498,209.47325516818947
1773690276,2445,188.9718796296526,116.09683210995007
1773690276,2446,161.85150834138227,60.35595480917617
1773690276,2447,355.93380947429443,30.58646552319949
1773690276,2448,583.0803308567057,240.39320431752682
1773690276,2449,377.81549231906257,39.88114060410361
1773690276,2450,288.0976304058093,174.61851699379517
1773690276,2451,124.49415573008125,102.61625129684327
1773690276,2452,429.73122918393204,243.92221883074876
1773690276,2453,308.67874657130034,34.71398416260437
1773690276,2454,487.7166527847688,48.08094419159816
1773690276,2455,239.9931475859626,284.46709165528046
1773690276,2456,455.060391955554,227.06378923085157
1773690276,2457,525.2005111425435,41.11453937926059
1773690276,2458,496.1921459977388,192.23077376727016
1773690276,2459,332.2582874479385,34.20485748554885
1773690276,2460,264.43414059173676,43.624130646380706
1773690276,2461,146.25536350713008,229.1761270151778
1773690276,2462,300.5045619772329,108.46653880233194
1773690276,2463,158.73175402133552,87.09315495598906
1773690276,2464,362.78836409704456,209.13720672686645
1773690276,2465,652.4368355171565,27.60656022589651
1773690276,2466,350.9086657324633,45.44732940725262
1773690276,2467,105.84136237845156,253.69569058770412
1773690276,2468,185.3374527789025,223.73608372749746
1773690276,2469,382.09474530415827,76.26103719339753
1773690276,2470,261.8492980109263,52.45143856548785
1773690276,2471,238.41322952506493,231.36072241295497
1773690276,2472,271.99167646524035,127.19709729485419
1773690276,2473,650.0642035760133,53.09724175581003
1773690276,2474,164.54878849102576,111.2031678993999
1773690276,2475,176.88245895743742,249.72672872843592
1773690276,2476,139.38581700684156,186.98396440041853
1773690276,2477,564.048705476755,49.64443414806265
1773690276,2478,340.23359017068844,97.94853657474894
1773690276,2479,507.8320231890291,129.71362096217868
1773690276,2480,539.4015396848492,242.9891008609732
1773690276,2481,202.19674034785356,40.03551344028473
1773690276,2482,109.92386537933712,241.42856290552757
1773690276,2483,85.87672531907452,253.08448677134885
1773690276,2484,215.31301084534527,174.0994934558873
1773690276,2485,202.94089331395986,200.51921968475446
1773690276,2486,346.2991852965151,37.53826703294309
1773690276,2487,254.06357556790897,55.57758965259307
1773690276,2488,227.62064992838813,38.28679566118124
1773690276,2489,332.98589575681416,259.10005811855524
1773690276,2490,148.27999563098578,198.29646830202302
1773690276,2491,241.35034629410683,117.02584710676669
1773690276,2492,154.8795507159019,248.7219687821173
1773690276,2493,612.6106521650817,326.181962924911
1773690276,2494,378.91704506873924,231.6282068906111
1773690276,2495,198.57478935553692,240.30820308850198
1773690276,2496,119.9116916006834,280.43631253163494
1773690276,2497,715.6196254911017,56.08625986980754
1773690276,2498,208.5296392934492,164.02349670007945
1773690276,2499,291.24886048927885,167.59983955528432
1773690276,2500,168.0957576570523,118.33899668831356
1773690276,2501,126.94525336764224,347.2050692401831
1773690276,2502,133.3991682989928,319.5579446337686
1773690276,2503,564.9332681704676,41.665171189346125
1773690276,2504,197.09721528428818,213.0725914991485
1773690276,2505,148.65451919522133,92.81918622260892
1773690276,2506,437.0283417434414,174.99740723832025
1773690276,2507,300.9862947819341,245.85564525919628
1773690276,2508,291.3854385720334,108.03221687929658
1773690276,2509,139.73848565488223,290.9642401888605
1773690276,2510,220.34948613043804,36.50362200406512
1773690276,2511,157.9241925125359,64.3917832319231
1773690276,2512,261.8931429576351,77.06997289156594
1773690276,2513,416.3762593690432,253.0690787743598
1773690276,2514,310.6301012343265,261.9847881849316
1773690276,2515,528.3682987968065,67.90648839696385
1773690276,2516,431.1662861802699,124.77648934710516
1773690276,2517,184.1426674549468,107.3763838842775
1773690276,2518,197.80623741692796,45.82963665776688
1773690276,2519,189.97016072059037,184.988040341796
1773690276,2520,573.8921680536569,199.54383895773503
1773690276,2521,255.82774488443212,233.84422082262807
1773690276,2522,396.92675726122974,44.990485096964214
1773690276,2523,213.59173249837235,268.82938900825854
1773690276,2524,155.90784853470117,95.189950013588
1773690276,2525,230.48118251447747,108.50053625732065
1773690276,2526,190.66304918336564,41.92788718354261
1773690276,2527,253.1644093822818,48.543432705672636
1773690276,2528,116.40390655776352,206.66280848129085
1773690276,2529,414.36006242935656,44.96714377174768
1773690276,2530,247.2171817105116,33.41915457937068
1773690276,2531,520.5068667068539,165.4955248264383
1773690276,2532,380.6770113360986,29.20731614271981
1773690276,2533,144.37801216507134,70.56814311459942
1773690276,2534,317.89234995132347,29.349960952879908
1773690276,2535,442.28143376896054,277.9248215093674
1773690276,2536,141.5215720868641,151.7812539675794
1773690276,2537,391.07424706334194,60.36596843870091
1773690276,2538,126.7852790753871,53.72165540300969
1773690276,2539,473.0101780844358,153.21557251818544
1773690276,2540,347.17924515876,28.921368886928292
1773690276,2541,546.6880317864459,259.525422601007
1773690276,2542,124.30027785532073,238.3344948580151
1773690276,2543,288.5106717895198,29.334152263509566
1773690276,2544,498.12071142826966,241.1263508724705
1773690276,2545,162.6326921955374,299.0550827231902
1773690276,2546,446.374755983681,138.42559805681643
1773690276,2547,174.14340437973144,224.42591307816087
1773690276,2548,119.34247639934287,236.21563196028924
1773690276,2549,122.04282588573574,231.1648506361282
1773690276,2550,189.3098812877476,286.2020259628845
1773690276,2551,183.9303135124373,146.76139479983112
1773690276,2552,178.14327586688094,80.57462564002344
1773690276,2553,567.7982855969607,140.3498400701595
1773690276,2554,353.6845850913925,204.64426720371114
1773690276,2555,291.11957902693194,36.60717076803924
1773690276,2556,120.16085477391069,254.29346347176275
1773690276,2557,399.64761793184806,106.4878501426372
1773690276,2558,345.619808039077,140.08850565341493
1773690276,2559,483.40124511764236,56.28278159090214
1773690276,2560,375.9140690026477,153.5836528081115
1773690276,2561,419.0935381598741,283.4448623066317
1773690276,2562,254.45856263265,142.0116166955997
1773690276,2563,122.3806272037399,98.11159290203814
1773690276,2564,308.6196256688097,181.21655937451905
1773690276,2565,133.6355076196251,37.48847992206821
1773690276,2566,179.88197933915308,277.1485857377239
1773690276,2567,320.67577829013834,166.15174266131535
1773690276,2568,207.16117355574298,255.74289456065674
1773690276,2569,183.01583615445065,107.57332334804008
1773690276,2570,377.2671028394355,110.90159553764165
1773690276,2571,240.22157199946838,193.31380766552704
1773690276,2572,124.60585174383243,68.27262231000832
1773690276,2573,418.0641213291644,37.82872829099705
1773690276,2574,149.52586826037626,60.654044779129485
1773690276,2575,135.0043863143633,202.57128656192563
1773690276,2576,533.3467222401007,56.241209119764406
1773690276,2577,409.27442304925125,68.89448586007813
1773690276,2578,250.56851330575097,252.49506920099512
1773690276,2579,224.9220622415029,34.14019243825307
1773690276,2580,269.3077864360803,133.87051862616792
1773690276,2581,255.21554059764694,70.58133220831506
1773690276,2582,151.22524241077238,198.26826057748252
1773690276,2583,139.77218072332397,127.72672125560229
1773690276,2584,202.46097421127973,46.18948019654622
1773690276,2585,464.5448983334946,140.00159050629972
1773690276,2586,157.2469683800425,194.61689774731965
1773690276,2587,250.9120281192267,128.68876910323817
1773690276,2588,573.9293269733731,62.47336718016267
1773690276,2589,231.30879591107546,71.90061906770799
1773690276,2590,592.4260746291683,50.91871054931064
1773690276,2591,150.81423426077268,53.094412212982185
1773690276,2592,224.27825316667366,46.610782976797864
1773690276,2593,380.7339663369291,307.0144724649063
1773690276,2594,145.38439000364716,275.54259422409547
1773690276,2595,126.43481838009947,131.09482759900982
1773690276,2596,196.85510051889784,316.17408074896184
1773690276,2597,495.7106189143357,56.53477059508471
1773690276,2598,505.8223136474818,36.8978665310913
1773690276,2599,140.68078281429587,103.94078063885605
1773690276,2600,439.8171092219454,279.55484964262564
1773690276,2601,672.5010357602679,224.79652852497168
1773690276,2602,355.1416645819957,98.79862169898759
1773690276,2603,331.5333744939776,272.1095702696071
1773690276,2604,545.1511708485011,65.78138362763714
1773690276,2605,225.59305241714074,34.56967828614856
1773690276,2606,145.88018393921246,299.9743344473639
1773690276,2607,578.688241861401,82.63764605318565
1773690276,2608,424.4176147743852,243.41610958430277
1773690276,2609,214.97473337621457,246.93314228865168
1773690276,2610,152.9370773206788,68.35513521737136
1773690276,2611,245.2886643091004,42.735007416552406
1773690276,2612,456.8767107998563,137.51058802049656
1773690276,2613,330.242166681768,32.520670950172125
1773690276,2614,803.9402731282531,47.299576020940954
1773690276,2615,234.80326284705473,56.394429050637044
1773690276,2616,443.06947497019183,102.2444896687498
1773690276,2617,149.79985000029467,106.8214777921088
1773690276,2618,437.74163370054896,243.96908533777767
1773690276,2619,425.46869803024083,31.982534235694622
1773690276,2620,241.3724979061108,33.428190708309536
1773690276,2621,312.6158921726687,26.98771188004635
1773690276,2622,292.35933397775307,50.90249377349364
1773690276,2623,542.1646458855123,42.581384674521956
1773690276,2624,183.69778842877744,282.8730914640566
1773690276,2625,67.10769144328712,128.2969687885621
1773690276,2626,323.2518880448042,198.85728013298063
1773690276,2627,485.3965429831455,39.68499483089361
1773690276,2628,732.8149637305618,71.67649771570306
1773690276,2629,545.7221239076387,49.84214969018729
1773690276,2630,466.7703401624792,41.92608502896394
1773690276,2631,702.3834422250394,41.01669945452973
1773690276,2632,476.7557782729646,87.36878287260899
1773690276,2633,240.06174555172282,180.89718973016815
1773690276,2634,176.92350233892506,275.3083224048402
1773690276,2635,193.1021111975808,262.7093076808481
1773690276,2636,115.75264660618339,174.49628523475928
1773690276,2637,300.6752492885824,265.84991773028736
1773690276,2638,166.5177309024948,235.77149143278064
1773690276,2639,607.4508942238017,329.2025038649581
1773690276,2640,285.27313505439537,120.81928820381955
1773690276,2641,454.55914749723286,86.51571795997637
1773690276,2642,157.77235565382455,174.3399455196783
1773690276,2643,295.8791819141267,51.18517480562328
1773690276,2644,406.416468586603,91.38525978234095
1773690276,2645,227.93156116733113,218.50319286129087
1773690276,2646,334.33881676299194,88.4699874460096
1773690276,2647,417.58315426287487,100.50420777256679
1773690276,2648,525.6782737012554,133.43258937941553
1773690276,2649,189.07114457560638,268.9246014475399
1773690276,2650,495.30907093665934,196.89907848718806
1773690276,2651,150.82443901592663,121.83352391759067
1773690276,2652,174.79561517991345,114.01486406606492
1773690276,2653,499.28035356554926,63.21366457268057
1773690276,2654,351.672780379984,39.875182918460474
1773690276,2655,204.75506336357668,332.2469415832711
1773690276,2656,338.91614654655075,184.5399637616216
1773690276,2657,441.4559429284309,71.9742305443035
1773690276,2658,290.03435369333044,238.01751672343278
1773690276,2659,144.72384384951414,288.0022023500592
1773690276,2660,197.07046089910673,42.184758350307845
1773690276,2661,459.55643244848096,167.64736486843137
1773690276,2662,265.71630483887714,297.54442456394264
1773690276,2663,754.42455254015,275.2185936045791
1773690276,2664,223.9662048251515,52.0722888216264
1773690276,2665,574.3802329222128,332.9314693364641
1773690276,2666,776.1335096582011,292.07845393567584
1773690276,2667,403.3017808833293,62.531621383074416
1773690276,2668,233.6008318974682,150.10967898257553
1773690276,2669,361.8848584786024,149.29550587331482
1773690276,2670,125.90241647822734,270.65822707156974
1773690276,2671,148.39768199609972,125.09461620536955
1773690276,2672,305.53668134218213,178.39228306328152
1773690276,2673,223.03247630278779,84.72716571055332
1773690276,2674,164.00265106991037,108.00973044531888
1773690276,2675,206.74327093324166,144.4574406070026
1773690276,2676,362.67413135274575,200.33097572210937
1773690276,2677,143.75348445464508,152.16684180802332
1773690276,2678,100.73845392727704,132.2592581903543
1773690276,2679,247.9422258417193,357.94030723601804
1773690276,2680,839.7725231394122,47.85057594082491
1773690276,2681,548.3984301567044,293.90421866241263
1773690276,2682,172.3910297326186,122.51047508587861
1773690276,2683,378.3907520244296,148.80327285770878
1773690276,2684,392.703357462865,95.87514136715298
1773690276,2685,161.12109199969396,91.89628802024205
1773690276,2686,261.2351073842613,170.44616504597786
1773690276,2687,113.64870264651381,94.89730105056589
1773690276,2688,279.23486295993627,46.788774804599115
1773690276,2689,155.31386354394337,157.18458952199208
1773690276,2690,968.9179517590902,303.2823990779631
1773690276,2691,164.23970321301888,370.40701264451894
1773690276,2692,182.80236468704527,107.71067724807612
1773690276,2693,113.71998049689654,229.35284216608264
1773690276,2694,189.006410113453,212.68413193597144
1773690276,2695,137.55227279582738,243.25400962521923
1773690276,2696,216.2437291519558,56.365818862973384
1773690276,2697,185.80558743671412,64.45800556851174
1773690276,2698,540.9866373405767,346.18996573861205
1773690276,2699,356.59916601088986,68.06063596733603
1773690276,2700,287.2422918440164,55.0964546778694
1773690276,2701,293.1061914025865,223.82007375314956
1773690276,2702,194.99098497349354,44.555077622897535
1773690276,2703,323.13596360293747,220.4299127869876
1773690276,2704,192.84263956642144,57.43305811145922
1773690276,2705,270.00648162601135,391.8841784221532
1773690276,2706,266.04489711281553,395.0279127528059
1773690276,2707,164.85367301409946,76.8040744414526
1773690276,2708,246.09010481958987,92.73475091352306
1773690276,2709,179.9880429250734,116.69878038943058
1773690276,2710,110.40277348420854,326.5414435593018
1773690276,2711,263.3677749964681,341.6354976423289
1773690276,2712,265.0879085433921,378.2485002407736
1773690276,2713,411.6025677729014,131.2694346405492
1773690276,2714,112.05525266287599,250.58655391281408
1773690276,2715,361.4384299111528,45.37207261063147
1773690276,2716,182.88290220907302,115.96931963787291
1773690276,2717,157.717356578339,86.96805315786884
1773690276,2718,157.20764719377,92.8311997921967
1773690276,2719,422.7516475112156,57.54199356505081
1773690276,2720,255.3866062319812,48.26027166648283
1773690276,2721,399.84563302005574,179.03920756996237
1773690276,2722,492.6078041614139,116.10249770312912
1773690276,2723,373.2737943346369,127.36357680522832
1773690276,2724,441.0336605457379,192.8009541631462
1773690276,2725,202.01447998346484,130.1938218437595
1773690276,2726,141.09500012282962,322.657503060979
1773690276,2727,206.47957141652716,50.33046848250526
1773690276,2728,258.56879611146707,41.91666912981204
1773690276,2729,175.36844166609598,40.59271021657867
1773690276,2730,378.2280992366945,223.7057943004639
1773690276,2731,136.15118988148774,343.1720461430639
1773690276,2732,173.43905049685537,337.05043290026526
1773690276,2733,183.4865972372139,73.66985260971462
1773690276,2734,552.4311160070234,243.1303218551257
1773690276,2735,490.15955299700147,49.80924687800792
1773690276,2736,297.7163909730271,287.38220774213437
1773690276,2737,207.45756819918918,368.01864260894854
1773690276,2738,328.64472308390384,146.85478823570165
1773690276,2739,379.55150347942333,50.99407518055131
1773690276,2740,345.7695940902253,340.3968362061527
1773690276,2741,439.3756893209688,61.393494500020665
1773690276,2742,332.2759575504968,42.40864010762177
1773690276,2743,230.97443718402323,145.40335142638972
1773690276,2744,209.00626196843214,64.50958502681134
1773690276,2745,239.6804533013894,135.03491479175133
1773690276,2746,353.1230758630475,156.5213686943702
1773690276,2747,189.64111780943145,382.67952348486506
1773690276,2748,119.06194013398358,64.46185412357846
1773690276,2749,321.0327638703677,287.4270839570999
1773690276,2750,37.44426365297931,67.53477803606279
1773690276,2751,170.80332683786466,229.1435620772421
1773690276,2752,528.9555007455795,108.18435658054395
1773690276,2753,166.59525583735314,74.44249992982317
1773690276,2754,379.4305832965172,168.7917041004098
1773690276,2755,210.54758125981962,198.01175744233865
1773690276,2756,144.9060178854006,105.75091853429879
1773690276,2757,110.96217301433299,397.80136868347404
1773690276,2758,207.67782362241982,251.3058878962965
1773690276,2759,194.6803878314213,180.759836624302
1773690276,2760,478.0145630686915,270.96058523632377
1773690276,2761,663.7103185950283,185.4170993545287
1773690276,2762,272.1960030659353,57.849564799147004
1773690276,2763,215.73714160036593,173.6196378118594
1773690276,2764,51.65233218182382,123.42067340019025
1773690276,2765,291.0102968513045,235.33357701918962
1773690276,2766,273.32367074382677,51.76276767776031
1773690276,2767,357.0212789003291,190.07900307074047
1773690276,2768,152.9935808785036,283.937093624133
1773690276,2769,179.6413402038768,199.92330781841216
1773690276,2770,342.4320183227726,111.61034593698409
1773690276,2771,220.73432634593118,304.78215625970256
1773690276,2772,191.3520248845849,49.082875293305655
1773690276,2773,809.9546951262822,281.01171013331987
1773690276,2774,351.63947748807806,225.47567130335202
1773690276,2775,237.0583745877066,286.9686776927301
1773690276,2776,599.1675298940237,53.43116822239699
1773690276,2777,208.5131478193367,51.03385949400594
1773690276,2778,321.4847563149007,191.6658781459677
1773690276,2779,183.73410412570416,172.64013308413826
1773690276,2780,234.3662131756133,153.24795517498916
1773690276,2781,147.23561559321317,282.11414108319
1773690276,2782,286.8089172893853,54.62196630658855
1773690276,2783,129.09019673100997,156.1282072036149
1773690276,2784,247.31587507622,38.317472197730446
1773690276,2785,232.69789646326208,57.515709237286316
1773690276,2786,180.15799556445847,216.8601295207571
1773690276,2787,94.0152649550602,78.4442834190858
1773690276,2788,264.65649422768945,180.9208472201447
1773690276,2789,190.66349775223145,81.21178281127527
1773690276,2790,184.3237356685321,55.297827679496265
1773690276,2791,466.0869085335752,49.2783426558912
1773690276,2792,389.59947180768717,270.83132945638994
1773690276,2793,403.34122391848996,35.359951793872085
1773690276,2794,335.7392874600585,89.34171807896506
1773690276,2795,139.97147154009235,108.13666955445622
1773690276,2796,282.8997247623727,57.30551273196218
1773690276,2797,390.75512104753903,266.3849325115221
1773690276,2798,744.3913627529082,334.3514253399697
1773690276,2799,215.16773106434104,124.05350546078769
1773690276,2800,167.34677671617635,208.01895109090756
1773690276,2801,478.5053149344501,67.06317610041668
1773690276,2802,85.44495294634484,180.3191159259526
1773690276,2803,179.16667500699631,81.81205812360467
1773690276,2804,306.23617002968604,361.07184460094675
1773690276,2805,525.8792458265588,36.86119948200853
1773690276,2806,694.6294512671066,95.38092983540065
1773690276,2807,144.69092262008505,116.53652117218816
1773690276,2808,104.36527624356619,281.9246839879026
1773690276,2809,318.522582496233,93.0976030000684
1773690276,2810,58.76282081934895,39.16164523293598
1773690276,2811,392.3491571994343,148.8686313003113
1773690276,2812,160.02640616696402,47.10508741631673
1773690276,2813,227.58539243217223,153.67529278681045
1773690276,2814,217.35579517484288,96.51966493291069
1773690276,2815,124.0930632714953,57.66293800667721
1773690276,2816,337.3840983023108,79.54071184310628
1773690276,2817,456.45885596311024,52.8288583161117
1773690276,2818,165.97046447462822,92.19059900711635
1773690276,2819,158.6279400015822,287.9954671170966
1773690276,2820,757.0776882979444,294.8967613949958
1773690276,2821,551.2947104111317,64.42441140532948
1773690276,2822,305.90250481680016,131.06142654108538
1773690276,2823,328.37007104153747,114.71331598525143
1773690276,2824,296.44492236767906,139.43838088054255
1773690276,2825,202.81068444550326,99.0762860222912
1773690276,2826,109.6015436234979,390.19588497562387
1773690276,2827,464.2545048825152,60.968955610370365
1773690276,2828,343.0769674105894,222.3600523086745
1773690276,2829,215.83622658763522,123.62516141661604
1773690276,2830,471.8396137882811,66.99649246090358
1773690276,2831,641.111204537424,220.56890082183463
1773690276,2832,183.46250885934006,249.84020808077898
1773690276,2833,95.31289555027476,255.29034840598112
1773690276,2834,171.04125672325273,85.77637225620381
1773690276,2835,433.3123001787317,130.63724658232445
1773690276,2836,111.46225983694895,369.6110158018444
1773690276,2837,91.74216039052985,313.80035561259956
1773690276,2838,375.5645113612552,31.320357054637313
1773690276,2839,524.4745954775761,164.9980651659939
1773690276,2840,161.40186177409194,149.6499959894114
1773690276,2841,223.10197827522128,346.70377266721374
1773690276,2842,225.2014546922661,347.65784567615646
1773690276,2843,642.0445175355037,348.97603129075367
1773690276,2844,401.4933239224969,95.10226788800135
1773690276,2845,441.02858117342777,337.0621056399637
1773690276,2846,154.08170507740516,375.7058411074925
1773690276,2847,219.46232400210855,239.67934042004615
1773690276,2848,400.0927629896784,176.93817106947304
1773690276,2849,239.13411049036108,53.559144437812186
1773690276,2850,257.30606507067085,218.83005596918935
1773690276,2851,556.1460377591419,317.58877786076664
1773690276,2852,171.74363054460028,107.02847630735633
1773690276,2853,229.8537512822508,145.6962268158968
1773690276,2854,471.16409823758414,354.80620449742605
1773690276,2855,298.31905978394997,109.51197585835061
1773690276,2856,255.3338217458759,56.79405154630639
1773690276,2857,323.68963709164586,388.7856813923133
1773690276,2858,343.6436120358668,227.15354158729932
1773690276,2859,161.51739553196361,164.6252547486829
1773690276,2860,678.4576592174249,43.53778234309269
1773690276,2861,162.0659223171001,62.877940202553056
1773690276,2862,372.7532996577835,158.86401314100485
1773690276,2863,95.99592175232743,143.56050998311795
1773690276,2864,405.53321358264674,302.63479281279905
1773690276,2865,214.07906206773498,41.92566494852256
1773690276,2866,160.2522565023012,68.35407404290635
1773690276,2867,279.4715126361987,346.644862501378
1773690276,2868,139.4934738739558,32.02061795437633
1773690276,2869,268.87498098397776,59.482612059623484
1773690276,2870,311.5210798517342,94.45396998905343
1773690276,2871,129.09322749526447,60.762656169413006
1773690276,2872,299.6678525877745,275.8653423176701
1773690276,2873,415.94870606660487,272.0156029844728
1773690276,2874,472.47399297882407,86.65622833433441
1773690276,2875,541.025708840306,79.70354579571018
1773690276,2876,146.81958899293147,180.718441203732
1773690276,2877,284.8859821724564,346.19574118338585
1773690276,2878,271.5424783983192,71.09239454393976
1773690276,2879,160.85382500114108,73.77436680881392
1773690276,2880,238.88689432931594,159.1021417049121
1773690276,2881,353.62739115024726,60.644722628190266
1773690276,2882,211.6267400123908,261.9136416476262
1773690276,2883,382.5369980397048,55.59615740059632
1773690276,2884,100.48308310468066,230.04883383802513
1773690276,2885,97.31764876983027,293.8942204969052
1773690276,2886,431.40669747070746,114.73015609654549
1773690276,2887,148.50373081994726,270.1400681045316
1773690276,2888,155.34728993831837,64.78334696638008
1773690276,2889,352.30076758592674,203.61000867496068
1773690276,2890,293.9390866686573,42.28475527968222
1773690276,2891,135.8799563461134,176.55240363487357
1773690276,2892,142.6256291760815,23.360667167553512
1773690276,2893,281.545523647969,327.12520069919736
1773690276,2894,171.93297596677144,166.21519528150455
1773690276,2895,248.2701821180787,149.23009488808415
1773690276,2896,200.58440567412688,214.2811783721781
1773690276,2897,301.8308041009576,365.3359865681102
1773690276,2898,55.76952995966043,43.84599080653418
1773690276,2899,181.4094805772535,160.3297617050035
1773690276,2900,225.88786715921492,115.08083998047555
1773690276,2901,160.13324458612684,282.06197261702334
1773690276,2902,179.1980291287492,63.947123431646006
1773690276,2903,321.5244137073751,208.65526840254202
1773690276,2904,108.95018626018285,296.1859927417004
1773690276,2905,735.8627924005925,363.4359434154126
1773690276,2906,261.2331445239008,139.16073616825344
1773690276,2907,129.02929144995184,278.4323131611121
1773690276,2908,241.73980599706326,65.55171901044169
1773690276,2909,497.0285904783958,139.58455126072275
1773690276,2910,471.929998600113,175.0956524700667
1773690276,2911,662.3509847051322,71.55651151826488
1773690276,2912,468.66820440130607,307.9127356731636
1773690276,2913,289.7152297082935,190.9170982825244
1773690276,2914,388.36649680067876,107.49793665416898
1773690276,2915,212.12272260208297,316.45603158033197
1773690276,2916,326.392700878695,36.58243000953841
1773690276,2917,164.3344706954621,369.3307878272175
1773690276,2918,253.12349661065699,305.2749371612871
1773690276,2919,176.83849575547293,70.0849467867046
1773690276,2920,533.8986931430697,47.756457737988384
1773690276,2921,145.7711485893017,56.279552003903795
1773690276,2922,400.1423953801356,150.81375754296985
1773690276,2923,101.33165062480577,133.5854781224104
1773690276,2924,136.09055489643433,350.12097725689375
1773690276,2925,531.1440967206245,324.21704745219654
1773690276,2926,200.99659295704424,125.38185462407687
1773690276,2927,96.17933232752834,167.21904226018722
1773690276,2928,310.08200556234465,45.897955529700525
1773690276,2929,257.6703006454873,183.19885096469434
1773690276,2930,326.06093067473626,327.1026671149466
1773690276,2931,621.5486315254205,350.9260578081146
1773690276,2932,252.77361584318072,141.18046390435114
1773690276,2933,209.19085848876668,71.8738771280869
1773690276,2934,194.25722988737556,47.79259225475424
1773690276,2935,387.38172229639,45.071856656319525
1773690276,2936,70.06425825394966,66.0001566873337
1773690276,2937,174.04981733882593,89.53249181469276
1773690276,2938,69.06906613758625,328.3188228954583
1773690276,2939,439.351648096917,88.512345615376
1773690276,2940,129.97966713406427,142.5519020133956
1773690276,2941,159.3288359714905,80.759593148853
1773690276,2942,65.42217987108569,103.13285972740132
1773690276,2943,583.2133842961634,71.79318596784385
1773690276,2944,186.47063133377713,165.41508276956472
1773690276,2945,327.58053246528624,257.9049438849138
1773690276,2946,253.78696188442012,94.14644515676689
1773690276,2947,128.70508848673177,335.19011532016225
1773690276,2948,77.47869680349737,299.4504422285042
1773690276,2949,298.148498317139,61.328364621956304
1773690276,2950,100.38864724869806,294.2099843615446
1773690276,2951,129.20498007467714,158.28328572353232
1773690276,2952,275.43058225583,153.9730248975738
1773690276,2953,824.6311934141477,65.76409722808809
1773690276,2954,314.94604487788735,49.22090342232151
1773690276,2955,263.95754683534284,342.0586310008932
1773690276,2956,240.47121144039076,245.66483855414975
1773690276,2957,114.41871995380477,348.0117441732303
1773690276,2958,180.97665076385158,110.40157405755777
1773690276,2959,249.6730291640238,76.97511864984587
1773690276,2960,236.4221966730875,43.520160049469744
1773690276,2961,287.87691544338486,276.108925849666
1773690276,2962,200.90269316779455,63.68109560102819
1773690276,2963,174.07556752471618,343.63270111034234
1773690276,2964,422.0647597653267,60.655141424417444
1773690276,2965,428.50394869252267,322.6015933887608
1773690276,2966,155.99405650592942,322.25882979677584
1773690276,2967,106.07107508988375,52.69509057352261
1773690276,2968,301.39527544259136,78.45034329187351
1773690276,2969,370.23296719965964,47.428422043026394
1773690276,2970,150.3260602405634,371.05774347540165
1773690276,2971,235.81477475977104,96.79578894050006
1773690276,2972,311.70404938179325,113.75264861982903
1773690276,2973,149.63954091414678,67.33713352832966
1773690276,2974,283.57074617453674,185.77840410552474
1773690276,2975,338.87464880711303,56.80866942661119
1773690276,2976,294.6771947182272,44.363138580947705
1773690276,2977,110.25745882900067,319.90855732036545
1773690276,2978,396.17947298587586,93.40264370075344
1773690276,2979,406.39218025664087,297.18184574977465
1773690276,2980,91.41964752336797,143.18869801257168
1773690276,2981,174.24507477917018,323.69385365049703
1773690276,2982,472.9091615324757,354.6517353473762
1773690276,2983,204.47968033563276,41.592705283278434
1773690276,2984,66.53524334285044,19.84815983014738
1773690276,2985,296.0864322302232,32.80611268884708
1773690276,2986,422.00123274806873,136.52168609913224
1773690276,2987,380.6900228438084,285.4275966462315
1773690276,2988,280.1940030804881,48.577189773988074
1773690276,2989,257.30978936064963,107.30554792914316
1773690276,2990,569.0798975713923,263.5269336536836
1773690276,2991,141.9175948480766,144.03109904654227
1773690276,2992,506.96474687216374,61.378962663529144
1773690276,2993,277.19187454987775,238.63779855658294
1773690276,2994,418.0490995626306,37.4510232256929
1773690276,2995,139.13568327316406,313.4029652856296
1773690276,2996,556.4277907576823,138.4745855287765
1773690276,2997,399.15411314242345,91.19125399825897
1773690276,2998,178.93030070324454,78.0000394157054
1773690276,2999,222.2053288130093,352.8685896803754
1773690276,3000,196.36703740942616,42.45580817799602
1773690276,3001,235.75460065004071,304.3867613994364
1773690276,3002,318.57045898358484,167.93773250546448
1773690276,3003,93.47745433575163,361.44684212906935
1773690276,3004,127.42563443211613,301.5139729701176
1773690276,3005,881.9150075804599,55.84880171894177
1773690276,3006,136.54790140713237,28.116814362777767
1773690276,3007,689.52368044563,177.20391645905184
1773690276,3008,419.74285245151026,356.1205595457424
1773690276,3009,330.6193403030054,39.094575816325154
1773690276,3010,112.88295120064198,227.98816012618335
1773690276,3011,187.34140784804305,87.56638580453253
1773690276,3012,280.6568539307976,303.78834826627264
1773690276,3013,377.3892916100508,96.37069139017058
1773690276,3014,126.18372479713285,257.21624183773935
1773690276,3015,202.93558700220953,276.9284796916264
1773690276,3016,181.15997546069696,228.99712316451328
1773690276,3017,237.33988029196132,273.12383126164127
1773690276,3018,358.9884838028996,247.59168644749028
1773690276,3019,372.0420881244868,31.398601020281877
1773690276,3020,307.18701538057735,122.40304171638023
1773690276,3021,199.20806962530804,72.44347770854941
1773690276,3022,232.28087567801546,74.01891674532668
1773690276,3023,658.4665284499991,45.756232946084026
1773690276,3024,467.0877251040876,159.61399284392138
1773690276,3025,864.0643994656609,138.28983716008145
1773690276,3026,546.2634047671479,33.08214948544451
1773690276,3027,101.58284330896703,159.52209906287004
1773690276,3028,556.4851013815536,308.4433976616708
1773690276,3029,149.07609288760958,102.6322455931415
1773690276,3030,309.85232946044164,68.13574965476586
1773690276,3031,263.7842434826488,45.918877737076166
1773690276,3032,198.46323276126722,35.80011372528105
1773690276,3033,342.9673883656354,40.27789940398402
1773690276,3034,262.2832566132509,146.53285391326276
1773690276,3035,178.68106967076685,128.45077666909773
1773690276,3036,144.5677992950696,73.27320322856133
1773690276,3037,454.1180885774635,54.194746412419775
1773690276,3038,408.7692523245308,162.88006186866906
1773690276,3039,228.373830638802,152.39478528812197
1773690276,3040,337.02604387951845,79.8548961554691
1773690276,3041,207.2475748702987,144.00104523217402
1773690276,3042,731.2055734248189,337.30790877162536
1773690276,3043,292.8574110424514,74.42051018800974
1773690276,3044,663.406916886832,169.7300883026526
1773690276,3045,248.90982066457843,112.41959142998019
1773690276,3046,217.20710751334636,231.60383370322248
1773690276,3047,185.90152279769507,297.89310392130903
1773690276,3048,111.08337538052358,208.41047319526382
1773690276,3049,709.7909392259035,340.15581593038434
1773690276,3050,573.230188430948,76.40531831229683
1773690276,3051,256.3984235174162,109.05417627141205
1773690276,3052,240.5726056538373,340.28761805506144
1773690276,3053,458.42119478132395,286.1535328179293
1773690276,3054,113.50616260141636,203.54390701996402
1773690276,3055,226.28209607506312,164.46156735400263
1773690276,3056,290.70968684156674,273.3164360643226
1773690276,3057,501.0484489639302,37.35205913619683
1773690276,3058,315.39523943663744,269.7101767711848
1773690276,3059,194.81822881574755,211.43678894009722
1773690276,3060,432.62145378377295,305.7777205464536
1773690276,3061,331.1475226711383,64.79660055575235
1773690276,3062,449.56327210791693,36.56182102936809
1773690276,3063,213.08191075004683,49.653283475268104
1773690276,3064,503.1838655051733,134.3241965959005
1773690276,3065,234.11302775317043,85.67209814925852
1773690276,3066,374.2060691598861,45.521035010482656
1773690276,3067,273.82891439448105,57.66930292608363
1773690276,3068,165.0922269271482,177.69446602856263
1773690276,3069,167.64955855246907,378.1801817108418
1773690276,3070,110.62781595681433,360.8098050147721
1773690276,3071,224.647824350147,65.52912904794984
1773690276,3072,401.7365939452351,320.6721209249762
1773690276,3073,229.16000959161383,93.55100108233933
1773690276,3074,456.3222543968096,66.40815491351981
1773690276,3075,149.68207637608242,63.44520780398487
1773690276,3076,155.38518518485782,93.04510556364849
1773690276,3077,286.81180066007647,46.789765414150416
1773690276,3078,123.23120689230736,379.65110895255157
1773690276,3079,181.17971232154994,276.3774543537205
1773690276,3080,169.58167660432113,226.3642943358084
1773690276,3081,436.92385843588784,219.8782472796871
1773690276,3082,173.43772429598081,212.66902801548977
1773690276,3083,347.4837034658276,57.796180426763364
1773690276,3084,326.1022006920088,149.15641275401018
1773690276,3085,133.7616058215263,166.10278851092232
1773690276,3086,863.7200960355838,48.24398207405319
1773690276,3087,269.3012909751778,112.40959974836193
1773690276,3088,965.8636209851525,69.31754618946455
1773690276,3089,286.2479700189855,67.64390183005072
1773690276,3090,406.93071121269884,83.6609345185514
1773690276,3091,428.58562862693196,177.247775358754
1773690276,3092,140.8832152262641,90.76936228154385
1773690276,3093,460.0031772418566,58.552488380791864
1773690276,3094,274.27693553382534,289.4530731373088
1773690276,3095,244.10743918764993,68.02842469540602
1773690276,3096,158.02798349916748,189.60337305950503
1773690276,3097,580.75515229907,251.31653320780669
1773690276,3098,168.41719308045654,134.16129028969937
1773690276,3099,278.65249924054115,35.35714683795396
1773690276,3100,193.70480342134994,98.48406837283062
1773690276,3101,345.7190633660993,85.6587039036041
1773690276,3102,296.72656896854215,264.1473133704007
1773690276,3103,310.48683078928724,51.329051179408566
1773690276,3104,335.07829186362136,80.14584222484962
1773690276,3105,187.39799353617553,347.8661879376419
1773690276,3106,248.40816758499878,31.962929391779312
1773690276,3107,389.91934593803455,49.029619513041496
1773690276,3108,217.96447330644017,273.22073193379725
1773690276,3109,740.4400613165708,337.1622213846388
1773690276,3110,414.583697974732,183.00100166438062
1773690276,3111,293.12680314754925,93.86362381635888
1773690276,3112,286.06290535780704,68.75751203244631
1773690276,3113,185.02059835984625,420.58026171930396
1773690276,3114,147.6395691155118,70.35823320181207
1773690276,3115,389.4392263240085,57.86054118849798
1773690276,3116,207.944899617663,322.4922740927474
1773690276,3117,143.45705215952884,115.83681686278568
1773690276,3118,294.31457854016736,55.76017517936124
1773690276,3119,297.83434079071486,312.28936583148334
1773690276,3120,696.5951172559203,193.83231717579923
1773690276,3121,84.30500943217332,39.157076083029764
1773690276,3122,151.9635059803068,52.5373756269707
1773690276,3123,284.55318772851854,289.39375046811455
1773690276,3124,166.72062553000256,164.1277550249009
1773690276,3125,122.33282861364462,289.2102004603943
1773690276,3126,127.07441118546417,357.1772135762819
1773690276,3127,135.98652519585164,164.0263858689072
1773690276,3128,341.3661216367014,31.35025078412741
1773690276,3129,131.35775166277799,232.23374777703387
1773690276,3130,120.03840744451928,96.84214982496769
1773690276,3131,199.5396450949628,89.25764926897375
1773690276,3132,692.7387336331451,53.64576352187738
1773690276,3133,270.1232074701951,312.074589132032
1773690276,3134,347.20782057725734,68.6502875079327
1773690276,3135,360.6702807771419,50.929018874701406
1773690276,3136,451.16530458331334,83.63028067706901
1773690276,3137,452.6545803675746,125.73850970144966
1773690276,3138,341.7896793724552,57.689490686020356
1773690276,3139,585.8853896480334,169.4912040390546
1773690276,3140,181.00508681670786,50.02959126469503
1773690276,3141,504.7674485832325,348.25068580340275
1773690276,3142,165.943522700313,168.63239294440692
1773690276,3143,285.5833975988942,279.5752570711823
1773690276,3144,269.0499394548762,134.5568471761017
1773690276,3145,486.35513958182685,249.99106409662124
1773690276,3146,182.8730038926073,70.65066916614325
1773690276,3147,107.74099169099482,71.56249377663082
1773690276,3148,228.3497157540798,372.1029148240327
1773690276,3149,254.88447599828228,232.15699121455683
1773690276,3150,324.49224168266153,53.72405699394611
1773690276,3151,465.86249129080016,159.479702404972
1773690276,3152,230.4484065198637,212.21873969917797
1773690276,3153,144.6075232062651,361.64402077059805
1773690276,3154,256.8779855920758,55.21609590406653
1773690276,3155,478.9861750968522,298.7333849800083
1773690276,3156,290.7332998773991,52.41786792608226
1773690276,3157,633.7677916941958,116.42594953956598
1773690276,3158,192.6183507263168,341.4098714512083
1773690276,3159,162.7377076649231,117.05976996727227
1773690276,3160,520.3901150188198,171.61923937726135
1773690276,3161,442.14717199872786,63.37744078549485
1773690276,3162,390.11414258211687,185.04964688371751
1773690276,3163,258.79550434900926,44.738680868671445
1773690276,3164,314.98087510956066,82.47948395026786
1773690276,3165,309.074451706613,168.74507753295242
1773690276,3166,164.60216787089837,55.68951193810454
1773690276,3167,85.05086558521776,249.02341087502055
1773690276,3168,357.66113856130175,114.36333728590704
1773690276,3169,95.4943857902545,61.33220920063333
1773690276,3170,829.0788114717107,60.847968243388976
1773690276,3171,234.5786094170241,82.11288142871676
1773690276,3172,126.9620243392621,293.4657836256478
1773690276,3173,710.4050332677557,43.52333648042795
1773690276,3174,561.8316351107205,176.59267781011928
1773690276,3175,117.376745449711,186.67737112580306
1773690276,3176,450.9526932413493,71.09110226266395
1773690276,3177,596.4876499922094,79.45242014182021
1773690276,3178,601.7381678681659,122.53440692469196
1773690276,3179,309.9564960631673,89.80458721271604
1773690276,3180,286.509500952307,53.84207177202286
1773690276,3181,500.64929181358593,388.0902043893998
1773690276,3182,234.45657968806537,94.88771793897418
1773690276,3183,255.6126511607223,316.9922187985681
1773690276,3184,169.66991700720632,414.342897161575
1773690276,3185,190.69396272098513,44.29349877096439
1773690276,3186,160.05250424744023,94.30153100023124
1773690276,3187,197.76044443216995,296.22789255780265
1773690276,3188,133.37567530392178,61.26795300789752
1773690276,3189,181.93893494772786,101.43785069183303
1773690276,3190,283.68736446646534,63.13169048286709
1773690276,3191,468.7028100148337,189.9242703512124
1773690276,3192,519.1888324227946,101.95107761405029
1773690276,3193,384.5587579376353,92.69573234819175
1773690276,3194,109.02443051877898,219.47770217834403
1773690276,3195,321.9320803094197,66.57818579677186
1773690276,3196,369.38274417321753,23.88759216026081
1773690276,3197,216.6187995667184,274.6470495341144
1773690276,3198,538.6118624184955,53.445342397089576
1773690276,3199,121.66180641770845,208.5596598195191
1773690276,3200,277.5312209564901,357.85194094749556
1773690276,3201,1172.050374258345,81.59289259911652
1773690276,3202,414.515612944612,219.9804496304871
1773690276,3203,107.0674363453193,239.18073619890615
1773690276,3204,176.5483570148776,56.48352888523559
1773690276,3205,373.53073091471106,158.4026736739477
1773690276,3206,305.83531182096755,344.0322588231974
1773690276,3207,757.6798974703723,155.67532130416515
1773690276,3208,189.86774836650923,174.7305995512727
1773690276,3209,95.05356488954321,85.06027794222932
1773690276,3210,267.6649338977261,179.08504662033252
1773690276,3211,373.7328325925985,87.62739226889816
1773690276,3212,402.58291776222285,204.9620061146781
1773690276,3213,100.4160381463915,174.45435422735935
1773690276,3214,180.29558841151697,302.88660523362853
1773690276,3215,543.9306777789694,43.363935600138255
1773690276,3216,152.83059659465704,220.61099882295463
1773690276,3217,131.5579415123774,285.64662438148036
1773690276,3218,213.31115248622933,311.9044449585623
1773690276,3219,37.116715556782346,55.4673711580184
1773690276,3220,131.11679063272922,63.078337018185955
1773690276,3221,310.1871670565169,308.2593687675847
1773690276,3222,99.93051590112088,147.18577799165283
1773690276,3223,537.5591193415496,219.19557379987316
1773690276,3224,452.9771838205661,57.587974528167905
1773690276,3225,264.0080200479308,174.90840607091445
1773690276,3226,568.5159048134575,48.16638266447373
1773690276,3227,233.76241625477977,38.92992397282925
1773690276,3228,911.1975237170612,331.71427479824183
1773690276,3229,260.9243673022123,58.89723149169898
1773690276,3230,338.3809411191549,50.86731158043357
1773690276,3231,367.26941703128153,96.4376880794296
1773690276,3232,188.60802124248568,313.6015897024121
1773690276,3233,730.8579148410201,77.13846052358312
1773690276,3234,380.3677821470937,154.6591297549279
1773690276,3235,341.1338218774531,82.73655479855721
1773690276,3236,337.38302093738037,183.49830644478172
1773690276,3237,659.5260017982378,69.00483991865792
1773690276,3238,387.79448672909336,366.38887700481024
1773690276,3239,441.15590404507543,142.0277332367921
1773690276,3240,607.2450157898087,165.72276065812576
1773690276,3241,365.1181224832154,73.00320655629366
1773690276,3242,225.09344867706295,308.4452000572631
1773690276,3243,740.124761783794,330.1087522062761
1773690276,3244,356.99788751159235,133.07550160399938
1773690276,3245,539.3991631252184,66.46465789989244
1773690276,3246,321.31233672926544,216.9020052703174
1773690276,3247,91.41335091692584,145.25972249858523
1773690276,3248,49.63230077815909,100.63913856716619
1773690276,3249,227.868021641261,195.66117441365932
1773690276,3250,393.085850302088,243.00966720316532
1773690276,3251,210.2680205845472,75.55621846952121
1773690276,3252,85.98817140106803,218.34802825617146
1773690276,3253,205.84502175749466,44.13700458468091
1773690276,3254,246.57333557685018,140.27761286229207
1773690276,3255,328.89166155906656,92.78245759995235
1773690276,3256,181.51733279709043,318.2471500329746
1773690276,3257,195.6183625923017,126.97188869658783
1773690276,3258,199.1304332038067,231.9555252639598
1773690276,3259,121.3932209829868,194.49172059169405
1773690276,3260,288.84533855814806,55.61937901786557
1773690276,3261,355.69345426840425,98.21450616059381
1773690276,3262,377.05074290353525,70.76508558083758
1773690276,3263,163.81327354925563,347.203416166658
1773690276,3264,251.63014804461096,88.4785649739561
1773690276,3265,223.87996534100805,35.21559125861931
1773690276,3266,181.90840243384608,310.0945299593116
1773690276,3267,561.6492882042387,46.44154195241091
1773690276,3268,307.4063616504082,198.6191181211735
1773690276,3269,181.65175117668204,354.48759078125966
1773690276,3270,256.6529219589079,265.45790226735244
1773690276,3271,128.3317585625145,267.3557842716851
1773690276,3272,247.70844440958507,52.45005293562938
1773690276,3273,32.065283561794594,40.26112889029516
1773690276,3274,440.59849178937066,339.27749527642294
1773690276,3275,318.4772668465341,61.761955454596645
1773690276,3276,322.4419972806492,214.96784851030014
1773690276,3277,126.20935714502154,107.1393706474291
1773690276,3278,464.73061238841217,102.18858976043619
1773690276,3279,247.7398265758866,57.30517675069805
1773690276,3280,187.13111753033849,199.58995658061582
1773690276,3281,402.6765861714505,159.39332181407093
1773690276,3282,226.50367216094253,32.07913908313462
1773690276,3283,213.54893519900892,362.1021159508201
1773690276,3284,419.2159837890458,177.32036699428036
1773690276,3285,90.75840164902168,225.38481804971363
1773690276,3286,100.89196581495727,407.46726242269756
1773690276,3287,575.3837924312988,103.83881409406449
1773690276,3288,176.7914089708396,218.24102100569337
1773690276,3289,250.65367553771955,70.98060425362657
1773690276,3290,319.7695768730009,92.86355346506699
1773690276,3291,153.8074944643263,232.27279083767868
1773690276,3292,220.56454585663448,147.57411949132833
1773690276,3293,791.4448308632733,123.61605142036866
1773690276,3294,350.5261785205858,103.58900143392839
1773690276,3295,194.56256997655208,239.53586955815317
1773690276,3296,242.79356487686684,294.381488528146
1773690276,3297,563.3891321069599,115.67102150816022
1773690276,3298,221.25720636085876,103.86855266443202
1773690276,3299,180.59071163510382,153.82383356578117
1773690276,3300,247.78356313016684,86.50106827723653
1773690276,3301,337.4898158879864,86.75161433995291
1773690276,3302,120.61074525629155,184.6415206675846
1773690276,3303,299.24796363341267,39.665827884412884
1773690276,3304,106.45498233488622,144.4345463345901
1773690276,3305,242.26440494316432,55.207339683433695
1773690276,3306,435.4484488386351,78.7023059701252
1773690276,3307,219.5775550742805,308.8890645979204
1773690276,3308,254.84229455914846,298.1562532316955
1773690276,3309,497.6138302926013,297.58038148275153
1773690276,3310,628.0352689884419,292.7176434113999
1773690276,3311,358.7940626440455,297.8415321820636
1773690276,3312,278.76189581646116,343.42684557756724
1773690276,3313,224.43165654736373,104.30398320416015
1773690276,3314,428.9354086066893,313.7753955060414
1773690276,3315,412.84941908781735,263.340206782477
1773690276,3316,169.80370241840765,57.19753720832931
1773690276,3317,104.97049524784276,271.6066295683626
1773690276,3318,193.7799630135908,233.94003458307125
1773690276,3319,142.3681966488137,319.9975969861679
1773690276,3320,193.4849392356009,312.1087838223326
1773690276,3321,228.24312734164704,43.0261691088275
1773690276,3322,105.17708087221924,165.94601025220206
1773690276,3323,220.52802031277136,245.1118754795712
1773690276,3324,239.26307094121717,385.82482466738304
1773690276,3325,287.66333920445686,39.60049511564108
1773690276,3326,69.70249613872572,38.57186493500794
1773690276,3327,227.5263213222221,141.95916483527603
1773690276,3328,409.32166934011246,304.5542265187515
1773690276,3329,231.0293150279505,43.83348328966218
1773690276,3330,419.302470134035,63.031890916831046
1773690276,3331,482.8585935669891,53.18648309452557
1773690276,3332,108.40774084124133,72.71694779963799
1773690276,3333,262.85927048329256,96.29169437897171
1773690276,3334,351.8583877669709,329.6570208543248
1773690276,3335,190.33420588226713,30.07597005648039
1773690276,3336,183.3611356686302,58.918346880461165
1773690276,3337,218.86337517427737,154.61784450372014
1773690276,3338,323.3081750137704,111.77957843638315
1773690276,3339,225.18975106263053,147.54926598528675
1773690276,3340,187.3496600898174,346.15516324998697
1773690276,3341,306.6679653775447,154.80421002435793
1773690276,3342,102.92716230840877,71.67233140221845
1773690276,3343,272.4218515817525,213.76152598824606
1773690276,3344,438.1333461000134,112.23688064360702
1773690276,3345,206.75914501168887,91.54545675618616
1773690276,3346,372.42546885480203,282.85444293470954
1773690276,3347,278.8834962843109,286.80546001954906
1773690276,3348,174.96810379735183,303.7611882430634
1773690276,3349,352.86928612523485,36.869385288604754
1773690276,3350,254.57960099090766,92.4927555547832
1773690276,3351,390.1390617654326,41.06516744204429
1773690276,3352,211.55787177150856,338.58436264090597
1773690276,3353,195.4784158565025,116.3780837428753
1773690276,3354,293.7141910100779,73.88185739110772
1773690276,3355,211.68696105780077,113.6557262692053
1773690276,3356,533.6496004898075,321.7237731406193
1773690276,3357,365.2539158638343,325.4253384130712
1773690276,3358,325.15441289992697,62.19406702051522
1773690276,3359,114.47382399753135,322.31191552902214
1773690276,3360,291.32083128270546,368.11412442173804
1773690276,3361,179.4101511216405,76.1177377221763
1773690276,3362,214.64293060560462,209.6536190073299
1773690276,3363,203.44552657724523,370.14578339452663
1773690276,3364,430.5722791197256,64.52513405443283
1773690276,3365,267.1236592397007,107.79737931906298
1773690276,3366,672.3915624295757,281.52664546913286
1773690276,3367,249.0555733970117,246.42469397595434
1773690276,3368,191.47962511958264,238.23491133833699
1773690276,3369,464.7835986490439,47.33147726600384
1773690276,3370,92.80098490979587,325.5052140095339
1773690276,3371,441.03019205162053,172.29608785348668
1773690276,3372,187.5734513222164,244.356133025091
1773690276,3373,210.14442192526843,307.6341207897348
1773690276,3374,151.53066370952322,349.9527214630061
1773690276,3375,287.8309203231596,65.51951636718066
1773690276,3376,184.94448489028974,102.58615773376184
1773690276,3377,520.4409963523717,61.93363440937907
1773690276,3378,443.29725602633135,113.76281682883769
1773690276,3379,376.93521209956907,95.88638056173505
1773690276,3380,179.37511048242365,271.52521294615286
1773690276,3381,168.65476818216123,72.84684319715018
1773690276,3382,138.2228994058428,323.8009539252807
1773690276,3383,451.3810242760864,70.21904068907139
1773690276,3384,516.5438077891886,287.80167672202214
1773690276,3385,381.7842484975142,106.29039466310101
1773690276,3386,509.5940605946857,288.4869118721596
1773690276,3387,453.7915572709997,64.8243090996518
1773690276,3388,303.8640340773155,151.9696334759104
1773690276,3389,371.9414518248388,234.58959599537752
1773690276,3390,263.0854647980245,230.41316267750855
1773690276,3391,493.86775083307197,342.04424507646877
1773690276,3392,271.01200813593726,41.438197940154055
1773690276,3393,496.05278371052805,204.01076380129535
1773690276,3394,899.7602465963384,128.40620790853288
1773690276,3395,247.4562711007358,156.01320005748005
1773690276,3396,350.18539290065576,233.0415765274137
1773690276,3397,187.01249910646735,185.23698541088672
1773690276,3398,293.62599670007876,366.40734836087415
1773690276,3399,140.30844863958967,331.99621397725997
1773690276,3400,512.3162180553142,77.59884018278672
1773690276,3401,261.41233594899427,372.26147871819876
1773690276,3402,353.73172957284805,73.35766275704609
1773690276,3403,217.35778417923657,77.43237438905875
1773690276,3404,351.74131034030336,349.9866784578371
1773690276,3405,126.7937562472024,340.7127738643351
1773690276,3406,267.31940318122133,72.53472799628652
1773690276,3407,988.738413866462,94.37273920993837
1773690276,3408,730.1513990657686,313.31636781335993
1773690276,3409,179.61565661565288,324.2103225029888
1773690276,3410,211.2268304853403,41.800274753157055
1773690276,3411,554.8587251768988,140.17101260379582
1773690276,3412,106.82532851905538,33.40011784806179
1773690276,3413,473.85832233844553,85.26943319721732
1773690276,3414,250.5927982167816,279.1996648287113
1773690276,3415,216.83648279881504,374.94120015102015
1773690276,3416,300.9284219869551,215.96611021375688
1773690276,3417,140.44618912552798,406.4763522524256
1773690276,3418,197.70789060701915,85.45491484415167
1773690276,3419,645.218622324961,171.3712479238797
1773690276,3420,165.11989592214198,314.66888062194687
1773690276,3421,283.16823201723975,55.21209788446265
1773690276,3422,132.78706255797803,313.3554658682668
1773690276,3423,354.90947658214606,305.5826700241595
1773690276,3424,335.05275604166025,45.35361105761018
1773690276,3425,449.5219569327691,110.01418297265147
1773690276,3426,376.45094510409405,224.11492951808637
1773690276,3427,987.373067364085,90.60317499026358
1773690276,3428,356.5328064346715,336.04767180002875
1773690276,3429,273.98776260654205,293.84588729471943
1773690276,3430,153.7113835998941,338.1912315734962
1773690276,3431,136.56412818369958,328.84462316191906
1773690276,3432,443.47086269384033,81.47246528898684
1773690276,3433,300.21771172042565,371.5829185725233
1773690276,3434,131.34512234828674,127.32566892840394
1773690276,3435,164.7617739078715,42.9296946933617
1773690276,3436,343.2312520921468,168.98129485269843
1773690276,3437,193.7058292532277,330.7016278693908
1773690276,3438,436.58881050248823,112.30087727591058
1773690276,3439,344.3635858248079,337.5231668314371
1773690276,3440,199.77040682542523,233.26488997747038
1773690276,3441,163.5656884372447,72.56083964350265
1773690276,3442,156.79462305749064,318.9235069958336
1773690276,3443,120.05340201237671,71.85886009611764
1773690276,3444,139.19477053813134,128.09133598851187
1773690276,3445,361.7818165807142,174.02712613516243
1773690276,3446,391.92212084150106,309.46911408958204
1773690276,3447,347.76795246703256,362.5153971525684
1773690276,3448,163.40078464154826,97.8228422270682
1773690276,3449,557.1372386042345,284.24005629561094
1773690276,3450,107.44207919367277,137.9067179887594
1773690276,3451,420.57001616449566,184.98288847846214
1773690276,3452,211.9111501985057,150.34355190190877
1773690276,3453,139.10764278109124,137.08202235774874
1773690276,3454,120.37219123121201,392.63310910640706
1773690276,3455,121.86527375002352,362.31152691535345
1773690276,3456,413.35761609802546,86.33625384882725
1773690276,3457,110.11728014904287,224.11880504521
1773690276,3458,433.3650715841109,63.39940988917242
1773690276,3459,271.95288482334394,84.64684680227826
1773690276,3460,202.07658762298314,230.5979700057494
1773690276,3461,175.9436303102789,46.85563738257189
1773690276,3462,169.67905844832393,273.1637387151267
1773690276,3463,197.8534955018724,33.777130509305586
1773690276,3464,391.6501393094754,313.78244102467966
1773690276,3465,418.50543133765456,96.6721515623786
1773690276,3466,151.77201722939222,61.83996528827927
1773690276,3467,170.4983426465318,232.89399544283052
1773690276,3468,198.2197436473978,50.136249341307334
1773690276,3469,258.66080185790986,324.2317607683404
1773690276,3470,313.6650586323932,336.35212638217575
1773690276,3471,541.3477961075165,83.30563448306788
1773690276,3472,513.6478436338725,62.86426335031999
1773690276,3473,224.90547420783565,331.88782135431774
1773690276,3474,147.42937645911866,48.66313579321232
1773690276,3475,84.55898151800761,196.4336178401548
1773690276,3476,120.64637604476688,353.63046324522384
1773690276,3477,91.10152067813033,299.39886577614817
1773690276,3478,384.81030180496674,248.30321167717526
1773690276,3479,263.3938096952341,266.1596079223415
1773690276,3480,133.44121845639347,190.14935431220087
1773690276,3481,329.0892753509084,84.65281484199474
1773690276,3482,194.5890641957669,53.43841720626089
1773690276,3483,207.53534186992667,88.11892254052648
1773690276,3484,243.79480937395078,108.86976324045551
1773690276,3485,384.39693551833454,137.56236188940466
1773690276,3486,272.94091141839306,380.5844443603497
1773690276,3487,180.7922847299673,299.4923476894587
1773690276,3488,364.2837055323874,49.37227328659367
1773690276,3489,906.6670224943347,87.49158506394846
1773690276,3490,531.597301639395,239.5248100606091
1773690276,3491,271.9350895339494,363.06694511362645
1773690276,3492,175.4403409030573,94.17601508297015
1773690276,3493,210.5239227463458,75.88698734163744
1773690276,3494,174.9198112311972,77.88532818947654
1773690276,3495,60.417552579999956,220.44396380853203
1773690276,3496,265.12203426961895,72.01417177758026
1773690276,3497,666.7742551881827,322.21424277651835
1773690276,3498,341.23168928353533,353.3912270110118
1773690276,3499,261.734050198291,55.03499020936228
1773690276,3500,459.89014298420494,181.06364652492869
1773690276,3501,239.77765412261735,84.00565571280458
1773690276,3502,244.96224350603245,263.19553144974725
1773690276,3503,438.45121009401447,206.6159228196262
1773690276,3504,307.0100151794925,65.34822870484888
1773690276,3505,255.84362378600417,282.98304851633486
1773690276,3506,150.88859791585068,75.36275884153207
1773690276,3507,307.7288936333239,181.08247670902213
1773690276,3508,810.6615142744298,348.4159712288454
1773690276,3509,569.6292317787472,353.1632960003798
1773690276,3510,290.03669871080376,330.04806289632853
1773690276,3511,466.44903210115785,383.59546057656644
1773690276,3512,612.391583455063,46.6752790960074
1773690276,3513,383.26719163264244,105.41656828751809
1773690276,3514,211.0512731928049,302.57837434655966
1773690276,3515,420.21741218143205,376.3774321104398
1773690276,3516,321.9753099326757,355.51098315588627
1773690276,3517,260.6419867537521,71.24547980344754
1773690276,3518,245.6370492951581,357.55260794910816
1773690276,3519,615.344556783399,46.6401530456635
1773690276,3520,317.72911292433656,361.9245552561809
1773690276,3521,309.19237680356497,326.80067750115137
1773690276,3522,79.51085227931888,331.99858529110656
1773690276,3523,228.96896351201642,65.12863554962897
1773690276,3524,287.639198057439,65.6013710703013
1773690276,3525,621.3356543623772,197.37004440280876
1773690276,3526,93.46777748918286,209.79474475545658
1773690276,3527,172.88026709756252,290.4875744417192
1773690276,3528,178.45664927285065,292.24070393789367
1773690276,3529,645.5571645732267,180.34660682439002
1773690276,3530,493.4112586233893,61.543472266119466
1773690276,3531,242.15739357150187,324.9375668152696
1773690276,3532,293.33593006552013,55.38015805857215
1773690276,3533,498.9357827860185,133.43682781892073
1773690276,3534,115.93822701449521,200.6804981168525
1773690276,3535,685.3705372783153,40.038445281459204
1773690276,3536,278.39504086690016,214.55807422703757
1773690276,3537,194.16626712334582,219.17093144277104
1773690276,3538,149.2644211177187,141.2539938489064
1773690276,3539,193.44478062374776,305.54485385915916
1773690276,3540,284.8070813994322,201.14267771281845
1773690276,3541,123.92363901145663,225.6814902516848
1773690276,3542,389.5910071230688,249.7575155816462
1773690276,3543,113.91894961473777,231.47457028705128
1773690276,3544,289.5572708350978,81.7236489994467
1773690276,3545,282.57496295758705,65.40486418941744
1773690276,3546,491.5869322315104,52.53144354226761
1773690276,3547,160.7748291804625,54.80672320982746
1773690276,3548,137.70499938813586,140.96623166256344
1773690276,3549,310.08304451613884,70.2878571442225
1773690276,3550,479.5592104427516,101.26689062746927
1773690276,3551,558.1932332551474,77.08700558143133
1773690276,3552,141.01441927604438,131.8452675312617
1773690276,3553,177.4060807380656,357.2368451225283
1773690276,3554,310.63315629141556,71.49900354872786
1773690276,3555,295.28573016130844,259.4671816231994
1773690276,3556,85.50146257358455,212.78037216060892
1773690276,3557,184.38057838987302,59.036247067041714
1773690276,3558,317.3956115918094,298.3094241192096
1773690276,3559,126.5290414920907,54.54850007767805
1773690276,3560,850.2905593604619,151.83936833407859
1773690276,3561,75.30062634463125,97.19035971242788
1773690276,3562,464.99050160000667,161.69325074597626
1773690276,3563,357.6715315918972,69.1275836343102
1773690276,3564,336.4015555137518,291.96572330380894
1773690276,3565,421.36174281532743,154.97564130475124
1773690276,3566,462.4545242544816,88.28533423548843
1773690276,3567,157.50128898822558,208.65478802511385
1773690276,3568,352.3962391211594,291.8497170568415
1773690276,3569,323.4001531214203,224.63321645915434
1773690276,3570,374.3078667819148,318.0259346835777
1773690276,3571,247.06291216523772,134.94196904149055
1773690276,3572,209.1710122411216,65.6462715519059
1773690276,3573,241.49695125476026,66.12567358940437
1773690276,3574,686.2767760091704,63.79674066763609
1773690276,3575,413.357961429759,264.3705679225291
1773690276,3576,117.5269411072341,109.91065013006323
1773690276,3577,447.32186068060645,301.61966947036814
1773690276,3578,340.2012143203196,145.73684288837472
1773690276,3579,426.936645228299,31.215818665134805
1773690276,3580,162.24482411604788,361.980031033124
1773690276,3581,340.48939245482626,98.88555323411536
1773690276,3582,337.7898128824405,83.38690628025815
1773690276,3583,390.01556182022586,35.04723806767606
1773690276,3584,281.58593442515405,76.35285349301112
1773690276,3585,354.85883081001003,46.522076218565914
1773690276,3586,646.3908692001877,320.00314985087425
1773690276,3587,751.0272163297072,321.1509261185334
1773690276,3588,247.24868351188783,83.14169846358195
1773690276,3589,273.36864190179733,274.4999071801714
1773690276,3590,119.28261828808557,18.71029385446369
1773690276,3591,207.59781502710607,55.759490063146536
1773690276,3592,280.0411080355856,279.3820816880759
1773690276,3593,278.6223887350063,100.4075712954484
1773690276,3594,297.8180932633439,183.69280415342533
1773690276,3595,260.2426293638561,332.23606268742975
1773690276,3596,604.5595905176829,71.01092483967064
1773690276,3597,239.80562149473275,272.2268720590755
1773690276,3598,245.00765770615186,348.7448074669626
1773690276,3599,595.2756906004431,237.74115950911877
1773690276,3600,235.35677704018158,289.79813637388094
1773690276,3601,310.2972347847697,333.50718741286687
1773690276,3602,120.05775591633056,75.93577049671885
1773690276,3603,354.7123972236713,333.2904579892535
1773690276,3604,263.2107843393601,358.12883736933986
1773690276,3605,1165.3170334002334,80.81588322868471
1773690276,3606,260.65760211058006,142.6865810792823
1773690276,3607,157.82238617235132,109.91564659129428
1773690276,3608,136.4747617566383,132.84984903345054
1773690276,3609,346.75532316030984,265.7379153024293
1773690276,3610,216.09248350585926,40.960527006982424
1773690276,3611,169.96724936914342,281.6133888048041
1773690276,3612,212.42962086430987,260.173749816929
1773690276,3613,209.44919409156634,80.17125574754972
1773690276,3614,244.2684035222511,44.391577370913325
1773690276,3615,379.98243225818305,87.43255797377088
1773690276,3616,280.65664528341205,96.831713773573
1773690276,3617,369.8610446415693,100.9439389428302
1773690276,3618,736.7045012454722,227.50026339041816
1773690276,3619,200.98462978595737,250.82393802692178
1773690276,3620,132.99080123699656,124.2061258810034
1773690276,3621,106.3928453088987,130.96356690876232
1773690276,3622,285.63287169190045,122.50905133449757
1773690276,3623,760.8600252749488,268.65590457796674
1773690276,3624,846.0950054967465,321.8013465046382
1773690276,3625,161.3110900885104,83.13862621083987
1773690276,3626,269.1796272336697,296.8797159842082
1773690276,3627,100.59835290908592,206.33336807259425
1773690276,3628,380.26129240633657,67.18917106161575
1773690276,3629,346.41436772791275,237.44115810111623
1773690276,3630,236.82732813930787,56.757684227304374
1773690276,3631,618.9365372809305,33.80480955285159
1773690276,3632,139.61543107815402,239.64519206252822
1773690276,3633,227.97825028206125,198.52419620952858
1773690276,3634,154.64739380196136,376.7279828574009
1773690276,3635,283.5802490907465,204.8618202583007
1773690276,3636,353.36531517604146,290.5416296352781
1773690276,3637,216.56837810603906,232.9163368103308
1773690276,3638,561.2954807252682,349.9312870252062
1773690276,3639,147.26224892280968,345.2743712222927
1773690276,3640,210.85179266896031,135.58427772422795
1773690276,3641,289.1353171671748,358.12110675785476
1773690276,3642,185.18688691000622,326.315077551685
1773690276,3643,406.90537911154667,35.99432237257629
1773690276,3644,178.1197775863874,272.07178828197226
1773690276,3645,324.19117166243706,79.08003833874304
1773690276,3646,265.4898932949796,206.5907253674508
1773690276,3647,386.2807166641183,58.56435078617288
1773690276,3648,198.61703240980526,330.49564759093806
1773690276,3649,318.4791276273195,167.79476433426285
1773690276,3650,406.1946867371569,59.87156505211472
1773690276,3651,789.4065294002247,295.4777699282523
1773690276,3652,261.4363485652726,34.925445899002014
1773690276,3653,88.53485130859673,419.48713308789297
1773690276,3654,317.4956958828173,347.53143936430575
1773690276,3655,233.12585869748457,34.22703702381643
1773690276,3656,338.59069258649413,283.84663212518126
1773690276,3657,342.6189500658306,227.07114050121908
1773690276,3658,691.6078713809812,223.20461742709384
1773690276,3659,413.5714642800692,307.2393345930546
1773690276,3660,131.06000960906619,94.08747193834523
1773690276,3661,108.31672700305025,167.40959297717433
1773690276,3662,316.3499112545285,340.32711926866125
1773690276,3663,784.0441058988234,65.99944576890366
1773690276,3664,148.3962803821027,149.71828839072197
1773690276,3665,136.01900702158594,57.91753129805103
1773690276,3666,208.32898232438615,295.1863690481554
1773690276,3667,382.96086771269853,63.714116808298485
1773690276,3668,367.71362955605633,51.11420592144807
1773690276,3669,192.58196704997948,265.70351841001644
1773690276,3670,173.91522290576896,54.62061724789867
1773690276,3671,159.7340872104946,323.35844190464366
1773690276,3672,1311.6486147531277,82.04699690697157
1773690276,3673,241.61657559917046,235.66889719328515
1773690276,3674,559.7815015701249,74.84079522505048
1773690276,3675,234.82996229018886,53.37184498702613
1773690276,3676,238.441843016123,339.60740512009966
1773690276,3677,339.8747642385335,231.96499981464723
1773690276,3678,208.8869896457699,105.70277257517924
1773690276,3679,849.0382074803242,48.499278733124534
1773690276,3680,132.69492709426808,382.5901486556279
1773690276,3681,343.953802256397,387.7491271296667
1773690276,3682,346.48745778293795,221.44197141870688
1773690276,3683,147.23635080770845,375.11289450586884
1773690276,3684,407.52475412421467,66.87453620906398
1773690276,3685,405.4017714580254,252.22224311911867
1773690276,3686,725.2143273155558,55.59707802882558
1773690276,3687,773.2546492590657,174.80187179181905
1773690276,3688,785.7965263359024,230.2689811039154
1773690276,3689,348.6008341207963,103.56429688052908
1773690276,3690,146.3484903930605,68.35602201096935
1773690276,3691,245.94849616511652,151.51501037483922
1773690276,3692,618.9605154714923,275.63615543351295
1773690276,3693,279.4502616961802,342.0686984377145
1773690276,3694,133.20367677934294,76.69108980488713
1773690276,3695,187.81213366144442,379.9065705801651
1773690276,3696,129.08526396698457,62.92912296916489
1773690276,3697,419.4073965772437,136.84032890828445
1773690276,3698,240.50996607935443,183.76151804235133
1773690276,3699,150.86660484236754,182.25904743139154
1773690276,3700,297.6452903578613,228.99264482554693
1773690276,3701,566.4801750497791,327.1099551387552
1773690276,3702,701.2557433289957,352.7004615742711
1773690276,3703,207.78423810229023,36.44301129280568
1773690276,3704,106.7209358172988,235.57091008068554
1773690276,3705,195.30205096592633,259.4687571146336
1773690276,3706,576.8009903793123,76.91614660208005
1773690276,3707,137.72209401469783,307.41938026518096
1773690276,3708,183.34901138595288,315.7658734946831
1773690276,3709,284.8144161168255,387.36730727659915
1773690276,3710,94.8384593474677,112.16462628582
1773690276,3711,119.2784399324101,159.93532597543688
1773690276,3712,273.70050877440764,39.429329440930765
1773690276,3713,141.4219135458045,367.36333572993425
1773690276,3714,161.8541747881289,122.55712320996884
1773690276,3715,144.60927577944733,366.54703292176316
1773690276,3716,503.45953391438184,375.1497266021942
1773690276,3717,302.67831870221823,95.49832219105485
1773690276,3718,371.1543705731098,275.7543005721373
1773690276,3719,718.9546353415733,51.916496703596955
1773690276,3720,307.3388778531352,60.94713317609925
1773690276,3721,128.35876902273552,390.48907711215173
1773690276,3722,295.6551884605005,185.78086922100516
1773690276,3723,287.10964082913085,353.50299747426413
1773690276,3724,141.05209143925055,194.9368614595232
1773690276,3725,110.32624211256851,372.19414398641874
1773690276,3726,136.73917649112587,293.10230332890654
1773690276,3727,608.2688666153024,64.9171007187494
1773690276,3728,532.8743944831251,170.48955633456274
1773690276,3729,186.97458356861375,364.7162788980192
1773690276,3730,265.55430451189585,119.11686050127454
1773690276,3731,313.69610939079286,56.90666037253353
1773690276,3732,164.75155555375798,321.324867877514
1773690276,3733,406.1513271376419,340.20049200122884
1773690276,3734,221.58447371338866,72.13667468396837
1773690276,3735,392.8192923490462,57.293589725900844
1773690276,3736,157.52582595001547,166.35007442637075
1773690276,3737,270.7120399002884,251.582352114183
1773690276,3738,241.3646325610214,334.46781071673473
1773690276,3739,199.2766161344139,371.99546125722446
1773690276,3740,753.0936562119127,275.63975672703833
1773690276,3741,379.443280409893,206.43746273018303
1773690276,3742,198.32805963416834,47.9107676025891
1773690276,3743,303.06667592209635,32.53533557252147
1773690276,3744,1170.0677794968524,82.51535161997396
1773690276,3745,469.8022196428915,359.1146752387649
1773690276,3746,99.20145282588419,297.73655735638295
1773690276,3747,304.7392461216623,174.36638631123145
1773690276,3748,106.63423350437886,338.54790759673057
1773690276,3749,98.6729686329915,121.60780767259429
1773690276,3750,133.31862393477232,148.1909658108628
1773690276,3751,401.4701717054262,119.99221403642447
1773690276,3752,355.3027141628909,92.91679324033373
1773690276,3753,124.73431416186835,400.6640725724595
1773690276,3754,162.65294839516162,186.30653903600088
1773690276,3755,370.82551787689084,100.74673818773634
1773690276,3756,407.11718751941896,42.32999813576985
1773690276,3757,105.90125973791018,285.7638431727647
1773690276,3758,483.70418078902577,188.91189299940157
1773690276,3759,157.349527465747,62.19747073852145
1773690276,3760,391.58731397589065,381.61918901930903
1773690276,3761,195.1173072139786,361.3855821731953
1773690276,3762,316.482613331217,78.91930997445832
1773690276,3763,119.19510594009144,344.09716328551116
1773690276,3764,400.9922102603227,356.3155381161429
1773690276,3765,541.1949954757185,310.90038172915894
1773690276,3766,194.64419005989777,68.46262506189635
1773690276,3767,346.3178708080586,82.80352261544199
1773690276,3768,158.3042883041791,385.5059778303918
1773690276,3769,253.42152916952236,119.77838798566387
1773690276,3770,351.6794397906557,312.59030239897606
1773690276,3771,543.6771797531289,41.7912956940245
1773690276,3772,128.54314717594468,36.932304640818074
1773690276,3773,179.8827343307866,88.36727410921087
1773690276,3774,334.65818923843483,74.12403365898119
1773690276,3775,48.4385641695154,36.87160357530064
1773690276,3776,253.2511258080169,406.5141797834472
1773690276,3777,444.6818400404202,335.53564155737433
1773690276,3778,309.02839433311254,385.7718890068213
1773690276,3779,122.56199218741938,91.89591792519067
1773690276,3780,288.52060403909985,329.0191859563315
1773690276,3781,710.6478840620708,326.87971683556736
1773690276,3782,512.37075343087,65.47098309066028
1773690276,3783,94.74019495428736,59.772779218684406
1773690276,3784,109.42322318660999,131.79249607302975
1773690276,3785,128.25720642788974,389.40175739993924
1773690276,3786,258.68450488500093,53.490013670251315
1773690276,3787,544.6722897962624,54.6591697667649
1773690276,3788,236.86988158708203,405.0090337583401
1773690276,3789,395.1530479539831,56.60409964835223
1773690276,3790,288.1618861437463,62.02341097250465
1773690276,3791,79.1825036643733,50.23036543267847
1773690276,3792,197.90254352904276,67.17590582867889
1773690276,3793,483.4175984317608,102.69173449160117
1773690276,3794,265.2934980669858,254.4057764556504
1773690276,3795,160.45203863206288,145.80916715266312
1773690276,3796,332.89513724275685,238.70819058203566
1773690276,3797,327.6130575888619,134.6988710770818
1773690276,3798,489.5494797678647,48.92388672801419
1773690276,3799,308.31566525094104,72.96895234747117
1773690276,3800,118.1295414180549,144.44242683824126
1773690276,3801,214.167298490626,56.21912306419078
1773690276,3802,735.1461773408787,89.1236229809967
1773690276,3803,130.76711508430702,50.51838021570377
1773690276,3804,169.4831484153055,39.71561126815065
1773690276,3805,454.2154211435781,176.7463526946681
1773690276,3806,140.06319308411435,111.10065470497885
1773690276,3807,529.0059312988773,156.44570185624724
1773690276,3808,177.1622813680549,304.9891906611506
1773690276,3809,299.99836340161454,141.0573082968203
1773690276,3810,105.24766265539868,116.60065920033439
1773690276,3811,340.1336201751815,187.03686546597183
1773690276,3812,215.19519455886012,282.5854900037126
1773690276,3813,295.349395438582,208.19612796969113
1773690276,3814,191.58272426808875,74.66800055494089
1773690276,3815,282.60237712947566,217.53948112407974
1773690276,3816,475.20612813032375,101.5086303077036
1773690276,3817,364.62241532484836,307.47377713459525
1773690276,3818,310.491413715436,256.60968412074607
1773690276,3819,621.6249471892363,355.618986450562
1773690276,3820,157.00021955319534,290.76951764791863
1773690276,3821,396.45516719996556,58.820971003764335
1773690276,3822,366.0659037309521,166.06848149486805
1773690276,3823,115.37630482313912,357.80360003925125
1773690276,3824,450.36775082127417,108.9998768068694
1773690276,3825,168.16228005496427,133.13176686092584
1773690276,3826,132.41841574800853,401.50817695107037
1773690276,3827,560.1764044685013,207.65614426375694
1773690276,3828,230.84673129858749,411.9074458027146
1773690276,3829,341.67609059282427,46.97522395908919
1773690276,3830,225.05034939034178,457.4860030674635
1773690276,3831,176.73697713187465,39.60673337642663
1773690276,3832,270.4095784407604,43.171726396138595
1773690276,3833,176.25829841337702,58.50692509660378
1773690276,3834,185.87295318135972,79.77353972535283
1773690276,3835,240.81902611709037,130.98270728452962
1773690276,3836,178.50465888355384,73.57472839858738
1773690276,3837,238.08935023150968,141.7782125259317
1773690276,3838,383.6096540227965,89.92375591098187
1773690276,3839,107.57167222397482,107.07737766600276
1773690276,3840,139.7540180291986,463.2750050780726
1773690276,3841,837.9527829019609,31.277268003363524
1773690276,3842,414.50996946695733,376.7897023703462
1773690276,3843,222.60124563976703,373.35771663558984
1773690276,3844,180.26197993527427,108.94418798578086
1773690276,3845,257.2187781672978,387.61587775407384
1773690276,3846,99.09603144547894,132.12688894760092
1773690276,3847,202.33506664262873,118.6261191222613
1773690276,3848,204.05368471819529,355.1690072904066
1773690276,3849,193.7503997006325,41.838209058507395
1773690276,3850,637.9237722027777,305.4711983220924
1773690276,3851,107.18824534483578,74.83114598991845
1773690276,3852,238.87855491709715,335.98276080643546
1773690276,3853,283.2337333798364,33.091258477903104
1773690276,3854,241.48911474106325,57.746635243783125
1773690276,3855,399.8112939067858,182.19484092205218
1773690276,3856,192.32090318302005,221.92190787000442
1773690276,3857,163.6333729217164,136.65931327066838
1773690276,3858,261.0436748672323,426.9393444822079
1773690276,3859,246.5670230819902,31.556333307340516
1773690276,3860,513.4558047616363,153.29516117032804
1773690276,3861,285.54368166743564,313.1389875133658
1773690276,3862,454.29220138953616,146.40621306647586
1773690276,3863,544.9699802116561,125.87562148771417
1773690276,3864,241.012801165914,66.80721438831134
1773690276,3865,488.5847601748962,262.1768506107433
1773690276,3866,469.66907809075894,49.82249460894139
1773690276,3867,93.65168190689887,83.44936797868696
1773690276,3868,295.39351506004283,429.6860093961972
1773690276,3869,396.7183750982503,264.1086102585271
1773690276,3870,129.3317292596511,256.7203783241215
1773690276,3871,91.97457447630046,86.46783593840549
1773690276,3872,253.04148857097903,145.97763243430956
1773690276,3873,284.9971869726633,459.016196238386
1773690276,3874,191.7727455500198,345.66577165036836
1773690276,3875,298.21599786224726,74.07892578057987
1773690276,3876,176.30753694534,27.556524157657947
1773690276,3877,616.8649135392959,54.39277304195367
1773690276,3878,291.43132960317513,429.3021126665605
1773690276,3879,230.34783145019668,124.29048157093975
1773690276,3880,97.68760549871703,128.44743407341883
1773690276,3881,134.56986679466254,70.33454673086507
1773690276,3882,230.59089775239923,282.41304483572713
1773690276,3883,317.14857104793373,72.33911618936682
1773690276,3884,212.48813879722948,66.5194081671504
1773690276,3885,228.16240508143898,58.906016860222536
1773690276,3886,478.0146443810681,343.81331385776895
1773690276,3887,570.9183460812365,38.394486428297434
1773690276,3888,344.4484034053531,90.97400283575053
1773690276,3889,164.33164348943143,380.85820034326406
1773690276,3890,116.86225707927773,108.06363984465098
1773690276,3891,158.75464214495963,301.896401416533
1773690276,3892,324.5827060045902,66.20348908003002
1773690276,3893,210.3919833726655,278.79516003303814
1773690276,3894,363.4997699898976,98.4616514199869
1773690276,3895,78.96935261171748,117.611240939468
1773690276,3896,181.70818957243418,48.372495239859404
1773690276,3897,187.92773063740484,192.5612092803992
1773690276,3898,105.76816998631946,86.03577827272832
1773690276,3899,420.65677565628056,179.6773227670696
1773690276,3900,249.58281826643756,321.2314539651827
1773690276,3901,289.46678743477395,109.00782353829378
1773690276,3902,154.27964132312377,51.604354945706724
1773690276,3903,205.66862754191106,264.66976579212695
1773690276,3904,278.6135997952635,99.48245929737318
1773690276,3905,386.1530051089891,250.63659853615712
1773690276,3906,380.6316335847819,117.17664455889683
1773690276,3907,166.0479984306913,159.55624208098064
1773690276,3908,256.90221337200086,131.46602493423723
1773690276,3909,227.39289425626225,288.8157425558694
1773690276,3910,715.1479897401939,30.96162218304489
1773690276,3911,459.1493972460683,188.80357827680115
1773690276,3912,298.84412408070034,172.746309891458
1773690276,3913,91.39354516981626,323.7762834550934
1773690276,3914,133.05867740828984,58.146073307258185
1773690276,3915,149.13691213528497,373.2862670054173
1773690276,3916,594.3882246729855,99.28990398620532
1773690276,3917,791.51152990459,75.48649209986037
1773690276,3918,324.7092488162088,48.09057685483121
1773690276,3919,108.8661930702991,288.5162052607861
1773690276,3920,507.8131842733335,171.35886836953816
1773690276,3921,581.9730861032117,109.03677020037499
1773690276,3922,153.81304289923403,185.5445160558691
1773690276,3923,302.1150218042804,94.55484848876063
1773690276,3924,144.2736730990734,32.90848696194525
1773690276,3925,478.8492381175944,64.3911150998761
1773690276,3926,410.3523543514058,25.47755984775381
1773690276,3927,190.67128829649027,113.27602863589462
1773690276,3928,437.9247524905151,169.08264904309578
1773690276,3929,176.90806566690597,122.11647637870045
1773690276,3930,201.12459289102287,80.34641928591037
1773690276,3931,544.1359305932297,50.118747216152116
1773690276,3932,387.35985403599943,118.47791762120104
1773690276,3933,182.4836494636367,388.02564793349103
1773690276,3934,72.89589286273772,58.22285418047634
1773690276,3935,129.33587516651016,383.2132965059261
1773690276,3936,540.1337476218416,370.7125738044886
1773690276,3937,100.56535797992991,137.24097457181622
1773690276,3938,504.24481916205895,32.55166651892937
1773690276,3939,458.5710191603742,173.78696625168163
1773690276,3940,91.68283335661032,263.5990314778388
1773690276,3941,352.20413030743305,218.15939693630006
1773690276,3942,311.3612420199678,49.71148332992239
1773690276,3943,141.6118355239724,90.13516205304113
1773690276,3944,400.9249740026233,66.08233200085702
1773690276,3945,138.4499027735235,47.98915239077122
1773690276,3946,236.6151217893139,283.49077633679497
1773690276,3947,149.4999651616211,85.51414609637949
1773690276,3948,209.8980572427253,160.9073269091733
1773690276,3949,307.2392506937578,258.69869185328304
1773690276,3950,507.263341373163,317.17391830249124
1773690276,3951,135.04539727122224,163.6422820266628
1773690276,3952,256.7794382434477,129.18076578102995
1773690276,3953,404.083519188951,154.7076152499678
1773690276,3954,286.16160221983654,173.37612641749985
1773690276,3955,192.19276340563457,96.23037453170289
1773690276,3956,538.3064315297456,242.57108115389798
1773690276,3957,455.4799036981932,40.20088313139125
1773690276,3958,99.47530855005832,185.35287804362886
1773690276,3959,428.73957698522946,349.80991065806853
1773690276,3960,180.49297823836844,70.59799889580054
1773690276,3961,422.43608008222986,147.82205578698498
1773690276,3962,161.7233084119762,344.81664423336105
1773690276,3963,198.32747916278254,304.65653947903917
1773690276,3964,234.14974186046805,111.42089653752028
1773690276,3965,388.132841923362,330.4700947165064
1773690276,3966,421.791107797615,44.227752494217505
1773690276,3967,399.7056191983096,355.001461514828
1773690276,3968,729.7846097379701,85.4666694742186
1773690276,3969,543.9802289901463,250.8733593213098
1773690276,3970,369.2469986667624,211.9713301046239
1773690276,3971,117.16545254207153,335.531727438909
1773690276,3972,350.2519153880683,328.4343999716413
1773690276,3973,589.1966247461648,139.2638726235138
1773690276,3974,275.7304440958803,107.62821044309393
1773690276,3975,180.90400812839056,61.83327727132694
1773690276,3976,217.27777211969834,80.057347283456
1773690276,3977,460.0490997612467,162.08348309912395
1773690276,3978,201.12094277143518,256.72441797736644
1773690276,3979,320.33165385710436,448.0273237584749
1773690276,3980,143.21723646901762,420.07268019300545
1773690276,3981,153.75080263511572,242.53930209763428
1773690276,3982,304.027850207287,81.7701080598458
1773690276,3983,165.20523968625096,303.4484275066043
1773690276,3984,225.97232958292363,136.88193798989872
1773690276,3985,130.24446093489055,435.61472184213915
1773690276,3986,575.4558750261118,59.647465590536115
1773690276,3987,137.51291868222262,40.655325475394676
1773690276,3988,62.04843334629611,136.83619326968673
1773690276,3989,204.90787368828228,75.61567352379475
1773690276,3990,227.54571588107257,246.3663484940142
1773690276,3991,477.0832919223014,36.6548602148523
1773690276,3992,58.317209131417926,210.4553001239398
1773690276,3993,64.67030057836661,310.88471854950274
1773690276,3994,408.7697500697494,374.74158300334335
1773690276,3995,480.6169106237524,398.49023315681177
1773690276,3996,305.73655672475644,431.5830585659315
1773690276,3997,298.8711328395001,273.0365981084157
1773690276,3998,245.27759079097137,58.32435711008587
1773690276,3999,449.27730719928036,381.48299204513853
1773690276,4000,293.83043392570977,90.56585104824634
1773690276,4001,92.7145646050117,243.68097700138082
1773690276,4002,415.9827845101291,414.0986353760572
1773690276,4003,157.00383410149755,204.05259829668702
1773690276,4004,149.06424547186185,95.24776969383909
1773690276,4005,411.7081141484243,247.92457999954073
1773690276,4006,624.9508880559622,244.05984161187817
1773690276,4007,393.6549586065422,390.2913584996931
1773690276,4008,174.75541067983067,250.1617937889779
1773690276,4009,198.58695143555443,212.64841632880726
1773690276,4010,216.79050976024084,116.27546993673892
1773690276,4011,161.74401628405963,90.36504204364945
1773690276,4012,211.05618407902088,128.1714320507855
1773690276,4013,175.43617982253457,44.123534843432616
1773690276,4014,209.33822236434983,81.98725912795675
1773690276,4015,175.3533585504011,94.95902755999731
1773690276,4016,272.22974382015303,282.77949740678736
1773690276,4017,142.41217808702712,47.29647751325773
1773690276,4018,166.7550934817753,97.20064589621123
1773690276,4019,92.02320252870378,122.55576479878995
1773690276,4020,141.17195107939855,145.20190061225952
1773690276,4021,436.5476960058779,364.80846755054563
1773690276,4022,313.5873561326949,57.022786980723986
1773690276,4023,297.38075918763207,207.28961823803763
1773690276,4024,438.7472536540082,33.91299133007535
1773690276,4025,110.76376565606002,364.5792541460359
1773690276,4026,208.27900492464224,52.83661247862287
1773690276,4027,336.3413101549871,35.62901157586062
1773690276,4028,285.59194701696265,45.32641890774861
1773690276,4029,178.69531752753855,348.769997087933
1773690276,4030,197.31462536440338,391.9821090245154
1773690276,4031,108.58691492303946,141.91893888184154
1773690276,4032,144.75424049830042,46.02566158607421
1773690276,4033,257.7122677450026,387.35214421562046
1773690276,4034,450.936092120393,198.3335436272717
1773690276,4035,145.10721619514052,260.69728425398404
1773690276,4036,184.92936841040367,96.27172349523552
1773690276,4037,390.5914876862097,52.47932441502899
1773690276,4038,329.6208599664993,71.43635718222613
1773690276,4039,65.04459382948447,33.74726436499726
1773690276,4040,272.70336806489814,125.55668010325323
1773690276,4041,479.1198668642502,328.65345426089414
1773690276,4042,444.8147957279688,237.23158510698033
1773690276,4043,302.4187467030848,45.59890230506599
1773690276,4044,309.2274394045145,345.9107613814248
1773690276,4045,195.86535563834587,392.1968928526005
1773690276,4046,329.78012124163934,67.91445335724498
1773690276,4047,200.4131293976144,386.8589323354071
1773690276,4048,284.5159479812107,106.22354017084099
1773690276,4049,571.2429477288775,252.27385128986853
1773690276,4050,204.12585472780734,45.25451841136409
1773690276,4051,239.9615818097052,79.45696784527432
1773690276,4052,108.81156838020374,152.37965988507324
1773690276,4053,164.83184038678576,389.07031990076865
1773690276,4054,220.8034932231927,230.48794825280112
1773690276,4055,626.3093625511368,51.42139243862351
1773690276,4056,420.07822687939495,391.6591455870887
1773690276,4057,212.37039013407005,64.81556282131729
1773690276,4058,102.47850632552357,158.17682501472976
1773690276,4059,167.06429241808854,53.081189927558455
1773690276,4060,529.5395721941123,410.6593023357702
1773690276,4061,286.81031787060147,390.59458553295116
1773690276,4062,245.27938227017438,359.9816956884958
1773690276,4063,294.380883183238,121.0690344006493
1773690276,4064,354.98038648628733,125.50419202225036
1773690276,4065,222.44147246557878,57.37020796431164
1773690276,4066,295.4908099768521,80.5005760174346
1773690276,4067,524.2772864011017,56.615268182977985
1773690276,4068,377.91950851693963,37.04548368551601
1773690276,4069,308.8363979697159,279.06765250144457
1773690276,4070,200.87702991894602,55.20168430209733
1773690276,4071,356.1807118795517,382.86897743538003
1773690276,4072,319.63692402115237,249.2956090012097
1773690276,4073,779.0612188027803,61.451411806453095
1773690276,4074,119.03238398851319,107.65580990385256
1773690276,4075,438.18319647874057,223.03868587313136
1773690276,4076,399.4771821876672,110.38484394733166
1773690276,4077,209.64026223232537,379.2353110517522
1773690276,4078,297.25774441519724,217.37559054610264
1773690276,4079,580.9748001500836,73.196772863357
1773690276,4080,392.39118046923676,378.4304806898282
1773690276,4081,153.8907932743176,386.67142141574
1773690276,4082,503.4446479956309,278.2508445804228
1773690276,4083,89.99156464242465,455.5078261645102
1773690276,4084,277.41727902933627,64.4152991572035
1773690276,4085,289.1157810889586,136.67369658254304
1773690276,4086,560.6761565168434,353.5693413283388
1773690276,4087,223.14728335855628,155.0181884269205
1773690276,4088,147.1183002062096,169.18010459650148
1773690276,4089,168.79547538102577,185.18403114212148
1773690276,4090,297.8979460809063,103.78740623657039
1773690276,4091,58.31262937199796,58.26300642297528
1773690276,4092,440.161998485496,114.45366441474133
1773690276,4093,219.47459217600468,273.03190781497096
1773690276,4094,278.31426803412046,226.40284349371834
1773690276,4095,289.9851947189405,305.1179054995073
1773690276,4096,471.73906140718526,65.33043467299964
1773690276,4097,351.06061234222864,152.82088772846367
1773690276,4098,309.67676182630197,112.13542693401138
1773690276,4099,91.3191554502254,364.3995868354461
1773690276,4100,514.0347783710317,403.12364960420047
1773690276,4101,253.09937359115747,47.56712375851803
1773690276,4102,227.34911309212546,410.5740856118651
1773690276,4103,328.3249952648701,397.6283933707032
1773690276,4104,180.9164703912208,56.202095963867706
1773690276,4105,245.99413148366864,201.0303552187415
1773690276,4106,319.02677266318545,63.57085602260972
1773690276,4107,220.95303948111024,200.4229703025846
1773690276,4108,208.23942870843365,34.23234605377889
1773690276,4109,141.973980527389,68.49668314367754
1773690276,4110,226.98247188886955,44.8580394196481
1773690276,4111,96.91127975292036,42.06485271797506
1773690276,4112,241.84347657473245,333.64067217663074
1773690276,4113,129.8920643211373,402.7095930425798
1773690276,4114,203.91356171044526,420.9549138461014
1773690276,4115,112.91937469347788,397.27608854860176
1773690276,4116,213.18077799790362,29.039347736892545
1773690276,4117,299.323935793492,404.62494966631914
1773690276,4118,242.30260405250795,95.086373171913
1773690276,4119,727.8940100736637,348.60257419583655
1773690276,4120,248.74640733310036,118.3194028826352
1773690276,4121,534.2594744982989,282.50769819477335
1773690276,4122,307.21396888598696,48.71305140991964
1773690276,4123,185.94748150275598,47.85058883802377
1773690276,4124,542.3118382827179,154.832748245034
1773690276,4125,132.04153022872964,124.16724567162564
1773690276,4126,118.92758992003107,321.0264654127156
1773690276,4127,355.00968917861456,145.57434517846713
1773690276,4128,109.33131594293205,197.19313286684107
1773690276,4129,292.33710528737333,106.17254287126367
1773690276,4130,359.39906713733797,171.86499496526787
1773690276,4131,158.1500710953461,52.82400793618413
1773690276,4132,432.87000268982854,364.5829137322186
1773690276,4133,46.9263568416475,24.853106691859306
1773690276,4134,148.87360445401532,25.175039218955497
1773690276,4135,269.2155534608013,168.71337095892264
1773690276,4136,319.4250095597399,57.21622294661485
1773690276,4137,847.8228764157645,274.72552246435254
1773690276,4138,210.64160839269493,62.67442364716413
1773690276,4139,399.51946272335454,430.0118656533926
1773690276,4140,242.19656758671246,348.3308898207887
1773690276,4141,293.767243636382,182.9523479383995
1773690276,4142,388.39850950801167,408.61935205839006
1773690276,4143,168.34960877648587,366.1827184402293
1773690276,4144,315.2357203024429,103.1216091468655
1773690276,4145,155.51131185712012,397.52754956729666
1773690276,4146,580.585255151108,47.38598238838159
1773690276,4147,186.0784691395905,41.664449679559276
1773690276,4148,211.37995188418353,272.2883392113287
1773690276,4149,212.18974292356643,63.4003396510243
1773690276,4150,91.99290606367335,61.2861435526735
1773690276,4151,202.3808449427725,195.58535074680395
1773690276,4152,321.8138594809391,113.15024674711479
1773690276,4153,115.51183094744442,328.0486616822321
1773690276,4154,78.74592068627811,33.540365335977036
1773690276,4155,437.3115484382684,357.8531353672148
1773690276,4156,311.48931830873863,291.98238657188756
1773690276,4157,233.34661446494817,342.572989379837
1773690276,4158,267.71063144029534,406.3908300484549
1773690276,4159,72.5768083814646,155.8937120451899
1773690276,4160,294.3567787357435,369.65735163219523
1773690276,4161,172.79473016877725,412.5449428327445
1773690276,4162,150.18810575892851,413.9324548023631
1773690276,4163,164.6495692244397,179.03036129122953
1773690276,4164,328.2688558342007,264.44914899739587
1773690276,4165,395.8125034771131,474.92057712379915
1773690276,4166,116.21408980825996,300.99178316227557
1773690276,4167,187.289724402421,116.5460732878786
1773690276,4168,192.0909839452809,98.88558359461138
1773690276,4169,334.8909415648752,30.122970605401775
1773690276,4170,119.2920004883365,68.04238130209471
1773690276,4171,196.93502684126184,35.02068178550821
1773690276,4172,186.85564111350737,91.22608390643921
1773690276,4173,115.73742042147154,233.24153769205253
1773690276,4174,450.89039152971134,363.4884290977369
1773690276,4175,314.3291583466723,408.85038747726827
1773690276,4176,461.9583775691851,239.89740887184115
1773690276,4177,578.5690232691293,139.27528287740589
1773690276,4178,87.29717820567282,60.624813175808335
1773690276,4179,438.32085428785854,291.9525786203769
1773690276,4180,168.94111810572923,46.76615926240154
1773690276,4181,171.72504144056566,26.39833652474943
1773690276,4182,95.71310723007197,174.1209273121868
1773690276,4183,360.95835680266856,75.72662390587584
1773690276,4184,68.63876495255232,116.80081787260865
1773690276,4185,362.1064071469179,58.774793171842006
1773690276,4186,372.147244825366,48.035825945044294
1773690276,4187,540.2541368963432,129.1242618975004
1773690276,4188,117.35264647130535,363.0389264961451
1773690276,4189,217.4308798694916,336.523033429207
1773690276,4190,675.5834508428379,361.08898587240475
1773690276,4191,183.59104826378814,198.34434500560585
1773690276,4192,548.9797261387607,134.9618883873874
1773690276,4193,254.64673393651972,51.13456904187847
1773690276,4194,414.35450617312574,153.5360244369918
1773690276,4195,184.6331038466096,42.28606476756066
1773690276,4196,139.4187468593757,90.26644708132989
1773690276,4197,301.9955212961758,45.56169283314149
1773690276,4198,307.418469168682,369.96795792673146
1773690276,4199,214.84441657889712,142.9272858584164
1773690276,4200,136.1957339397466,443.51723106442296
1773690276,4201,115.10034626988393,168.74925051549488
1773690276,4202,161.12577905599417,54.64002545753725
1773690276,4203,140.07208473497312,241.26929045799824
1773690276,4204,378.03579258093777,320.5039470832493
1773690276,4205,944.4882835762452,348.6886612374539
1773690276,4206,131.01633002365944,439.60682163522785
1773690276,4207,126.09988634345466,343.3927381079626
1773690276,4208,223.24145182621575,142.23909007358156
1773690276,4209,166.73588247762285,134.84720921095837
1773690276,4210,168.03282906224624,375.7279699347967
1773690276,4211,283.22120173482637,297.81347069604965
1773690276,4212,118.9921707114325,353.2147802596442
1773690276,4213,219.34997795228847,329.38315007209656
1773690276,4214,141.82572010931847,231.60043177432934
1773690276,4215,191.39756878298132,57.404447342742145
1773690276,4216,360.3250918617344,347.2041907574532
1773690276,4217,374.2377448889275,125.51765909521981
1773690276,4218,202.5392509616754,58.59839364447634
1773690276,4219,170.69000132766982,91.03612111340466
1773690276,4220,57.782739212272304,120.40632872469654
1773690276,4221,259.48796482262185,367.56865204326067
1773690276,4222,149.69961035004064,101.99967009849098
1773690276,4223,207.07319413105944,145.77862362265083
1773690276,4224,248.63753389910184,389.85798667421176
1773690276,4225,542.1394835669784,227.48110741884258
1773690276,4226,340.99594145185847,306.4976380304962
1773690276,4227,203.65703592619548,105.30639004645667
1773690276,4228,107.90223308655827,310.1647575747818
1773690276,4229,357.5961159445435,156.0391102247475
1773690276,4230,169.29367366028163,327.97151251986736
1773690276,4231,356.32477780268397,107.03328842325051
1773690276,4232,401.8671065574931,84.85968673595367
1773690276,4233,417.82342655620846,394.41035671583586
1773690276,4234,136.69690676529078,367.5382170098816
1773690276,4235,193.2068765169296,56.68227161602146
1773690276,4236,394.8606186533415,45.12595463696034
1773690276,4237,62.00000412303512,109.93128650147843
1773690276,4238,167.12647776276944,334.64982632957924
1773690276,4239,173.13705281621222,279.2279051583559
1773690276,4240,462.3056053114389,37.15513805618647
1773690276,4241,176.39376979782713,116.60217870533391
1773690276,4242,221.24494227981018,336.9241722218965
1773690276,4243,247.0148686259922,362.72520104453076
1773690276,4244,397.63715135830864,140.1413666580707
1773690276,4245,130.06140193577576,28.805611419544405
1773690276,4246,162.34160499165333,167.8301989932107
1773690276,4247,89.36790648463968,284.06906181287195
1773690276,4248,189.84204289557687,91.9530293541014
1773690276,4249,494.9139449403617,53.02166063078188
1773690276,4250,179.29584231301175,92.25631150580122
1773690276,4251,90.48842601357423,271.9873156467746
1773690276,4252,326.26602059445906,205.57038872935277
1773690276,4253,106.61533778066935,432.23801897783255
1773690276,4254,288.9962642930223,64.96963393183775
1773690276,4255,333.40220150308414,287.2937817007838
1773690276,4256,216.1889623711083,364.3746178624701
1773690276,4257,177.14689532688823,71.96209243550582
1773690276,4258,679.7420660541578,77.14329619041489
1773690276,4259,174.06004977124897,458.02235975406285
1773690276,4260,454.50429008277735,189.3915165782017
1773690276,4261,202.37282428005457,155.4567224995642
1773690276,4262,482.46986334424344,429.43594392379583
1773690276,4263,484.10365961202865,424.6322641453286
1773690276,4264,350.2434732594775,72.03527366236787
1773690276,4265,294.7693323113382,81.81152225517964
1773690276,4266,115.89490169808226,139.62302155719078
1773690276,4267,331.381443114392,84.44390988864633
1773690276,4268,180.28894874262016,33.593687019939594
1773690276,4269,265.3322480418082,86.7041104371319
1773690276,4270,354.478981001663,81.76566007332377
1773690276,4271,124.51152099891068,331.25820674520594
1773690276,4272,120.38713172963332,451.9965385519164
1773690276,4273,181.21287745379635,277.37126707007366
1773690276,4274,197.20912271677372,63.0674897815324
1773690276,4275,184.981791494755,414.7582128978052
1773690276,4276,207.0265115144262,88.7136452972753
1773690276,4277,199.67197722699942,407.64057999734246
1773690276,4278,95.99073311835429,339.283553691681
1773690276,4279,82.94633915082137,115.01373332821713
1773690276,4280,326.6382336654179,78.79873954664221
1773690276,4281,353.6114954068864,389.5347279470709
1773690276,4282,133.20614702353262,247.77580477136823
1773690276,4283,306.58945592800217,196.95249504336323
1773690276,4284,254.19209661905145,229.7553806521528
1773690276,4285,318.7414229490848,207.8463346837933
1773690276,4286,427.04252682141146,429.5355732861331
1773690276,4287,193.33499213865764,233.61596468935872
1773690276,4288,124.92032114024317,98.00549739434659
1773690276,4289,119.58726896587456,335.12726123200116
1773690276,4290,144.09487709199183,244.14089848133952
1773690276,4291,110.33848128215239,308.5823984937185
1773690276,4292,561.6303873779228,49.982797364905046
1773690276,4293,631.0134783426516,82.89578716583506
1773690276,4294,173.3688281788295,103.46548034113239
1773690276,4295,243.4322645375671,421.95975654539706
1773690276,4296,269.8468774973444,415.2629687536005
1773690276,4297,104.0296317686056,400.8873035716885
1773690276,4298,147.5084553325216,65.62254576883002
1773690276,4299,1093.6275002161717,153.68222618515193
1773690276,4300,265.1725330889108,85.43241754357327
1773690276,4301,212.87559495323723,299.4315275674478
1773690276,4302,154.34039825909605,272.84224992433377
1773690276,4303,140.92619590847846,236.3395602604805
1773690276,4304,346.71921706991014,212.26792624505146
1773690276,4305,241.2448041531368,42.76569398714795
1773690276,4306,206.90861048277162,124.34390089384218
1773690276,4307,184.51190048983406,63.00318610549617
1773690276,4308,468.48998335740083,56.463722348910075
1773690276,4309,345.8205607560707,381.9690526597134
1773690276,4310,307.1482647100213,353.67804981436535
1773690276,4311,314.7172129214816,370.6457582363023
1773690276,4312,535.0020391947124,43.6860522273093
1773690276,4313,105.82798817857218,39.12785606389382
1773690276,4314,326.18540146125264,39.79197987661622
1773690276,4315,188.27668626073466,64.5761126964916
1773690276,4316,232.65691124048632,111.27548187967349
1773690276,4317,386.8703343745647,123.33871974349658
1773690276,4318,450.50110117409037,131.02216116713356
1773690276,4319,323.036307415235,54.78867705263591
1773690276,4320,660.882357766023,207.51210151446023
1773690276,4321,512.785820507419,29.439951237248337
1773690276,4322,122.76857295491206,109.18087119590551
1773690276,4323,256.0571689054627,361.75757718288327
1773690276,4324,368.4041148537382,288.9146161744175
1773690276,4325,140.8600614885074,401.4722539342071
1773690276,4326,167.49891212035675,58.84476887648821
1773690276,4327,193.7887619116033,41.95178972205238
1773690276,4328,195.3521706877829,169.3894264895396
1773690276,4329,437.05984169571286,113.23959146480512
1773690276,4330,757.1114311595198,68.73887701874763
1773690276,4331,222.74266296039997,48.27597890773744
1773690276,4332,175.36246067376928,56.55371420901797
1773690276,4333,56.552967669169234,97.0936004866531
1773690276,4334,571.7076830245517,164.37029271932374
1773690276,4335,188.92550548608418,309.8129646989014
1773690276,4336,63.10435312893941,245.21815321907576
1773690276,4337,149.3168054850658,40.66410675515197
1773690276,4338,415.0076160434833,106.79213750452026
1773690276,4339,192.76072418097303,50.6777930898529
1773690276,4340,163.824098586685,120.96321473677115
1773690276,4341,156.7001481840642,117.35847744264396
1773690276,4342,424.30479265639417,136.71016535747435
1773690276,4343,466.84716131120757,92.9048161744674
1773690276,4344,202.5169599863664,48.0061928745251
1773690276,4345,147.44437544353676,319.8689758766466
1773690276,4346,147.36013501257625,220.76723785178356
1773690276,4347,166.0683954604587,315.0137738248664
1773690276,4348,160.33867727838404,79.36362441703146
1773690276,4349,195.982073837692,55.73538690977239
1773690276,4350,638.3231022818259,59.23342172276059
1773690276,4351,63.63038491147605,30.23289560215048
1773690276,4352,278.41242047789154,81.76268689136143
1773690276,4353,328.0125427830999,365.12700259558113
1773690276,4354,121.22629251118795,234.18650738105
1773690276,4355,109.60875055240636,161.0012824308696
1773690276,4356,215.14097958133416,61.64927336335283
1773690276,4357,639.8565409331948,129.8601999221696
1773690276,4358,160.47226642095384,74.34951999230374
1773690276,4359,195.81102213608483,54.515059203705604
1773690276,4360,290.835878390882,100.9927676783281
1773690276,4361,237.37150832382144,351.0690668215773
1773690276,4362,487.1901336143738,47.6094435596359
1773690276,4363,858.4229808397348,73.77007533712228
1773690276,4364,309.19087895270536,139.3456790441388
1773690276,4365,145.52272515642704,153.88414286261155
1773690276,4366,291.57283655042835,291.72343751580644
1773690276,4367,304.8092667887126,113.91664251910412
1773690276,4368,189.14810759888564,226.66629976328738
1773690276,4369,287.00861662418095,49.50300755604793
1773690276,4370,391.8188408438731,48.94641868477842
1773690276,4371,440.78417794012375,133.84169167067768
1773690276,4372,324.56840027536646,30.38527904443871
1773690276,4373,214.60393856403542,156.23054575821558
1773690276,4374,246.26857772916685,187.5441152116548
1773690276,4375,367.0804941853911,231.83753133495338
1773690276,4376,263.21948299657066,43.235592098683384
1773690276,4377,295.4162959634318,125.70872396259047
1773690276,4378,358.0475462982311,320.07729462330616
1773690276,4379,1137.6924157817216,50.294680619738735
1773690276,4380,351.10794509075674,147.67281504513048
1773690276,4381,334.9792903997768,141.4953875179974
1773690276,4382,484.0194987786044,244.56892992051363
1773690276,4383,698.2533956770079,309.2741778704198
1773690276,4384,280.0418969835271,64.51467271528668
1773690276,4385,332.07788831107155,138.58274012674252
1773690276,4386,259.4702694739678,121.28688420070017
1773690276,4387,261.0675984625988,224.15786359256785
1773690276,4388,268.9816701774361,313.6270976311603
1773690276,4389,306.4010252315082,152.41526929618067
1773690276,4390,223.5901587914792,42.22324473119217
1773690276,4391,585.7435312947376,174.34597373676536
1773690276,4392,556.3995583426483,362.0178810102549
1773690276,4393,470.4378134416026,52.133216774232004
1773690276,4394,207.01440777153832,315.47464638293826
1773690276,4395,163.51622262049617,205.4386628218864
1773690276,4396,148.6496323085735,234.2460355077382
1773690276,4397,1072.2525606459662,148.21887845068002
1773690276,4398,325.445502710925,291.49093724642523
1773690276,4399,266.20556111675666,198.53305890761956
1773690276,4400,624.6022365236721,131.2892400909187
1773690276,4401,206.99592276468445,126.4114409534955
1773690276,4402,297.7404297810642,184.47416106375996
1773690276,4403,120.91825050102315,94.90624149884985
1773690276,4404,119.88746739334337,301.454497964271
1773690276,4405,237.52547950682305,253.7932960620295
1773690276,4406,118.1685233771795,357.98603264097073
1773690276,4407,391.9698492870177,259.48088998987026
1773690276,4408,205.32279863583022,223.1819286506761
1773690276,4409,245.69409214683154,85.19899592658894
1773690276,4410,226.08481500266404,85.43922411298118
1773690276,4411,91.73162174744897,131.4104171885337
1773690276,4412,211.71892083783916,253.61517571754084
1773690276,4413,97.73505205886146,209.60071802513087
1773690276,4414,50.6112461866172,78.86326389222235
1773690276,4415,131.87880126549464,326.9919237493945
1773690276,4416,330.9843240009795,444.4842979527304
1773690276,4417,290.55189161870385,230.99213152700952
1773690276,4418,265.1290760660411,140.8685295082995
1773690276,4419,792.1572099001177,348.72589773191083
1773690276,4420,164.26135320650997,369.2990332843308
1773690276,4421,220.4539298319888,88.54363250660357
1773690276,4422,200.23757192303864,395.1322277419292
1773690276,4423,236.5156893239622,264.80932452895587
1773690276,4424,258.4437718324972,58.50550216649754
1773690276,4425,262.2089647872654,134.6294335621763
1773690276,4426,371.25323672449093,416.35373241743724
1773690276,4427,148.4698407380797,136.4412957295189
1773690276,4428,292.5823502783124,38.42422230873251
1773690276,4429,371.9493722326121,125.49975952861709
1773690276,4430,126.17820078918902,47.40136901314873
1773690276,4431,173.55419399049157,125.74531018253818
1773690276,4432,546.6209430275713,355.2029111218231
1773690276,4433,322.22390295056834,139.8319372670105
1773690276,4434,503.3571940341336,166.3642125239532
1773690276,4435,111.81282364658796,55.23408284920213
1773690276,4436,293.8539361582912,135.51609423936026
1773690276,4437,428.64850415700084,221.2326361318038
1773690276,4438,307.4786517605133,314.48852951647507
1773690276,4439,64.34101627110154,25.44259493555456
1773690276,4440,152.87852090355813,138.68824782761217
1773690276,4441,336.4168105918115,332.5213724998327
1773690276,4442,105.61457792285223,164.3813488227278
1773690276,4443,348.59869718090334,321.5336975041029
1773690276,4444,70.29984295289339,122.89614810636373
1773690276,4445,318.1427548780288,453.15053009343717
1773690276,4446,445.9048258293678,111.83504474314732
1773690276,4447,251.43701573546684,62.221889422456385
1773690276,4448,133.02095972065268,80.3741099409454
1773690276,4449,103.1091590245001,100.40302863839597
1773690276,4450,70.78484943342441,67.42186029536218
1773690276,4451,217.75940610953614,145.3418419218257
1773690276,4452,219.61282714449143,245.47799383013526
1773690276,4453,224.17025004506493,77.77475997070856
1773690276,4454,511.64570083492475,142.30672490691438
1773690276,4455,534.5430205354916,161.9584354349075
1773690276,4456,204.72263423745184,262.94769526323927
1773690276,4457,698.4101802093298,93.37644677700546
1773690276,4458,186.52280405460837,117.34363368066172
1773690276,4459,196.20631459250615,45.59196743315346
1773690276,4460,135.10259304997783,135.3262846885871
1773690276,4461,131.7396850781178,158.01194460080865
1773690276,4462,171.4128055413846,382.6726309073185
1773690276,4463,488.6343968891139,111.76265623176047
1773690276,4464,235.25782461605294,62.618314592068096
1773690276,4465,138.00889855812713,330.02843565552973
1773690276,4466,196.44766396428736,143.65468414180492
1773690276,4467,92.9642088399182,497.5148734976403
1773690276,4468,312.5646720123434,101.91247732261266
1773690276,4469,685.0661139413885,92.86249481405231
1773690276,4470,77.23357308360332,313.90254358586265
1773690276,4471,150.7478229438574,194.4387999155275
1773690276,4472,497.8052275078045,47.59950909601834
1773690276,4473,274.0486789342288,33.27429744995963
1773690276,4474,156.62490623532665,417.5389411060747
1773690276,4475,470.56626916244056,52.89317245455638
1773690276,4476,89.6954704096018,149.4826965890837
1773690276,4477,556.4767050424408,62.37462386788689
1773690276,4478,268.52262146277866,81.0130994242366
1773690276,4479,274.67890555070534,327.1315155505521
1773690276,4480,180.20538094688936,111.0928120268676
1773690276,4481,260.23173380199177,84.90091969650732
1773690276,4482,655.2540847039173,39.82685810544439
1773690276,4483,414.8160344037132,99.4797561276219
1773690276,4484,470.2104639586129,141.75182242136
1773690276,4485,215.5007225744057,322.61248935409117
1773690276,4486,177.3615380925266,163.01899468115053
1773690276,4487,325.13350717788046,267.96986238601136
1773690276,4488,656.1953354921926,55.676327869215925
1773690276,4489,234.70279426535703,61.48248779191865
1773690276,4490,323.45820684785343,52.437871832184115
1773690276,4491,114.62092244524956,37.00678620360741
1773690276,4492,127.19832939441034,282.5863861426094
1773690276,4493,225.9121956613903,376.1927289221047
1773690276,4494,485.69513947305455,428.16075363398517
1773690276,4495,140.22068170090742,214.69014670287115
1773690276,4496,377.6027741568938,27.14878204958316
1773690276,4497,389.5025247354736,123.45161130154857
1773690276,4498,103.98989440999361,291.02504135805833
1773690276,4499,173.63318985954737,311.04352909775656
1773690276,4500,187.68684457398518,47.49205231854089
1773690276,4501,149.8122412936608,393.5615404890525
1773690276,4502,122.45859679982657,237.10081957437922
1773690276,4503,163.96886687790055,53.65741428787845
1773690276,4504,157.08661620399906,99.1787648717181
1773690276,4505,398.0620935150497,57.154231088684476
1773690276,4506,180.10307335510203,44.45024189574619
1773690276,4507,196.5846008298645,45.74839383312148
1773690276,4508,194.99867281577414,378.69904734373625
1773690276,4509,328.82731977112286,42.421337343856365
1773690276,4510,274.8666797511161,88.95456328674226
1773690276,4511,417.4333553955429,206.22169319032272
1773690276,4512,137.747876700332,292.26896202641115
1773690276,4513,657.6874918454953,423.04140798930865
1773690276,4514,273.92337671263147,222.72321477570347
1773690276,4515,264.4790857505436,356.33741966877017
1773690276,4516,384.7442366996932,286.9207106026102
1773690276,4517,367.1786460371749,401.1934153524649
1773690276,4518,238.2205256144991,157.9347518543218
1773690276,4519,180.41025251406072,63.45176705778864
1773690276,4520,150.35274523639129,68.4618662726373
1773690276,4521,172.86927728795905,98.18973229607548
1773690276,4522,252.55239575594302,29.65167578762348
1773690276,4523,204.37214100964866,213.34370718202632
1773690276,4524,332.7791115005325,283.5837653831541
1773690276,4525,336.4722716963387,143.57388741921307
1773690276,4526,175.33712589512598,84.68891093864238
1773690276,4527,54.851928896487394,76.8611235486594
1773690276,4528,106.19476985422502,177.66127082382195
1773690276,4529,440.6387067962893,136.6761777287051
1773690276,4530,682.0272792402217,47.85884628725049
1773690276,4531,347.6999264878076,213.88899841815842
1773690276,4532,203.39350669156775,297.744510453963
1773690276,4533,222.95641417027997,279.98951917660276
1773690276,4534,314.58863816121925,371.0763279704894
1773690276,4535,42.40981016429208,179.9116049923957
1773690276,4536,487.72549748278635,34.623034038302535
1773690276,4537,138.77542220903445,44.56797825767686
1773690276,4538,593.8927224630864,372.5907033600912
1773690276,4539,176.1251786463854,40.977127440431694
1773690276,4540,216.02784045843188,69.87345074748056
1773690276,4541,634.4819720893868,92.23929151353379
1773690276,4542,628.5163668710019,215.55127006233192
1773690276,4543,75.0401912478495,174.22254563856302
1773690276,4544,233.27444673040952,111.22805575972212
1773690276,4545,169.30594510146605,374.078259266981
1773690276,4546,119.79571368763237,90.16112202713039
1773690276,4547,400.24545045855865,169.5985616565379
1773690276,4548,599.0323898620953,330.6798787641261
1773690276,4549,333.5307967643541,152.2842968033364
1773690276,4550,241.37830553515207,195.6966662582861
1773690276,4551,440.87986665051693,143.26082063101322
1773690276,4552,156.5487772491869,63.62470625559391
1773690276,4553,153.18281450064342,110.25034293550908
1773690276,4554,289.6134880782706,58.60197387243724
1773690276,4555,175.192873021652,36.807784020255404
1773690276,4556,126.27547335217636,199.98199960159343
1773690276,4557,146.46659102028158,350.20897266496337
1773690276,4558,482.02954863177047,300.9903133201988
1773690276,4559,159.94986120016412,243.2792520423974
1773690276,4560,267.84745740980395,163.4676913587046
1773690276,4561,102.6086222711237,341.51133878525496
1773690276,4562,233.59584194639032,202.6675292470363
1773690276,4563,388.5465446777255,308.0407623759365
1773690276,4564,110.28984734772934,290.14291797865263
1773690276,4565,169.3149100061383,429.40607965293015
1773690276,4566,124.92168131752346,308.5424310626837
1773690276,4567,810.444246197911,185.683369166636
1773690276,4568,46.8656375838608,56.314597199646954
1773690276,4569,325.9857699456119,151.35228859614784
1773690276,4570,129.66706067521622,208.74305216157973
1773690276,4571,215.68060006197484,53.4391602315431
1773690276,4572,188.96406378497267,68.03762063933847
1773690276,4573,116.93437969382977,363.8996335470756
1773690276,4574,184.84042821587093,110.90305832468887
1773690276,4575,506.2238036744963,61.89871373396074
1773690276,4576,643.6679502569481,186.25623705004986
1773690276,4577,207.2742740427329,35.516929276447634
1773690276,4578,294.5023549113634,28.698966680696476
1773690276,4579,395.7496083375022,107.02770182559539
1773690276,4580,205.5100003825168,182.12649829752914
1773690276,4581,213.25751514722577,256.17416445689514
1773690276,4582,175.19286689016005,188.8738410656693
1773690276,4583,125.65040382769426,425.04405795810106
1773690276,4584,235.06515957141477,37.54075872852882
1773690276,4585,191.61944547529723,215.72811889379287
1773690276,4586,193.10036754418778,63.67283749850549
1773690276,4587,164.95148336097097,345.2507694392236
1773690276,4588,220.9562076221078,151.52138840872553
1773690276,4589,281.45273438595626,186.00661931291006
1773690276,4590,155.60462950509555,435.5925073200958
1773690276,4591,166.4572513083284,80.35503730400887
1773690276,4592,522.185214950427,148.67299065609782
1773690276,4593,165.93342448943355,393.86730081392125
1773690276,4594,340.207571109625,359.9070975911528
1773690276,4595,489.2970661465034,44.74875933527924
1773690276,4596,100.8323901783057,239.91830027306523
1773690276,4597,234.4252062787128,280.0372307792612
1773690276,4598,208.03632357692968,191.9637385086174
1773690276,4599,312.7451641537687,254.66701359726113
1773690276,4600,265.5173007633685,84.0742943433652
1773690276,4601,117.05455144418968,168.54742726455643
1773690276,4602,135.4769864501639,174.58793605624436
1773690276,4603,125.06507337122025,134.2015886073714
1773690276,4604,110.77862234360178,455.27846770222584
1773690276,4605,261.87362799892645,148.89789144258873
1773690276,4606,274.97960401882193,125.12811188310359
1773690276,4607,412.2010773411676,226.89525391768387
1773690276,4608,224.0144864642363,127.36471228888334
1773690276,4609,447.6245024322347,215.58523339856734
1773690276,4610,115.82993743194261,67.53674050341269
1773690276,4611,272.4166126137979,57.96563913080065
1773690276,4612,121.21580367853875,67.94963015826937
1773690276,4613,419.2835675631268,100.47716239209724
1773690276,4614,28.259443149783547,59.23657596907982
1773690276,4615,101.03825874602099,286.7464696548069
1773690276,4616,123.17413111426697,158.85646432209836
1773690276,4617,111.10134078604646,153.4269738682445
1773690276,4618,35.320877871024074,43.124291434001194
1773690276,4619,354.03384937108746,86.51324796870753
1773690276,4620,451.74933312454374,386.8793614880041
1773690276,4621,108.98969330518946,291.2619018821242
1773690276,4622,260.72215361403846,367.5264340072928
1773690276,4623,198.62778340364463,142.03774733402898
1773690276,4624,293.16017661779426,296.40741408782475
1773690276,4625,199.91992912676483,32.56485189676599
1773690276,4626,457.86307849832934,340.244174649686
1773690276,4627,221.27412137754447,58.64771588316456
1773690276,4628,182.37015140026094,58.55467737311766
1773690276,4629,175.70822367211503,40.80566159015316
1773690276,4630,652.1703855704815,61.471733598611756
1773690276,4631,105.18629210270085,314.86634379370923
1773690276,4632,143.23783652142274,112.17712047323245
1773690276,4633,200.64684814806986,35.467633971861034
1773690276,4634,192.77487584636748,60.063692189133704
1773690276,4635,696.0056217636204,317.35271942567925
1773690276,4636,339.54033750486735,316.4450520284218
1773690276,4637,103.38571395487654,155.29000071260367
1773690276,4638,192.50775424364903,145.72026653893903
1773690276,4639,371.6203036917434,225.54124532205915
1773690276,4640,213.89561967825054,228.47070673299788
1773690276,4641,667.3681736808547,71.36477047897155
1773690276,4642,239.74071399493,183.17379181973533
1773690276,4643,415.7506468000271,77.9620637144149
1773690276,4644,195.0946510746249,57.593509976148496
1773690276,4645,293.5620747178622,73.28678692666108
1773690276,4646,202.61686644894414,431.84574977210303
1773690276,4647,443.9498522519183,93.97225636711023
1773690276,4648,331.5106585986252,65.44004893229383
1773690276,4649,807.8447880301014,57.88471636582425
1773690276,4650,322.52582003246556,318.7421269474147
1773690276,4651,252.0403915235352,147.22029222796897
1773690276,4652,350.7471115011939,345.9557836638299
1773690276,4653,246.18304033491245,296.9935652928968
1773690276,4654,338.3011512229578,442.48882688622143
1773690276,4655,184.12848604528068,185.4773334322716
1773690276,4656,260.42598602747603,328.1130765898225
1773690276,4657,295.96195947750306,16.835386437678963
1773690276,4658,248.9660171093455,223.8132125372113
1773690276,4659,196.13344835187507,103.27478107612615
1773690276,4660,171.45590992722848,200.54071609765327
1773690276,4661,237.32525975653542,400.4510006192652
1773690276,4662,126.10124185127911,18.748419237670102
1773690276,4663,78.35463026158563,298.7728197315866
1773690276,4664,497.7094416532957,140.9274317375471
1773690276,4665,175.38000360541187,130.54633785688904
1773690276,4666,135.30891396655718,68.80888721836112
1773690276,4667,347.1187424647749,283.30559534601804
1773690276,4668,130.35022273492743,455.86217785066634
1773690276,4669,105.37443087934422,74.63268350108751
1773690276,4670,148.27625265391595,412.8425216176692
1773690276,4671,142.0280215968923,123.03816231668193
1773690276,4672,236.59881753161363,135.13029308484403
1773690276,4673,301.8279816949732,97.3762259876127
1773690276,4674,193.12192889999875,318.15401563898706
1773690276,4675,202.43572602749816,238.91132715788038
1773690276,4676,229.0305956048998,69.03726263377003
1773690276,4677,160.9117685838397,49.541663862487404
1773690276,4678,339.8031307726216,51.88336598485039
1773690276,4679,218.4584362631315,52.76862709429585
1773690276,4680,278.15538505298053,174.9258666912977
1773690276,4681,154.62101814222518,100.7112453226638
1773690276,4682,248.8594245117594,195.54826475467374
1773690276,4683,227.35925157942077,153.77380715979317
1773690276,4684,77.19739049620775,312.8640101402946
1773690276,4685,199.7150306030699,112.3704967642758
1773690276,4686,355.565673242739,41.778059397176115
1773690276,4687,345.1319949540079,81.43606451208925
1773690276,4688,155.37892844133552,108.84868742086918
1773690276,4689,526.1894397016649,50.84368856593138
1773690276,4690,211.71074769289243,110.27838347266587
1773690276,4691,102.49355790260155,338.1106977450816
1773690276,4692,199.53665716027524,113.06842599226714
1773690276,4693,217.80662227699509,238.1620840250443
1773690276,4694,341.9582773058829,124.04522116474334
1773690276,4695,284.08335349099167,110.61710236534685
1773690276,4696,160.29279190887445,74.79508136773975
1773690276,4697,127.21697303298002,373.96049014431276
1773690276,4698,541.4410654967196,179.95535299859117
1773690276,4699,728.798662275498,161.17220807980283
1773690276,4700,145.5344540439982,85.56807468788502
1773690276,4701,365.09817816756,77.49556592354368
1773690276,4702,111.4511430572275,454.7290857972089
1773690276,4703,706.9689012341988,46.47141513155951
1773690276,4704,91.82654385142945,250.66565714067895
1773690276,4705,350.75988460604594,194.32523018221562
1773690276,4706,119.18125055349353,85.83154058882813
1773690276,4707,297.0553094339927,290.7934944948725
1773690276,4708,470.4166910582754,265.5184734633527
1773690276,4709,154.62563878091805,157.92515735849256
1773690276,4710,156.68298434615295,466.4862425058007
1773690276,4711,137.42384879542928,246.75011748016004
1773690276,4712,173.7499588180539,62.93935469701188
1773690276,4713,349.99221556253195,137.18097868004799
1773690276,4714,205.28121503062272,55.241565381179946
1773690276,4715,299.4543217767113,357.4016100465871
1773690276,4716,271.10124779955623,38.36685735745079
1773690276,4717,447.21887850045874,266.8070225362108
1773690276,4718,474.1749213392025,95.5451637981581
1773690276,4719,1015.1038991022727,165.87730735020673
1773690276,4720,190.0401359439296,60.44011290314335
1773690276,4721,430.06650354830595,234.60908983616272
1773690276,4722,418.30483144125344,51.31409682498065
1773690276,4723,130.81563391869574,108.27332224648188
1773690276,4724,100.07933251650567,289.50906051120484
1773690276,4725,310.65818108946127,33.07723071949978
1773690276,4726,86.13338824119559,416.0693880821859
1773690276,4727,145.52458205925268,224.94031480235483
1773690276,4728,351.76854961765304,282.3097224629704
1773690276,4729,279.5591876263828,75.41662943271264
1773690276,4730,316.930374471429,489.3411448130728
1773690276,4731,253.69743430950044,239.50489024641954
1773690276,4732,131.90691454505398,242.36522735620323
1773690276,4733,117.36081205228218,247.96415973559803
1773690276,4734,225.67046099847124,151.32977246251374
1773690276,4735,310.97072174642193,153.68169082962717
1773690276,4736,101.82933056423576,354.346653990201
1773690276,4737,112.31964685656557,133.56460315120418
1773690276,4738,191.38010092671706,126.29831503890262
1773690276,4739,102.89654356613887,184.50150905816477
1773690276,4740,108.77853337050699,244.62020112573248
1773690276,4741,90.15613140983578,181.75909988990517
1773690276,4742,215.47657367052966,178.1222853025518
1773690276,4743,45.98469838596145,76.71316844311895
1773690276,4744,289.7299705352757,78.97347302097272
1773690276,4745,425.14189836312573,60.524769178429594
1773690276,4746,281.91310194843624,138.43528280503298
1773690276,4747,307.8691101216605,89.49245432806306
1773690276,4748,107.30248709831524,206.40524139925571
1773690276,4749,111.57449636896253,293.27543664037876
1773690276,4750,91.54308822044815,293.20979683159413
1773690276,4751,576.1882200017269,69.379251358698
1773690276,4752,360.8095607019611,54.79424037235127
1773690276,4753,258.0370307630295,472.7675820433579
1773690276,4754,314.13023539078296,386.65853893833287
1773690276,4755,30.9043348942047,40.189214965055065
1773690276,4756,387.6458443309444,353.9815202652392
1773690276,4757,342.70024164483476,40.7719583739657
1773690276,4758,222.1460404758036,136.4650459499911
1773690276,4759,202.88623707667693,77.79810241207775
1773690276,4760,408.1854089285731,119.44470591125088
1773690276,4761,170.00074759941452,281.1752349700187
1773690276,4762,198.50407828436127,119.24352856410736
1773690276,4763,236.6463332685823,216.682532099546
1773690276,4764,166.63667953243132,65.54804848957889
1773690276,4765,315.5368456744624,279.99189517522
1773690276,4766,441.96017143722605,271.882457367538
1773690276,4767,291.4976839063206,40.390294625605804
1773690276,4768,358.97737399833227,441.39863090403907
1773690276,4769,184.57624540867084,126.79481829062887
1773690276,4770,182.43311498412805,43.42333404571666
1773690276,4771,264.588465628891,44.64556456969098
1773690276,4772,191.76517219286728,143.7443943048168
1773690276,4773,296.54412140939286,400.9116714637253
1773690276,4774,646.7961237304153,53.77520989141303
1773690276,4775,187.48269269481113,112.20925932061675
1773690276,4776,135.28238776238294,208.39006380770755
1773690276,4777,235.8718264632825,373.5031535765036
1773690276,4778,756.5091006360627,31.83791194348555
1773690276,4779,212.25164072647897,347.65166742690707
1773690276,4780,78.1745558211216,68.30773452263773
1773690276,4781,295.0389588765438,146.5101368429221
1773690276,4782,54.468220746633044,158.3841256487523
1773690276,4783,181.04138397192244,313.79812516429024
1773690276,4784,163.98257065281774,425.68346003599396
1773690276,4785,231.98637630101527,155.3083251553865
1773690276,4786,228.19272190890558,192.04873251933535
1773690276,4787,427.96401783625265,42.211371935291574
1773690276,4788,142.46339655822806,57.078606448263706
1773690276,4789,275.4501230647725,362.7776464365764
1773690276,4790,391.3109373819235,351.89137897201124
1773690276,4791,192.88351463878524,138.38413122798764
1773690276,4792,372.86681603177453,107.68239595530817
1773690276,4793,239.09603897540077,141.89947347133057
1773690276,4794,271.5458927427947,94.49642491412169
1773690276,4795,203.33348039581952,294.97839088887207
1773690276,4796,573.679565008085,31.984795268948297
1773690276,4797,127.28421262108776,139.19674428400515
1773690276,4798,378.29403422188705,88.58881917649141
1773690276,4799,385.2410010212916,30.625663564319858
1773690276,4800,140.65937957879765,39.23899045499013
1773690276,4801,269.73837662923404,66.15066436481602
1773690276,4802,664.9136069157759,166.90338119855483
1773690276,4803,279.1307513440025,73.96550202271322
1773690276,4804,329.51945115572323,113.67644908148065
1773690276,4805,74.82647079057028,53.63672969191643
1773690276,4806,449.32927228041774,91.78167746169824
1773690276,4807,421.79858429614205,51.59716922532846
1773690276,4808,215.4138934829458,238.59214688299411
1773690276,4809,225.56431805020608,329.40146742539804
1773690276,4810,218.38120540838233,419.29403633731874
1773690276,4811,205.386959275658,509.0969536754457
1773690276,4812,474.7211743311097,382.6127845648092
1773690276,4813,280.10665395618173,171.14626992639307
1773690276,4814,124.05689288806772,116.43200723589435
1773690276,4815,268.3166566186028,84.53206165275569
1773690276,4816,213.41525957469506,173.91950198184315
1773690276,4817,123.15905928654799,340.4800412807713
1773690276,4818,97.67532937485284,116.97638734762614
1773690276,4819,109.21582033342048,196.77617852275802
1773690276,4820,97.02413181715853,26.03708192941634
1773690276,4821,296.1463499744133,66.09177531352432
1773690276,4822,379.10292381933573,61.01599115405398
1773690276,4823,224.53775816457144,144.31930677844548
1773690276,4824,751.2841769403111,52.976584344201676
1773690276,4825,177.58261479460884,486.3617857476044
1773690276,4826,125.73800855187298,113.56548232076405
1773690276,4827,455.6644031658514,326.8203128211989
1773690276,4828,177.54448779545524,342.4427592994574
1773690276,4829,140.68944134840194,84.72353637444711
1773690276,4830,204.98355624064493,192.62200331526998
1773690276,4831,183.02696000704026,145.27597586626436
1773690276,4832,546.9191818425923,93.08158781076621
1773690276,4833,550.1795163680348,75.32487576591193
1773690276,4834,277.9522321708712,30.76664002313687
1773690276,4835,279.261399545882,185.6659837949857
1773690276,4836,248.78669098093442,57.0835862029704
1773690276,4837,124.36298036391631,106.74430584534318
1773690276,4838,224.1390136470201,69.29949795924398
1773690276,4839,370.5375635798122,72.65965591542638
1773690276,4840,311.1513273843256,170.2659857824504
1773690276,4841,141.24497546026495,452.7922201546492
1773690276,4842,121.64077036004821,445.8239886418215
1773690276,4843,100.80248371529716,93.45147801537334
1773690276,4844,108.5836373639096,86.26347576531614
1773690276,4845,349.47729372326097,72.81270063549506
1773690276,4846,341.7846085548296,60.96571737764979
1773690276,4847,111.73029574032385,289.39242361228816
1773690276,4848,358.9575225416726,249.7435085979076
1773690276,4849,269.22359485743976,385.5423383464699
1773690276,4850,165.90826839154687,59.924550156087875
1773690276,4851,243.81176670157902,41.39222132239731
1773690276,4852,78.8827993278057,510.1289341365623
1773690276,4853,490.1791820027493,105.527555058686
1773690276,4854,368.13568286185637,53.977171729494195
1773690276,4855,208.40131045841122,125.97918990822437
1773690276,4856,300.58972020533383,119.9272812039286
1773690276,4857,164.1890569872923,65.48637561696655
1773690276,4858,382.7611243147901,51.77591994729368
1773690276,4859,339.9641858083212,150.59083891952946
1773690276,4860,92.19369611789945,306.4100417815561
1773690276,4861,241.48096911874217,197.05276181343928
1773690276,4862,610.2902765194843,52.06868261569118
1773690276,4863,109.61784496437804,438.2934067675845
1773690276,4864,207.06996001704272,89.21193388767365
1773690276,4865,200.76153756505275,425.508603727564
1773690276,4866,165.7138932322128,77.97957214524078
1773690276,4867,325.6559793415967,40.3754116260268
1773690276,4868,208.3831573691826,85.0984661337924
1773690276,4869,110.38770941058888,85.21262284685326
1773690276,4870,300.6887027572307,234.2189666201448
1773690276,4871,253.57387811453617,372.8916430916922
1773690276,4872,78.27716831752107,344.5480492877929
1773690276,4873,173.83006646969667,125.0900616311927
1773690276,4874,113.48459764100657,67.84094433513516
1773690276,4875,103.29107070334375,160.15954777889903
1773690276,4876,160.98416480026276,59.003434605062125
1773700486,4877,156.32293195382533,134.85208902930674
1773700486,4878,619.6579748423608,380.4762540935912
1773700486,4879,238.81184016093567,488.72304361793465
1773700486,4880,407.69904025331107,335.47942243933215
1773700486,4881,806.3664062294752,159.53804911322786
1773700486,4882,307.78930206109993,158.13225825765372
1773700486,4883,573.3314746525972,307.72913798183487
1773700486,4884,335.8840608095514,329.0354382121285
1773700486,4885,118.38806306220403,171.59639681403334
1773700486,4886,445.4766841777188,173.91256337806934
1773700486,4887,363.9803336922836,177.26853740511322
1773700486,4888,821.8411411899791,55.85696248080676
1773700486,4889,382.15406999740327,325.44725748719924
1773700486,4890,139.13877457398544,429.8058304267579
1773700486,4891,446.59723528282433,101.24535087060028
1773700486,4892,479.401671617755,336.52860856840397
1773700486,4893,388.16209771512393,379.85749524046963
1773700486,4894,137.05172099388142,376.01330111589147
1773700486,4895,81.68662895809064,91.56253210936259
1773700486,4896,70.41961747165018,299.7116637074395
1773700486,4897,234.41819479739138,326.6225848827769
1773700486,4898,375.92983494492864,357.69625069756614
1773700486,4899,140.22859243234,53.13179683169543
1773700486,4900,566.3929180913711,332.84836839329023
1773700486,4901,506.9684165320555,341.7612555514901
1773700486,4902,316.1259588502633,65.73649646145559
1773700486,4903,391.7504582187211,163.80563768500244
1773700486,4904,337.14111253744016,58.98870533009365
1773700486,4905,330.4809595347023,324.0981917082927
1773700486,4906,307.79705145639633,72.16944483597568
1773700486,4907,240.91833877398312,316.8762464185111
1773700486,4908,323.6443129631001,188.14316314955886
1773700486,4909,428.4249506824957,330.1495199840196
1773700486,4910,520.9903712069554,340.3605124355581
1773700486,4911,613.9832305928472,325.4130406537344
1773700486,4912,673.0393281024042,324.00200421816163
1773700486,4913,815.9652227169163,339.03034951808297
1773700486,4914,367.49660310379835,334.7139910118592
1773700486,4915,390.48045387459774,362.7569224851807
1773700486,4916,119.25217587319545,137.45584919968886
1773700486,4917,426.6747319605513,345.88292337914123
1773700486,4918,287.04729489466433,33.53206494570384
1773700486,4919,535.2710284469292,319.4103645939861
1773700486,4920,333.5904392829704,140.29771936955117
1773700486,4921,729.3055184586769,53.46856316387994
1773700486,4922,121.98729539971487,281.94740380310435
1773700486,4923,287.0412139553679,203.22367037270524
1773700486,4924,215.44327641245917,325.7658644154896
1773700486,4925,446.5578217645692,340.80110093729365
1773700486,4926,260.1715557531361,338.13384838596835
1773700486,4927,321.09992964387595,59.876217017988054
1773700486,4928,574.4281341249007,325.9598397661367
1773700486,4929,250.19041380571912,356.87793705759105
1773700486,4930,461.4461565041029,373.15237427149657
1773700486,4931,307.9223583481027,358.01606871508847
1773700486,4932,133.6445580654907,135.15852683843679
1773700486,4933,433.3072441727823,344.4523358798692
1773700486,4934,143.3839883228384,87.10553939760595
1773700486,4935,607.9468356131677,331.8948421756974
1773700486,4936,558.970383531961,340.79381101873076
1773700486,4937,196.16192960855835,358.8570819856258
1773700486,4938,542.2398001896536,359.8004838461455
1773700486,4939,122.49195726507693,181.3410373428844
1773700486,4940,187.7929004937027,366.3685621037752
1773700486,4941,269.0096326329531,328.5261067423142
1773700486,4942,406.09753337531174,370.03523555001806
1773700486,4943,620.5689937934451,143.64198511559107
1773700486,4944,192.35057707129258,368.0582062200212
1773700486,4945,202.27797922257963,376.5730722428413
1773700486,4946,218.24874924448181,314.8078482700878
1773700486,4947,273.21523781872366,343.89997378858186
1773700486,4948,245.6686690879072,379.5998887716347
1773700486,4949,95.69279304081864,366.52148470605465
1773700486,4950,183.82387093612707,370.3035718032321
1773700486,4951,971.1140315894239,58.95651475019064
1773700486,4952,484.5269176566462,302.07644896086373
1773700486,4953,451.1740651269659,342.2900059957068
1773700486,4954,166.83650296973337,136.20159253337565
1773700486,4955,388.35491624445723,236.38801959616603
1773700486,4956,171.10277942795807,358.73274751717844
1773700486,4957,141.07695031676704,64.79499420410716
1773700486,4958,530.1482326451018,324.3205364118967
1773700486,4959,141.12913315305067,341.7419057841956
1773700486,4960,275.2128872775609,351.1587775156417
1773700486,4961,802.617338008244,347.63784821608334
1773700486,4962,311.6536049736031,382.7001473076469
1773700486,4963,369.7767643384502,86.60137843989885
1773700486,4964,681.1567391715453,76.64736962454835
1773700486,4965,227.88838092458377,166.6479472868738
1773700486,4966,170.2976290795048,53.27214760800596
1773700486,4967,247.57562100867372,389.4753315555817
1773700486,4968,301.6202041381613,372.2096472045422
1773700486,4969,293.31044456091064,326.62618492392596
1773700486,4970,167.71278715647668,366.1882226576313
1773700486,4971,301.30406965280605,109.1725181897461
1773700486,4972,190.41730769710014,343.69561093887637
1773700486,4973,117.77404147507639,146.41503923054393
1773700486,4974,199.75155683672654,319.9790587489913
1773700486,4975,192.51268818653975,47.2112311473512
1773700486,4976,114.58759090335796,359.1765896965914
1773700486,4977,323.31516417319244,379.79650702517415
1773700486,4978,606.9951759783733,330.2013280760505
1773700486,4979,157.6161753367262,66.4050885924205
1773700486,4980,330.10957466720356,349.5901747070234
1773700486,4981,501.90178896179407,362.09095203324455
1773700486,4982,185.21997437473212,395.7934580769251
1773700486,4983,95.70053742208519,131.38206845299197
1773700486,4984,296.5243700373497,204.84163065698831
1773700486,4985,284.61826772075085,326.985198084711
1773700486,4986,306.16550791818275,337.40494684195033
1773700486,4987,269.3814704630253,442.4813305151634
1773700486,4988,174.31132520744677,408.86452129408156
1773700486,4989,301.71523447834625,410.21456811993755
1773700486,4990,423.80466204673854,115.0715529907407
1773700486,4991,203.14396835591987,327.07379816505403
1773700486,4992,284.17641764849594,111.14870923172028
1773700486,4993,147.01634195165127,415.1711304012725
1773700486,4994,261.9372868807434,350.2077416631317
1773700486,4995,364.10857696328833,321.1532509635525
1773700486,4996,197.10359830771839,255.22025601010927
1773700486,4997,539.5486086121069,33.53502164027289
1773700486,4998,192.50951473363182,212.8452930775857
1773700486,4999,398.1883476016494,281.2370718574301
1773700486,5000,263.17487795866816,321.3094317523519
1773700486,5001,718.6684030270283,251.4886424171806
1773700486,5002,144.81626216952654,441.3649678286553
1773700486,5003,132.8117136165201,438.44058951294704
1773700486,5004,274.28234827221155,75.82066008187451
1773700486,5005,541.0587237380295,355.83259522502397
1773700486,5006,342.16211033418375,114.64272224833233
1773700486,5007,163.23749602021792,92.41265717640519
1773700486,5008,416.5352067565547,428.41617469046366
1773700486,5009,286.59056823974134,416.89950126993955
1773700486,5010,574.3179803990299,323.36353967397713
1773700486,5011,136.14028601473944,306.9469920226443
1773700486,5012,377.7561560129705,462.6176708848619
1773700486,5013,191.09804754537134,396.5970539648441
1773700486,5014,195.03243601784388,179.78863991677846
1773700486,5015,420.6518881922182,408.5631941359328
1773700486,5016,173.67435399051186,306.2229936309175
1773700486,5017,327.50034683794433,127.22483346620986
1773700486,5018,493.2914428230435,398.3820668364148
1773700486,5019,363.2495277463302,417.5985369909643
1773700486,5020,148.63746524882956,26.453746463636467
1773700486,5021,80.15271112793462,148.50553782457422
1773700486,5022,285.9600708236421,265.43776054577074
1773700486,5023,384.5889980593266,431.392607296929
1773700486,5024,285.1313949716927,395.3462633273914
1773700486,5025,138.1229715788723,438.3287436155739
1773700486,5026,618.7695164537773,381.7948197895678
1773700486,5027,154.59331346128585,426.45603140471917
1773700486,5028,58.094045904359575,56.27456246984257
1773700486,5029,215.4175492397926,241.39271238146654
1773700486,5030,1044.0618373055422,52.911717496067766
1773700486,5031,582.9926009723795,171.32917564496105
1773700486,5032,188.67559835375164,422.0089519110839
1773700486,5033,222.9900996635539,63.48715253809715
1773700486,5034,429.2219524667486,373.1238418620778
1773700486,5035,231.73994710403878,274.6145437246158
1773700486,5036,60.919822675312275,36.933746972604254
1773700486,5037,553.7678147946662,179.6841880043357
1773700486,5038,383.9990988567677,408.08635391526366
1773700486,5039,346.64586760253604,248.37443247670996
1773700486,5040,469.9657836268044,64.32901205304952
1773700486,5041,154.0373327286595,402.34832220372573
1773700486,5042,286.68077758907,108.38871728424664
1773700486,5043,175.22992722743155,442.87408129062715
1773700486,5044,494.1918435410916,45.93530415127221
1773700486,5045,471.45318862172206,77.73045066774921
1773700486,5046,186.12025390809154,139.84990168131486
1773700486,5047,356.74319981967415,443.91477450188796
1773700486,5048,150.3222907496027,388.511426841564
1773700486,5049,106.42733970180169,243.1057517121076
1773700486,5050,340.5067440608716,160.45197594388236
1773700486,5051,168.1530689560125,41.489320818652146
1773700486,5052,320.2118501750021,60.48304796027348
1773700486,5053,245.45054090153536,27.258859589412097
1773700486,5054,146.363567444831,461.93319896080794
1773700486,5055,462.4104491929941,418.44121154500857
1773700486,5056,148.95493384380015,331.1439192951015
1773700486,5057,764.2185587798983,184.6185787893655
1773700486,5058,192.62984697840096,269.29865398326916
1773700486,5059,147.74161778316213,46.23256191422025
1773700486,5060,344.4813352446581,420.58134073221237
1773700486,5061,115.8532742951236,432.41419785254953
1773700486,5062,714.2471326357687,138.93121561827277
1773700486,5063,138.2152414709212,433.00548961046195
1773700486,5064,120.61021404858795,414.2234855363307
1773700486,5065,367.3228636695561,384.88678557048036
1773700486,5066,236.4909061487697,424.08562277353013
1773700486,5067,131.43448169146092,415.62061648591623
1773700486,5068,45.52175648708433,54.71632207852293
1773700486,5069,617.4185728147563,78.7066252947571
1773700486,5070,177.94018050110256,374.61905355333647
1773700486,5071,569.5618988215833,457.97614095255585
1773700486,5072,394.419548114493,399.30162830803494
1773700486,5073,169.9815556277749,410.75286280262327
1773700486,5074,118.09633984334813,118.81346732238171
1773700486,5075,405.35029194177457,45.363955402483754
1773700486,5076,567.4203297940575,424.6476688225722
1773700486,5077,185.31647311888236,398.6015192410232
1773700486,5078,522.7311808745177,416.6846338715008
1773700486,5079,175.95722207858887,434.7973151817892
1773700486,5080,183.24936085000002,389.938678434963
1773700486,5081,365.15626576601966,431.415877295108
1773700486,5082,156.23585428142633,41.58853863708627
1773700486,5083,270.5490342017281,432.7441153150369
1773700486,5084,236.8839066963141,190.96807359988995
1773700486,5085,346.9519400100128,60.75212677403799
1773700486,5086,505.03813079420115,47.336880422477876
1773700486,5087,384.0011573807652,473.4921451813933
1773700486,5088,160.56867972235904,92.19996669351251
1773700486,5089,169.93406104265938,487.5941380933719
1773700486,5090,265.3706213441437,168.8197618726747
1773700486,5091,117.5893237240565,118.4231502961874
1773700486,5092,298.1996064343942,437.9018791300015
1773700486,5093,151.1832642956462,417.30634868867384
1773700486,5094,1494.4622398098763,125.39130607501698
1773700486,5095,349.7422645545361,311.93892269488384
1773700486,5096,159.19521082732268,466.9602992985501
1773700486,5097,363.17022902367194,70.35148457574977
1773700486,5098,305.1341210421263,468.12313487709537
1773700486,5099,469.5818195734593,168.82662377085904
1773700486,5100,152.95999869804905,448.8927558400611
1773700486,5101,156.36948977014882,340.0812362060991
1773700486,5102,137.86893805083628,237.6343219956749
1773700486,5103,218.57797877574743,327.39616257102136
1773700486,5104,141.074900605295,473.08621821345895
1773700486,5105,272.34806386742025,200.17273681275674
1773700486,5106,213.23360696200248,290.52042108192563
1773700486,5107,569.9634758361298,409.7131967898452
1773700486,5108,384.8771666429539,454.4334191389859
1773700486,5109,374.563141916062,461.9906652046428
1773700486,5110,140.5744455063649,417.8659764777707
1773700486,5111,187.40608078184022,474.452613994879
1773700486,5112,181.0836832047608,81.92934237391223
1773700486,5113,179.31938648446314,15.76001460457905
1773700486,5114,579.3356508037165,334.8381527311158
1773700486,5115,294.60469518689956,29.25789188870392
1773700486,5116,252.75488773615578,300.0314870271349
1773700486,5117,590.9323315076849,443.91374040790157
1773700486,5118,464.6080152182198,268.49407266694317
1773700486,5119,308.1830294778666,427.33559390020264
1773700486,5120,180.4812685783046,451.95944328800266
1773700486,5121,213.33006425478285,268.1476870461041
1773700486,5122,524.2254593230092,443.2726900974396
1773700486,5123,445.8904341607201,405.76352658361714
1773700486,5124,349.07408639357294,415.0519117561038
1773700486,5125,588.2844862164037,418.5467711218147
1773700486,5126,154.8924744444927,288.8951676631553
1773700486,5127,250.93111241597762,451.8861546671098
1773700486,5128,124.0985636414555,223.34923810691194
1773700486,5129,173.99349263852505,461.5458798105461
1773700486,5130,568.431424704583,62.76443229678809
1773700486,5131,200.9053478456386,187.4015504176713
1773700486,5132,383.1566908673489,67.03960361735248
1773700486,5133,356.9541718804667,425.9470516101283
1773700486,5134,513.4160868954152,249.51403556246328
1773700486,5135,291.5828137274614,414.631482276772
1773700486,5136,204.3999607471968,447.10955275316053
1773700486,5137,19252.53683207029,479.3853797903513
1773700486,5138,322.59164337865633,55.34560062161
1773700486,5139,1601.4702072654097,152.99290092967433
1773700486,5140,551.5376395593657,407.72966900161373
1773700486,5141,384.24506265433627,426.0681586585543
1773700486,5142,175.7278359611154,448.02635465742657
1773700486,5143,416.1681072285976,248.7203771900887
1773700486,5144,558.690726191777,121.38681427070958
1773700486,5145,448.62630909780256,248.61223115878025
1773700486,5146,259.5076514865186,95.22812718592436
1773700486,5147,142.3601480928272,280.86211975789655
1773700486,5148,171.74285182275878,446.96992795590484
1773700486,5149,262.67106287261214,440.4601374654856
1773700486,5150,222.64166376310644,68.32042127957051
1773700486,5151,298.4490054959369,34.271948847559884
1773700486,5152,299.0788487329742,70.21319726473882
1773700486,5153,190.4980312171639,251.32855202690237
1773700486,5154,181.62719570949193,433.7595818276778
1773700486,5155,381.9506458704592,435.07737288428007
1773700486,5156,171.3696267499127,297.45639318164916
1773700486,5157,178.5948161582542,262.07552026864323
1773700486,5158,528.8760926657594,393.66230137421576
1773700486,5159,338.53786852301903,41.195029545662216
1773700486,5160,299.650739459717,53.36916301595003
1773700486,5161,335.35761261424324,35.08296816889522
1773700486,5162,357.3120812756391,62.28204405667881
1773700486,5163,286.7694274474123,93.45838142614919
1773700486,5164,109.9185886777945,308.35399528800855
1773700486,5165,181.16923222544352,371.04337193381593
1773700486,5166,132.62084002990812,184.76044100771446
1773700486,5167,157.23601822524174,411.16351540319937
1773700486,5168,345.2278317486675,448.50306056678147
1773700486,5169,446.10583489687593,430.93500475306064
1773700486,5170,138.3079971892953,403.41093695201295
1773700486,5171,208.53036179023863,193.71456857893426
1773700486,5172,327.92516981711606,429.10507835015136
1773700486,5173,357.2292429648414,181.4650271789602
1773700486,5174,325.91948796509206,32.54151042321369
1773700486,5175,726.5982730039875,419.0015154036301
1773700486,5176,307.7103906498854,100.02280509587808
1773700486,5177,608.844790142535,408.3854050728987
1773700486,5178,185.33323022689174,117.1223225564213
1773700486,5179,305.1385661658496,185.11655274060428
1773700486,5180,211.28874635274664,119.79656322846749
1773700486,5181,107.20127519328419,239.87738051038994
1773700486,5182,102.26509545963302,434.8364788639799
1773700486,5183,109.67600360009035,437.0799689773752
1773700486,5184,376.77895416756,427.8889363094747
1773700486,5185,216.00710175002322,487.55409888376875
1773700486,5186,295.192736318523,24.948024105788203
1773700486,5187,105.31506536301491,474.74344099440464
1773700486,5188,171.1025156738576,134.23735299924078
1773700486,5189,288.1041481794138,22.47092006975081
1773700486,5190,513.5338133106574,103.8487837420264
1773700486,5191,345.91995812710235,121.02869327265529
1773700486,5192,503.24181932130574,428.83416955448234
1773700486,5193,466.65300074881117,100.32888995140941
1773700486,5194,361.90902537020315,269.60092552088736
1773700486,5195,303.2232006373447,60.5798619533601
1773700486,5196,101.21430547231436,475.7725946653437
1773700486,5197,245.7861924417934,462.82654881270776
1773700486,5198,88.01480028875845,490.5367314826816
1773700486,5199,403.72056340991253,412.6756080514249
1773700486,5200,234.12573865684118,179.9545642775309
1773700486,5201,320.901794695605,412.2238525084008
1773700486,5202,118.90508248705855,439.99571186267985
1773700486,5203,811.9954290959267,204.46867270748908
1773700486,5204,215.6417420610126,118.60696386100874
1773700486,5205,477.9388294306775,109.45972840022745
1773700486,5206,259.4191310874861,168.5191664453787
1773700486,5207,646.0667968823129,372.93974866147437
1773700486,5208,154.59508783048767,409.50055537444854
1773700486,5209,173.3050414659255,459.3577137083285
1773700486,5210,215.83660066767507,443.06996273623486
1773700486,5211,129.3955273648318,86.09174755471291
1773700486,5212,207.72193051098085,486.2491723564336
1773700486,5213,253.72687065867498,440.3469939193858
1773700486,5214,315.23617986370834,395.78616990720843
1773700486,5215,247.6609241742288,410.97880193610325
1773700486,5216,520.3866788875476,461.4687476396372
1773700486,5217,380.53702326569163,77.72158247131092
1773700486,5218,158.99242597394127,224.61890506533047
1773700486,5219,151.42133509468067,406.23581045839717
1773700486,5220,306.2256627110231,403.35034593828124
1773700486,5221,114.62884995246066,441.11942989929616
1773700486,5222,135.82927157101886,457.1362529310505
1773700486,5223,153.73580746313698,55.0016787476624
1773700486,5224,396.81182159925925,438.549540760579
1773700486,5225,121.05992496612633,26.232748652570862
1773700486,5226,91.78604553546093,219.56242022699897
1773700486,5227,102.43356938456368,227.6060352900576
1773700486,5228,375.4250776879472,263.0351074490616
1773700486,5229,346.71419544557216,437.2320888030456
1773700486,5230,447.2522447103596,27.863417436243346
1773700486,5231,273.79902553180904,29.729281109237196
1773700486,5232,275.7621929466651,426.93679145824643
1773700486,5233,36784.109051980726,561.5972053727083
1773700486,5234,168.4771358253276,391.99684930771764
1773700486,5235,135.3824939103566,428.8177722245881
1773700486,5236,128.49617278387743,213.04820051009924
1773700486,5237,230.31701165550652,26.468372430024566
1773700486,5238,499.3153023796531,437.8202693145066
1773700486,5239,159.85979275551603,271.41333678766546
1773700486,5240,144.26323788753277,198.5903806229368
1773700486,5241,114.59270603308363,414.1009024565087
1773700486,5242,540.7899568006065,381.86066505886356
1773700486,5243,229.590620723755,189.26286057407086
1773700486,5244,469.34143530147753,380.70993606429664
1773700486,5245,306.48882895297305,111.1063005341625
1773700486,5246,694.2773572111754,294.53025115140844
1773700486,5247,200.4329151616267,189.86081760064073
1773700486,5248,152.70897780740677,114.01632798129752
1773700486,5249,169.37404824282757,389.835557952003
1773700486,5250,145.90444842207484,93.87694288732206
1773700486,5251,174.92768717098775,393.7214543292802
1773700486,5252,31687.611512698895,541.0344961800323
1773700486,5253,132.30671536931453,430.68114571408665
1773700486,5254,172.9684002946716,417.7571500914357
1773700486,5255,486.31233782498407,254.27337658910372
1773700486,5256,227.98321404581083,399.4891762856884
1773700486,5257,499.04432026393414,91.67723970255382
1773700486,5258,246.58032038879628,165.15407476002838
1773700486,5259,173.06615371552726,42.244890581536694
1773700486,5260,579.8382851862965,215.31715667006685
1773700486,5261,192.63413618570334,427.3297955279751
1773700486,5262,722.4454378049537,396.17217033267093
1773700486,5263,32083.23821031396,544.483397225229
1773700486,5264,289.825159183024,380.98063582345094
1773700486,5265,176.82137007384844,399.19657659838975
1773700486,5266,417.20233633621007,222.58048864124643
1773700486,5267,258.14618539655856,235.94556300140883
1773700486,5268,260.0364409274262,234.10250211409289
1773700486,5269,319.1426656186309,399.96267949999486
1773700486,5270,164.07165266050762,391.15614390572233
1773700486,5271,328.67963231181585,381.8520880721807
1773700486,5272,418.5457014903415,379.8546432721132
1773700486,5273,539.8069818831558,101.52841295780924
1773700486,5274,304.66455986668626,66.72519840569684
1773700486,5275,230.9503213040451,392.65042639662994
1773700486,5276,455.52800048093167,135.67365004506897
1773700486,5277,145.61021889005116,138.49819146872503
1773700486,5278,195.6327995575574,401.38356164331384
1773700486,5279,359.57380952335836,73.449328052936
1773700486,5280,234.79025383156778,414.94680946399444
1773700486,5281,682.1621690387409,338.7452270228038
1773700486,5282,236.9869712047561,50.82462045753407
1773700486,5283,201.99057498174696,122.74811380957112
1773700486,5284,163.01796518657628,397.97591855112466
1773700486,5285,309.9212685928999,107.76635702960607
1773700486,5286,428.418274062838,372.36488311938325
1773700486,5287,184.4904969765448,70.66291340876678
1773700486,5288,691.8586447135724,343.82431974080095
1773700486,5289,188.3191185598991,37.82380772479769
1773700486,5290,469.6466313788201,39.08000696440122
1773700486,5291,269.93266326965596,212.29169768795572
1773700486,5292,146.52800242486614,418.83633382859676
1773700486,5293,162.42625704437853,387.72021056212265
1773700486,5294,444.79119778808155,140.60339129766447
1773700486,5295,144.70889467427472,397.1701160218981
1773700486,5296,178.97613951407857,383.15477036326683
1773700486,5297,384.63877713277657,217.51832237017817
1773700486,5298,113.55188311251142,403.25856832388956
1773700486,5299,483.3681565312563,395.7707687235967
1773700486,5300,150.77309283504698,379.9643489879279
1773700486,5301,126.49163288750623,136.05356422935134
1773700486,5302,407.6162973778829,46.844277497944276
1773700486,5303,269.5357891885952,405.28508151560123
1773700486,5304,309.4323376448602,396.8680850750439
1773700486,5305,242.94696484138754,102.56235371807516
1773700486,5306,281.70895880710174,51.05887565748836
1773700486,5307,238.18093690427855,85.46831472722215
1773700486,5308,393.7688801096821,420.4868615395309
1773700486,5309,122.08605831639885,224.70968660061314
1773700486,5310,668.540589533737,24.000887396185103
1773700486,5311,331.1418770087361,399.2955061577858
1773700486,5312,206.95710433096755,389.47465035072827
1773700486,5313,193.41580978411614,245.06014447849125
1773700486,5314,123.62633919463259,400.5425902697948
1773700486,5315,593.3800508531541,199.71899851764653
1773700486,5316,276.23722376576984,422.02831972779205
1773700486,5317,178.08561269348004,456.1139238482514
1773700486,5318,296.20665376513966,459.99423931853397
1773700486,5319,411.6864298531276,426.08040804475104
1773700486,5320,275.16410625032006,209.84018333411555
1773700486,5321,419.21227484800664,98.98311185363904
1773700486,5322,372.50734062977233,412.62881086956367
1773700486,5323,143.79318029853692,418.9845597316795
1773700486,5324,612.2833385289713,354.8239945596611
1773700486,5325,492.21137494896783,76.31239001409318
1773700486,5326,246.00038984892117,425.0990876078406
1773700486,5327,617.3100006840232,351.05965491885553
1773700486,5328,298.5630521039153,102.90054284978518
1773700486,5329,384.4614878576337,147.2235174751363
1773700486,5330,488.3897579828969,439.55688959926795
1773700486,5331,205.99300194655584,423.8985936535825
1773700486,5332,414.6574930988997,445.3218129365722
1773700486,5333,787.1726181943607,259.95625626016545
1773700486,5334,693.5037026923912,326.3227284267906
1773700486,5335,153.1401233184927,222.38197637293553
1773700486,5336,229.57980306499888,228.81946867044678
1773700486,5337,363.0307422949,257.2179905889541
1773700486,5338,238.8506369685821,413.6574818568302
1773700486,5339,105.70181083071627,402.061292351227
1773700486,5340,93.69724977186246,447.7448803441432
1773700486,5341,822.1539174916301,375.6018961802217
1773700486,5342,360.51178088559936,38.045150843064114
1773700486,5343,550.9648016132495,413.9190406927697
1773700486,5344,301.53447938840065,421.9659588364
1773700486,5345,120.37455126815199,237.20049566154654
1773700486,5346,153.6116760987832,39.70802009974664
1773700486,5347,133.72133399328592,426.49124500696337
1773700486,5348,311.6316787632245,26.187754609326497
1773700486,5349,225.6895788239658,149.6844097662504
1773700486,5350,266.48738702914153,236.35455801088312
1773700486,5351,227.64159905267613,380.69896726960417
1773700486,5352,645.9270095507842,379.31689241780134
1773700486,5353,293.27764259486617,163.69937651909194
1773700486,5354,314.2621862879207,412.05221504680895
1773700486,5355,416.8362739919116,394.87242845723694
1773700486,5356,671.4683716372782,45.117900391635516
1773700486,5357,478.26648067880825,29.123362104649047
1773700486,5358,648.9272211081366,317.19265778247376
1773700486,5359,175.98194637574684,234.8400105421571
1773700486,5360,113.68895818416613,429.09001273964964
1773700486,5361,293.9585070067448,99.92218183101048
1773700486,5362,185.00337106248594,138.52708060993342
1773700486,5363,492.8808699657444,403.2696931116986
1773700486,5364,450.5760998995331,184.55696652126827
1773700486,5365,126.43258538229594,454.1042309417279
1773700486,5366,617.7943218511841,334.130624986504
1773700486,5367,172.79572779341308,433.4023551980113
1773700486,5368,162.5723950549958,111.01595832059161
1773700486,5369,431.257750992462,61.15604107508249
1773700486,5370,195.78957486247714,75.4825942063802
1773700486,5371,185.05742603960363,115.89643475074718
1773700486,5372,138.64596301831352,439.87572937609264
1773700486,5373,264.06503369684276,23.21570828575739
1773700486,5374,304.7583747089308,254.80046924611455
1773700486,5375,297.3465417302411,398.12812273846333
1773700486,5376,191.89484262713964,179.73058824067982
1773700486,5377,436.74442499687336,270.2520286064278
1773700486,5378,788.1920862931207,37.17031227878597
1773700486,5379,208.36256636962784,437.0005185558856
1773700486,5380,431.3344955182133,59.5302698177823
1773700486,5381,170.75818168413713,276.3336812704365
1773700486,5382,131.70651341866304,77.62521679912062
1773700486,5383,237.81274745166317,394.9760616201599
1773700486,5384,192.52367913459022,439.7933527712076
1773700486,5385,266.77790451728356,376.57661832036854
1773700486,5386,733.2014988699348,68.99513924014981
1773700486,5387,177.25817482668512,436.9573373920402
1773700486,5388,104.37801801922906,453.95068235731543
1773700486,5389,527.3218283112407,36.20310346935039
1773700486,5390,166.76518041167358,388.68739544239145
1773700486,5391,177.00212792508017,131.2204199883098
1773700486,5392,173.1178290535592,412.91825634584006
1773700486,5393,121.47762603020223,423.2528350053851
1773700486,5394,194.67320397652122,444.83397655808494
1773700486,5395,265.92521172104296,55.8345168626949
1773700486,5396,560.8892591643813,403.07828810156025
1773700486,5397,495.68172319781434,21.864546140752818
1773700486,5398,537.3172261580258,98.05427405510065
1773700486,5399,179.07078910799004,469.2390703089759
1773700486,5400,390.9952361594142,428.50235154438167
1773700486,5401,143.85368804370776,258.29953131636324
1773700486,5402,389.3198829168517,34.294063669202245
1773700486,5403,152.63071724942526,159.01864428332456
1773700486,5404,486.6137321794268,391.9384390628095
1773700486,5405,137.67721082157513,410.30645527606873
1773700486,5406,172.4090503367043,90.95200904035534
1773700486,5407,473.3617993322087,395.9354186324786
1773700486,5408,527.5724033946432,368.76860073579934
1773700486,5409,456.988515541176,454.6586777809654
1773700486,5410,123.65745289550429,171.5145341609763
1773700486,5411,266.0915748045748,34.601013372236224
1773700486,5412,271.49623955357373,67.23539420191463
1773700486,5413,159.02616725194068,425.70070883997613
1773700486,5414,457.0002159162366,152.59901061340267
1773700486,5415,677.4658667259231,57.94340432637791
1773700486,5416,419.70950798932836,52.82474258627122
1773700486,5417,542.9323115875944,412.1735776577496
1773700486,5418,206.20630370144448,481.0385060084546
1773700486,5419,376.49078826409595,18.73053108817801
1773700486,5420,264.45124729974833,47.631115105137546
1773700486,5421,312.626526346277,444.9858991460688
1773700486,5422,211.32938938594756,234.99666819773964
1773700486,5423,264.5922528560767,179.14625106113135
1773700486,5424,13903.66811712423,406.2330587442925
1773700486,5425,351.95117284815984,46.82846294362773
1773700486,5426,201.64227752817217,57.73060068714612
1773700486,5427,351.21885041514497,23.596189946134285
1773700486,5428,197.3787125051165,179.61627758004153
1773700486,5429,282.7793152985324,249.41267489755435
1773700486,5430,426.95648863229377,54.12197530013119
1773700486,5431,245.47780811791353,440.25244305574654
1773700486,5432,220.6944366783418,127.68879669073155
1773700486,5433,745.298629035599,41.76675489204741
1773700486,5434,263.2410336174381,425.02551037837895
1773700486,5435,161.21540047803455,49.29001847529754
1773700486,5436,268.16507651336514,93.41751940218504
1773700486,5437,146.48020490480098,174.78324571635662
1773700486,5438,99.8136753173744,479.5621744078314
1773700486,5439,190.53154750672232,418.4747718437264
1773700486,5440,498.39829816572603,466.244006770468
1773700486,5441,233.89344105161544,457.85050401566536
1773700486,5442,329.3011074815098,170.63316392393534
1773700486,5443,119.03599855430731,184.73815999816986
1773700486,5444,395.9457845760037,474.7201642288075
1773700486,5445,666.8807285086717,409.9284072210646
1773700486,5446,213.5218772459744,247.82549705332644
1773700486,5447,278.13576443977325,431.46751229229704
1773700486,5448,90.92707756477614,438.49743905080464
1773700486,5449,234.56397084351318,65.52410321178077
1773700486,5450,158.8560380213063,127.70140945538286
1773700486,5451,220.55340750937307,30.33344057763353
1773700486,5452,472.5190584573458,166.23030632656983
1773700486,5453,392.84123676458046,400.7796399873489
1773700486,5454,8892.065857588399,427.36005749063025
1773700486,5455,449.8944480492331,440.94778072378597
1773700486,5456,375.1072495085574,425.8896551195787
1773700486,5457,787.6722554845228,458.7377128350169
1773700486,5458,147.43744681883024,435.56139855475334
1773700486,5459,162.18016055329647,47.52683496833171
1773700486,5460,168.01565000001224,237.4759224927646
1773700486,5461,590.8647579909028,122.99811524309003
1773700486,5462,244.83804564969583,34.53543903668581
1773700486,5463,269.4205726214669,39.898025711805815
1773700486,5464,260.0048315082328,26.961919028985278
1773700486,5465,331.63103110735165,404.00614788303983
1773700486,5466,161.82480863336343,401.7958649305935
1773700486,5467,465.2644705293457,403.1652617879248
1773700486,5468,436.5527607183945,60.910132223690965
1773700486,5469,98.88752151679125,382.70266500867757
1773700486,5470,183.16858261275934,76.57598528018104
1773700486,5471,217.3380924917042,74.7717443129091
1773700486,5472,545.5005911611113,99.24664874403913
1773700486,5473,374.5172395060508,50.416074166644684
1773700486,5474,155.26869746082858,422.76475943414346
1773700486,5475,317.08783974782455,435.01042938128285
1773700486,5476,157.93966771969315,443.6411899656282
1773700486,5477,310.4718951213098,149.23308379448613
1773700486,5478,425.019210383389,398.95223364679606
1773700486,5479,145.2351893946949,470.2697723356062
1773700486,5480,227.52178594373635,421.608556060896
1773700486,5481,203.143469279974,453.38391856186826
1773700486,5482,609.075576556243,139.88017847513936
1773700486,5483,255.15556753333448,152.0629762136305
1773700486,5484,560.0987068104381,92.69776229165645
1773700486,5485,444.37705490117537,269.19109506436007
1773700486,5486,222.74383027535984,348.1152007246183
1773700486,5487,143.70427068969423,277.1670422457164
1773700486,5488,396.9718052027331,44.37585493908129
1773700486,5489,594.4152119818731,66.75180391133166
1773700486,5490,107.52061643382649,431.274679880968
1773700486,5491,472.08254866184194,136.59621737753167
1773700486,5492,139.54928268636192,66.60904082662664
1773700486,5493,269.6207365654355,413.06134846357384
1773700486,5494,190.79761143318493,199.90734950834218
1773700486,5495,657.286732164824,28.388572597513917
1773700486,5496,134.48587542760797,204.84229859388194
1773700486,5497,172.8318829718603,93.91584333230075
1773700486,5498,97.63848303011031,184.32691406437542
1773700486,5499,365.65225135236267,403.2735027576142
1773700486,5500,211.647381557706,399.18271714623637
1773700486,5501,129.23700230145627,95.41553782199018
1773700486,5502,558.5999335788092,80.32125016179505
1773700486,5503,476.22139884339896,113.0303134912351
1773700486,5504,166.90698111071055,205.25769948987528
1773700486,5505,292.80205892671444,404.6073230626853
1773700486,5506,195.6259056075421,461.3116732514107
1773700486,5507,588.2058189012639,454.3422391798626
1773700486,5508,26102.781893412932,477.7272733020726
1773700486,5509,980.0464305789517,218.15307551465656
1773700486,5510,488.71777226008334,103.51925707975066
1773700486,5511,239.1361692786651,138.04572569054704
1773700486,5512,305.65002317741533,443.44995224719196
1773700486,5513,372.2134645801964,35.964413101116506
1773700486,5514,286.61814897118995,402.90409025318314
1773700486,5515,560.7400240882879,24.828290864330302
1773700486,5516,108.4375758078649,443.9343348896964
1773700486,5517,208.45180559341622,424.0007442421285
1773700486,5518,132.92881616561988,189.03345298657118
1773700486,5519,537.4220328714594,464.6782139791523
1773700486,5520,269.24002902884644,252.3420469690728
1773700486,5521,638.6273935468272,347.421812262007
1773700486,5522,547.7497111282544,139.61580048994793
1773700486,5523,488.2081793674679,249.3947677973292
1773700486,5524,416.84315971102353,28.339401048619642
1773700486,5525,207.93793508971513,416.42832474578904
1773700486,5526,618.5073689928831,465.2312742872609
1773700486,5527,132.7510212147532,187.8932569610223
1773700486,5528,137.56657870039535,30.22913989913679
1773700486,5529,190.155724823645,420.27568350996313
1773700486,5530,560.6150213547622,178.28893026661106
1773700486,5531,22317.514949674132,448.43615609236457
1773700486,5532,22061.249615680394,456.1824593380831
1773700486,5533,388.5870533729847,53.823966827552574
1773700486,5534,125.3112538622444,416.8744054199601
1773700486,5535,625.013601223861,337.3332494998435
1773700486,5536,195.49349047373593,471.51275407037747
1773700486,5537,108.78852052292032,433.6186407831143
1773700486,5538,346.4879360197991,39.99668452768154
1773700486,5539,457.626101356326,230.76099984765239
1773700486,5540,252.50023341380066,438.36345157651175
1773700486,5541,558.7246741835914,388.89853671735557
1773700486,5542,450.156000638208,414.5973380841618
1773700486,5543,186.3384493348623,184.42867161542094
1773700486,5544,494.95912984838907,127.87601087405172
1773700486,5545,230.94400430485996,404.6501438584088
1773700486,5546,147.86973439554112,401.0576005116893
1773700486,5547,300.5114282167958,479.4013555403489
1773700486,5548,111.07673645690775,419.1740573846489
1773700486,5549,356.83844837280714,28.401524036900625
1773700486,5550,116.37831464981849,239.9906111584442
1773700486,5551,227.056815619784,409.06379940431873
1773700486,5552,196.679412174056,53.831827083274874
1773700486,5553,384.98116339768546,418.69773036993354
1773700486,5554,447.24062076842466,413.55348456975935
1773700486,5555,262.2786818124748,399.72355030257256
1773700486,5556,450.84207976954787,187.17025247620924
1773700486,5557,74.28377320590023,348.5212941459936
1773700486,5558,270.6212611164232,225.19547159413483
1773700486,5559,267.86417372571447,77.56978316890319
1773700486,5560,299.92372269701895,388.54296366559214
1773700486,5561,132.39937454247737,464.7287220357637
1773700486,5562,835.1105325294119,110.56745386341849
1773700486,5563,366.11147699904865,197.54300811524078
1773700486,5564,712.252372367131,130.0539569215092
1773700486,5565,196.38657421343373,455.51292527565505
1773700486,5566,290.70397081935573,115.26332935013168
1773700486,5567,414.7597367033934,432.7991212260812
1773700486,5568,265.58814971112747,58.82593301190244
1773700486,5569,16281.307937462063,422.4636008648124
1773700486,5570,540.0904615133489,366.6518657922029
1773700486,5571,212.1138939202078,406.7896728864772
1773700486,5572,153.01514090924078,184.185266474133
1773700486,5573,325.1085667222593,425.5472537742696
1773700486,5574,420.80034313177373,203.40818856783216
1773700486,5575,292.93444905304864,220.80509094333442
1773700486,5576,434.3673372890769,63.68512634885987
1773700486,5577,192.68685428355465,55.71339223778318
1773700486,5578,285.4481929394496,118.64266540932898
1773700486,5579,173.0621105160966,396.9245663736951
1773700486,5580,345.20993029030836,426.5811365818592
1773700486,5581,467.20209064290583,406.72469226963955
1773700486,5582,238.6969909343429,414.6708349014923
1773700486,5583,158.45406615120172,428.88116644203575
1773700486,5584,190.7580494639211,457.9470115679821
1773700486,5585,164.5262564850565,437.862382384299
1773700486,5586,195.0625655498033,410.5452895574504
1773700486,5587,287.94482713150023,43.6997184316947
1773700486,5588,167.92159960926077,208.92744418725738
1773700486,5589,260.403115456136,155.1994957564307
1773700486,5590,484.29949952745665,353.16620660521124
1773700486,5591,255.3665708991997,399.0953225848323
1773700486,5592,490.05436994562234,38.31882480751647
1773700486,5593,20440.667836216246,442.0380488164318
1773700486,5594,162.40268380037116,258.3394971128891
1773700486,5595,249.24128501185228,166.18042327320276
1773700486,5596,300.85510739408784,443.03101914713545
1773700486,5597,213.7906761422337,53.99602950859284
1773700486,5598,135.66910743515538,414.22865248664306
1773700486,5599,234.25889441867412,205.03912439315602
1773700486,5600,435.9553468577595,35.277558299012966
1773700486,5601,436.9476721133397,35.98539586216543
1773700486,5602,139.78615936970414,384.2818557682405
1773700486,5603,132.7175314741498,44.14012039133782
1773700486,5604,405.3106778392057,73.76823701309114
1773700486,5605,233.41606053645168,32.99096238192001
1773700486,5606,297.1794687641829,408.81721851764365
1773700486,5607,96.33012250206654,496.4086242116357
1773700486,5608,171.50224565633542,492.07116210540886
1773700486,5609,393.0904355917664,418.9870325480927
1773700486,5610,564.3775456258178,398.83817275147476
1773700486,5611,121.20305154626361,233.8625881727501
1773700486,5612,606.2712919269342,23.7713473988654
1773700486,5613,220.8458763073694,69.55336193943083
1773700486,5614,346.98669018446077,238.4067140869548
1773700486,5615,122.21890662180083,211.03611952847362
1773700486,5616,419.422144766358,352.04331511277314
1773700486,5617,255.29982478027014,37.792970909810336
1773700486,5618,580.6312369349915,97.6061194247257
1773700486,5619,629.2307946823656,26.810647683191508
1773700486,5620,15737.438728444899,433.48029947572155
1773700486,5621,146.621669567689,45.54654458060379
1773700486,5622,435.2222639389557,395.23600945555097
1773700486,5623,310.72836242689397,408.56934350026506
1773700486,5624,497.1124541302482,392.63758604842036
1773700486,5625,315.69121316903477,428.0970324866321
1773700486,5626,551.4746583468551,32.99125486843168
1773700486,5627,115.18835022498176,413.4603966495647
1773700486,5628,318.5337789879222,147.58902842075514
1773700486,5629,110.20023873982213,241.03802994284726
1773700486,5630,551.3815330632417,131.0158789247522
1773700486,5631,192.70500652266892,342.9365707967765
1773700486,5632,133.38098516586558,412.4466006906257
1773700486,5633,171.23887977961505,54.75795527733926
1773700486,5634,213.3507065614084,21.561899205796195
1773700486,5635,172.29950285582044,204.80021547045976
1773700486,5636,200.496044860405,407.2314798503819
1773700486,5637,190.01477972994948,448.4954513900875
1773700486,5638,538.6212591671692,94.89401072678845
1773700486,5639,274.60404516531327,255.70295722940057
1773700486,5640,326.9683585389325,214.96424497331367
1773700486,5641,189.23436720700553,403.18817548297915
1773700486,5642,454.49196172090615,372.3247772607751
1773700486,5643,107.78350605055098,110.84566954110726
1773700486,5644,439.5178576048058,381.35741235189715
1773700486,5645,331.6034531035055,403.55477620896
1773700486,5646,330.69393320402736,444.10663802954497
1773700486,5647,18503.79530807305,418.5602270919037
1773700486,5648,244.657791907617,413.38051996706326
1773700486,5649,159.3615713371758,186.31922867159835
1773700486,5650,348.5448649103141,125.8989478589264
1773700486,5651,566.6903359758321,443.27393207363025
1773700486,5652,228.77119051900522,97.77630286981953
1773700486,5653,851.1856526758332,245.02690296651465
1773700486,5654,136.6558743453601,160.49859291367386
1773700486,5655,313.4743579286929,399.2400495815979
1773700486,5656,48.58986994138467,77.54437832659573
1773700486,5657,583.4355722812069,152.91657464009458
1773700486,5658,425.27043853629186,77.35234002930748
1773700486,5659,207.15853104578161,186.8181646125574
1773700486,5660,446.32336371141656,162.25269914128225
1773700486,5661,177.30638812968306,159.2665576784778
1773700486,5662,120.22246940937889,436.64448329691515
1773700486,5663,194.31989082797142,446.8529825856723
1773700486,5664,344.6500442778448,363.2840535086691
1773700486,5665,185.66896931852713,84.16616156213084
1773700486,5666,230.2810099500182,220.13247792415982
1773700486,5667,20240.2914868424,430.71584538093504
1773700486,5668,168.4529799293529,409.5278628897067
1773700486,5669,181.08434850141634,398.1267904106824
1773700486,5670,241.73822744749097,151.0713328314287
1773700486,5671,146.48024617847923,47.342260333849765
1773700486,5672,373.43627956724083,69.79586695629709
1773700486,5673,183.79891083619924,82.0180434044987
1773700486,5674,225.1145496274352,406.67860821167477
1773700486,5675,293.2246944868769,447.3038545711265
1773700486,5676,311.3629669367397,54.53329737001612
1773700486,5677,112.46296301536086,417.0108063451296
1773700486,5678,400.8012067506374,384.610790298672
1773700486,5679,641.282658930721,54.504043306872134
1773700486,5680,534.8418746391395,62.48783193048672
1773700486,5681,403.4442227489618,154.08341311972168
1773700486,5682,232.03194967540108,91.57968275099473
1773700486,5683,372.79149131409946,165.28147775240294
1773700486,5684,182.00874880635038,124.07418941013292
1773700486,5685,438.57038836477574,463.9302041697901
1773700486,5686,174.30112381447,156.3106903264546
1773700486,5687,262.20108383803705,236.70152345936572
1773700486,5688,98.04495806418375,483.63006213109963
1773700486,5689,825.317255961698,78.5104602640456
1773700486,5690,168.56110586509038,62.36154533078954
1773700486,5691,81.6064854070006,448.584014074899
1773700486,5692,417.99491034042677,393.5579316978138
1773700486,5693,548.6369630894776,138.05963752035737
1773700486,5694,19261.290723379978,421.17358307181814
1773700486,5695,970.8741497530337,75.97459012416766
1773700486,5696,272.2036596748263,114.67698327444468
1773700486,5697,176.55321334195744,23.23598601857468
1773700486,5698,191.98690744327178,415.56183649238085
1773700486,5699,116.02850517621374,437.403506896542
1773700486,5700,330.7836058611701,47.41568966228895
1773700486,5701,178.85797539406178,59.372582758321016
1773700486,5702,228.54241730791594,158.50817529450768
1773700486,5703,235.30983419587994,37.53016180817395
1773700486,5704,245.5351261911324,28.73519370436643
1773700486,5705,392.21612607353904,374.54708301874285
1773700486,5706,355.4697932797994,62.77387353165954
1773700486,5707,192.80736161488687,151.37377943977313
1773700486,5708,548.8133736219927,189.40481126150559
1773700486,5709,297.6804134554002,24.589341299091476
1773700486,5710,427.47407923507103,54.54265996159057
1773700486,5711,222.3267717542195,40.63753395438053
1773700486,5712,115.11541611820827,134.72433785361662
1773700486,5713,81.24408416349809,439.03038113326795
1773700486,5714,576.4869315063033,33.23138123623242
1773700486,5715,228.4772464661047,127.73309862845802
1773700486,5716,246.95323524165545,482.43866425797887
1773700486,5717,204.02745135232485,125.5445679225638
1773700486,5718,270.56631408635593,444.6914190263818
1773700486,5719,214.1128358054642,149.05457777719232
1773700486,5720,431.1561438691585,408.6485400052164
1773700486,5721,168.57790383536488,429.9010112636828
1773700486,5722,21698.98270189387,438.69167713341716
1773700486,5723,410.7564300472281,435.44860807855474
1773700486,5724,239.36814341515236,442.5383916093194
1773700486,5725,134.08920700212508,485.1217465978693
1773700486,5726,295.12764099121546,425.16975758333876
1773700486,5727,399.7895428515818,85.2147700573489
1773700486,5728,452.1498105849319,383.1937493291024
1773700486,5729,192.8668598141255,35.49773106244166
1773700486,5730,225.87496704480463,429.77506901063265
1773700486,5731,485.75238168284176,50.47679841164996
1773700486,5732,281.5166364256046,173.90655854701828
1773700486,5733,203.9732724166919,168.4909726188133
1773700486,5734,484.1077898183292,111.99857372903614
1773700486,5735,265.1398606669477,48.55807925143755
1773700486,5736,175.6140966712745,36.708595500791574
1773700486,5737,662.8872405243186,33.779621194076185
1773700486,5738,419.3397624825568,395.90968903374323
1773700486,5739,399.312418503492,25.604488591440315
1773700486,5740,524.5066210401566,68.79602489210625
1773700486,5741,683.0505550232581,333.37604789199446
1773700486,5742,338.2224633010496,167.16716299746565
1773700486,5743,275.6832066921222,95.27333766011292
1773700486,5744,636.2717469164995,433.1950995637757
1773700486,5745,169.87167952666124,415.24328097418044
1773700486,5746,301.1784431070755,76.35716336031675
1773700486,5747,525.5221657869217,407.3178463250119
1773700486,5748,92.86526437204114,479.6979491127543
1773700486,5749,589.4775874657837,39.693391335044446
1773700486,5750,284.48207417879155,58.581764271434686
1773700486,5751,533.5356383645648,402.5924529984366
1773700486,5752,146.92108187720677,446.7369113545508
1773700486,5753,177.97615590175658,48.811879444321484
1773700486,5754,704.985447460637,208.88870957849485
1773700486,5755,151.20863548588324,215.21651205455183
1773700486,5756,606.6239106525154,56.45235239969082
1773700486,5757,462.03315797653244,201.11308041903183
1773700486,5758,131.49034164122347,74.37659251335673
1773700486,5759,388.90027143359197,389.4793716964475
1773700486,5760,358.8523017642639,79.61141180453748
1773700486,5761,466.55834767814025,401.4869959006156
1773700486,5762,393.4145927065255,415.23053871337083
1773700486,5763,217.65466722025397,442.878139314593
1773700486,5764,288.58139178860256,212.5020892621147
1773700486,5765,415.8384185622828,40.02616229584713
1773700486,5766,930.1869037832944,38.4427920900241
1773700486,5767,536.9884631632135,405.8014335975395
1773700486,5768,214.5962181418332,76.76236977524502
1773700486,5769,341.6767731119983,64.65510412484389
1773700486,5770,302.79724926255795,42.737892016084714
1773700486,5771,119.31793127076028,399.0556534791614
1773700486,5772,389.4620230537341,221.61330282301842
1773700486,5773,588.932343533334,81.55615834342632
1773700486,5774,368.93473562256077,131.29777810923594
1773700486,5775,76.78924499849654,464.80251853758483
1773700486,5776,266.36676072850116,421.93535366093573
1773700486,5777,736.2134953851487,33.370079471332126
1773700486,5778,213.33818628663957,86.60059950005761
1773700486,5779,333.4140790933296,471.8047909803601
1773700486,5780,575.0099191059908,430.30132964787515
1773700486,5781,211.92164099795994,412.1734821615677
1773700486,5782,122.1088107400403,430.9173796273749
1773700486,5783,324.61339077766524,32.088506570476326
1773700486,5784,206.63766828441342,435.718778056534
1773700486,5785,1319.392760130245,82.60513528816332
1773700486,5786,224.93533372949406,129.53635898329844
1773700486,5787,395.2817024690953,129.97139093969017
1773700486,5788,480.8744123124848,358.0982405645936
1773700486,5789,164.1776047526903,187.319490143479
1773700486,5790,501.4811123921323,432.64491597187185
1773700486,5791,470.90244462701247,416.867670337121
1773700486,5792,332.36263203856447,40.82646270856146
1773700486,5793,85.3789052393829,448.66279425207387
1773700486,5794,354.0018444339685,457.4426432048684
1773700486,5795,550.0651181596043,393.2637865202477
1773700486,5796,433.591273005694,65.75028084221361
1773700486,5797,192.4183407447527,215.37763658093505
1773700486,5798,301.3925159395701,168.97968601666622
1773700486,5799,363.3727411507981,31.489665350216427
1773700486,5800,141.0617195258716,380.1913353097692
1773700486,5801,309.3698232093512,489.13293899668844
1773700486,5802,175.5480844246358,404.5600668479477
1773700486,5803,702.9559110139656,337.5168750448882
1773700486,5804,331.15806978977633,123.80629943964101
1773700486,5805,238.8017142565785,403.1940032949562
1773700486,5806,227.20243787594185,46.8628070391051
1773700486,5807,171.80043719098947,452.9816852878434
1773700486,5808,110.17592461334695,393.72844214592936
1773700486,5809,426.9573336363216,101.88204592828029
1773700486,5810,83.34232882436753,438.71190188315995
1773700486,5811,162.41776272369117,472.2044249471485
1773700486,5812,512.8359320119151,428.96520594353933
1773700486,5813,263.60107569847963,113.13204231027501
1773700486,5814,89.37471702538647,435.90267861122163
1773700486,5815,210.2907816489425,136.7178114975772
1773700486,5816,234.42347558519126,33.61298772748413
1773700486,5817,613.3279001922457,343.2686460343669
1773700486,5818,288.8528532955522,30.091396989835143
1773700486,5819,407.2754246655258,394.7901353783208
1773700486,5820,179.43618162661622,43.80158632861982
1773700486,5821,104.5259835313518,433.8654130934933
1773700486,5822,400.0524752319885,375.43004195388596
1773700486,5823,389.0540826605522,75.89998831910474
1773700486,5824,357.2879274339499,130.33238836073758
1773700486,5825,775.4060804368733,238.0310948943352
1773700486,5826,484.27942978425324,58.567061966145296
1773700486,5827,35.68728630716522,173.89093557388452
1773700486,5828,189.68871328036,398.6297535416459
1773700486,5829,95.91795874886706,438.60874079745673
1773700486,5830,130.52024788402716,198.4438225277683
1773700486,5831,148.74041179959033,389.8241223550377
1773700486,5832,346.29423646480035,438.60499318671873
1773700486,5833,169.72651346530816,463.25130360304865
1773700486,5834,362.52293672350527,84.6335486001734
1773700486,5835,116.98589048796977,386.54020956946636
1773700486,5836,336.21909156240423,402.82815637870306
1773700486,5837,667.0990527980348,156.6303938003099
1773700486,5838,247.64115296849792,410.0755222580163
1773700486,5839,366.2079753197894,398.90452687785796
1773700486,5840,370.6954803500491,88.45528585637015
1773700486,5841,259.9410838356972,194.12354602119456
1773700486,5842,147.91917339464214,171.34336296105212
1773700486,5843,173.24500358588287,414.2304299722091
1773700486,5844,55.34080929122177,235.84909937616968
1773700486,5845,408.30045777308027,59.17754441351056
1773700486,5846,364.03615940543716,176.79126950745388
1773700486,5847,138.561480702593,488.8358319554395
1773700486,5848,164.45201496291838,125.01544917742945
1773700486,5849,409.8483693203881,39.57455493429004
1773700486,5850,384.4048289437493,391.62208677249185
1773700486,5851,460.14775739652976,119.45227032067284
1773700486,5852,152.0448018551612,42.71247338251141
1773700486,5853,489.0663630157674,25.408233692371244
1773700486,5854,367.9629804977684,432.57389801185866
1773700486,5855,251.42604102742925,49.05381427926778
1773700486,5856,371.4266147871594,455.3692624353019
1773700486,5857,182.64297887408145,149.49671732957637
1773700486,5858,651.1060485181172,52.87147262607881
1773700486,5859,657.2018164643032,91.02270160231218
1773700486,5860,200.11129831342734,405.16814175443045
1773700486,5861,302.6532221251966,153.48653684482767
1773700486,5862,196.1062434961456,384.56125450714234
1773700486,5863,1629.7982346374881,58.459984303107305
1773700486,5864,559.1603373745643,47.07539472047493
1773700486,5865,244.03196999440195,435.3232614692034
1773700486,5866,456.33282055331074,488.6865390638559
1773700486,5867,330.1749586589535,442.7622670656499
1773700486,5868,148.11881570167793,407.36950155607957
1773700486,5869,163.59331158916712,399.77602300310235
1773700486,5870,101.41992411524868,151.06267695915395
1773700486,5871,99.31732634484636,476.82918386221667
1773700486,5872,134.81128647277993,474.1619391016567
1773700486,5873,90.44296639377596,463.5977671658539
1773700486,5874,256.2520103834011,24.423200807573316
1773700486,5875,116.86169896322058,415.05526197258115
1773700486,5876,337.19582804995224,406.72047664877334
1773700486,5877,486.35834732233405,418.62325678231633
1773700486,5878,200.88844466464906,466.0888142817264
1773700486,5879,388.5545505349742,380.08635128987885
1773700486,5880,652.254420027029,157.1690157661271
1773700486,5881,448.3104285649358,20.496941068274037
1773700486,5882,742.1103700366617,246.90983338693684
1773700486,5883,387.3642165342266,384.1682438576912
1773700486,5884,228.3563077664293,441.1884099256277
1773700486,5885,308.9928227038201,32.718775518071574
1773700486,5886,171.48766093436615,116.79250787836699
1773700486,5887,251.22911019492463,164.3520928244135
1773700486,5888,374.74338969773123,108.38340089751867
1773700486,5889,450.61014854612296,129.94739435904424
1773700486,5890,139.38587449059685,114.75262340000755
1773700486,5891,273.11216038553766,244.03427667224628
1773700486,5892,116.81236637730234,305.67773544400137
1773700486,5893,141.12998468399235,440.1438071951358
1773700486,5894,137.52240501284783,39.00664382062662
1773700486,5895,128.2437394817952,420.7060887558225
1773700486,5896,258.73860155493156,63.89301372189143
1773700486,5897,487.82202360271106,155.19994258314998
1773700486,5898,226.56926345625686,390.77090532507634
1773700486,5899,113.28041907287638,199.59070356236126
1773700486,5900,157.12572018655896,391.6497663087828
1773700486,5901,177.17503729565468,163.07537819754663
1773700486,5902,241.62417703936407,319.35167301422496
1773700486,5903,259.99853583404695,155.57809487929123
1773700486,5904,227.46050998941902,74.24687552304361
1773700486,5905,323.0888083986568,417.1443266176952
1773700486,5906,227.09197523402995,410.2768553328158
1773700486,5907,434.41004837568346,38.62274720263803
1773700486,5908,393.15620874720406,367.01964990019405
1773700486,5909,396.7735678617193,420.01605900632745
1773700486,5910,117.69736292679222,420.0943590980968
1773700486,5911,286.2600838309181,53.992028170380785
1773700486,5912,113.14538349121011,384.30498110500713
1773700486,5913,100.50080951589752,428.9480978035105
1773700486,5914,307.46892812988,407.2558538972841
1773700486,5915,231.9779772819747,449.1384132396783
1773700486,5916,715.4328570303205,180.5172946899714
1773700486,5917,361.9697214394566,200.91822318292466
1773700486,5918,886.2982291030601,279.56626995782983
1773700486,5919,294.5044537011404,231.60204150471745
1773700486,5920,303.8970824700651,396.7716894324596
1773700486,5921,142.90111884148325,426.775049840436
1773700486,5922,362.81102913940947,147.62210235346902
1773700486,5923,82.05051598020387,385.9976612969223
1773700486,5924,262.38622564709726,134.52914328940633
1773700486,5925,97.58052597576868,425.7797683644835
1773700486,5926,366.7190255882759,105.93335653033147
1773700486,5927,215.5598399702169,27.01877510374995
1773700486,5928,219.40190279058368,38.476334470538816
1773700486,5929,83.93089038395516,474.99046554040547
1773700486,5930,169.07642478582102,429.32379214669913
1773700486,5931,438.6696747363458,50.60122694878558
1773700486,5932,462.10120332447747,397.7829570505214
1773700486,5933,649.8822832596614,425.23270602419944
1773700486,5934,383.91935454866643,31.67261774977087
1773700486,5935,333.3506718429479,107.88784580790447
1773700486,5936,527.7322876631521,401.3073961074361
1773700486,5937,155.45814806412676,149.6804070199574
1773700486,5938,357.9218378579142,28.317609728462266
1773700486,5939,119.53327379765265,426.3943830075066
1773700486,5940,512.5569113011314,387.4372390993332
1773700486,5941,77.72376774215874,429.5767999215484
1773700486,5942,232.60745667471116,129.68446575129252
1773700486,5943,550.9799362367773,340.8159233692329
1773700486,5944,394.8414549928791,363.1432358249914
1773700486,5945,332.29724465847715,85.43001695089016
1773700486,5946,108.42984321908621,410.97092674786046
1773700486,5947,877.8441512186666,234.9309358575087
1773700486,5948,587.2430107649692,46.25371408875322
1773700486,5949,584.5513558899853,96.9467542751643
1773700486,5950,223.91630047601274,401.1592394356955
1773700486,5951,102.42741748174497,416.68713455217727
1773700486,5952,131.10123985540406,422.6775940130293
1773700486,5953,479.1413351109828,389.8098374808719
1773700486,5954,178.47313469281835,67.4624234039631
1773700486,5955,365.34797396760877,430.00425403432274
1773700486,5956,589.3653092671457,334.2630145598025
1773700486,5957,253.00444933652645,434.05149391559104
1773700486,5958,279.02089160118993,35.95547370237135
1773700486,5959,664.9070614527901,408.929580480945
1773700486,5960,196.72175106455066,106.33554087319395
1773700486,5961,261.33798475322203,45.90582098676986
1773700486,5962,578.4427106140588,114.53838424634256
1773700486,5963,430.09440248648565,418.1122330910314
1773700486,5964,271.8735448567579,417.96910779774396
1773700486,5965,305.7792128678843,444.2741174271961
1773700486,5966,227.325505178252,70.18398509919632
1773700486,5967,616.1000551712953,93.63188103795855
1773700486,5968,259.69872208015346,215.87458817868392
1773700486,5969,392.90963314269993,170.96537580757652
1773700486,5970,208.73703851685283,23.133344839364234
1773700486,5971,69.80037842096304,197.31331400223067
1773700486,5972,473.52380404603343,54.19878951885261
1773700486,5973,147.27001911775244,98.07781753224184
1773700486,5974,150.69686705238522,416.601903221889
1773700486,5975,1441.8386509485724,61.70752559772727
1773700486,5976,468.8226480791647,47.09061729569831
1773700486,5977,93.75514920734774,62.66481412042978
1773700486,5978,149.2406029587148,105.53241036547439
1773700486,5979,155.7210877958011,154.4233275229959
1773700486,5980,238.51704675289454,345.7281831327989
1773700486,5981,163.5755653451339,185.75311687749766
1773700486,5982,205.00366690534736,39.61204116666324
1773700486,5983,117.97195898076735,177.76223506890565
1773700486,5984,1572.9885076851185,62.19861398171858
1773700486,5985,360.16875084282515,419.83913534337853
1773700486,5986,298.9399219112291,129.0441912018031
1773700486,5987,706.4328928959301,413.7047391162629
1773700486,5988,298.1080989688732,169.7360925962587
1773700486,5989,146.63505138495503,131.25328104129395
1773700486,5990,190.78109288978186,288.8384954282102
1773700486,5991,430.7595041443669,414.87454640937597
1773700486,5992,72.6113449591215,426.78773638139717
1773700486,5993,527.2010128283555,486.380013815099
1773700486,5994,448.0675790300746,213.77201614014115
1773700486,5995,366.65380215609554,477.24052337802385
1773700486,5996,668.2087383191816,475.6133096063552
1773700486,5997,333.54413817470277,39.0253498238245
1773700486,5998,488.02079504990667,357.4890015757568
1773700486,5999,361.61671427437955,192.25235244627427
1773700486,6000,653.917667348209,405.2296618321063
1773700486,6001,174.54865326862802,456.4380157118524
1773700486,6002,365.0382305023836,400.96823990641514
1773700486,6003,334.42053463574814,23.604840976171747
1773700486,6004,292.0077880118288,413.32790220179936
1773700486,6005,1224.5637282581981,52.303726206733295
1773700486,6006,584.0252649430346,20.263642105028413
1773700486,6007,721.9730438364361,41.560260672875124
1773700486,6008,574.301110793334,32.723934745484144
1773700486,6009,254.0687862191177,29.346009168755003
1773700486,6010,57.72579839489727,201.79667796204728
1773700486,6011,167.38333246668483,514.060343132709
1773700486,6012,322.96320425139874,430.7042022976043
1773700486,6013,150.88482881169648,85.1884870205252
1773700486,6014,390.0557403628301,52.927906574762886
1773700486,6015,61.23243461429358,160.01486560208696
1773700486,6016,69.21761364095799,228.08396358829148
1773700486,6017,234.96182557202775,24.00740480135194
1773700486,6018,300.43149368430596,22.859332605898565
1773700486,6019,582.6010922531084,468.1163057066543
1773700486,6020,999.6842182822286,29.360739991671707
1773700486,6021,356.9358763428503,437.5563829087272
1773700486,6022,236.09371907491223,39.286551074330454
1773700486,6023,119.17340827816629,396.6129988547479
1773700486,6024,91.55252324776878,488.7089046619567
1773700486,6025,103.50314254234758,484.41817455965383
1773700486,6026,251.79315299941942,29.046231666780827
1773700486,6027,292.5602978409976,539.4193866233866
1773700486,6028,415.8205642339506,49.075339398912156
1773700486,6029,398.0945815632774,60.723757432029835
1773700486,6030,378.71685634462403,366.314086460565
1773700486,6031,212.35659240819913,459.06493655059586
1773700486,6032,156.92219932778283,131.69897067018636
1773700486,6033,182.7590211214348,100.31523252198652
1773700486,6034,196.2951672822093,511.66698539717004
1773700486,6035,363.66534614690426,142.07184575517508
1773700486,6036,147.0664889824867,195.16011627945963
1773700486,6037,89.7814859824834,495.7208296001828
1773700486,6038,356.7168356327619,287.6787902014886
1773700486,6039,431.99605083905834,360.45630262049553
1773700486,6040,191.34955959970588,58.54628596476345
1773700486,6041,203.1263417826457,473.6286673557668
1773700486,6042,1005.4760041268406,206.16375511193675
1773700486,6043,1023.519741892399,93.70841386102764
1773700486,6044,631.9446719949175,29.184889364730342
1773700486,6045,330.2772346382002,456.3252506352246
1773700486,6046,104.33384971989429,455.99997550875463
1773700486,6047,96.06186036211307,164.69333462871546
1773700486,6048,298.1807171241591,32.31215087754677
1773700486,6049,456.3338457268618,125.78857800025034
1773700486,6050,205.7550921799564,160.5451349484952
1773700486,6051,783.4671204890013,474.3130865393034
1773700486,6052,514.6619317224927,456.63309485403596
1773700486,6053,199.48612845960895,114.2923816349276
1773700486,6054,245.53803060479711,484.08895186938605
1773700486,6055,71.74163018382285,128.06772470166362
1773700486,6056,290.99950294642167,137.94399573651413
1773700486,6057,122.72494706002712,208.8757698566325
1773700486,6058,618.5196028637613,124.44640172532408
1773700486,6059,113.70913847796596,560.0584720666208
1773700486,6060,224.09292298453718,347.7177382378595
1773700486,6061,492.8250506439386,34.693018125692525
1773700486,6062,779.8932296268249,177.386759230801
1773700486,6063,153.9706185084732,477.8493478007449
1773700486,6064,403.29915218040964,409.9839310569771
1773700486,6065,248.24278397500075,424.0126627876998
1773700486,6066,153.5243788595977,54.310984879313516
1773700486,6067,192.93058719006422,29.109365007040907
1773700486,6068,542.0880104494594,408.9986860331723
1773700486,6069,129.75516302126454,43.733500017690794
1773700486,6070,248.7209412207006,469.32540046227814
1773700486,6071,224.55729525487303,79.8857124491103
1773700486,6072,184.86439014662216,449.5923630121534
1773700486,6073,139.33117052809854,477.69188354978223
1773700486,6074,543.1322451242497,36.960093273585706
1773700486,6075,1953.5121745209656,127.7142775490625
1773700486,6076,270.1938229862097,23.649230256501262
1773700486,6077,229.29139066032488,27.47012217759565
1773700486,6078,134.8035845017044,387.61573046215335
1773700486,6079,164.7923520031173,98.59563716666176
1773700486,6080,309.53078161490686,28.704090484215698
1773700486,6081,439.8878638221017,568.499992020441
1773700486,6082,62.8925346394562,114.19238623485845
1773700486,6083,156.3546995170157,82.20105850910929
1773700486,6084,849.1141310778341,101.13602202752608
1773700486,6085,144.81848894176724,257.3424901677423
1773700486,6086,145.13072577477675,190.76946550534112
1773700486,6087,121.96729337903588,498.91479600934065
1773700486,6088,498.34568322962303,339.3867630604751
1773700486,6089,247.60054328673405,143.71536501020066
1773700486,6090,157.75042391625038,150.99276974135518
1773700486,6091,197.3468851355973,49.513764256647356
1773700486,6092,109.8534458759582,170.00689139582136
1773700486,6093,288.0261567423121,460.30204576421363
1773700486,6094,156.26991572339068,517.3355712170254
1773700486,6095,190.7738664883182,496.4194347896025
1773700486,6096,137.63870152076979,478.4535191494505
1773700486,6097,556.56761328965,337.9080448929796
1773700486,6098,112.03424294413416,118.49367852776845
1773700486,6099,493.13565486329753,410.13443845199606
1773700486,6100,104.52488082428563,500.5022612111887
1773700486,6101,355.9749650112214,91.12864156438243
1773700486,6102,89.58992829325318,443.1003713256178
1773700486,6103,253.66440962100435,154.025015224776
1773700486,6104,175.72760424608327,496.0772883687611
1773700486,6105,599.7055954298118,200.9055721739479
1773700486,6106,299.72354389925044,64.50238757753682
1773700486,6107,139.75677135895842,69.07700055982468
1773700486,6108,282.54029171923486,413.61443715752625
1773700486,6109,196.8949898983075,455.47413461397156
1773700486,6110,162.6653049587156,413.29769138267005
1773700486,6111,290.27811905759756,55.89588887236147
1773700486,6112,524.7580508737441,343.63461942735904
1773700486,6113,128.99845544041017,460.6022350383444
1773700486,6114,268.5273594330169,34.71505022877322
1773700486,6115,70.97810071325017,213.4921164163143
1773700486,6116,117.42619676780296,115.2597248498163
1773700486,6117,76.89615362878067,543.1171984340027
1773700486,6118,380.3651845175429,37.231747301634265
1773700486,6119,444.26617187575897,372.42552625178485
1773700486,6120,147.32781359384637,450.3420865674207
1773700486,6121,211.13568869705455,221.7798521463568
1773700486,6122,624.0703304405769,61.355458429554325
1773700486,6123,508.8654588973672,336.48696879764344
1773700486,6124,155.4026658979234,384.6757325017908
1773700486,6125,398.6045378151472,433.716508392678
1773700486,6126,243.94735247650453,523.4234849701563
1773700486,6127,361.6430018471755,66.75875777665058
1773700486,6128,195.6205048252884,421.35373500718225
1773700486,6129,375.01464157675537,406.5459662383105
1773700486,6130,383.46972082387083,261.4206309009598
1773700486,6131,389.02461695235013,46.60580494692542
1773700486,6132,147.87854721108383,437.73684382720904
1773700486,6133,374.50510993931397,337.07775842682963
1773700486,6134,209.3301998554262,408.1979772366262
1773700486,6135,529.0866948402116,449.2741381631807
1773700486,6136,360.03505629154415,143.8228830407725
1773700486,6137,109.55302886163852,407.51089848886795
1773700486,6138,359.1349343748307,381.89404081455024
1773700486,6139,104.93165046950271,145.32424361162543
1773700486,6140,606.345211239197,23.584930858427594
1773700486,6141,127.87831049414089,502.83294023035427
1773700486,6142,199.5512546388872,47.81517872168012
1773700486,6143,747.7910758790642,97.72092069305863
1773700486,6144,273.2745582844794,26.71360527234153
1773700486,6145,430.9637587716735,433.0649642792898
1773700486,6146,305.85049712254056,448.77596049208233
1773700486,6147,572.8886631977254,39.78060231941148
1773700486,6148,466.7796217930762,62.29961032570657
1773700486,6149,149.5444216818521,504.55297867466186
1773700486,6150,489.9012096900585,410.77560573602676
1773700486,6151,104.94730696010788,170.96063720552021
1773700486,6152,144.95628500660425,500.4521441058359
1773700486,6153,226.8506644290403,52.12176634862132
1773700486,6154,243.45675286502154,414.90771574899264
1773700486,6155,131.9364209067349,151.24308353513328
1773700486,6156,358.8824962391405,42.96200385015541
1773700486,6157,1200.7214574824673,45.3391454698896
1773700486,6158,439.39947665314736,408.46140963393725
1773700486,6159,265.1751266395742,413.1471087209365
1773700486,6160,351.3505670946042,140.4630789773436
1773700486,6161,371.29938400787586,128.56907759752454
1773700486,6162,261.26929811178985,426.8823270626079
1773700486,6163,85.52135942868622,237.90191306435378
1773700486,6164,208.79491563094945,197.35580776379757
1773700486,6165,241.02862167503787,37.40408284269745
1773700486,6166,190.46184050065818,411.80706439785143
1773700486,6167,252.30293274117219,103.71054031998929
1773700486,6168,111.00368366351395,450.9680755636209
1773700486,6169,162.49542127568333,460.2134083500762
1773700486,6170,4932.264660029368,189.85266819223773
1773700486,6171,241.06987044842927,447.63126858376995
1773700486,6172,256.56900665901617,32.60063720910716
1773700486,6173,140.99441841706764,288.1163308238901
1773700486,6174,301.5240905438262,52.956337067060225
1773700486,6175,414.45843011083787,25.351127598938522
1773700486,6176,163.83598014485662,469.4980400174302
1773700486,6177,658.0193123733028,91.94463656468714
1773700486,6178,342.3327908069403,44.200177710394826
1773700486,6179,372.6981761424477,85.68129234437092
1773700486,6180,870.1767267615813,38.865035306919545
1773700486,6181,129.8271920945976,44.693339765414464
1773700486,6182,297.3516190243381,470.87191327688834
1773700486,6183,498.42687652907824,21.69431203735979
1773700486,6184,195.40055467788463,55.09841285730456
1773700486,6185,156.3001251153251,431.860898525085
1773700486,6186,134.0501152141117,501.53165053032467
1773700486,6187,132.85607179283735,488.8840190870572
1773700486,6188,236.9080145540331,108.05355240250394
1773700486,6189,490.42792458913345,156.73815461869282
1773700486,6190,396.81587494888925,59.34523237230413
1773700486,6191,168.21749361240612,79.47071764363402
1773700486,6192,221.0257358875706,183.98853326801748
1773700486,6193,480.39230811040693,419.6843673707391
1773700486,6194,107.44356603291554,156.60198021876278
1773700486,6195,284.8762398868704,79.43772695406173
1773700486,6196,76.6333838037893,495.14626321240956
1773700486,6197,625.5203618329496,305.9176063232321
1773700486,6198,197.72382611623067,457.8961466223089
1773700486,6199,200.07850058370707,427.81537592144196
1773700486,6200,114.97860358528155,148.35473804558544
1773700486,6201,360.5317178867417,421.41759401002554
1773700486,6202,126.14242143432458,73.35555926419767
1773700486,6203,313.8325187395332,402.6709118053042
1773700486,6204,395.91253506888836,422.6042100096437
1773700486,6205,487.3962263474995,108.65386447901643
1773700486,6206,119.58264081699883,77.92528014405687
1773700486,6207,457.97251897790727,64.0118307566602
1773700486,6208,558.8477787698035,466.3053929246013
1773700486,6209,745.19134733678,228.18241271030078
1773700486,6210,275.97472423119876,52.61552255602512
1773700486,6211,250.4237994455704,52.36305632407971
1773700486,6212,661.4404229841753,63.55097379110297
1773700486,6213,74.27910991779216,96.69528534515226
1773700486,6214,152.28487585071167,61.12309131896302
1773700486,6215,44.26829009977324,127.13812384745749
1773700486,6216,195.1801370958887,266.70963119335846
1773700486,6217,83.89887098973577,88.41275034412506
1773700486,6218,202.7945414986267,272.989171579237
1773700486,6219,162.5074547765199,270.43500877313926
1773700486,6220,325.8047999246823,66.47294510364951
1773700486,6221,152.3124967516603,378.36831928785256
1773700486,6222,191.759834388219,32.07238693221593
1773700486,6223,255.8055488841634,51.076724989990105
1773700486,6224,169.6413693967056,98.26230243646985
1773700486,6225,73.16285542079696,488.5702027523932
1773700486,6226,170.59311846653682,52.64479892753542
1773700486,6227,151.49382494203275,493.21020414999043
1773700486,6228,172.37941489915002,178.13772534861766
1773700486,6229,512.506328109977,38.30052600389759
1773700486,6230,268.2866641974408,184.0395658160952
1773700486,6231,460.3690199825159,484.40259872248765
1773700486,6232,246.1655844086509,132.16743584260462
1773700486,6233,1331.6636747293214,232.98737434607193
1773700486,6234,139.88202296049974,67.9331941791303
1773700486,6235,439.88150457794654,53.46079817197701
1773700486,6236,182.60751465402768,135.27949859999362
1773700486,6237,311.48136248877114,472.75577238334796
1773700486,6238,566.2135545052432,121.93412736423305
1773700486,6239,660.6737780513273,24.840367992723927
1773700486,6240,110.16818559394625,519.7395586609432
1773700486,6241,6479.39303436603,287.2555771826687
1773700486,6242,599.0672280236378,118.24490437864966
1773700486,6243,265.30975069297955,28.44123152223441
1773700486,6244,289.0016627359157,208.62808220441178
1773700486,6245,75.25003502786433,155.18395119707208
1773700486,6246,93.84913355760783,434.94473738557565
1773700486,6247,104.9926249115608,124.78226559188525
1773700486,6248,706.0160969235733,36.3506516110817
1773700486,6249,591.011823166313,517.631780583252
1773700486,6250,98.69114670978713,527.4225873217446
1773700486,6251,443.0014560818277,52.00347869977545
1773700486,6252,78.75249580878187,490.3090517468199
1773700486,6253,19.940541477176303,69.56319925039126
1773700486,6254,362.41766614266453,541.9739082451924
1773700486,6255,504.6027794984442,522.8573391735389
1773700486,6256,123.15890867822006,368.6787855902837
1773700486,6257,284.93891334126147,453.6004635394668
1773700486,6258,324.7337748403507,55.06271545171677
1773700486,6259,295.6105242927462,46.31487684305204
1773700486,6260,269.01112929032706,84.27936994293808
1773700486,6261,1166.3404772292938,50.331399845650836
1773700486,6262,304.8345824700771,177.70064998488763
1773700486,6263,504.29447182060585,495.12881013463846
1773700486,6264,395.6560822662197,29.535301573633333
1773700486,6265,394.5072012131003,112.4563426619706
1773700486,6266,44.25612679739993,84.06203964287744
1773700486,6267,369.4762359859854,502.81563517294967
1773700486,6268,416.95513829649775,461.35358581385634
1773700486,6269,412.76242184984045,37.22070646656723
1773700486,6270,384.06862696567964,487.5724407595883
1773700486,6271,172.87577259920025,70.567366411144
1773700486,6272,442.53487558046584,28.372366961938912
1773700486,6273,126.52409891971963,517.233605606795
1773700486,6274,478.6220164724468,343.81240941263013
1773700486,6275,264.82520173988286,20.032073223257694
1773700486,6276,185.5591959403348,469.7083966554091
1773700486,6277,209.80720460683253,161.38442167727618
1773700486,6278,220.51165004770175,317.9417701605005
1773700486,6279,9903.091199423025,304.00526002649747
1773700486,6280,253.5076475166922,71.7532981536153
1773700486,6281,84.4798523170505,116.07778354099453
1773700486,6282,467.2200722324552,193.34714073190474
1773700486,6283,286.6372570375192,156.92888741137136
1773700486,6284,339.95659602638136,536.5784794895869
1773700486,6285,230.40981165464433,256.14055517344957
1773700486,6286,459.0264238225329,327.4786866882912
1773700486,6287,376.69433822181986,403.87260817286386
1773700486,6288,292.2634392611721,486.5351948397517
1773700486,6289,215.6506092480378,48.38221092860494
1773700486,6290,204.52040898826388,183.18842046081653
1773700486,6291,558.7976703466646,354.7976205540859
1773700486,6292,309.5822222114021,34.59514259508854
1773700486,6293,6806.028640229827,388.1875455503106
1773700486,6294,223.89861400561765,454.2560709497412
1773700486,6295,208.842412423624,506.22466065565294
1773700486,6296,11204.716866609577,344.8919631897927
1773700486,6297,124.50219846488973,91.18780748892335
1773700486,6298,819.3042542729559,45.389058833122284
1773700486,6299,317.11608267298027,85.27863448409634
1773700486,6300,63.25191143919403,249.0815094757033
1773700486,6301,448.21004338572106,353.61062310226527
1773700486,6302,549.9007453309139,27.508580828284366
1773700486,6303,196.27836885566384,188.30599501113983
1773700486,6304,109.32419551353001,482.842264551432
1773700486,6305,352.47152167344177,31.073840602768815
1773700486,6306,6701.24470026759,362.63811668584503
1773700486,6307,280.41109817155683,477.3697022782961
1773700486,6308,281.8412241904586,510.8243696309719
1773700486,6309,336.07113151572446,115.33342957234514
1773700486,6310,548.8840922286306,220.10038153382115
1773700486,6311,314.1910217240647,472.8850824436848
1773700486,6312,213.4734766687795,71.76367898525987
1773700486,6313,201.72940161698017,63.546735062626794
1773700486,6314,126.00302515857011,190.1209849423864
1773700486,6315,203.99150055276615,51.63656267477759
1773700486,6316,295.0689741075122,402.57486907150184
1773700486,6317,106.70361850259742,190.5050474437847
1773700486,6318,76.66783345764331,294.61305806951333
1773700486,6319,80.98821781638647,335.6718869524277
1773700486,6320,307.14348657632337,502.25496298878573
1773700486,6321,227.03483405396491,452.73319238695314
1773700486,6322,251.8082509084691,160.82560816929652
1773700486,6323,139.45779919614776,54.01100954382006
1773700486,6324,115.82310234874178,257.27606404229084
1773700486,6325,357.62038784285824,155.48670508206035
1773700486,6326,126.95621322200941,473.0340940375153
1773700486,6327,128.10107979464817,54.239199428181685
1773700486,6328,279.94642842045346,188.74989521561656
1773700486,6329,328.3364332116273,474.32241273049357
1773700486,6330,190.99353736169604,131.56435050419324
1773700486,6331,659.4273018027619,21.831362147679513
1773700486,6332,365.92229520473956,442.30661883383976
1773700486,6333,553.0614385159341,82.52295297235932
1773700486,6334,446.58036239253266,20.89207779619937
1773700486,6335,88.06609008513126,450.6058816420706
1773700486,6336,223.48457001484547,460.0674778155003
1773700486,6337,290.0896235398329,62.30351801858025
1773700486,6338,245.93278445122698,559.947195332672
1773700486,6339,94.10490346628073,504.6820338521187
1773700486,6340,105.63613589353565,496.35996189774426
1773700486,6341,321.8905398434499,133.95474068817205
1773700486,6342,351.85368694421356,25.353086774597283
1773700486,6343,147.90773399806756,141.25432355621714
1773700486,6344,3040.9129587648276,231.64080811221908
1773700486,6345,335.60548040663616,49.256154906001676
1773700486,6346,357.14739907058345,472.6554373103626
1773700486,6347,139.69255334795878,532.6725626169801
1773700486,6348,101.9590065741178,120.9762030513377
1773700486,6349,443.0569437377221,54.21881249530502
1773700486,6350,63.89513049681819,276.2358125134946
1773700486,6351,119.5062215780144,466.5527164600162
1773700486,6352,287.19317066602446,49.16050277084842
1773700486,6353,116.81978899952202,506.4277021355779
1773700486,6354,408.63701983716777,408.5562174020585
1773700486,6355,184.80540119430273,41.564505006202815
1773700486,6356,274.8548490453418,140.84325841733497
1773700486,6357,148.90152972054022,86.79452793838368
1773700486,6358,632.1918299866144,201.90291132659948
1773700486,6359,272.2604656021776,445.96992708472624
1773700486,6360,83.0047643630673,512.1708547421972
1773700486,6361,288.0817147308653,401.91389256251034
1773700486,6362,524.0141847278952,96.66899809582857
1773700486,6363,163.04517767702828,60.1271944889071
1773700486,6364,232.94575136712737,36.25516739243587
1773700486,6365,150.73534616902296,505.217231573084
1773700486,6366,59.69262551811514,84.39447867406915
1773700486,6367,376.1542346798223,475.16218431481633
1773700486,6368,152.0168631762261,195.55112667145528
1773700486,6369,287.72943632023436,194.6820828871393
1773700486,6370,1005.1498846250615,63.274120791700796
1773700486,6371,288.6266825692466,92.8575160103714
1773700486,6372,257.9389133695954,165.52587953540282
1773700486,6373,93.62508800417649,443.7244594045865
1773700486,6374,208.95330971922826,27.472925090644107
1773700486,6375,401.94830233655364,29.003396579570197
1773700486,6376,129.42357280506786,82.69929014664083
1773700486,6377,1055.1915711840572,307.65419474800115
1773700486,6378,104.6392063411505,478.7127691889545
1773700486,6379,445.73088562540914,229.52420649602863
1773700486,6380,534.5455896337976,36.75542892418972
1773700486,6381,462.1097589584145,355.77353837697177
1773700486,6382,282.7699265668392,72.50575100588667
1773700486,6383,478.66245508701365,475.742004959921
1773700486,6384,165.04743770823697,278.35888112107995
1773700486,6385,318.3548460341479,449.94328912614947
1773700486,6386,517.4796949038533,22.02598388904131
1773700486,6387,301.8102647450616,39.52224971438668
1773700486,6388,117.38486149115697,182.2059511703212
1773700486,6389,326.26216661869,402.6831240708213
1773700486,6390,229.0512991681477,406.4139219293845
1773700486,6391,530.9365432349628,87.947611408742
1773700486,6392,37.50596078095067,211.30085580948838
1773700486,6393,293.68034892804934,408.27326084014123
1773700486,6394,435.40152633407763,25.479079949749607
1773700486,6395,333.61008267154557,26.61892312507291
1773700486,6396,141.09847109444235,518.36963813587
1773700486,6397,315.05642780653625,469.22339466860507
1773700486,6398,126.97811311130899,445.59501988332187
1773700486,6399,152.07500701391734,69.92882998073685
1773700486,6400,169.73390903299838,35.02180532332381
1773700486,6401,340.1361578811663,46.34841494984965
1773700486,6402,116.10706596365372,438.34391323127454
1773700486,6403,228.6504672981086,40.66297123963095
1773700486,6404,190.26210005955085,453.8938791396195
1773700486,6405,266.5991132670698,197.72683082514752
1773700486,6406,140.2510168322537,455.9340311665015
1773700486,6407,252.8769489301653,70.41520751620796
1773700486,6408,128.9459428080659,161.9066355628679
1773700486,6409,595.6664949833336,30.56289603486345
1773700486,6410,278.8757263169307,430.35861393635753
1773700486,6411,210.45251796242013,419.30265862033457
1773700486,6412,217.09043220034886,48.727796000774404
1773700486,6413,50.22238574452551,151.9628166684648
1773700486,6414,452.93008748951706,414.03416731842964
1773700486,6415,243.3626916231699,126.32578309438027
1773700486,6416,148.29789303585227,144.83795667603871
1773700486,6417,291.0445935774064,27.573951650214436
1773700486,6418,972.1534219383615,59.36911952462641
1773700486,6419,235.1044894181567,505.01032991726424
1773700486,6420,127.84439567571134,191.1118140310726
1773700486,6421,377.72808419516036,43.05565869785504
1773700486,6422,105.37002820994405,336.25191172592446
1773700486,6423,240.62122918936268,53.80571073032478
1773700486,6424,100.39895427678223,451.5305800037595
1773700486,6425,586.2372314568588,424.4997881471466
1773700486,6426,93.33991027524063,144.02676821459937
1773700486,6427,540.3068543248653,112.42525510238298
1773700486,6428,284.28547663789897,457.3009566229646
1773700486,6429,400.62742684629734,395.72272487276143
1773700486,6430,381.91235753333547,414.9195624126317
1773700486,6431,223.95947346261556,53.70767819012027
1773700486,6432,234.29480665984,448.1293184995671
1773700486,6433,24.491206844769223,130.42990980439626
1773700486,6434,210.30394839996612,135.85394822293242
1773700486,6435,55.53471758786646,145.9745195225536
1773700486,6436,380.23427124534084,63.045195822936705
1773700486,6437,199.23444886840292,122.66974540210803
1773700486,6438,76.55784498117691,396.67373197795774
1773700486,6439,3007.8053061103633,125.80784220470093
1773700486,6440,412.7188049072923,446.2624606789721
1773700486,6441,374.9197053023409,326.2286922617677
1773700486,6442,340.73853829546965,84.51266873576607
1773700486,6443,96.51385747620907,160.32975319879304
1773700486,6444,242.55775429132362,26.429357449553134
1773700486,6445,293.44097810276077,221.58915588766965
1773700486,6446,120.6323730734911,77.98991238507824
1773700486,6447,52.54158264291672,133.35410468982013
1773700486,6448,599.6961081885073,51.64624808847193
1773700486,6449,314.3833973486723,159.83210999221544
1773700486,6450,712.819955921987,83.7136235571965
1773700486,6451,57.04919483416521,177.3133053373915
1773700486,6452,49.490963052627805,155.12384470120534
1773700486,6453,837.1241970465833,259.8340655466604
1773700486,6454,175.26021881004618,50.76939978325141
1773700486,6455,315.5488906259804,35.75782739105491
1773700486,6456,172.00841535911184,54.426564362363656
1773700486,6457,138.7012070962682,286.4878379430252
1773700486,6458,394.5837934389796,352.6192097567176
1773700486,6459,249.9001039779525,23.855258796502017
1773700486,6460,367.85141120658693,33.46654434354125
1773700486,6461,172.32220116932461,198.48406032618053
1773700486,6462,137.91686226468676,462.81892828847634
1773700486,6463,578.6041064112486,420.74040624151195
1773700486,6464,188.7619321930693,41.052110785451795
1773700486,6465,187.9674607531488,104.78006245886617
1773700486,6466,97.59371482036141,411.3287263846599
1773700486,6467,226.34257718517276,457.85371853504796
1773700486,6468,298.51247786977945,124.21550893557668
1773700486,6469,358.1571644713941,88.85219353298493
1773700486,6470,780.3334234002084,63.58885286743556
1773700486,6471,308.1903477082163,149.21925578484735
1773700486,6472,72.79405066474492,467.52377869415704
1773700486,6473,355.1253803763756,55.05843991476568
1773700486,6474,198.74730033997935,377.7311140800321
1773700486,6475,192.64497596251783,147.22479329374838
1773700486,6476,42.558001567243736,140.60933750296132
1773700486,6477,173.17061008838206,430.52637146062244
1773700486,6478,178.99350708700857,364.12696026073564
1773700486,6479,338.62314470537,460.8381722838481
1773700486,6480,350.5113703185493,83.18560286086164
1773700486,6481,191.19902705674264,429.0625483585277
1773700486,6482,340.2647168152086,62.323162736078814
1773700486,6483,186.7620322333096,95.49575164175437
1773700486,6484,134.58140101711348,99.3262165979108
1773700486,6485,1216.5064632274991,163.34503311638025
1773700486,6486,82.88041127729909,429.1523570004932
1773700486,6487,1633.7192611459004,119.59737772281647
1773700486,6488,548.2530717247078,45.82807315434635
1773700486,6489,265.8701513748018,43.72619901047137
1773700486,6490,256.50052608477097,443.7658178780989
1773700486,6491,762.9086527955099,48.82733399277114
1773700486,6492,293.32322642993375,402.32519476654727
1773700486,6493,380.0901167580711,44.98510171600205
1773700486,6494,181.38220623542742,219.6973477189397
1773700486,6495,318.3642499325475,34.839350398940915
1773700486,6496,549.5543658605189,42.26467229733797
1773700486,6497,409.6611117983735,82.40984923642294
1773700486,6498,222.21751522332386,44.65389198449715
1773700486,6499,123.21675705438373,221.90973718727923
1773700486,6500,287.00887327404854,35.27244161134682
1773700486,6501,123.11006332138298,51.30645265584512
1773700486,6502,199.97485894649847,149.1943388798729
1773700486,6503,354.8223661179751,421.45760429367385
1773700486,6504,571.0290273506217,32.28183470170588
1773700486,6505,305.49394938147014,436.2192665154348
1773700486,6506,179.23612719505536,86.42084588217958
1773700486,6507,272.41270808406625,54.05722521575052
1773700486,6508,182.72449357661543,25.45176558574566
1773700486,6509,429.68341551504415,271.450622591381
1773700486,6510,576.9935546243989,398.40441198123733
1773700486,6511,363.37937196837254,61.47853904227368
1773700486,6512,119.0392395250369,219.6522035632376
1773700486,6513,155.3641245703036,34.840905421709614
1773700486,6514,13.771289112772171,36.97873405985109
1773700486,6515,216.23280311727203,406.92002077327106
1773700486,6516,206.099268466452,483.4277109975256
1773700486,6517,209.669643111089,72.8989918908244
1773700486,6518,297.98401132877666,39.96729748085324
1773700486,6519,47.673388082222814,84.89304595928239
1773700486,6520,332.41795324078595,59.31275531203376
1773700486,6521,367.7527778103103,28.235133643855296
1773700486,6522,114.96965452522649,238.8254622681148
1773700486,6523,152.47616408061387,409.3765693771311
1773700486,6524,668.2860904085937,374.4742784719312
1773700486,6525,237.57140025561333,438.70557040049613
1773700486,6526,604.9944730700912,444.2188260523101
1773700486,6527,359.0619367569642,430.8329629836606
1773700486,6528,268.5488763799535,96.53044059312688
1773700486,6529,324.44718209747685,117.04257480169842
1773700486,6530,217.40259338039243,352.43038786677073
1773700486,6531,257.4205163502886,134.85634406904387
1773700486,6532,44.76132178624266,274.1580668050405
1773700486,6533,204.65617282443893,44.12804236302936
1773700486,6534,426.768787995769,41.49576279491919
1773700486,6535,1389.4326023446756,61.314307281643686
1773700486,6536,1113.92219415005,71.72710975156275
1773700486,6537,250.97690758381114,153.299604680068
1773700486,6538,265.2990879466273,64.12693817439504
1773700486,6539,134.6085687077926,406.3389343210105
1773700486,6540,97.78668893981853,436.1892256032994
1773700486,6541,430.49969722154725,390.19784277727484
1773700486,6542,140.7003784134601,106.6346315507122
1773700486,6543,271.0111397437907,362.8104550937627
1773700486,6544,304.3110085527357,56.49017926754152
1773700486,6545,383.4882851083626,147.94771076408813
1773700486,6546,113.39628656601921,433.42197036997527
1773700486,6547,21.884554159206438,94.22965829878915
1773700486,6548,317.96646705319773,415.14819052209185
1773700486,6549,288.8370616293417,38.33736543172745
1773700486,6550,228.04475171742828,27.96085582299828
1773700486,6551,900.5391505169791,46.79931902029489
1773700486,6552,179.47130773356668,55.76015087478679
1773700486,6553,138.76717518679715,307.2070251086512
1773700486,6554,177.75289855847748,405.11516081372304
1773700486,6555,329.30216901768785,230.80965860916214
1773700486,6556,253.79424031198192,63.81876035054899
1773700486,6557,242.16504263817413,36.878876829983064
1773700486,6558,154.2229557504287,160.06243525341736
1773700486,6559,259.2526137266875,53.59435023459613
1773700486,6560,238.59628988989647,81.96585677326301
1773700486,6561,564.0027418987547,59.49568709025178
1773700486,6562,471.78744564134263,209.4889266042344
1773700486,6563,593.8140384134801,341.32877693962524
1773700486,6564,1261.2610985408169,77.41912167617718
1773700486,6565,556.4670992461016,131.57133294873242
1773700486,6566,280.3057346259131,413.6800040955291
1773700486,6567,395.5075908022427,79.35518489699653
1773700486,6568,148.6571043503683,447.47476563267566
1773700486,6569,70.75193001451615,367.2896182964459
1773700486,6570,277.7506014939428,308.8296677475503
1773700486,6571,141.8957384404761,220.46298548535944
1773700486,6572,119.33870930920509,109.99725186412836
1773700486,6573,159.59315021583555,401.53076758538714
1773700486,6574,417.0588884810095,384.75747115637955
1773700486,6575,287.68331993585275,425.8240221056609
1773700486,6576,214.37213750676028,424.5027220998824
1773700486,6577,107.90818622698434,400.13937791020396
1773700486,6578,278.64465127195473,41.92461447659515
1773700486,6579,485.6598985169258,417.3389488067284
1773700486,6580,433.4840184197957,41.249385118180825
1773700486,6581,270.23438805688073,66.15856278707727
1773700486,6582,314.469033100489,449.6224293791076
1773700486,6583,478.18872199321487,383.33489246293317
1773700486,6584,267.8675614838145,39.84287572032792
1773700486,6585,206.9055469216334,457.5381390191254
1773700486,6586,244.53330439510378,30.589972100962836
1773700486,6587,336.5868908501418,37.68877724998088
1773700486,6588,193.86920329761864,420.545924233289
1773700486,6589,69.4766821199852,386.04869190016905
1773700486,6590,682.5954557576069,52.22951613322655
1773700486,6591,471.03029752971116,259.3300372116734
1773700486,6592,79.05586902624366,410.00657672372955
1773700486,6593,226.39324846290688,419.70749545677614
1773700486,6594,100.52995667306854,408.260160294373
1773700486,6595,420.81322702730006,129.0725588487361
1773700486,6596,323.52231336501393,446.3139787038289
1773700486,6597,275.8927009867435,198.29566755319286
1773700486,6598,168.69911303748916,448.1483231796255
1773700486,6599,380.03426702695117,408.63542466927333
1773700486,6600,330.3068395270838,133.46148602077156
1773700486,6601,630.0179665174848,342.02194672861077
1773700486,6602,447.43099234015324,453.03744185399074
1773700486,6603,276.87400504501466,430.7159133192187
1773700486,6604,431.5794083705564,50.942767131605834
1773700486,6605,197.5118095873435,53.531243401874356
1773700486,6606,327.3626648534502,397.09633996280616
1773700486,6607,239.00735628419818,111.4862564604085
1773700486,6608,376.46529104795826,46.9332532273332
1773700486,6609,421.36904279404445,57.59815826757229
1773700486,6610,191.60878685823104,448.4379730394302
1773700486,6611,307.69065045797436,41.82215709891879
1773700486,6612,866.6736323491962,53.535637796916106
1773700486,6613,476.0427951549164,432.4308968884977
1773700486,6614,182.72247265896942,88.65980104287705
1773700486,6615,400.49955138666274,34.568729748069885
1773700486,6616,162.13947390030586,93.80433892123584
1773700486,6617,58.89122678068078,108.81264141839576
1773700486,6618,115.63011423140784,205.1114138520303
1773700486,6619,544.9072026095124,83.7756008184856
1773700486,6620,377.32378950515573,38.801726276561375
1773700486,6621,344.666356677786,30.04485874294941
1773700486,6622,252.49455693617554,335.6096653442011
1773700486,6623,208.29052076084346,145.89757538853218
1773700486,6624,520.7484771809975,295.2161589226343
1773700486,6625,616.8524857396139,41.029957679032
1773700486,6626,93.91674463869779,413.893226007887
1773700486,6627,233.78267471907466,58.6491712161645
1773700486,6628,177.06723342508752,41.66727480249283
1773700486,6629,358.6407501034727,60.273275164265954
1773700486,6630,123.98051993123356,226.8012407026062
1773700486,6631,559.2282306151711,193.83898615750726
1773700486,6632,220.106344419133,20.890940642331234
1773700486,6633,145.7125609072628,424.9599540637914
1773700486,6634,477.13995620767497,85.95870574191137
1773700486,6635,353.89887395913286,135.0414265576413
1773700486,6636,297.40663303289034,30.401135874610162
1773700486,6637,223.82878016094935,77.30764682569803
1773700486,6638,420.5286622990051,53.64576159717421
1773700486,6639,562.1366511058648,70.09401807571169
1773700486,6640,149.6936316753621,399.12952148675373
1773700486,6641,496.1218390550253,40.64334181025426
1773700486,6642,120.90630475111648,97.9307319535392
1773700486,6643,220.04340553270896,426.7642796149702
1773700486,6644,469.2574703848542,402.5946832818026
1773700486,6645,172.8858634833905,436.72524052249645
1773700486,6646,212.16476686840664,101.70293281661706
1773700486,6647,191.98530797557095,402.72336264768194
1773700486,6648,420.61249424684274,310.1712258948914
1773700486,6649,166.09711017173947,153.7880503796631
1773700486,6650,85.14111005449708,405.2267925730384
1773700486,6651,466.40039708747855,290.37654683784086
1773700486,6652,123.72869176548767,457.4809821312851
1773700486,6653,370.24347972386505,139.6835676565866
1773700486,6654,155.97839411376265,500.5285622979646
1773700486,6655,368.028827911871,45.37265306654849
1773700486,6656,189.1493359349971,361.73044003783866
1773700486,6657,933.6281741949177,304.4342515062469
1773700486,6658,363.9347466798038,440.1829150062811
1773700486,6659,186.10893011314627,298.9311523730516
1773700486,6660,120.53511158717181,135.8298877152425
1773700486,6661,317.0650760015235,254.22912274600972
1773700486,6662,622.3709020344692,40.74963033905117
1773700486,6663,351.1458386552059,39.5567880848617
1773700486,6664,285.6676698476557,31.985949734986615
1773700486,6665,467.5224079855886,397.1952633825067
1773700486,6666,567.2872449613611,38.91794200105514
1773700486,6667,145.7335451629836,422.68578745322714
1773700486,6668,367.3463808315835,356.58045799169264
1773700486,6669,879.3606294856767,149.68306602264306
1773700486,6670,436.11274677698566,185.05516376052284
1773700486,6671,178.72556698359818,65.98251329591112
1773700486,6672,103.77389171948518,106.69904387427503
1773700486,6673,215.64469224487794,419.9147766908053
1773700486,6674,407.20898841864266,67.64992431961046
1773700486,6675,279.16329996479965,408.1615868499471
1773700486,6676,234.32498496423605,69.06850257803426
1773700486,6677,266.9229928095925,326.0473943825406
1773700486,6678,370.053997666689,65.29687451408243
1773700486,6679,267.1329131790323,102.1393291506638
1773700486,6680,179.00076200558416,125.2576431375954
1773700486,6681,245.44705378057878,32.5448817859958
1773700486,6682,154.61903447261832,399.61238494465226
1773700486,6683,266.407594671506,116.19848781768053
1773700486,6684,193.1914615669558,30.82172737398959
1773700486,6685,159.2150916544462,80.65234156002789
1773700486,6686,105.56089845702806,255.71333246174538
1773700486,6687,134.99458021162923,494.79074478422746
1773700486,6688,201.63771003553884,154.05626362839558
1773700486,6689,76.47934085747679,311.1305559667713
1773700486,6690,195.24100622543415,397.6233302451607
1773700486,6691,304.90542694954854,42.28205966751827
1773700486,6692,485.9632410196677,140.16976491918265
1773700486,6693,350.49569478616456,442.5228835219504
1773700486,6694,312.4266101313561,77.76538419337382
1773700486,6695,67.09871292998263,316.3135558244831
1773700486,6696,1766.3491242555115,69.64297745363217
1773700486,6697,315.0980203768055,476.4660802682813
1773700486,6698,963.7570622921666,337.8202882001763
1773700486,6699,234.93099725313368,109.00374062157249
1773700486,6700,148.53225132573496,542.9575907055486
1773700486,6701,92.67249403326667,380.54586690640843
1773700486,6702,210.55841724772034,400.06750051196343
1773700486,6703,129.962248956475,448.5584858418971
1773700486,6704,356.1886072264135,432.2714835090382
1773700486,6705,221.8272200459916,387.95762105376195
1773700486,6706,269.9995042967491,437.3904718613838
1773700486,6707,127.99964037938629,489.3792929686136
1773700486,6708,320.1225757152643,440.4240144318612
1773700486,6709,90.23059015996594,240.99158432128334
1773700486,6710,471.73831464617797,414.7251856583589
1773700486,6711,179.9305507747395,212.46742451062474
1773700486,6712,657.4191416475305,122.50371215719433
1773700486,6713,335.07191211972287,406.50524194059966
1773700486,6714,386.8872723010682,142.50307123336856
1773700486,6715,151.9720785317453,498.7909819361082
1773700486,6716,311.393315825866,402.2551472166347
1773700486,6717,74.95851193899404,407.031436977009
1773700486,6718,587.9134894308129,193.76609821416739
1773700486,6719,465.65101638931066,364.04118630037766
1773700486,6720,432.7350515083199,27.14879194698814
1773700486,6721,352.89998537975663,414.8928828908598
1773700486,6722,193.54342635458354,80.15914230608492
1773700486,6723,244.0119928975358,99.60023138413997
1773700486,6724,302.9419613375477,37.14643758573054
1773700486,6725,355.53044254415084,30.51657344950055
1773700486,6726,410.9109243593766,31.83824574993344
1773700486,6727,413.1848127158187,430.0002513065851
1773700486,6728,605.5144687508206,423.83250594561054
1773700486,6729,406.5448694956736,84.42914358966665
1773700486,6730,179.64060040170335,78.35426760691485
1773700486,6731,245.69893442387294,34.465850078688995
1773700486,6732,347.9775781595724,72.3761429430287
1773700486,6733,140.81019004319833,491.389705622153
1773700486,6734,225.62261652983304,35.33879827087998
1773700486,6735,138.69385332822247,438.60936780427113
1773700486,6736,327.16016410864495,480.2501814808748
1773700486,6737,663.8357715768293,350.57858540116916
1773700486,6738,230.76593861267276,80.860752365491
1773700486,6739,654.9074037188117,138.9351009382194
1773700486,6740,74.62690927522743,255.66406471151615
1773700486,6741,1069.8624970496664,357.4303220463612
1773700486,6742,270.2588243822125,372.7190762861762
1773700486,6743,166.41569336764016,92.18487707068287
1773700486,6744,415.161679798068,515.4296667720731
1773700486,6745,308.96157114742977,373.9055503333907
1773700486,6746,1381.909955822795,252.31584624620243
1773700486,6747,335.7231809930077,409.5797357931798
1773700486,6748,573.030738976596,429.3753685755642
1773700486,6749,236.61189791072871,112.47861866665693
1773700486,6750,330.57969235680304,466.0179364304921
1773700486,6751,99.28670070133468,432.13555912052647
1773700486,6752,225.97483026027996,116.1383248767111
1773700486,6753,239.63217078581164,103.24043851047873
1773700486,6754,462.7255978287978,24.9328871264
1773700486,6755,354.5488838581064,153.75638986346326
1773700486,6756,2779.591276397529,330.9000884193752
1773700486,6757,205.16877245732877,31.140624332107546
1773700486,6758,165.60229141442335,76.43950282561548
1773700486,6759,1067.4493205312233,184.49643403838914
1773700486,6760,1156.213292388416,77.97864985543755
1773700486,6761,256.84037497154424,454.21359306392594
1773700486,6762,66.98697942773917,429.53100185712293
1773700486,6763,333.29619856091546,189.2337796544094
1773700486,6764,350.76310339868746,373.9554079700315
1773700486,6765,199.10020847514735,63.0285101424614
1773700486,6766,225.2617391811404,446.45923472019945
1773700486,6767,326.84992365161975,31.435297817472396
1773700486,6768,197.09641399932826,169.95754267070612
1773700486,6769,256.2066701529376,295.3778614592033
1773700486,6770,236.0737866474645,524.7383696623344
1773700486,6771,111.10205029397873,421.8789245737888
1773700486,6772,342.97894509231253,508.5769633759285
1773700486,6773,186.98618713738526,457.3761718689817
1773700486,6774,320.65956546119105,406.7796170433399
1773700486,6775,268.2766814810809,229.7822162791162
1773700486,6776,337.0873047994008,122.1973197620908
1773700486,6777,69.6953322720519,160.05604275827096
1773700486,6778,389.8837508262124,142.15322486139536
1773700486,6779,195.8399817013132,321.8875683077289
1773700486,6780,194.3621393849059,441.31822064785325
1773700486,6781,105.87803359411545,457.45426556617946
1773700486,6782,123.83483974298107,435.52747464489363
1773700486,6783,523.4102710098476,436.85097602795537
1773700486,6784,358.1115601797861,49.67634814968332
1773700486,6785,1847.4104821023498,74.24225125881395
1773700486,6786,48.56927601575448,221.69369666711768
1773700486,6787,150.81416858191704,73.22631867049871
1773700486,6788,155.50545973131472,419.7671582068895
1773700486,6789,877.0003072399195,63.851527704446156
1773700486,6790,182.05476403842565,422.29236110932106
1773700486,6791,88.66471168252737,153.23171550859593
1773700486,6792,215.27789944311886,419.1454201673913
1773700486,6793,1564.1549444681527,218.91809517996896
1773700486,6794,578.8102301126746,406.9526670347972
1773700486,6795,216.36742688208037,442.3483693092178
1773700486,6796,237.95029833073175,428.2530983613578
1773700486,6797,421.45370894419824,108.10873848439246
1773700486,6798,127.58892235736137,105.19004777437772
1773700486,6799,279.77898592420354,106.00175248824794
1773700486,6800,71.97522215020189,131.20413477376607
1773700486,6801,667.8768887160179,97.46002363375979
1773700486,6802,342.20650119502926,27.915060379816556
1773700486,6803,703.9458467798819,196.48064713726953
1773700486,6804,284.87052747181696,395.34456934892967
1773700486,6805,395.13485611138725,41.04801117043841
1773700486,6806,296.9662416051031,150.32176697598408
1773700486,6807,139.0274001667931,399.31875353425835
1773700486,6808,284.50721494680596,31.7534786258112
1773700486,6809,186.32884571520563,339.33080248527824
1773700486,6810,483.5413239671414,97.66395803235659
1773700486,6811,161.9302098061217,364.8301237000522
1773700486,6812,288.4524417871666,400.544803815984
1773700486,6813,198.7032214924475,375.9855643802981
1773700486,6814,211.83123290531768,127.97882160114263
1773700486,6815,183.42338174067302,250.21330563580412
1773700486,6816,163.93514575629285,50.55938286319605
1773700486,6817,216.4223501810112,399.3715804185156
1773700486,6818,174.85300989283658,131.83489887723684
1773700486,6819,162.1122536690693,117.8115388245331
1773700486,6820,321.34101831474845,377.0047303821944
1773700486,6821,223.73263185249294,28.931574359170437
1773700486,6822,334.5935502970834,400.72303012281196
1773700486,6823,75.10345275239068,385.37697719579756
1773700486,6824,190.1511501869298,313.69963022869894
1773700486,6825,574.4074473399055,141.1396037849594
1773700486,6826,167.83887228301,43.67323431114138
1773700486,6827,111.27561148097018,360.99680591475686
1773700486,6828,162.6737506232289,413.82700710538614
1773700486,6829,358.35605450754497,144.71805080662298
1773700486,6830,193.57848577521773,123.50362809659939
1773700486,6831,370.3317440186214,65.62956075153035
1773700486,6832,320.0831596069052,27.325282527549028
1773700486,6833,447.292370605428,146.7646076112945
1773700486,6834,782.8025838250911,47.5416838302989
1773700486,6835,276.6345005630705,31.69030235473912
1773700486,6836,344.7929045150277,481.54242534256105
1773700486,6837,295.06160799471525,59.22233076535355
1773700486,6838,360.01279179014887,41.3150923921842
1773700486,6839,322.51384542060293,36.59385886202289
1773700486,6840,336.20186592097616,333.09481808705306
1773700486,6841,418.82975245592746,60.270857883994346
1773700486,6842,1166.368939956504,158.76428746275806
1773700486,6843,210.81933231404207,77.54719982727434
1773700486,6844,191.90527617278283,57.69357979611455
1773700486,6845,78.90483857470389,266.17916264665
1773700486,6846,265.1472380205693,27.49433143055135
1773700486,6847,227.1994311450204,47.743447842956435
1773700486,6848,92.18308567699687,546.1947171897297
1773700486,6849,171.84625802795284,113.3484868947244
1773700486,6850,217.49262223063675,110.58193987641091
1773700486,6851,87.95257021049127,440.44665922258224
1773700486,6852,194.22205054815026,44.76926626997013
1773700486,6853,228.14978342367502,92.68824773802402
1773700486,6854,628.0688608479703,334.6863475003609
1773700486,6855,154.2850492088678,193.84315680627017
1773700486,6856,260.5420884999558,69.87835130028765
1773700486,6857,215.1515317867412,145.8648108531568
1773700486,6858,188.92221197901833,124.47252274624633
1773700486,6859,551.0291899454706,56.44441467296531
1773700486,6860,295.997814134329,496.4940762098053
1773700486,6861,279.9983985197155,251.5456789933344
1773700486,6862,126.64446500101859,461.75286512052327
1773700486,6863,676.0816068698296,164.36399747468772
1773700486,6864,247.03191652902396,60.96588157649759
1773700486,6865,86.03562957658744,79.42667196196635
1773700486,6866,1191.3483905572587,108.78663239752876
1773700486,6867,131.76299358611615,125.10516982956463
1773700486,6868,136.8957099279446,505.592166260552
1773700486,6869,226.76736423568997,235.6599450397138
1773700486,6870,115.5380305748462,369.0587111639633
1773700486,6871,233.87360806221864,38.21867899533608
1773700486,6872,419.50130306204284,414.89558498157453
1773700486,6873,168.49384397315984,42.21646239020124
1773700486,6874,76.1253603749497,73.40795422051644
1773700486,6875,357.9753008651199,371.74997774062894
1773700486,6876,629.0233421672509,349.46743635049336
1773700486,6877,448.1319020127328,245.72443505583283
1773700486,6878,212.55258396335248,41.173001205557355
1773700486,6879,258.9318082738938,27.417129285420764
1773700486,6880,222.10682582909308,442.16559212677276
1773700486,6881,1209.326896998738,455.3086105753364
1773700486,6882,126.33284497218727,186.8290057779311
1773700486,6883,191.66476344244836,36.09944226128361
1773700486,6884,140.64835126792752,36.84293291537565
1773700486,6885,86.22865424103085,473.44890977178994
1773700486,6886,270.0670745007553,86.97790902045399
1773700486,6887,247.2248636304094,199.6281583680464
1773700486,6888,243.94027806722528,64.39277172075619
1773700486,6889,450.71736750122346,48.18792726781536
1773700486,6890,477.4661950344543,78.9794167006375
1773700486,6891,37.13576343057196,166.49533620081132
1773700486,6892,321.1318396356008,271.67987380916907
1773700486,6893,657.5170952904011,169.0007604807681
1773700486,6894,94.60843920385302,220.4867874364626
1773700486,6895,245.97153924937058,23.222884746964283
1773700486,6896,104.64249806070625,195.318057316842
1773700486,6897,206.5017413660394,98.93349687196523
1773700486,6898,534.8439200543294,421.2244773363236
1773700486,6899,40.69167303002403,85.39500946855755
1773700486,6900,623.5507309292391,401.6330990476017
1773700486,6901,295.12179819133235,44.02767737370097
1773700486,6902,186.39809150050286,158.42991852640836
1773700486,6903,278.9713040845294,83.94896463338755
1773700486,6904,403.5683019160789,137.736330686218
1773700486,6905,283.1394273779765,38.425709544162906
1773700486,6906,150.68355606783473,65.65046954934952
1773700486,6907,183.3742103339549,53.41554576861493
1773700486,6908,190.75956549134685,79.40473178427797
1773700486,6909,131.18916067696654,194.43801673132126
1773700486,6910,322.7612357798576,66.62387270128859
1773700486,6911,219.46776880250107,196.44693650590705
1773700486,6912,364.46685018228544,474.50024520400933
1773700486,6913,120.88746497008978,118.76544613291259
1773700486,6914,258.07633105713853,97.2401298404966
1773700486,6915,95.73861638222837,166.2089716189744
1773700486,6916,195.02435887212593,37.97787733026703
1773700486,6917,530.4194350627606,47.609346552850134
1773700486,6918,246.50314754164913,175.9834767686348
1773700486,6919,769.0506365558058,138.38587002600005
1773700486,6920,1615.550277698442,352.73299166738093
1773700486,6921,180.6241002165783,86.6229563369659
1773700486,6922,201.63686062652255,197.46736204635482
1773700486,6923,209.13410408726494,274.1931317326121
1773700486,6924,449.20116036601326,432.4724064111924
1773700486,6925,189.64542170315326,350.21503091205795
1773700486,6926,178.77969772266536,436.22244728779157
1773700486,6927,398.8883885909502,151.11463219903473
1773700486,6928,148.85785271309146,40.95186917037142
1773700486,6929,352.8690447654807,240.28615434147065
1773700486,6930,637.5400793106953,29.002997658455744
1773700486,6931,233.88788739217733,437.146447866572
1773700486,6932,146.11526421210286,101.96991785701964
1773700486,6933,40.24999821328046,46.180778543648124
1773700486,6934,431.4734049054572,306.34858481300375
1773700486,6935,276.1919411963134,176.572870156982
1773700486,6936,296.2358235817953,61.296592131408524
1773700486,6937,162.11460487242417,59.98658607755755
1773700486,6938,1307.9918562958876,215.00416277195754
1773700486,6939,422.45820161768864,142.0387177112744
1773700486,6940,101.3001256639926,300.66072612840867
1773700486,6941,247.67090358561666,435.75787537270634
1773700486,6942,339.15925385598047,317.8307479973239
1773700486,6943,279.34714185107316,80.01797246194016
1773700486,6944,322.7587163785959,375.4495844964797
1773700486,6945,145.55730382049532,429.887398777645
1773700486,6946,229.25668477547723,159.3329153874173
1773700486,6947,904.7635471288382,249.59174768963305
1773700486,6948,213.85249853513992,31.76503754098295
1773700486,6949,908.400508148577,329.8125768222515
1773700486,6950,823.5465915823404,295.32982396209644
1773700486,6951,80.68131076138422,434.0310513817249
1773700486,6952,156.23730488095464,413.9976690786234
1773700486,6953,92.58037179232402,220.6187842931961
1773700486,6954,808.1895258873732,384.0790144293455
1773700486,6955,1217.0767109683832,82.10604776642134
1773700486,6956,238.3314804010559,160.19727518741053
1773700486,6957,256.5522861523505,407.9559411776767
1773700486,6958,33.270388027633146,56.03075672112986
1773700486,6959,176.73561278407405,276.8695429126612
1773700486,6960,172.06526333681995,343.1128755657463
1773700486,6961,88.6387562183856,349.9495415024397
1773700486,6962,342.98351222138484,41.87333331378338
1773700486,6963,357.6599709473381,35.16188569970347
1773700486,6964,573.2021747266452,68.87966722974093
1773700486,6965,436.1713352064774,91.47674379802625
1773700486,6966,331.64606655707104,450.5502667540836
1773700486,6967,71.83719501306597,160.99006610716177
1773700486,6968,203.75653587137168,150.0957420344047
1773700486,6969,575.8109453336479,340.343743910084
1773700486,6970,237.54402820914174,106.81203139404984
1773700486,6971,556.3407082073877,409.17182624390495
1773700486,6972,166.79661602093478,432.51429248362297
1773700486,6973,449.66348550598644,132.79873956998662
1773700486,6974,237.57747125517827,87.80877611239254
1773700486,6975,311.35134632923877,362.0127033226481
1773700486,6976,825.8620219042076,330.7996585112028
1773700486,6977,141.20843078468056,421.10913832704097
1773700486,6978,412.0293034394072,49.75563980568904
1773700486,6979,222.18836454691944,59.01585516409686
1773700486,6980,795.6641795263612,30.480511383118113
1773700486,6981,139.8846907092754,129.37593517551986
1773700486,6982,119.28609413981184,408.21385398795934
1773700486,6983,250.20672539273434,414.4028420381312
1773700486,6984,560.5956836203095,71.00099457938795
1773700486,6985,5069.949564971123,233.14056405619584
1773700486,6986,898.9268957262905,392.1364790987218
1773700486,6987,332.14891110227876,178.55557766212613
1773700486,6988,9.974589078674233,37.88376324662238
1773700486,6989,405.2109237331447,193.3809673123691
1773700486,6990,248.9600598044236,121.3561106530579
1773700486,6991,42.50085389236037,56.382539804962384
1773700486,6992,428.91852278846284,36.44869923958631
1773700486,6993,86.71969232284978,328.8082679664317
1773700486,6994,304.2845138331063,64.55689258348717
1773700486,6995,677.1193879107991,54.27781132533537
1773700486,6996,410.2590808478914,248.74891065107226
1773700486,6997,505.6062296956307,362.498683694523
1773700486,6998,246.9945832410168,430.3806667497128
1773700486,6999,351.3313253198106,52.165811399536636
1773700486,7000,130.36793814079968,182.79732785434183
1773700486,7001,118.69047758509362,417.0256634723956
1773700486,7002,88.91985073694543,133.99838913822555
1773700486,7003,80.04875187145686,379.3949104079913
1773700486,7004,187.9835306175154,377.57758715526484
1773700486,7005,161.34723823550365,108.01684631199193
1773700486,7006,488.8021481064284,62.227574963096934
1773700486,7007,275.45758238381165,110.7902916985768
1773700486,7008,292.4129167628796,170.5888718882561
1773700486,7009,397.9011996215506,84.01844374887635
1773700486,7010,281.35811381319314,205.6839666083609
1773700486,7011,239.8695198840489,86.66077742805865
1773700486,7012,352.7862376695726,39.71790837154301
1773700486,7013,346.6019724761922,53.16766632870089
1773700486,7014,344.21999939682314,418.95714212586364
1773700486,7015,354.5398390308255,109.53239062787442
1773700486,7016,328.83936488084254,83.55879141401034
1773700486,7017,171.31097019341829,384.6705317407429
1773700486,7018,1985.6820067734327,263.1164828881047
1773700486,7019,283.81962446073123,32.843246096694756
1773700486,7020,124.78566501729344,255.5756040284721
1773700486,7021,521.066740813946,117.80475070426222
1773700486,7022,607.4553403721161,458.301468522923
1773700486,7023,413.7360266463236,392.10187014950014
1773700486,7024,86.43217968831121,190.1226391808598
1773700486,7025,153.1273946149623,392.8777035553316
1773700486,7026,231.03459682553296,67.43517813795766
1773700486,7027,67.24522757105109,454.22669414360354
1773700486,7028,174.35074696891962,194.1023428801615
1773700486,7029,748.9384196054544,82.39597080003301
1773700486,7030,229.1168860776147,42.06791751351714
1773700486,7031,446.56071764812083,181.6715109957344
1773700486,7032,156.12349958289593,314.88663843476445
1773700486,7033,268.81439175285755,440.4611762790172
1773700486,7034,156.32546786398726,123.31645365411332
1773700486,7035,602.1125045340564,340.95378846224037
1773700486,7036,311.7125067918451,467.880648489142
1773700486,7037,159.4570372600151,86.27133504987722
1773700486,7038,71.722848940245,166.99232154621788
1773700486,7039,601.9204698545054,81.6734655091094
1773700486,7040,359.872068181292,93.00030711817149
1773700486,7041,380.72422045435997,148.4340617606611
1773700486,7042,746.9323339145881,63.5142655523477
1773700486,7043,175.26282904926973,306.6271136182272
1773700486,7044,258.8843476433267,430.20155729634644
1773700486,7045,80.07117012737176,154.7229609273714
1773700486,7046,501.99258224457355,38.63914411255261
1773700486,7047,362.1746077199095,29.12558648033121
1773700486,7048,251.94618883478137,151.5303114607664
1773700486,7049,296.01537750482476,138.06587722326682
1773700486,7050,618.8800254083811,367.7766156403703
1773700486,7051,75.07310552040677,104.89760658415913
1773700486,7052,180.82638391736444,78.88870410951071
1773700486,7053,268.47588452363345,69.15678453507778
1773700486,7054,571.6119700916975,470.24742354727294
1773700486,7055,492.2594275473806,108.15341494185043
1773700486,7056,134.79408158967354,481.9901228152524
1773700486,7057,303.0997216048289,36.720520651065584
1773700486,7058,493.9235331093238,420.91061024693596
1773700486,7059,218.28505363369376,149.79668611424603
1773700486,7060,87.28312831161077,105.6647616230051
1773700486,7061,505.97641664704884,158.93188607379074
1773700486,7062,353.2992008469329,424.03834818288095
1773700486,7063,137.8024610540139,216.61666399478904
1773700486,7064,253.25147430732514,35.10712921258162
1773700486,7065,350.38152123896776,431.8233910747586
1773700486,7066,73.31031298249424,237.56489495239848
1773700486,7067,555.1821200987948,439.237589573073
1773700486,7068,124.00573500825014,375.9397856717062
1773700486,7069,211.92779385001265,38.665458860726105
1773700486,7070,122.57382642538099,427.27011293077504
1773700486,7071,470.85077067587633,52.52530469971082
1773700486,7072,264.4884101586198,314.2650863563241
1773700486,7073,85.13242138716492,72.72932615898586
1773700486,7074,312.5442514591008,446.1550602212251
1773700486,7075,285.6376802023582,96.37320521407378
1773700486,7076,603.7517976445796,113.1758145256212
1773700486,7077,279.7651584682995,71.10448609302136
1773700486,7078,652.2685234443097,130.25026382304534
1773700486,7079,441.17015617952006,374.0288386061445
1773700486,7080,641.000357160596,32.46050979797738
1773700486,7081,329.62907542098446,44.673252788259504
1773700486,7082,192.07854173411252,109.26080345156979
1773700486,7083,269.99117050556725,63.384761756979685
1773700486,7084,230.84546579567743,232.65162827285977
1773700486,7085,176.4251432661585,97.35106355054266
1773700486,7086,544.8570999123658,454.87077525413576
1773700486,7087,318.9394271273068,126.74727105362616
1773700486,7088,227.88091671777713,367.98128186921144
1773700486,7089,156.93762045600673,84.91401375134627
1773700486,7090,193.4011459877562,388.8388832476518
1773700486,7091,162.8553718397262,398.8123007244791
1773700486,7092,438.7681458175742,70.47047623291762
1773700486,7093,100.85592869188176,323.90024252633015
1773700486,7094,269.1782821971233,92.20707774061148
1773700486,7095,281.3716926640322,54.90060821750548
1773700486,7096,314.97022951712415,128.59682053633577
1773700486,7097,273.38991411761356,165.8755441443314
1773700486,7098,240.57697917650117,55.56134588245468
1773700486,7099,770.0532970072442,56.57354974497791
1773700486,7100,506.5372857948835,67.25424490990555
1773700486,7101,176.18973951687994,79.4671982795467
1773700486,7102,487.0849669000431,54.21186638028278
1773700486,7103,218.92833546569068,33.741014182217626
1773700486,7104,407.59075293272286,42.61539197633509
1773700486,7105,375.1896583492466,92.07685525543016
1773700486,7106,550.6657897271809,388.0413652840669
1773700486,7107,425.23663711910984,85.0471775180724
1773700486,7108,978.2057804292425,353.588894068609
1773700486,7109,81.01975505157145,349.07646204513355
1773700486,7110,261.2326842072788,379.8657859598169
1773700486,7111,315.0104231863891,225.40819339833774
1773700486,7112,176.4364702925889,140.25198397160136
1773700486,7113,91.69239128362076,381.52537614536055
1773700486,7114,128.51259024108398,340.83941642172107
1773700486,7115,685.9424510238363,39.233910661383206
1773700486,7116,165.6231110148129,403.2560887936815
1773700486,7117,122.60283202974742,328.09177541791036
1773700486,7118,245.74869002436236,95.08360562126457
1773700486,7119,134.37328357580563,130.42939053315294
1773700486,7120,194.93034151127782,386.3247447592336
1773700486,7121,409.3317607213226,80.30961025567265
1773700486,7122,433.05410955346497,103.43747999329462
1773700486,7123,144.45960554503864,70.49757750780027
1773700486,7124,282.06449236781566,227.60268067782664
1773700486,7125,219.10576382320764,106.90904573753556
1773700486,7126,97.90400969190274,363.0875165766876
1773700486,7127,194.03112266404474,442.4158986049986
1773700486,7128,113.45892936024487,316.5676297801951
1773700486,7129,349.86231819888246,41.59157126897688
1773700486,7130,153.04179801020834,146.3873870849544
1773700486,7131,314.60956446889026,142.05119060621726
1773700486,7132,404.8545896014722,68.37662571744625
1773700486,7133,230.114009967866,39.44892360674948
1773700486,7134,62.33351446541414,47.8476276430294
1773700486,7135,468.085810793167,55.28920516595345
1773700486,7136,126.9875058523053,245.63386757033848
1773700486,7137,352.2350856132308,37.06086392779973
1773700486,7138,93.82393658032055,403.99529903521346
1773700486,7139,334.34052544612143,134.35842985945027
1773700486,7140,146.63902204296983,57.63071375421135
1773700486,7141,227.45180544703837,64.72035772444735
1773700486,7142,548.2311620663796,336.7781899033672
1773700486,7143,159.46811601321008,380.47409723525953
1773700486,7144,172.58705066270872,103.3871777729371
1773700486,7145,64.14467794999008,220.75321692478238
1773700486,7146,777.1905209712587,147.61515501940147
1773700486,7147,191.87431100322095,40.477074281541164
1773700486,7148,63.895079736566615,210.99512475933966
1773700486,7149,349.47454347965737,289.2892990123986
1773700486,7150,90.41564942583912,41.3935240649692
1773700486,7151,152.9923256088013,181.19607704684242
1773700486,7152,153.10156011571564,264.2934932400241
1773700486,7153,218.11445469389494,335.8665321584594
1773700486,7154,209.13398279586337,27.436156672657816
1773700486,7155,597.2960873947698,291.25627802008114
1773700486,7156,173.9240936616254,155.8032727819766
1773700486,7157,512.2867704376324,332.6429811507656
1773700486,7158,280.91339650715474,38.859290267675256
1773700486,7159,177.49915326949298,113.02274924180905
1773700486,7160,250.22828757773917,219.91363733822539
1773700486,7161,207.4049051514905,341.1064259887767
1773700486,7162,296.33033273957034,130.93713342229375
1773700486,7163,229.08165339701907,48.86698935734382
1773700486,7164,138.04647703091862,260.5991960564994
1773700486,7165,474.6035750730359,83.93307048582108
1773700486,7166,144.68602004208165,120.23647390527354
1773700486,7167,195.5687637466148,65.72271396803244
1773700486,7168,165.70065765246056,81.95326296660794
1773700486,7169,25.908453869916283,99.54238106201713
1773700486,7170,41.04788823326447,65.65309937075801
1773700486,7171,206.5693513752047,368.464894156997
1773700486,7172,613.755693415059,32.50418250585181
1773700486,7173,410.29241008172926,83.22146787404738
1773700486,7174,343.20659059083806,358.76724624136995
1773700486,7175,531.3765216852137,43.821983561542766
1773700486,7176,204.48730296018746,44.25996518009644
1773700486,7177,445.78224841673983,216.34580538211165
1773700486,7178,365.37582014639634,125.24416205339946
1773700486,7179,373.35859819480885,290.2886385914235
1773700486,7180,393.9673300313291,136.08554899426076
1773700486,7181,265.97850214203,419.1892827134833
1773700486,7182,319.6918792278265,36.80912230384668
1773700486,7183,202.8824526653707,98.39630771733654
1773700486,7184,151.7307444295814,410.1751455938275
1773700486,7185,223.31168177979274,220.48711354969544
1773700486,7186,497.8248921026601,143.58908829905755
1773700486,7187,159.3702628203415,227.2878950254078
1773700486,7188,431.84596974729635,41.88580287047461
1773700486,7189,50.18042848298402,191.35513874421417
1773700486,7190,468.16673840398033,162.42872428550575
1773700486,7191,155.5088732006071,48.18823373682186
1773700486,7192,182.32226442209344,119.70603260056944
1773700486,7193,304.66588042064575,196.46880529483192
1773700486,7194,196.20621514161564,119.0776541755021
1773700486,7195,205.33963432418508,101.58767569447338
1773700486,7196,327.36076546821005,139.5208166477572
1773700486,7197,296.9355017059831,88.06219747072296
1773700486,7198,191.9662019499846,144.90945605654576
1773700486,7199,245.06758298934864,75.3146893480242
1773700486,7200,296.9772927967061,338.1580457633764
1773700486,7201,191.76432224081398,302.0767449436064
1773700486,7202,189.16768201196444,131.1766395635967
1773700486,7203,326.0984270759259,104.82529035746421
1773700486,7204,54.50890602581664,110.00752506581526
1773700486,7205,361.0267757674619,131.91209316768894
1773700486,7206,381.40404033178754,95.03873393455204
1773700486,7207,236.31555261437683,54.882006080254605
1773700486,7208,250.80031811137255,159.80683648429095
1773700486,7209,92.34310689443835,32.54774341510319
1773700486,7210,86.53317899324479,290.8375177479962
1773700486,7211,197.32932795542447,73.28736385444704
1773700486,7212,434.5630540483043,58.00494541226958
1773700486,7213,455.6449497806175,58.474779076668156
1773700486,7214,364.0834416838688,44.65326547224033
1773700486,7215,171.80308867184982,55.75263787378927
1773700486,7216,354.36162368039595,29.688773994362943
1773700486,7217,388.1714919615665,102.30230069950775
1773700486,7218,215.10150692630026,448.43178502187175
1773700486,7219,295.4897842999712,404.20578190754196
1773700486,7220,196.69054744600874,34.181988311819985
1773700486,7221,503.8823573630374,156.56181512031804
1773700486,7222,218.28295082505483,139.97255289787847
1773700486,7223,56.179132250855986,104.28413172952925
1773700486,7224,262.5315432743274,391.36635429500075
1773700486,7225,197.34710674001064,272.7156109604126
1773700486,7226,639.0013722374703,48.24834328530835
1773700486,7227,214.71753309118355,122.66614208178923
1773700486,7228,358.1050780812617,150.70203486891265
1773700486,7229,946.1268580951714,93.69822605834818
1773700486,7230,201.20189013702137,413.7048336105308
1773700486,7231,305.6906876211284,70.61656698229957
1773700486,7232,136.17515000462345,28.266058895507882
1773700486,7233,546.0681388382192,61.79313875726084
1773700486,7234,148.52379240459325,120.89689605892721
1773700486,7235,663.7666523319234,185.9536175413737
1773700486,7236,62.654044632719625,172.95341799906873
1773700486,7237,567.7193378275075,177.3316131346934
1773700486,7238,768.2456578076486,266.77760711196765
1773700486,7239,52.48121239253438,141.1219052432857
1773700486,7240,466.7128940357939,383.82933289803975
1773700486,7241,252.45439694500007,115.56983592794687
1773700486,7242,215.76129060654492,76.124748256281
1773700486,7243,255.5476671529592,45.93083253150833
1773700486,7244,654.0310501340771,49.3224998855927
1773700486,7245,68.2247835368035,120.3190072131187
1773700486,7246,335.0626106784166,360.54911446963706
1773700486,7247,143.82227385476574,380.47624824111347
1773700486,7248,89.50157402176525,219.2961728844655
1773700486,7249,350.8615804030834,401.8929612154998
1773700486,7250,336.82974883016675,68.46466140878634
1773700486,7251,410.6948484693501,117.98947999508397
1773700486,7252,303.36357799591724,234.4762478301031
1773700486,7253,278.5260158656641,32.25076628190391
1773700486,7254,228.75256683588282,46.43857499655195
1773700486,7255,555.641888515624,53.51820026916809
1773700486,7256,648.3281827249757,45.20402662346058
1773700486,7257,357.28241121871207,362.6562200011959
1773700486,7258,354.76899706752334,171.90813908636062
1773700486,7259,277.00081394748133,57.19037121983038
1773700486,7260,447.9329751043079,41.34967383191636
1773700486,7261,204.8273508854946,112.44476491677295
1773700486,7262,53.90237552186587,151.40917264897385
1773700486,7263,614.6382444688655,100.50766849823741
1773700486,7264,684.694180905549,231.4743184019174
1773700486,7265,41.82929075296582,86.25987449335915
1773700486,7266,146.84560298714592,206.20669447768037
1773700486,7267,257.2294547522107,380.65756156764064
1773700486,7268,65.42903516729268,410.3719588025667
1773700486,7269,154.8109599494886,401.48606535430423
1773700486,7270,371.23010115166693,27.199050848751895
1773700486,7271,203.69416878663753,400.22633267563856
1773700486,7272,322.35960415238037,400.0112125357024
1773700486,7273,283.2222833120817,111.95929921839499
1773700486,7274,71.29563950541286,274.4322298012573
1773700486,7275,275.2509687768914,39.212819999363056
1773700486,7276,199.69792742069419,89.82416019725454
1773700486,7277,245.78515286472995,34.07500422136921
1773700486,7278,161.0829964201651,82.98742985347594
1773700486,7279,333.17117661517693,160.72768509967602
1773700486,7280,240.67356206103204,35.142461419810935
1773700486,7281,118.25855482505338,175.62848496462732
1773700486,7282,181.40440228688766,166.01949892245412
1773700486,7283,86.32539888413716,136.98576662634218
1773700486,7284,288.7249170394892,45.06003744958939
1773700486,7285,258.73652597422137,356.78528731947046
1773700486,7286,317.5630867986207,73.67630761668359
1773700486,7287,270.72552078966095,39.449820645499365
1773700486,7288,284.2702486157369,123.49802433153225
1773700486,7289,203.4033544514189,134.42506390747496
1773700486,7290,432.4664965704879,147.27222038810496
1773700486,7291,151.2321972618829,387.8003434295394
1773700486,7292,413.4178105048995,91.87273691575895
1773700486,7293,339.1499508926054,201.14435942625153
1773700486,7294,352.5464575211447,83.06056585076463
1773700486,7295,264.64137669852295,52.41107558501423
1773700486,7296,185.65152385845371,432.7801962999923
1773700486,7297,194.85798035456668,136.02107300140713
1773700486,7298,369.50096727134445,434.82951495608125
1773700486,7299,416.1501514006401,216.4761307684175
1773700486,7300,64.65838190261982,456.25638296181575
1773700486,7301,88.5790893021113,288.61732285973346
1773700486,7302,433.49886155745014,27.37165468950611
1773700486,7303,308.946651093985,218.3030126096923
1773700486,7304,419.24718332538396,46.94491914378144
1773700486,7305,602.8788901233183,48.13659857395534
1773700486,7306,228.85967463773486,65.60576457203234
1773700486,7307,195.454496002836,39.8114624481688
1773700486,7308,302.9966045351076,427.13727967780375
1773700486,7309,607.8466110743266,324.72363707745865
1773700486,7310,392.46228106018424,146.4323912821232
1773700486,7311,378.7494211113425,163.8411205482265
1773700486,7312,199.56272897681401,403.4463267002706
1773700486,7313,453.413670566327,356.92411194504723
1773700486,7314,238.25565723552504,113.57022758126607
1773700486,7315,270.68248570721687,81.17734142193358
1773700486,7316,74.28014754940914,440.73586757151935
1773700486,7317,69.74740915996772,95.67137375315811
1773700486,7318,256.1528872268251,411.57467878055047
1773700486,7319,385.5618753477705,53.34767578031376
1773700486,7320,386.60528297898054,87.00508248958107
1773700486,7321,386.1837641056025,88.48286798760611
1773700486,7322,358.0349973711423,411.00733946085353
1773700486,7323,136.47050559060037,182.00738340127515
1773700486,7324,207.43477715037386,414.995595280454
1773700486,7325,504.2646735488626,28.896401758974243
1773700486,7326,327.3485668710566,40.10004288939588
1773700486,7327,270.65208318176684,388.5213960283909
1773700486,7328,503.19856702077595,28.14926397950911
1773700486,7329,167.52644562061923,83.33348502323305
1773700486,7330,530.215929348519,153.47943420516907
1773700486,7331,68.10769095398217,435.4796631538297
1773700486,7332,312.87330881626264,52.64794560493056
1773700486,7333,155.9643343240922,418.0608623008306
1773700486,7334,352.59962073670056,29.19149511703638
1773700486,7335,250.761785249911,174.82551444630656
1773700486,7336,184.10656080623085,132.19658725304382
1773700486,7337,156.6079018845197,161.94595928943346
1773700486,7338,58.167687181440535,164.27304532018562
1773700486,7339,285.65807708820523,141.32927702064387
1773700486,7340,618.7260250885389,45.71886848051729
1773700486,7341,208.110276326904,178.07751832125646
1773700486,7342,500.0338265209956,268.0018769433333
1773700486,7343,569.5774150198675,44.4838020093742
1773700486,7344,538.7426007060734,406.95416351970425
1773700486,7345,213.2732518492905,371.2238669707333
1773700486,7346,68.0635347699736,378.30148121669583
1773700486,7347,199.86469284182496,56.068652400911404
1773700486,7348,527.6936036200924,40.32077750043604
1773700486,7349,146.95383820525802,83.14324752005615
1773700486,7350,129.38806715923448,73.63275908000242
1773700486,7351,174.7811852845324,110.5916571472904
1773700486,7352,360.38577605428884,395.1568063255881
1773700486,7353,280.4837989270762,372.6475290349294
1773700486,7354,108.2351668314265,344.8211023367761
1773700486,7355,245.726808774254,349.5807700982033
1773700486,7356,274.56845474312416,84.43416964593375
1773700486,7357,68.09703281435809,164.3288557181559
1773700486,7358,383.9060031126491,40.29512507821839
1773700486,7359,222.3549849774846,50.34630396340586
1773700486,7360,171.17261914992048,79.15371457950499
1773700486,7361,231.48957643982905,131.26143277549568
1773700486,7362,158.0411761696886,24.907140419368357
1773700486,7363,337.65201114389066,81.45409601996431
1773700486,7364,243.05804727464317,383.6743098177509
1773700486,7365,233.6489340134079,265.1535461729046
1773700486,7366,252.6614804537634,55.46336400492069
1773700486,7367,113.56577253409091,413.6984474902362
1773700486,7368,199.7384975641649,432.3062558018328
1773700486,7369,488.71426311232693,54.40613922804666
1773700486,7370,184.43448379126426,222.46731733258977
1773700486,7371,174.92492040633798,51.329716184091964
1773700486,7372,148.1332918551061,411.57844224496887
1773700486,7373,132.07505562252118,148.5567656940174
1773700486,7374,256.6640945324623,60.860104341494576
1773700486,7375,125.58531239972596,411.64194331784756
1773700486,7376,110.83347334172612,375.42279798735655
1773700486,7377,536.496862002525,62.97696684062682
1773700486,7378,214.45451463416487,46.44699945566661
1773700486,7379,267.5251965366787,41.21939787440001
1773700486,7380,379.5705870279739,56.63548638871786
1773700486,7381,216.49374167200259,422.107446094634
1773700486,7382,169.38196455279837,53.541742388652935
1773700486,7383,107.17676788662804,450.004867059587
1773700486,7384,452.69376460511467,92.58744500997359
1773700486,7385,233.45633584514925,303.2077725942302
1773700486,7386,492.2605400828233,349.93564698593565
1773700486,7387,297.262821662827,116.68033063784848
1773700486,7388,519.9681611007487,42.114512056004784
1773700486,7389,77.5683973804263,561.6550118330168
1773700486,7390,259.8293518992385,34.808686390734806
1773700486,7391,180.22068254638788,26.476948502920326
1773700486,7392,205.01627829547886,59.84198537615338
1773700486,7393,188.75719003124343,135.45478860040575
1773700486,7394,177.77465747401388,452.372610552007
1773700486,7395,272.5448510819604,418.7920821712193
1773700486,7396,369.69155028915543,422.5333364453739
1773700486,7397,239.60663748705272,106.99328519825107
1773700486,7398,127.33186803633511,186.4810840396264
1773700486,7399,110.06432912165079,426.8449779530705
1773700486,7400,5.467653720568808,31.933155473626496
1773700486,7401,47.988385772922264,167.03733084490256
1773700486,7402,265.7135402858205,405.8837033828775
1773700486,7403,361.1881932920473,363.18211660921304
1773700486,7404,325.8682903545073,39.20826705924976
1773700486,7405,429.1830870075928,73.4408394768394
1773700486,7406,93.32695971449719,378.7523448051233
1773700486,7407,62.39313873904673,202.23408505512558
1773700486,7408,159.80352919314066,66.9088004193668
1773700486,7409,124.05503971253334,170.26367362126334
1773700486,7410,159.07453470430593,367.77868041866907
1773700486,7411,628.4299544009374,82.63489103859182
1773700486,7412,252.13822952891923,35.32098533998856
1773700486,7413,242.62583802505807,219.64317610232615
1773700486,7414,165.56014131421364,139.56795970413341
1773700486,7415,312.42962848892637,424.3993532512385
1773700486,7416,359.11432864117563,83.8304545980407
1773700486,7417,561.0659535092636,51.315429697244596
1773700486,7418,401.047550388466,104.03514062584405
1773700486,7419,297.97152957559473,172.49984921847718
1773700486,7420,315.47022253954265,473.6419032441399
1773700486,7421,337.75974998215264,63.71800574403701
1773700486,7422,97.29324336262351,337.3391021858991
1773700486,7423,244.90510136969385,42.43412789329869
1773700486,7424,210.7790717693001,32.32343752858013
1773700486,7425,310.1622925871152,157.88454979330282
1773700486,7426,318.5223537552955,50.0474927134615
1773700486,7427,405.2287384843388,134.881726180139
1773700486,7428,118.47688783039567,507.07720011713235
1773700486,7429,165.32691614737186,116.06995969201586
1773700486,7430,453.99454067575624,60.22918060056429
1773700486,7431,307.86615828608564,144.26144169034535
1773700486,7432,231.84636815111384,434.4904077049016
1773700486,7433,340.011268846853,477.0524144167795
1773700486,7434,787.9814797483508,162.8879766575596
1773700486,7435,233.4580106440133,380.9108911303414
1773700486,7436,125.97969608547325,485.81728881430047
1773700486,7437,900.9072816972702,51.12103407528197
1773700486,7438,417.0264587872334,394.3053283719608
1773700486,7439,199.74815878001846,444.377353719329
1773700486,7440,226.6919633935423,47.35449397723794
1773700486,7441,498.550892404274,90.25342056089657
1773700486,7442,363.7899081846101,80.42390189197287
1773700486,7443,55.97048742049032,203.23317802097833
1773700486,7444,168.99557399483098,422.8618096994992
1773700486,7445,39.04270561633548,253.0788892966052
1773700486,7446,86.57737520507823,175.11661584451159
1773700486,7447,215.9882564646956,185.8777370516263
1773700486,7448,356.90758491360384,48.61332700902988
1773700486,7449,275.8332080816937,45.58187090813456
1773700486,7450,225.83070766443674,284.629769123801
1773700486,7451,403.99728636864324,30.817721095569762
1773700486,7452,764.7305091637147,34.22134103133937
1773700486,7453,447.39411779880214,48.461983279673156
1773700486,7454,291.8968530100632,230.03676265668835
1773700486,7455,52.19986428252631,94.08153805229034
1773700486,7456,60.337975754105045,72.38071547704376
1773700486,7457,532.9507632094934,58.39292042713964
1773700486,7458,259.6459024400597,38.19273179795067
1773700486,7459,346.51847432776594,44.467555186796965
1773700486,7460,259.78789668994546,23.083175099606912
1773700486,7461,484.4431354244351,83.32232519192364
1773700486,7462,336.5059705005102,38.09405643471983
1773700486,7463,295.8886368975915,36.24269615078932
1773700486,7464,672.8646095407382,431.1833703556278
1773700486,7465,609.1400194694431,97.83026972358145
1773700486,7466,170.4698970510901,216.10306467866454
1773700486,7467,358.72675877133685,172.37583782461496
1773700486,7468,345.0865051447244,126.0101707643899
1773700486,7469,104.34010846546937,413.7072147685309
1773743924,7470,182.6845707142058,27.26201281103916
1773743924,7471,539.4152607903409,60.357695812695745
1773743924,7472,175.8340259836753,247.41338079872185
1773743924,7473,145.76388930332575,150.38345509740338
1773743924,7474,486.1537019779977,194.7424230809885
1773743924,7475,593.3097773157969,378.36043185510124
1773743924,7476,347.0461969759027,504.1357277824
1773743924,7477,172.67347623914262,168.9946584652272
1773743924,7478,784.0306116031524,55.44402571885657
1773743924,7479,321.45706433904655,451.9035251131768
1773743924,7480,42.91952955021205,69.35445488604489
1773743924,7481,76.09587077686798,472.1387418547914
1773743924,7482,237.45478154268844,259.7702786562316
1773743924,7483,448.41687278909444,139.03833731125397
1773743924,7484,271.41111799391064,99.79745034902288
1773743924,7485,178.42113517929073,173.27171130467883
1773743924,7486,223.51124192938056,40.08349192266058
1773743924,7487,92.03053152554743,486.2321265976845
1773743924,7488,326.3366597052301,61.32240734570993
1773743924,7489,116.60675568374418,481.5892959509759
1773743924,7490,160.15643958535597,161.23363245030433
1773743924,7491,327.73538550502593,32.907158706551925
1773743924,7492,134.998242243151,68.45610639507002
1773743924,7493,150.90660857863688,367.342795425693
1773743924,7494,302.6851543432325,149.17572584369913
1773743924,7495,118.88395754773762,480.1014788567941
1773743924,7496,342.052465757924,446.07342589737834
1773743924,7497,257.82870397627295,84.18015605079628
1773743924,7498,353.091400512908,131.53931555452252
1773743924,7499,242.4996429127673,171.89423941818148
1773743924,7500,192.94345597111192,93.8662217949012
1773743924,7501,1233.4307665449567,70.98205080363938
1773743924,7502,251.57456982109483,472.68837762204413
1773743924,7503,201.5935436875188,51.42604546938962
1773743924,7504,152.41330853380856,464.7505506014867
1773743924,7505,323.17306871845955,78.60167751607146
1773743924,7506,190.8483383089195,240.95336221256022
1773743924,7507,386.1852285519828,400.9320194477909
1773743924,7508,507.23087089313935,193.23875700089107
1773743924,7509,167.91397620086184,316.390578442774
1773743924,7510,196.20695491104584,459.25090992657266
1773743924,7511,28.952817107897946,144.43237254368006
1773743924,7512,223.63947604686248,175.6159938602027
1773743924,7513,197.28679636697817,94.65648547347995
1773743924,7514,251.55480687613476,407.9942200157295
1773743924,7515,88.75071022558126,442.35722249060007
1773743924,7516,554.1092097547256,403.0018770124645
1773743924,7517,434.80845525548006,38.74549505640393
1773743924,7518,247.41250257717388,232.2283580587422
1773743924,7519,302.87102604757763,290.798353891363
1773743924,7520,365.11514229543405,67.18276280486427
1773743924,7521,444.96148974931856,138.18000166845587
1773743924,7522,303.28688924805516,466.70986705121186
1773743924,7523,635.3949628435371,176.35474473916298
1773743924,7524,278.8574354145429,387.2185047867837
1773743924,7525,668.4880858340182,35.14378445460036
1773743924,7526,487.36281154823484,36.64811715181648
1773743924,7527,89.4209216415427,106.27777573468789
1773743924,7528,299.2869332200326,413.65545467339274
1773743924,7529,395.6328812922597,58.71566400802036
1773743924,7530,173.158761529365,171.5744457839541
1773743924,7531,111.75553582812371,460.92488765517027
1773743924,7532,104.99820707439602,444.7953481961305
1773743924,7533,494.96365247429713,193.5275404590586
1773743924,7534,541.4608061482658,67.87833979507386
1773743924,7535,204.70059970897753,430.2900451550937
1773743924,7536,245.292445697901,61.781248384080584
1773743924,7537,338.96280633293094,117.86694084878808
1773743924,7538,391.200342574646,118.88909521503398
1773743924,7539,481.2216596682576,336.7964996312535
1773743924,7540,357.97468015115135,37.208603309740454
1773743924,7541,270.95543765044897,35.55358773404038
1773743924,7542,413.95540489268143,203.63767701706047
1773743924,7543,254.40820856527378,97.80139698853066
1773743924,7544,267.6646051632995,163.83610808802533
1773743924,7545,128.01321354030898,489.77306957544425
1773743924,7546,200.66204101898722,112.03643043507444
1773743924,7547,76.04286663277882,115.58984322334875
1773743924,7548,192.10519082850996,53.237704098922904
1773743924,7549,171.21811562294496,430.268551470682
1773743924,7550,488.9661640677479,454.1820222721325
1773743924,7551,148.47331316054544,187.7661942900026
1773743924,7552,518.8676624299768,27.89380453104621
1773743924,7553,200.48234900544458,33.14919101093183
1773743924,7554,403.4241736383864,62.3013188317789
1773743924,7555,166.9581832505672,98.90102620778701
1773743924,7556,179.96793701393602,270.14985571717847
1773743924,7557,231.7869943208771,121.09839889644157
1773743924,7558,239.4566342107017,74.96606249507764
1773743924,7559,135.59477803258164,54.722864261143044
1773743924,7560,667.7278009416497,42.51741878551408
1773743924,7561,70.2717389704532,440.5918797181432
1773743924,7562,364.9899959285896,76.45204661336864
1773743924,7563,133.95149465612045,162.71986101771637
1773743924,7564,156.03316115841307,207.3187793006193
1773743924,7565,290.25131736920764,231.90951805698438
1773743924,7566,534.1720085171537,41.63887278417064
1773743924,7567,164.45501102358446,80.96348755952486
1773743924,7568,158.37637066251202,268.1615626491769
1773743924,7569,23.35598340293799,138.5340749726091
1773743924,7570,378.3769251712239,160.77243750282784
1773743924,7571,473.5849003413022,44.46824191926715
1773743924,7572,385.09738694371606,64.52506750662748
1773743924,7573,327.31795017551246,54.057753991815744
1773743924,7574,113.04071264017877,440.73100041133404
1773743924,7575,155.20977878851852,42.69570489271722
1773743924,7576,734.5859718296496,121.22287500467279
1773743924,7577,286.4323389012396,45.535413929525625
1773743924,7578,236.39139545388073,68.11693004980235
1773743924,7579,128.67330927621813,176.4807644418963
1773743924,7580,152.7110292025367,379.7532292096974
1773743924,7581,56.128328657745634,129.62013628109074
1773743924,7582,379.7380288449359,47.419058647974154
1773743924,7583,344.3187171985003,52.409336537711326
1773743924,7584,30.094072370946016,269.0235859418079
1773743924,7585,410.1597746046386,124.84332825532238
1773743924,7586,160.72010122070444,228.2916734160693
1773743924,7587,68.20507167381473,422.1877535779119
1773743924,7588,52.2936632566961,67.58822600951314
1773743924,7589,603.7486010732811,88.5592665419658
1773743924,7590,145.23510639866606,173.0505013335618
1773743924,7591,395.31508508627326,55.63480464547645
1773743924,7592,216.68790361380934,91.53776034820976
1773743924,7593,457.24305125649556,79.1752246946476
1773743924,7594,173.8631212970425,141.95586799066808
1773743924,7595,90.2339007187947,416.4326600498112
1773743924,7596,299.194771238613,290.8090843647556
1773743924,7597,487.9384933799642,59.601846377682016
1773743924,7598,137.315252683841,158.94623714214757
1773743924,7599,53.90355935944422,199.6182890293482
1773743924,7600,86.98002150604076,380.83558348437583
1773743924,7601,348.11593688177913,126.09089286611612
1773743924,7602,325.18156653726686,96.45703648591183
1773743924,7603,79.84825322495664,143.70535447142402
1773743924,7604,253.39465671994313,115.11515411758427
1773743924,7605,167.70457431960727,99.77767768713032
1773743924,7606,307.86917047535,201.60785854725415
1773743924,7607,329.97988231730915,477.1362189323084
1773743924,7608,378.6023936885054,32.663688625536004
1773743924,7609,36.80128492026991,68.08031830695901
1773743924,7610,481.48681502423415,33.796679267729395
1773743924,7611,280.36104274605196,139.54558017940326
1773743924,7612,270.9203907061079,45.81059093359775
1773743924,7613,237.10472870986126,213.23119946500583
1773743924,7614,447.7887521211664,210.36925084037802
1773743924,7615,312.16063776618444,123.85785333648673
1773743924,7616,300.44445135785537,432.4264468618111
1773743924,7617,8.614820615283532,67.525773843902
1773743924,7618,84.99608179504052,356.17866806548386
1773743924,7619,157.97115145147757,208.4533303090359
1773743924,7620,340.7220711134286,241.78789261837855
1773743924,7621,408.49487283491464,176.04198199044785
1773743924,7622,397.1746578421025,83.33694819230764
1773743924,7623,268.14462691017394,103.8943779365847
1773743924,7624,254.16934494851085,182.3000525328184
1773743924,7625,368.361940738202,183.67736373679102
1773743924,7626,126.1082268074575,296.08380846716125
1773743924,7627,225.5867532493857,113.11118727359914
1773743924,7628,13.498486470055784,35.41124532801296
1773743924,7629,394.94573386905597,113.54684276521488
1773743924,7630,403.42021075080044,194.0543273413001
1773743924,7631,330.261695129919,61.51446793055142
1773743924,7632,162.2707612306512,166.5122508576209
1773743924,7633,231.47673218170243,31.91395609913206
1773743924,7634,194.99912469043736,221.32017878355933
1773743924,7635,231.2634958807782,98.46075819713222
1773743924,7636,293.19162522958635,155.76611541408693
1773743924,7637,199.66712779564833,94.82740908624189
1773743924,7638,282.41971078420545,29.045424890732896
1773743924,7639,481.2931429460854,435.8069018031098
1773743924,7640,512.5984878109477,430.13150466244815
1773743924,7641,539.7217038717868,46.48118889243599
1773743924,7642,325.5999272649337,51.3266322957143
1773743924,7643,88.76029796597494,459.0015287342006
1773743924,7644,236.26107701429828,248.72987032355934
1773743924,7645,191.29010562011325,357.0088437396431
1773743924,7646,319.0071911952714,36.277470226207804
1773743924,7647,80.25411108336725,427.4189953515209
1773743924,7648,185.51154023559153,123.22173343681543
1773743924,7649,108.23884023087834,242.1359841609209
1773743924,7650,128.34509639715313,358.73316454062467
1773743924,7651,407.62754301426673,45.21401669672697
1773743924,7652,63.851031997787544,225.840852894807
1773743924,7653,231.98754459887954,130.79040408260224
1773743924,7654,86.99777992871951,431.6894416260209
1773743924,7655,448.7064711996805,386.93997243455425
1773743924,7656,267.0310742340387,165.97602209657083
1773743924,7657,213.40227522578738,124.30765588303017
1773743924,7658,196.9586997797358,205.94502959991658
1773743924,7659,438.1981479181658,35.92637011507232
1773743924,7660,485.1222341212112,386.13749556218806
1773743924,7661,283.662858417323,379.66675605670184
1773743924,7662,131.0211021132221,169.57719181428413
1773743924,7663,441.48154293585304,71.3356119210843
1773743924,7664,208.44440820360182,311.62664184913683
1773743924,7665,416.3230226605595,50.408810475990734
1773743924,7666,193.62559328760594,469.01082660709096
1773743924,7667,151.11623189643043,273.2071688917675
1773743924,7668,416.40156007359354,408.4854521627245
1773743924,7669,326.7427636643758,73.21414916075669
1773743924,7670,219.07122949658694,138.94943983381702
1773743924,7671,205.65333348338376,155.01033201995747
1773743924,7672,361.07029208130825,73.73638912517708
1773743924,7673,96.11264713477051,186.91280059175824
1773743924,7674,357.9551275503031,57.26740736674689
1773743924,7675,309.4504950538623,153.24719621925325
1773743924,7676,119.48378510961192,456.32429336719406
1773743924,7677,305.70931534660315,189.5211731267986
1773743924,7678,212.12380764640895,208.0450076212528
1773743924,7679,205.39353932068022,39.10028884374103
1773743924,7680,217.1283444671294,40.93480501224461
1773743924,7681,384.80153345509206,57.87637244136987
1773743924,7682,190.96577252418666,78.81489485187086
1773743924,7683,437.9187616920138,51.54403336041255
1773743924,7684,120.57150824403993,286.7183046470711
1773743924,7685,205.6513364122391,434.43044955234683
1773743924,7686,100.29777034473135,242.20530755728112
1773743924,7687,174.0278545962988,288.7918592642474
1773743924,7688,258.8912468619477,394.59212015722363
1773743924,7689,474.66236496252037,135.20958936944436
1773743924,7690,677.895488169645,36.475231232289126
1773743924,7691,218.1239869193992,187.96509873850002
1773743924,7692,356.7435575796324,332.2260522381735
1773743924,7693,265.96335026357906,49.14169989721945
1773743924,7694,216.5260071565829,39.97724151755997
1773743924,7695,356.3596902962787,132.08082049725104
1773743924,7696,233.2756183520378,187.14048956227288
1773743924,7697,62.08796900928772,90.43754049950081
1773743924,7698,432.7886741678782,368.59643618486234
1773743924,7699,208.56162954154303,208.49305007403217
1773743924,7700,192.68447403849652,403.95384386868244
1773743924,7701,60.63781498439318,263.4729770615827
1773743924,7702,318.85225804584394,174.21863781340608
1773743924,7703,473.0388816672882,87.77148275506161
1773743924,7704,147.27096974312875,109.18578706038141
1773743924,7705,150.58196656430454,71.98215074847664
1773743924,7706,243.7391611828497,126.71527384425058
1773743924,7707,88.17193679414937,257.1574030435006
1773743924,7708,319.5512690932385,397.0797125994796
1773743924,7709,183.50856678291262,199.92217370080633
1773743924,7710,123.37281446897295,249.48155104843008
1773743924,7711,128.06070382878227,45.73736352740258
1773743924,7712,272.47704150846744,366.6443300667046
1773743924,7713,142.0110017769718,395.36305086204385
1773743924,7714,215.57290435354426,369.9907933618047
1773743924,7715,115.73299487787375,222.70879587872847
1773743924,7716,568.0241041670279,92.98645656120023
1773743924,7717,308.7855067824312,52.01304839678093
1773743924,7718,202.8371484574482,330.2421177816777
1773743924,7719,461.83022392270317,269.9852608617792
1773743924,7720,361.1050671998098,140.9871394496832
1773743924,7721,398.62005363352614,390.81039657030726
1773743924,7722,802.013009513857,124.36709410811616
1773743924,7723,251.04411713809276,27.709232235466313
1773743924,7724,227.29208634729656,28.858121361149227
1773743924,7725,436.1870536338287,413.19904967824107
1773743924,7726,191.116739195687,387.3159953659327
1773743924,7727,291.41301851753457,200.24357479773766
1773743924,7728,182.8129800072098,265.6189491960794
1773743924,7729,439.2439057062734,157.5074727079708
1773743924,7730,529.2868810710539,397.9611467223468
1773743924,7731,516.1417095247256,56.61657114145711
1773743924,7732,53.44077426419326,277.87751772476435
1773743924,7733,358.6864144840472,34.84575855703239
1773743924,7734,295.73858827256794,34.552560761199224
1773743924,7735,108.38270043594154,114.23893772156832
1773743924,7736,669.7980506494373,52.74420438806624
1773743924,7737,156.03223138441015,418.5156703013599
1773743924,7738,303.7671114810926,72.87433106422921
1773743924,7739,174.0744568024344,97.13976550240068
1773743924,7740,128.87111001611495,374.91778970076626
1773743924,7741,390.7021835732355,361.72523666029934
1773743924,7742,704.6623196698266,62.69702328214501
1773743924,7743,114.33418498654514,339.4210581086573
1773743924,7744,509.0514090444288,22.743927376756822
1773743924,7745,206.6040566825735,375.443928037085
1773743924,7746,400.7380815244727,365.6715502887794
1773743924,7747,87.99453328806182,296.90599035427744
1773743924,7748,325.78877885316103,323.2594900369916
1773743924,7749,63.20179897123973,202.2682548540186
1773743924,7750,158.0716854617547,285.90669956574266
1773743924,7751,301.0956300008456,51.881312117613675
1773743924,7752,206.94496367090318,381.1047464412712
1773743924,7753,350.00546106326766,164.7655332323309
1773743924,7754,289.47546327184824,49.33020606294757
1773743924,7755,200.04592773494565,139.1552007904006
1773743924,7756,144.20491419389217,57.84169585840848
1773743924,7757,54.28525604805822,39.97677978523229
1773743924,7758,143.16589060509736,81.31868833925101
1773743924,7759,224.58855341296356,48.31291197854951
1773743924,7760,111.03174508832664,411.8765876429395
1773743924,7761,525.8962330453653,166.65442847267263
1773743924,7762,70.14005377751488,395.3810595208333
1773743924,7763,62.32690401833926,277.34685010724115
1773743924,7764,348.85812320968057,71.71453357778744
1773743924,7765,630.3279864566483,54.19949168566464
1773743924,7766,326.7161001070233,34.7129886796415
1773743924,7767,180.55761558009996,253.8859349881822
1773743924,7768,425.55449793350505,43.48602638111686
1773743924,7769,253.42992144448215,81.15843135186896
1773743924,7770,178.5658338050674,192.16538883732977
1773743924,7771,192.55497833812166,77.88135435479859
1773743924,7772,575.6677539841551,107.953626216574
1773743924,7773,279.08807794064546,31.21100544915322
1773743924,7774,168.9008580472294,129.25049513339633
1773743924,7775,128.85829756637804,271.3230805264751
1773743924,7776,251.83482072993942,200.71702625595054
1773743924,7777,399.77789159732174,82.00160023019554
1773743924,7778,191.86651728484907,56.234830228323545
1773743924,7779,474.0454567342048,29.991090000728086
1773743924,7780,272.62899295182814,49.29061054057288
1773743924,7781,263.22734326924297,114.78121492382047
1773743924,7782,274.58784012691814,366.2815189419383
1773743924,7783,280.4653719650724,390.8831063259008
1773743924,7784,307.7977850536104,367.31078212146895
1773743924,7785,233.75946298390988,61.18617022530375
1773743924,7786,319.25288704231303,88.81944784614203
1773743924,7787,322.7206440827302,111.73431925058533
1773743924,7788,442.1792084934684,25.08104534266565
1773743924,7789,161.41135177371453,97.40122750960468
1773743924,7790,123.88855780978213,284.6661094930814
1773743924,7791,337.0834296638818,113.4429082016163
1773743924,7792,432.8825692581636,392.99507312929205
1773743924,7793,128.4835924768087,274.2212238085135
1773743924,7794,292.1095860423444,54.84207108270729
1773743924,7795,195.2026913881814,464.19768705642093
1773743924,7796,234.91705662663688,451.18776669133405
1773743924,7797,374.233072986334,387.03760472822313
1773743924,7798,285.43943358980204,441.28622816414
1773743924,7799,335.18180894662476,464.6521042199243
1773743924,7800,98.41743460314943,333.5021691025266
1773743924,7801,199.0875693679245,81.43651146106838
1773743924,7802,455.726482221609,362.41726516441037
1773743924,7803,224.06519215904862,192.209323807109
1773743924,7804,235.63717315745578,208.56054936901734
1773743924,7805,249.672566717435,42.35349016772965
1773743924,7806,180.40456349451745,379.7623917656158
1773743924,7807,279.57383567649583,448.52486558420156
1773743924,7808,124.05141121352078,386.4327436996796
1773743924,7809,35.36870056715963,136.6301403110884
1773743924,7810,36.37311902072385,60.798657868203755
1773743924,7811,394.59231617193484,27.249909073891427
1773743924,7812,314.2133941797921,123.68603479515684
1773743924,7813,114.59195646852123,86.60022099447755
1773743924,7814,206.28492535910732,50.65103525988906
1773743924,7815,318.6767382401422,187.68937829575574
1773743924,7816,385.1645784832381,49.01551810582038
1773743924,7817,137.75483212910277,374.9830341870796
1773743924,7818,163.9130132246106,185.5938011912341
1773743924,7819,263.95024547130896,113.18988950599389
1773743924,7820,1443.14951568664,105.93211581444042
1773743924,7821,265.259729377363,388.40693276987105
1773743924,7822,283.6005580300319,454.92116644009775
1773743924,7823,179.03499201179804,42.00913443610772
1773743924,7824,2428.214503852404,169.4586691361477
1773743924,7825,242.9645954487383,41.10594897694334
1773743924,7826,145.05076520555727,69.50260524542534
1773743924,7827,219.80573513344754,33.264234155043404
1773743924,7828,1195.6643939257388,58.3990503919542
1773743924,7829,191.37689487162706,87.53069760129684
1773743924,7830,82.74574428632009,239.89034318225043
1773743924,7831,140.00467479013324,227.9934376507727
1773743924,7832,135.4306613666816,151.11187555449186
1773743924,7833,168.34250935070992,49.29781498160338
1773743924,7834,20.08727809615852,48.33468409527497
1773743924,7835,339.27253639379137,120.62745328920212
1773743924,7836,580.0703945312016,198.90506037464948
1773743924,7837,145.56830604535907,244.13778663299084
1773743924,7838,79.70215446537986,227.73766917983355
1773743924,7839,175.23031640694256,44.459477570702816
1773743924,7840,471.7642164244121,42.84962254188213
1773743924,7841,285.7866487382885,64.2266117889271
1773743924,7842,608.0387977997996,141.47270902297714
1773743924,7843,271.93655674363436,58.01897084794114
1773743924,7844,702.3053595400667,54.03251635919407
1773743924,7845,119.7709511600435,203.37151255584172
1773743924,7846,229.89815986926234,103.66631368881869
1773743924,7847,158.85048238938774,120.45534849240937
1773743924,7848,118.0051423590404,430.40297689451313
1773743924,7849,317.7574750019151,97.81574492333392
1773743924,7850,296.68013346931536,46.37415727470384
1773743924,7851,170.77065295752107,363.83082196600174
1773743924,7852,307.10342888646807,62.678932575938695
1773743924,7853,359.78764032784755,147.6031592033357
1773743924,7854,198.20173583238108,71.47952377454003
1773743924,7855,92.54940277841425,196.10022508915992
1773743924,7856,472.4769967127301,150.043934530719
1773743924,7857,261.11078227364055,325.5835925719742
1773743924,7858,279.43441207651375,394.8871480722097
1773743924,7859,526.1752074151839,110.66855184909588
1773743924,7860,155.18915581763645,447.9775703866715
1773743924,7861,207.25128208952864,123.67140779849427
1773743924,7862,155.59089949260164,444.4389803151578
1773743924,7863,115.91602627863213,182.47847316296625
1773743924,7864,320.86741093419886,121.97087819686708
1773743924,7865,92.25363629060837,243.28627280898644
1773743924,7866,90.81643089365284,124.26384255619764
1773743924,7867,207.425251847456,94.62789074333992
1773743924,7868,102.28963192558042,51.05771619484509
1773743924,7869,359.83109647546365,416.01329172566045
1773743924,7870,300.8389331910688,357.2722498781823
1773743924,7871,256.13988134901643,277.48475288597655
1773743924,7872,158.43198108987264,129.69642615198833
1773743924,7873,110.22809012363685,106.46994683914028
1773743924,7874,93.48852715852313,363.36228139956506
1773743924,7875,196.282270907388,74.6594784749836
1773743924,7876,185.52881928971647,413.4441519756505
1773743924,7877,179.98877190965217,135.96649305077818
1773743924,7878,99.93180776193039,205.52626808249144
1773743924,7879,159.97326259483754,149.59236518225873
1773743924,7880,611.034533602753,212.54623955065904
1773743924,7881,283.5432854901187,50.97698946681343
1773743924,7882,212.19303753801978,123.49442912121788
1773743924,7883,145.0023722914132,409.1127004317989
1773743924,7884,296.20869966593995,86.70870310692732
1773743924,7885,480.7594881255905,55.342000522352315
1773743924,7886,290.95429739936276,399.70687747869215
1773743924,7887,328.6036053142666,76.95616794471145
1773743924,7888,304.8381580526764,161.41098772334044
1773743924,7889,208.93131356762893,58.420143631507614
1773743924,7890,241.8640024004667,53.74570860151387
1773743924,7891,299.47891813085323,151.81251797107464
1773743924,7892,2793.63910853269,202.7580228991635
1773743924,7893,135.50792049515084,364.76912509345686
1773743924,7894,189.8414362485808,58.5080312768166
1773743924,7895,173.7297569606271,174.93915652920438
1773743924,7896,359.28142641566296,168.50437703535238
1773743924,7897,221.33307956864252,278.2537788536497
1773743924,7898,952.4984668164376,97.37753935006656
1773743924,7899,267.3460471321797,45.20394621265477
1773743924,7900,238.49313487621743,32.888360518673004
1773743924,7901,261.4337896969612,78.9597281049546
1773743924,7902,40.86323435792682,93.49714212839723
1773743924,7903,413.4373218215331,75.56548583032303
1773743924,7904,540.9342724513107,132.27715827474958
1773743924,7905,192.0368455460979,407.159611905408
1773743924,7906,120.26732708696555,82.94517664839806
1773743924,7907,225.73878950044738,74.94253020894821
1773743924,7908,275.0016571287562,110.40607942026598
1773743924,7909,421.8187151508524,70.04904739177957
1773743924,7910,451.0782398141007,152.16638715430395
1773743924,7911,393.8596815803476,61.85724788895738
1773743924,7912,68.8063127900794,186.23674343661528
1773743924,7913,22.816397588676523,141.27319098489681
1773743924,7914,313.81117437223355,38.74769144323857
1773743924,7915,114.77926231616833,180.02812383329967
1773743924,7916,192.1094965812368,304.7190993997756
1773743924,7917,136.1244707636344,340.55352049176616
1773743924,7918,172.75305265872973,410.1497202915033
1773743924,7919,188.6956785180026,315.41483491249056
1773743924,7920,148.9495249766249,168.16581541247925
1773743924,7921,138.54683235711747,405.2171617001883
1773743924,7922,145.53322502601975,230.35026604290272
1773743924,7923,284.28791379983693,49.86114838159154
1773743924,7924,286.0833899543471,184.6578609938175
1773743924,7925,242.36732206491766,179.01876524631393
1773743924,7926,176.25990276100197,71.10738362194463
1773743924,7927,146.7437210486617,91.89123193481745
1773743924,7928,314.1665079765832,376.8219308509509
1773743924,7929,303.2493726317538,52.29944577706881
1773743924,7930,288.77722102806507,186.30856745221607
1773743924,7931,213.00747092213055,130.03909104729502
1773743924,7932,266.40583914837,223.99481117503737
1773743924,7933,282.12539646463176,294.7796470564916
1773743924,7934,86.18501862387225,415.7825705252025
1773743924,7935,282.487117190785,59.89159627273016
1773743924,7936,237.28315320172348,432.0703267368237
1773743924,7937,189.3202474528717,133.0024085316924
1773743924,7938,155.96022355964462,215.72711634221127
1773743924,7939,280.1360982293554,64.43024003493795
1773743924,7940,267.865506839038,95.85937438372606
1773743924,7941,320.6105206919494,48.241583728964095
1773743924,7942,49.2747944818364,48.11591148158896
1773743924,7943,411.0989352223969,37.21696445405923
1773743924,7944,244.96307754874837,73.70260218865663
1773743924,7945,606.9210861905675,96.15743041065156
1773743924,7946,80.68975811535556,77.45677202610784
1773743924,7947,167.01068338133365,135.43904609532458
1773743924,7948,61.87557329148873,433.86623707218297
1773743924,7949,119.31889513093579,124.1534591258691
1773743924,7950,241.81863060398524,117.86182273904586
1773743924,7951,203.41068141182123,437.3326576003624
1773743924,7952,252.04438522267958,61.20845747009136
1773743924,7953,416.6880557094217,117.12778705356506
1773743924,7954,204.5320750859885,131.44799904383237
1773743924,7955,515.8451322374975,398.9269515005455
1773743924,7956,251.2123167357335,399.81028841661123
1773743924,7957,190.95358866532345,126.67804151914599
1773743924,7958,278.5508235748315,135.34554988349387
1773743924,7959,234.98841737067653,74.58550807634664
1773743924,7960,361.0605525795381,158.46824368200353
1773743924,7961,41.99903924900069,63.20285349832953
1773743924,7962,299.79742377147795,391.8456946061024
1773743924,7963,50.693637519749835,203.3240097280479
1773743924,7964,298.96958080885815,31.79654747611346
1773743924,7965,161.39405049864703,230.451610859455
1773743924,7966,289.54753002355744,264.51740819282907
1773743924,7967,188.10708060326684,185.92818232972033
1773743924,7968,128.80088273360738,277.244023668193
1773743924,7969,61.92368500005244,167.83037308847167
1773743924,7970,232.92301498800828,224.23402558791977
1773743924,7971,248.6354955249484,68.87033022173246
1773743924,7972,156.08818344064994,68.93668806201227
1773743924,7973,255.41701227207162,47.761426775082626
1773743924,7974,256.01013198016284,415.3612036636268
1773743924,7975,165.42439994425894,189.19594016715286
1773743924,7976,310.9854153816607,96.50241697819948
1773743924,7977,102.52427896171518,131.63720082268404
1773743924,7978,114.2567309067043,399.372340281224
1773743924,7979,107.06280219751652,223.8806802180258
1773743924,7980,436.8215546545278,48.659172942132734
1773743924,7981,326.3598168507699,40.68233611907474
1773743924,7982,15.200309269438558,73.96788231658178
1773743924,7983,78.64160207959829,142.18950999351136
1773743924,7984,336.8956324518725,373.17845367571874
1773743924,7985,312.77703389269436,39.66324047211328
1773743924,7986,74.25842040112649,109.85276895135794
1773743924,7987,153.35729574559107,417.6311896315267
1773743924,7988,314.3430139865211,404.3865957841435
1773743924,7989,530.1613970816843,57.843423932731525
1773743924,7990,118.49450645043663,100.03096790856647
1773743924,7991,132.6172564836444,233.32703493228016
1773743924,7992,275.0641090692371,37.08562185651742
1773743924,7993,88.50336086710986,457.3191171966467
1773743924,7994,420.6407326226756,91.51260047418276
1773743924,7995,156.92716519157887,166.79767180243562
1773743924,7996,279.39020345595804,195.75323341128762
1773743924,7997,183.43350441811785,218.53215817008495
1773743924,7998,758.1952503267032,320.2019944768639
1773743924,7999,256.98984128261196,60.63869111737735
1773743924,8000,92.46604041460708,372.6537928492444
1773743924,8001,124.13751546371338,165.94460821539863
1773743924,8002,471.99851228914815,63.789911059479394
1773743924,8003,540.912649726277,38.4823878578216
1773743924,8004,270.2916475015116,135.7033998300879
1773743924,8005,532.5393265429026,277.0235367882815
1773743924,8006,305.95444985514126,158.69898656282643
1773743924,8007,116.20094834657263,424.45859830188584
1773743924,8008,412.7184049136376,449.3537875789221
1773743924,8009,107.1534689700279,49.00943649150046
1773743924,8010,81.08662735789854,249.67997286946988
1773743924,8011,409.8295105045135,426.5476850658989
1773743924,8012,73.3498655534265,402.8853252002757
1773743924,8013,416.3400245010891,378.7592524856549
1773743924,8014,274.048246071961,235.96747638144126
1773743924,8015,160.92240707387904,135.56152903937326
1773743924,8016,350.414166381219,313.9423449696145
1773743924,8017,214.70417650402118,65.37567552250724
1773743924,8018,7.295978873811362,38.31454851026164
1773743924,8019,101.87731900919171,202.22026642215545
1773743924,8020,311.21694036310157,48.90913852975464
1773743924,8021,218.887519762711,80.00381887352219
1773743924,8022,219.63878629320237,314.73202383326174
1773743924,8023,128.66575318440945,431.3835092709604
1773743924,8024,460.5327257033478,29.572549099899415
1773743924,8025,112.02812143044537,391.8383795400198
1773743924,8026,510.55092685234837,154.22413585776314
1773743924,8027,124.71472426583952,388.9113862906005
1773743924,8028,164.23442407174235,172.1497925563424
1773743924,8029,343.41555279519383,98.77739174920812
1773743924,8030,360.50152161968214,112.40720911293995
1773743924,8031,217.8484682638278,48.26793869620496
1773743924,8032,374.85101678738664,150.96813487657388
1773743924,8033,431.7556810631403,120.60443745046658
1773743924,8034,133.55331897573092,183.2255886114376
1773743924,8035,467.27611813943446,135.20105797186363
1773743924,8036,256.5289631139278,62.936597161595834
1773743924,8037,139.75277803585485,111.85482828031158
1773743924,8038,329.4886727376722,101.63454075378523
1773743924,8039,346.1509119669888,58.78455297906373
1773743924,8040,340.0968897090315,32.80436069711121
1773743924,8041,220.8242404751481,57.056855063619906
1773743924,8042,420.8891779603375,416.0254777922959
1773743924,8043,448.69778210781817,214.10485467935766
1773743924,8044,144.26120834540205,404.0156446196718
1773743924,8045,433.88525241777745,412.78320735910916
1773743924,8046,313.5923821308748,387.65699623469595
1773743924,8047,240.3319870794304,503.7531911550909
1773743924,8048,290.49336269683306,62.494779035752316
1773743924,8049,196.2245994224197,36.70222732998556
1773743924,8050,148.92771397268226,222.59588854475518
1773743924,8051,353.7584327007477,119.84197289166333
1773743924,8052,165.0250208909828,189.62202066398018
1773743924,8053,179.93561447604182,391.05216344816114
1773743924,8054,206.1343093204298,126.12798565752689
1773743924,8055,213.75540990221072,48.441976308055146
1773743924,8056,149.52223438572955,404.4315947004994
1773743924,8057,263.3098132261168,79.21151592761981
1773743924,8058,107.91626079946029,390.5541361982473
1773743924,8059,46.9736181700273,47.04010893673298
1773743924,8060,320.3640233500042,402.7574789822493
1773743924,8061,434.2076622014306,46.97405807376457
1773743924,8062,484.03700848852105,116.07172072704851
1773743924,8063,246.12681416664543,113.59804759203315
1773743924,8064,212.9505812648813,387.9379837920967
1773743924,8065,236.14126096650241,60.315039242359724
1773743924,8066,419.56782649727853,43.32642233544862
1773743924,8067,165.97456093749838,290.9041820757517
1773743924,8068,192.04081761885246,232.9787878725457
1773743924,8069,210.60361061120594,221.21645920619326
1773743924,8070,485.53789992775285,32.16452319428115
1773743924,8071,426.88778965371705,177.90336718968902
1773743924,8072,166.55720204532196,98.75288297013586
1773743924,8073,153.9177373692947,121.41829093402664
1773743924,8074,761.3386863591369,127.18331264200637
1773743924,8075,266.31497407460455,156.35833173136913
1773743924,8076,242.2233708465913,196.60105499736315
1773743924,8077,140.7427270674901,255.8602570880614
1773743924,8078,266.5298369460097,82.40858482640888
1773743924,8079,105.8157095235466,408.61886622414613
1773743924,8080,648.4996278410009,128.44884313649456
1773743924,8081,144.11639774478223,428.0789304410371
1773743924,8082,227.25163520863885,61.47698445618144
1773743924,8083,59.60395066851633,225.6859592308486
1773743924,8084,248.25535830525354,439.01407020463796
1773743924,8085,125.22861782650098,317.7931588380104
1773743924,8086,174.18637641929047,242.4796633154836
1773743924,8087,377.3116452220221,80.81781604359983
1773743924,8088,256.3865657908309,180.47266196387656
1773743924,8089,173.07734842013522,254.47526099363682
1773743924,8090,72.49559570017477,132.66294545503376
1773743924,8091,672.1959805459841,316.0032293613808
1773743924,8092,401.84324582595667,179.11186337238271
1773743924,8093,299.6892671877876,57.9554012623981
1773743924,8094,32.33597755223687,101.9790168907764
1773743924,8095,288.1477846475584,249.59822839130175
1773743924,8096,278.9654513447361,44.07452753190067
1773743924,8097,251.472820500691,208.82650337935826
1773743924,8098,436.94330104942065,227.85350075888502
1773743924,8099,220.26088897620758,43.63569711605746
1773743924,8100,311.14920274976134,170.87768761298233
1773743924,8101,291.89826616271847,246.9357257183251
1773743924,8102,173.84720624742073,76.35441794651238
1773743924,8103,123.94685485147497,161.66571885821895
1773743924,8104,211.5548522980318,163.84247117452608
1773743924,8105,421.76324975014427,112.62661257085834
1773743924,8106,299.0145922677949,360.0210836891402
1773743924,8107,60.55127090081338,160.4888325696091
1773743924,8108,412.37159223848136,476.0656477230384
1773743924,8109,629.1122026070515,375.58338176264084
1773743924,8110,803.1746943885215,418.9946648412273
1773743924,8111,220.9136485060893,224.34168465037774
1773743924,8112,238.0625794100459,421.0773051400763
1773743924,8113,306.9961031284456,43.771582484830056
1773743924,8114,124.64143629549237,231.47166762462433
1773743924,8115,228.32624428192997,61.59296051393564
1773743924,8116,560.0271559924047,243.68932264825753
1773743924,8117,180.06700220582113,71.09441103882544
1773743924,8118,159.09931332954858,76.23773626504841
1773743924,8119,431.76411419073247,135.77901429605515
1773743924,8120,91.23947136535993,240.74053573643863
1773743924,8121,339.0743966011396,190.48961252177392
1773743924,8122,413.3241730985622,243.56436899636253
1773743924,8123,303.1964902363145,67.57723746985957
1773743924,8124,16.644296646825712,82.72118172983802
1773743924,8125,319.13210926614,231.97009569465118
1773743924,8126,298.81559058023953,242.94894922526953
1773743924,8127,345.872159243134,235.32685025673507
1773743924,8128,333.5296545764583,64.24207887624311
1773743924,8129,246.47358600532692,43.942980505196864
1773743924,8130,383.1399624728878,407.31317839910196
1773743924,8131,368.5434251031938,85.91008521840764
1773743924,8132,367.1683291135132,69.69237002263908
1773743924,8133,221.97237080893356,85.02829203032914
1773743924,8134,386.5814493291063,226.57279475508943
1773743924,8135,196.5083523798057,145.4339378934982
1773743924,8136,316.5419163813654,431.1150433622698
1773743924,8137,258.20701222015373,204.14406740261725
1773743924,8138,147.87006765023617,260.5443611308363
1773743924,8139,356.9822977465355,46.7110217660208
1773743924,8140,306.626053087227,238.02151405004722
1773743924,8141,163.43057180979585,56.8614846500673
1773743924,8142,136.02573224970953,131.25973934593296
1773743924,8143,104.16478449897187,81.83979343120569
1773743924,8144,629.4341922922941,241.45343516035385
1773743924,8145,236.89672488377485,80.2927377014242
1773743924,8146,269.5596214857891,74.05750837443935
1773743924,8147,485.33757435148647,218.0107910133812
1773743924,8148,334.14252865976937,380.3342364600569
1773743924,8149,336.60444150890766,54.357997348479756
1773743924,8150,93.9003462431933,481.27470753141597
1773743924,8151,91.79633974370009,365.7895884824743
1773743924,8152,411.72808371816245,153.14541629952825
1773743924,8153,128.04249980163627,50.971904325928655
1773743924,8154,43.64497078838265,97.16596014081713
1773743924,8155,237.51382055965743,334.29108535563194
1773743924,8156,227.3129092095448,174.00870911172552
1773743924,8157,163.588945995809,65.6761628529024
1773743924,8158,286.6069829664765,385.9742640272531
1773743924,8159,158.99862676120694,132.75681733725924
1773743924,8160,461.5392059515463,77.32619525890729
1773743924,8161,56.81837752562062,186.34226945857395
1773743924,8162,87.52398362795701,191.7378989164997
1773743924,8163,43.837646591869635,89.33474479188274
1773743924,8164,450.54089324150976,206.52464710695475
1773743924,8165,457.3800686003737,80.69485131437678
1773743924,8166,214.37167642680666,408.0302373933173
1773743924,8167,216.32527450652876,94.18269163101449
1773743924,8168,471.06333506161525,66.1262439024062
1773743924,8169,167.96705341542102,143.7867650455981
1773743924,8170,197.32620302011995,181.89167608977124
1773743924,8171,134.43831642661084,174.0124223844799
1773743924,8172,118.1033802865191,325.3099564704151
1773743924,8173,465.18918180447145,53.304312143581605
1773743924,8174,262.0759206632161,111.84539797950812
1773743924,8175,308.5507935405588,40.92261091943652
1773743924,8176,628.5306036008889,393.14204048620957
1773743924,8177,585.7859746314622,44.22865106110267
1773743924,8178,242.73471499351,43.96197595741013
1773743924,8179,355.8670724285179,200.9110196137978
1773743924,8180,755.4073028512817,272.84915642484157
1773743924,8181,322.9145780635826,235.89279235097337
1773743924,8182,403.4611373152205,123.8399749202651
1773743924,8183,435.57511066697,475.1239763267339
1773743924,8184,221.99238420938906,263.04601294404193
1773743924,8185,37.797330162726546,104.78398003681907
1773743924,8186,124.1348934961535,516.6687903082908
1773743924,8187,186.02464221830743,158.50298609432656
1773743924,8188,442.0420699032699,54.04621392408923
1773743924,8189,321.7084896706205,42.92217718032161
1773743924,8190,103.73286236866521,452.8393521572814
1773743924,8191,351.0600293960772,135.8757980857315
1773743924,8192,211.71900522140177,420.75490111486505
1773743924,8193,225.3098359445643,72.39510125829707
1773743924,8194,85.1015275308316,106.06275641400872
1773743924,8195,382.8192074166336,411.43472467514357
1773743924,8196,440.1171133447878,149.14386614319076
1773743924,8197,501.8550031954439,47.067773191566815
1773743924,8198,363.46306666652384,209.84744503091244
1773743924,8199,370.45009478518386,69.8700386733127
1773743924,8200,212.43727361680672,56.845764432857166
1773743924,8201,148.17207633081603,371.32365559345885
1773743924,8202,208.09904558623333,93.53269255333423
1773743924,8203,206.91124350631378,79.32810503532006
1773743924,8204,358.5157263278649,201.46719008884244
1773743924,8205,180.61541189071758,382.1165852015294
1773743924,8206,161.52378879893374,207.01319057807692
1773743924,8207,395.81309969555076,154.17187421274056
1773743924,8208,199.2936891998624,221.9816154258833
1773743924,8209,308.6922505857759,203.41586425824104
1773743924,8210,226.18406094316106,35.46637502759742
1773743924,8211,495.4770368398855,224.70190461945242
1773743924,8212,191.30165685645352,438.6961930837028
1773743924,8213,193.46230430350874,122.36531718305069
1773743924,8214,182.0964022204276,224.45519363070662
1773743924,8215,45.08646352482925,75.37992027475734
1773743924,8216,136.820881501627,97.4397533656621
1773743924,8217,178.45193570542398,471.22357700818316
1773743924,8218,38.078610537960664,166.75277529981423
1773743924,8219,200.52411082044938,388.8218622130796
1773743924,8220,743.8258564338423,439.1862277362755
1773743924,8221,156.19633537752122,458.80977954598666
1773743924,8222,319.6339116165586,45.889209519793454
1773743924,8223,133.39423133573138,203.1334895190331
1773743924,8224,328.4733054521486,382.04356295113166
1773743924,8225,125.93611089001013,452.0480569339757
1773743924,8226,278.0619491959236,57.70875928280961
1773743924,8227,663.9859153691447,48.765760694627176
1773743924,8228,477.47407932829947,186.73883032493242
1773743924,8229,417.65349833662134,39.12196650385652
1773743924,8230,764.5778102904954,158.04883428304552
1773743924,8231,194.01264650016404,113.52081856575144
1773743924,8232,510.5971933314421,119.66829765266493
1773743924,8233,445.64126183495813,50.16863735304001
1773743924,8234,529.6875746589352,106.11680554361948
1773743924,8235,117.54939842023212,409.1979878972213
1773743924,8236,135.3726499450476,151.4172599311127
1773743924,8237,189.673047107514,55.860356221614595
1773743924,8238,102.62444545851176,405.3945939444534
1773743924,8239,28.631839284772102,96.15531034666687
1773743924,8240,151.0073132314882,455.63373826235147
1773743924,8241,147.17159465798053,454.95849604992367
1773743924,8242,383.7711022973195,351.5548353082097
1773743924,8243,46.27207667173906,43.55202445687589
1773743924,8244,398.40775718190935,218.61894901999133
1773743924,8245,585.939378876285,46.739680563176535
1773743924,8246,104.40475796528591,429.2290549307413
1773743924,8247,931.4005422608989,351.6468161470096
1773743924,8248,170.54729110606172,241.65587391055803
1773743924,8249,168.14946594063997,83.61665375749615
1773743924,8250,1139.6711468951637,376.2941297478945
1773743924,8251,297.7770812035398,389.0537481981138
1773743924,8252,106.37208613498369,373.15608118247
1773743924,8253,442.2451039670439,109.07282717508406
1773743924,8254,171.43604891266833,202.71072252742434
1773743924,8255,253.24876463424982,98.55091729834925
1773743924,8256,342.0936723299214,434.56158370369144
1773743924,8257,358.21222535622366,329.60994693821567
1773743924,8258,187.05975976164225,222.73527640298707
1773743924,8259,187.42923394164646,424.26416517218
1773743924,8260,115.08671607781828,374.00068742069925
1773743924,8261,139.62039006329954,388.479987136067
1773743924,8262,331.8789782638419,300.92129925993595
1773743924,8263,357.0275064410706,390.5719548723691
1773743924,8264,511.18457899324636,402.10761139758574
1773743924,8265,277.0729277732324,88.16203378022976
1773743924,8266,111.71794985511528,399.6616473760408
1773743924,8267,52.25334665081818,43.8011561185969
1773743924,8268,54.886876806339146,44.67354515970187
1773743924,8269,290.8516430135971,430.98770279859735
1773743924,8270,293.3355799617517,65.84646383675882
1773743924,8271,317.93775909276985,55.11987220347753
1773743924,8272,104.61277682453627,383.83890175179494
1773743924,8273,141.04374456492187,147.0389350874655
1773743924,8274,105.67585543168727,263.2865640124626
1773743924,8275,341.3709771227862,345.06842359848906
1773743924,8276,586.9459010831362,55.13313782234899
1773743924,8277,276.96719379614257,364.47311363731285
1773743924,8278,192.12957261815941,365.77886304733346
1773743924,8279,97.12547045488158,62.29536501880096
1773743924,8280,227.23088584964324,51.487777816253036
1773743924,8281,75.9296222490538,441.3330274768076
1773743924,8282,241.90214187082216,54.022913505035106
1773743924,8283,426.5846732507669,80.63770282188878
1773743924,8284,265.16630774568716,389.114166810505
1773743924,8285,468.1273772264899,359.7880475052093
1773743924,8286,235.49754003847588,39.75562748398236
1773743924,8287,187.63088749042478,53.53676924690531
1773743924,8288,484.89836576720336,314.98071103487007
1773743924,8289,277.41350472727146,36.21479482206766
1773743924,8290,133.3915411131758,358.3241871683259
1773743924,8291,69.51445913219302,77.22284164936278
1773743924,8292,84.6774142742578,398.4971403335493
1773743924,8293,249.7898241985097,125.38607670384138
1773743924,8294,455.1903427897511,395.3383890308388
1773743924,8295,508.65450063130186,47.496356437580566
1773743924,8296,277.75078366186693,183.94833685971938
1773743924,8297,126.42029290406738,308.8987973508408
1773743924,8298,193.6286600388392,40.72398773610265
1773743924,8299,187.66482548819033,48.00362107982693
1773743924,8300,437.784173699784,45.867303030656416
1773743924,8301,345.8346631743567,36.791411436711435
1773743924,8302,693.3987588302324,38.22480500709829
1773743924,8303,185.45287980454162,231.44985188509372
1773743924,8304,86.77637819741585,158.15223187979623
1773743924,8305,859.2228769635792,343.6262176835724
1773743924,8306,421.6470842982926,176.78208488640806
1773743924,8307,521.0895127127613,40.90294129474684
1773743924,8308,234.42207157417803,175.9708287089831
1773743924,8309,444.82983003121984,147.3570552388264
1773743924,8310,100.91052222494831,347.4917439361489
1773743924,8311,202.79866842354093,336.0390293079942
1773743924,8312,327.54427806091184,88.23679424300842
1773743924,8313,492.4670820677495,379.6419152130901
1773743924,8314,222.83847815266213,375.32590575130115
1773743924,8315,327.05249770791744,318.89665674618203
1773743924,8316,222.40094685657579,121.93208829177767
1773743924,8317,413.98402776651636,88.46456094927225
1773743924,8318,309.5388359178553,31.789386433760924
1773743924,8319,530.0465875586024,381.36129407579887
1773743924,8320,73.78740601001633,384.8165803918783
1773743924,8321,235.05505075556908,367.7758133580967
1773743924,8322,310.96418972452824,368.5374480962856
1773743924,8323,103.67987705968707,221.15963705822534
1773743924,8324,354.7803156148178,119.93366388843955
1773743924,8325,154.57625467875104,137.02903302187036
1773743924,8326,413.0429637621626,174.52852650388385
1773743924,8327,215.85367143090855,90.47837596792561
1773743924,8328,356.8936511421589,52.83089707975459
1773743924,8329,210.16467234772523,165.11886075964105
1773743924,8330,177.69481651965592,244.10249916687667
1773743924,8331,322.5372670256987,331.6348387397232
1773743924,8332,1399.5297715380136,371.9493452700363
1773743924,8333,147.4260129668525,355.62918865870597
1773743924,8334,225.25678622774453,56.71831279364663
1773743924,8335,348.99801986433596,45.35327815203967
1773743924,8336,299.8398872410175,342.7388151893427
1773743924,8337,95.05250596448734,391.84056940167943
1773743924,8338,63.509298695178416,343.3646254079068
1773743924,8339,298.8926403031876,255.69788778414903
1773743924,8340,114.74223512330659,166.96736167035664
1773743924,8341,406.1364572795032,279.17469256079755
1773743924,8342,107.77374298677631,216.78525614667208
1773743924,8343,457.0629309662729,49.56593857104957
1773743924,8344,351.09161851576926,378.73617006929095
1773743924,8345,152.9761111653165,329.63250517676494
1773743924,8346,1165.343398603962,368.1464096641188
1773743924,8347,375.6567659611495,75.15228126995159
1773743924,8348,126.0765405165781,265.72703634951654
1773743924,8349,408.7269065063302,330.2374817368866
1773743924,8350,190.34345458594265,38.711381631510925
1773743924,8351,774.0963334404252,305.2438938027143
1773743924,8352,463.8043220693201,148.82046393972286
1773743924,8353,169.79637355807938,368.7442327969163
1773743924,8354,289.77595488858356,137.35416719776384
1773743924,8355,201.25208956598402,374.52130109590547
1773743924,8356,103.94019075851786,424.6562756739061
1773743924,8357,658.2642964520688,351.1354206682648
1773743924,8358,173.09822285078752,68.10266067774768
1773743924,8359,465.30303769073186,245.95653893878088
1773743924,8360,448.43944858630346,93.72437490560971
1773743924,8361,274.7231648772911,58.269545253181114
1773743924,8362,238.7141504408967,64.38892127473689
1773743924,8363,146.3232529178725,365.5302958457807
1773743924,8364,501.6589155627028,52.07181082087292
1773743924,8365,159.1876099003327,63.165547580581105
1773743924,8366,193.81633797434088,87.83618273897902
1773743924,8367,94.92951739668813,135.2867108363464
1773743924,8368,431.9244268751643,157.82607614959187
1773743924,8369,74.57863235710998,419.80041468668423
1773743924,8370,186.2858677652248,63.148133313460555
1773743924,8371,202.87214178430958,71.8940952356334
1773743924,8372,152.77849805712526,77.97984517411827
1773743924,8373,192.36880490107072,68.70786143246984
1773743924,8374,372.91703746781667,59.43437298293073
1773743924,8375,237.76890145474175,353.9065500912944
1773743924,8376,376.3943084457472,340.7433710440735
1773743924,8377,75.04060465109083,255.7355544463605
1773743924,8378,361.028136592454,167.8178182596191
1773743924,8379,286.80279232317906,68.14003313864819
1773743924,8380,599.7746485069533,28.37652234615191
1773743924,8381,320.64706857874,39.80899032526067
1773743924,8382,350.0067656945962,143.44666114291422
1773743924,8383,282.6382187238334,229.89414201943453
1773743924,8384,426.37407734440296,89.0371875504612
1773743924,8385,397.91424903279,53.61430849079038
1773743924,8386,378.3657418029369,44.28453730239556
1773743924,8387,215.73011789596998,101.47194543365913
1773743924,8388,263.59555730048083,165.86746414975667
1773743924,8389,151.9627056996321,173.88929718224134
1773743924,8390,64.66874257810206,91.22760537735296
1773743924,8391,378.6304197283774,279.75225475843763
1773743924,8392,666.8874765671538,43.93532042837894
1773743924,8393,176.8928721010418,118.02872491758747
1773743924,8394,153.07663718997267,103.12443327816733
1773743924,8395,93.86320647769429,82.36154990230263
1773743924,8396,588.5681654491519,29.659780818809267
1773743924,8397,178.49677243092705,95.32930379207707
1773743924,8398,540.4166842202108,359.2047289843809
1773743924,8399,518.2765372071526,51.41179718639158
1773743924,8400,396.8144602705088,385.9173466277988
1773743924,8401,217.91087905964636,91.40408796185986
1773743924,8402,239.25608800916112,32.73662233971108
1773743924,8403,241.4139966318246,349.78337371415313
1773743924,8404,130.42406704161021,354.28451738344245
1773743924,8405,387.50174007285455,59.34454624722036
1773743924,8406,143.70172721633097,181.12810318825225
1773743924,8407,561.7368024186159,44.4618780648618
1773743924,8408,318.01701628679314,400.45596802022004
1773743924,8409,667.8209244473009,76.092769009506
1773743924,8410,407.54709803032307,64.2212023207204
1773743924,8411,238.41698374094116,84.4398806464377
1773743924,8412,291.61699809240196,40.63739431709228
1773743924,8413,163.08367529637655,149.19585916870855
1773743924,8414,144.9472806490443,163.11068379338928
1773743924,8415,119.87779666519342,417.81193738305404
1773743924,8416,118.95734157041274,145.79809495040197
1773743924,8417,195.68052956343578,380.0740368365781
1773743924,8418,227.98135993096042,347.91223495389534
1773743924,8419,360.4684187638917,344.28482568705135
1773743924,8420,643.1692703799621,279.35646103219983
1773743924,8421,260.8878604042806,80.30357301441113
1773743924,8422,204.7970077231531,94.09479126195936
1773743924,8423,313.5433052391633,176.52598249568206
1773743924,8424,126.90023264467499,71.46245926027329
1773743924,8425,214.33409547715098,293.24092997027384
1773743924,8426,103.28312830019276,397.7942394828174
1773743924,8427,119.61813690482381,136.8218565258632
1773743924,8428,542.9025959857668,132.25164818244957
1773743924,8429,402.2932810803944,71.64924188184052
1773743924,8430,124.54199140712528,375.13606014991865
1773743924,8431,209.58900586221876,121.14409156845353
1773743924,8432,308.11620278458867,366.8664021665592
1773743924,8433,789.2333150092147,57.56844351585629
1773743924,8434,415.99345029623134,166.4711722841076
1773743924,8435,326.3382348969183,48.5323683614279
1773743924,8436,392.42148204669405,368.7357405344123
1773743924,8437,733.619992034242,63.48296874641383
1773743924,8438,425.97363567285834,147.13278896433906
1773743924,8439,238.6271537563219,64.50551550116515
1773743924,8440,150.10720340515175,222.0654033067384
1773743924,8441,188.19969070980218,424.43074491606217
1773743924,8442,222.38311575801583,175.1508343972823
1773743924,8443,976.8658640258847,356.4342500503983
1773743924,8444,465.7233305694573,394.5812295952379
1773743924,8445,251.86056956463136,136.40577130818045
1773743924,8446,819.3704203123883,357.10505696217626
1773743924,8447,191.34620635723846,378.13833901394605
1773743924,8448,176.04991768315193,155.5461610766767
1773743924,8449,491.0762320167512,104.25578832796587
1773743924,8450,115.10878490107322,372.0472628706644
1773743924,8451,349.990336018941,388.2204927310191
1773743924,8452,439.12167240496404,116.59375990257698
1773743924,8453,622.1690157971008,144.17609996558804
1773743924,8454,383.2388249570879,49.465762503475844
1773743924,8455,353.47214440580615,305.1199012182488
1773743924,8456,162.21529484631748,190.59194053926865
1773743924,8457,256.43800813882024,31.878523314461706
1773743924,8458,157.30709754331758,379.6802150275947
1773743924,8459,53.58489813491712,209.51418535366307
1773743924,8460,145.81352294147186,70.6106114406908
1773743924,8461,266.06415964877993,28.818873087454474
1773743924,8462,432.95950287061754,361.9661125560729
1773743924,8463,254.08664061915542,80.06425068631458
1773743924,8464,353.44375804742475,220.5747811400443
1773743924,8465,232.11571607854484,36.99029434363326
1773743924,8466,160.22877774577515,202.1933618852608
1773743924,8467,410.5964722712077,369.34789541559513
1773743924,8468,329.35445335962754,38.24482882754037
1773743924,8469,220.34712080214115,118.39522042967577
1773743924,8470,370.5042656555187,276.95950047918296
1773743924,8471,174.80940742933362,58.90154818790343
1773743924,8472,318.45660069459706,69.17970779589733
1773743924,8473,172.36755879651648,80.48921704867757
1773743924,8474,544.1490407248699,97.77613227632455
1773743924,8475,429.1372032029659,68.0709252530673
1773743924,8476,308.85684967363505,119.94372823287905
1773743924,8477,369.58014004333506,337.8665426766308
1773743924,8478,101.94163768752195,250.54862999416082
1773743924,8479,297.57163665536035,205.64382829587257
1773743924,8480,161.08798431492016,156.37894701744924
1773743924,8481,214.23360440284767,55.53096266885522
1773743924,8482,191.6548721828535,43.87934598422387
1773743924,8483,329.0963525989235,379.54033891486034
1773743924,8484,600.1747923514697,63.64708881060989
1773743924,8485,103.81772459501882,334.53513948635793
1773743924,8486,507.6542814060544,56.412145627855494
1773743924,8487,178.62498381041365,57.9470816788133
1773743924,8488,147.09266377047732,179.63496392719492
1773743924,8489,140.85698061215294,334.336545706449
1773743924,8490,119.02043129861501,129.52437698108264
1773743924,8491,254.355458830963,355.43999797677174
1773743924,8492,341.1023896609635,30.36448048094306
1773743924,8493,719.385564355859,348.24922444010315
1773743924,8494,253.7327872266475,33.866077817458326
1773743924,8495,190.57802832677552,52.8074114180174
1773743924,8496,263.86833970052953,35.609106644383225
1773743924,8497,143.33205444630374,99.716306123936
1773743924,8498,341.9328238146408,36.894548614564926
1773743924,8499,157.6106080358403,373.6160035597709
1773743924,8500,138.9501610570829,32.696230302722256
1773743924,8501,82.5708315705813,248.43298677454754
1773743924,8502,375.8255925687771,329.58453132270495
1773743924,8503,549.1436133255014,44.11642394506885
1773743924,8504,595.9970628004238,58.342075392990104
1773743924,8505,132.60728652019213,93.5929229723304
1773743924,8506,94.20851551378425,87.89170828085193
1773743924,8507,273.1833846905317,150.860325134997
1773743924,8508,481.58174800369665,191.41572441719214
1773743924,8509,404.4676102312407,406.0414216215273
1773743924,8510,623.1181038452834,57.52288884862118
1773743924,8511,222.68458161527622,40.17052172002017
1773743924,8512,410.8564526066141,215.58854615805134
1773743924,8513,135.11555832363334,277.9177771615323
1773743924,8514,289.0474166910312,41.31551802940965
1773743924,8515,133.25667793895607,192.5748439741039
1773743924,8516,295.64748497476876,38.69015388479846
1773743924,8517,91.40744916588899,68.95260209830278
1773743924,8518,95.1480283565749,276.48291469971787
1773743924,8519,305.09510293432334,58.22555178587796
1773743924,8520,46.26104208795301,62.72182632196326
1773743924,8521,341.60255025443905,374.5522333682771
1773743924,8522,245.12214012699692,215.34212104269707
1773743924,8523,732.3040231471707,49.12695347119889
1773743924,8524,52.49542821548999,73.8923032696283
1773743924,8525,211.60464210005577,189.17357651838688
1773743924,8526,34.19763231228351,88.70866727626208
1773743924,8527,377.96223694011684,308.1603584334766
1773743924,8528,120.18083646313065,223.1282314477773
1773743924,8529,206.0905931663831,122.99261873812016
1773743924,8530,230.71128578068652,119.36983960940081
1773743924,8531,82.92196801702728,421.92880246743687
1773743924,8532,203.4889314933473,47.095168783301865
1773743924,8533,239.30135767785288,74.78593397326149
1773743924,8534,272.66469447242775,37.95603896955105
1773743924,8535,206.75290928779233,414.4743012060229
1773743924,8536,232.13877110911716,50.429689974206774
1773743924,8537,452.3011034894126,30.7501990739264
1773743924,8538,48.32238143137894,247.9920111166435
1773743924,8539,185.55116782178587,206.87073037054338
1773743924,8540,114.98511107911301,199.23747375206125
1773743924,8541,200.608013340715,61.50255429569615
1773743924,8542,310.0664649149326,128.58266633501194
1773743924,8543,595.7683838337773,51.03194367670535
1773743924,8544,486.48614014524327,173.4180496897354
1773743924,8545,367.31050554661937,104.62632653573004
1773743924,8546,191.92207415594638,57.43460055717107
1773743924,8547,132.268061585829,413.5894207956174
1773743924,8548,145.8896266964439,134.9076390816878
1773743924,8549,295.63249649902434,149.0041940766639
1773743924,8550,984.2263446499493,341.7213936672301
1773743924,8551,554.3752877814003,72.48468953663273
1773743924,8552,106.00549878599783,164.51965059886444
1773743924,8553,190.1523509418829,42.68424408905148
1773743924,8554,252.0116283833093,177.01567826313658
1773743924,8555,124.07636866068668,399.24602072844345
1773743924,8556,40.209033160086356,85.87419502804681
1773743924,8557,328.8370323563389,167.9099507615375
1773743924,8558,779.0361968635196,358.81849073861736
1773743924,8559,513.3087958326815,356.29381098080216
1773743924,8560,235.7526370923294,341.8989530110485
1773743924,8561,165.80330923245603,98.80875226258485
1773743924,8562,191.54522554917392,124.80761398609918
1773743924,8563,107.67860104394265,183.24808081043815
1773743924,8564,382.57958196729174,61.18698254712773
1773743924,8565,214.2083519122172,59.8084828845269
1773743924,8566,331.99567616103514,98.16648336236975
1773743924,8567,413.98182030142686,406.9943308993986
1773743924,8568,363.76053762875887,216.13936175997205
1773743924,8569,120.38918479620672,169.5440434936318
1773743924,8570,580.5123891197643,93.34097855775978
1773743924,8571,134.31476546631873,133.6305787535924
1773743924,8572,394.789415093768,46.573489770050536
1773743924,8573,130.41026949015531,205.0850167697131
1773743924,8574,265.70921489985415,42.14712247183598
1773743924,8575,226.23123975432753,314.7760747399081
1773743924,8576,389.334766361756,44.21961925582044
1773743924,8577,188.92858178506475,133.48638288853462
1773743924,8578,252.9118004483894,103.88285302790332
1773743924,8579,218.90224162763172,47.301509943076915
1773743924,8580,148.7752306097873,42.32464359942728
1773743924,8581,225.06075429443771,37.791894727851385
1773743924,8582,255.70117570784998,50.63226674941585
1773743924,8583,502.92250335134264,51.7411056249418
1773743924,8584,195.7561805048609,255.36520101489734
1773743924,8585,274.14013439528765,51.75420107259388
1773743924,8586,131.98668828177426,397.97763971438513
1773743924,8587,268.68794819498714,91.50444609218523
1773743924,8588,336.6344464106363,98.50699247841573
1773743924,8589,798.6360871567773,55.49117820151505
1773743924,8590,465.48159577598756,91.73385582494022
1773743924,8591,114.8554543294769,109.19603461784747
1773743924,8592,35.95600605984131,234.86654681769534
1773743924,8593,125.53934680315997,205.10941379047634
1773743924,8594,198.33059991676814,120.42750054296668
1773743924,8595,83.39367901399943,451.9848680369892
1773743924,8596,231.5815073551773,472.1783885120052
1773743924,8597,633.847714858062,59.579615167155374
1773743924,8598,491.5721204311561,66.3288022475822
1773743924,8599,137.49788226571548,72.53864983568579
1773743924,8600,351.08722051686755,253.69501127753614
1773743924,8601,511.3284079245117,62.76411334702812
1773743924,8602,330.4077944624093,97.02731371499729
1773743924,8603,271.98108507160896,113.04901336822952
1773743924,8604,341.6854660872005,31.54133113869435
1773743924,8605,117.46558326897419,402.2483600406122
1773743924,8606,54.729032322717984,285.5640537281395
1773743924,8607,163.1812200843439,173.71079657007155
1773743924,8608,379.6762391480387,54.03519204242816
1773743924,8609,289.9013802962329,54.16884005830961
1773743924,8610,194.75212044868087,48.38277042989306
1773743924,8611,127.86657520099972,217.89897860396542
1773743924,8612,271.8713347598999,420.3637194144634
1773743924,8613,151.99529796970577,383.7579121781985
1773743924,8614,459.0170874674202,289.8568628278046
1773743924,8615,271.7247707817577,404.4657475768285
1773743924,8616,162.6601802038618,183.14273717207877
1773743924,8617,113.68728750617943,226.6571117169455
1773743924,8618,217.33058156203973,336.6551279247053
1773743924,8619,160.61863788147818,42.69658818196435
1773743924,8620,170.56276824778314,118.12223729740312
1773743924,8621,142.004010651247,409.2215526773139
1773743924,8622,324.19557606735236,170.14122542918278
1773743924,8623,183.230063378088,31.174351472798886
1773743924,8624,98.82825219325318,67.80230991274108
1773743924,8625,446.52634016512195,183.68799193565977
1773743924,8626,222.98617984337034,33.35502220957237
1773743924,8627,318.1912642207359,53.544692759606484
1773743924,8628,456.28377748931115,407.6972455965817
1773743924,8629,98.76874601309132,432.8310703498818
1773743924,8630,112.6647223387754,224.69415464450518
1773743924,8631,455.3514983402894,88.97590093419716
1773743924,8632,22.068974955658337,48.8071532465169
1773743924,8633,75.91161186594265,406.9027792973042
1773743924,8634,431.4446281794393,33.545337660732805
1773743924,8635,189.7087299414403,63.19139677965846
1773743924,8636,798.4132021393013,365.199483475191
1773743924,8637,372.3704578755642,39.55943520515925
1773743924,8638,209.5854102866994,38.28648190370698
1773743924,8639,237.44507496627193,69.72889783975555
1773743924,8640,248.14468270184074,47.20935382537233
1773743924,8641,170.8080637867133,111.70774626244705
1773743924,8642,214.87718663447478,43.69984837148295
1773743924,8643,276.74909599508345,137.66213344419566
1773743924,8644,411.965650193188,127.49654530829925
1773743924,8645,346.8928351544733,40.50064119864906
1773743924,8646,504.5476785328881,47.77607548301029
1773743924,8647,156.89300377248634,161.52612867153974
1773743924,8648,158.5619737093134,222.0455056762414
1773743924,8649,583.5134361557217,58.10317733982527
1773743924,8650,209.7322690390883,41.501005979586765
1773743924,8651,244.92512454426767,139.65957013226375
1773743924,8652,110.97176790114281,195.16968388879155
1773743924,8653,293.55935135630295,185.44765021730151
1773743924,8654,231.40131208693037,43.2718558680886
1773743924,8655,98.06659268109264,279.0817242364743
1773743924,8656,127.65686384425875,432.40101601118215
1773743924,8657,420.01708041847775,219.06233629360096
1773743924,8658,484.77190542400615,296.2730003346878
1773743924,8659,465.6019477088471,226.06672183790494
1773743924,8660,288.64503222249715,411.4299278838412
1773743924,8661,450.1176409761839,90.25045806443543
1773743924,8662,198.2937657655103,51.773157025314894
1773743924,8663,161.36540209692382,478.61153214473677
1773743924,8664,162.5217428574504,56.38575343520621
1773743924,8665,450.9455620771514,182.05169185680572
1773743924,8666,301.18519891828294,139.04272990826382
1773743924,8667,500.3419123933836,107.9496311524521
1773743924,8668,100.29480728605978,286.18312499757064
1773743924,8669,105.52086534705457,175.56115688753533
1773743924,8670,430.0721563801328,34.098533195912474
1773743924,8671,440.9356118018908,58.28288542926253
1773743924,8672,462.95609184187117,63.538054066626344
1773743924,8673,374.565339824149,155.33402179264164
1773743924,8674,128.82044539098578,222.72764137149986
1773743924,8675,241.33570923597833,390.4480775886824
1773743924,8676,210.94267793519634,410.8384728182566
1773743924,8677,369.6984217022353,349.3461872695375
1773743924,8678,538.7721550675727,192.3027468137667
1773743924,8679,152.3868827509381,143.16879270436527
1773743924,8680,313.1473578172214,37.8067585742569
1773743924,8681,254.59656260203036,128.2139868003193
1773743924,8682,102.29303665861138,354.6257645118624
1773743924,8683,167.85179522982585,106.9210990383382
1773743924,8684,87.26816427608087,359.6701371252994
1773743924,8685,246.30355940613407,42.41515598379579
1773743924,8686,133.37737856615,61.21776551904261
1773743924,8687,813.0135775687633,41.21700062762882
1773743924,8688,175.3003640393619,198.47113357442726
1773743924,8689,619.2134940185024,31.843579390410287
1773743924,8690,640.417944774794,188.71855790249026
1773743924,8691,811.095134951917,51.71762500912444
1773743924,8692,273.79273692786256,73.88587944669202
1773743924,8693,509.1840424993523,348.66423467278895
1773743924,8694,211.0264636481831,209.27808503716858
1773743924,8695,223.442102900812,94.33944460147262
1773743924,8696,598.3527699618993,50.91242923711922
1773743924,8697,231.88985646785505,358.34295137736046
1773743924,8698,201.45730955150083,115.52952982378186
1773743924,8699,434.8212379491448,67.26792962414028
1773743924,8700,237.90070015305034,386.6887765998058
1773743924,8701,134.89155871229724,375.05942172190095
1773743924,8702,91.02135011220186,341.95121907971037
1773743924,8703,364.13679765378157,347.9384157506526
