unix_time,episode,IAE_distance,IAE_heading
1778351451,1,200.33368740287926,113.73250122818366
1778351451,2,1913.6635970997627,110.45494431227473
1778351451,3,2064.180667918922,348.7993471362297
1778351451,4,744.5023168203435,296.829735786401
1778351451,5,1723.2430650214078,349.19306143044264
1778351451,6,2900.931853836756,155.85086138627645
1778351451,7,566.8608842295371,289.496498131755
1778351451,8,1111.9215849218986,346.00767172577275
1778351451,9,878.13528230252,162.17983383879454
1778351451,10,527.5416049960188,152.53482684650368
1778351451,11,468.54645431101295,319.27785277660064
1778351451,12,1134.5635465459477,347.8284890278684
1778351451,13,649.1738641600916,296.9238340457796
1778351451,14,1127.3156450052604,335.51286418326714
1778351451,15,770.590140476875,487.16295409797834
1778351451,16,2285.0528362408822,249.95342093891782
1778351451,17,466.3147593426414,62.977602569123974
1778351451,18,1345.0285305494729,147.78013343826146
1778351451,19,278.7469449025894,46.35457334364725
1778351451,20,1013.7195697813861,124.77037079202904
1778351451,21,2560.296657908896,161.01585340062906
1778351451,22,434.55776182539415,96.99557997805208
1778351451,23,624.6775294084727,297.20123528478274
1778351451,24,1768.0495222917145,231.55284226726155
1778351451,25,1084.8746235027697,326.84287561572586
1778351451,26,1208.6569552120764,413.5806831676654
1778351451,27,827.0943296538608,107.82872264103175
1778351451,28,1330.5881823172992,144.8469996564949
1778351451,29,2489.9834913756667,190.99685572220216
1778351451,30,1557.7939097165035,164.2902301218505
1778351451,31,1538.9372431482047,140.3489182720181
1778351451,32,532.414205770653,429.53828158222456
1778351451,33,1225.7231647242893,159.41858584277725
1778351451,34,830.4388494762858,165.18413945519674
1778351451,35,1711.3493498711875,346.2592842754919
1778351451,36,485.39173461500695,263.302571590998
1778351451,37,285.8522327313278,102.5064754870665
1778351451,38,279.59940223962957,136.4124900318004
1778351451,39,1274.0048099274543,339.07608110401196
1778351451,40,363.92504833432315,228.60171593759372
1778351451,41,594.6146574336209,206.62518608757495
1778351451,42,1833.2002436537769,253.3204045681496
1778351451,43,2259.399560767765,148.9674732303027
1778351451,44,1651.9020063523055,359.5323397739264
1778351451,45,690.2237369246428,329.07747717983943
1778351451,46,684.0370329388003,220.03141145514482
1778351451,47,288.41747036328724,44.14031629555467
1778351451,48,400.0731929709507,139.6221505524736
1778351451,49,3257.308219081132,156.22819486235738
1778351451,50,451.63979340251603,71.276695272533
1778351451,51,441.3474322869856,16.599486426792513
1778351451,52,371.65146379994593,275.76989366848335
1778351451,53,1726.9196239099615,345.33424268559804
1778351451,54,444.6657613362377,138.22133329598026
1778351451,55,412.14421526382336,297.25832293902727
1778351451,56,1543.810884991141,152.95414093175484
1778351451,57,1899.0210853459555,344.46004207258346
1778351451,58,1297.1794915948324,340.75115607526357
1778351451,59,202.70785821311657,292.8037545801033
1778351451,60,1126.2385096196679,259.69788628813507
1778351451,61,1172.1790600502293,335.9509300658365
1778351451,62,1355.0682615983217,269.5092776238087
1778351451,63,1082.2132461216554,160.79329788316502
1778351451,64,562.8776398937694,145.7124738005661
1778351451,65,2325.0969731253385,58.12116386247631
1778351451,66,1407.4145727241444,168.06770331139313
1778351451,67,1639.4838732018504,348.2764172130316
1778351451,68,321.788129162435,78.90588605268083
1778351451,69,1813.1220353164501,140.4041706988139
1778351451,70,1449.7346056244412,330.5236420983434
1778351451,71,530.8822930904607,281.19624668880914
1778351451,72,1218.613761686482,216.153082697397
1778351451,73,1439.6298051017725,232.0289412547699
1778351451,74,1195.0964433761183,336.50726510497026
1778351451,75,383.2826195150803,216.86430655752807
1778351451,76,1407.7800780240268,332.5955467701042
1778351451,77,1289.890536599315,79.2097451893181
1778351451,78,1776.8631108719062,150.77785820783058
1778351451,79,1116.2325430465746,149.72934339566774
1778351451,80,331.7262993542725,194.3402889444857
1778351451,81,670.5799370573006,468.5925487366558
1778351451,82,1699.6734682738033,356.79920276411224
1778351451,83,1496.84911281141,358.08444254485016
1778351451,84,1596.4742932802599,237.20496517712965
1778351451,85,1665.688477390126,194.93388514285022
1778351451,86,791.6273075768195,346.89895978755993
1778351451,87,484.26371566707377,233.82454907361105
1778351451,88,1720.8515161787702,136.30377201998294
1778351451,89,1706.1560287033883,150.12679295233497
1778351451,90,1332.6199453957445,335.66588389889074
1778351451,91,1137.3210416946256,340.03483823620985
1778351451,92,509.88029546931654,194.76327280932756
1778351451,93,970.7858798452094,180.2103161365476
1778351451,94,495.92883099147105,277.32120176052916
1778351451,95,1097.8339464162082,135.920959092941
1778351451,96,1343.101157012565,142.0300321331321
1778351451,97,1364.3729996570494,328.3201969290423
1778351451,98,1234.509914843478,336.76463361168
1778351451,99,858.7115360032876,131.9886121279423
1778351451,100,1054.6499910787036,340.42538209057557
1778351451,101,56.364700055034156,94.45743932797463
1778351451,102,1337.0071575246336,332.31308209819053
1778351451,103,1075.582744537728,433.01525468390696
1778351451,104,1677.3199976123358,335.53146579162063
1778351451,105,723.136963750949,209.3246261561203
1778351451,106,2160.3099281203877,138.38957776669977
1778351451,107,1300.5128683552791,324.1242713201539
1778351451,108,848.9156678960858,403.7592256742297
1778351451,109,1355.8446859265691,148.51786283647493
1778351451,110,277.0758539968538,50.77387284728505
1778351451,111,1296.428873883955,356.51961768085295
1778351451,112,608.9756001068275,392.96141099856084
1778351451,113,1266.0645509680394,333.0057438488428
1778351451,114,506.8341680997788,192.5628158349019
1778351451,115,136.21159353697232,63.86232427960273
1778351451,116,1509.958598613775,330.22272914018436
1778351451,117,1110.9166794682844,344.88106455871053
1778351451,118,3471.356120008187,139.94370851609534
1778351451,119,2656.5968053397196,191.71848911296604
1778351451,120,2207.6411369249013,256.2858478444773
1778351451,121,2786.6913220669094,141.9765960773157
1778351451,122,311.25650330529567,89.88036681760562
1778351451,123,559.7760266729201,69.11595506813647
1778351451,124,638.7250914589306,190.65012392130734
1778351451,125,1082.6809392183445,430.82167426268995
1778351451,126,865.71851056346,170.39036750957348
1778351451,127,1069.7315060916799,270.450743098807
1778351451,128,1628.2723362311451,355.5252087906493
1778351451,129,360.172470809266,180.11404334259592
1778351451,130,677.6101965499059,22.530786625540678
1778351451,131,301.72487224609887,222.39588375740774
1778351451,132,2191.243663752425,161.36136239664214
1778351451,133,1792.634256561813,246.74147842741453
1778351451,134,1604.6735840810743,347.6246439529588
1778351451,135,642.5351531649736,446.4659342981748
1778351451,136,1107.8838015735087,257.114231628801
1778351451,137,1236.29292769573,80.93139091076795
1778351451,138,907.7843773861808,173.62396113250068
1778351451,139,1108.1734902690912,337.22081362129273
1778351451,140,589.8545444031109,432.1068651567888
1778351451,141,1036.768358838448,144.10436525049948
1778351451,142,1189.089624909081,347.60707929138175
1778351451,143,602.6965674130707,217.60428032589292
1778351451,144,228.27926465968113,120.36385141659885
1778351451,145,276.8272923813216,75.81164452997727
1778351451,146,949.6188928083837,370.57613423062264
1778351451,147,1174.9794724857616,191.80832733991062
1778351451,148,2124.398514601095,138.9734920018847
1778351451,149,1630.6492463364389,240.04410614208805
1778351451,150,1621.227371460728,360.5140447594454
1778351451,151,1926.032589046689,161.03456881305527
1778351451,152,709.7059200748349,217.70523141592025
1778351451,153,1264.8265561843543,345.7474458547695
1778351451,154,560.9952202102476,353.76724062242425
1778351451,155,618.5969930190145,246.74861593867038
1778351451,156,214.10543182627552,85.4682521947904
1778351451,157,493.89497708040363,427.96854628737185
1778351451,158,929.6947759113292,454.09611645484694
1778351451,159,2646.8988190165305,138.78228549834034
1778351451,160,379.6484367723719,138.3054844375881
1778351451,161,1373.4852842303496,156.29498182919477
1778351451,162,553.8074321747223,160.1057665055895
1778351451,163,161.8900018503999,55.79309127976032
1778351451,164,1774.7555334290596,161.2345187951834
1778351451,165,951.7351078422395,261.73087845373544
1778351451,166,1318.712446478229,330.76975321415745
1778351451,167,3780.3267013294303,69.37598898030019
1778351451,168,2205.200676476541,223.06744990076157
1778351451,169,402.7996342001088,76.06087777274297
1778351451,170,323.92562072144074,56.81582612925612
1778351451,171,1214.9228555387704,347.95680496957453
1778351451,172,1237.744058757673,333.62963814139397
1778351451,173,980.9080602903297,52.54603572155823
1778351451,174,1160.4718863947217,148.71787083671603
1778351451,175,1734.5171499882956,200.57156605701383
1778351451,176,1311.094050807188,228.4078432648329
1778351451,177,391.21666073478815,119.38956148917421
1778351451,178,350.8109847576729,201.03894755252475
1778351451,179,1002.8923872703989,170.7125894572299
1778351451,180,1373.3066447262518,145.9788361858492
1778351451,181,563.2845973962477,451.7612032660931
1778351451,182,1088.3547113214406,347.3826937064546
1778351451,183,461.5716024793826,73.09083115614139
1778351451,184,729.8070485753292,419.27695130157224
1778351451,185,467.9012999683835,408.94324085902184
1778351451,186,2341.3672918371676,203.1406705562056
1778351451,187,213.66534234707962,39.59665907256663
1778351451,188,1174.8365770788919,232.39511094667532
1778351451,189,902.0950261803737,110.37627528242348
1778351451,190,1189.8091146334411,344.4113345311014
1778351451,191,190.3659467701225,114.15939792697878
1778351451,192,1205.7822427469873,333.51193453446257
1778351451,193,1526.8520884966508,355.50029024098575
1778351451,194,1610.0264663887572,356.8717466876848
1778351451,195,1659.1592389348602,353.4528618596168
1778351451,196,1528.629659469067,142.68335502085785
1778351451,197,848.2309239220934,121.48559496369437
1778351451,198,585.7876235529336,117.45383222901819
1778351451,199,259.6754196424811,214.1245431885245
1778351451,200,802.0193418232548,180.3184245676558
1778351451,201,1464.060514238281,146.67269317882275
1778351451,202,566.0558313852067,135.80755205573584
1778351451,203,1336.7890394345886,201.79728752572905
1778351451,204,190.70673658763417,17.050317437697387
1778351451,205,746.8061107541398,25.14666650039749
1778351451,206,1770.3557978106019,336.0860351241157
1778351451,207,274.5712637781653,182.9486012653607
1778351451,208,1944.3305956846984,66.22329923651489
1778351451,209,1316.734039339657,348.1845389776771
1778351451,210,615.8123747875658,149.0605038167408
1778351451,211,3181.876077156963,124.49976196425662
1778351451,212,1093.6206557212615,176.49071709091237
1778351451,213,2529.668695861918,57.65913649940776
1778351451,214,182.5851439131462,77.37735164120154
1778351451,215,1713.9730738065723,123.41288530428538
1778351451,216,1527.6122896868742,203.54186623752585
1778351451,217,1848.9991070822566,343.9242252583253
1778351451,218,1269.4925607392122,331.51766564966465
1778351451,219,1564.231534349095,51.5459853769356
1778351451,220,1156.9941145457624,349.10217659230153
1778351451,221,930.0379911339155,181.58785574504623
1778351451,222,871.8310124741168,43.54090402840676
1778351451,223,2176.6122395812217,192.07063324457124
1778351451,224,774.7186742172896,33.227238132307704
1778351451,225,897.1970463116185,436.8467551811984
1778351451,226,1434.5819602690503,229.18667461452625
1778351451,227,858.0163518827447,110.1248213592367
1778351451,228,927.02685715576,172.7412790789861
1778351451,229,1844.5245620166538,155.69443021466495
1778351451,230,1944.2454999477666,204.29718458365235
1778351451,231,192.5576128360234,68.57774781324908
1778351451,232,616.9539476230499,270.3327700239048
1778351451,233,321.5587940883594,22.011822988693947
1778351451,234,1200.5315774691342,159.2671827118481
1778351451,235,1591.478144525183,227.23504608677928
1778351451,236,1907.9670189819356,338.72037326463044
1778351451,237,2797.5467471404745,222.9318679560925
1778351451,238,1306.8757023797582,272.3719366741897
1778351451,239,802.2178449683894,157.17545718926158
1778351451,240,2093.607449362041,74.15319001412887
1778351451,241,448.4819216409484,400.6853780848364
1778351451,242,338.0938507575287,68.69446672066287
1778351451,243,1234.0180252711789,338.045170527134
1778351451,244,692.311755230907,169.43395736999156
1778351451,245,1588.0870731658645,146.23971421172075
1778351451,246,277.31351460371144,98.05375283522989
1778351451,247,1059.5892753219903,376.73149459011745
1778351451,248,1292.2877730507118,183.54130771147925
1778351451,249,281.12416442034896,379.83332033711145
1778351451,250,1309.6680995791646,342.50896030186624
1778351451,251,1458.196949613735,164.6816481619892
1778351451,252,1366.9850134802086,321.5911861707512
1778351451,253,348.70150278015785,303.3053990019489
1778351451,254,804.7269856042334,249.76760663937836
1778351451,255,436.1414506955648,173.1121089602777
1778351451,256,469.6141708530855,83.42992646683983
1778351451,257,1688.6313876078852,349.9816078762629
1778351451,258,1192.35165639057,155.6089014793868
1778351451,259,1231.4677744602966,158.13072089146422
1778351451,260,849.9702946827088,232.99239967341148
1778351451,261,1018.5421705230962,149.98042161126116
1778351451,262,1223.088867100125,442.6813649442567
1778351451,263,1065.7673227785372,347.4903721966726
1778351451,264,851.8793710859945,364.9474828400532
1778351451,265,239.40856341143066,201.8045402774153
1778351451,266,1988.6902613609448,338.9587516158305
1778351451,267,1055.717850743924,450.75134970671655
1778351451,268,1374.9664155264634,326.38670506868397
1778351451,269,1279.4017604341018,172.84841927882948
1778351451,270,1116.7797205252787,344.60327287102484
1778351451,271,1565.1175005885157,340.801384029205
1778351451,272,315.73419061420356,86.9097510352745
1778351451,273,1301.9093373405492,336.35943865255035
1778351451,274,965.9830108295763,31.383579503625956
1778351451,275,628.4294378360156,176.35216868716938
1778351451,276,948.4025121470291,359.12167038194536
1778351451,277,354.9385601760301,203.84285175101496
1778351451,278,1233.45563011376,45.27060306075534
1778351451,279,1760.913919289603,349.47268190728425
1778351451,280,397.04983985189205,31.173791122735196
1778351451,281,1542.5740397328673,361.2202377455461
1778351451,282,694.6988945772947,75.14039814838227
1778351451,283,659.0553450801982,418.8386678177436
1778351451,284,4258.0456898322445,76.52980768059271
1778351451,285,1849.6526313660497,190.01571197823367
1778351451,286,1085.3850021109831,339.2673375985292
1778351451,287,300.4360521822505,25.98503371062543
1778351451,288,1345.7387287180306,227.0400178322495
1778351451,289,435.3311624830533,305.09970961664123
1778351451,290,486.5601961279435,362.23412869294185
1778351451,291,681.8623081462728,205.57749648095302
1778351451,292,2108.272160793524,233.85309283081273
1778351451,293,1162.275466879912,146.45714594195468
1778351451,294,922.3187480823455,442.9247793432258
1778351451,295,1535.7858867238697,143.56601984183558
1778351451,296,440.05210231691757,224.41711416023202
1778351451,297,1379.5328337091255,152.12237163704546
1778351451,298,923.0791120944075,427.7024867525311
1778351451,299,1240.7016844449965,173.2256443087678
1778351451,300,1136.349066787914,341.5610260772133
1778351451,301,1093.4773786542823,369.21607127934476
1778351451,302,380.86350252476615,385.9838920492561
1778351451,303,1790.4855790460317,199.7968838956874
1778351451,304,772.426314246268,154.14293445980482
1778351451,305,845.8768718493433,328.579877622755
1778351451,306,1574.2533578474136,356.55713625052016
1778351451,307,979.0681433265156,163.1358615207735
1778351451,308,1092.8884069252035,150.77536486931805
1778351451,309,704.8072715572217,492.61317326044144
1778351451,310,845.6556997023112,78.10748748515695
1778351451,311,170.14176683657598,47.074817569048285
1778351451,312,906.119162048761,341.869599189806
1778351451,313,1809.8743118351886,46.20276240519205
1778351451,314,1477.2904668635044,352.3114025175891
1778351451,315,1690.9891564128636,341.0811703959162
1778351451,316,1017.202930567133,419.326644260541
1778351451,317,1007.6251702631849,371.68963662862166
1778351451,318,871.5235262111255,320.24362503474623
1778351451,319,1288.0483829776986,415.203068607045
1778351451,320,925.9295613677897,150.8551232433012
1778351451,321,608.045965618472,143.02171453648984
1778351451,322,948.7354126502318,423.56563969463616
1778351451,323,1799.5989716662637,153.02328585502855
1778351451,324,686.7689102117687,347.92965594299665
1778351451,325,682.9088004286588,137.36656831156722
1778351451,326,3054.0832593915698,208.47041951124737
1778351451,327,2024.9976336223453,145.23922023295628
1778351451,328,2061.4171256974787,159.65012333506226
1778351451,329,974.7187025246963,178.62243213394365
1778351451,330,1900.3889541237777,144.4092608752439
1778351451,331,481.96023954998475,49.19577211391976
1778351451,332,869.9321742273025,434.6414411140711
1778351451,333,2112.0663565133273,100.38341079811511
1778351451,334,990.4515200905288,169.619469630065
1778351451,335,1144.3368289008756,305.21838009832385
1778351451,336,240.65965445701283,38.24953715844349
1778351451,337,145.6707625148098,100.7096413767301
1778351451,338,1333.736948042002,327.09437267721336
1778351451,339,2068.2373075379064,153.69709331293967
1778351451,340,1048.1474948142084,254.1674628863131
1778351451,341,1761.3279822973625,338.65073742587174
1778351451,342,809.1997611786255,290.98076210203664
1778351451,343,539.2769877372798,206.9808934123675
1778351451,344,674.7423518297703,461.14769839157816
1778351451,345,1307.4636585637356,340.2896891609712
1778351451,346,471.1544321784532,112.49005586971485
1778351451,347,676.8118527092311,35.94200224409267
1778351451,348,1106.7761746961867,330.8871596500303
1778351451,349,707.8470362948129,313.6077837469355
1778351451,350,776.561443580653,351.32023876947216
1778351451,351,4894.370786943837,173.62750631223216
1778351451,352,1301.2544305127392,359.1240195709809
1778351451,353,1490.6887706795712,330.49967392974776
1778351451,354,2807.8258345854692,156.88609401043175
1778351451,355,1712.4961475479486,280.3887893266709
1778351451,356,1190.7041917058082,355.560129207187
1778351451,357,301.7973082005721,209.42792817893692
1778351451,358,1238.9465733115,146.5507087705102
1778351451,359,1635.0597283236468,49.705302791854066
1778351451,360,2085.684108159066,146.99644611880197
1778351451,361,402.17222574575595,169.75430054664028
1778351451,362,1640.307469353601,329.4035860171832
1778351451,363,1277.4316892307386,337.290416498567
1778351451,364,1018.6151338671964,172.5196550722765
1778351451,365,596.6926482756847,355.768821584653
1778351451,366,1568.915843888424,268.5263367069382
1778351451,367,154.00289985081008,295.082612638539
1778351451,368,938.2427004195271,361.4197886158374
1778351451,369,820.3205811210427,188.10194805756336
1778351451,370,2765.067056072654,50.926386043102475
1778351451,371,769.8585516200765,328.1724209689718
1778351451,372,685.7563240601957,220.7723887270656
1778351451,373,1883.839691970206,250.77578889980032
1778351451,374,1552.839767187365,359.1855441172961
1778351451,375,378.08342927269206,345.6611383123052
1778351451,376,1538.5566150896796,346.54217157778913
1778351451,377,635.0644953814729,268.968359099537
1778351451,378,1348.5424578588352,332.4814691505072
1778351451,379,129.3265898529919,19.99566946214709
1778351451,380,800.6306808846647,160.5828852965882
1778351451,381,498.19706175388967,434.59217099354964
1778351451,382,1000.9293525373562,451.9221330003998
1778351451,383,1717.6497789485052,60.39892467739367
1778351451,384,470.7314132022703,268.3606149770131
1778351451,385,1186.7646693212969,344.32326495231257
1778351451,386,392.9294080625825,59.3386576742139
1778351451,387,1300.0102875649764,150.37322091989967
1778351451,388,1627.1057053379468,365.25545857176127
1778351451,389,1124.8318575521346,347.24181851769384
1778351451,390,324.49724894347776,158.80022900905277
1778351451,391,413.1789181467034,116.462823748925
1778351451,392,642.5965468597043,312.57993616155653
1778351451,393,1223.1921405451023,331.36217295559925
1778351451,394,989.864381029696,448.85051397091723
1778351451,395,1235.4091219253844,349.08075282354264
1778351451,396,870.9269263719818,82.42715259757303
1778351451,397,1565.8638010038117,327.6980726053407
1778351451,398,1561.2000288639176,276.8589625204793
1778351451,399,1032.7677514192276,142.85346360959525
1778351451,400,647.7381121615842,169.96152073397707
1778351451,401,1257.1696376216667,394.6968915928509
1778351451,402,359.35999093380644,78.91823729063701
1778351451,403,632.2870022103638,231.09283616802693
1778351451,404,680.7980010421891,379.5179839643988
1778351451,405,1325.0512648990994,347.6679085765008
1778351451,406,1985.0975433754174,166.50231400954974
1778351451,407,1181.164441940287,152.68561005258778
1778351451,408,1906.2924736438445,195.45030364973124
1778351451,409,1185.4866988923743,260.54574251782395
1778351451,410,1630.871508329206,326.7906952864884
1778351451,411,776.3753466662259,50.139187615417214
1778351451,412,2955.106276435171,144.5818830858216
1778351451,413,1283.494620224065,326.5712588823135
1778351451,414,558.0642413129495,93.13140476893429
1778351451,415,1197.6687927523874,174.5204459494761
1778351451,416,1540.2057361603006,333.0798406332678
1778351451,417,2014.3310140028088,266.54886377743406
1778351451,418,972.1464553604067,170.63932202816721
1778351451,419,1851.325723539169,156.97885766182264
1778351451,420,1175.1546496948138,335.83727706236994
1778351451,421,470.307525261272,331.9889197792936
1778351451,422,838.8702950933748,371.68787110536545
1778351451,423,961.1519684302222,41.51027672598454
1778351451,424,1501.7177030718797,143.7545480288789
1778351451,425,858.3012675516834,120.90383398688567
1778351451,426,1503.399199163334,264.2320035106345
1778351451,427,688.5781840772379,269.721144791657
1778351451,428,3691.904447039706,145.95595249920714
1778351451,429,1227.9043966664415,339.7656022683565
1778351451,430,554.6010109439891,210.97984782688803
1778351451,431,2159.851817074407,140.76358366291828
1778351451,432,1606.5973646494297,330.0275119667742
1778351451,433,776.8994458442501,82.27883972225942
1778351451,434,1353.2175285196126,325.2073998255821
1778351451,435,1256.3264383983228,236.90487673767882
1778351451,436,1666.2495970489256,264.30463164574513
1778351451,437,496.64643714984715,284.79135971507577
1778351451,438,2312.5064607962213,180.9465360878939
1778351451,439,1283.5913178416258,348.2282535778602
1778351451,440,1450.625426511069,356.46227167180007
1778351451,441,152.32558178000053,85.00347275450875
1778351451,442,499.77529815100945,125.32533152145355
1778351451,443,1315.8106909011067,336.39170663955804
1778351451,444,1878.076575816162,148.0375291863012
1778351451,445,1076.922053630162,294.0095600945793
1778351451,446,265.033063948039,44.902267185731645
1778351451,447,1332.460786731609,348.34670551046116
1778351451,448,1689.1920724693541,156.02112074156327
1778351451,449,635.2515397826398,258.7297253167131
1778351451,450,604.6959142901665,417.122459271468
1778351451,451,366.95588598429333,46.777870889873554
1778351451,452,1149.820681551042,333.66091969582203
1778351451,453,1174.9653578151215,210.41948820776727
1778351451,454,907.164393568304,350.0174785472057
1778351451,455,510.6771846626002,336.2300135161077
1778351451,456,1849.899061434978,220.23019464076148
1778351451,457,610.0845966784913,321.98721412376227
1778351451,458,272.60019042211803,196.46395968155556
1778351451,459,987.4470573244175,100.42366327241184
1778351451,460,917.1109340095448,169.90459714959795
1778351451,461,1173.9147111360605,168.7470352131508
1778351451,462,2024.7045303187426,111.0693248593719
1778351451,463,686.9415680681536,185.3957135281146
1778351451,464,875.0753193170456,457.2994401298099
1778351451,465,1396.6628071163489,322.1457687685992
1778351451,466,958.0610979143028,170.44908567132612
1778351451,467,185.15014906747723,85.7653067948633
1778351451,468,337.0892674983567,97.04714599315594
1778351451,469,727.6607394329294,297.10875441624455
1778351451,470,890.510063326329,403.9196408221072
1778351451,471,1314.4805387968286,322.9970268828538
1778351451,472,1629.536920551975,352.1783117702527
1778351451,473,1827.5093937469203,239.79921325685393
1778351451,474,1004.2640007302278,108.01799136371277
1778351451,475,1258.0243812605067,329.92887997874027
1778351451,476,303.5410122027938,76.62614849941033
1778351451,477,361.25873117217765,234.71140567912371
1778351451,478,1300.887537761397,121.56933121760014
1778351451,479,1150.0008713594864,343.32660597777175
1778351451,480,502.9045765690661,347.84379406360495
1778351451,481,788.6664144121572,406.2964199646405
1778351451,482,1116.2751096896204,331.8547626444685
1778351451,483,1850.9041708389589,249.08757661850376
1778351451,484,1723.2454412302686,259.7544473619534
1778351451,485,428.4560824535464,40.8244214021912
1778351451,486,955.7970152701315,429.5188908191701
1778351451,487,2683.283713914019,168.33503018785757
1778351451,488,1997.8052409664829,105.28840460579393
1778351451,489,406.02952851016113,89.88295281985842
1778351451,490,615.277576547706,318.1096910344957
1778351451,491,1105.719126668726,347.9028868634794
1778351451,492,377.4403719394462,241.07307080832024
1778351451,493,1299.3083211788032,161.23919624740657
1778351451,494,264.73761547762155,433.90003713872784
1778351451,495,2506.6152665842565,134.41267749874353
1778351451,496,1298.1219141913489,319.87387933704395
1778351451,497,765.9944834951052,442.27366306153493
1778351451,498,1535.0098821333577,346.6015324593903
1778351451,499,356.484527040171,355.4706247170875
1778351451,500,1464.6181867943023,349.78761700625796
1778351451,501,1118.4900281316027,154.46339503279097
1778351451,502,1654.8345972720892,352.2198938876965
1778351451,503,318.43643050324727,76.64007877290032
1778351451,504,1248.0652738893286,327.692993457561
1778351451,505,268.7437787854615,21.80195851020584
1778351451,506,522.037214887773,33.27069154531552
1778351451,507,1119.9489945308885,165.08906494533775
1778351451,508,1380.291064725708,152.17682013006964
1778351451,509,433.72649543118615,27.416206093945732
1778351451,510,1084.57685463569,325.68902537661324
1778351451,511,1180.3997053883013,170.308200845851
1778351451,512,1692.408954506261,334.01518614921326
1778351451,513,1552.969499589973,199.40655042626463
1778351451,514,887.2232531648154,402.0560941632214
1778351451,515,1243.2477060012648,341.50473776751414
1778351451,516,1860.2528155039556,150.47582319552595
1778351451,517,1236.093988368426,327.27779168161675
1778351451,518,1129.42099633141,40.55563108637603
1778351451,519,1475.0994573422045,345.7966193664915
1778351451,520,1380.148103964209,336.1229179757766
1778351451,521,700.031337321847,32.58519804215826
1778351451,522,303.17912225531285,327.0787054304909
1778351451,523,533.7059229857539,347.4564852119569
1778351451,524,2518.9637494169633,145.99853103815255
1778351451,525,1520.1992662503887,354.4209860564369
1778351451,526,1628.709579511291,356.7434127049481
1778351451,527,1261.3711291517357,260.14300416925204
1778351451,528,1238.0430227507256,193.50155415501771
1778351451,529,467.93926477681526,26.756607164239195
1778351451,530,1619.9995993973137,158.56492233725785
1778351451,531,1229.0074873277772,143.83502780889262
1778351451,532,1428.7069563579207,356.6010798374533
1778351451,533,1225.9815122643483,229.04260049938134
1778351451,534,523.2482070560201,101.75636536452562
1778351451,535,830.4578499538732,216.2767071681483
1778351451,536,1686.3081266197967,342.0744588552282
1778351451,537,1183.41213408125,346.6985625258352
1778351451,538,975.3967541622845,82.62347018707733
1778351451,539,284.5702811383683,436.22077196521064
1778351451,540,793.4251707211124,405.693861752406
1778351451,541,1098.0418572635338,362.6980586851784
1778351451,542,1071.8504059809663,176.77611517237708
1778351451,543,1463.902059080861,349.47077789963856
1778351451,544,1258.4185309261986,164.3900402122025
1778351451,545,1198.612914446463,154.43807778040286
1778351451,546,599.3515556997587,53.497901644507046
1778351451,547,1348.461964354486,338.1520041743066
1778351451,548,245.59496721419427,396.2642704390188
1778351451,549,1436.3244054276945,257.74029722911354
1778351451,550,664.126223481977,267.9513549765702
1778351451,551,1884.5221601470707,140.36620222603403
1778351451,552,437.0301614023553,272.58372490047975
1778351451,553,570.272290456604,409.08603945881754
1778351451,554,1108.4665341628593,167.94888830290165
1778351451,555,577.8940341557263,33.85488966204776
1778351451,556,418.42771193844976,80.89878115979562
1778351451,557,1588.4666417068852,138.9748364876753
1778351451,558,575.4799703048955,372.75387176329457
1778351451,559,1166.4989684031882,329.05243726377597
1778351451,560,1503.3045134512165,109.85458001663946
1778351451,561,790.2208283467953,92.74524984825214
1778351451,562,2327.4773140986167,160.9783766957553
1778351451,563,1118.0094086171684,346.60410295248465
1778351451,564,261.49719259836047,71.61678258905783
1778351451,565,810.5919438566593,226.6174469076979
1778351451,566,345.5328345663218,236.65371867356794
1778351451,567,1437.575104058207,353.2158414291297
1778351451,568,1636.879737249493,217.81669010838016
1778351451,569,1667.2662916065187,267.02343108062934
1778351451,570,459.82850104255857,261.91410462521253
1778351451,571,556.0666557375263,188.20094278958453
1778351451,572,962.0413636988814,394.56420747809733
1778351451,573,687.4000992375808,340.0212452256263
1778351451,574,145.43842791223705,119.20376132744734
1778351451,575,825.676287896416,349.9002237651438
1778351451,576,1945.9196635567293,143.6078417815647
1778351451,577,879.2634165906499,363.28050849015824
1778351451,578,433.78576246561727,340.8869159449405
1778351451,579,2633.2204453124355,231.84780974544634
1778351451,580,423.97822186620107,237.63402880347502
1778351451,581,1301.1537327604324,328.67117471056906
1778351451,582,588.4589486515385,219.43673608148205
1778351451,583,1499.1102694619194,135.7448661211229
1778351451,584,1907.2718528419005,231.11699585279274
1778351451,585,2086.4674028259797,166.56847107627758
1778351451,586,1585.3029780761024,346.9053605609934
1778351451,587,441.35949586439216,84.255330984009
1778351451,588,539.7993121063778,320.0700920120615
1778351451,589,918.4253896929291,73.27089808098025
1778351451,590,1085.67846022576,345.23590620559133
1778351451,591,323.5756283709726,230.20655373873674
1778351451,592,1857.0792752842517,122.70325795027892
1778351451,593,1587.5912392839382,136.46647473436536
1778351451,594,1408.0744954069899,348.2178439717427
1778351451,595,450.8381352719084,58.22788062437626
1778351451,596,161.06668456668385,48.32963315289442
1778351451,597,1086.2612514680934,240.05862938398957
1778351451,598,2477.8849906003147,159.57642243033442
1778351451,599,578.0056031812201,164.4572866727416
1778351451,600,2325.46592608033,227.83110143642557
1778351451,601,1156.5473390036707,341.51389768967107
1778351451,602,1608.441903094594,139.7419578617796
1778351451,603,556.0489602545744,91.4686569691216
1778351451,604,617.868086945644,211.27185533882192
1778351451,605,1200.869943336947,345.5973300785077
1778351451,606,672.6331534692856,221.10864591407565
1778351451,607,1112.0215040632286,377.13567121118035
1778351451,608,996.3906902930757,383.19222151008603
1778351451,609,338.20536076838977,328.4414149466874
1778351451,610,1333.8602857515634,170.95037820097866
1778351451,611,1052.3998975587956,78.96076366854508
1778351451,612,1125.3815753832105,337.3476762701031
1778351451,613,1110.095085816031,233.8943796267052
1778351451,614,360.3749373863647,89.79685347849109
1778351451,615,1134.24033810809,274.03533524678494
1778351451,616,1483.7162497576194,349.6442116976863
1778351451,617,103.02697973114557,48.33727966883288
1778351451,618,362.6159454251312,55.850690910380436
1778351451,619,1070.5450694049794,173.2629251259218
1778351451,620,508.27000282665665,132.992141227844
1778351451,621,531.0768024059399,291.04177800630254
1778351451,622,367.61823285251,106.08654157209415
1778351451,623,632.3115260855469,381.0787867558258
1778351451,624,1236.2380467602752,333.29928489819525
1778351451,625,1220.3316678799392,347.4627707304422
1778351451,626,422.28072233772457,27.70129064768473
1778351451,627,559.890440657539,242.0333345808633
1778351451,628,1642.426405645634,342.2980331861925
1778351451,629,601.162688331995,218.02839156985974
1778351451,630,310.7672572397572,34.01643075001061
1778351451,631,924.0473318192627,317.06413461800634
1778351451,632,890.6191263484179,317.3782687754218
1778351451,633,311.97562553752203,131.67099895507187
1778351451,634,273.5904613946256,426.728983322291
1778351451,635,1235.1265354554007,260.9247873872113
1778351451,636,2178.9570193742998,151.44102374074316
1778351451,637,1338.9286792838252,337.7868274060307
1778351451,638,267.37880219807096,85.59749046578946
1778351451,639,828.3998620034286,250.21457484190364
1778351451,640,1304.7909500386672,351.70261512507255
1778351451,641,1375.4658712356406,354.87761630088755
1778351451,642,441.7946782270353,93.30889321721612
1778351451,643,1454.321025184756,360.3352172891147
1778351451,644,1407.2409307958299,333.49303005551894
1778351451,645,1623.2660017887831,353.21702018711676
1778351451,646,1421.4509620415886,329.9904790178777
1778351451,647,1528.1298836826754,341.22309437194394
1778351451,648,2141.4749778951714,136.4620619025469
1778351451,649,1172.6763384583785,337.8825331194667
1778351451,650,895.9329886228094,421.99345527773227
1778351451,651,1774.6304590668572,334.3628208241269
1778351451,652,661.4334617185332,249.6909689136668
1778351451,653,484.6128829941232,88.34972768330064
1778351451,654,1502.6241208216113,143.6520004727667
1778351451,655,1129.2369132838971,335.890700946516
1778351451,656,560.7647712084854,335.78731843840967
1778351451,657,1259.3100608165885,342.48332166714846
1778351451,658,320.93832479742207,277.2076324832755
1778351451,659,1574.8392695156008,329.06496669271434
1778351451,660,1032.3535183616407,335.87139569879395
1778351451,661,3286.6348624386897,163.370601293636
1778351451,662,1378.7346829518403,141.18819278122714
1778351451,663,1795.9996730726155,348.92167930151015
1778354328,664,148.52152765171948,56.19851892003554
1778354328,665,337.90782613151623,167.21885064870293
1778354328,666,470.8977394272159,272.5940944050078
1778354328,667,1000.0417915259995,242.68278849219934
1778354328,668,968.1918337996889,138.58139573874115
1778354328,669,785.4526073746525,282.76286553776936
1778354328,670,1170.2976133599589,350.58644056229014
1778354328,671,839.5417697243677,167.1370952063303
1778354328,672,1650.370662211615,349.52638696676325
1778354328,673,931.0408406795423,61.9680574903667
1778354328,674,828.1988842948001,151.55687737719688
1778354328,675,1276.09759697422,344.8446295491826
1778354328,676,2260.276118212724,198.6299551288463
1778354328,677,780.099773470182,253.82293118948968
1778354328,678,1293.936788431384,244.27736243344998
1778354328,679,527.9954777364119,364.5815331821795
1778354328,680,1344.0407891882674,149.6964129926419
1778354328,681,132.13216128414376,44.01011903522225
1778354328,682,2205.570010496363,155.0430647106778
1778354328,683,2576.061579937857,82.90706109222572
1778354328,684,1259.2762415333782,319.3711414533651
1778354328,685,542.2375080001124,267.01671906182776
1778354328,686,390.03232860662877,70.90826451019039
1778354328,687,982.1797614965216,284.6177284694368
1778354328,688,1495.0605811673931,343.04061893412984
1778354328,689,1348.084684217717,153.52786862804976
1778354328,690,135.8389263446264,63.93104584056435
1778354328,691,365.6813745237155,32.40194632763481
1778354328,692,1138.4507081452705,140.2973237575241
1778354328,693,452.6324540576977,237.22955923722057
1778354328,694,1082.7676313030358,126.05639549878822
1778354328,695,1402.164728293678,201.97225096903767
1778354328,696,294.5463498340599,147.01485677507367
1778354328,697,618.501466415901,403.64792395947643
1778354328,698,1598.8051301660453,338.1245087086594
1778354328,699,1445.920332205409,199.62863002207766
1778354328,700,1154.2514404584563,242.94859951451056
1778354328,701,1536.128147329719,351.65516981595346
1778354328,702,299.50856984626773,101.91755748442259
1778354328,703,1784.6306962155923,201.5726816193432
1778354328,704,1481.2509350583894,357.98107172625373
1778354328,705,1689.7223802279414,206.8262984346215
1778354328,706,1954.061455006486,197.44413513578723
1778354328,707,331.05964582888066,265.40308185917604
1778354328,708,694.5561545623167,360.5363389181982
1778354328,709,1184.68286087746,327.3148977151678
1778354328,710,743.8832855888413,364.6238965171088
1778354328,711,845.5566315492148,248.87161870047441
1778354328,712,680.056320987194,47.56288835578675
1778354328,713,1661.7048248226142,221.68977852223517
1778354328,714,400.8739710920423,42.66477294721425
1778354328,715,1259.3063210863602,133.92794218892593
1778354328,716,686.3267449279612,352.956292044567
1778354328,717,973.7960412946554,170.12212325127447
1778354328,718,2600.168548367771,152.322742791728
1778354328,719,998.8229082215697,145.9908030192519
1778354328,720,1171.1611932113012,336.7029597879588
1778354328,721,392.96516722335656,229.52209149337804
1778354328,722,1611.171811704206,359.5224646308163
1778354328,723,1430.0428330277268,254.61703239861157
1778354328,724,1441.1134657300684,250.24784368037314
1778354328,725,1468.6058599173027,337.7385031316033
1778354328,726,412.4209174392017,192.15563591395056
1778354328,727,4731.491161512302,154.5684368257119
1778354328,728,1575.6754041719198,210.58067774156763
1778354328,729,413.47498058839227,50.550044555192194
1778354328,730,1881.1610964235247,351.7920414085327
1778354328,731,557.4170055858591,47.728162763116046
1778354328,732,896.5151630457877,58.13094918203722
1778354328,733,3073.5841528993974,76.91836249518718
1778354328,734,642.0607348257454,257.4406992232066
1778354328,735,550.7809172330406,338.39445129365464
1778354328,736,1753.6889275150575,344.42633422438405
1778354328,737,1063.9847709329763,269.9081725816472
1778354328,738,723.9388143309138,54.121014001401626
1778354328,739,568.5910148927486,58.68920504282074
1778354328,740,1475.7004761775672,150.95486188578099
1778354328,741,1203.6641493005247,153.0313266482258
1778354328,742,1079.0410639074282,338.8056771433411
1778354328,743,323.9497177784424,209.9700755439607
1778354328,744,834.4581457253198,156.53175494648403
1778354328,745,1701.8003307064832,346.29296233812596
1778354328,746,1080.3865153257716,351.95932490581873
1778354328,747,484.8183804877818,168.22397410212218
1778354328,748,1950.8049358973642,44.3423818197346
1778354328,749,1876.3243681364993,189.2632717292959
1778354328,750,1567.0872496475122,338.8214183544461
1778354328,751,514.4641848588772,350.81062226094554
1778354328,752,1990.384966500008,151.85198128873898
1778354328,753,1450.4446410909231,204.58005450613356
1778354328,754,1701.818047551247,210.9066040483624
1778354328,755,815.305932804186,403.8851858307438
1778354328,756,1441.2436477288404,228.58522739034004
1778354328,757,1256.6760759783797,279.2879585310839
1778354328,758,1519.0529036225003,152.4005283455658
1778354328,759,367.6294240017281,260.2483710113764
1778354328,760,528.7552660928146,204.73952601933559
1778354328,761,549.1394089530006,389.59757483700605
1778354328,762,605.2034500912105,339.7950302526692
1778354328,763,2426.2389732296174,37.795067617180806
1778354328,764,1839.014559125139,157.02485223983936
1778354328,765,2749.3291462089364,42.6968521587315
1778354328,766,1560.9909230397272,341.69906841147304
1778354328,767,1442.8404462951528,179.2592003832244
1778354328,768,2419.2387162132914,99.28794807533154
1778354328,769,195.20700899323776,37.29767805127778
1778354328,770,605.1623680551162,197.7443281645985
1778354328,771,1397.8791483677792,349.8969337763899
1778354328,772,736.0002862545999,115.73471450437385
1778354328,773,1052.3393224005601,284.30337754408504
1778354328,774,359.6407820582046,22.705734325014774
1778354328,775,1390.1419592695704,322.5406121281437
1778354328,776,1557.076233316688,173.94795354637893
1778354328,777,1313.7361824333032,323.83519796216177
1778354328,778,378.87913937025394,158.37807278429577
1778354328,779,692.8762234960209,422.5702167552151
1778354328,780,2000.9820317122758,177.69756019502475
1778354328,781,271.7434495583526,197.1956433360311
1778354328,782,1235.0843228219253,198.6192355293819
1778354328,783,1512.8557074730754,351.3617038580553
1778354328,784,1513.9851433030183,341.1819833629961
1778354328,785,1203.6332804655049,36.62755523771222
1778354328,786,1548.5762225338167,170.91734092923028
1778354328,787,2051.3367710086814,106.41250353980203
1778354328,788,1643.9375478635807,334.07203141353756
1778354328,789,820.5612453255865,239.77321100945713
1778354328,790,1378.0912543579582,350.6698584801229
1778354328,791,1503.3969757041425,327.3865112947765
1778354328,792,308.9809650398596,18.6492858390612
1778354328,793,1632.6939813076872,153.97298902131223
1778354328,794,781.0912647162978,218.74120573270696
1778354328,795,946.3236499223395,435.9087684024747
1778354328,796,664.2713690439233,384.0344629041709
1778354328,797,366.35498323719,251.64292803328513
1778354328,798,1194.7879264987423,340.1040388184775
1778354328,799,1084.9387966471272,153.15117434367303
1778354328,800,299.76756132953176,201.324639192326
1778354328,801,476.53085097640246,165.50599404139507
1778354328,802,2001.034018910204,39.06650504272895
1778354328,803,2171.5569441056073,145.94591467049796
1778354328,804,753.3994222845922,206.8131052607343
1778354328,805,1866.800649299027,147.74670372208328
1778354328,806,1242.8096953797246,153.23923097391756
1778354328,807,366.67409111841886,47.16093996166608
1778354328,808,1629.8155096763153,350.8935911456153
1778354328,809,1069.0420150947996,223.04668741922032
1778354328,810,334.66953886248183,226.82533444484068
1778354328,811,505.050269685774,150.42028338493108
1778354328,812,662.5432902371557,317.96548676309425
1778354328,813,1955.4833438699213,144.2401236684288
1778354328,814,1264.1601626145984,343.1743648859502
1778354328,815,1578.122174770154,351.56518028135497
1778354328,816,4217.196176058677,57.31940808901239
1778354328,817,782.5188956276917,88.40638523993357
1778354328,818,1441.3190985851775,353.2381381874869
1778354328,819,1133.1618386281461,236.16034582914747
1778354328,820,553.805914864074,355.85839152185673
1778354328,821,1881.7723429466134,149.19376105692456
1778354328,822,469.07034375651085,80.62574469079314
1778354328,823,603.8300879732136,247.50014073179653
1778354328,824,399.60767193151344,383.1248731341894
1778354328,825,1483.344478220308,311.3793596168161
1778354328,826,1130.6825417837697,231.17892081441363
1778354328,827,384.8208167225491,100.8220470080223
1778354328,828,1043.0449222901568,173.0597900098311
1778354328,829,80.0032119044645,117.32357667253699
1778354328,830,1474.8876038945282,147.1049390772611
1778354328,831,1251.3289674788139,175.5807801406867
1778354328,832,596.4349281176007,372.7254913367685
1778354328,833,475.5382468773438,298.3547462658894
1778354328,834,1456.1496201683565,235.6173578995446
1778354328,835,573.5020541334991,387.80866863711105
1778354328,836,202.94837416568498,199.5345498509047
1778354328,837,2032.1348403874083,212.67698554829215
1778354328,838,284.0730896840499,140.24849615448306
1778354328,839,1825.3514728978128,149.84114598492397
1778354328,840,852.7192482669058,263.42042177065747
1778354328,841,1849.5440542091098,279.1635409561577
1778354328,842,1698.533400009378,252.25295302271155
1778354328,843,1427.5465920201023,318.4652850524311
1778354328,844,1376.3565706545694,352.08755077131997
1778354328,845,1167.356722816145,332.2245572616307
1778354328,846,593.8628099094595,126.55094096199676
1778354328,847,781.6696281730277,307.13076761122716
1778354328,848,1831.1777277303877,139.7839289112235
1778354328,849,401.96782893258654,63.31930108214112
1778354328,850,378.8511408013558,386.04497134470944
1778354328,851,738.0147023428275,325.8353182826407
1778354328,852,1685.6588074067913,211.690838972947
1778354328,853,3233.1071781354144,140.73928710013092
1778354328,854,737.3318252035904,315.15444956910545
1778354328,855,1103.8722514671404,26.779553537799316
1778354328,856,204.80321288798774,211.3263639339649
1778354328,857,250.9853611776975,254.68374779950167
1778354328,858,1069.0907937972916,164.97943987175856
1778354328,859,1778.2821759001179,31.105864606636946
1778354328,860,1012.4991904433343,197.3159393259723
1778354328,861,152.75732191570046,62.10909087275332
1778354328,862,399.9248972871866,270.36357091022717
1778354328,863,391.38677844762475,255.37325896015133
1778354328,864,117.63800488502613,67.36828517551493
1778354328,865,1053.9498561512441,345.26943290513555
1778354328,866,1233.7454777484324,323.03730574264273
1778354328,867,1097.3138550699152,264.51582967966885
1778354328,868,1010.2472627991707,85.70038321141669
1778354328,869,1866.636671946977,234.97128174049348
1778354328,870,1533.3570181088703,144.8418695442049
1778354328,871,1654.773696757465,332.36502941160194
1778354328,872,666.5513951570148,233.65993721469593
1778354328,873,849.4959384924726,276.7115689708178
1778354328,874,1677.5537363031758,148.69907055411437
1778354328,875,529.7633001336078,372.7998221237303
1778354328,876,1370.2872863278553,342.34411504176444
1778354328,877,1066.2960889728522,102.19958849868421
1778354328,878,66.52279636384193,19.42902740443835
1778354328,879,1563.920729946976,337.54394149445847
1778354328,880,1478.2871615532101,205.3171850084096
1778354328,881,1550.1079484613288,282.6422506882821
1778354328,882,1440.7756300913582,280.9200044633499
1778354328,883,547.4249604945628,389.4430271508292
1778354328,884,965.322986756347,279.9206346092212
1778354328,885,1218.1837270688811,344.5163916606566
1778354328,886,353.13514802634364,336.74973573625965
1778354328,887,162.51501905650287,139.26151221577248
1778354328,888,1145.7345702056534,325.1587760998826
1778354328,889,689.8161926131828,300.56024109351057
1778354328,890,703.3176248465893,230.83020949256186
1778354328,891,203.72524342399132,210.2556785125446
1778354328,892,1281.369122354332,334.89910154033174
1778354328,893,1405.8005193578765,357.9361311999697
1778354328,894,538.1811541985263,34.035399462927835
1778354328,895,1363.869971683016,142.6095604463743
1778354328,896,1594.1856557435685,191.06746777138542
1778354328,897,962.6245695989127,164.65956933602982
1778354328,898,183.3284840251853,29.028558041325997
1778354328,899,834.3845219378865,269.95212501641475
1778354328,900,209.3168218821535,277.85181008702955
1778354328,901,1524.7634263393793,332.21674136441936
1778354328,902,1465.6798474148,126.63791169104691
1778354328,903,1586.8376214645891,226.13409671865128
1778354328,904,4596.465292348299,128.44037721369526
1778354328,905,560.1022270663847,374.2189519062939
1778354328,906,945.3596245525448,376.31835464314355
1778354328,907,1355.9700009533997,71.19657667346382
1778354328,908,1357.9599596079595,342.82677776851943
1778354328,909,1011.2753809174801,145.1169871837404
1778354328,910,623.376438483631,285.53162988189973
1778354328,911,3065.22552441779,88.03336209766844
1778354328,912,205.7840101218476,47.61335064775256
1778354328,913,1694.1606517859277,202.61584449185125
1778354328,914,844.1379109112193,329.9737740799243
1778354328,915,649.0893066869104,404.4922830336997
1778354328,916,1217.1604282543774,330.20876654436444
1778354328,917,1375.9250924320456,338.7231797625297
1778354328,918,1623.467237566974,192.45862002190862
1778354328,919,1244.299251123315,291.4912392959881
1778354328,920,1298.2081492579523,328.1186261943168
1778354328,921,3868.1592575495865,131.02090402792123
1778354328,922,1108.4057979462684,330.7947258987227
1778354328,923,1497.4997718514235,159.84646776939266
1778354328,924,872.5999239591955,286.81866047191386
1778354328,925,1472.6405165215149,194.45960813729607
1778354328,926,708.460114947452,339.2236184615673
1778354328,927,1064.1942762700342,265.2942506451388
1778354328,928,1189.9112165275403,333.71837907151587
1778354328,929,4668.119229755608,146.09021332126773
1778354328,930,534.2173354011744,160.31427229021395
1778354328,931,456.24065903855546,47.991401211119666
1778354328,932,1109.0217004912988,145.67470812971612
1778354328,933,1104.0461852891535,142.55009991637513
1778354328,934,1325.0826446354326,349.8402250194418
1778354328,935,484.979319272842,243.21215983280936
1778354328,936,955.1821247427765,269.0980597452049
1778354328,937,1656.6010232162737,152.5315425962436
1778354328,938,1475.7711688542197,331.02660129835107
1778354328,939,898.9202604173537,245.9524285342032
1778354328,940,1496.5238954986557,326.85986550215137
1778354328,941,1761.549022568016,210.35382392767053
1778354328,942,97.7241542880056,38.62876690761138
1778354328,943,2314.348391219006,187.3787684857815
1778354328,944,567.3496117055137,347.7902564662526
1778354328,945,1657.6717544380397,227.93717272183935
1778354328,946,428.98745572276425,122.85545184347798
1778354328,947,231.3655649536856,74.87461100142738
1778354328,948,1520.6729597199696,345.9981640756592
1778354328,949,2148.9631471325933,122.65381017397462
1778354328,950,1206.1536097017238,337.3583627087463
1778354328,951,174.81253492503248,266.9350630160601
1778354328,952,1233.9865361805707,320.96851023185053
1778354328,953,813.4001231131859,159.79931495464638
1778354328,954,241.16049332938672,214.5229132050374
1778354328,955,1334.2968475711857,347.86393468836206
1778354328,956,1012.8764515884723,154.09455795160946
1778354328,957,841.0609168013931,355.3384154371743
1778354328,958,1450.2443309862879,204.94505108591522
1778354328,959,1861.9291247011606,179.08555966001245
1778354328,960,1151.0905757200658,349.7783139425743
1778354328,961,727.945279989181,381.47004175564143
1778354328,962,2132.055110336109,140.3948462158961
1778354328,963,1378.9918470692253,239.65150434837014
1778354328,964,888.1879547924289,381.6990373628221
1778354328,965,1472.8342211112706,155.59038721858323
1778354328,966,665.2324769767259,151.78893608304085
1778354328,967,1908.919529449666,217.26665628886036
1778354328,968,1394.5027585502326,200.8172430483588
1778354328,969,1312.3132770471884,319.5372804920905
1778354328,970,2292.6268486808317,154.80292285504376
1778354328,971,837.2069525141874,291.3973165721151
1778354328,972,1219.845321518755,144.91109817452534
1778354328,973,1391.9392981230858,329.24218529515133
1778354328,974,1536.9509708366725,216.10514022180533
1778354328,975,109.3620636953228,68.77981971505773
1778354328,976,4609.165062263305,145.71405564953207
1778354328,977,2239.762687268871,202.97422527587136
1778354328,978,1737.8432702009025,268.8908683168152
1778354328,979,637.3002202369616,155.12150892208882
1778354328,980,261.95551565515086,58.05016302502583
1778354328,981,698.5523728317318,115.19897790485108
1778354328,982,1476.713042127192,222.36956158877382
1778354328,983,1260.631267209528,337.4930366368183
1778354328,984,399.02331219541304,158.9817008002931
1778354328,985,644.0009998098651,247.97925798340998
1778354328,986,420.66420953615597,181.47489522780043
1778354328,987,541.5056379835838,288.59651892492303
1778354328,988,1431.0027737295802,356.5400815720242
1778354328,989,2104.714246296205,203.7278549723461
1778354328,990,1077.5986165254612,149.09810259900965
1778354328,991,120.24975905907382,163.18800179400054
1778354328,992,1867.1370168253402,220.35756508037156
1778354328,993,2435.688018301631,128.81586088235343
1778354328,994,1114.3536866176503,314.46776253950725
1778354328,995,1025.0390565130097,138.94918080357576
1778354328,996,1656.0936185473527,324.06241724675755
1778354328,997,835.5241443150164,283.22385470532083
1778354328,998,775.6755041084295,268.72011612123345
1778354328,999,2122.5095219427917,199.82036558503214
1778354328,1000,1935.8331430584049,223.98989801225974
1778354328,1001,1158.1694155477521,338.2496490882726
1778354328,1002,220.9102522069117,53.6293846688096
1778354328,1003,1962.2370358900823,211.12434069633878
1778354328,1004,1552.0753294010442,204.46678624362647
1778354328,1005,1648.6555509093103,238.24699051133385
1778354328,1006,792.3888982601212,99.17138768518755
1778354328,1007,1574.156997183574,339.42049246434567
1778354328,1008,1161.9274295039097,277.694671165378
1778354328,1009,1335.4043915637062,202.5845739719054
1778354328,1010,1341.7491139943818,268.8006343840903
1778354328,1011,990.3723365509468,362.46341363571344
1778354328,1012,405.33076284993723,143.21287636987225
1778354328,1013,1231.7968399971373,346.9137981772212
1778354328,1014,1549.7343495102962,333.5514669491793
1778354328,1015,13377.316281040534,183.54924546696253
1778354328,1016,404.062559201606,420.6447950064561
1778354328,1017,1025.662864453061,146.01469192830783
1778354328,1018,623.6715518332278,125.66179506930474
1778354328,1019,1444.9953818910046,94.83850411131091
1778354328,1020,1402.6635072210997,144.86041234373124
1778354328,1021,486.1801809150522,383.73779199700084
1778354328,1022,1418.3898417983928,356.71316279783264
1778354328,1023,1207.546984156718,332.4984765265403
1778354328,1024,680.0649217572923,340.56025696393715
1778354328,1025,1387.160825431395,215.87833293660245
1778354328,1026,905.347270789102,191.38736401325005
1778354328,1027,2488.072770454755,194.01213163728167
1778354328,1028,1623.4700460726294,264.6515744718142
1778354328,1029,255.896978796517,250.78915596476853
1778354328,1030,1660.4296504311717,325.4931616964688
1778354328,1031,1572.2339405057007,128.59318952261114
1778354328,1032,805.0405227463038,184.76595128086046
1778354328,1033,1843.8713232854695,184.40130880570007
1778354328,1034,556.4910922149568,335.6802963348183
1778354328,1035,1641.2460218794156,191.10140175842528
1778354328,1036,1224.9844081778442,329.8226647185643
1778354328,1037,1853.6194350867477,245.7736335894522
1778354328,1038,998.2822300817995,346.37193835301736
1778354328,1039,134.46769335755698,35.653487868487986
1778354328,1040,578.5363721913991,228.28306805381155
1778354328,1041,1545.5415163829034,213.17576525988733
1778354328,1042,1383.9745013095237,342.0665935795731
1778354328,1043,1514.996153984715,325.6881374891812
1778354328,1044,952.7440584703992,292.16097158894536
1778354328,1045,1047.8182610487906,327.99634147955305
1778354328,1046,1099.010098209502,326.5888276522982
1778354328,1047,1141.4634301234528,202.5449478091224
1778354328,1048,1354.1621644728248,319.6280686986294
1778354328,1049,996.3731180575628,138.4346248106025
1778354328,1050,793.3156118816087,144.15164684355992
1778354328,1051,1945.5593691712181,162.62011439834083
1778354328,1052,569.3952430385857,120.25838756664929
1778354328,1053,1631.3643332315207,149.99437620184094
1778354328,1054,2478.299005265167,228.53285733497475
1778354328,1055,617.9445870840185,55.98463283790212
1778354328,1056,827.6991116466872,326.84488911558464
1778354328,1057,1768.1119035228753,213.59278185507225
1778354328,1058,220.6903638700795,84.65801662002941
1778354328,1059,820.0167111401504,199.4171976502486
1778354328,1060,459.4146713125571,296.1940900312244
1778354328,1061,1178.341955193782,241.80827772486893
1778354328,1062,1146.5813071767466,285.18025576918603
1778354328,1063,504.9868795715651,343.6691107063462
1778354328,1064,1549.6708408853879,130.49330866021242
1778354328,1065,2340.5209933481306,139.0847674703522
1778354328,1066,1389.461782374166,230.0189463332461
1778354328,1067,189.08628977031918,110.13709587683411
1778354328,1068,630.2426019181758,306.81543104761903
1778354328,1069,1638.8598611397063,59.58478338096472
1778354328,1070,608.4001253897352,300.53547930227256
1778354328,1071,744.9620440616931,100.12156666129863
1778354328,1072,1378.5393081919167,197.24458050141945
1778354328,1073,1605.0892936026917,197.49413721461696
1778354328,1074,1641.2545407347666,197.65020098963734
1778354328,1075,1301.0473565940415,197.8288184005909
1778354328,1076,1204.53385693212,146.63533841061735
1778354328,1077,1534.2834438874354,149.24381502861013
1778354328,1078,227.53425584400148,164.00609901561398
1778354328,1079,648.5086157427613,151.53703034859433
1778354328,1080,343.0745547781551,211.82966247733088
1778354328,1081,500.1834415392152,52.97438649053022
1778354328,1082,567.9781927253811,318.89007557397326
1778354328,1083,1279.8874399713923,324.9302070781815
1778354328,1084,1682.8452884545559,138.05273777537624
1778354328,1085,1386.3738897514684,236.10495256952845
1778354328,1086,1549.0610483396608,235.28528366931735
1778354328,1087,471.86154004099393,81.91275068078033
1778354328,1088,823.7588285935387,283.83504716684774
1778354328,1089,572.1003631446791,387.8133402244469
1778354328,1090,1120.1282601658206,147.1687749086066
1778354328,1091,795.7381239893897,258.33820308088
1778354328,1092,553.0146547673044,161.6228580297042
1778354328,1093,882.416527893698,333.4263262485317
1778354328,1094,365.1735374388015,124.16603977407516
1778354328,1095,393.9128435887509,101.07904788567842
1778354328,1096,776.5125175293383,161.5423193577901
1778354328,1097,852.548722342682,147.00299202986653
1778354328,1098,659.8132475518283,205.86486545051116
1778354328,1099,1564.2860302190027,159.38596575834012
1778354328,1100,620.7417146845073,303.5157888419264
1778354328,1101,2996.307124248385,45.201773954709694
1778354328,1102,2563.2813458220044,129.3758606352703
1778354328,1103,1623.6623237431368,329.9765084084016
1778354328,1104,1461.0300683355576,111.17129652756195
1778354328,1105,518.2243685008522,220.46942672013108
1778354328,1106,2153.187977514468,194.38678227726587
1778354328,1107,1799.1903733058648,336.8214079870654
1778354328,1108,526.7282522360063,313.0638618988963
1778354328,1109,2959.5320818227383,143.1243947221312
1778354328,1110,1318.943009466418,342.9939993093582
1778354328,1111,785.6317221689518,69.95167474298972
1778354328,1112,615.6380066176506,323.56575288428695
1778354328,1113,339.91406636660884,69.31215807514066
1778354328,1114,737.2776443524825,290.6568485975646
1778354328,1115,2499.5826990585224,111.7623084778474
1778354328,1116,1084.034589470866,284.699303017918
1778354328,1117,5531.4452451650195,143.99206744620392
1778354328,1118,1389.5698496873274,342.79388375204746
1778354328,1119,521.0016284314503,354.39849143310823
1778354328,1120,238.8736427563129,191.98373409263527
1778354328,1121,1111.6036951406631,229.86204634270754
1778354328,1122,1679.310938548247,330.2248805061701
1778354328,1123,1896.2815463621014,168.53260539303923
1778354328,1124,996.5662700815252,300.88061482278863
1778354328,1125,744.0990052446502,24.71199066665847
1778354328,1126,590.4607479114165,37.22503309208476
1778354328,1127,645.6855709226098,372.89032835574153
1778354328,1128,2215.537693497691,214.3392834088632
1778354328,1129,1029.2312322712037,334.89958518093545
1778354328,1130,1150.5290095689572,333.50355308031556
1778354328,1131,3388.37846868365,150.65808670620677
1778354328,1132,1221.44253102498,352.70872369788566
1778354328,1133,1319.31763474776,350.0231294039193
1778354328,1134,387.65759083110663,363.3672212348277
1778354328,1135,590.1659589444481,288.3152602803448
1778354328,1136,814.1761937347504,285.1256142415427
1778354328,1137,821.3226074879241,216.73641629576767
1778354328,1138,1570.5026261350822,172.81236754997042
1778354328,1139,1138.02143619925,334.1717683450721
1778354328,1140,396.27339628788076,98.28845043477403
1778354328,1141,1259.6574854639537,329.165401042081
1778354328,1142,1060.9693734134607,171.49100019353108
1778354328,1143,1196.3326181932132,310.5104670203523
1778354328,1144,1089.8334808669717,343.65370762587946
1778354328,1145,416.9137480640433,185.70166298541452
1778354328,1146,1488.422872340818,176.11429989666476
1778354328,1147,1044.5503519991087,214.91846582351704
1778354328,1148,1156.7080659407045,322.2944445099822
1778354328,1149,945.3372658643688,263.29140235592996
1778354328,1150,1741.5860046513642,140.94397920938374
1778354328,1151,1609.9031856676113,127.68828776099079
1778354328,1152,1607.5475863433608,200.41196782483394
1778354328,1153,1381.8203703545437,193.3165916080467
1778354328,1154,1329.4718354428064,228.61900033300657
1778354328,1155,1400.1258235256478,251.00637030448067
1778354328,1156,809.8326550055675,318.2859865791803
1778354328,1157,880.2232439870439,65.40004011821156
1778354328,1158,1229.1191909576414,255.53463138111871
1778354328,1159,1245.3423864819238,142.4310381304047
1778354328,1160,498.42682235671526,333.50494605968726
1778354328,1161,2586.9147260880554,168.02141637220697
1778354328,1162,357.62063515974603,319.03675135527635
1778354328,1163,702.039482942263,290.78150321239946
1778354328,1164,801.0741498833032,199.05651363876336
1778354328,1165,270.74902358623547,60.57960109139187
1778354328,1166,83.34936660574849,62.55702183774123
1778354328,1167,474.7612967946958,389.54706077604976
1778354328,1168,1217.4803675050653,324.0675983055598
1778354328,1169,953.6407773017393,261.9387791571791
1778354328,1170,544.5021258938597,246.531400179366
1778354328,1171,1340.1754339920496,134.66128996293648
1778354328,1172,1371.7734009838512,245.18462140707723
1778354328,1173,2437.9077090839987,176.02408429915576
1778354328,1174,2298.3811013897503,232.8273167884827
1778354328,1175,1100.8902627740808,354.62325734831495
1778354328,1176,1343.9703643174466,342.6998104637035
1778354328,1177,3226.8092917554695,125.15397286583617
1778354328,1178,1176.7871176768986,296.30300039580555
1778354328,1179,693.612019784781,182.30123675650344
1778354328,1180,1415.2513196593754,350.2537307819007
1778354328,1181,563.5241334104137,395.88260860227916
1778354328,1182,1714.782918989044,236.21830342438906
1778354328,1183,285.52111999206124,213.02220787191513
1778354328,1184,2116.4781232857754,237.8817696493511
1778354328,1185,2639.2047409125676,99.20928995642102
1778354328,1186,2599.623584096849,179.9567639314521
1778354328,1187,1128.4677253781201,238.22877188401415
1778354328,1188,1120.4067266896761,288.45759510292265
1778354328,1189,218.67327238374727,132.76867112847268
1778354328,1190,1519.9608884923985,334.3650127179381
1778354328,1191,1915.2429359523824,217.2999426422572
1778354328,1192,1054.5941637873384,347.49159874255025
1778354328,1193,1874.3415525691385,203.72623913446233
1778354328,1194,449.82780946156845,43.9739331504937
1778354328,1195,1359.6208864918326,225.51342060358158
1778354328,1196,1831.100072455992,147.51888775612218
1778354328,1197,258.0526130768103,97.08921428799405
1778354328,1198,1407.8371863765556,340.0046263547181
1778354328,1199,413.5231227998158,194.91553060769772
1778354328,1200,2595.6563143451062,125.09218924186527
1778354328,1201,375.1135392329169,172.37434768245058
1778354328,1202,1239.788370449108,199.9977000965116
1778354328,1203,1113.8573895037468,248.98705760818018
1778354328,1204,3159.787794602428,142.4800133051716
1778354328,1205,1092.1337259619945,217.38326221249565
1778354328,1206,595.5622249977288,22.213959015409646
1778354328,1207,402.4055384109774,313.22460293771564
1778354328,1208,1848.7879557819779,134.95114886805516
1778354328,1209,610.0178958441156,65.98234595508826
1778354328,1210,1877.5337333117343,221.56067032571934
1778354328,1211,1005.040496661713,348.7907436509622
1778354328,1212,497.40083569512586,215.40429315629933
1778354328,1213,1367.5253344720818,353.7146404483031
1778354328,1214,1512.4256606990093,301.60268785132524
1778354328,1215,1518.121532706454,161.92445354889045
1778354328,1216,1148.3401227633567,335.19061957370815
1778354328,1217,362.459202759767,293.89348619897197
1778354328,1218,1193.127709570055,148.54307759307542
1778354328,1219,304.124522973116,49.313112740974546
1778354328,1220,764.1970421069852,262.9645018758863
1778354328,1221,1277.079184332355,146.33096468779235
1778354328,1222,224.58406102612568,159.25669766513184
1778354328,1223,1357.4153844634889,348.9219862597255
1778354328,1224,648.291059956528,235.35232963612256
1778354328,1225,2414.2930190424527,181.78390181492637
1778354328,1226,1776.656942606189,333.89832046980194
1778354328,1227,2976.376932879523,64.60487973040634
1778354328,1228,1289.4498546253285,179.94126093685458
1778354328,1229,607.2729172606759,334.54058053153824
1778354328,1230,1461.801344022012,352.16193524832096
1778354328,1231,679.9454372145836,202.61611615718755
1778354328,1232,2881.5688633093923,192.89665144361524
1778354328,1233,2861.3414887016233,193.4782898848672
1778354328,1234,557.0499426051549,284.8657552333691
1778354328,1235,427.56035201539987,421.1660607896759
1778354328,1236,1178.3926336331322,158.8236723615438
1778354328,1237,1521.445687422831,60.13831083994743
1778354328,1238,1308.0520041043362,158.05470616775176
1778354328,1239,587.668286048273,193.7738634409135
1778354328,1240,1289.7978961418944,265.9549816224251
1778354328,1241,1508.6206535879764,136.67367457275878
1778354328,1242,199.0752973954724,180.3210904303199
1778354328,1243,380.8607062488361,276.76634032963983
1778354328,1244,1326.6084341146357,195.17752892344024
1778354328,1245,284.3098593639186,341.7379694080912
1778354328,1246,1667.2596362837485,253.0871690562416
1778354328,1247,1428.399221148127,340.8196455384086
1778354328,1248,997.4572000865852,343.8026178365678
1778354328,1249,1889.1081743923228,190.50343110995544
1778354328,1250,1430.292804638189,328.85422184180936
1778354328,1251,1415.0024732956624,353.3438751401817
1778354328,1252,1602.4555785959058,231.45989381883857
1778354328,1253,3823.558071335525,63.90777576007426
1778354328,1254,4716.553574789669,169.94474401964524
1778354328,1255,1306.36846060884,260.0973116231653
1778354328,1256,1079.0561933974866,213.46695849019105
1778354328,1257,1332.9381163655416,354.86196677765923
1778354328,1258,1588.1292555325874,54.415067557705186
1778354328,1259,1492.2161301321498,204.53220583386465
1778354328,1260,756.9155996337793,226.55410518682214
1778354328,1261,293.92026009868545,215.23507310685642
1778354328,1262,206.50543305054876,216.00999080590165
1778354328,1263,173.87010661007042,74.94681929867448
1778354328,1264,243.04692481015363,181.33608680688567
1778354328,1265,1149.2868917133974,195.30278681960294
1778354328,1266,109.52334784422146,69.47652469293801
1778354328,1267,1098.807521138321,201.73412302761201
1778354328,1268,297.74237690263226,157.81480545839034
1778354328,1269,1024.7659299756476,340.120274031351
1778354328,1270,880.0993448402968,257.98097912089696
1778354328,1271,1500.3179525104442,333.8806307357096
1778354328,1272,1317.1109924231557,324.08507898727214
1778354328,1273,713.1433466018573,175.6898570506108
1778354328,1274,2844.5261247702915,125.9145433659605
1778354328,1275,736.2026247356362,283.03382991654223
1778354328,1276,964.9283391785222,309.18270564171036
1778354328,1277,1410.470320059054,337.6862081030259
1778354328,1278,582.6625766638875,40.4628698707946
1778354328,1279,1001.4508291681718,336.05488980752193
1778354328,1280,317.30789603757216,86.84528018883964
1778354328,1281,1979.9678303866633,189.9283421007705
1778354328,1282,2264.403870498616,139.40619720270345
1778354328,1283,383.1094337748625,86.54944987450561
1778354328,1284,1391.3469679460263,180.7069068408551
1778354328,1285,1296.2566203622746,349.54214153817776
1778354328,1286,1142.1900177613038,133.42566907044719
1778354328,1287,2607.130299793742,142.96535059359772
1778354328,1288,1336.1296592791532,143.38675601995655
1778354328,1289,1550.5905293486358,335.3510316502526
1778354328,1290,282.90551532242375,355.23275451361724
1778354328,1291,281.25242027242683,109.57680036462948
1778354328,1292,236.18754951362598,43.53779567565732
1778354328,1293,1353.9673111808931,138.56598987195153
1778354328,1294,1223.248781147494,325.7457695747121
1778354328,1295,1120.0359249339645,123.06750348630686
1778354328,1296,1402.83180615663,59.466083306442684
1778354328,1297,1567.108981881401,143.48819639853085
1778354328,1298,327.07721763173066,277.9792331617872
1778354328,1299,1480.8542624693212,101.19381608846405
1778354328,1300,362.5561970026282,53.06747595979498
1778354328,1301,535.536587821263,214.3924885103396
1778354328,1302,1427.86444521823,339.5414102640413
1778354328,1303,225.21766151310646,250.00659857856203
1778354328,1304,387.8858759882838,179.17020487515902
1778354328,1305,1002.5438824146627,333.8326420129372
1778354328,1306,955.4366191416751,286.73422525925906
1778354328,1307,1504.589570400238,354.51948428396673
1778354328,1308,1143.7658575410112,324.24230133957343
1778354328,1309,1886.8358786292797,180.01052383188906
1778354328,1310,488.363814113984,289.7371631921547
1778354328,1311,1387.3735503180505,341.85701712738165
1778354328,1312,2630.0703599786125,132.38087546461333
1778354328,1313,1097.2830810258981,342.45111749390617
1778354328,1314,1507.664514168576,238.12608872439944
1778354328,1315,1335.0156692901683,354.3382207627768
1778354328,1316,480.86759602741625,184.9384506402436
1778354328,1317,563.2548869148203,136.5473700371313
1778354328,1318,1119.346912680489,337.4036514998133
1778354328,1319,1463.8004883815659,250.46555120272498
1778354328,1320,641.0319948707163,244.75101946538854
1778354328,1321,1653.1081662602376,204.7218060922608
1778354328,1322,806.0958470923997,143.75103749337862
1778354328,1323,536.5946155119317,199.71104036183246
1778354328,1324,326.9366319022042,182.01016194912003
1778354328,1325,1096.2240768738552,321.8344529470944
1778354328,1326,638.1592961712951,281.49408787719386
1778354328,1327,902.1075159827127,297.3822189881588
1778354328,1328,574.1884548164361,232.24806820615052
1778354328,1329,567.4398067819278,285.69296628561995
1778354328,1330,1181.7527244186765,158.51703055378744
1778354328,1331,1390.5196534436527,331.2287397355988
1778354328,1332,1341.7687178074889,331.15235173615383
1778354328,1333,1077.5136605815983,243.2215763401714
1778354328,1334,1499.8563895307202,246.90007263277244
1778354328,1335,1302.6901431415952,353.0569344172016
1778354328,1336,397.7522082929709,130.8450573201903
1778354328,1337,1481.8240864238019,329.1353964946148
1778354328,1338,634.1201343758368,144.90159218113223
1778354328,1339,1232.0793525480713,132.93728154220796
1778354328,1340,1947.111398566349,208.2954485462578
1778354328,1341,1219.0395381313297,150.0460511234046
1778354328,1342,656.8005473464412,283.0706064851886
1778354328,1343,3417.750529051102,86.87386591277772
1778354328,1344,1495.4650465342556,206.7746634937332
1778354328,1345,326.03719828207727,73.49386042995475
1778354328,1346,1744.535440158256,69.0393938645442
1778354328,1347,1081.201312894033,235.74384739127052
1778354328,1348,735.10407998176,361.57006088829246
1778354328,1349,1458.8336059527194,327.30729607887065
1778354328,1350,1672.495217079742,232.6790284117565
1778354328,1351,1642.1845164015913,161.97846696486428
1778354328,1352,845.6894020396228,233.49259406137858
1778354328,1353,1714.5012769401478,112.26183690583127
1778354328,1354,956.9915668943164,249.1361125398036
1778354328,1355,2771.847346839089,130.42210549765954
1778354328,1356,1546.0089795686977,213.64889143603855
1778354328,1357,1586.536661005459,158.8626375562454
1778354328,1358,588.226611388124,85.32951422221444
1778354328,1359,1701.828737650488,185.5728621447378
1778354328,1360,157.5977723383248,68.92737730031136
1778354328,1361,1004.8207753362158,242.6317861125828
1778354328,1362,1213.8669120122154,340.55639072986736
1778354328,1363,498.31535383777066,44.1921884782498
1778354328,1364,1497.6327841629166,333.98687420350564
1778354328,1365,1516.0577286752293,166.15804608318908
1778354328,1366,1769.3630845527528,51.11448871825095
1778354328,1367,492.5482864024461,348.39383552407725
1778354328,1368,1147.0442523023141,334.1521835636074
1778354328,1369,495.42596466710904,220.3985335251884
1778354328,1370,320.85374579887105,176.63072186700057
1778354328,1371,383.0969403588097,83.66155654968102
1778354328,1372,993.7363272081997,342.91131188564475
1778354328,1373,1324.2022943864008,329.9762128094322
1778354328,1374,244.39532147749736,46.14964851801315
1778354328,1375,1250.892703915768,118.3376236245752
1778354328,1376,1622.9540668618345,226.2656626067541
1778354328,1377,933.9342429154881,337.48085357599325
1778354328,1378,1009.9789740864247,60.49370595674972
1778354328,1379,1331.0827842463639,342.23306305271007
1778354328,1380,1049.552573015687,261.0168404807238
1778354328,1381,1563.8414414209503,242.00503358821004
1778354328,1382,872.8006903218148,160.0339012730994
1778354328,1383,779.7699648766459,218.94233214292197
1778354328,1384,1472.9812519368809,336.2715405609137
1778354328,1385,1701.3568728515668,228.25803778257972
1778354328,1386,1442.4065811608984,211.15439916340287
1778354328,1387,601.3307831925933,41.29238235407427
1778354328,1388,1865.38737546908,222.61894614740154
1778354328,1389,3175.354791542335,128.58872670215484
1778354328,1390,1072.6967632222625,331.07018760570605
1778354328,1391,915.7543534754533,48.110247962118166
1778354328,1392,2520.0022995583054,79.18527448904904
1778354328,1393,1416.0883340246974,347.6250899580084
1778354328,1394,1314.588761810496,349.23106312559986
1778354328,1395,863.4544239211467,156.25842516884154
1778354328,1396,124.49846159557006,61.77606371323721
1778354328,1397,1525.3571827146318,99.88514657293089
1778354328,1398,1059.3986593682191,147.78429195767885
1778354328,1399,1143.0725516392527,146.4114923585203
1778354328,1400,3884.0690390325663,95.48095542263336
1778354328,1401,499.79482122721555,187.71428503643574
1778354328,1402,1385.3308252468157,144.58123366540198
1778354328,1403,1061.390688462828,341.20299698030726
1778354328,1404,94.80333045421918,11.405736945691213
1778354328,1405,1314.8983920026806,334.162619493704
1778354328,1406,372.2564721479228,69.49129753642048
1778354328,1407,1555.5632486312775,337.69848978269323
1778354328,1408,765.869461108978,353.37681852969223
1778354328,1409,1294.70813941703,254.55651045007977
1778354328,1410,1491.2323364927497,324.31189217599564
1778354328,1411,853.312567088924,141.87418130583606
1778354328,1412,664.062295418993,61.5366549067784
1778354328,1413,221.0676750773719,132.2220437627041
1778354328,1414,1718.5749956409634,201.4725811382407
1778354328,1415,4586.629632749218,122.8090273688821
1778354328,1416,1104.3655691753634,345.92343846798775
1778354328,1417,90.98488352522688,82.46957882249984
1778354328,1418,104.50630104164584,32.653443143185896
1778354328,1419,422.36650893342573,204.31648260525043
1778354328,1420,1716.315788586584,274.59104595056607
1778354328,1421,431.5686075438108,188.19191512307765
1778354328,1422,854.7799262926138,288.5961988422414
1778354328,1423,1142.6155089873098,171.58507956843198
1778354328,1424,520.7225547449868,180.6902478141045
1778354328,1425,950.9171431940711,336.9702975971408
1778354328,1426,360.35875448376885,81.42902153755831
1778354328,1427,1018.9546063484606,236.8834053139735
1778354328,1428,714.5195822082754,165.83976049360464
1778354328,1429,2042.6902073844249,129.6951343638895
1778354328,1430,956.4301037887303,332.15554714275794
1778354328,1431,1313.3873858876198,214.49809686429725
1778354328,1432,1826.2552695971085,228.64926442835818
1778354328,1433,418.31963407306324,20.210482307047855
1778354328,1434,639.6557572802121,104.18082613941785
1778354328,1435,1257.142361091156,343.0512862599419
1778354328,1436,446.39166906857685,204.0227450156813
1778354328,1437,1398.4811787687604,127.29500507666533
1778354328,1438,1238.9280488679613,352.0250866568325
1778354328,1439,1739.532054065168,142.3166010628255
1778354328,1440,874.4583481261568,189.66030288938896
1778354328,1441,992.7178713925839,337.09497587895703
1778354328,1442,536.3368272360175,73.46022426091002
1778354328,1443,307.71006796985694,118.59160862301343
1778354328,1444,1963.4514618505652,82.61023375621448
1778354328,1445,1459.285397835231,252.6315486608519
1778354328,1446,444.1230522929257,209.4649460101113
1778354328,1447,1208.085570875895,205.68823257628065
1778354328,1448,1520.6184550120413,329.75226094532854
1778354328,1449,1728.4259754791335,184.10772610058322
1778354328,1450,4741.723742490352,112.58980854208178
1778354328,1451,1270.1833771525544,345.49030364790315
1778354328,1452,1264.5870889078694,159.92964552353237
1778354328,1453,1755.4833921655118,212.60772741519713
1778354328,1454,1148.4462786019117,216.24490516478238
1778354328,1455,1456.494384816985,145.14907802219793
1778354328,1456,1848.6581237020127,184.68200297336278
1778354328,1457,390.9858144954281,119.39767661618775
1778354328,1458,189.86821003851054,109.0819672284077
1778354328,1459,649.6309233714464,229.61762297783218
1778354328,1460,216.6930441397616,107.90301375162564
1778354328,1461,1425.742539792916,355.46278224521234
1778354328,1462,368.5366866186314,183.80048989377323
1778354328,1463,1233.9328423996244,214.62935478266508
1778354328,1464,1671.4328691110743,274.76208812648895
1778354328,1465,982.7085174506759,340.8031284001297
1778354328,1466,1587.9460032386723,128.06467557449471
1778354328,1467,1734.0971872888535,136.75738986984368
1778354328,1468,1007.6720159304947,281.63141828895016
1778354328,1469,1538.837949062566,326.5575590777149
1778354328,1470,915.4492935181615,73.21110690212183
1778354328,1471,592.3478976952604,99.05060226603358
1778354328,1472,1399.0163251065483,238.59829173233373
1778354328,1473,997.5526300565894,232.363983560373
1778354328,1474,1845.0964871084293,137.67545328230727
1778354328,1475,1752.2191710578782,74.64614855328261
1778354328,1476,746.4789035772143,345.5023287872089
1778354328,1477,898.4776145147227,146.97167296852822
1778354328,1478,1667.551168831967,211.9903077868707
1778354328,1479,609.0198425961006,278.8177912899969
1778354328,1480,1520.4087862891017,136.5662225057145
1778354328,1481,1166.8101766645468,205.79747727304562
1778354328,1482,1956.1719953110585,128.8461974292858
1778354328,1483,926.2495599515715,319.7125117579716
1778354328,1484,1183.0661895255569,343.5004475110079
1778354328,1485,1051.1087143257557,321.4541129203975
1778354328,1486,181.13171038830907,101.02329417862747
1778354328,1487,1106.3771515205488,336.93032522264303
1778354328,1488,1646.3316404663851,335.5496644411623
1778354328,1489,1311.8320121624463,335.7595315356656
1778354328,1490,2013.0017500024444,222.261003505268
1778354328,1491,392.6968802231197,314.07615377314306
1778354328,1492,1166.87041221359,134.78367515591128
1778354328,1493,1871.0346446350861,232.92951937122234
1778354328,1494,1393.0122055681359,342.21561503600395
1778354328,1495,290.49209472326714,138.6249713959361
1778354328,1496,177.47163865494355,187.70334411001068
1778354328,1497,1396.5213357132773,353.6098436921152
1778354328,1498,425.7792313147202,200.55403163181396
1778354328,1499,2351.7076869176417,139.43192956558602
1778354328,1500,975.4900372456809,134.5275865652124
1778354328,1501,356.68069154139965,76.29116673842023
1778354328,1502,426.8495688624222,15.32584967148494
1778354328,1503,1534.3950746424046,223.75355537060602
1778354328,1504,389.78201561327467,312.6934474014255
1778354328,1505,788.0624387715851,87.56034638377224
1778354328,1506,681.5763564509074,255.35163524085493
1778354328,1507,1566.6784144217409,113.6374794901633
1778354328,1508,1379.7567503454454,135.10394869106344
1778354328,1509,1049.4980101902636,323.48160838458716
1778354328,1510,1495.5882098322375,332.8739094324112
1778354328,1511,503.7289499718354,38.08563198563188
1778354328,1512,350.01441882335706,227.99928047001913
1778354328,1513,1272.4987903818524,352.8102142339734
1778354328,1514,1276.7489573919122,237.43912096797519
1778354328,1515,1266.604303693833,325.17661474969384
1778354328,1516,419.91480400041456,16.656202020971605
1778354328,1517,1350.4592723801557,333.78060389421205
1778354328,1518,1394.5269380292514,339.557663240465
1778354328,1519,1040.944820282754,332.66459652194123
1778354328,1520,890.8884533110868,235.50388808795185
1778354328,1521,1032.6463531738448,232.8271627796845
1778354328,1522,295.7634967268464,107.0609499167235
1778354328,1523,886.5683985763857,325.74049951306955
1778354328,1524,1531.4547528516362,278.1653529768087
1778354328,1525,1895.9212835351443,197.20255108469104
1778354328,1526,1126.3428018905054,336.3895688152856
1778354328,1527,1266.4470395443714,343.421156177502
1778354328,1528,619.2232305523241,247.00011146845415
1778354328,1529,173.8200802585566,47.66112971316584
1778354328,1530,2511.729689796188,177.63620568158834
1778354328,1531,944.9443993427999,336.3649246612064
1778354328,1532,1048.1101206006103,245.3245693494865
1778354328,1533,460.88324869550775,253.62602603704212
1778354328,1534,695.2916767892673,269.1802313718763
1778354328,1535,1298.2396122848384,332.66766292965804
1778354328,1536,1516.2226084056529,178.5165897089095
1778354328,1537,2102.9320652284946,135.6473712876119
1778354328,1538,1862.1086499418507,210.98590534347528
1778354328,1539,316.37187357185286,137.92305643820052
1778354328,1540,1400.7258800313741,332.722202264198
1778354328,1541,217.54310008639305,33.97085926980442
1778354328,1542,1137.8857166644311,307.1668184234798
1778354328,1543,1073.9617772344268,140.2526551038042
1778354328,1544,1213.0821403473399,352.3893763256337
1778354328,1545,1334.07906665256,62.10831597299886
1778354328,1546,5932.819046909109,142.20513073664486
1778354328,1547,418.72748087250676,213.45510356808134
1778354328,1548,445.07143484955697,216.65517016924022
1778354328,1549,2209.1315539543302,151.7592039588142
1778354328,1550,829.386237360247,116.26676038785183
1778354328,1551,399.99476674228316,264.65016620490434
1778354328,1552,629.581153471408,249.31278004432016
1778354328,1553,985.5361574675283,316.8109199606012
1778354328,1554,1953.467592792725,205.79479207518085
1778354328,1555,1007.7532094167165,210.75791310849505
1778354328,1556,552.1468599981115,198.9627041351355
1778354328,1557,1185.048279598504,69.14075094097545
1778354328,1558,1427.2039828979914,334.34820868792696
1778354328,1559,2759.1342475301667,142.70795793818314
1778354328,1560,1318.4527555652264,208.57817700154445
1778354328,1561,476.35871565225,70.1682971480935
1778354328,1562,788.7643701926418,311.4900629228198
1778354328,1563,657.6932026295578,233.3700027560012
1778354328,1564,920.1847118850704,226.8520702165117
1778354328,1565,4768.626660683903,115.971371853792
1778354328,1566,1386.5829238188783,173.59950541965716
1778354328,1567,1211.9404153316173,338.595977604641
1778354328,1568,1390.4808478013751,342.7841521924179
1778354328,1569,1090.9829424536595,174.64707230971229
1778354328,1570,299.3817473134102,32.167118533063174
1778354328,1571,843.2900707628448,145.1196659053966
1778354328,1572,426.72376991745824,47.180205738270836
1778354328,1573,1346.896061774312,345.20714695823074
1778354328,1574,464.32218453357916,62.80706162100841
1778354328,1575,1575.3514205630217,324.7586096391065
1778354328,1576,1086.4133308689056,329.4731261523231
1778354328,1577,664.3679781205699,247.00692351721835
1778354328,1578,373.126200050954,201.59383086841393
1778354328,1579,354.9876055353274,24.43572161477722
1778354328,1580,614.492669985185,287.28539096473617
1778354328,1581,1926.7153958861065,142.3327705166471
1778354328,1582,1320.4332852012828,313.54690756574877
1778354328,1583,1220.8131394508453,234.5413091311242
1778354328,1584,1538.7659472929895,217.40542376394572
1778354328,1585,1544.0991249422168,262.6981781759681
1778354328,1586,160.8445179806849,29.087237718815157
1778354328,1587,488.9591973448482,323.0654177191754
1778354328,1588,1526.572466436112,174.91806114002438
1778354328,1589,502.5209692924269,33.387665502885135
1778354328,1590,892.0739542350304,306.1117608560314
1778354328,1591,625.7459766408009,321.27543827369385
1778354328,1592,1090.8483564721055,234.68304226505302
1778354328,1593,610.0748810405731,180.75396981300662
1778354328,1594,1290.3831624423758,251.04309414453465
1778354328,1595,884.1098219579425,253.71005215196243
1778354328,1596,1533.4142790783746,144.07764514766603
1778354328,1597,457.1921693959526,230.43297490785253
1778354328,1598,625.3913910980854,325.3699763101121
1778354328,1599,1259.9406584399862,342.2367325987436
1778354328,1600,798.108471949668,294.8926721737847
1778354328,1601,703.8045152396006,178.05698387583786
1778354328,1602,2096.40890568,214.98307493385553
1778354328,1603,2420.019433170658,121.00075621779759
1778354328,1604,1006.1692334223227,72.92246965018029
1778354328,1605,314.1143085400597,137.35292176381316
1778354328,1606,1163.0244800078651,337.7640240253906
1778354328,1607,781.2866475284726,261.2666885595641
1778354328,1608,1325.700082407993,329.1693338371757
1778354328,1609,525.1167444875346,166.72408711626042
1778354328,1610,2519.447874134035,137.94964154690695
1778354328,1611,1083.1787162675078,266.5826084423561
1778354328,1612,743.1922515664676,251.5121967273425
1778354328,1613,704.6540694630675,292.82454163654336
1778354328,1614,1385.9589652215939,332.823866319631
1778354328,1615,739.0768598378868,286.6143405769446
1778354328,1616,612.7337523819302,310.1652521262688
1778354328,1617,850.8370460994148,141.8981471645561
1778354328,1618,377.5065201399201,328.36438855982897
1778354328,1619,355.14226637439884,39.80540562157492
1778354328,1620,1429.3314959002826,135.66841236030973
1778354328,1621,1539.2836132716873,198.97895364502654
1778354328,1622,1350.3104044112827,129.62001926057218
1778354328,1623,2336.774892934148,195.4199510944466
1778354328,1624,747.1513181107938,221.3429263190947
1778354328,1625,6413.981848872984,127.33282793885493
1778354328,1626,1281.3425215001016,203.6504668882541
1778354328,1627,1534.3210116148161,165.76550297247508
1778354328,1628,932.7373693506888,180.08689083615153
1778354328,1629,1366.5925706191722,329.965962227067
1778354328,1630,1285.9822822774934,348.0500062208188
1778354328,1631,831.7703988241494,237.00843061668317
1778354328,1632,1268.2240016888875,343.0822866956731
1778354328,1633,720.6550881286338,141.58968129340232
1778354328,1634,2863.097753323913,167.57506190358544
1778354328,1635,1158.9502452659565,205.4181698186248
1778354328,1636,674.5094380204653,191.3198447839081
1778354328,1637,755.9017677452043,290.6040902266458
1778354328,1638,982.3759821621319,327.2974596203678
1778354328,1639,732.2270897247898,288.9021984565577
1778354328,1640,1429.4117526863738,332.26832606356083
1778354328,1641,1179.0619181123045,148.49887684374266
1778354328,1642,1209.1450752244514,310.0960563082703
1778354328,1643,750.5509815073124,279.6829162713437
1778354328,1644,648.8125306895496,166.67444023692775
1778354328,1645,1782.1636623945224,128.3900174398724
1778354328,1646,1181.026165562474,336.1421107129062
1778354328,1647,298.98239324333974,76.93275802750543
1778354328,1648,1125.7450768852946,225.51504316731376
1778354328,1649,720.2479202939767,228.4359759215343
1778354328,1650,1203.544992750002,213.23738529366176
1778354328,1651,1077.853565492256,91.48290249719217
1778354328,1652,1462.3100571904101,334.8174832444681
1778354328,1653,718.4411642837148,17.080039577918825
1778354328,1654,990.5781824165313,282.2252388091855
1778354328,1655,281.6948821921861,130.07547538339804
1778354328,1656,1149.0019648807206,148.5211592104866
1778354328,1657,574.3783291514529,288.7916120673935
1778354328,1658,1055.0639077167993,260.1567617826441
1778354328,1659,452.69707464462294,123.23611045101684
1778354328,1660,1495.4338783869273,217.74081797215126
1778354328,1661,362.5550888302972,170.96012464036974
1778354328,1662,1972.5536941634743,156.42694945680006
1778354328,1663,643.9701581270444,223.3580674471441
1778354328,1664,1262.0427097079298,254.66112046333478
1778354328,1665,1404.9258321663115,143.06064717646967
1778354328,1666,290.99598877209604,98.0367962324952
1778354328,1667,1169.4947965066208,144.33758946377907
1778354328,1668,375.6595022203484,76.16692959932591
1778354328,1669,249.86127629840263,72.60990019633289
1778354328,1670,1077.6980303791934,101.59355951793071
1778354328,1671,1200.5388260798732,161.5992043690049
1778354328,1672,693.5521783434943,243.5788270260024
1778354328,1673,505.56119463772455,227.69263125862025
1778354328,1674,1777.4785900146085,133.16855348461863
1778354328,1675,1370.6750011675629,329.1495533701857
1778354328,1676,645.5707875255627,253.0060100369584
1778354328,1677,847.8265324986796,341.63293853150424
1778354328,1678,1675.6921754929006,194.08620891566443
1778354328,1679,15485.823517791598,134.6411256776811
1778354328,1680,1293.9660953471775,333.62840781095423
1778354328,1681,261.89566288700456,306.97645198907486
1778354328,1682,1248.4071543047467,146.06884164808773
1778354328,1683,866.8586394235359,324.93987237619945
1778354328,1684,1492.234673301915,147.17904657294312
1778354328,1685,1975.9250987945854,218.14636553564074
1778354328,1686,185.37743038006937,211.64150312111752
1778354328,1687,802.145366388015,188.8437306429296
1778354328,1688,1225.7272974515286,252.28416498792288
1778354328,1689,689.8996828006749,313.66858927605836
1778354328,1690,1674.462205647021,195.77445214365846
1778354328,1691,338.2865269896118,11.935778037090282
1778354328,1692,909.3347286843798,237.36295591017387
1778354328,1693,235.88695881378436,226.95015623471488
1778354328,1694,589.3062827504706,37.46533101654185
1778354328,1695,1126.467234674666,125.37849371378533
1778354328,1696,686.295781115447,345.96698925665464
1778354328,1697,1018.8274626870382,139.38018440706458
1778354328,1698,736.6722758069993,67.28244869267868
1778354328,1699,1379.750599382767,38.20830680966354
1778354328,1700,666.0478736428009,264.1809494741007
1778354328,1701,956.1390610925561,327.82369153026826
1778354328,1702,2758.852220297489,132.62160882245576
1778354328,1703,1115.5452037469627,334.3391944886449
1778354328,1704,393.36748170029796,81.82675139365085
1778354328,1705,870.6212484923211,327.4992512805619
1778354328,1706,226.3459939724842,131.70869738176242
1778354328,1707,568.8131773333822,333.8778880747719
1778354328,1708,875.1067318521341,284.8737113798734
1778354328,1709,1513.299573384079,136.72802013886383
1778354328,1710,1216.3774762443988,339.0588898833619
1778354328,1711,1678.8335641778692,329.19355222262897
1778354328,1712,2121.7073613921953,137.4301982546306
1778354328,1713,956.2271447461317,326.8538682993634
1778354328,1714,1899.7538793115057,130.29512481370762
1778354328,1715,269.51042474595306,88.29652408725867
1778354328,1716,1021.4674313984231,216.72553093814395
1778354328,1717,947.7987258991,338.7460181100573
1778354328,1718,1768.6086696326054,124.68963306925623
1778354328,1719,1479.2899450048321,319.99929026509716
1778354328,1720,1016.7542057342434,298.6407745684084
1778354328,1721,1418.527642557347,339.9959111553236
1778354328,1722,1480.8875098927658,332.6345979327486
1778354328,1723,751.6501936906707,150.29151476530996
1778354328,1724,1742.3024838345775,178.92216873901307
1778354328,1725,1234.7563407885564,334.80160780299076
1778354328,1726,1005.3538273145289,323.42664969696756
1778354328,1727,540.509984906846,253.60291517358223
1778354328,1728,698.6390031850908,266.09547638533917
1778354328,1729,2587.6062605595316,145.50740180639988
1778354328,1730,975.6208456924444,291.89743641177546
1778354328,1731,451.23130766865154,78.13221534706726
1778354328,1732,976.0817511023504,277.3670353506949
1778354328,1733,1312.5353429734535,321.5061292866236
1778354328,1734,1151.4164883312444,345.37230715040465
1778354328,1735,232.49268496168798,348.3920167255018
1778354328,1736,1197.6801886559547,326.78059863893134
1778354328,1737,1330.07988303413,181.98978198773008
1778354328,1738,1295.4725228122581,324.3965235741651
1778354328,1739,1048.8189551108935,314.24865793451283
1778354328,1740,1657.8171243877719,144.49702783878965
1778354328,1741,961.8280849240639,324.6031880337083
1778354328,1742,1637.6679811778554,205.3137699033023
1778354328,1743,305.94549763547064,71.55060640637015
1778354328,1744,258.5846378875938,79.33976195790031
1778354328,1745,653.5966419065998,224.6681913819792
1778354328,1746,639.8592244302997,255.13289204256364
1778354328,1747,726.1739317416891,294.841084834708
1778354328,1748,235.78055759432195,73.56410277612092
1778354328,1749,1460.3358429378218,137.97745942852015
1778354328,1750,1085.2453519324242,321.32278752515606
1778354328,1751,471.1034977460911,121.06433445243317
1778354328,1752,824.7032319557471,228.61233392423745
1778354328,1753,667.976661018584,237.75802586822
1778354328,1754,496.90850136526115,244.4219258778807
1778354328,1755,480.74199045074937,223.2753920496237
1778354328,1756,702.5732315133466,266.60215355295037
1778354328,1757,298.8870041966513,325.7036838893976
1778354328,1758,2418.1907372801406,160.75416220825787
1778354328,1759,1287.8954066952822,141.80280912691185
1778354328,1760,869.6411780076288,142.77012590521457
1778354328,1761,409.20029401781,60.8292400285264
1778354328,1762,368.163062688438,109.90647535513686
1778354328,1763,785.2711002657974,106.39117307313506
1778354328,1764,2667.495590236252,130.75849745694555
1778354328,1765,1878.0634906012162,157.38866715360157
1778354328,1766,1784.2242357842524,131.45775966348077
1778354328,1767,1260.362527767347,154.44903232261606
1778354328,1768,988.8548212997039,326.96973110318623
1778354328,1769,630.2739917080514,229.8792204426687
1778354328,1770,2487.8877732146025,122.78220427408877
1778354328,1771,480.6826376207737,53.559134618087405
1778354328,1772,994.1899051212334,243.1039757051797
1778354328,1773,944.9480104907474,326.54921720073054
1778354328,1774,629.1217338648001,224.6184906140687
1778354328,1775,1142.845681268478,338.32878638400274
1778354328,1776,1187.7407766585568,342.35781859798567
1778354328,1777,959.7859904485529,267.2693444016245
1778354328,1778,839.6765160361392,375.30000155379116
1778354328,1779,435.1378311853664,255.46228285180334
1778354328,1780,1109.7544716856282,253.14101832576222
1778360895,1781,268.6648597181543,16.03811105518143
1778360895,1782,3984.1623297715037,141.72054124088564
1778360895,1783,832.793495499476,267.99943129751523
1778360895,1784,1496.198194567758,222.6004510897482
1778360895,1785,410.6475493669276,192.0019401071174
1778360895,1786,1296.8485632555141,331.6175489238665
1778360895,1787,1818.0174270107261,183.16595599463002
1778360895,1788,1365.0688029845248,130.41729764447004
1778360895,1789,502.5188328190014,185.24292840778185
1778360895,1790,339.6735038064174,67.10636582260179
1778360895,1791,694.0116379086282,106.3182601369732
1778360895,1792,1535.497914203985,133.40560667676488
1778360895,1793,1579.6282648132017,336.59529474100174
1778360895,1794,1764.2800806149967,191.05433323464794
1778360895,1795,1183.2224333619845,156.09123628155018
1778360895,1796,1785.4515561706507,227.2277213950016
1778360895,1797,1231.1722243735,221.08874181583005
1778360895,1798,2149.3184377856637,154.20885650268633
1778360895,1799,962.8178503069701,111.38268975046401
1778360895,1800,1623.7620620033288,113.11233685087748
1778360895,1801,1108.5832466913723,339.3763967332682
1778360895,1802,1177.255647269011,342.64508930834296
1778360895,1803,649.1233024159795,217.8069976557463
1778360895,1804,1190.063282109635,152.33845221194306
1778360895,1805,852.3025710175486,250.17465537212993
1778360895,1806,1487.7573589573324,339.36214140311654
1778360895,1807,571.9501617606968,330.0549828438184
1778360895,1808,1778.310682007661,181.47567289159207
1778360895,1809,1868.97508979118,200.9013906884758
1778360895,1810,1033.5832613487403,206.14471306966735
1778360895,1811,993.5403574241521,322.49772483585525
1778360895,1812,775.9148104956091,304.5056468732973
1778360895,1813,550.2279714002116,128.40378198754948
1778360895,1814,695.0970571174913,354.93831689335104
1778360895,1815,373.7694997532226,26.95458313819264
1778360895,1816,950.3824029825805,235.71974773599374
1778360895,1817,354.05789343138025,160.69962421790973
1778360895,1818,692.2024394056925,272.64978773725244
1778360895,1819,1354.877856676609,346.7814852964519
1778360895,1820,374.17632774772846,145.5260038129042
1778360895,1821,1632.1596379510693,206.1270982643716
1778360895,1822,2737.5087485128524,123.22458169525302
1778360895,1823,869.5901997366462,330.9481623617341
1778360895,1824,389.1525256487457,178.8518923819232
1778360895,1825,1945.2208931871148,128.14593156894662
1778360895,1826,1059.6922507991703,155.04361600381685
1778360895,1827,576.2632633574233,356.0648393605462
1778360895,1828,700.5094442614144,258.10121873568943
1778360895,1829,962.9325780840147,351.2656541797181
1778360895,1830,829.8139601812218,274.7052449242904
1778360895,1831,1449.5797704942574,219.27103158806392
1778360895,1832,659.47098860401,322.5590157787512
1778360895,1833,602.7905518456348,307.5670337156896
1778360895,1834,414.51236357660724,202.03650014678388
1778360895,1835,1423.4978331410205,135.89729872984913
1778360895,1836,858.6310233694046,330.34771173666195
1778360895,1837,1162.402493990152,135.57824218912546
1778360895,1838,1341.5913938713302,183.01942089448482
1778360895,1839,2339.962916204538,159.39380110170026
1778360895,1840,516.8587963964068,25.648243027194873
1778360895,1841,1338.3573197770884,327.2998361725072
1778360895,1842,735.7846424707656,297.0339592208304
1778360895,1843,1207.2288166718708,345.96822382213725
1778360895,1844,1156.843686026382,336.96230153833596
1778360895,1845,1336.8714754468442,196.49661158747332
1778360895,1846,1596.5040888392457,323.9907132340988
1778360895,1847,1676.369374278624,341.18409859741143
1778360895,1848,713.7885066112503,186.4680131125755
1778360895,1849,914.7286821817527,329.132117668813
1778360895,1850,904.1004575083522,223.7465266699069
1778360895,1851,1050.6459344863063,327.241019914642
1778360895,1852,489.8170858937507,214.91728033589308
1778360895,1853,235.60464228537805,118.7675305530134
1778360895,1854,2715.363366673077,115.85366439079851
1778360895,1855,686.4231663259367,278.10176461446844
1778360895,1856,943.0914667403268,330.333050257819
1778360895,1857,2301.1788565506295,124.67970404142211
1778360895,1858,2991.1401006463357,131.32118243123065
1778360895,1859,1641.8202596923609,210.36213325468856
1778360895,1860,783.2298416667084,80.29508657757485
1778360895,1861,999.4891575099962,332.5964008175878
1778360895,1862,1550.9108060753995,193.5646591486976
1778360895,1863,551.6398781835982,354.8213976987339
1778360895,1864,870.2166790889054,206.70771647373795
1778360895,1865,1359.9937303400109,340.38153294495214
1778360895,1866,235.0373957989728,20.772325163561593
1778360895,1867,579.0818128691911,248.24601137276724
1778360895,1868,1425.564958602855,142.56579327732646
1778360895,1869,621.3287732953233,130.78819789023132
1778360895,1870,380.27509610683825,359.64876851477766
1778360895,1871,829.1589451931918,145.68612128287913
1778360895,1872,1541.9545289644145,205.9737044122109
1778360895,1873,1087.9128773702266,282.3805852608638
1778360895,1874,1447.2570709802894,145.22080120626703
1778360895,1875,709.4380695805182,240.2086938823243
1778360895,1876,379.82185792446546,300.96137009473125
1778360895,1877,296.8252490222144,231.85313505943546
1778360895,1878,395.82931840161285,280.22713901827933
1778360895,1879,679.7295454805223,269.828686941071
1778360895,1880,2009.7574543761473,193.00473261025826
1778360895,1881,336.7581703720867,277.01674893038665
1778360895,1882,382.7108954468591,26.39765812119092
1778360895,1883,905.4331061334123,332.34934573931906
1778360895,1884,1149.03425903574,204.60410157942
1778360895,1885,1354.0524488324265,207.29217306781632
1778360895,1886,1102.0616321004184,187.7476347840493
1778360895,1887,198.78480806454124,55.450242014287596
1778360895,1888,176.74032287688377,167.62815908037362
1778360895,1889,952.5688388412316,337.8117322361197
1778360895,1890,505.0052083475231,129.29150873871464
1778360895,1891,475.14973707527133,97.94779681329159
1778360895,1892,218.7075739077966,47.551429524533575
1778360895,1893,358.6602624183912,179.11804285437609
1778360895,1894,942.834483747673,337.65639517558157
1778360895,1895,729.9926966970405,180.33598888579328
1778360895,1896,146.1603836106318,69.75176630613312
1778360895,1897,1357.7501616395089,347.78635704606984
1778360895,1898,1255.7503456437219,259.5561771861552
1778360895,1899,453.7493048830439,91.53065479001795
1778360895,1900,889.7390140487634,354.7900536334109
1778360895,1901,536.8238517255427,187.04955194241225
1778360895,1902,2780.4959903269078,164.35541342727097
1778360895,1903,788.2142493069731,258.8655840338113
1778360895,1904,116.86175948969274,108.44376652953943
1778360895,1905,959.6370911270297,345.218532435099
1778360895,1906,1222.196753741644,276.84613498844067
1778360895,1907,1112.7463311156248,254.91790877547797
1778360895,1908,709.5906470258154,293.4453962645567
1778360895,1909,855.4167137597457,247.71654159602576
1778360895,1910,257.3673953911057,327.2419554944414
1778360895,1911,2024.8567437855877,144.9730981957598
1778360895,1912,1705.9640561844485,192.511545597586
1778360895,1913,508.91277492698265,51.5310734887859
1778360895,1914,568.397292395011,172.23795024699587
1778360895,1915,897.7131740496525,223.10733053588166
1778360895,1916,844.439720105351,325.15182219274084
1778360895,1917,623.2615506110304,88.80433581826307
1778360895,1918,324.14128404312396,258.2788614006059
1778360895,1919,1349.391356144781,125.51683000352826
1778360895,1920,1749.79087592818,207.64220923703658
1778360895,1921,1262.656046126646,332.3748200101313
1778360895,1922,2003.9024819151277,181.98167999074087
1778360895,1923,867.8411375122787,251.6598313598923
1778360895,1924,966.9543315384274,225.66476504208327
1778360895,1925,459.5416794871407,357.824999087833
1778360895,1926,1607.5259560265627,200.55496780234952
1778360895,1927,551.1283817875142,122.84603520715004
1778360895,1928,410.5857458637316,417.7575879961935
1778360895,1929,685.0190550537801,144.63571212291458
1778360895,1930,395.51804390612966,69.86641991793716
1778360895,1931,1230.38877131894,222.89707360608608
1778360895,1932,266.59866685989215,81.24240137953406
1778360895,1933,945.0940329049662,28.16429347963475
1778360895,1934,1211.3221968471294,333.7965160975974
1778360895,1935,631.8225385032952,194.3702900099689
1778360895,1936,776.650482550843,309.0634296517342
1778360895,1937,609.1256393488588,214.04310940221328
1778360895,1938,112.36726330352352,35.03042581820412
1778360895,1939,1187.6055423218513,321.1980074909494
1778360895,1940,865.7112055016102,323.1467202568173
1778360895,1941,1137.41252044689,308.23523772114123
1778360895,1942,1011.9622291538032,249.87644039199057
1778360895,1943,2131.3959002082684,134.55136621656646
1778360895,1944,732.9002826781123,245.53797760381207
1778360895,1945,348.1585481424258,249.6476483663435
1778360895,1946,277.79043033011806,72.66964859446428
1778360895,1947,155.11166991030595,68.24681645548658
1778360895,1948,872.0122559262359,144.30260789409752
1778360895,1949,635.1746390432,276.1291961716622
1778360895,1950,640.8948319091514,159.99930966691653
1778360895,1951,1251.9310959269176,218.82027191920693
1778360895,1952,1289.819412095116,343.3870764644559
1778360895,1953,680.1402540628827,164.88638491275148
1778360895,1954,1063.9903575419362,254.2977688116464
1778360895,1955,556.3639133721177,194.72085687192939
1778360895,1956,2299.7330993932515,178.49120731440038
1778360895,1957,993.5323880290799,237.03331936915575
1778360895,1958,901.809883090582,49.1492894510145
1778360895,1959,221.02075037312625,248.32086053051376
1778360895,1960,654.8580173826671,261.41782236545055
1778360895,1961,1132.130640751663,309.99281673862987
1778360895,1962,865.6920780860889,168.16453372527096
1778360895,1963,382.84452627181383,84.27563060036815
1778360895,1964,1080.7717950475692,139.8499893575026
1778360895,1965,2174.841302856369,91.92452838512253
1778360895,1966,1386.3443307310988,323.31342601332085
1778360895,1967,2901.495411914889,58.64537962677367
1778360895,1968,1750.5006425802305,180.55057008246288
1778360895,1969,1717.5081965677787,135.77583149679987
1778360895,1970,443.55367537784895,64.64983970923534
1778360895,1971,468.43508096479474,255.5450234843011
1778360895,1972,868.5242924383894,129.4835860315609
1778360895,1973,1389.7093829320552,131.651821732139
1778360895,1974,1130.750000857247,336.32651108861216
1778360895,1975,1415.9209429520827,326.27703507418005
1778360895,1976,1538.5091372493393,186.217697336267
1778360895,1977,355.60229957514315,130.89066713153676
1778360895,1978,1447.35096030988,228.1482967832544
1778360895,1979,529.2376517842334,349.66697710717
1778360895,1980,2967.648932823322,132.6390216059805
1778360895,1981,1780.2393776241638,195.72202704553663
1778360895,1982,1015.3384104675877,95.37896863711623
1778360895,1983,552.9789135899932,343.3954410804311
1778360895,1984,1456.1468490944815,212.80247463804494
1778360895,1985,591.9082077664987,122.3688214995459
1778360895,1986,323.7293186190202,124.40783134282998
1778360895,1987,1667.3077028296339,197.617316793191
1778360895,1988,883.5347765600322,240.10231836187802
1778360895,1989,1124.3504659004725,198.37417231276856
1778360895,1990,1996.5130733553478,205.9162025998206
1778360895,1991,1481.7081365939634,303.92807098655834
1778360895,1992,3539.8044980139125,134.6741540543248
1778360895,1993,378.1837819357509,272.6400750054275
1778360895,1994,687.2117940227595,253.29553913441362
1778360895,1995,987.2101376799984,205.3275971187474
1778360895,1996,273.8713787839043,42.93191786151198
1778360895,1997,1031.5391921584292,341.50113342175695
1778360895,1998,1975.3225210862074,123.40206574575885
1778360895,1999,2381.2908501510997,131.94817550479334
1778360895,2000,1153.2206348431455,336.4880119852801
1778360895,2001,2044.3203084453883,119.83826444574753
1778360895,2002,901.1615326835863,323.43685195663306
1778360895,2003,1079.029875615943,232.3303909248995
1778360895,2004,1620.4907410738083,186.27233620340988
1778360895,2005,1137.0293947855919,130.6679430716411
1778360895,2006,1282.5347017242796,249.6056496154478
1778360895,2007,372.76627017227946,328.6030957546678
1778360895,2008,929.0640945336928,336.32120848477507
1778360895,2009,243.7743265391046,277.36947316991643
1778360895,2010,4454.468535536113,146.08396892822904
1778360895,2011,1047.5744872412154,340.56209575346577
1778360895,2012,1734.7343350019464,169.37244156193523
1778360895,2013,1545.0621456626752,189.4237312680836
1778360895,2014,391.365831985657,67.30566325749999
1778360895,2015,170.74203164684582,15.798502962470854
1778360895,2016,1299.1055393424183,196.7699404506483
1778360895,2017,275.5998493654825,52.39943992080392
1778360895,2018,197.82669276330662,25.812567691212593
1778360895,2019,1103.3933788155427,272.84122024803736
1778360895,2020,3708.341293721374,119.98308299631223
1778360895,2021,1038.0263361501093,172.75882288314534
1778360895,2022,1045.4381952775477,148.25307077472928
1778360895,2023,176.3379840197076,83.06514684913805
1778360895,2024,651.0385368908791,65.51707354908531
1778360895,2025,504.9605725803314,277.34621325130183
1778360895,2026,590.2528541323065,186.3479522506482
1778360895,2027,2321.8952260504675,168.85804610850985
1778360895,2028,872.7076631336994,247.61902198659817
1778360895,2029,219.06728667950262,226.26229661639618
1778360895,2030,558.0689305682379,357.11492460312036
1778360895,2031,1523.8789981452487,120.46215648872737
1778360895,2032,1037.0771534632624,149.72318733763524
1778360895,2033,718.1492788819819,313.56244356040503
1778360895,2034,160.5622903926345,110.11819780754152
1778360895,2035,681.0586262724319,275.8813057614139
1778360895,2036,1754.2140177813105,138.17289921241388
1778360895,2037,890.7639357741933,181.87819408816154
1778360895,2038,1243.4400945553266,225.0442837941388
1778360895,2039,277.0906164336104,195.00442217944783
1778360895,2040,949.6400399253998,318.2104409053165
1778360895,2041,595.7853540373607,176.30998182694813
1778360895,2042,1249.1379354659423,344.5206342498723
1778360895,2043,415.67752357144434,73.90793380404308
1778360895,2044,1348.0389506470276,322.2084594392854
1778360895,2045,279.75430070285785,286.60109714981576
1778360895,2046,409.91459231286615,398.13700595702875
1778360895,2047,131.23410719597845,84.70892300520732
1778360895,2048,1286.120527097633,128.11485405347267
1778360895,2049,1163.00430015114,341.1704155741631
1778360895,2050,1344.9985914339168,306.1740536986257
1778360895,2051,2341.198777226018,217.1782249322423
1778360895,2052,716.884316896307,264.86278033887316
1778360895,2053,1124.372491523822,333.34359731588904
1778360895,2054,737.269109297131,246.33864919570476
1778360895,2055,1090.2983053040507,286.8867649927036
1778360895,2056,397.6863748699684,153.87896999045108
1778360895,2057,1111.3858612061076,196.95545469344802
1778360895,2058,339.8512007589746,320.05143539561186
1778360895,2059,486.8933536515498,347.5383394737518
1778360895,2060,956.4827710060238,231.00075505061153
1778360895,2061,274.583083034968,54.035509884160774
1778360895,2062,469.4098892114981,294.32470235584736
1778360895,2063,1829.9485055317607,142.8843207704036
1778360895,2064,631.0876456796493,278.9894204645852
1778360895,2065,647.237218023048,256.80157625384555
1778360895,2066,1345.5059853023995,337.5219900882263
1778360895,2067,1990.558230356383,126.89572458487302
1778360895,2068,5004.133076539378,113.20447716060691
1778360895,2069,862.2993654627055,293.1343117835193
1778360895,2070,874.4066788764364,320.76987194033217
1778360895,2071,538.3041216707427,182.84058805086775
1778360895,2072,1368.2845322318892,138.26299394410523
1778360895,2073,1002.807953288604,127.3058690626825
1778360895,2074,636.5432080080437,294.7964756078315
1778360895,2075,458.37871062747104,204.87142731295774
1778360895,2076,1061.409012534261,158.37407513277847
1778360895,2077,500.8090243790252,80.6285143948465
1778360895,2078,506.20917357585853,99.28409724609345
1778360895,2079,465.91619897889615,229.3405487486729
1778360895,2080,557.6240385804973,416.37174066204017
1778360895,2081,1754.5687533636521,176.10003017235636
1778360895,2082,1068.1442500256182,121.51172293757011
1778360895,2083,1099.17031689932,346.2450562088731
1778360895,2084,1736.7893692219072,169.9969498477881
1778360895,2085,1334.3733948460508,336.3557567567813
1778360895,2086,767.5589530282566,282.8068920723448
1778360895,2087,1820.0522869973768,247.2683536519946
1778360895,2088,1634.4400214931231,127.71186944034159
1778360895,2089,1924.071521766789,134.5635461381146
1778360895,2090,794.5002482821739,250.85090876585159
1778360895,2091,515.3048708191808,97.98632085739017
1778360895,2092,500.528183238768,319.1182094606564
1778360895,2093,1544.0579087785336,209.12640290532298
1778360895,2094,2187.5408589738136,157.59442527910844
1778360895,2095,140.16931524947927,18.636137686903353
1778360895,2096,894.9818600265072,117.254173039255
1778360895,2097,1201.3020925398896,161.67784199306467
1778360895,2098,1033.3218314560859,343.78888705768935
1778360895,2099,1237.8199152208883,323.5076545967064
1778360895,2100,1151.7245288450674,342.52619056658716
1778360895,2101,719.8965964734522,288.34920517974683
1778360895,2102,2402.597833684397,159.7938925979693
1778360895,2103,171.04029530630297,144.04958380270037
1778360895,2104,1093.0031307233864,325.52752851223306
1778360895,2105,365.6528667517588,119.91192952065073
1778360895,2106,229.44275381823138,19.908097129398467
1778360895,2107,428.2412033370973,87.53957943870029
1778360895,2108,880.9235888855787,259.525043929655
1778360895,2109,1157.0691592931578,268.0934024421869
1778360895,2110,742.3931184789004,329.77982042723823
1778360895,2111,1138.125528357341,147.85989561484624
1778360895,2112,3211.5338129391,148.52495616811865
1778360895,2113,2308.7171330097262,150.89114192718503
1778360895,2114,547.22460121093,181.80197697883008
1778360895,2115,1742.4263955500817,252.85254829205573
1778360895,2116,1099.4228948933942,338.9539255137553
1778360895,2117,389.99512404182406,273.23698246693533
1778360895,2118,1473.9862866684437,168.9945320953867
1778360895,2119,1178.3688477162698,254.55043636992806
1778360895,2120,777.3790893888832,262.68569020459347
1778360895,2121,533.5390685278305,205.91529530709607
1778360895,2122,414.57493931560464,280.4126185833764
1778360895,2123,1153.8378319667631,333.66846655035914
1778360895,2124,1099.1951876355336,313.7541773446691
1778360895,2125,1739.0503613325536,224.02044063173653
1778360895,2126,136.383611436139,36.99311887952226
1778360895,2127,1195.7482166377488,263.56565634723313
1778360895,2128,2074.4775603195408,162.29415548248045
1778360895,2129,252.959094456285,158.35971483042678
1778360895,2130,1610.582447391786,148.1623973834376
1778360895,2131,1428.8674686037812,169.69640870688227
1778360895,2132,1231.1806457720113,325.8616459178857
1778360895,2133,1270.2757178625764,317.06192559407884
1778360895,2134,338.53463357599094,167.95664069423046
1778360895,2135,1521.0004259136263,331.84536650646993
1778360895,2136,667.3792785006375,235.21417270061133
1778360895,2137,1457.9658366585486,153.04640266680101
1778360895,2138,791.2023943684509,300.3363915665521
1778360895,2139,1607.3607115894947,155.56369787038474
1778360895,2140,864.1866749969752,248.26949776189085
1778360895,2141,779.3045758185121,233.21864814060686
1778360895,2142,239.48487215195848,254.41281871229742
1778360895,2143,104.76212866145725,47.02964522767147
1778360895,2144,108.76053078178597,62.96726592830983
1778360895,2145,1331.0427304205293,142.49758448997525
1778360895,2146,2283.6475189744324,142.4617211099206
1778360895,2147,1499.083861975168,48.80614074104695
1778360895,2148,893.2660701070891,145.43615747717575
1778360895,2149,1189.5135147195938,344.5607544322276
1778360895,2150,1609.4973880202851,218.2257129780104
1778360895,2151,1045.9444058773308,230.35834289999676
1778360895,2152,1688.4379420309288,145.42639539757585
1778360895,2153,1464.6325122888175,182.59791481036606
1778360895,2154,709.6299349107381,97.79358609126403
1778360895,2155,1754.364042539059,196.7428043705674
1778360895,2156,1274.3876190302076,228.2649148539312
1778360895,2157,1632.4566287146781,246.67263166480063
1778360895,2158,3230.3049184082042,35.46790913934704
1778360895,2159,1050.1302800285468,337.6106219228854
1778360895,2160,1307.8066571876686,218.85317283283004
1778360895,2161,1709.8029848231622,173.17589591099687
1778360895,2162,693.8399884164629,211.63934448110098
1778360895,2163,1371.834508767218,186.79037604358498
1778360895,2164,988.1252194160465,336.9466133355469
1778360895,2165,1294.1364849085069,322.59461452115676
1778360895,2166,1142.1265991166829,219.8091682570756
1778360895,2167,1392.4735952214078,328.45715807636583
1778360895,2168,646.2499689116244,221.501620300808
1778360895,2169,764.7416526571734,284.1389106779618
1778360895,2170,1258.0854322993996,236.32232065308258
1778360895,2171,799.9239503709122,222.88076638162883
1778360895,2172,231.83848056485002,100.13427974894908
1778360895,2173,1314.1625906727274,206.4918795843187
1778360895,2174,1803.336220925285,148.00337446908398
1778360895,2175,1822.3990946994104,220.31573638518654
1778360895,2176,2236.4345695186576,177.18007472686654
1778360895,2177,1838.6928028783846,207.2331536978885
1778360895,2178,2298.0821830757027,139.27212964201877
1778360895,2179,1248.535158510888,232.59213780300828
1778360895,2180,615.7902133357214,327.8122092011782
1778360895,2181,977.8586857748313,203.73119292808244
1778360895,2182,150.49676132441374,102.50426825006244
1778360895,2183,888.8867219968332,359.9130667182312
1778360895,2184,1153.1258139342874,227.59414631796798
1778360895,2185,1279.8193454297925,349.55854498192645
1778360895,2186,1210.6672967044872,206.56985624047402
1778360895,2187,1147.9211433797432,342.81612711030647
1778360895,2188,344.4725242363799,439.773335906385
1778360895,2189,1125.8984789871472,344.1741302112123
1778360895,2190,176.30432243572818,248.25051284873726
1778360895,2191,967.195439756984,118.91863596212046
1778360895,2192,697.1022599222586,45.437736027246736
1778360895,2193,929.8735809833983,183.13674773412743
1778360895,2194,1625.5519015525292,190.61005291744152
1778360895,2195,209.16679465339104,233.30820062254642
1778360895,2196,447.0765809620003,347.980510699131
1778360895,2197,1198.1284920704986,217.72165973631095
1778360895,2198,999.4933013086579,344.39653837678003
1778360895,2199,1340.8379385019643,321.6571466091091
1778360895,2200,593.3004858262494,180.0212225646492
1778360895,2201,1040.770134950432,156.40661130047909
1778360895,2202,761.9585979235159,239.50272489314804
1778360895,2203,1227.2449423338146,137.46257579169588
1778360895,2204,331.9445326667494,168.21585382909967
1778360895,2205,751.6966521494974,145.48224172262422
1778360895,2206,1792.1646438060532,147.1710930056573
1778360895,2207,792.1690261062768,80.3084218493909
1778360895,2208,3698.376341271852,146.41128091217058
1778360895,2209,1670.7988217851082,230.7086691308793
1778360895,2210,1872.2051284799913,192.77068679823176
1778360895,2211,1229.6072295522642,141.10662588642896
1778360895,2212,1241.8520190605152,335.0146096433984
1778360895,2213,1037.8768000507264,209.1984113738107
1778360895,2214,2023.9472127541105,182.58910932763203
1778360895,2215,1769.2421547752112,143.39441316796945
1778360895,2216,1365.5157021449093,331.6314789000066
1778360895,2217,796.1301066327256,85.5707334012559
1778360895,2218,1111.503054541937,274.9440834889488
1778360895,2219,1255.4117479617755,332.04078576462393
1778360895,2220,781.1969829001135,265.4427997717262
1778360895,2221,1606.209083567012,148.6763566924049
1778360895,2222,621.4639925940678,415.88717961053646
1778360895,2223,539.986123627113,135.8248755463085
1778360895,2224,651.0663281705312,259.28062552743296
1778360895,2225,1057.8037996500068,95.64369961035425
1778360895,2226,443.2121659759045,227.2415548116499
1778360895,2227,754.2238563687107,88.40007035265481
1778360895,2228,511.9708966334105,343.7439082050249
1778360895,2229,1469.158721534597,256.3127021965238
1778360895,2230,1316.2701615545366,319.1193842015194
1778360895,2231,1925.6023930293227,232.32534430866386
1778360895,2232,1409.294548216237,85.19581878918686
1778360895,2233,1049.3206203403258,179.7731962777889
1778360895,2234,1705.5314324640035,175.9431114143541
1778360895,2235,2285.0729797098484,217.13807158052907
1778360895,2236,797.5941068786394,242.13857171238368
1778360895,2237,1300.6417239975365,326.8171808751476
1778360895,2238,1346.152519616746,183.11229434111024
1778360895,2239,651.7707543821023,321.41882135141515
1778360895,2240,420.28575393889867,233.9991961422727
1778360895,2241,394.23399018078936,34.6693644034655
1778360895,2242,810.052717449997,335.74749191074255
1778360895,2243,417.8300676064964,44.15500364783161
1778360895,2244,363.27218590345626,91.52320393866188
1778360895,2245,770.4061091344772,297.0647488077161
1778360895,2246,1145.7726699875361,337.91467180139006
1778360895,2247,1048.9109049850404,335.43272148857477
1778360895,2248,1852.239452181595,228.62020154088992
1778360895,2249,327.3375771001478,282.2914172846048
1778360895,2250,341.3818029599703,110.95255337959604
1778360895,2251,948.9150630736189,314.600078693832
1778360895,2252,966.1157911625747,341.42099913509594
1778360895,2253,839.2632041784609,147.22861955752467
1778360895,2254,1128.9515567122214,345.0226261693018
1778360895,2255,2137.0188825778114,172.67653094481062
1778360895,2256,586.199749393352,81.68550442674089
1778360895,2257,719.8805906768783,381.6512006599983
1778360895,2258,928.6500734624841,52.09010937920487
1778360895,2259,1189.6101455019827,335.63821633816
1778360895,2260,138.02618936271648,26.420399681940722
1778360895,2261,1197.790837215807,236.1042307722409
1778360895,2262,413.8367991365293,281.91847446230287
1778360895,2263,1613.9808154436453,141.23008558796934
1778360895,2264,273.96231169885766,61.27585865790372
1778360895,2265,1373.9850960308522,326.17377022447005
1778360895,2266,1313.5351622679643,333.8210238311938
1778360895,2267,310.9873550865073,230.93555122964148
1778360895,2268,1595.4909082625563,197.66530935401516
1778360895,2269,1286.357865601359,329.7662778074559
1778360895,2270,545.4053495896053,337.54946637529594
1778360895,2271,1178.1566389566156,335.3646748172279
1778360895,2272,1346.125516419143,335.2055121279801
1778360895,2273,757.6035601592026,272.4824160989372
1778360895,2274,363.59810363406,162.86052442398426
1778360895,2275,844.7352455222118,341.9532864508309
1778360895,2276,979.9698204391417,315.0779430134203
1778360895,2277,1539.8892362297343,149.11298942856664
1778360895,2278,444.7126152720586,142.65040376833892
1778360895,2279,1235.4202457428653,114.20914585149679
1778360895,2280,1234.5340390919332,192.98013814988226
1778360895,2281,2057.2056110205153,204.70726750006733
1778360895,2282,337.967648462041,292.8678579396181
1778360895,2283,614.5034991816505,214.12522534260194
1778360895,2284,403.0219839391057,129.89802457049402
1778360895,2285,1796.2093769534,190.64811037873562
1778360895,2286,1129.5854493158113,309.0027237374413
1778360895,2287,1673.811156027184,145.02191153701372
1778360895,2288,444.89845380040043,30.223805355621558
1778360895,2289,1066.2211369718098,336.25441022255796
1778360895,2290,993.9534729905166,120.30179391241238
1778360895,2291,677.666702859921,184.82895373367234
1778360895,2292,957.9298578803075,307.99016906663786
1778360895,2293,887.7357317257547,226.24376118052774
1778360895,2294,1061.0475722582335,268.6170952506187
1778360895,2295,621.9560035328356,190.64406892477695
1778360895,2296,1220.6374577380134,126.92084358444184
1778360895,2297,277.44881578419796,216.41074229009652
1778360895,2298,2048.595466331248,206.20683920303966
1778360895,2299,1058.6800219081372,145.8645656515793
1778360895,2300,1156.7253207114238,360.67293437988997
1778360895,2301,1065.2194973244098,261.1036206687239
1778360895,2302,1882.2087926125532,199.4357438807294
1778360895,2303,1873.7852264574672,151.14598382989053
1778360895,2304,740.629980169712,90.82847057101816
1778360895,2305,2265.310168028224,166.47619878684776
1778360895,2306,1396.9356844436024,331.2528608144488
1778360895,2307,1256.701196881604,327.6091773511891
1778360895,2308,1684.1973198417645,142.04538704326393
1778360895,2309,220.22788886944522,107.6027460504666
1778360895,2310,1740.6814545189857,120.68508278146452
1778360895,2311,584.2988667192762,216.0467879801009
1778360895,2312,996.6015062685889,310.7099377549659
1778360895,2313,2049.2168530879526,198.93963836289896
1778360895,2314,1262.9761638562697,227.29770636068585
1778360895,2315,1008.5882229584686,266.0241045210086
1778360895,2316,1350.2630426728715,339.49578319616245
1778360895,2317,920.3711558115496,141.47520139266956
1778360895,2318,1613.937284499755,94.09242338868917
1778360895,2319,281.51892312660755,133.8483959090268
1778360895,2320,1310.1989388409288,162.14131636863794
1778360895,2321,1336.3368346517839,355.5537885608807
1778360895,2322,526.3511232037039,188.4456587668182
1778360895,2323,490.8867537803144,164.76874705627438
1778360895,2324,194.7978660565586,85.38747977330482
1778360895,2325,1604.7343217471396,212.7076540491869
1778360895,2326,991.5784229984373,205.8388991928501
1778360895,2327,1147.734039239359,335.6497759466458
1778360895,2328,289.41985228124884,252.12799197505302
1778360895,2329,2672.2845986359753,122.34814854719222
1778360895,2330,1004.1741989881883,317.3969705039584
1778360895,2331,1918.9621501793179,203.9623791292529
1778360895,2332,317.13579546876286,144.82933202760594
1778360895,2333,1009.9154103252837,224.06714953463376
1778360895,2334,383.97911390438986,87.58009056138195
1778360895,2335,438.31137328763236,183.47515123084622
1778360895,2336,718.4387345857126,172.07971861060207
1778360895,2337,825.9475462362539,155.1211523391385
1778360895,2338,578.6977666646694,151.55366944642185
1778360895,2339,1054.106640499689,121.25383154149003
1778360895,2340,1143.7250142225844,335.24385431312123
1778360895,2341,412.4899195852863,387.38341997569245
1778360895,2342,1060.5598412093934,335.55394497072297
1778360895,2343,898.0436406593014,275.79555549608887
1778360895,2344,546.934068943464,181.81978932615837
1778360895,2345,381.1547324262397,34.09446391023152
1778360895,2346,1612.8296718572121,215.55957839671638
1778360895,2347,551.4988215231069,227.3226201733205
1778360895,2348,1687.6313472441595,216.2270188143602
1778360895,2349,585.9909191978479,367.46802990438766
1778360895,2350,245.74822650337083,167.96243651988823
1778360895,2351,740.9210494451648,185.44658969263745
1778360895,2352,543.890855084828,185.17104886407907
1778360895,2353,1380.528453701456,111.26216889972284
1778360895,2354,1699.0407306108277,214.36809313440057
1778360895,2355,867.4438016996364,76.17000819491739
1778360895,2356,738.6484998794399,364.0752074234605
1778360895,2357,1143.3601279388588,214.65396863386428
1778360895,2358,882.2969193182716,273.0483788600746
1778360895,2359,2346.6742627341846,130.79461176495815
1778360895,2360,1116.657643669658,341.01972842645
1778360895,2361,385.0976789179476,49.91234807512285
1778360895,2362,640.2381132648292,352.6082506168595
1778360895,2363,180.69762309613597,19.726550786165323
1778360895,2364,1045.7847565940867,322.16910606110946
1778360895,2365,440.23660245109903,235.42224436751647
1778360895,2366,1322.016655144699,160.74856042388575
1778360895,2367,885.2613324767404,240.83291132530144
1778360895,2368,844.7656115462567,330.49966410276255
1778360895,2369,782.8170316023917,210.11417555565387
1778360895,2370,584.892916555261,299.2837892805511
1778360895,2371,818.8329811461766,184.0489185928804
1778360895,2372,1407.5117964090482,313.44737343672114
1778360895,2373,1342.642981228401,145.48252104346702
1778360895,2374,1702.9845571556232,194.33901443526955
1778360895,2375,2335.4221239644367,179.09211518918903
1778360895,2376,355.88484025627025,206.14740492334093
1778360895,2377,1128.5777874797905,248.81375429216888
1778360895,2378,1147.8704120544578,147.6613140131895
1778360895,2379,938.1704451114658,347.76492426458725
1778360895,2380,1059.729788212456,324.3993134345315
1778360895,2381,1287.8511125387386,224.61405760791789
1778360895,2382,1012.9511695520874,337.2385085588808
1778360895,2383,630.8260681943391,250.91541630622322
1778360895,2384,115.45462979596766,26.682251448996723
1778360895,2385,1992.7227926144055,150.6027480370722
1778360895,2386,987.5075651755704,132.88734164099688
1778360895,2387,741.8130233819791,205.26931856257795
1778360895,2388,1851.2098072355486,194.8534918131537
1778360895,2389,814.2235610342952,253.82797441555485
1778360895,2390,184.6441662144418,140.61839041815446
1778360895,2391,541.6843933039374,308.0949641630275
1778360895,2392,327.4661166853809,373.4214467925586
1778360895,2393,713.2391310628394,134.70793130190052
1778360895,2394,258.37614663802515,244.19045362049803
1778360895,2395,1610.015953785287,131.7842518686712
1778360895,2396,4797.065262966428,134.25955465672624
1778360895,2397,922.2287717998477,211.17917072013228
1778360895,2398,1537.9487668221714,174.85399250641902
1778360895,2399,603.1430923748887,122.00795767330644
1778360895,2400,1342.4604805160534,136.61841127242099
1778360895,2401,1414.2417205295385,243.44646191388708
1778360895,2402,1041.0213248718874,330.56049890414107
1778360895,2403,230.57844226307017,111.78025460603205
1778360895,2404,1852.1915839276169,177.2641736310934
1778360895,2405,133.34167294659102,108.96478960304138
1778360895,2406,1602.548492769215,243.2835872987942
1778360895,2407,535.0792898106218,252.1156988340744
1778360895,2408,2803.067606502349,199.23219004886636
1778360895,2409,1838.5313801109519,191.6604430312312
1778360895,2410,675.061660113109,236.90693487478256
1778360895,2411,456.08713106141016,102.8854878023045
1778360895,2412,499.47847031507604,243.2035616868845
1778360895,2413,427.78308341534466,72.44618172551436
1778360895,2414,639.468717456664,114.87475588445933
1778360895,2415,1776.1316027377795,169.73347483381738
1778360895,2416,806.6073980382469,237.5932991042236
1778360895,2417,1031.9861366527794,342.58387412189103
1778360895,2418,1872.8079528413325,155.52851789812826
1778360895,2419,836.4546608025693,134.32901797547993
1778360895,2420,1635.4804048238695,144.93899717369166
1778360895,2421,708.259204528774,38.50350370617425
1778360895,2422,828.885647703077,204.5216172889334
1778360895,2423,774.9406237767836,227.71351474937234
1778360895,2424,1704.5358841561838,130.98365631265884
1778360895,2425,1095.6382536434364,319.18090188602474
1778360895,2426,961.1464142398708,141.15356101618113
1778360895,2427,981.6490783536821,343.53102355762377
1778360895,2428,985.9656448884416,344.13343265615504
1778360895,2429,214.72774402415254,71.41969210597208
1778360895,2430,858.3715337161337,330.13251877854924
1778360895,2431,911.6603922610115,268.64892737160017
1778360895,2432,898.4161808032426,259.4665351729221
1778360895,2433,1716.3872838233026,185.7743816558775
1778360895,2434,1183.5024505998583,332.12634627436375
1778360895,2435,320.6261622633868,371.3925300426462
1778360895,2436,954.3351861332725,315.2890465775435
1778360895,2437,474.8141486065681,53.16372394535555
1778360895,2438,1237.8182146960048,328.3954123085996
1778360895,2439,1004.8610131521141,352.35855370119566
1778360895,2440,307.49800021094336,161.41270542711374
1778360895,2441,1026.0262417861516,329.34947616944964
1778360895,2442,303.6745383050967,50.99857662752218
1778360895,2443,1424.359425999534,135.98620285693215
1778360895,2444,213.75590014157822,50.39404786329803
1778360895,2445,263.40971693440264,117.78509667861542
1778360895,2446,428.1824799186854,32.64615713055897
1778360895,2447,340.43494179280316,279.0741421851803
1778360895,2448,1318.4374061693397,345.5720999530027
1778360895,2449,1274.4947900013976,321.19937816712445
1778360895,2450,1456.246391437841,211.45099636051498
1778360895,2451,573.8305484075921,361.07161142131014
1778360895,2452,1117.5253884098227,136.57973346388854
1778360895,2453,981.8397690635051,228.99107906632287
1778360895,2454,945.4029132625977,133.7797367383105
1778360895,2455,1030.6034361450675,278.6839904991249
1778360895,2456,2446.1582190606923,119.0593278219196
1778360895,2457,298.0503361525606,244.50457026496977
1778360895,2458,434.006078220761,298.7719650950048
1778360895,2459,913.3771778718058,222.1248377555165
1778360895,2460,191.97410740987561,103.99017819813808
1778360895,2461,1423.0095053685095,212.74300339981343
1778360895,2462,1581.4251717742918,138.96564490340668
1778360895,2463,990.8503071649774,344.5154515703591
1778360895,2464,1224.877924231548,327.6288278610397
1778360895,2465,1489.643495087375,81.88587761215943
1778360895,2466,765.0594386928913,245.91773784788012
1778360895,2467,92.13174723625539,92.88570625704607
1778360895,2468,1454.5574874549711,325.9069153119417
1778360895,2469,1828.3520204605784,149.4400150569075
1778360895,2470,1500.9281253241004,191.26335248583993
1778360895,2471,2352.082879951504,205.66619259769445
1778360895,2472,1860.038238308927,222.78847940668282
1778360895,2473,444.56046492441135,238.62717762128347
1778360895,2474,919.7875191056035,316.2975841743431
1778360895,2475,1234.3493889865294,225.07074427903362
1778360895,2476,1169.654508693999,231.31373535437424
1778360895,2477,808.7172254199169,336.6215436805811
1778360895,2478,1573.8356786576312,131.96830005971006
1778360895,2479,1591.578652642526,180.21316190958316
1778360895,2480,1250.502415480562,330.377232787784
1778360895,2481,1061.4565737897908,315.4107966406773
1778360895,2482,1131.6096209114492,335.1423518775072
1778360895,2483,1446.4182242307704,85.02162234991805
1778360895,2484,1339.355700908145,266.38898600153436
1778360895,2485,1453.7560725794249,121.88228127828015
1778360895,2486,586.3708735252507,238.1207406817711
1778360895,2487,801.489272373,269.9967701444374
1778360895,2488,541.4613590086201,316.02763697078666
1778360895,2489,1146.8741424744017,184.83295385697926
1778360895,2490,1874.890724086624,95.75485544694273
1778360895,2491,1050.4531483554015,338.1290107698975
1778360895,2492,883.3962756035129,323.422800551949
1778360895,2493,2635.130818428931,120.6466578759816
1778360895,2494,1128.8020633478598,331.65149019876844
1778360895,2495,1137.4547363545025,188.70412497685376
1778360895,2496,1928.4413572872204,123.36820038197794
1778360895,2497,1530.21341411101,153.57380213760734
1778360895,2498,981.0169786742798,268.47010478305725
1778360895,2499,1063.301013180872,237.45607009675055
1778360895,2500,487.3135008649637,181.4351662699122
1778360895,2501,770.1495334885537,330.3053906178828
1778360895,2502,663.3359271443082,232.47674509962837
1778360895,2503,2128.3543947674284,214.7242564492663
1778360895,2504,818.680265644715,344.3919347661443
1778360895,2505,1820.7878303804873,138.31329993127343
1778360895,2506,326.8954191456342,70.85294165996058
1778360895,2507,479.657786724163,164.55063564087732
1778360895,2508,1132.0565224610712,336.23157900154257
1778360895,2509,1849.6831757949947,179.7738071581005
1778360895,2510,1403.7859534740523,244.17847165927154
1778360895,2511,1206.9368382148002,335.7251643884742
1778360895,2512,849.4785377577049,333.51692041500536
1778360895,2513,723.0782811766808,86.01826070343265
1778360895,2514,1127.4123011050883,325.2145345048304
1778360895,2515,1837.1492094953894,195.17033695388608
1778360895,2516,1075.1295880336197,325.39909547339903
1778360895,2517,1150.4209145357368,317.6727994707026
1778360895,2518,1696.8517159499972,40.03839384170738
1778360895,2519,850.3244769840375,237.64369624557153
1778360895,2520,2924.1464737786027,158.2520386696113
1778360895,2521,2286.9572996862303,146.52722651042248
1778360895,2522,1009.8783537441448,346.8729996190697
1778360895,2523,820.0833428193347,147.98688051865034
1778360895,2524,825.3624383918484,393.1884193244923
1778360895,2525,619.2045625552571,287.0214802136168
1778360895,2526,1846.5651184128058,161.70329875717349
1778360895,2527,636.6819124286689,33.47446791640227
1778360895,2528,2135.926973667778,121.6833342047373
1778360895,2529,1848.013912545241,147.34916256834558
1778360895,2530,762.8276216611798,236.5002850808416
1778360895,2531,1489.7899027006147,131.30495861216656
1778360895,2532,1711.3448034713022,191.7376615039667
1778360895,2533,442.113715298992,252.97187238704726
1778360895,2534,1019.250596827966,325.6131478183901
1778360895,2535,686.7414683852063,198.30257840965368
1778360895,2536,795.790060126054,334.8223206258143
1778360895,2537,1310.015072917341,218.13592601164177
1778360895,2538,253.38267511145625,250.9737117853219
1778360895,2539,146.0284856250804,65.06333406919894
1778360895,2540,1716.4546323669001,176.66756535584204
1778360895,2541,1349.4850206997592,195.10302168123903
1778360895,2542,1520.946208023276,224.37217191240174
1778360895,2543,741.1266666901731,241.8495148932375
1778360895,2544,524.646086676294,276.45534397045253
1778360895,2545,685.5296704945243,84.89110145469749
1778360895,2546,1370.90256340846,168.540164200585
1778360895,2547,1868.2151476644942,216.25434414285132
1778360895,2548,579.8767590298347,108.18165323000338
1778360895,2549,2000.2570497403533,191.550987402031
1778360895,2550,195.5917992103498,33.64045115303487
1778360895,2551,590.836758002191,311.66999694816667
1778360895,2552,2674.5080222198517,129.20092303247662
1778360895,2553,962.3583299798742,266.6378833705148
1778360895,2554,698.9148925658415,267.23101607047306
1778360895,2555,923.2927369405988,219.96330286972923
1778360895,2556,1701.1688034634667,58.86727136499977
1778360895,2557,1703.5007457592656,200.3571854503646
1778360895,2558,183.25353996792862,31.604907770494208
1778360895,2559,1042.3683818716881,315.4605830852646
1778360895,2560,1722.7586009691595,187.89913604824577
1778360895,2561,1726.3197227916696,175.11532294696278
1778360895,2562,448.53284503140463,234.8954546385062
1778360895,2563,878.4635678182352,303.3274467599839
1778360895,2564,1637.358343997966,206.72299095315364
1778360895,2565,1275.951496476782,328.9192782334358
1778360895,2566,887.6393981680341,222.7296687728094
1778360895,2567,375.1684131906818,194.38977013900447
1778360895,2568,387.88013939605315,35.10863259966539
1778360895,2569,1101.4331457349515,332.0381231810175
1778360895,2570,1244.3970103582267,167.25117429846696
1778360895,2571,1354.2066674225744,187.72136545995124
1778360895,2572,1052.619703537979,307.3223802738429
1778360895,2573,1259.9875000532695,324.34929366207075
1778360895,2574,1240.8400175836025,115.70223312200072
1778360895,2575,975.4171033607386,243.16334422974427
1778360895,2576,1436.6039694710773,130.48953078829834
1778360895,2577,1362.6540200481913,138.55840851806232
1778360895,2578,1203.360292364999,139.05258377828653
1778360895,2579,2790.441263491635,142.08788789177117
1778360895,2580,2644.9740351862647,128.69392290575993
1778360895,2581,1703.2291958325318,103.6737020393226
1778360895,2582,2540.8315048342615,142.7660330532976
1778360895,2583,1529.0667124701674,205.45736394606914
1778360895,2584,1103.7465095010407,225.81978073084963
1778360895,2585,1318.6184567037928,150.40676433161482
1778360895,2586,1116.6886049397667,331.8750267358279
1778360895,2587,1210.4299700761615,128.67502869763044
1778360895,2588,578.8495571842707,225.59074523002369
1778360895,2589,1720.5082354904341,175.73262062834064
1778360895,2590,949.8349216102274,142.14110823685579
1778360895,2591,2179.6136921790267,223.29709840749868
1778360895,2592,1059.4874033518086,313.65772216741607
1778360895,2593,870.3987671411169,212.10928398179257
1778360895,2594,932.4965731000467,131.53745951028273
1778360895,2595,1138.0086858470643,133.63992463616057
1778360895,2596,1109.2119422210255,150.35575634893559
1778360895,2597,1442.9359106529944,173.45665546633677
1778360895,2598,1317.536815395405,328.18834315881435
1778360895,2599,957.2950296842383,336.37074250976883
1778360895,2600,563.3047694738552,251.03412498143484
1778360895,2601,83.59887140637721,73.76548958581708
1778360895,2602,1868.242624504872,169.35351868353132
1778360895,2603,4704.347162165028,145.66573648122778
1778360895,2604,262.228541350021,216.36994878190447
1778360895,2605,939.0554674758837,122.49762405181086
1778360895,2606,402.30257393805186,222.42808858418874
1778360895,2607,537.5830446215815,195.40851160583517
1778360895,2608,699.7507824562005,74.83331558545912
1778360895,2609,1361.5210888403597,279.39197576790895
1778360895,2610,213.10029228049484,77.88385742305859
1778360895,2611,1617.3330058384622,142.20498415267326
1778360895,2612,953.2700465694181,332.60638203596324
1778360895,2613,803.6312890574918,215.099690306529
1778360895,2614,2569.523616840491,151.0447205204897
1778360895,2615,1595.12819502732,146.1368074690808
1778360895,2616,696.3277351633614,282.38739712322115
1778360895,2617,1740.3413522561666,72.24009895828833
1778360895,2618,423.8014235041412,28.082672957426126
1778360895,2619,968.8533878505153,330.2310584010119
1778360895,2620,1680.6579215507122,142.49609175544566
1778360895,2621,512.8969003282451,177.7827211301007
1778360895,2622,1231.578761949007,56.332258691105714
1778360895,2623,481.75089248414815,253.0607430722767
1778360895,2624,1046.222665718703,331.2480190022756
1778360895,2625,864.5476392059713,141.44583795615307
1778360895,2626,560.7035242413457,239.77592769774677
1778360895,2627,1027.6904720261266,334.1258350575191
1778360895,2628,786.1138455542279,328.6751267901354
1778360895,2629,664.8318442532992,219.4589419724479
1778360895,2630,1530.1162189086392,184.4372123870359
1778360895,2631,1299.3431245679615,330.07606732575204
1778360895,2632,971.9450226285359,334.66919079501474
1778360895,2633,486.1444025981688,44.011559973615476
1778360895,2634,329.54028143406293,107.84529274104807
1778360895,2635,699.3826214715764,199.35269407851996
1778360895,2636,392.4032947654343,71.49536664303045
1778360895,2637,1909.1476489195265,179.31800430351436
1778360895,2638,2845.2365919342574,120.06148460028722
1778360895,2639,345.4940417024722,150.0704811251267
1778360895,2640,2549.4498904478137,200.91098503939236
1778360895,2641,565.3661245162755,145.57118674913747
1778360895,2642,876.7631871203074,332.06197606048534
1778360895,2643,223.69148053594634,273.4472568140887
1778360895,2644,928.5601945468879,218.20430923336684
1778360895,2645,134.37019654956237,106.97865728130554
1778360895,2646,2698.312886906953,118.87187751651112
1778360895,2647,226.1565392678053,57.90009718651467
1778360895,2648,3733.149983123944,150.20856013691323
1778360895,2649,1032.6248727102256,329.41176386800066
1778360895,2650,2044.6245966356416,125.47248684398723
1778360895,2651,595.4476455687571,370.7782177800042
1778360895,2652,1408.7571056874165,221.90781749530393
1778360895,2653,2887.713159439033,143.21713472970697
1778360895,2654,1632.928132319261,129.2499204499731
1778360895,2655,1203.1523351458882,326.7924083997401
1778360895,2656,674.3609431214654,219.31911317631005
1778360895,2657,1209.4010225195393,334.129809698034
1778360895,2658,2622.440422825696,116.23422773076581
1778360895,2659,1116.2081674543392,123.16947412431854
1778360895,2660,1307.998205179051,214.84342584123482
1778360895,2661,432.36309658174923,252.2106946389999
1778360895,2662,1025.351430052926,315.73617575597655
1778360895,2663,1054.5366843870534,321.85536546810494
1778360895,2664,1082.553757384208,328.5706223478066
1778360895,2665,1229.0237957486368,113.08677798608667
1778360895,2666,273.03398962996914,149.23784655142424
1778360895,2667,840.1270976741868,254.69688598297043
1778360895,2668,826.7141091512899,258.815944284076
1778360895,2669,928.1795940306552,332.67909811922055
1778360895,2670,851.265795686865,156.19868484761952
1778360895,2671,1009.0884114323493,337.7497356383476
1778360895,2672,1021.573321738723,335.4118858348434
1778360895,2673,1054.215459961772,343.26133618276583
1778360895,2674,1018.7633665341338,135.66349066142982
1778360895,2675,531.1520557182432,156.1214875990675
1778360895,2676,884.9176052943805,341.3596316105673
1778360895,2677,756.5515006259053,251.79242829899505
1778360895,2678,1902.5137820488842,145.6279696361074
1778360895,2679,1338.4887735073162,124.90496641819645
1778360895,2680,1356.6328558416226,219.3950152707661
1778360895,2681,5093.80851797487,73.35338465115015
1778360895,2682,1582.1624802438462,163.97592291365203
1778360895,2683,396.3635243976573,205.2892928494816
1778360895,2684,948.8291482599229,316.7768576923117
1778360895,2685,2988.504138090812,35.86239845263768
1778360895,2686,1052.8380795377786,325.28736216946226
1778360895,2687,1089.492782512956,179.08515972930005
1778360895,2688,1943.4503622331838,141.05487101553334
1778360895,2689,1082.3302913737,130.01664202553962
1778360895,2690,2182.234409143341,41.66938975719386
1778360895,2691,882.4175290546931,336.1227150404971
1778360895,2692,2114.911348095716,134.62036959552034
1778360895,2693,1269.3951175719271,181.28523466561035
1778360895,2694,950.6006343690597,342.8433660518271
1778360895,2695,931.1132594444655,330.745207871196
1778360895,2696,1190.9309265456145,269.90695942258446
1778360895,2697,696.0820130798254,245.14292202255723
1778360895,2698,793.7421652004839,143.0970265146175
1778360895,2699,1152.6823969534948,324.4962601404906
1778360895,2700,888.4213627101619,276.3025099911674
1778360895,2701,966.9037697552644,231.63993539749296
1778360895,2702,503.1954776343397,336.16089319111165
1778360895,2703,1000.2451510782997,124.6224651060456
1778360895,2704,283.74321565540754,222.43891642350323
1778360895,2705,2467.9503827211606,123.81718984604147
1778360895,2706,1347.1082663779125,220.52598537998895
1778360895,2707,424.2592912425108,193.96454979858228
1778360895,2708,1217.024154337867,226.3085397383515
1778360895,2709,3237.3004303735856,134.81460379216992
1778360895,2710,425.24359919573544,187.04975104867972
1778360895,2711,993.1076166370021,332.73814641650716
1778360895,2712,2810.446053411393,142.1255929361934
1778360895,2713,999.6836813709426,331.10669640154754
1778360895,2714,433.0795519325219,124.06034712983704
1778360895,2715,431.7269111821247,243.27681366049185
1778360895,2716,688.2877508154196,346.11759701075505
1778360895,2717,787.3479902830842,155.32531224846286
1778360895,2718,906.1688801015456,328.4063793600948
1778360895,2719,502.7037412857651,114.84804256963173
1778360895,2720,403.2236490172219,184.643922759779
1778360895,2721,3418.3794108331213,133.59672238652928
1778360895,2722,1049.5765294993842,314.4635936860449
1778360895,2723,1214.6858952029195,147.59436354957796
1778360895,2724,1622.3086459334831,148.03439821794365
1778360895,2725,1130.4667326868987,325.27722814474015
1778360895,2726,1758.31017460554,138.83720820959903
1778360895,2727,1188.8118218912707,164.23013124031294
1778360895,2728,387.27104987487326,185.5052423310353
1778360895,2729,960.0951132639709,336.0408796914575
1778360895,2730,1045.0276872305528,151.52628194399097
1778360895,2731,738.9738997608536,337.8354072820391
1778360895,2732,1476.1807040887672,191.2272001790173
1778360895,2733,1695.3935306985095,223.2458126339509
1778360895,2734,230.50320473126195,63.65831995142739
1778360895,2735,911.0522563268428,218.79865515495453
1778360895,2736,4191.102359609686,141.0257463137624
1778360895,2737,2294.8663104871184,222.7358335419927
1778360895,2738,734.4818129575309,155.92928964896055
1778360895,2739,2499.403139545689,144.47887202955567
1778360895,2740,1626.0782721565,211.28650482647546
1778360895,2741,765.5548246892793,280.75118896242753
1778360895,2742,499.76103326671364,298.675236594785
1778360895,2743,682.4115101749669,257.6692480443327
1778360895,2744,1709.9224213939967,128.3108970436177
1778360895,2745,863.6026023084753,265.26514949088806
1778360895,2746,1477.0653015343553,132.7301410418083
1778360895,2747,974.6614713806989,143.9098111150676
1778360895,2748,1991.4627876941754,136.25354298091435
1778360895,2749,990.0867447505009,200.7990462346568
1778360895,2750,951.2107308793026,331.2703274628514
1778360895,2751,589.933812606204,209.3253444347618
1778360895,2752,4526.923768375444,152.0640407064551
1778360895,2753,327.78487395602514,348.73981926491024
1778360895,2754,258.85724364284783,133.11414655793251
1778360895,2755,935.8864240416236,133.429426502254
1778360895,2756,342.1767896211658,40.91391206736298
1778360895,2757,2780.5417469263,120.36364409530631
1778360895,2758,2170.1581390110014,183.03707728602026
1778360895,2759,1612.3361470417135,182.9914195817471
1778360895,2760,782.6612189618679,119.2253583052413
1778360895,2761,1167.472824839845,324.200066825945
1778360895,2762,320.48564904744154,195.62968807610696
1778360895,2763,937.2001206970151,330.93826819153355
1778360895,2764,958.1786128035798,224.40756218851192
1778360895,2765,1600.477831850249,156.0098433868961
1778360895,2766,1051.7049786333628,94.43140455845733
1778360895,2767,109.27925680551328,75.98170340262095
1778360895,2768,958.340437907956,334.587896609547
1778360895,2769,950.7949114805192,324.0882095056975
1778360895,2770,224.11950549731108,183.409896207022
1778360895,2771,3066.945741867253,127.15920684864813
1778360895,2772,590.5436968594934,132.8400300780016
1778360895,2773,990.7641302274749,325.43862013798866
1778360895,2774,991.5804993702914,329.7600466576306
1778360895,2775,1594.1695266491506,190.5683247868413
1778360895,2776,954.5216683441635,125.06280169440758
1778360895,2777,1098.434975087584,242.7690579441484
1778360895,2778,1168.2740286255398,317.97429983745474
1778360895,2779,422.3076808576204,222.0889794596318
1778360895,2780,795.7261847541934,237.03483863469384
1778360895,2781,283.4635319032563,135.1710080529409
1778360895,2782,962.6155030715214,143.99270288017797
1778360895,2783,1076.3393997236717,337.9900580148746
1778360895,2784,834.4945025725964,329.26501837326765
1778360895,2785,417.12744599818484,209.40734913027845
1778360895,2786,528.0988552795928,285.8647132779121
1778360895,2787,977.2027549226834,352.3222766973571
1778360895,2788,1628.7064921654453,148.949680883554
1778360895,2789,622.0451681195135,196.31283501047923
1778360895,2790,1095.3281300496835,343.19662984353107
1778360895,2791,1031.92726316491,330.774204768679
1778360895,2792,455.1418765632731,325.2980362328038
1778360895,2793,3091.913847633271,144.07401474331454
1778360895,2794,1452.0169054274209,148.91548421237988
1778360895,2795,515.592374689592,156.34558853354437
1778360895,2796,1169.3223550394637,319.5195159908527
1778360895,2797,760.9845445698464,323.5307208928785
1778360895,2798,1563.303765563483,168.29967225077706
1778360895,2799,959.5012134476452,245.01059336246496
1778360895,2800,851.0632310506918,339.4941528004961
1778360895,2801,323.97261308852813,358.16626822232195
1778360895,2802,1125.7243430276578,322.6330184116383
1778360895,2803,367.99195515186835,88.35850904843491
1778360895,2804,706.2568910798599,243.7086542464916
1778360895,2805,1199.550593915943,331.1051101824033
1778360895,2806,334.020853297451,229.57115038014877
1778360895,2807,866.6928438145206,166.4091363023874
1778360895,2808,2126.99491902853,177.07687146053706
1778360895,2809,2918.005744885615,153.26252471938983
1778360895,2810,835.2944058500707,335.9946812227413
1778360895,2811,819.5401631788245,180.63534145824133
1778360895,2812,477.5348080813832,35.3414670526475
1778360895,2813,726.0061243912558,181.76552593312238
1778360895,2814,1960.1883934198572,187.8067106676209
1778360895,2815,771.9252117204945,254.28488681565142
1778360895,2816,1069.7856495131452,235.1214212486759
1778360895,2817,947.1538695019392,180.88580056210418
1778360895,2818,2330.4705130368343,133.29007599653477
1778360895,2819,1119.8171054647291,124.29114355577283
1778360895,2820,286.81865946329265,101.79151801959112
1778360895,2821,1228.1531545443672,317.3842617901783
1778360895,2822,351.94743406208795,152.43324617101553
1778360895,2823,1556.2691809053754,234.18441719344554
1778360895,2824,1423.6776176301066,181.27821959541075
1778360895,2825,811.922558923831,332.93197599603303
1778360895,2826,1069.5909278674835,330.0393352998371
1778360895,2827,962.9891417966837,324.7732433492872
1778360895,2828,373.18545919759885,97.52937084286074
1778360895,2829,541.2103948596093,165.56430595533456
1778360895,2830,1337.8496310690396,319.12299778227845
1778360895,2831,531.9554225388304,243.65228235280696
1778360895,2832,620.0507932304477,173.66063395458278
1778360895,2833,3620.3577218791615,143.0157584008164
1778360895,2834,1557.9082760417778,193.00584781578365
1778360895,2835,834.2711064310555,334.7074666674114
1778360895,2836,276.09102393980123,183.03168501564582
1778360895,2837,1536.7004281510601,187.64824838770588
1778360895,2838,930.0575830729393,247.0848843806346
1778360895,2839,938.2555370532365,128.26647234995283
1778360895,2840,404.1566290386382,200.69941077293092
1778360895,2841,240.71038795581003,17.789352514446563
1778360895,2842,1632.6097879960557,155.53878628408327
1778360895,2843,1604.2239665593268,144.41836525696974
1778360895,2844,320.783596122705,117.94169447520949
1778360895,2845,326.2341993799112,66.84606874741125
1778360895,2846,1818.459050422103,189.05726157217094
1778360895,2847,749.2560853030996,288.7578230315354
1778360895,2848,2029.3773638001937,120.94317646591738
1778360895,2849,637.6592632802242,256.45185730823425
1778360895,2850,1526.3892258897881,173.628277718693
1778360895,2851,1094.1975439192247,206.03820893603782
1778360895,2852,2099.8311357744815,148.88012970963638
1778360895,2853,1534.5864194700866,180.8912991619665
1778360895,2854,1201.2333478396713,317.67601301188836
1778360895,2855,1041.14155525743,166.01471625538292
1778360895,2856,1703.3272974630397,150.8367424413994
1778360895,2857,916.8396920307002,337.246408330568
1778360895,2858,1031.4351936114715,320.56235863134424
1778360895,2859,422.4682955960189,245.3741223555912
1778360895,2860,926.6718051692312,142.7300987407584
1778360895,2861,1363.9771700055528,175.01412420573163
1778360895,2862,413.4856369199309,228.20712749126224
1778360895,2863,263.47655763819586,97.66984931341133
1778360895,2864,555.3931122476818,242.57228103261622
1778360895,2865,1879.8283007959233,153.36582807948164
1778360895,2866,340.13600354713867,121.30245878970582
1778360895,2867,2262.132841338026,144.10010835505201
1778360895,2868,975.4775999872958,133.0773699613339
1778360895,2869,1567.5537378056015,124.68225973633754
1778360895,2870,1222.956060500746,136.06210077213856
1778360895,2871,924.6901655728483,343.65136765542456
1778360895,2872,2170.750802761685,137.75740985122235
1778360895,2873,817.0924801632536,332.9091875551614
1778360895,2874,1042.4572217023403,317.9670220914937
1778360895,2875,4482.584960910516,142.79964833934457
1778360895,2876,885.6845566029292,286.33104293979545
1778360895,2877,880.5414932261951,324.6904374244663
1778360895,2878,1220.228563011617,61.65388352134176
1778360895,2879,743.1033038980088,256.047243256953
1778360895,2880,1646.7385447584556,143.722128441839
1778360895,2881,186.66236996193254,66.8122680005239
1778360895,2882,1275.9640469552778,337.96703629854477
1778360895,2883,1274.6071649058533,156.4502966311862
1778360895,2884,363.6593158466394,88.04549525917942
1778360895,2885,1687.4685245029345,141.2729853183258
1778360895,2886,997.2736875838139,320.12209588461127
1778360895,2887,361.9284421788177,46.5238647639405
1778360895,2888,832.9628199697192,223.83183628313503
1778360895,2889,624.6922497897298,231.17274927471368
1778360895,2890,927.2881294750689,190.62598979326177
1778360895,2891,2329.66554467483,149.20379595408156
1778360895,2892,1131.359997147914,321.43790497488544
1778360895,2893,838.1671940913785,331.4146506590872
1778360895,2894,416.2528143950347,17.655339572702296
1778360895,2895,987.6256762367103,233.34714705620848
1778360895,2896,1452.9995562839267,99.41254434983941
1778360895,2897,1769.4776450360835,253.15085581679944
1778360895,2898,1166.737841257287,310.59234555701573
1778360895,2899,557.5691422328201,247.15614726894282
1778360895,2900,1050.7044690444754,142.34594927003965
1778360895,2901,1797.5540864501254,213.1621233371097
1778360895,2902,1051.1298278425206,68.61415765439935
1778360895,2903,524.8964989031117,244.9608453750879
1778360895,2904,667.8319071190717,190.36153471231134
1778360895,2905,1435.9017949586387,335.72516680929556
1778360895,2906,3505.857805604923,136.27625994246543
1778360895,2907,851.1708826112789,250.2745109143909
1778360895,2908,2526.0244283724537,131.92889732298715
1778360895,2909,874.5346685649868,331.0023482705665
1778360895,2910,1136.764898511894,321.040538805753
1778360895,2911,1526.1899995332483,228.42741635065957
1778360895,2912,772.490295311524,243.49191669040263
1778360895,2913,672.1070051139056,197.98322050655418
1778360895,2914,2931.0828268431474,141.48874204255966
1778360895,2915,951.8553580817608,60.042198222269654
1778360895,2916,2302.8669813769247,142.62892155793352
1778360895,2917,2464.7816230596854,154.99919514599156
1778360895,2918,883.8731958441117,137.4059510384992
1778360895,2919,269.8322154239385,64.19477989823037
1778360895,2920,462.7242773639706,283.94314315749915
1778360895,2921,2496.4558019731967,215.25194746267687
1778360895,2922,1022.0410765087892,330.91179974807574
1778360895,2923,1047.3975489038357,344.2380975548405
1778360895,2924,552.4886725256529,152.6825499455341
1778360895,2925,734.6919059364285,169.64255503757434
1778360895,2926,1718.9435123372627,116.57724185903054
1778360895,2927,1093.079229755918,305.49710212386236
1778360895,2928,1115.2581718156353,248.63006773448444
1778360895,2929,915.5490856307043,329.3534973365207
1778360895,2930,1721.2707652839067,219.8994244536303
1778360895,2931,1078.8160795115473,316.298506986494
1778360895,2932,728.7560223213999,223.67326647444074
1778360895,2933,228.94365788242843,152.47694507643408
1778360895,2934,176.36782287312408,24.551734494680016
1778360895,2935,887.5978985978466,169.60660003242813
1778360895,2936,1128.1148140488815,331.26302502489006
1778360895,2937,3682.128213778429,51.73908363023764
1778360895,2938,264.8592900169611,148.31183887553593
1778360895,2939,1098.1459845976024,176.76444114782865
1778360895,2940,1543.3484338821925,224.75806690211272
1778360895,2941,916.0144232788915,324.7250712424346
1778360895,2942,754.5821698431174,275.02495939409386
1778360895,2943,1947.6726126289561,43.11751085326704
1778360895,2944,1335.244447867965,144.4715341965972
1778360895,2945,1024.3218833713247,325.31402485505686
1778360895,2946,2699.5363704758156,158.25915426980123
1778360895,2947,1204.12689984273,167.16373115187665
1778360895,2948,911.1109509301656,332.10221821773
1778360895,2949,844.5123033617723,132.64061460124714
1778360895,2950,961.8848434492394,115.49720428094568
1778360895,2951,562.4637396800451,350.820012389277
1778360895,2952,343.96378803812706,60.25599941060859
1778360895,2953,2326.6310563767793,140.70212491335803
1778360895,2954,2028.1120826487368,133.61828004547533
1778360895,2955,2819.3466871037053,139.2392060623775
1778360895,2956,1107.8853442365123,328.29065037316667
1778360895,2957,1052.3367269498374,317.26512107938214
1778360895,2958,235.50749295311928,104.62789869197805
1778360895,2959,415.0677152960679,59.20128556152843
1778360895,2960,1437.3793538367174,149.08334802534662
1778360895,2961,922.4246037817178,327.03422680966753
1778360895,2962,536.6780813402287,181.90677952966948
1778360895,2963,514.384540781233,202.70885499708956
1778360895,2964,1750.4210620346419,171.69589352674421
1778360895,2965,624.7588672975902,234.57036199460816
1778360895,2966,459.18564088609185,238.100860304445
1778360895,2967,855.3984382997604,188.47238279419307
1778360895,2968,303.94043164843083,130.0639189492513
1778360895,2969,1401.0280629130427,334.180916229241
1778360895,2970,1061.9208674634374,324.1293215623033
1778360895,2971,1573.673642895858,320.67847116334684
1778360895,2972,146.07231827691473,54.781373018067
1778360895,2973,351.42588250081116,56.10227116757712
1778360895,2974,1514.8655504846258,214.8061497140165
1778360895,2975,417.73942483389425,67.52619407875275
1778360895,2976,1337.1192137464604,132.22026444004518
1778360895,2977,869.906333042908,341.55926952807107
1778360895,2978,372.82977421018694,281.0150277287308
1778360895,2979,440.6637178003903,201.98458846533634
1778360895,2980,769.0851773848667,322.61077886557
1778360895,2981,273.642545639383,134.51627460285147
1778360895,2982,1009.3326018759466,213.98733471509772
1778360895,2983,761.7341171357152,211.7708361843691
1778360895,2984,1060.4562104908466,318.1479751239458
1778360895,2985,1004.9486683907944,142.702388495805
1778360895,2986,718.8206955401782,128.61900360131622
1778360895,2987,1522.5597396606202,158.26935644829803
1778360895,2988,1139.5885891650862,319.27074646898075
1778360895,2989,1725.6952404526996,130.58800360515806
1778360895,2990,717.6516297059795,349.7641312931495
1778360895,2991,871.4461852149225,340.82925547854785
1778360895,2992,544.1140316180732,264.2140981014081
1778360895,2993,1160.1848974476286,245.82177528650715
1778360895,2994,1067.1270667332064,68.57645525711199
1778360895,2995,1065.0023594877691,327.1977836246865
1778360895,2996,1516.9270212762106,184.61711506290376
1778360895,2997,773.8652802589488,189.99421446466584
1778360895,2998,1193.7306046624753,151.38367536971998
1778360895,2999,168.55687184241253,125.78639407447481
1778360895,3000,606.4208945669197,86.88931552694352
1778360895,3001,1168.480249522645,320.1615738307642
1778360895,3002,1021.9790765468574,329.979195781562
1778360895,3003,985.5378488240608,332.3857807177237
1778360895,3004,271.22387793371223,99.13360011454391
1778360895,3005,1043.0042475986945,160.66716125381964
1778360895,3006,408.01599462019635,57.833321081489935
1778360895,3007,983.250239079652,151.64212628713682
1778360895,3008,284.0931937324854,133.71098759082037
1778360895,3009,644.8635672189105,246.1314871360125
1778360895,3010,1178.3336886730724,328.93235854626505
1778360895,3011,1082.3789950230941,166.28311003932797
1778360895,3012,810.9080013437944,207.04596912020327
1778360895,3013,466.7687908950219,341.55813478552534
1778360895,3014,2024.0355183825573,122.09046885106427
1778360895,3015,607.9354042138381,342.9471420273803
1778360895,3016,286.9176009874327,217.7176711513703
1778360895,3017,841.2213941449673,324.34318005727147
1778360895,3018,1008.7328120064367,246.12347081829054
1778360895,3019,524.7280898796447,248.06852600778868
1778360895,3020,1053.222923701424,186.45113228922253
1778360895,3021,1714.485535592419,165.70641126046357
1778360895,3022,1661.7087124736306,212.33490220846502
1778360895,3023,1790.3414226651578,250.18740523185048
1778360895,3024,1597.9977938643262,189.3196783937943
1778360895,3025,1312.4045376539716,177.3856211469535
1778360895,3026,1422.9591292762398,145.46146306050557
1778360895,3027,1828.9461472677758,153.26124798945852
1778360895,3028,1132.2024346800774,251.73936879363436
1778360895,3029,635.5867692820042,234.22899534597934
1778360895,3030,884.5434649921655,240.84467199270864
1778360895,3031,898.9267119434809,338.4777575670309
1778360895,3032,1944.2899105033491,242.17675059409754
1778360895,3033,480.3416340231068,270.24502936862405
1778360895,3034,939.9861495090537,322.91540459624355
1778360895,3035,1229.1272332132642,324.7434389859705
1778360895,3036,1062.3703807580048,324.3959425826629
1778360895,3037,614.0995530249056,176.65353047661202
1778360895,3038,387.2699517149065,138.31800522679455
1778360895,3039,958.6632306874562,326.397943550764
1778360895,3040,622.9178393256785,241.24173994296203
1778360895,3041,757.3325202304042,387.2820782745113
1778360895,3042,1119.960795280396,322.0625458278537
1778360895,3043,2697.7856679140536,157.37351450604808
1778360895,3044,917.5578561707625,139.977480715546
1778360895,3045,1821.8963247759775,251.65587609535027
1778360895,3046,414.383351784805,46.83732090172309
1778360895,3047,632.3159510607013,284.08622831229616
1778360895,3048,885.1070758288055,226.6875549012087
1778360895,3049,239.56866856894885,108.83704818743217
1778360895,3050,696.7174742259122,396.89420537526127
1778360895,3051,254.92870285353382,83.59970818582072
1778360895,3052,744.0506852972483,312.879020349551
1778360895,3053,1240.6639883471205,37.75445331503297
1778360895,3054,635.7530891853722,246.12528638951125
1778360895,3055,819.2756608375638,333.5845619644357
1778360895,3056,244.63161461934095,83.06494296489578
1778360895,3057,884.6224933660179,320.0910834246754
1778360895,3058,2495.977502299741,186.33059631948186
1778360895,3059,539.8201580472912,350.2679698398125
1778360895,3060,731.3196425822526,346.88449835171684
1778360895,3061,950.0718153112308,326.2089520884896
1778360895,3062,1032.9899501937766,192.28307817921265
1778360895,3063,1230.465546855282,133.98126524727303
1778360895,3064,1793.5816272148372,52.414843402599665
1778360895,3065,1150.2861185857228,335.7192568448422
1778360895,3066,1680.5812623525053,212.63133350138136
1778360895,3067,1109.932791576523,332.63142064104306
1778360895,3068,933.3619944375048,283.872247531342
1778360895,3069,545.5358538827506,199.4822648618608
1778360895,3070,837.3281122616502,325.5029464945711
1778360895,3071,2762.0911522944716,104.67150510421646
1778360895,3072,814.6061105121587,159.3483443780516
1778360895,3073,302.357447956567,286.4037661346007
1778360895,3074,926.1256357405289,194.48466322408714
1778360895,3075,476.0513755253299,300.25984391331986
1778360895,3076,1072.937270704288,330.6900355549462
1778360895,3077,1241.6771026520025,327.1124364396391
1778360895,3078,872.5343413251186,340.8830772179029
1778360895,3079,1014.0906766770426,266.5222190130293
1778360895,3080,487.29270090925405,264.3281964613114
1778360895,3081,709.3832753524011,239.47117080959603
1778360895,3082,968.7164538853848,158.01275654653466
1778360895,3083,288.1499505597973,221.19571985496586
1778360895,3084,1045.480919554156,329.0708978664416
1778360895,3085,1506.8270072667776,144.99913077483717
1778360895,3086,546.0834679573076,220.98526431344638
1778360895,3087,772.2295484642825,324.8508496469204
1778360895,3088,721.668458416337,233.18874970749926
1778360895,3089,238.08609546720095,59.406786968352655
1778360895,3090,1063.6299269966048,327.11961441046657
1778360895,3091,832.489945474176,233.00076838870586
1778360895,3092,455.97709845438925,90.18491267636365
1778360895,3093,1204.2737954932045,325.4808017088242
1778360895,3094,705.2413445345711,157.62478931016543
1778360895,3095,1095.0724321712978,321.45040206954656
1778360895,3096,1405.704211016361,269.51584968076514
1778360895,3097,430.35127519544375,45.280214105678674
1778360895,3098,709.9466879977509,230.89829955142645
1778360895,3099,174.30609781580367,67.16134635352364
1778360895,3100,793.2129854743,155.1152306102224
1778360895,3101,1803.371171019324,200.1053696110252
1778360895,3102,918.2092097274843,327.9596979499433
1778360895,3103,1048.4476837149045,152.8136748583619
1778360895,3104,758.8627949376755,165.86102127705175
1778360895,3105,1001.7176306718067,330.6337477190821
1778360895,3106,1652.8610682490412,206.73087425136998
1778360895,3107,2598.6024800041596,38.13010423871706
1778360895,3108,1017.5693102338973,231.05021321421785
1778360895,3109,1246.131957549272,154.41388303493912
1778360895,3110,334.0068352285117,215.76653204924617
1778360895,3111,2050.3662493010233,160.54170476391945
1778360895,3112,1030.5223441142334,324.2341722016953
1778360895,3113,2286.5494161495203,140.64688379502633
1778360895,3114,1068.6675689088736,325.3461662214307
1778360895,3115,299.1499746703017,134.3133232090842
1778360895,3116,334.6973535456161,66.91808529678131
1778360895,3117,1629.7692760300981,212.97119013592985
1778360895,3118,1726.8879703229964,211.3713975481741
1778360895,3119,467.6980891647877,241.165154843091
1778360895,3120,918.8424602529805,263.46865513403424
1778360895,3121,801.3436254225094,335.02186128883073
1778360895,3122,2064.684710091896,181.50918469533855
1778360895,3123,1201.6349256053122,322.3635326385393
1778360895,3124,470.1305812926238,235.50377345609633
1778360895,3125,1084.4747055668352,205.69323814778284
1778360895,3126,959.380669632364,336.37183807090315
1778360895,3127,1264.4127463122607,330.54794021819174
1778360895,3128,543.0142568571237,51.10447384991232
1778360895,3129,965.1729894312671,270.4152154878954
1778360895,3130,1916.0905324829555,216.06164703102328
1778360895,3131,164.4245346548999,75.05273917274253
1778360895,3132,666.800330180496,275.84458702293944
1778360895,3133,2097.550389024253,137.47529569671659
1778360895,3134,971.39131927188,329.7322428470132
1778360895,3135,1449.4287258211111,128.86939978688602
1778360895,3136,1502.2820591242732,164.8762516681091
1778360895,3137,4553.771471685709,106.98969743442741
1778360895,3138,1000.3148382437419,323.13550037110116
1778360895,3139,957.3133649219089,324.7679071249383
1778360895,3140,1146.8243418456,132.68584095580502
1778360895,3141,582.2229407216881,59.919995896306474
1778360895,3142,879.6559614156015,83.9216781892742
1778360895,3143,1424.0261155222777,147.94060014731295
1778360895,3144,865.9001789733724,333.052505894312
1778360895,3145,970.6604750409565,318.4587039956643
1778360895,3146,1079.2381633886305,206.4221186327493
1778360895,3147,1108.8864204709469,222.98652294329986
1778360895,3148,1228.0073729519254,318.60511376148065
1778360895,3149,869.4960639886665,334.03164622909196
1778360895,3150,977.6718397973133,234.81162979585443
1778360895,3151,917.097768967298,249.92386698830245
1778360895,3152,3890.178807288325,154.2188746856407
1778360895,3153,828.6393515022775,311.89349144017797
1778360895,3154,1276.0237846806308,271.53961706596857
1778360895,3155,1027.1560647160613,199.05670387434589
1778360895,3156,1542.8529368496747,213.7512496917556
1778360895,3157,720.4796606790796,298.62514785735146
1778360895,3158,988.1877722960745,313.1818560162708
1778360895,3159,571.9090991442688,138.39741677739855
1778360895,3160,1020.76884302528,228.62602350244404
1778360895,3161,1401.6532039504013,210.76964084243036
1778360895,3162,397.0813309731431,93.72227550307328
1778360895,3163,2652.7822909196398,157.97150092571664
1778360895,3164,2053.9713786489397,159.78164426556125
1778360895,3165,1078.6355234140312,39.18290641976721
1778360895,3166,1789.5346468108048,142.02869700782023
1778360895,3167,1140.7389932477909,320.37554794562266
1778360895,3168,979.8212425242272,238.42486578036554
1778360895,3169,2629.5540329143946,188.05432483216643
1778360895,3170,946.8388193232563,193.574349655726
1778360895,3171,1899.7599197417317,207.6178209345981
1778360895,3172,1800.406935197807,180.25174161711786
1778360895,3173,175.94745148034414,148.02212227654888
1778360895,3174,917.9074836305002,181.9746962544798
1778360895,3175,538.9802700683656,262.5638245848912
1778360895,3176,863.3291945495934,319.81967180869657
1778360895,3177,936.3093200568042,320.5863879950369
1778360895,3178,1535.4258804120389,198.30960801283945
1778360895,3179,699.8443313995718,182.40604326741945
1778360895,3180,963.1256261454658,314.49890756151973
1778360895,3181,4222.4057770211975,135.87314629097727
1778360895,3182,951.6711081655789,343.50958213202665
1778360895,3183,1743.5526930757535,198.57263246830033
1778360895,3184,1061.6143356421057,325.7199759354153
1778360895,3185,934.5973512809638,315.7561318951149
1778360895,3186,885.0642692606306,334.69506403549104
1778360895,3187,1252.9698496196472,204.61308719306604
1778360895,3188,1711.856151216954,203.41344372578303
1778360895,3189,1279.728741224941,322.2236855292829
1778360895,3190,1462.8690895965246,134.15849240508064
1778360895,3191,919.5218448564336,337.1674855170417
1778360895,3192,1033.7032585813567,322.6649076592811
1778360895,3193,211.6248677906547,29.942977383527428
1778360895,3194,2632.855110642989,64.20601088611141
1778360895,3195,285.7859234309125,162.5824350367856
1778360895,3196,781.3955400178604,248.29847257346887
1778360895,3197,1329.9547099931638,207.8895446120507
1778360895,3198,914.3667647865145,246.93005794976122
1778360895,3199,764.5771868372761,229.277372866706
1778360895,3200,721.0364309785901,264.5933334744254
1778360895,3201,861.3766318787636,322.4530101217848
1778360895,3202,368.06200143564297,56.1795579264964
1778360895,3203,958.7427999886618,331.567095226116
1778360895,3204,593.775410623589,148.29343955183037
1778360895,3205,566.6213026218534,265.4928081059984
1778360895,3206,795.1342318609535,331.5622204495701
1778360895,3207,778.071893567869,325.78212623531726
1778360895,3208,373.2619190451082,272.33379374783505
1778360895,3209,1882.2337443026852,239.41859984408373
1778360895,3210,2668.163157878361,124.80819772098121
1778360895,3211,1671.291764415806,198.16104651093104
1778360895,3212,2850.6277651289097,151.53080506064444
1778360895,3213,348.33140730436554,43.32926521646047
1778360895,3214,1407.6105559935083,126.08834287550344
1778360895,3215,1207.018680385374,325.2666540020819
1778360895,3216,701.4869889900959,246.51813650682618
1778360895,3217,1803.6690355728188,222.66098324300276
1778360895,3218,1365.8992827561449,128.99535180122493
1778360895,3219,1054.308208770043,248.1051507128696
1778360895,3220,1754.9579646017198,161.3192752859246
1778360895,3221,938.8692618586168,313.6916028115175
1778360895,3222,1061.472022402383,230.72429327169755
1778360895,3223,356.691621161254,254.8783308379618
1778360895,3224,1183.904748872521,319.45527876615796
1778360895,3225,559.4044541806635,247.99507871499318
1778360895,3226,2098.5308743717897,219.00881703841867
1778360895,3227,1088.0261750793986,331.9267964047018
1778360895,3228,306.62324042431186,241.98600846094777
1778360895,3229,1476.9225263836827,140.44280739799214
1778360895,3230,1053.094466872798,335.90394255752295
1778360895,3231,1109.374349928483,321.57535160293173
1778360895,3232,842.5856818096249,252.1773314532912
1778360895,3233,1424.1646589288307,195.10526469381273
1778360895,3234,671.7960001555992,248.99878607414004
1778360895,3235,520.2462456197663,207.39147910016518
1778360895,3236,2374.745701005119,139.3826515813975
1778360895,3237,1054.846222584498,87.40631012910664
1778360895,3238,1002.2945125488568,337.27163496980785
1778360895,3239,962.5003142184221,317.01716787877245
1778360895,3240,544.171548426381,149.72199175279425
1778360895,3241,4498.777289478253,127.91373895858531
1778360895,3242,732.9450924160647,251.02166167600723
1778360895,3243,555.4260376531879,218.37518749471147
1778360895,3244,860.7984988272905,205.49517802551097
1778360895,3245,1732.0739827470895,211.05537405863956
1778360895,3246,266.4557847682127,92.40324368149197
1778360895,3247,896.1079513084874,330.26851121751594
1778360895,3248,1081.0569404666855,319.2337127036885
1778360895,3249,1524.38501467055,222.74256231508855
1778360895,3250,1656.6783498561485,212.554990726593
1778360895,3251,1247.9424884610892,191.46099519913727
1778360895,3252,1133.7726655019112,255.45792008304684
1778360895,3253,836.1415730185022,326.56172648249725
1778360895,3254,1259.721725821963,135.51453868248024
1778360895,3255,858.4289108869908,267.8722786196277
1778360895,3256,1961.2260275760516,153.3280494598561
1778360895,3257,977.6648974190396,332.3307659938041
1778360895,3258,376.97642062819966,55.65272508156419
1778360895,3259,847.8190505242945,322.47192612686655
1778360895,3260,1940.8744553758663,192.65102683404825
1778360895,3261,2555.83344186681,203.61332390508025
1778360895,3262,825.1682442604155,259.8268385169859
1778360895,3263,3756.1532131514814,157.41305020193874
1778360895,3264,1210.6070139608917,328.440467072053
1778360895,3265,988.9445338211221,140.16652400671057
1778360895,3266,1074.3268620619972,137.3279278241061
1778360895,3267,822.5209729058106,145.17514882214908
1778360895,3268,990.640292973729,298.3648811665827
1778360895,3269,676.0981277789566,49.28454715053445
1778360895,3270,1463.6275752535912,163.3391063590093
1778360895,3271,560.5307918509324,288.24001615757186
1778360895,3272,1261.8190644435288,233.05058677196786
1778360895,3273,949.4463821849048,331.306365580237
1778360895,3274,1781.2424729167096,228.31481180408875
1778360895,3275,1959.7401239326032,121.75793839397004
1778360895,3276,675.4047382099174,217.33993713084072
1778360895,3277,2208.5904704833215,152.49991823267655
1778360895,3278,1176.0181199594888,315.3801055336245
1778360895,3279,1252.8524134619242,148.86000381453988
1778360895,3280,633.2365039948219,276.5882979550293
1778360895,3281,832.0605574992071,339.2973921033291
1778360895,3282,456.71577746481177,241.01643603032178
1778360895,3283,1988.179652656843,204.05641833323352
1778360895,3284,463.09985747297753,288.82537862841605
1778360895,3285,350.4605556364192,249.11222882095896
1778360895,3286,255.5650685832378,84.52037615977285
1778360895,3287,1595.5046784066628,134.36322012468077
1778360895,3288,203.8622134438562,145.5945004760882
1778360895,3289,827.5588348242384,171.85151118873387
1778360895,3290,1252.1732810869023,144.93713712485723
1778360895,3291,334.18368598538143,77.48639215890617
1778360895,3292,963.6959637376641,329.84630934812594
1778360895,3293,882.7582747202421,281.00065752226715
1778360895,3294,1474.0776558698478,181.02239585297144
1778360895,3295,2118.8605458169736,179.5300861098721
1778360895,3296,179.70794398322298,67.82668948921369
1778360895,3297,599.6960401857908,130.87559804287548
1778360895,3298,1216.6135491636628,319.6502139866006
1778360895,3299,457.63147987951515,350.74807585094317
1778360895,3300,854.7020643816317,321.015209233861
1778360895,3301,767.649899641397,329.18424962957613
1778360895,3302,248.3489677034806,183.49023791218607
1778360895,3303,261.4524081817365,43.492983343235274
1778360895,3304,1136.8161463226868,216.84903171004095
1778360895,3305,2420.5369728470278,140.63217054103256
1778360895,3306,973.3608045501096,314.1915830835984
1778360895,3307,872.2409238994618,137.18104394571594
1778360895,3308,757.2428774672587,140.44954465982607
1778360895,3309,598.2590631554274,337.25431216069694
1778360895,3310,1401.6021623014792,143.7349151323576
1778360895,3311,307.721940769358,57.32689354907032
1778360895,3312,840.2361734928638,194.98445932176455
1778360895,3313,654.9594336713101,264.1738661843444
1778360895,3314,1074.7167008778656,241.2543791114407
1778360895,3315,567.9068314393897,22.610810547211724
1778360895,3316,105.36274795108781,42.628126623862755
1778360895,3317,469.3953524734509,335.92350357986277
1778360895,3318,752.8588963826019,225.56432578877914
1778360895,3319,437.0967121250657,104.61142166604472
1778360895,3320,2358.8437205733057,161.0534879728946
1778360895,3321,420.2999542323161,238.8191659669586
1778360895,3322,514.4168252950642,148.74629728675225
1778360895,3323,416.29662946021557,260.61958338061265
1778360895,3324,396.28322607694946,74.4311567533123
1778360895,3325,1889.6849319643177,220.65417932156834
1778360895,3326,328.5602049236065,350.8197597778193
1778360895,3327,459.4864957331153,187.0866624149537
1778360895,3328,369.85499076914545,156.9574207823855
1778360895,3329,472.7159236893525,162.09246648042574
1778360895,3330,1434.5901599664553,141.8512600906478
1778360895,3331,1554.1596776663775,143.3629861510769
1778360895,3332,1664.5653586746269,136.51016411895728
1778360895,3333,1303.2489448955605,174.13175893302568
1778360895,3334,599.5842472083593,236.28125201609205
1778360895,3335,472.7195605138839,271.15554308353404
1778360895,3336,745.713013810285,139.2461262645316
1778360895,3337,966.9679392767557,318.3862810601994
1778360895,3338,261.75474029577776,56.72782253383879
1778360895,3339,1638.5571918095748,178.25072671355642
1778360895,3340,878.2440487946856,337.46602278698015
1778360895,3341,975.1185177702201,264.6154886714959
1778360895,3342,1029.3892863330161,313.73930386816124
1778360895,3343,1367.1558583950507,130.0944775473621
1778360895,3344,921.4828546440492,336.5033213486274
1778360895,3345,1741.9285777871978,126.68354652555371
1778360895,3346,711.6067005893386,246.76864872452924
1778360895,3347,1528.1317289832286,120.63422109163542
1778360895,3348,577.2693257765501,357.32897237548826
1778360895,3349,906.2638063586501,243.1924306848383
1778360895,3350,912.6607948200907,236.5789162967723
1778360895,3351,611.3065818348705,202.53869619498892
1778360895,3352,911.408138343906,329.92985790758036
1778360895,3353,889.007017648774,319.71942404703304
1778360895,3354,907.0673666747023,192.465059406715
1778360895,3355,909.1771337572081,228.86013342505154
1778360895,3356,599.1263380742253,192.75759455923205
1778360895,3357,502.9381609766517,258.0666195011954
1778360895,3358,608.3856180811513,265.6445127607467
1778360895,3359,1791.269463599637,119.98197641002197
1778360895,3360,3955.9988016210546,139.5327693576645
1778360895,3361,650.9889101251853,303.684321897182
1778360895,3362,2064.933705562151,148.25926138919073
1778360895,3363,1259.6776752676856,155.7908268468779
1778360895,3364,702.3598527464836,242.12597371939538
1778360895,3365,835.1535068654682,238.31562719400173
1778360895,3366,1262.4963925871675,241.07633628089525
1778360895,3367,1157.0243201924477,239.1262301550126
1778360895,3368,1732.8889798009284,252.39821689157304
1778360895,3369,630.5376138726513,296.53406990906
1778360895,3370,726.9326231146407,227.490384466903
1778360895,3371,668.7865801353116,193.167966624013
1778360895,3372,871.4323487815925,124.13919194613202
1778360895,3373,1078.1986286760482,316.1145060102627
1778360895,3374,796.2564685974659,175.4074556443234
1778360895,3375,566.9447294087072,257.582723051449
1778360895,3376,2308.9940194298238,111.17460296711452
1778360895,3377,459.0978694967176,165.15099147178768
1778360895,3378,1632.2434034825812,227.32101531362355
1778360895,3379,580.9342039258767,247.19744351988473
1778360895,3380,1571.480047858293,214.67058198676253
1778360895,3381,1289.533559136608,149.6169917811766
1778360895,3382,783.0904506720957,224.1387846721261
1778360895,3383,774.8942858573971,241.73590490481243
1778360895,3384,1412.6914397636756,197.28075851387862
1778360895,3385,207.46228030470323,112.2178134912092
1778360895,3386,1087.1939556771902,305.4028294178311
1778360895,3387,1054.1837800936082,328.72920392640543
1778360895,3388,772.5195156701828,335.01215064926373
1778360895,3389,1161.9859864481232,333.97371845318446
1778360895,3390,968.8584216261651,233.33330528047952
1778360895,3391,803.7537075443794,334.1337194873079
1778360895,3392,748.3810783745062,333.2503245507747
1778360895,3393,1066.0899385657074,319.75209398255265
1778360895,3394,819.88682456613,149.8977159217232
1778360895,3395,1050.6860861395721,156.7611715119119
1778360895,3396,1154.2930871746034,325.6993402641254
1778360895,3397,956.3092521457744,140.80549148934728
1778360895,3398,971.99168797215,135.99974716548058
1778360895,3399,1662.6780275092758,227.339208678222
1778360895,3400,405.79495020658186,201.3214026409322
1778360895,3401,1521.908548699878,124.21433167810787
1778360895,3402,4201.645621557735,115.14115478867551
1778360895,3403,1580.2606720176504,226.8968381272939
1778360895,3404,891.0528961387541,140.48828064739357
1778360895,3405,961.2832764139285,196.1530329653936
1778360895,3406,1003.495730543282,344.664951614761
1778360895,3407,834.4990675949299,256.29077120721354
1778360895,3408,337.1498391423838,81.958450296212
1778360895,3409,1105.8852085422361,128.62180622230557
1778360895,3410,901.665272983635,323.48538805802986
1778360895,3411,341.2262410286223,87.36611610698321
1778360895,3412,1048.5124530753224,133.24353009721005
1778360895,3413,515.1094057414972,94.91982938974814
1778360895,3414,1909.4126732404836,169.94058625222172
1778360895,3415,1350.977836111672,243.45745754431255
1778360895,3416,1463.130427076066,136.4083272547499
1778360895,3417,1119.2524630111973,325.4044197267464
1778360895,3418,2094.8621208386953,167.50325608199
1778360895,3419,855.8484467690562,325.4121904614803
1778360895,3420,1144.0456855513507,78.34985610123198
1778360895,3421,961.9462214020509,266.69853036510096
1778360895,3422,1232.3182687108106,154.54078080335222
1778360895,3423,468.780815483453,81.4340051063058
1778360895,3424,915.4305167718884,328.0108816911911
1778360895,3425,1079.5340488183942,325.380064288224
1778360895,3426,400.2630695760288,76.66939491260436
1778360895,3427,958.6726308291461,58.879449477280716
1778360895,3428,979.7417674570647,160.76524875572846
1778360895,3429,1005.4251820136101,327.48445134115155
1778360895,3430,250.37687651254683,72.17663236456042
1778360895,3431,187.21279738802411,57.591819751192155
1778360895,3432,817.1516247202313,338.54266386113795
1778360895,3433,1027.8177906825822,226.33202633560614
1778360895,3434,240.19326437068779,216.94638365000617
1778360895,3435,649.1807676899272,329.8014603509929
1778360895,3436,1458.5756329205858,246.71389857943905
1778360895,3437,2217.719549274315,133.3891578769816
1778360895,3438,634.133068769483,259.9817121416592
1778360895,3439,580.7831825991079,264.77424091370426
1778360895,3440,437.899727236045,265.12134623072836
1778360895,3441,943.2659338568874,323.2189807871045
1778360895,3442,607.6742079514949,190.44743721951127
1778360895,3443,223.56052906637495,64.96555427886237
1778360895,3444,2268.9201614170343,181.93061688852788
1778360895,3445,2974.991417681715,68.56290296268536
1778360895,3446,1064.4691712101276,325.6179262713508
1778360895,3447,327.5466728970148,93.76895249334007
1778360895,3448,865.2376629234855,320.6640324658313
1778360895,3449,1919.5378195843882,132.29312530907504
1778360895,3450,823.3769664708907,198.74598579144018
1778360895,3451,929.5396456188618,316.8230719456885
1778360895,3452,408.8196819983651,115.13501327668521
1778360895,3453,266.6253449647851,77.64389639250624
1778360895,3454,649.2955300285229,238.63160702414615
1778360895,3455,283.16343068174746,154.36434011005633
1778360895,3456,1102.137980425116,134.968948066187
1778360895,3457,734.0844887837884,146.88662351941406
1778360895,3458,1726.7333799333248,76.8933485604115
1778360895,3459,936.1714533776865,235.53777833673146
1778360895,3460,958.7343027078696,318.0046630269646
1778360895,3461,598.4046943694949,269.76580972346716
1778360895,3462,267.37481199488155,136.15456752165022
1778360895,3463,451.8773260879594,161.6024305544956
1778360895,3464,1539.4673832122717,134.16088009744814
1778360895,3465,1006.392673270838,114.36580239082622
1778360895,3466,1039.7535073274835,126.60938082537999
1778360895,3467,698.5162224745644,117.07469427440122
1778360895,3468,339.9627431406223,31.475558502237696
1778360895,3469,366.02969912284874,197.84084622300531
1778360895,3470,907.861614910153,333.9306156142289
1778360895,3471,504.3467707813537,193.4948119888635
1778360895,3472,1175.204358398142,140.03224091699175
1778360895,3473,214.2705257961306,94.1707746079742
1778360895,3474,556.341746903263,50.01439426096484
1778360895,3475,2943.9453653500937,203.23737936462075
1778360895,3476,347.87758348220393,231.88874702100338
1778360895,3477,1282.680682471971,69.12180315089928
1778360895,3478,959.4218417580292,329.59331472684477
1778360895,3479,542.5830762650392,270.15966072523247
1778360895,3480,1053.6236296918464,75.48453453790727
1778360895,3481,251.55669062638557,31.71177158898729
1778360895,3482,433.221978253137,142.65249827545185
1778360895,3483,895.8671658807094,324.171217767415
1778360895,3484,633.2880695524399,285.1530666647647
1778360895,3485,418.3433544634701,59.3757605080862
1778360895,3486,1006.5613344216838,322.69019626215896
1778360895,3487,817.2077058708591,173.97647901314974
1778360895,3488,1269.4177121416737,261.1500991699237
1778360895,3489,456.757954753219,228.74291655680986
1778360895,3490,1815.6483550713358,117.88143887040587
1778360895,3491,1055.5288614679994,326.88336813460126
1778360895,3492,3174.2495634940074,129.81853747240916
1778360895,3493,845.0043545823984,335.74854256416756
1778360895,3494,1498.1063971417834,213.88605278301304
1778360895,3495,2055.4785666117923,140.0901805935678
1778360895,3496,773.9750075366995,326.6241742563746
1778360895,3497,848.935278895081,326.256047143232
1778360895,3498,243.72128937084048,121.71396145436249
1778360895,3499,926.8515335632986,143.74578074274686
1778360895,3500,207.17680510360435,35.364963801576195
1778360895,3501,571.6583722248158,268.08451067179993
1778360895,3502,559.5915941934313,94.55923234325576
1778360895,3503,647.3787934673968,255.2965943009028
1778360895,3504,722.7960208766968,195.47211087147284
1778360895,3505,1388.0568955102844,157.0073399898912
1778360895,3506,570.5710929502357,126.3109188479928
1778360895,3507,837.1786254729417,262.1333744896486
1778360895,3508,927.9379153343798,329.0991103173408
1778360895,3509,966.2089000910852,190.58442400431747
1778360895,3510,1259.61075646489,221.8987937002756
1778360895,3511,751.6707467702435,92.9684578663257
1778360895,3512,333.729714657744,49.50704470042852
1778360895,3513,822.5653985843942,161.1289575132148
1778360895,3514,2102.8549621631532,154.42946204076733
1778360895,3515,810.7960451049715,337.8181445595078
1778360895,3516,813.6372857957953,315.587392449649
1778360895,3517,397.47546874842226,22.930629747242808
1778360895,3518,409.95524993595524,200.55370212273235
1778360895,3519,619.3278098083316,143.69584899743137
1778360895,3520,322.61320581373894,66.62392612473471
1778360895,3521,686.413473284144,383.2319496027179
1778360895,3522,528.8747010946227,376.691157414517
1778360895,3523,1012.5163513358248,242.37061027350242
1778360895,3524,1230.0053693938348,243.8903471402964
1778360895,3525,3461.192443782105,125.89675887604847
1778360895,3526,1157.1751725616703,82.70167416633414
1778360895,3527,448.4457511283898,342.9392352012768
1778360895,3528,115.35443905918893,54.00247926162863
1778360895,3529,1371.6531959307245,246.92230357326503
1778360895,3530,1791.5618322771666,189.9212459920581
1778360895,3531,265.65844053772213,81.28344963165657
1778360895,3532,405.3069703649578,122.48783546466524
1778360895,3533,294.96479712397434,136.4126752846697
1778360895,3534,294.7708252951683,63.896250080088514
1778360895,3535,810.2718889127917,340.30493362949005
1778360895,3536,1043.734291829942,132.18030276818442
1778360895,3537,536.5176702660688,241.1585811202549
1778360895,3538,766.7490236609162,329.40944509728564
1778360895,3539,302.08385814416573,176.38193402915368
1778360895,3540,914.2528052961488,327.7538965769509
1778360895,3541,406.2201106208919,88.26457385301353
1778360895,3542,1666.8005606724676,146.96402268359552
1778360895,3543,740.9146614956303,316.87325677880114
1778360895,3544,292.9883523084734,332.03948155237015
1778360895,3545,739.7984433686729,21.513554376383084
1778360895,3546,545.9453144444827,230.7620610191551
1778360895,3547,1534.0108637952778,209.33409956845358
1778360895,3548,1083.010908878869,143.594463914442
1778360895,3549,509.7704244029318,302.55703740431625
1778360895,3550,2256.1534592662533,129.93505277298223
1778360895,3551,485.8699566306562,353.44130307362275
1778360895,3552,720.5042355589891,224.34801307508224
1778360895,3553,1135.2523076723166,245.05556035433813
1778360895,3554,2200.520633947463,196.90845797215277
1778360895,3555,162.36659613391447,109.84487091208271
1778360895,3556,518.6801943843209,92.54082183624838
1778360895,3557,904.3665571809697,348.64905573899284
1778360895,3558,403.69723891002036,222.39789049426412
1778360895,3559,982.759465534874,173.5142580303588
1778360895,3560,895.326558349609,142.50445589763166
1778360895,3561,901.3587060470126,217.93388785456082
1778360895,3562,265.62119792524396,279.70337291881
1778360895,3563,453.0628048712928,288.9612714071986
1778360895,3564,2931.1520175249766,97.42278482231649
1778360895,3565,1346.5163006454632,177.02284654755192
1778360895,3566,968.0688200274624,235.69194832793403
1778360895,3567,733.7914634812971,243.89594915976062
1778360895,3568,770.634315038752,177.6886305208138
1778360895,3569,792.5719257707351,332.49325967203384
1778360895,3570,1643.1337855050351,150.42360506110745
1778360895,3571,1296.3864648639806,155.32322670877184
1778360895,3572,1147.1265133315967,151.5425894070059
1778360895,3573,3243.607911565377,108.09179439843919
1778360895,3574,1368.8060240217487,55.63549571475275
1778360895,3575,981.1431593061648,283.3850493953764
1778360895,3576,190.1905342772539,112.23791235775091
1778360895,3577,991.8279402239157,342.10223021901373
1778360895,3578,878.1811611498982,233.68737467881147
1778360895,3579,612.3932964117455,216.5987173548733
1778360895,3580,1163.2049614320083,318.95991061039666
1778360895,3581,305.838866092324,161.74235213621128
1778360895,3582,575.0261573163071,237.90366719474696
1778360895,3583,1462.5891502059499,250.19880852484357
1778360895,3584,1464.6166817795772,150.37846189627987
1778360895,3585,1984.7845130304465,237.00364859881304
1778360895,3586,1182.578859603738,145.46963153163165
1778360895,3587,688.4004804905508,340.5634231749391
1778360895,3588,1073.7769689273366,315.30343378835073
1778360895,3589,1243.2338473669365,143.45847679976785
1778360895,3590,548.5869190464277,206.6212819242723
1778360895,3591,1709.3194465708555,163.28516017987073
1778360895,3592,601.2422311878702,278.0422624688107
1778360895,3593,732.030604715011,143.69331473218227
1778360895,3594,753.1886354262538,353.903679497513
1778360895,3595,1470.790410043885,175.43746558265022
1778360895,3596,874.0834919596006,317.315428341749
1778360895,3597,1402.0780305700202,136.49068768614492
1778360895,3598,1116.605690921548,157.55703084969164
1778360895,3599,2003.8887451812973,149.01864919692255
1778360895,3600,404.6083329688115,285.4491367767745
1778360895,3601,432.9068225804636,227.60537129407678
1778360895,3602,1500.9781000018756,209.9409986426161
1778360895,3603,1086.218084642081,324.2138795617931
1778360895,3604,1456.036111994288,140.32116673809747
1778360895,3605,1504.452555937129,216.97495889093153
1778360895,3606,916.8774453728302,67.19819171783534
1778360895,3607,919.900443515809,124.09656155703426
1778360895,3608,953.6312900569244,135.2797018715936
1778360895,3609,925.6109435014017,261.6699015750301
1778360895,3610,1324.5666386297194,210.71630654779855
1778360895,3611,2721.8006074538066,123.94337906140106
1778360895,3612,1237.7913697874778,143.1680472902925
1778360895,3613,573.5740873659267,247.0182621724053
1778360895,3614,1786.4138337698212,168.8492583760211
1778360895,3615,950.7427411189117,260.97254713927424
1778360895,3616,342.3305561788379,297.9881915489635
1778360895,3617,1020.3194470475438,169.35672271118486
1778360895,3618,1521.4829545800496,203.20153645917512
1778360895,3619,287.76875114513416,60.493746870258086
1778360895,3620,1658.8518369118483,208.25996705444123
1778360895,3621,1021.9956701166775,309.34162602121575
1778360895,3622,1106.825006540474,339.2817721164878
1778360895,3623,994.3818639232816,152.12221946274047
1778360895,3624,1270.5108524100915,131.41895592459755
1778360895,3625,462.99920129331304,214.80361550199302
1778360895,3626,697.7761953887941,32.39912279787724
1778360895,3627,1248.0140786906568,146.50733082847208
1778360895,3628,392.4244399352216,292.32580265547733
1778360895,3629,1034.49554451611,204.93750115482325
1778360895,3630,289.154092780026,36.43331551752314
1778360895,3631,680.071278898129,258.11100622048275
1778360895,3632,1031.5218446685299,322.4261480668445
1778360895,3633,340.708419426226,101.13125216917679
1778360895,3634,2411.6325662648983,134.36337553081188
1778360895,3635,494.0551350401441,162.13248889744037
1778360895,3636,1160.3284216587224,226.0553327722516
1778360895,3637,860.7120466311482,207.64180087526321
1778360895,3638,414.5168723118164,326.4979572368425
1778360895,3639,961.1535911918215,148.81707629024513
1778360895,3640,1211.2595103951064,140.03404039003226
1778360895,3641,879.103983307914,143.82916414492712
1778360895,3642,1082.2060770065764,324.38368842541496
1778360895,3643,557.1425739235887,218.59480661807495
1778360895,3644,205.92652971415993,97.94220242389805
1778360895,3645,689.992871150174,57.385189976747974
1778360895,3646,792.710768376351,60.80144263866957
1778360895,3647,652.9115159389736,137.9291438378509
1778360895,3648,477.2087637575257,137.9519007573953
1778360895,3649,1019.9756117651606,329.12275380066995
1778360895,3650,728.4858287017317,323.8059091392872
1778360895,3651,1088.359921762653,131.8350187617237
1778360895,3652,932.4480223625901,328.6538425104518
1778360895,3653,1710.9700893506151,223.1284682920551
1778360895,3654,2065.947893247964,148.09858445360095
1778360895,3655,1212.7705027810268,315.89121623372
1778360895,3656,2072.4030692658625,148.92290536664004
1778360895,3657,961.7394250611031,125.17020470573065
1778360895,3658,435.4761630806949,267.7908706365233
1778360895,3659,908.8848175429727,338.1577795078255
1778360895,3660,325.5390936603483,274.5380584757205
1778360895,3661,1139.270333930535,32.881596499020546
1778360895,3662,988.4654427857332,255.61366721294758
1778360895,3663,281.6220195101622,80.41679069686887
1778360895,3664,692.7298115229712,292.17148985563085
1778360895,3665,1415.8492624722576,283.30253241823715
1778360895,3666,565.2829621101586,202.88456261337956
1778360895,3667,1931.2433660721067,127.69453071762224
1778360895,3668,3661.4630639106445,188.6434358307055
1778360895,3669,4249.6602045049185,149.53009288316343
1778360895,3670,1697.8423106056089,133.31584356848717
1778360895,3671,1130.0728269264216,217.58386548614055
1778360895,3672,313.96451952414225,265.41426746088325
1778360895,3673,728.7734778233435,274.4595487113157
1778360895,3674,972.819097545803,320.35162997646887
1778360895,3675,392.08658449590297,34.29856378391958
1778360895,3676,1333.5464689400803,226.75427210943
1778360895,3677,1172.6480058291852,333.90743710907356
1778360895,3678,941.2606277563102,320.40087214770205
1778360895,3679,1203.0537045857973,320.7053666604567
1778360895,3680,477.25163105973235,282.0895512138006
1778360895,3681,483.2414322107552,273.15609324626297
1778360895,3682,1561.3548019009816,208.23417915788033
1778360895,3683,1108.054027370889,159.40231120424838
1778360895,3684,1392.5742591099477,140.93420461449074
1778360895,3685,729.4903268160786,32.22376196816256
1778360895,3686,298.38202695217933,47.56483515677924
1778360895,3687,1005.4088678290414,336.65909568171554
1778360895,3688,969.1098594574946,154.82408837662229
1778360895,3689,378.78770152627266,128.58383566621603
1778360895,3690,1286.502947463615,144.4711508571537
1778360895,3691,664.8481272442227,24.02610679374294
1778360895,3692,996.855061504457,316.1711779105417
1778360895,3693,496.14577024148133,29.954952651679296
1778360895,3694,1033.7799654999021,232.7000988501033
1778360895,3695,877.617022433065,325.21988928552616
1778360895,3696,846.1564478720403,328.8092255568414
1778360895,3697,1136.2305241723138,344.0433254635476
1778360895,3698,1290.9288762426665,324.97676103337216
1778360895,3699,1708.416368629433,181.25204734772325
1778360895,3700,1149.356207250444,324.72366052184265
1778360895,3701,932.4995262139677,337.4431282377298
1778360895,3702,1356.605479838057,257.3038161803573
1778360895,3703,1751.136945140462,158.86721078816714
1778360895,3704,1312.032096234267,215.3133987840459
1778360895,3705,2183.9789425992108,153.52322408874707
1778360895,3706,1249.9791704977124,173.91418896823683
1778360895,3707,1117.5126819295742,269.4135677734088
1778360895,3708,1159.0280830138815,136.76130242870101
1778360895,3709,1280.9161742627734,145.9607771180939
1778360895,3710,877.8360906129464,225.4730740492881
1778360895,3711,417.50423490304337,297.7747449000717
1778360895,3712,1178.709241239904,138.42034413951714
1778360895,3713,1968.9272896922596,145.04104402046235
1778360895,3714,557.1069639794724,102.80909786071417
1778360895,3715,219.03400806378738,57.22355700306422
1778360895,3716,1235.534931589089,329.51021586254456
1778360895,3717,1171.9229944725028,145.28054401669652
1778360895,3718,860.5797592437527,176.45217049789173
1778360895,3719,1262.5344607824895,199.04670634282886
1778360895,3720,1241.4705830806909,322.6926227128161
1778360895,3721,1353.3945369525816,267.5256764661197
1778360895,3722,452.0470118551271,85.20595394779002
1778360895,3723,1230.0951076165143,128.1479158445327
1778360895,3724,1392.1160879058848,327.5778446380994
1778360895,3725,909.9493663121431,324.0927473236114
1778360895,3726,1745.5541562956,135.2583106847123
1778360895,3727,1535.333239079311,69.92843082732318
1778360895,3728,1157.7462264326568,239.4342957215355
1778360895,3729,1351.2285433073625,243.9367950107281
1778360895,3730,694.7341618796908,30.531489626737738
1778360895,3731,1345.0179852210194,147.84371825483248
1778360895,3732,939.8966958347721,92.75510694556093
1778360895,3733,1503.2932754448232,238.02455687131805
1778360895,3734,424.9849278560883,30.93396735301744
1778360895,3735,633.9831015973733,286.14627113637414
1778360895,3736,928.4324897201082,323.12500997678677
1778360895,3737,835.1234272133213,149.28111960388534
1778360895,3738,904.2934577602028,331.0143454188282
1778360895,3739,273.5739712808962,84.05553978701967
1778360895,3740,1611.1456376561025,133.78475361994703
1778360895,3741,819.7796389458724,263.9690800392503
1778360895,3742,866.2772924618898,206.57670698171583
1778360895,3743,272.19917337453813,88.77540915495084
1778360895,3744,809.260502081537,225.3522721968962
1778360895,3745,1146.5166176559517,320.53459005084244
1778360895,3746,551.1748592737287,237.06423879363044
1778360895,3747,238.67457179526687,223.34650612276553
1778360895,3748,1356.1662606859409,232.4876879264652
1778360895,3749,336.1493959425969,86.70642875106378
1778360895,3750,352.6156529597883,46.091897125159306
1778360895,3751,1273.5347848132196,204.01311758216283
1778360895,3752,450.7927169461409,89.27524764401123
1778360895,3753,2289.2521393359193,27.755205030381212
1778360895,3754,1470.24393068967,193.01482421371784
1778360895,3755,503.8794629140104,286.16392408336185
1778360895,3756,1269.05416049523,88.311013585185
1778360895,3757,522.1599343658701,136.71374953238484
1778360895,3758,923.8113520363243,331.4492858961938
1778360895,3759,995.6805874170881,317.07507667431986
1778360895,3760,481.09756762796525,266.0007014725315
1778360895,3761,836.8618169242081,338.37321118663897
1778360895,3762,861.8325693393274,338.4762640934415
1778360895,3763,1363.6856972810947,40.58532670158127
1778360895,3764,1461.6546119857228,163.59550970523335
1778360895,3765,252.50300226627783,28.080263657095948
1778360895,3766,277.92228126579397,109.25316254158858
1778360895,3767,930.6729583248659,336.0738475569323
1778360895,3768,416.83708955655993,223.71125528324933
1778360895,3769,482.3604293049467,348.0981169823618
1778360895,3770,1453.747327729476,216.19392693137414
1778360895,3771,1548.9873733301101,165.22806222181998
1778360895,3772,800.2852660243484,266.7883674066652
1778360895,3773,890.6541591830096,320.50669168595607
1778360895,3774,2315.041403398899,156.15662220187124
1778360895,3775,294.66208416896507,39.698178952079935
1778360895,3776,1007.2793176438986,323.72531970453326
1778360895,3777,1228.7524271746558,225.90642039335157
1778360895,3778,1309.2821362844907,313.8280596824619
1778360895,3779,1353.6288813755018,315.2906146501438
1778360895,3780,250.47570338388255,130.95751058032923
1778360895,3781,767.8567467926158,113.02114344961346
1778360895,3782,952.8383395221754,243.46426747587068
1778360895,3783,1030.1486577995306,183.1330465047549
1778360895,3784,2787.488504070291,207.7923304152809
1778360895,3785,677.6855310275188,220.11240847063203
1778360895,3786,876.8137645189215,320.2955233758351
1778360895,3787,186.45573692649901,55.58580603105957
1778360895,3788,1999.0951163290158,136.77813003508462
1778360895,3789,956.2841247041713,274.39254577682743
1778360895,3790,754.8065538743245,323.88649305122846
1778360895,3791,439.435521654871,296.3111192223701
1778360895,3792,1866.0609268570302,103.9429417783988
1778360895,3793,643.7141553887301,301.2225402170369
1778360895,3794,1050.4171172433082,323.6989972358826
1778360895,3795,945.590108786352,84.99402929968964
1778360895,3796,848.8045989689331,73.76365718044825
1778360895,3797,1102.4403378577863,32.099705457911064
1778360895,3798,1460.7795507605008,327.76267195966574
1778360895,3799,406.4083316948139,256.0664349283678
1778360895,3800,2069.148380713357,133.79285208984044
1778360895,3801,2381.331283407373,147.00574348455882
1778360895,3802,1218.2689633749403,255.759261869086
1778360895,3803,1835.5139231255287,205.64971749770865
1778360895,3804,1320.7924366227694,219.84847877904872
1778360895,3805,1701.5801923632332,194.36581508787313
1778360895,3806,236.38048592835543,115.11426687995994
1778360895,3807,949.2486910474964,341.38451131785865
1778360895,3808,652.3372813492826,377.9095839581055
1778360895,3809,867.6065955375223,178.4713942511607
1778360895,3810,574.9234161865147,144.44329457070972
1778360895,3811,1783.7050847991936,26.082288170116207
1778360895,3812,690.9641293714445,205.5954026464752
1778360895,3813,295.38790704891835,26.728965510563466
1778360895,3814,2076.2243263748865,170.09887483682954
1778360895,3815,911.2146946404844,156.65487971982523
1778360895,3816,164.10652289422148,59.62997721740927
1778360895,3817,378.2511405208461,313.4117562855806
1778360895,3818,609.2811798366339,298.76891896771406
1778360895,3819,1682.8263275370389,172.267537901073
1778360895,3820,1589.9355419675048,222.82138791114173
1778360895,3821,816.820038436408,330.22268228860526
1778360895,3822,1078.5552256451883,145.88537352779716
1778360895,3823,393.1033153604393,106.27750405775552
1778360895,3824,565.1211432102539,191.9792905938507
1778360895,3825,408.1771070577223,65.17692013611915
1778360895,3826,678.2126068448672,150.01741048116028
1778360895,3827,1101.5426217780841,236.23591504156803
1778360895,3828,1300.4954755435215,131.6652990064145
1778360895,3829,529.1802777780882,208.0165238665739
1778360895,3830,496.2799468254841,136.77383026833888
1778360895,3831,211.80802885283046,26.478919393032626
1778360895,3832,862.9924406949536,333.01015475198267
1778360895,3833,1341.138389465625,210.21868369391416
1778360895,3834,649.9764272609224,253.79998012309107
1778360895,3835,538.5005399634687,288.9200455599845
1778360895,3836,718.5635979890226,219.5832238077632
1778360895,3837,411.8324019283998,192.86665006859084
1778360895,3838,635.2881796876943,83.60036002182309
1778360895,3839,321.5604249921495,142.20724308599506
1778360895,3840,301.42143647526365,278.713592702423
1778360895,3841,2201.8782349112803,192.80826983618456
1778360895,3842,737.5497482878937,218.1858099831595
1778360895,3843,778.9413913990584,328.1581605585988
1778360895,3844,1738.9897179582244,169.00041486800478
1778360895,3845,442.5636939258382,107.68526766211968
1778360895,3846,714.0476153812635,28.563310138504022
1778360895,3847,928.0045970880916,100.79089812631115
1778360895,3848,591.8012912800921,255.7175455552745
1778360895,3849,371.23500654658716,272.3864426481532
1778360895,3850,240.6247272935798,69.9885486737491
1778360895,3851,2754.5246810686785,107.18971211155238
1778360895,3852,1320.808481245043,132.97138716839999
1778360895,3853,1144.5723782285022,337.38832857539796
1778360895,3854,1253.320459472774,314.9603886657026
1778360895,3855,164.14021422344868,161.03439104398996
1778360895,3856,571.8488172115733,251.15926679398405
1778360895,3857,991.7861156927695,221.68840880261618
1778360895,3858,1766.4038635072443,155.29781323798522
1778360895,3859,893.9297415310697,248.6182170443833
1778360895,3860,821.9725703641981,358.9484673014903
1778360895,3861,1041.8212396534375,332.32022653061955
1778360895,3862,356.88779775208496,205.6906339976267
1778360895,3863,1638.0619964582843,187.92271937771338
1778360895,3864,172.5639997358514,272.8828521103213
1778360895,3865,637.2487282182143,271.80125665641526
1778360895,3866,1567.5164092937039,37.83942455611774
1778360895,3867,1606.6931011110628,45.963781300230416
1778360895,3868,1309.765513833442,131.3506809218688
1778360895,3869,1524.7598783690364,152.99243585032656
1778360895,3870,258.80899923550874,82.02050009145145
1778360895,3871,1075.704005096379,25.893214920317188
1778360895,3872,735.7048673803174,65.42045908433218
1778360895,3873,943.3756345623488,20.554459405192446
1778360895,3874,966.8743075085129,49.13550757535261
1778360895,3875,1027.2715236833117,225.9169710915966
1778360895,3876,1224.1833939365793,245.32343496494528
1778360895,3877,109.34541570612613,65.702789496216
1778360895,3878,894.3086913727311,226.11899173705262
1778360895,3879,882.4886857288593,337.3037498190978
1778360895,3880,1008.0681566914668,325.34088158956934
1778360895,3881,823.3838862507224,239.64270370487498
1778360895,3882,580.5485994466123,387.9580500835969
1778360895,3883,832.9353691366665,167.71082667315707
1778360895,3884,2742.7768287055073,159.36531975879467
1778360895,3885,1250.3015074082762,46.6560066872637
1778360895,3886,281.8842574122159,131.05892643653857
1778360895,3887,179.58982575204865,63.23873653487695
1778360895,3888,184.7195075123422,29.778975586950175
1778360895,3889,1586.3622090634267,201.51654263185944
1778360895,3890,752.0885257249266,171.88735703299923
1778360895,3891,787.9441230334523,64.57910467461275
1778360895,3892,412.4238145379663,254.2259638240435
1778360895,3893,293.7656186471992,111.06703340586017
1778360895,3894,894.2725446829497,207.34874554641831
1778360895,3895,974.9566823538079,326.15667636506237
1778360895,3896,471.5397560848588,78.5285252604693
1778360895,3897,350.0291711715958,94.03127131359572
1778360895,3898,1168.2495906793583,229.46584115754385
1778360895,3899,422.45758190006666,55.16719941544056
1778360895,3900,606.3060228022366,226.3981358495471
1778360895,3901,1285.028488067335,325.6634240051088
1778360895,3902,737.713812874181,324.5498545971946
1778360895,3903,2047.0189522974426,251.271418484537
1778360895,3904,369.5646589329558,120.89556075361132
1778360895,3905,1292.7573769819746,236.00351635219926
1778360895,3906,1350.531594183036,151.55804680644383
1778360895,3907,229.12764121599477,34.33768834084761
1778360895,3908,579.5041078520412,238.283044814072
1778360895,3909,910.9355506619754,329.7722082843851
1778360895,3910,558.3896804825819,299.0306070857575
1778360895,3911,502.4167791991363,80.59459347323337
1778360895,3912,986.53096247593,331.19583185794676
1778360895,3913,1492.5091043116913,209.2413471409518
1778360895,3914,240.06507825448833,22.92287507009656
1778360895,3915,998.8397731290353,217.7657111293609
1778360895,3916,463.8276379775219,207.44373399077614
1778360895,3917,1137.2045534771719,317.4012173729585
1778360895,3918,198.42825367485597,107.07918802488196
1778360895,3919,1034.9656703668297,265.7819878648242
1778360895,3920,2403.651550910237,134.33467867590895
1778360895,3921,1393.1653416509694,204.3946641503162
1778360895,3922,322.9237556664095,101.80022583375357
1778360895,3923,602.9732342972527,72.70514386803698
1778360895,3924,1387.3080026924372,37.12200430567344
1778360895,3925,1511.8464639657452,208.5796027384815
1778360895,3926,71.12620571567749,55.97344038283399
1778360895,3927,593.6305406847894,298.80066518601535
1778360895,3928,382.1363261686602,413.36415252558595
1778360895,3929,194.6779603565518,42.726444567163426
1778360895,3930,370.8885077509212,84.77583992838495
1778360895,3931,1615.840059060873,141.73404033577856
1778360895,3932,926.3954124292418,330.2748580711958
1778360895,3933,1387.740091542932,160.03379168946196
1778360895,3934,541.9991680261523,240.44526464750055
1778360895,3935,1061.5565759106541,275.37100697632303
1778360895,3936,439.2499785806024,166.93393749628547
1778360895,3937,1574.1211588368287,220.95422529669355
1778360895,3938,74.36885447941813,49.80872218218162
1778360895,3939,374.2798334801499,102.72171203382004
1778360895,3940,1013.375521492537,155.33782748148607
1778360895,3941,1055.9637699443726,150.828895138925
1778360895,3942,844.1931645566893,322.7513866461281
1778360895,3943,345.11299406516355,228.99027732819576
1778360895,3944,395.3991546990952,145.7906825814084
1778360895,3945,358.48899374659925,109.0542031585838
1778360895,3946,2076.015732636055,175.41739077906186
1778360895,3947,593.307192192949,281.0972458835788
1778360895,3948,1609.2460843299696,162.00343105513417
1778360895,3949,892.0856307725428,322.27064503932667
1778360895,3950,672.4494461801635,301.98149725656407
1778360895,3951,1266.7266897761397,312.7972631303137
1778360895,3952,622.4032596830457,134.24800123751197
1778360895,3953,555.9380691688243,317.62698879447464
1778360895,3954,1697.3656235276069,137.94306393167633
1778360895,3955,388.8713114387918,116.31252751509128
1778360895,3956,343.7082623895014,89.29326992344342
1778360895,3957,1082.2330333091106,155.58441586673754
1778360895,3958,121.7052248637658,39.22912459513354
1778360895,3959,1917.4111228785282,186.63532147452122
1778360895,3960,339.4527705278075,92.196346651904
1778360895,3961,1590.3047894688564,38.272718160426216
1778360895,3962,1034.1873982063687,144.6019727157724
1778360895,3963,320.1013592801864,48.55960901347541
1778360895,3964,1085.6454478188148,323.8719697057938
1778360895,3965,183.4422804435658,171.7084480885178
1778360895,3966,693.8592704990343,59.94408742224864
1778360895,3967,1254.206811052275,342.27584029650484
1778360895,3968,735.7366389675846,230.22799968783815
1778360895,3969,226.87397595420066,33.68082507084876
1778360895,3970,1800.9571110925497,217.44655255923757
1778360895,3971,776.2748752199063,328.80624068345674
1778360895,3972,1062.9305923601776,38.29030699607329
1778360895,3973,873.1921382294512,336.96518824842235
1778360895,3974,769.9104205425799,144.4069345408236
1778360895,3975,774.516683630795,331.08921013503004
1778360895,3976,1707.928838641158,195.15248613277663
1778360895,3977,303.85968499856637,126.50676137083323
1778360895,3978,985.9389597873864,213.49886661321338
1778360895,3979,763.83288780918,325.5129149433364
1778360895,3980,2367.2477695697103,32.88764279911141
1778360895,3981,1630.3997157497051,226.40445610352407
1778360895,3982,1565.4910960296254,198.8428390203501
1778360895,3983,789.2427211275025,334.0286714069572
1778360895,3984,760.2749745939121,260.9388573676103
1778360895,3985,617.4886273904807,306.92894132044995
1778360895,3986,588.5559969878761,85.71479816424178
1778360895,3987,514.6400767608238,200.56990698147297
1778360895,3988,1467.7999148402487,226.64821636764952
1778360895,3989,535.5834214609848,138.6029355967571
1778360895,3990,575.2912778089653,64.00880356376149
1778360895,3991,1582.2737075152702,205.48218666778826
1778360895,3992,493.76875274349175,46.29376989060872
1778360895,3993,770.6689583804535,214.4257677319268
1778360895,3994,948.3649081880365,329.5073801205457
1778360895,3995,956.0793741556223,228.857760386777
1778360895,3996,533.0657403431987,190.84151499949357
1778360895,3997,568.2097644271354,276.7308655197512
1778360895,3998,909.9493910524791,333.73495453320015
1778360895,3999,1062.9367132992206,325.7898876007303
1778360895,4000,526.224778806153,135.277949629821
1778360895,4001,1057.0414702287767,140.1607846386373
1778360895,4002,744.3902087544659,327.98229784787804
1778360895,4003,1950.7943404445718,48.017721860361476
1778360895,4004,1458.9556029721343,147.52532093907826
1778360895,4005,1187.0153965556958,147.9141198539366
1778360895,4006,363.62252895205904,29.85495927853301
1778360895,4007,761.9106500466866,141.52883984047224
1778360895,4008,1894.7949760255176,72.9486212865992
1778360895,4009,1587.6557394634744,201.42878739386512
1778360895,4010,839.5069164579454,340.21329694529135
1778360895,4011,483.3032284332545,337.36109494247154
1778360895,4012,933.6836757300276,248.9485873477839
1778360895,4013,100.67125689607877,50.18745851388975
1778360895,4014,146.89912175966467,35.728470826171154
1778360895,4015,614.6214395247575,56.67293851652737
1778360895,4016,673.7054774534762,92.52196688760752
1778360895,4017,883.9441376151796,328.88694526616814
1778360895,4018,1840.9340120512038,159.48358414013106
1778360895,4019,1777.3263891427396,152.97285130161157
1778360895,4020,1061.529052686662,211.03379766698313
1778360895,4021,848.8729929773846,248.7388489092804
1778360895,4022,452.7846988713213,119.204107604518
1778360895,4023,1092.0421303958874,335.20245033309334
1778360895,4024,914.9333924339052,329.56987403897614
1778360895,4025,702.2789969317869,170.2386948577305
1778360895,4026,273.05898185069816,221.42113109815557
1778360895,4027,173.00609246515683,49.06865482270621
1778360895,4028,886.2162840642064,167.85494751504908
1778360895,4029,914.4228758838079,322.0860661745334
1778360895,4030,1672.104405760561,205.7243600085465
1778360895,4031,315.0318996793479,52.09593863685567
1778360895,4032,1684.2655557479857,213.9887125668973
1778360895,4033,1199.3992143794082,50.1166715298271
1778360895,4034,1159.0326572372007,343.63713999309954
1778360895,4035,1708.8208543887365,165.22465455122827
1778360895,4036,912.8273639448795,331.81175989435906
1778360895,4037,3350.7006778680293,89.07302474769784
1778360895,4038,1390.922183743259,140.9340570073853
1778360895,4039,405.9927713258802,42.28341434295628
1778360895,4040,1741.5058431267198,175.8349446566375
1778360895,4041,1451.67366902138,161.28629144147544
1778360895,4042,948.2038468630693,225.7638667281404
1778360895,4043,533.6093272782772,234.71796347355732
1778360895,4044,1031.1150275311954,246.44918396647302
1778360895,4045,956.5213113813171,322.24117247594114
1778360895,4046,895.5106447910682,286.4924484968435
1778360895,4047,1061.580606455479,321.4871129845829
1778360895,4048,1092.7208879829489,149.92008742551135
1778360895,4049,894.2303847807517,323.53424744974217
1778360895,4050,1936.155360856352,182.91179440845784
1778360895,4051,1009.6065337963877,337.7973502950638
1778360895,4052,2465.140452333356,137.38301835320127
1778360895,4053,1005.31346074472,317.38637522808654
1778360895,4054,536.238397134385,340.4674732511848
1778360895,4055,1175.040220766959,310.5978665898032
1778360895,4056,824.9469070096826,233.23695588125298
1778360895,4057,560.6002362207719,274.0062781589653
1778360895,4058,696.360030448195,201.37868179536716
1778360895,4059,1561.7359947241612,199.7314644445213
1778360895,4060,2226.6227932922366,163.94306522768616
1778360895,4061,1176.3874523276845,332.9909855093739
1778360895,4062,976.3613018475155,318.7031611136567
1778360895,4063,1109.0302395225408,198.55792996739646
1778360895,4064,1657.754927467367,129.2289818290283
1778360895,4065,1657.4931598114324,178.13888216351629
1778360895,4066,889.9880442927645,232.90227966000666
1778360895,4067,2927.8384958412,147.39642681961058
1778360895,4068,193.61588325052733,73.32574980686672
1778360895,4069,987.9016469993654,117.0791608646547
1778360895,4070,663.1690462580136,62.92360389456878
1778360895,4071,2214.6964400705597,147.8441669227277
1778360895,4072,1484.742234442114,195.83728183907357
1778360895,4073,2157.636197067233,159.14979462923912
1778360895,4074,1077.5577132021613,324.0350446769929
1778360895,4075,303.2837139412386,60.37898318349815
1778360895,4076,307.0049436954131,40.02347221650259
1778360895,4077,2107.240620888143,194.493315255723
1778360895,4078,791.6326643381352,327.1445175895016
1778360895,4079,986.6735882591432,333.8958261960075
1778360895,4080,973.6490121457475,325.4280017270544
1778360895,4081,913.6235718015319,322.16725798461147
1778360895,4082,920.1729831772824,345.53449611734635
1778360895,4083,858.7815848261183,326.9162411976802
1778360895,4084,720.4572316877383,234.58778753473055
1778360895,4085,1459.8533976863023,158.12764130625243
1778360895,4086,467.2454113364137,157.74575780536446
1778360895,4087,967.6674255679652,317.4383262207425
1778360895,4088,990.2895274165365,203.33910198050864
1778360895,4089,676.4604398896583,177.03453587513215
1778360895,4090,963.5828556812336,326.5402933072782
1778360895,4091,250.21433181455936,121.16456744825908
1778360895,4092,1283.2573804568433,149.3136595030258
1778360895,4093,824.4063928455762,216.1303076275792
1778360895,4094,982.7345630595472,328.2792997374856
1778360895,4095,1844.4195914383422,147.30505385259804
1778360895,4096,1234.1922037322538,146.2556106585801
1778360895,4097,1189.3730183462137,205.73686342781943
1778360895,4098,1084.148478826497,237.57303079081973
1778360895,4099,118.31603934397398,68.03939748667196
1778360895,4100,290.55998920383826,99.04373504459474
1778360895,4101,619.5003046533119,244.56599139408382
1778360895,4102,2761.978324853406,206.26236226295947
1778360895,4103,463.5135034875205,237.03113394969654
1778360895,4104,767.2348441349379,114.10158479667953
1778360895,4105,1444.3881484276399,188.20717150824126
1778360895,4106,753.8314413518931,23.16397521749992
1778360895,4107,413.34873577168895,166.3309242834285
1778360895,4108,645.0782016973458,165.72529943018472
1778360895,4109,1151.1366483912657,146.15862018212138
1778360895,4110,286.6836031915938,161.98977216275185
1778360895,4111,899.0127172073429,149.0521815541844
1778360895,4112,899.8701428057924,328.7389235162398
1778360895,4113,833.3483368833392,89.6534003690708
1778360895,4114,1591.6673983819092,134.33699504847667
1778360895,4115,209.0111437373679,67.08055667254142
1778360895,4116,911.7584088833396,336.052931068654
1778360895,4117,1329.2701771353989,58.73092096774743
1778360895,4118,1688.0457868594685,191.6233232009157
1778360895,4119,1667.9908254898012,126.73136826715842
1778360895,4120,817.9999534943257,331.0539568161642
1778360895,4121,1832.0080271587071,140.39447714803384
1778360895,4122,611.9714317374742,135.48545744965404
1778360895,4123,599.9891234677197,18.556158849097244
1778360895,4124,836.7963205404319,219.69052477710173
1778360895,4125,377.6461815168252,165.3257151753145
1778360895,4126,3052.8764073517777,81.29505691854737
1778360895,4127,3021.4793356853256,52.603831064499914
1778360895,4128,738.714545177367,325.0700313356084
1778360895,4129,1536.9753930397378,239.39581478995578
1778360895,4130,832.8021988874609,153.31419331204356
1778360895,4131,515.1279639046766,165.4286175931198
1778360895,4132,1002.6114403774476,147.3500490201213
1778360895,4133,342.1686826411593,77.29907365408862
1778360895,4134,127.6252535660468,32.15826759241522
1778360895,4135,780.0539454215657,245.30002864542536
1778360895,4136,626.7673055400674,245.77849878241108
1778360895,4137,413.27045802297675,67.75841698467916
1778360895,4138,1198.3026148095714,329.45920857860756
1778360895,4139,5022.889030514301,42.04040817620852
1778360895,4140,1123.2481858624035,150.278806521723
1778360895,4141,1406.6135302566627,234.34581299648224
1778360895,4142,1381.186730343044,331.61542822495016
1778360895,4143,821.851862118409,226.24670023844715
1778360895,4144,729.1161644906744,328.8710559689372
1778360895,4145,1722.7114114522144,153.50759650676716
1778360895,4146,806.4058546721539,109.03705370635312
1778360895,4147,957.8904602759684,226.0018761328251
1778360895,4148,1088.0714168422041,319.5917271422369
1778360895,4149,959.6005196786289,59.01541840308725
1778360895,4150,998.0072384397682,322.57496440366054
1778360895,4151,383.7034803541553,67.98162236616845
1778360895,4152,1510.1925020562326,196.95946601839256
1778360895,4153,2563.947811857068,160.89802356761234
1778360895,4154,825.0526920204993,318.6270333970669
1778360895,4155,1577.02497732529,283.93749897830645
1778360895,4156,1126.8759753846114,302.00248868346927
1778360895,4157,990.4601142970602,325.1060358026158
1778360895,4158,1552.8598992647433,129.40383215445482
1778360895,4159,557.4748894162617,275.30971100745234
1778360895,4160,229.97966392796076,128.43714496581532
1778360895,4161,812.678939787037,238.8068972367088
1778360895,4162,935.9036822326391,155.30959933759652
1778360895,4163,780.7850989230591,232.3987415806169
1778360895,4164,1749.653623032121,202.29894748213195
1778360895,4165,571.3884372680853,273.75790608328026
1778360895,4166,1571.2645418597242,135.0103091967796
1778360895,4167,679.9006285507237,164.7974437546947
1778360895,4168,2514.9737337421748,184.8555013354492
1778360895,4169,1178.1048457095303,138.44627051332216
1778360895,4170,2027.5828064611046,186.74003284550474
1778360895,4171,2593.3559478008383,85.9512155845965
1778360895,4172,707.2797400176121,65.34978358210114
1778360895,4173,1097.814382889008,318.6744583832371
1778360895,4174,1537.9094042002619,153.18582344379905
1778360895,4175,2576.9982175473906,156.47720643381828
1778360895,4176,240.6146137465927,66.39242054741072
1778360895,4177,480.2605508387137,202.17657964116273
1778360895,4178,522.3104096157614,188.93533810463197
1778360895,4179,332.3555449706785,19.59885483880223
1778360895,4180,791.5463679495774,92.35356451097292
1778360895,4181,1393.072643025481,153.6433971413053
1778360895,4182,838.793716858492,327.627174264785
1778360895,4183,151.0469243682785,30.937031539688817
1778360895,4184,2237.51644246018,165.80602728770336
1778360895,4185,2659.988029882419,167.07357931328062
1778360895,4186,686.112144391038,42.11202794294954
1778360895,4187,901.2033823641503,87.27339681478783
1778360895,4188,237.65434469455224,31.49141852487869
1778360895,4189,1072.658120815662,150.265408464735
1778360895,4190,2071.456098517215,59.42755058709097
1778360895,4191,615.5218694125894,210.39726048294958
1778360895,4192,1905.8465742163805,130.69539466929868
1778360895,4193,429.2696440713937,117.84016932022385
1778360895,4194,361.4402951594901,65.04878583920605
1778360895,4195,979.7049607598362,263.08081712703773
1778360895,4196,242.12022807659505,38.04551841721173
1778360895,4197,1820.1914518781994,189.56356644087805
1778360895,4198,974.6212560129059,314.71797999059817
1778360895,4199,602.7105145997141,247.57927155246765
1778360895,4200,1454.5122442509569,130.9729745806816
1778360895,4201,1375.142513788432,146.99927344976263
1778360895,4202,532.6373188850748,49.02837823969257
1778360895,4203,240.51626909619375,29.699650418613256
1778360895,4204,447.2107209584808,110.0142183818261
1778360895,4205,1612.7227154810091,211.20021031068578
1778360895,4206,956.1658547502088,338.45476337953323
1778360895,4207,1787.5798852606022,199.05028105942318
1778360895,4208,1503.5076368666876,199.07493984512993
1778360895,4209,584.3129985304342,336.6934817750375
1778360895,4210,1736.7862579030611,130.1137442543861
1778360895,4211,1167.8775637767465,253.67086518484223
1778360895,4212,1551.288027925147,237.63893284307483
1778360895,4213,823.3938494687076,250.9688179973767
1778360895,4214,978.5823331647341,53.976151218772976
1778360895,4215,1667.8357054369078,170.8518115764033
1778360895,4216,233.27961334274994,33.94160513020759
1778360895,4217,2072.9291335333673,169.91935334890906
1778360895,4218,846.9939706981685,328.4830056485024
1778360895,4219,876.7626419309508,238.16240393285898
1778360895,4220,1159.1164085640905,209.5356662139511
1778360895,4221,1134.9073418204302,318.5215904987142
1778360895,4222,2350.099004395147,196.42883390199282
1778360895,4223,582.263196393383,228.1251769122139
1778360895,4224,2288.920641961902,129.5116344694476
1778360895,4225,442.66196684362984,229.67473081664406
1778360895,4226,834.9348236034145,185.58959934516025
1778360895,4227,581.4974270093104,133.6378044664392
1778360895,4228,1739.9201332261475,133.86098877902648
1778360895,4229,574.0051947461492,154.602487920272
1778360895,4230,1846.6478034356933,124.56746222516936
1778360895,4231,1591.966891754174,156.77621955610147
1778360895,4232,976.3889039915605,227.8276961679556
1778360895,4233,417.34600404467733,17.840890656750965
1778360895,4234,341.17520190146604,147.28306928755046
1778360895,4235,806.6234142847514,333.3384633304461
1778360895,4236,279.2229782995612,74.29739887963999
1778360895,4237,2345.8568228176555,133.4534439763824
1778360895,4238,936.8384496532484,256.7323397426909
1778360895,4239,928.3245021052297,332.8872730834153
1778360895,4240,1035.611176149736,215.32187208346957
1778360895,4241,217.70280307662182,142.26884184469608
1778360895,4242,369.5077166305745,278.92200483841435
1778360895,4243,941.0430698087972,247.0284549582886
1778360895,4244,1054.8632798309711,140.9659540265972
1778360895,4245,1110.1702055313478,228.6992362580728
1778360895,4246,578.8756526131898,181.972398240476
1778360895,4247,269.9690800143379,29.6994561615555
1778360895,4248,959.8674216696273,335.20003342144383
1778360895,4249,1496.110195997172,225.6117773068483
1778360895,4250,1138.1348317359689,337.7110443815797
1778360895,4251,930.404322971041,251.98513572990325
1778360895,4252,538.4637690286733,284.91532837146445
1778360895,4253,1009.1728854568593,326.26457830758943
1778360895,4254,216.8074472010924,128.59858871100587
1778360895,4255,319.5875223827028,188.8453675439815
1778360895,4256,439.74189612249006,206.23447186716936
1778360895,4257,461.4577159937967,398.1184981399433
1778360895,4258,814.7574818900971,327.75097889620577
1778360895,4259,716.7687449469522,172.63887533798342
1778360895,4260,846.5809586942966,331.96120588846367
1778360895,4261,905.746058994846,300.72589353957954
1778360895,4262,903.057048408775,239.40903099321457
1778360895,4263,689.2439166658367,368.2377719365049
1778360895,4264,388.32392894615384,348.3510561770853
1778360895,4265,2564.986398283822,180.977232831698
1778360895,4266,556.0601579552801,289.9279588328573
1778360895,4267,696.9865989075363,256.2711717681317
1778360895,4268,691.7409149054254,252.9705177107896
1778360895,4269,726.922123223588,144.12108768412688
1778360895,4270,1003.684170857615,326.28586259756145
1778360895,4271,760.6988522109682,330.04350725005753
1778360895,4272,1090.3640259518081,311.1945670427008
1778360895,4273,963.699750520327,214.85409709298185
1778360895,4274,603.9201338482072,230.01690893258112
1778360895,4275,681.1967747559282,268.3255069113166
1778360895,4276,633.0618727885993,22.80742683677064
1778360895,4277,135.92487109482207,70.1800386546181
1778360895,4278,443.26868872956715,271.57428808238683
1778360895,4279,1260.2936454860042,57.24576930983922
1778360895,4280,664.7662016893752,125.82953470383286
1778360895,4281,855.6461002171918,175.7522787049477
1778360895,4282,372.2127728391036,94.67235243264228
1778360895,4283,594.4139730971302,79.8189474026506
1778360895,4284,558.7719402762443,250.78076495885412
1778360895,4285,258.55954263099073,89.17859896568109
1778360895,4286,1129.4309247049262,300.28068709460365
1778360895,4287,344.97841733909274,117.89691277936463
1778360895,4288,759.9797360125519,263.14758893392286
1778360895,4289,1798.5475332639983,227.62228513323495
1778360895,4290,1102.7684197382735,307.5370755192398
1778360895,4291,516.9119368962205,304.27087757459367
1778360895,4292,1255.354472494514,272.08492440069506
1778360895,4293,335.6228533502589,90.43976649174284
1778360895,4294,868.8586686671923,241.58511491407086
1778360895,4295,911.1593397198614,35.59261027281396
1778360895,4296,1136.9379061910004,235.25972674860736
1778360895,4297,1317.5141449635485,231.8683285271103
1778360895,4298,867.3592866177515,155.14933397008718
1778360895,4299,1653.4105180293714,128.35141616671237
1778360895,4300,778.0567137229599,217.6474515170346
1778360895,4301,1052.5703331422305,330.24501720590354
1778360895,4302,1184.6198120339907,323.29382303996385
1778360895,4303,1158.2044117974706,337.6415264704201
1778360895,4304,962.874622501906,256.9766070894539
1778360895,4305,191.35082494889355,60.103822936217526
1778360895,4306,1297.7820536327495,135.25504576658108
1778360895,4307,1305.0568108699424,143.56413739136525
1778360895,4308,1002.9487239184837,326.12668243321156
1778360895,4309,821.2263886916421,333.1114464704413
1778360895,4310,1748.484671881014,132.2590992951648
1778360895,4311,701.9201413093373,104.70915441810934
1778360895,4312,1229.9342884046766,309.422269038811
1778360895,4313,503.62806634916075,245.46085120060917
1778360895,4314,1014.8087380626874,322.6605719735192
1778360895,4315,483.51825166282634,266.23475933169226
1778360895,4316,1413.0810199701305,135.71580629075146
1778360895,4317,963.7735855246625,321.5449982084631
1778360895,4318,1271.2939941374243,160.5539544806823
1778360895,4319,1058.4954909145733,153.48113966265876
1778360895,4320,700.1916985612658,234.49909275025215
1778360895,4321,1444.7694941354353,150.23394548212175
1778360895,4322,903.6970450725403,203.06446323551071
1778360895,4323,1184.4821032951822,312.9932238811717
1778360895,4324,798.3707940181511,254.2988818989701
1778360895,4325,192.15584018738159,44.18127840887359
1778360895,4326,2162.5095254880353,127.39510065492641
1778360895,4327,1422.8349489264272,256.4546599561254
1778360895,4328,176.06251591878151,83.94303654533309
1778360895,4329,1588.3990880939987,163.2159025854818
1778360895,4330,3856.8024709935125,112.51944969097863
1778360895,4331,2764.5106178181954,117.9215338167927
1778360895,4332,828.6986444467984,149.77939175545816
1778360895,4333,673.4278247318354,312.45198700899635
1778360895,4334,936.7824599480507,248.74197416248438
1778360895,4335,667.9374288895078,254.1250996678776
1778360895,4336,2676.112338168787,149.77588503557035
1778360895,4337,946.486002635815,151.04899062340021
1778360895,4338,584.9160682083143,35.772227377094055
1778360895,4339,766.5105123259292,328.43239645552416
1778360895,4340,362.54116817878344,44.14120374188055
1778360895,4341,1990.0714173873648,151.4247544642139
1778360895,4342,276.99975735085513,45.03087135893539
1778360895,4343,330.2182721745297,180.00404565583509
1778360895,4344,599.2719595399116,277.99193402345105
1778360895,4345,298.26058437510227,91.6600304711997
1778360895,4346,1132.654350679504,191.94496227878628
1778360895,4347,3146.662869946263,150.58963326659125
1778360895,4348,1152.1733173271548,319.9382763943225
1778360895,4349,935.1231152421957,50.59612225176559
1778360895,4350,2223.3949452531983,166.4346581621652
1778360895,4351,1975.90631894863,157.75165939281501
1778360895,4352,2057.115608836914,153.0182824024233
1778360895,4353,1110.5277202076006,159.9220060520866
1778360895,4354,741.044259849332,193.01070506539597
1778360895,4355,630.9690629086049,128.76389350888147
1778360895,4356,514.6707675425157,342.9675616261916
1778360895,4357,747.1687421159208,266.4389476408236
1778360895,4358,670.7125283785388,315.74950541446646
1778360895,4359,715.4746329665589,206.58151011308894
1778360895,4360,600.473850924691,160.45966280822654
1778360895,4361,778.22655203604,175.04924047308796
1778360895,4362,1017.5744814837858,291.70496941236655
1778360895,4363,481.5644998562368,331.98719942965585
1778360895,4364,932.4687167253103,239.02153166758058
1778360895,4365,935.2945118366057,333.5167814899284
1778360895,4366,398.57391420799587,78.4342537768819
1778360895,4367,774.4034819299476,57.73662805508359
1778360895,4368,293.92621204004,255.8500292750832
1778360895,4369,1310.450343043888,274.14702561002525
1778360895,4370,1427.5394790594141,44.47780122666522
1778360895,4371,2274.3660586638803,202.81114365789583
1778360895,4372,2776.1929537615115,172.30344002943897
1778360895,4373,489.4400751045585,313.25954072832997
1778360895,4374,1406.826549012496,133.75137646285737
1778360895,4375,797.619245426918,322.36351708475195
1778360895,4376,963.6361135232694,144.04949944210753
1778360895,4377,918.0627843928274,133.14795027465448
1778360895,4378,1324.8651806535274,288.96417578000256
1778360895,4379,1017.4293895837063,326.71538374983106
1778360895,4380,541.1435638785822,298.8892138643152
1778360895,4381,1264.6460456793295,157.21431650878247
1778360895,4382,564.9067599415,222.19232864667813
1778360895,4383,1475.7456520236829,141.44773698347237
1778360895,4384,777.0681187160404,126.90034476236704
1778360895,4385,530.3851957064314,55.30090068794515
1778360895,4386,1197.822410871162,125.87742123343332
1778360895,4387,894.5743554683967,167.901168939607
1778360895,4388,476.8880580347617,249.4663060082894
1778360895,4389,798.7316089466458,324.88628890150255
1778360895,4390,1765.147852263591,175.7758469031974
1778360895,4391,1199.9134495165702,198.87357189230272
1778360895,4392,1160.8799626593718,148.77889461121674
1778360895,4393,246.37424814988339,54.96003921855969
1778360895,4394,649.1082865043102,175.00625221520934
1778360895,4395,1029.0962519410002,153.2339919005525
1778360895,4396,1772.9676786265788,114.43782320932839
1778360895,4397,963.6535297732377,344.2841674371048
1778360895,4398,521.1216540335129,95.09362727974003
1778360895,4399,362.22428059849005,38.234352058864296
1778360895,4400,705.6926991299924,171.91417552915738
1778360895,4401,978.927640723419,327.90948881315626
1778360895,4402,2715.113258973894,188.47571560919292
1778360895,4403,1265.8623192281702,213.97263683666716
1778360895,4404,2285.621018837467,160.05246098539286
1778360895,4405,1065.8040094875969,167.46097219630863
1778360895,4406,2348.315534396311,186.95543711607212
1778360895,4407,1247.5827924415114,323.9043309337891
1778360895,4408,1382.9823602065055,92.25890981461365
1778360895,4409,1154.0357007108494,224.18680188813263
1778360895,4410,1141.618986619138,167.69902434930435
1778360895,4411,332.6995785803932,91.97249389754496
1778360895,4412,1378.5259617250967,176.7573626978067
1778360895,4413,512.3627661952092,276.87385845590785
1778360895,4414,964.0113513146392,343.10219660393136
1778360895,4415,1320.9253201497481,155.32670537498703
1778360895,4416,1613.580459605697,189.63297300934587
1778360895,4417,731.5819435703263,355.0226260380231
1778360895,4418,239.6556405796857,67.91016692792353
1778360895,4419,669.9271877668107,264.4153751310377
1778360895,4420,990.9059895682659,145.87650287422875
1778360895,4421,1095.3585771853539,238.24923308143207
1778360895,4422,758.2996127879253,320.4665062672552
1778360895,4423,266.8338208669459,88.40334553506518
1778360895,4424,1831.4600963532705,228.7202220706971
1778360895,4425,363.7626909847433,73.12977172743999
1778360895,4426,613.3463107670456,364.3129375986358
1778360895,4427,917.1982660383372,236.69457225955622
1778360895,4428,373.95456854237807,203.54870219351074
1778360895,4429,1292.851931214559,312.4971859493972
1778360895,4430,621.1866475421007,212.75198123876578
1778360895,4431,261.9642108009964,87.90355442508485
1778360895,4432,1054.003816295396,322.0877291753902
1778360895,4433,808.392530634575,330.8545532264635
1778360895,4434,2082.2199900983715,148.11953672365462
1778360895,4435,1529.2390365634437,223.0259099291125
1778360895,4436,143.41961833135494,73.49931572211516
1778360895,4437,784.0286709782546,334.7973640081486
1778360895,4438,801.469049708542,195.55857207743867
1778360895,4439,222.143173656629,76.12430141964772
1778360895,4440,920.1509775977927,327.8869395959627
1778360895,4441,1061.2828885335948,193.4605726032484
1778360895,4442,197.49746593459423,130.09481079715792
1778360895,4443,339.99445975715236,31.747915702612588
1778360895,4444,880.4638142255111,153.59369075176002
1778360895,4445,722.6698483859859,215.7721812630668
1778360895,4446,1047.1913879610988,137.64165563778351
1778360895,4447,319.16273542572736,50.08397766449932
1778360895,4448,2314.565293802089,208.9015553252142
1778360895,4449,261.1206695325026,140.68976688310167
1778360895,4450,413.78324228568806,118.84109070115751
1778360895,4451,462.5808445225946,90.47929295388509
1778360895,4452,1380.500251530161,169.64651069680394
1778360895,4453,2172.2791032895275,168.39588726911808
1778360895,4454,1000.4574217046913,333.705103876152
1778360895,4455,1258.1029966687286,136.82870860440448
1778360895,4456,1318.926144468169,212.70696068958074
1778360895,4457,519.8013427592095,240.51649839074722
1778360895,4458,774.6220666000036,328.78357904473273
1778360895,4459,1405.4616053549707,171.50951595556688
1778360895,4460,272.9757324279325,32.108793496029016
1778360895,4461,260.3338988822575,64.71969149004097
1778360895,4462,1589.449344883482,213.73299604098796
1778360895,4463,1317.118978457874,202.4143993774466
1778360895,4464,428.9768018165012,50.230693899989326
1778360895,4465,339.59011058766305,95.5354694140999
1778360895,4466,306.8162514285811,194.19409458260535
1778360895,4467,1591.4873505196647,186.81885554059178
1778360895,4468,2409.3585437551496,143.36091311212618
1778360895,4469,659.5317122645786,311.6340205355121
1778360895,4470,865.209876031216,92.56404799044901
1778360895,4471,384.3678599690982,247.0101296019104
1778360895,4472,607.0790404920705,53.91483737734942
1778360895,4473,908.4592318366375,322.6427984088669
1778360895,4474,1153.6188876070512,198.3476596290842
1778360895,4475,896.6225613012874,156.82124216889918
1778360895,4476,291.9651422268695,117.86323738649634
1778360895,4477,1056.7444252846394,315.4736445779822
1778360895,4478,1221.9313564201852,313.7068928695484
1778360895,4479,414.07778195260187,62.63916105112598
1778360895,4480,1000.4828939340806,318.70180335326575
1778360895,4481,1045.1655637076299,335.0256858774682
1778360895,4482,1122.3833502705393,321.5475557087607
1778360895,4483,815.7066814530012,329.6703814330862
1778360895,4484,125.4574790112814,40.84349041733201
1778360895,4485,1539.2755090557696,185.43122808760424
1778360895,4486,1916.8407258057862,221.23191759583196
1778360895,4487,1153.4435236308082,318.5054076080037
1778360895,4488,473.4764774448576,238.44712003020808
1778360895,4489,954.2965704735316,287.55941445769975
1778360895,4490,924.0303962197081,325.02300080730805
1778360895,4491,1029.6698066144227,340.1021013169913
1778360895,4492,470.4649888869413,229.37258198115964
1778360895,4493,204.58026250382525,89.25587660415025
1778360895,4494,1817.5830996637599,186.36598401119582
1778360895,4495,1843.2845146113523,171.76910004211607
1778360895,4496,1775.623262948651,212.95206702801593
1778360895,4497,414.3330982061838,140.59694742842194
1778360895,4498,1624.2115991920332,180.4372902482579
1778360895,4499,1917.7555702703378,209.06607228537575
1778360895,4500,619.0249789638723,30.5532104472962
1778360895,4501,234.54997325611578,178.22060696036007
1778360895,4502,963.573809096451,231.32423552863528
1778360895,4503,476.29266895635544,74.23885370487665
1778360895,4504,4104.921055760516,158.61000049752548
1778360895,4505,444.6726507238293,43.54308658092086
1778360895,4506,666.9608607552045,215.37663380045953
1778360895,4507,1821.7488362686502,239.3396051348343
1778360895,4508,661.7222094337003,125.17279512183086
1778360895,4509,1432.4518639644916,205.50256826637224
1778360895,4510,1075.7762077203934,148.6877746922691
1778360895,4511,1567.055619197889,172.9706951382511
1778360895,4512,498.5449063730368,197.98354720141108
1778360895,4513,774.1924676326951,338.7684786874922
1778360895,4514,378.4342310475877,306.2520637802673
1778360895,4515,1863.527211029214,211.8367984190783
1778360895,4516,1162.4231275396005,322.37186398735207
1778360895,4517,1967.7373940954271,228.27515310657228
1778360895,4518,1516.8725497119779,41.65399265286585
1778360895,4519,1972.2179427830224,186.4757121175288
1778360895,4520,1192.053003551032,225.63846628844735
1778360895,4521,982.6157699315069,317.61214931594577
1778360895,4522,696.8396186940267,177.69830227408846
1778360895,4523,709.7375560579555,64.16791118212903
1778360895,4524,756.3053487600914,265.99003555466516
1778360895,4525,1636.1179488185717,232.33069277473192
1778360895,4526,326.5504695690523,36.9062286404976
1778360895,4527,880.2195283824768,248.84871644383585
1778360895,4528,261.27515715249353,97.73677173163723
1778360895,4529,217.93206185397506,67.99034839566896
1778360895,4530,206.94580722271,86.80105145266971
1778360895,4531,887.2310391091364,338.70622106452237
1778360895,4532,263.57117464631426,38.61685882067258
1778360895,4533,1177.4418460319757,145.51034010392664
1778360895,4534,1777.6380200000956,183.88614024595074
1778360895,4535,1993.5818756308936,174.30640300269198
1778360895,4536,1040.9903536697054,158.3535555527565
1778360895,4537,767.771444521817,320.8744403395085
1778360895,4538,540.1290714051015,75.73005970006153
1778360895,4539,314.8095260083193,84.15014539985441
1778360895,4540,372.95344372567035,115.59564196071312
1778360895,4541,995.1916821239348,314.30454430812716
1778360895,4542,1005.2312983301105,321.6126014065959
1778360895,4543,839.8130597537337,324.3492969483314
1778360895,4544,933.3081233347098,343.83602487839187
1778360895,4545,744.9662941736733,261.8526071765447
1778360895,4546,948.4145871378753,323.6491781417169
1778360895,4547,380.37339765547426,348.5636143295357
1778360895,4548,876.7659441463738,316.6424239454557
1778360895,4549,651.9911320106161,293.81143791079774
1778360895,4550,2964.3049224392576,143.25676293728856
1778360895,4551,1295.9542596831793,178.27923720670321
1778360895,4552,944.515981523326,222.2939395375792
1778360895,4553,878.995616630069,204.61010575831702
1778360895,4554,2063.8002654039096,223.25068711776865
1778360895,4555,1761.1879165235869,205.11002952021704
1778360895,4556,827.8044609713673,315.33376575212736
1778360895,4557,865.1838998485778,132.74395224739155
1778360895,4558,479.1526907699886,198.115864347605
1778360895,4559,1448.757851739269,247.54805401405898
1778360895,4560,2167.521976045087,175.62771568665545
1778360895,4561,826.9604358638467,174.34223876815054
1778360895,4562,1174.7731475873622,118.27411586512312
1778360895,4563,494.37876115990014,252.7310642603345
1778360895,4564,2610.29460600986,198.72778276683096
1778360895,4565,1368.3390245599376,89.88848186640817
1778360895,4566,744.8123456059352,242.8838050135069
1778360895,4567,2004.8371670415265,208.3673815913456
1778360895,4568,389.91778974894453,14.495653911063203
1778360895,4569,407.6446294982553,43.10401717003474
1778360895,4570,927.4605941712174,270.2446635241491
1778360895,4571,351.1067353056609,75.36580958262246
1778360895,4572,1185.1353523980194,233.71183330186605
1778360895,4573,2066.6196063692632,168.8247845944577
1778360895,4574,2254.581262976178,232.61912253770294
1778360895,4575,2757.9265805015802,161.848398787569
1778360895,4576,1575.8487922436652,189.90135219090243
1778360895,4577,1110.115329493676,186.7574815588524
1778360895,4578,823.6550511624475,174.25990161448468
1778360895,4579,1649.6891424214637,145.47981338804874
1778360895,4580,777.5201986347015,265.0788668564319
1778360895,4581,648.105209297721,292.2249226766092
1778360895,4582,1005.6005713412856,309.43591958267643
1778360895,4583,3043.5984718760756,184.5613020586297
1778360895,4584,513.9890719427206,260.46792770642014
1778360895,4585,1030.6235885871215,257.6788350322429
1778360895,4586,803.3455198578408,249.59279299501145
1778360895,4587,397.2264215462974,181.66637981715573
1778360895,4588,871.6671343540127,329.99160988540825
1778360895,4589,913.5519271159325,331.9646823877622
1778360895,4590,1466.6691039986895,161.27469877464245
1778360895,4591,897.4200491416585,252.50332390916537
1778360895,4592,1813.006297082009,220.0632922590921
1778360895,4593,994.7507017675413,349.0146872920966
1778360895,4594,1198.4541240229655,331.19410496721457
1778360895,4595,353.5087793738002,171.74764281255858
1778360895,4596,2452.706632990067,180.9356613034182
1778360895,4597,1134.487790730515,330.6961349318845
1778360895,4598,471.9386202565214,40.81590631879738
1778360895,4599,1896.0901598633104,148.8155205478651
1778360895,4600,930.5844208146024,213.0911967898795
1778360895,4601,913.2948632639709,182.3952788925428
1778360895,4602,361.8629112711895,160.44927366137048
1778360895,4603,68.16067871362698,14.93429805818715
1778360895,4604,562.8376349766369,368.4959390322528
1778360895,4605,904.3050729000445,325.81900821535197
1778360895,4606,1996.66563266241,184.16358010878457
1778360895,4607,1598.7495952654808,187.42972279802055
1778360895,4608,560.422273921587,224.9496393125052
1778360895,4609,988.5146574011418,312.7718075830275
1778360895,4610,322.45713603751375,241.84040129276173
1778360895,4611,836.1186173818775,217.123193861079
1778360895,4612,885.7336470020834,336.3437830414688
1778360895,4613,568.2082089770425,349.06946830761
1778360895,4614,187.0608466945345,43.103887123427256
1778360895,4615,966.4185124516541,258.24075059603507
1778360895,4616,1772.442626103639,167.3728441118126
1778360895,4617,1166.5540719367548,234.44739979425682
1778360895,4618,1062.7887333947704,309.4513334536732
1778360895,4619,734.1651410465199,181.98351720695027
1778360895,4620,1031.8650036469587,150.77380606670943
1778360895,4621,558.5114702802413,260.5104182247652
1778360895,4622,1086.9804682691404,195.3097915868249
1778360895,4623,437.18575295002523,55.13515680430704
1778360895,4624,367.684227621492,55.62567346389121
1778360895,4625,759.2010713953813,336.14544528206966
1778360895,4626,1524.909534455619,114.20968984874399
1778360895,4627,868.9794885458158,265.0983587306435
1778360895,4628,589.595518250804,144.858309645297
1778360895,4629,876.972778491922,265.18706160462347
1778360895,4630,402.33476803338857,304.0374106489811
1778360895,4631,2019.2118313207527,179.8574557014558
1778360895,4632,1356.8280612821022,168.96709029977058
1778360895,4633,1322.7929623040714,102.69416517183595
1778360895,4634,996.7086109030971,317.6866848631271
1778360895,4635,1392.5579209372286,144.12679841444006
1778360895,4636,1080.5874114196097,316.0670677106979
1778360895,4637,592.4782088269001,247.60015709961831
1778360895,4638,942.6758877763567,314.75823965900634
1778360895,4639,825.9370211047145,211.3196673263399
1778360895,4640,1633.1264905282217,191.89131061536858
1778360895,4641,926.230734827423,327.1252622350809
1778360895,4642,587.8631976778573,250.79286048164045
1778360895,4643,308.750633445266,185.28378944791396
1778360895,4644,361.0317530067467,337.93120114263326
1778360895,4645,532.5865214194272,143.15296770700397
1778360895,4646,800.7351986794441,238.53443496857116
1778360895,4647,845.0608767937539,141.25234659323425
1778360895,4648,2096.483901246672,160.37204804007507
1778360895,4649,1556.903474849523,107.96392984853276
1778360895,4650,1242.8550162529837,229.23633083568944
1778360895,4651,893.0001778515083,77.4785059350695
1778360895,4652,831.1652008105567,330.04879341393746
1778360895,4653,1641.3952817786771,235.1416891061237
1778360895,4654,2453.7017301907426,173.48099021360485
1778360895,4655,454.1918567771377,103.03090657163779
1778360895,4656,1188.8299044789528,137.71041447054543
1778360895,4657,2125.1582523439747,193.9482117239441
1778360895,4658,464.05845873055904,337.28412144000634
1778360895,4659,1616.0719761913574,196.07499771952942
1778360895,4660,1730.3541553797515,189.7390958762292
1778360895,4661,2454.653063178687,209.61321382658187
1778360895,4662,1624.8913923462446,144.37192338060947
1778360895,4663,761.3957028070017,217.0962119614742
1778360895,4664,1320.2355697595945,248.54180226451265
1778360895,4665,1453.7392335815398,216.4239436144175
1778360895,4666,923.0192573928862,326.36811096340443
1778360895,4667,425.84483711324486,108.9277990203133
1778360895,4668,856.5613938132718,323.6162971752058
1778360895,4669,227.7618140251053,130.47970026692045
1778360895,4670,728.7191461114492,353.18580526546725
1778360895,4671,500.3225100960314,251.327977442782
1778360895,4672,796.4086479672632,335.9841304372502
1778360895,4673,2273.9810962742667,167.5869604665824
1778360895,4674,252.04191505908986,69.08394544216898
1778360895,4675,1478.121881131767,137.16038377942675
1778360895,4676,1088.71723600646,165.58197988253468
1778360895,4677,571.3502151063711,57.59972081914091
1778360895,4678,488.8378400683989,224.5058414900951
1778360895,4679,205.3428314256258,43.74370383622921
1778360895,4680,118.07221289477931,113.45624920745982
1778360895,4681,693.5178421156472,330.9638037888297
1778360895,4682,1757.2576878794441,179.43212144367985
1778360895,4683,997.1654637246369,210.2177396616521
1778360895,4684,1252.0087190070794,145.61956592410095
1778360895,4685,600.0477594412024,356.8635634961161
1778360895,4686,533.0402973426307,240.48676412626247
1778360895,4687,1657.6877252770744,228.18129110647482
1778360895,4688,1407.7404482185048,198.67358668637814
1778360895,4689,1025.3631079626098,317.47557660668554
1778360895,4690,169.997366984216,45.95347706327901
1778360895,4691,1058.559271813298,327.8296868865579
1778360895,4692,625.6825976733201,288.47336156323473
1778360895,4693,1658.0155503234923,203.5742382305522
1778360895,4694,1552.5208523259366,205.26218958391505
1778360895,4695,627.7708013641949,154.64414000059742
1778360895,4696,767.6007582714129,224.94154489281217
1778360895,4697,1800.811892085248,122.95158570646228
1778360895,4698,1207.0938729955583,146.76468153262542
1778360895,4699,845.4722118393819,319.33656011530763
1778360895,4700,1342.9167895957783,168.67503175969983
1778360895,4701,540.4974426833602,217.03503830021063
1778360895,4702,1469.2047153526596,187.7629970383208
1778360895,4703,1688.8134455918382,186.08186755434116
1778360895,4704,963.924758603823,323.40288943317074
1778360895,4705,2401.1969571068516,175.98667495270135
1778360895,4706,1288.9155180439027,176.84076485597654
1778360895,4707,712.5847307696581,281.16241203196694
1778360895,4708,796.1844495821082,332.39226298510357
1778360895,4709,2576.323993708363,167.6425544549865
1778360895,4710,713.8998356214132,253.67922191264088
1778360895,4711,855.8602188920704,170.9177058756391
1778360895,4712,807.9761370872943,333.548588424938
1778360895,4713,1839.1342909353,184.03266482242992
1778360895,4714,3057.244261595942,200.68644993875515
1778360895,4715,2301.7647904528285,145.70870999030973
1778360895,4716,1712.3462407185614,219.205989400234
1778360895,4717,1891.5379965439674,160.96970857482603
1778360895,4718,550.3282685587425,280.7613458953639
1778360895,4719,871.5415318025928,334.963542983604
1778360895,4720,1028.8307762998104,313.2647008287004
1778360895,4721,1869.1124048163729,191.94601478334602
1778360895,4722,882.5311975352981,360.6864507290182
1778360895,4723,1071.3450051833095,216.98368223944172
1778360895,4724,776.9446413512909,326.5653583850054
1778360895,4725,594.8348379250854,343.436095473627
1778360895,4726,1026.6988048462147,261.8594872805064
1778360895,4727,332.35124202540936,102.8878581931495
1778360895,4728,802.8384032864391,293.76353879259483
1778360895,4729,982.8693060816523,312.52130524480236
1778360895,4730,963.6615932387012,315.0086386556947
1778360895,4731,1122.4373936181814,268.7321489256654
1778360895,4732,1013.520981455495,116.78888467423103
1778360895,4733,745.8844022509788,124.97826965022188
1778360895,4734,1432.6862842384585,207.39418489294573
1778360895,4735,707.660902353921,177.19656538786347
1778360895,4736,1700.127302091672,219.8334207904464
1778360895,4737,950.8605067692478,174.3996524151091
1778360895,4738,1025.1656243713107,287.72692479427405
1778360895,4739,846.5032087847254,325.2438686749085
1778360895,4740,2755.2539090499445,126.43749248750521
1778360895,4741,2862.700512710389,160.0733626739546
1778360895,4742,467.133775942918,377.961937318705
1778360895,4743,1075.8719058399577,44.110860694003314
1778360895,4744,197.5419447816935,75.38343015610901
1778360895,4745,1069.3350115850355,222.40299868589577
1778360895,4746,1624.9222018333387,169.3545611488411
1778360895,4747,312.57574316242204,134.67329814333013
1778360895,4748,1363.8539961041802,277.89834741116414
1778360895,4749,1192.9160321659306,146.43202050947943
1778360895,4750,1836.8913476948776,202.69618651715132
1778360895,4751,1164.0973332832536,213.72476967921108
1778360895,4752,1487.0983359844176,163.04483914643515
1778360895,4753,922.3169939095164,322.1039800978845
1778360895,4754,1208.489613696037,167.9489937185996
1778360895,4755,665.3827236471986,244.6273758742025
1778360895,4756,1138.9971787514037,232.74379157390604
1778360895,4757,1128.0565694532393,320.8931382230461
1778360895,4758,1158.4111204317512,153.52882032237542
1778360895,4759,1716.819897367552,178.08723792064993
1778360895,4760,235.21857853846004,104.27356398176707
1778360895,4761,485.46103651980764,298.03932526852867
1778360895,4762,2971.368960266787,165.76544826849036
1778360895,4763,1054.8986982342515,164.331166127284
1778360895,4764,1830.3575507252879,178.2790737764359
1778360895,4765,894.5046478335634,207.9390084238428
1778360895,4766,915.8080972006061,318.7521013822183
1778360895,4767,1331.6174976934767,340.0437189767944
1778360895,4768,1120.9948523655098,168.94364361390538
1778360895,4769,336.2050945581174,155.03659062556713
1778360895,4770,141.11927447229775,43.88694576388057
1778360895,4771,856.029813795263,254.88749731856072
1778360895,4772,1002.7477630988666,331.93264839884694
1778360895,4773,617.3625247901088,56.90725264528082
1778360895,4774,727.008668620959,217.45733153936862
1778360895,4775,403.2195607166275,220.9349560504608
1778360895,4776,109.69047137953157,82.10405040172941
1778360895,4777,1550.6952846754539,210.48505432884687
1778360895,4778,1431.4953945209372,229.31262242308154
1778360895,4779,421.18861787555545,39.29905193965456
1778360895,4780,1120.7385796185324,216.4017985245831
1778360895,4781,622.2226150474467,316.03174738516066
1778360895,4782,538.7084560240323,215.95871346036492
1778360895,4783,519.9169969675992,325.9392466963321
1778360895,4784,974.2277185960043,324.10845303560876
1778360895,4785,320.4480713090515,332.5737165577477
1778360895,4786,721.2322998216488,234.61463977128088
1778360895,4787,727.6989454351602,337.1060641709537
1778360895,4788,903.9404601359253,187.80256203611304
1778360895,4789,102.82592251485627,15.984795039626135
1778360895,4790,536.7380787411729,158.030209606028
1778360895,4791,1316.764164282143,146.98932454007553
1778360895,4792,88.37678829402184,85.89514345897788
1778360895,4793,2386.358966087643,184.36930779168154
1778360895,4794,1983.9551749336606,153.1363031300643
1778360895,4795,813.8775124251817,298.51532634886155
1778360895,4796,839.9871848429318,302.0686482794319
1778360895,4797,966.0378443822221,352.5957714108902
1778360895,4798,394.2237277106019,221.26343991050334
1778360895,4799,1410.0912879082991,230.3905111811228
1778360895,4800,645.6852504650229,254.4704596685639
1778360895,4801,1475.8986795037815,185.99410162484776
1778360895,4802,1528.2912623574637,181.04705999445585
1778360895,4803,929.1399727577293,334.95903036501545
1778360895,4804,701.5491506428991,159.70381850098306
1778360895,4805,1278.8394228767313,232.54994930710436
1778360895,4806,1078.826700394718,48.89385511795227
1778360895,4807,721.1146930440814,220.00072814099556
1778360895,4808,778.1922619853356,329.55263164999315
1778360895,4809,944.5265070175421,336.72620071310126
1778360895,4810,989.2904717469652,116.4646164761417
1778360895,4811,104.33524665500154,17.61692096070165
1778360895,4812,813.7377990476006,336.3351854421277
1778360895,4813,1097.4952297504292,182.84872207573378
1778360895,4814,475.49789272280333,230.3369466635714
1778360895,4815,2875.3966853208053,64.97757680596395
1778360895,4816,704.6648792976993,274.70241463536274
1778360895,4817,891.7406597931918,335.9596560401567
1778360895,4818,1120.503241082678,241.1465308179511
1778360895,4819,2644.6492982392724,123.55536911472755
1778360895,4820,1067.4304879328952,314.5871060121219
1778360895,4821,1505.051208483201,66.22542062191746
1778360895,4822,769.772619882137,341.1697621750896
1778360895,4823,877.2005560702817,252.35359424879175
1778360895,4824,866.9570819110419,272.75343313251557
1778360895,4825,576.9902934905433,272.01293389060754
1778360895,4826,627.0971502237866,276.6828878411494
1778360895,4827,311.5053513834934,281.68302509260803
1778360895,4828,812.6004606913451,50.3478129468866
1778360895,4829,2306.1010799696915,205.91707213362224
1778360895,4830,869.3637183522685,332.2237054443818
1778360895,4831,2998.169621549289,167.70247377407756
1778360895,4832,1039.3830212863222,146.18521013494217
1778360895,4833,1049.4863505426883,239.51213693380583
1778360895,4834,795.4029014151192,332.64568577348626
1778360895,4835,1157.1529449906639,261.12026962180397
1778360895,4836,2952.934792266184,117.47747891363373
1778360895,4837,2159.6344167113616,197.2540688716736
1778360895,4838,1113.6448670782534,268.2785486232179
1778360895,4839,525.2766796735268,94.95058564472559
1778360895,4840,1923.3326527066295,191.3991718563933
1778360895,4841,947.8548790720965,201.1805248201756
1778360895,4842,1621.5577316653062,203.5627489851332
1778360895,4843,1551.3227911441613,235.6099066359603
1778360895,4844,611.9562905371935,249.9104497128177
1778360895,4845,1390.604225781956,327.9961038793931
1778360895,4846,1637.2185731627087,200.59717787447482
1778360895,4847,767.0729746124416,227.73006680035476
1778360895,4848,2368.2865872225652,85.52112870595802
1778360895,4849,203.0023016305016,50.917533857586534
1778360895,4850,373.725334906798,53.239870346049464
1778360895,4851,535.0129469283766,251.6855570896893
1778360895,4852,593.9246894682733,267.8691839235497
1778360895,4853,304.71242096787853,208.9817258381254
1778360895,4854,421.5274243524516,295.55937197450254
1778360895,4855,1041.6014206128743,336.4332582085955
1778360895,4856,892.8566460541966,327.09247742786664
1778360895,4857,876.800472842727,243.9546908584374
1778360895,4858,1803.6511131926686,224.28982930705487
1778360895,4859,1594.9858631348861,160.64047752614184
1778360895,4860,1186.9007567933052,331.91232208192486
1778360895,4861,266.2831685700928,48.399156706049936
1778360895,4862,3066.890899203994,80.06040456168134
1778360895,4863,874.7129888479267,328.4589457884836
1778360895,4864,639.0008392071298,29.440798127674032
1778360895,4865,341.68339313787646,245.8347361644907
1778360895,4866,959.1104610767989,343.9662639372705
1778360895,4867,450.5096317358836,221.62939039987646
1778360895,4868,1104.715559223037,148.95769339241897
1778360895,4869,2742.208332835805,69.6389311048767
1778360895,4870,1141.4452294779285,219.91513608499451
1778360895,4871,590.8841849793414,66.20897091196704
1778360895,4872,668.3913195528174,274.97024653065967
1778360895,4873,722.2815163720348,271.8557194994921
1778360895,4874,983.2851082152569,315.7356644987766
1778360895,4875,1998.8019689077832,177.13986935841936
1778360895,4876,248.1230532692686,172.41747845298332
1778360895,4877,1404.1665247124301,317.26549937743994
1778360895,4878,1049.281919864938,320.9806401177042
1778360895,4879,783.1163288670338,284.1322082298822
1778360895,4880,1332.6974456986295,320.084701093437
1778360895,4881,1175.6560343851725,228.71393811269493
1778360895,4882,1088.8132797108915,323.3170539253156
1778360895,4883,1305.7392401876177,150.5473006565707
1778360895,4884,1538.3461979040749,155.1234739800673
1778360895,4885,406.2206070084182,57.131552169201115
1778360895,4886,678.5340227422901,283.4703932938171
1778360895,4887,1035.3750125560903,235.44512831128657
1778360895,4888,1449.7662277113643,78.50536807474994
1778360895,4889,191.46161281701285,49.03785221970971
1778360895,4890,194.8786857191457,20.796071346259467
1778360895,4891,1972.2664415249383,62.276190535268825
1778360895,4892,850.385900205695,293.89392732187025
1778360895,4893,883.245536880623,232.02073032795573
1778360895,4894,2561.757262827181,195.99337971376613
1778360895,4895,1685.1012353772792,224.19367872305793
1778360895,4896,465.3756358955358,43.05507732617539
1778360895,4897,1062.6737557116776,338.9199552157801
1778360895,4898,1569.3951510618692,72.90894529326661
1778360895,4899,1012.8445305985283,315.6362996936318
1778360895,4900,714.8876275989134,158.8182129224913
1778360895,4901,595.985591054826,259.9742383220034
1778360895,4902,1895.7999025955125,168.85394704362076
1778360895,4903,2096.748332291166,210.05653562340174
1778360895,4904,469.10670091562156,215.0389337508317
1778360895,4905,137.08077898151828,144.14269691280884
1778360895,4906,538.2535268356628,244.94140186602658
1778360895,4907,1112.9018487703868,329.2818466328077
1778360895,4908,602.3001410623967,248.43902783187409
1778360895,4909,694.9140108256786,229.74787305432193
1778360895,4910,1384.5556789374536,156.34966377801058
1778360895,4911,2052.499752974554,185.93586019781267
1778360895,4912,218.91203052902804,42.14903611588513
1778360895,4913,1005.018717143405,328.674719450546
1778360895,4914,616.1202588952669,173.2176929714607
1778360895,4915,1402.8993003282599,185.7727340690589
1778360895,4916,1140.9929866554437,323.38140019818997
1778360895,4917,1448.0580522251212,195.00222848607712
1778360895,4918,767.0953785714242,338.0192703656636
1778360895,4919,968.371057448836,336.95146631167336
1778360895,4920,905.6838691360697,123.14441952723233
1778360895,4921,484.40253781982955,167.39594791291412
1778360895,4922,511.4827294119647,242.43063471164388
1778360895,4923,465.48356280465237,187.07911992080096
1778360895,4924,694.0389365565899,77.20392059318539
1778360895,4925,900.2132798186656,341.2740705732591
1778360895,4926,510.82932714694516,174.15554965647314
1778360895,4927,1427.714274090559,207.9125677483994
1778360895,4928,1210.891848057134,333.09186589892266
1778360895,4929,1045.5543050955412,344.54426958617864
1778360895,4930,1418.5033225789693,50.42708123084994
1778360895,4931,851.3465677890775,241.02318894595737
1778360895,4932,552.7538603297927,255.3661336789571
1778360895,4933,1420.7937326752658,167.38523066646826
1778360895,4934,257.7541827124814,36.29038640412713
1778360895,4935,810.0616657480707,55.791169974052345
1778360895,4936,955.6408319985518,318.5861915826171
1778360895,4937,420.2866180469997,203.49047339104587
1778360895,4938,965.17855922789,321.2052234610742
1778360895,4939,778.2959805845987,322.5934395664917
1778360895,4940,1042.4014986013217,148.53902063000663
1778360895,4941,1626.7006066974018,197.7159775295889
1778360895,4942,502.6671556653639,246.18015744700028
1778360895,4943,188.14184414829086,62.446570041123636
1778360895,4944,1772.9450911527001,32.157363979864385
1778360895,4945,913.2567668445174,325.2211120257035
1778360895,4946,432.2475648965705,148.27146437207412
1778360895,4947,1216.8754747704236,323.7247903216208
1778360895,4948,2641.032236284349,118.91424031700718
1778360895,4949,1466.229355609566,157.89118262922273
1778360895,4950,868.6687015824004,320.0361183976693
1778360895,4951,862.8574355835191,333.85702141452657
1778360895,4952,1435.7088524601515,208.9197241309657
1778360895,4953,1092.211958567384,171.6629926351615
1778360895,4954,912.0160420839327,308.4399590500636
1778360895,4955,1005.0861089519152,140.92262938701703
1778360895,4956,966.3965467024116,335.0839543114703
1778360895,4957,1097.226422509888,227.53272749809167
1778360895,4958,650.5921848179042,237.88185825391736
1778360895,4959,387.9791205126364,127.34827591824678
1778360895,4960,1544.8724482411578,239.49479617860592
1778360895,4961,1093.7300156407862,162.30413372164082
1778360895,4962,1535.321770443675,209.27280912681246
1778360895,4963,254.77898711735241,119.78155476109758
1778360895,4964,358.0109642999142,157.93485897935687
1778360895,4965,444.5801238427313,49.388323249011336
1778360895,4966,399.41475264165996,57.19811337972918
1778360895,4967,862.8607632024459,232.2724752623423
1778360895,4968,384.78519649963437,113.28145861155448
1778360895,4969,1073.1821211802799,204.34216187944523
1778360895,4970,759.2608379320221,337.3707086641457
1778360895,4971,100.3308776761385,24.784224453621633
1778360895,4972,272.72589621073894,47.62091604695855
1778360895,4973,1860.7955171442247,156.47079950021575
1778360895,4974,1009.6891576458708,247.73172234592366
1778360895,4975,869.4339373876396,154.72688121762448
1778360895,4976,241.88681947547155,66.70771061997429
1778360895,4977,1570.7780714058654,156.799495288475
1778360895,4978,1985.3803538388956,167.4750899927517
1778360895,4979,1878.9983669030573,156.26453197049528
1778360895,4980,1750.8959788013187,154.87731876704615
1778360895,4981,770.5056340323995,303.13756881500717
1778360895,4982,1760.8851150033227,184.93287767892025
1778360895,4983,746.8165415426552,336.86658817190045
1778360895,4984,1932.1043538663291,176.40539804874635
1778360895,4985,955.7205796051811,195.98683537157495
1778360895,4986,3774.7193577822577,116.13134176166736
1778360895,4987,415.48862384470954,272.2207358916171
1778360895,4988,964.5692293658768,332.02804171449515
1778360895,4989,704.8515284406475,64.07116858681435
1778360895,4990,186.21744650968427,65.0039210718192
1778360895,4991,985.499448850287,313.09048242173674
1778360895,4992,867.0908748505669,167.21868657514764
1778360895,4993,240.10380894254612,115.337318217311
1778360895,4994,132.77629104554632,32.14002053036592
1778360895,4995,1665.6507318303998,104.78524209254344
1778360895,4996,680.615702168493,200.89216066048934
1778360895,4997,483.22886247610717,361.55884781208965
1778360895,4998,1084.499454383621,27.1162033466143
1778360895,4999,844.4170555866931,349.83855288996926
1778360895,5000,391.84413611270014,256.11693310922334
1778360895,5001,284.9605537173972,265.60263870300855
1778360895,5002,1102.168850135717,324.772108243047
1778360895,5003,168.02257548867578,21.188604260537794
1778360895,5004,1872.7231830899943,232.6565702624252
1778360895,5005,2480.1064421309793,129.6349653593654
1778360895,5006,192.4199071072722,40.08992682438163
1778360895,5007,1224.5985955210892,81.01686770591826
1778360895,5008,596.8751021096338,34.01629240091682
1778360895,5009,1027.5014104167708,306.6019864444947
1778360895,5010,1432.1358258464745,160.7741406936043
1778360895,5011,1184.8831021645017,127.76332365980775
1778360895,5012,919.3111731245398,332.94865795019354
1778360895,5013,989.8485902599459,324.0449502618207
1778360895,5014,395.02532569571304,106.6333414467196
1778360895,5015,986.1518508922787,240.38181457489054
1778360895,5016,1497.6590877104554,154.6276563474553
1778360895,5017,1102.0039727862395,189.06026439220682
1778360895,5018,963.7302006300295,247.36125318814243
1778360895,5019,2203.350507567707,185.4973818591194
1778360895,5020,828.582496904384,331.1474146014804
1778360895,5021,1500.7235544600449,118.4180542380998
1778360895,5022,979.7289180983338,257.45344790662205
1778360895,5023,285.47748776748443,38.71274014872898
1778360895,5024,390.2700284906322,101.35899090021432
1778360895,5025,1592.5938307755512,243.28868041832632
1778360895,5026,1775.4615677443805,189.67434364961542
1778360895,5027,1608.6620821500496,178.83407214143733
1778360895,5028,961.2503827816064,320.5488673696353
1778360895,5029,1214.6384233606711,85.22947542100621
1778360895,5030,793.6057779738474,337.80770445885435
1778360895,5031,293.42471517267074,235.66576362480288
1778360895,5032,2052.371646439169,78.55271252940278
1778360895,5033,2894.7365551735256,147.93618844873313
1778360895,5034,1207.9252110133268,318.0247020820139
1778360895,5035,1015.6245192758928,317.0647675745359
1778360895,5036,691.6558956804046,242.41842142513465
1778360895,5037,1703.152586039099,191.29030958142923
1778360895,5038,1014.6618831943367,325.68203566817095
1778360895,5039,836.0314872725953,229.97209610696808
1778360895,5040,983.6930023636614,321.0260941291086
1778360895,5041,813.4623900771508,338.38517789419603
1778360895,5042,975.6213021097012,336.4092257967793
1778360895,5043,1351.049998912032,284.76401190262857
1778360895,5044,1322.036063492532,216.50841937968872
1778360895,5045,1942.2609511291018,202.45798410400363
1778360895,5046,1417.5674857850074,159.71691137093683
1778360895,5047,1061.5552889131613,257.23594411708876
1778360895,5048,490.2516116646402,143.92917106658254
1778360895,5049,701.0362161005193,96.32047739193855
1778360895,5050,1138.1409593964643,312.58829809958644
1778360895,5051,293.9909088671571,157.09717591575952
1778360895,5052,1471.3209979383205,117.5269345409595
1778360895,5053,252.25899479910018,174.76912268872616
1778360895,5054,665.4833778744863,134.62914303692625
1778360895,5055,1339.814711800982,241.6222015524883
1778360895,5056,861.0966286409714,314.7021153779793
1778360895,5057,561.0572340704962,269.0387957468607
1778360895,5058,876.2113784461386,42.77537301945889
1778360895,5059,656.7193442818298,145.12365569909917
1778360895,5060,1404.135007769603,227.2753728927891
1778360895,5061,977.2729623527185,317.74883317169883
1778360895,5062,570.5305920042262,174.17190346343466
1778360895,5063,350.532582856848,223.13458410840323
1778360895,5064,865.3140818657134,233.30270847994436
1778360895,5065,278.8249162594066,62.764968318866686
1778360895,5066,843.0822129113169,228.68087475060537
1778360895,5067,2262.277225640736,185.9043010443024
1778360895,5068,1476.814902646668,212.80970602783142
1778360895,5069,1191.0271410247421,243.7499872276482
1778360895,5070,1470.0728450388808,90.69427577504943
1778360895,5071,1371.3610156478105,247.7889293303028
1778360895,5072,900.341913403579,327.25660140778376
1778360895,5073,1140.3029032480981,146.35895019676312
1778360895,5074,1065.2436161775015,175.15350349787275
1778360895,5075,1091.544085470451,345.9516501370899
1778360895,5076,1755.9862054272803,148.68673983606848
1778360895,5077,790.114577451194,330.483490733359
1778360895,5078,302.4550094307464,187.3679591838262
1778360895,5079,395.27480428298725,19.32153784975226
1778360895,5080,1837.25676158465,144.8099067757354
1778360895,5081,545.7055494581942,63.86924859814456
1778360895,5082,995.7356879727212,214.0674342659255
1778360895,5083,1949.7186498295212,129.1520729183171
1778360895,5084,6633.13143851583,175.05168100661234
1778360895,5085,1134.0864179229054,165.1632584714138
1778360895,5086,1097.7101520490405,285.70926126645486
1778360895,5087,751.5635371963182,173.82873310443574
1778360895,5088,847.2788477133195,325.16951348797454
1778360895,5089,2282.017309368086,254.28807059894592
1778360895,5090,612.2984151980182,240.6965695182605
1778360895,5091,895.724617289557,76.6976814757694
1778360895,5092,1300.2849267751963,56.555046440691655
1778360895,5093,1186.1892406341337,219.41260745118996
1778360895,5094,716.9413193138756,193.51171707300094
1778360895,5095,1377.767757250936,82.3997643177514
1778360895,5096,906.2012647981066,252.0047690063174
1778360895,5097,588.9831862554006,140.80567359089997
1778360895,5098,1751.555107547083,196.29043457428023
1778360895,5099,204.32536945432517,59.26949292854935
1778360895,5100,5513.930264169791,57.09399649462507
1778360895,5101,1008.9351955006496,259.67450516265717
1778360895,5102,680.2418769665185,253.53536534610876
1778360895,5103,1302.2078879274322,158.70444089946565
1778360895,5104,872.3648997457343,49.96099089609999
1778360895,5105,443.8356357342537,62.24701940736423
1778360895,5106,1292.2320173738494,323.5575980889022
1778360895,5107,666.5690412128953,134.23214056034678
1778360895,5108,812.2519985466723,99.28829714553291
1778360895,5109,953.9544734572744,343.463840203302
1778360895,5110,772.3396790734024,239.48075923318518
1778360895,5111,1555.6081497346524,164.05921406504925
1778360895,5112,1081.5038784938524,226.98760442433397
1778360895,5113,1557.6728230506967,184.01777468237523
1778360895,5114,930.6557821989487,334.7267549662519
1778360895,5115,631.9435463533177,85.04054115343787
1778360895,5116,1189.3230992226434,250.54557212144334
1778360895,5117,684.5415144454765,326.42264222652284
1778360895,5118,238.4120180725092,345.72373699485365
1778360895,5119,1861.7191881958518,206.54333660690807
1778360895,5120,854.51038734692,226.38813959671165
1778360895,5121,720.6200036743826,218.9870051183996
1778360895,5122,4254.367135074623,124.00994249967005
1778360895,5123,423.2189172376386,296.7777435817573
1778360895,5124,1016.2993933604201,331.9939619145076
1778360895,5125,1126.2946301543452,335.2400490719164
1778360895,5126,463.7341813975684,34.13691961747466
1778360895,5127,372.3285016930691,269.47667654616487
1778360895,5128,1255.2639270027569,273.53064539933024
1778360895,5129,1431.0073263501238,172.80897225563646
1778360895,5130,190.2933920895673,150.98014241083078
1778360895,5131,714.1348447332463,176.77973098819413
1778360895,5132,554.6648975961158,312.55196825750926
1778360895,5133,925.7413246618205,52.43351576862115
1778360895,5134,1929.2320217699544,257.9291539002898
1778360895,5135,1069.0241002572234,118.69031271246749
1778360895,5136,387.0915467252443,78.1427092412724
1778360895,5137,247.23935053820597,63.36432879078956
1778360895,5138,758.682464637977,230.76015987962242
1778360895,5139,1583.2139874252407,246.02777784295063
1778360895,5140,422.6674955932853,207.91743396284332
1778360895,5141,170.63843573157502,141.31246703250065
1778360895,5142,1112.4786850722933,269.36185305235597
1778360895,5143,1072.9531073880923,324.9671346151014
1778360895,5144,846.3009237425448,240.66511526144072
1778360895,5145,659.4894484067582,231.02690208111298
1778360895,5146,915.3773787761104,334.47278019229003
1778360895,5147,983.4635342213978,319.70134469121587
1778360895,5148,1241.5178287267904,308.64402807654324
1778360895,5149,764.0565849564655,267.7304853233761
1778360895,5150,467.13933369631786,25.731024298125693
1778360895,5151,1591.3007637337284,83.17681414982324
1778360895,5152,769.0362375466594,141.08784221276315
1778360895,5153,748.4792347561018,310.11611908305827
1778360895,5154,1757.975992957316,205.4752608645398
1778360895,5155,1038.6904254936326,157.68975650040946
1778360895,5156,6095.708750756837,114.90854798315995
1778360895,5157,189.54072101219035,69.9182641079195
1778360895,5158,1156.1481704225218,35.73128101124989
1778360895,5159,620.2604163307884,253.42853062261855
1778360895,5160,1276.3375020996746,245.4873916634801
1778360895,5161,900.2892327349737,164.41105766676554
1778360895,5162,1803.0080446225454,31.209026737459602
1778360895,5163,253.04318080115368,73.1634953431256
1778360895,5164,1054.7245818586978,334.6988304937576
1778360895,5165,1447.4112249786485,160.58338873320463
1778360895,5166,1906.845244466801,196.56197298791056
1778360895,5167,368.02921676029047,86.17521272545865
1778360895,5168,859.8780919447531,141.93593624905486
1778360895,5169,2106.779925415871,149.0517308004723
1778360895,5170,1464.8269866682335,152.61416352438192
1778360895,5171,1808.3174528401184,190.62332372974242
1778360895,5172,1701.8076604097155,216.19852943585548
1778360895,5173,748.2299154136326,246.4108602606472
1778360895,5174,991.2754437301219,316.44833184999555
1778360895,5175,2370.157392210634,138.37760137337082
1778360895,5176,794.5237295789958,255.62719314749768
1778360895,5177,878.2784604024988,255.2585183043292
1778360895,5178,1538.663768575551,143.85860323205296
1778360895,5179,278.2444292391581,251.17514744247742
1778360895,5180,1336.8241228661295,319.0143478662517
1778360895,5181,945.1937435363781,317.12378690291683
1778360895,5182,404.52188567476344,245.1571318726042
1778360895,5183,649.0077647879478,191.99851622363047
1778360895,5184,537.9032395540386,131.12658651833254
1778360895,5185,740.408696701995,353.88566345103624
1778360895,5186,948.4238209406105,260.26120116263945
1778360895,5187,899.1864149546122,323.3304084428631
1778360895,5188,796.9503110461305,269.4690936751196
1778360895,5189,323.5481682978113,92.9727475279012
1778360895,5190,1840.4740452346855,174.13808098255205
1778360895,5191,1747.2312827680435,151.95330582594593
1778360895,5192,882.5706361927901,229.7857942056971
1778360895,5193,765.7354090137483,208.70636570879424
1778360895,5194,1212.1125029855536,39.65765225925174
1778360895,5195,906.4911907441601,157.1188976485098
1778360895,5196,774.4815801611971,233.5113141222469
1778360895,5197,108.44784406606388,31.174258408832628
1778360895,5198,927.1974184969577,310.6531018051921
1778360895,5199,138.97962816587733,58.17554393568324
1778360895,5200,1567.1867239596668,205.2909461033326
1778360895,5201,787.6563390575188,265.4152244686504
1778360895,5202,595.5059845857145,230.03906942650676
1778360895,5203,574.3826001665716,88.3803026234529
1778360895,5204,874.5244880587089,255.0097275913269
1778360895,5205,548.9586411113895,376.45602004005536
1778362659,5206,488.88683572072506,47.579207427486644
1778362659,5207,120.18049640224456,52.98627870216865
1778362659,5208,964.879861800763,37.31482435706278
1778362659,5209,503.3734917548607,90.4601570004026
1778362659,5210,583.9903047802849,170.85778472009451
1778362659,5211,804.6409102032545,323.764443594733
1778362659,5212,793.3574786987238,331.6802746315572
1778362659,5213,809.4680219364125,348.86585033850906
1778362659,5214,1093.1111745860294,316.29358915892607
1778362659,5215,380.0744587526863,166.527575025348
1778362659,5216,1453.1141373539913,334.1433632706314
1778362659,5217,1043.734193218451,324.8560606670112
1778362659,5218,253.76347127140474,99.69920519748122
1778362659,5219,57828.46323365736,433.0954279406946
1778362659,5220,827.6833998409965,316.7710595260448
1778362659,5221,730.4534224999358,334.87676626951367
1778362659,5222,2071.7931807655727,172.2037850470433
1778362659,5223,1854.3396946118312,216.33780865704995
1778362659,5224,1766.8050591279627,142.11801759979076
1778362659,5225,1553.6846510839018,226.89137317040013
1778362659,5226,861.7452299864992,329.253761755789
1778362659,5227,590.8858614679741,95.65139672381328
1778362659,5228,922.8499134554278,262.817285285378
1778362659,5229,1492.0337127848738,189.76844257847603
1778362659,5230,873.3162879119757,333.29604976822804
1778362659,5231,962.8414456219738,336.36084250117085
1778362659,5232,1537.2282388055517,195.21857931743824
1778362659,5233,916.0722553347573,320.4267511044859
1778362659,5234,802.7828491527684,322.8355264730891
1778362659,5235,323.2418987514923,104.3843701916127
1778362659,5236,2070.281602053886,43.4754933751438
1778362659,5237,1305.5173186820607,324.16113071568725
1778362659,5238,755.335168385724,333.232438316719
1778362659,5239,438.6942292614629,189.28275137090583
1778362659,5240,934.1046285565252,332.51496491736464
1778362659,5241,1119.7137218193113,345.3127738253975
1778362659,5242,1082.2424181889937,334.0729803161483
1778362659,5243,744.1233396439173,323.02954496748555
1778362659,5244,755.5562406912444,336.2199072881492
1778362659,5245,949.1665037566307,335.57104166002324
1778362659,5246,733.3440395054349,332.88817685701713
1778362659,5247,870.8619778670981,332.5331549211737
1778362659,5248,55558.59947299966,426.7139442138957
1778362659,5249,843.9662472304408,64.5816538153372
1778362659,5250,502.63808814234596,56.4722443032146
1778362659,5251,1212.5115069801093,316.81932779222086
1778362659,5252,1008.1605774128305,333.0307211417307
1778362659,5253,1217.780880504218,334.731064129939
1778362659,5254,613.354972902319,220.25902097745004
1778362659,5255,420.1967880579033,282.8458243511936
1778362659,5256,1505.7912252689591,54.57174553223315
1778362659,5257,821.4610315123598,228.10344960908904
1778362659,5258,406.7970486368089,32.46288695174788
1778362659,5259,739.3319769090742,330.2805161109086
1778362659,5260,1627.901592580135,206.3356559541462
1778362659,5261,691.2043218704272,273.7293863870739
1778362659,5262,519.9017720126592,110.59534417984828
1778362659,5263,1341.6083988571868,324.69280200659784
1778362659,5264,2472.565279262814,209.40690987797075
1778362659,5265,1081.6541317201143,228.4900505538428
1778362659,5266,1085.588530852637,329.8027448328384
1778362659,5267,330.21898196483477,103.59133894509463
1778362659,5268,955.7419879516225,320.5263206218317
1778362659,5269,916.5061545519171,151.45403445556346
1778362659,5270,534.5295007153802,189.28290067226578
1778362659,5271,160.991251716402,52.24478167096812
1778362659,5272,505.6945964032691,90.20486632250807
1778362659,5273,1529.4650119095377,330.47577806614504
1778362659,5274,1077.5497419271046,334.4576207200783
1778362659,5275,254.65206114350804,218.3819436463796
1778362659,5276,648.8565537877179,62.13745810159619
1778362659,5277,904.237248908071,337.400202677005
1778362659,5278,2147.144944685114,71.28212362676898
1778362659,5279,1768.216339020373,218.96102206963528
1778362659,5280,2589.4830886794825,132.18525789737745
1778362659,5281,649.5308117076055,214.083909871704
1778362659,5282,924.4732293934936,326.1165387359667
1778362659,5283,468.4848525047687,188.5209219180254
1778362659,5284,997.183380909916,309.69662970901624
1778362659,5285,90.20453754996117,45.74349522773654
1778362659,5286,897.1425221899271,329.9264744676112
1778362659,5287,995.4335096369639,339.20482892984927
1778362659,5288,1847.4653024501283,215.09676006806902
1778362659,5289,960.4681645151662,306.4938433557176
1778362659,5290,570.9880880987594,304.8096698906953
1778362659,5291,476.0128334782647,179.0708143353696
1778362659,5292,430.2170525513053,258.56195170405675
1778362659,5293,613.6109826051985,169.06156008087797
1778362659,5294,329.7072924536812,277.211148698479
1778362659,5295,537.6261722418109,246.36453714202716
1778362659,5296,379.3977279177722,153.05016267566552
1778362659,5297,639.5150135234733,242.49105067991266
1778362659,5298,815.0390034309852,332.7995326685212
1778362659,5299,1272.3932044960184,315.6950320813533
1778362659,5300,1060.581285194366,317.1452286453138
1778362659,5301,2435.775413741982,244.65396498869617
1778362659,5302,348.7407131617902,101.07939356742372
1778362659,5303,808.1064893096734,321.429375742123
1778362659,5304,777.1876398750973,322.86311796413327
1778362659,5305,954.2452796191754,325.38574195875015
1778362659,5306,670.8548265478678,204.81148262757222
1778362659,5307,575.4462563047358,38.60002201518481
1778362659,5308,1764.880891381824,50.62643756916652
1778362659,5309,3670.2237484291577,80.67078061480785
1778362659,5310,755.6472831841131,333.9584318234886
1778362659,5311,168.00580061340116,79.698106886975
1778362659,5312,921.1651373511053,348.5070607652524
1778362659,5313,690.4048075131816,42.099412368105156
1778362659,5314,1170.761748347949,324.76489730752235
1778362659,5315,1520.8214839126542,171.9627677012715
1778362659,5316,282.3080995581007,99.3588670279914
1778362659,5317,1289.2350105225298,195.85760090936748
1778362659,5318,1011.1946245567683,330.06188052220375
1778362659,5319,854.0943642756757,248.1156385593815
1778362659,5320,842.423712579676,336.52843303489925
1778362659,5321,729.3816472379482,328.9739921160637
1778362659,5322,962.8885078089152,350.1054724269257
1778362659,5323,809.8695832493044,190.8919287559607
1778362659,5324,1062.5942571860937,331.28476728831026
1778362659,5325,1278.339028804061,124.36556005244708
1778362659,5326,1334.7386573674285,176.94562165502632
1778362659,5327,959.4321874438978,341.20449159033865
1778362659,5328,762.1815812849388,67.41141404479677
1778362659,5329,692.1845504809673,200.08746498110253
1778362659,5330,475.56215176714255,122.71830858655267
1778362659,5331,2382.4687297494825,210.20141074591317
1778362659,5332,589.567162169056,277.03694137124774
1778362659,5333,902.0880676239747,243.63878616418444
1778362659,5334,1567.5353917800392,48.35478171667735
1778362659,5335,826.3140357556332,329.31501084049415
1778362659,5336,990.5593712342452,342.4468507615728
1778362659,5337,413.61013291962786,132.53783619713087
1778362659,5338,873.2081439400856,176.36616449146106
1778362659,5339,1308.598504138372,328.9295694494634
1778362659,5340,861.2392970211905,144.63785811222354
1778362659,5341,688.5022693846244,282.3369743927094
1778362659,5342,890.7311290927082,352.83616851369385
1778362659,5343,1569.705590886103,151.35064109342989
1778362659,5344,458.3900779552282,375.9583289483101
1778362659,5345,992.9822646134426,268.53847695619993
1778362659,5346,1208.605646829021,326.80998199057456
1778362659,5347,1333.1383134752791,174.26927197028076
1778362659,5348,666.4456962376615,250.31942285677755
1778362659,5349,333.7920003241747,146.71823949351912
1778362659,5350,1037.534987437124,169.26157091464736
1778362659,5351,1010.2539092202934,335.6327948808524
1778362659,5352,275.94259543480183,45.358664828851474
1778362659,5353,345.8940128755396,238.2146312679286
1778362659,5354,905.8012247020451,235.36888521300614
1778362659,5355,1639.9020573778514,207.02676027907313
1778362659,5356,1149.1088038478415,304.82006433591323
1778362659,5357,1900.6237095151039,225.060780382655
1778362659,5358,107.64817247972626,66.45514507293318
1778362659,5359,802.5177008261684,260.57993073904754
1778362659,5360,371.3549590815307,252.71588004445752
1778362659,5361,551.4539677742277,234.28707349537828
1778362659,5362,317.12940640965604,85.22946158285126
1778362659,5363,1063.729153594355,333.11220098262874
1778362659,5364,733.3129368390607,326.98020933582467
1778362659,5365,1752.8008611263951,184.4542721109196
1778362659,5366,1085.8744239335272,225.32860260188605
1778362659,5367,1233.3087187598899,326.4147115907707
1778362659,5368,511.6100353503216,82.19890673999913
1778362659,5369,1048.8467189105033,341.3991328041376
1778362659,5370,1286.708172639696,335.36392034592524
1778362659,5371,1881.476937115994,201.27549628626986
1778362659,5372,836.1031863275946,69.32549167816768
1778362659,5373,999.8608061487737,337.01666253586444
1778362659,5374,1040.9265790954148,326.91844465767093
1778362659,5375,1079.1294216358492,320.8839248572799
1778362659,5376,563.1698715294866,195.17138283864543
1778362659,5377,1117.4636684777204,339.4798448259777
1778362659,5378,1011.8575621931936,337.17178138772726
1778362659,5379,908.9422823517428,99.25113735496492
1778362659,5380,1076.9979634847848,333.33496362620247
1778362659,5381,212.18328072310499,73.16682003022646
1778362659,5382,733.690028470848,330.3745171746338
1778362659,5383,1137.7612019008307,341.42304510414306
1778362659,5384,1024.1552738477199,332.4466361457647
1778362659,5385,1069.0554381819386,325.56958398974365
1778362659,5386,1386.9175342228234,238.28414121935887
1778362659,5387,545.1018584536487,291.3999960231605
1778362659,5388,1128.3565660505697,341.0607028311981
1778362659,5389,1653.8878411982691,151.83937013337072
1778362659,5390,556.4260867509516,267.72104942785154
1778362659,5391,826.8929287198051,324.6002960728663
1778362659,5392,753.0469279838898,325.2491990251091
1778362659,5393,1917.4634393856415,235.74630632866604
1778362659,5394,917.7027561128509,323.24554396045977
1778362659,5395,777.0893710931304,335.8808568992404
1778362659,5396,979.1707758622892,326.6097338336405
1778362659,5397,459.2458186392595,84.72052075237937
1778362659,5398,930.4272625311917,336.90446488354775
1778362659,5399,971.5799749499134,182.70565960092026
1778362659,5400,758.2135499816787,303.32164341115794
1778362659,5401,891.5179390638964,248.91093240632384
1778362659,5402,3590.6357982346613,242.98466657186248
1778362659,5403,181.2109422897624,37.677561452028
1778362659,5404,814.5112308934722,258.55646975830916
1778362659,5405,1279.9852476736426,116.37292620096407
1778362659,5406,178.4960180334499,72.03753971276731
1778362659,5407,1009.7790503323288,329.7729629254197
1778362659,5408,1211.6690762749315,326.28371184603174
1778362659,5409,604.8699036414553,50.01046946259898
1778362659,5410,1431.6584645297305,186.67836579650768
1778362659,5411,938.8921109919104,338.53489365351
1778362659,5412,1614.513370557633,177.6301216241457
1778362659,5413,825.4744812725054,302.3271606796877
1778362659,5414,377.26822458141686,302.844708389828
1778362659,5415,349.62998577030993,32.332698388194245
1778362659,5416,1960.880276035381,64.03839898695595
1778362659,5417,200.88954147453967,56.378412104730266
1778362659,5418,481.0261587526446,44.03817954787082
1778362659,5419,1355.5144978131434,254.84024100728726
1778362659,5420,798.6410711285912,211.23154074608638
1778362659,5421,954.9028256143591,256.2169947761931
1778362659,5422,944.3950847737314,182.59530903823563
1778362659,5423,1050.0711325979194,136.2912396077344
1778362659,5424,682.7162130681492,224.20564835278824
1778362659,5425,1057.5090139791434,338.1116958353891
1778362659,5426,719.3704885230107,332.56988063812975
1778362659,5427,1074.0408424376703,220.3021423626328
1778362659,5428,1076.0691386695391,328.481448850811
1778362659,5429,1540.14544326657,225.64609001603063
1778362659,5430,1108.870649633447,334.3766778118104
1778362659,5431,951.2130860891396,347.4040792003436
1778362659,5432,1184.6391639830488,323.7074316726462
1778362659,5433,950.3853520999025,331.76975136127095
1778362659,5434,519.0262710007776,43.56548756174461
1778362659,5435,487.56178059529725,129.82320517151206
1778362659,5436,573.0415911005321,39.324431072793196
1778362659,5437,774.8057416516663,43.854112035469115
1778362659,5438,171.2602827940016,166.46084613717156
1778362659,5439,872.3326316597927,257.69399259846926
1778362659,5440,1212.998382459357,46.65385320641407
1778362659,5441,951.2352494428607,326.06839980203165
1778362659,5442,839.3286635990091,325.72083790854117
1778362659,5443,2029.8030085112937,194.7973113973187
1778362659,5444,1146.7099111134144,332.97921477428525
1778362659,5445,677.665292528256,327.2962624142241
1778362659,5446,1919.2197592047955,263.1325819561053
1778362659,5447,626.1908485864516,230.77785438785418
1778362659,5448,443.6488638396927,202.22613579812204
1778362659,5449,996.3631820088134,335.80468313989036
1778362659,5450,1815.4969951450125,228.12963656240964
1778362659,5451,597.2537096139813,361.22020520640655
1778362659,5452,792.144494140438,349.9550455702176
1778362659,5453,867.4891884592879,319.9223340959787
1778362659,5454,234.66151873713414,83.50783233581684
1778362659,5455,1053.6931986342736,61.89915491073989
1778362659,5456,760.2378249423615,324.32559548095423
1778362659,5457,1080.091725169001,342.09501931819926
1778362659,5458,794.036872322526,303.0358215481013
1778362659,5459,627.5763579646099,101.70410091354952
1778362659,5460,784.5643779858751,251.1693235340555
1778362659,5461,282.0810183607102,81.20898576064263
1778362659,5462,885.4486896951219,239.6845409342566
1778362659,5463,1401.98486304597,45.296206098732455
1778362659,5464,334.28298630266886,157.49744913905081
1778362659,5465,1554.1475604294458,195.74778235891762
1778362659,5466,1451.8059183096402,43.97138914987229
1778362659,5467,830.0560612772979,128.0782257045162
1778362659,5468,829.4862489633298,325.99765982927
1778362659,5469,1254.408375406407,328.1242166640092
1778362659,5470,1396.2444148089448,177.10747922009298
1778362659,5471,267.4834749464685,109.75303840590259
1778362659,5472,1013.4072292078633,320.35478264399467
1778362659,5473,679.1177653947633,326.01936963436026
1778362659,5474,956.6338496345373,353.8484203235028
1778362659,5475,1112.2720647162178,326.0910877797387
1778362659,5476,568.8060872755359,192.0957092783679
1778362659,5477,825.4900912962186,324.7193222071351
1778362659,5478,993.1249169577933,321.2564781891657
1778362659,5479,1011.2075513923332,326.00180863919246
1778362659,5480,736.1106573916564,108.94057970200994
1778362659,5481,571.8947317912255,278.7617142711665
1778362659,5482,373.7079484914168,190.10373574760365
1778362659,5483,250.4814790384167,106.10997275579524
1778362659,5484,922.6802346873253,151.7116749886458
1778362659,5485,372.50394859753624,145.0346852045831
1778362659,5486,586.5413751866514,395.92776824552135
1778362659,5487,1285.8858745731,208.10211702766168
1778362659,5488,939.8564827849576,352.1723359702081
1778362659,5489,983.6575415915567,37.85199335066642
1778362659,5490,1531.483639103387,192.8371410485682
1778362659,5491,325.3738324464538,51.09598209636518
1778362659,5492,1042.6967157738977,258.8267691731639
1778362659,5493,2282.7893020428587,192.4262335882819
1778362659,5494,617.5708913587561,52.361882790475505
1778362659,5495,733.7641934130785,333.32606038311286
1778362659,5496,1189.1788209051135,69.49106206273328
1778362659,5497,248.2882332188743,134.15769274104977
1778362659,5498,1851.7712724431897,72.01502075065896
1778362659,5499,578.2849992853965,123.75308490052863
1778362659,5500,982.004714437605,218.0617422073418
1778362659,5501,631.0481235320841,282.7776043878888
1778362659,5502,779.3617128503305,239.22106658720944
1778362659,5503,2286.1510720509796,192.7750133760168
1778362659,5504,933.9885823153742,91.34048473545928
1778362659,5505,149.090291337065,86.38202545647634
1778362659,5506,996.4828886587245,332.6405310923757
1778362659,5507,907.0688693698058,244.28176322616872
1778362659,5508,577.6562191798449,277.34434690806535
1778362659,5509,1097.2545700545493,325.2880835631621
1778362659,5510,1861.5351299383055,34.699965012451955
1778362659,5511,360.26947793658553,261.030221995152
1778362659,5512,569.4476677540625,261.2245579443082
1778362659,5513,1655.4226734270396,45.23821355381107
1778362659,5514,1298.9771443311745,195.42338528998195
1778362659,5515,262.8283640813522,32.9546891793865
1778362659,5516,968.9524514006551,327.8025412962431
1778362659,5517,947.4683247146205,338.64664146584744
1778362659,5518,132.8709156750967,44.64930608051371
1778362659,5519,2596.530778433221,34.36947742077405
1778362659,5520,1020.7731685104782,313.006449485544
1778362659,5521,1652.9175863239825,185.22428632134586
1778362659,5522,2213.780849232251,186.87192226349896
1778362659,5523,2046.6609497341663,63.535702101079345
1778362659,5524,379.5276161556863,330.6978960025946
1778362659,5525,784.363938991908,326.4679634505334
1778362659,5526,1775.1715187487146,153.93814840012902
1778362659,5527,913.3764303105731,242.79458554650878
1778362659,5528,1500.4992168111564,98.65606309375993
1778362659,5529,717.287168940496,326.35056229710756
1778362659,5530,586.864103262252,22.745116378413236
1778362659,5531,1811.553864914495,179.51246524216822
1778362659,5532,2766.7830195557344,142.57790518538604
1778362659,5533,1962.1092934326634,198.41401580932316
1778362659,5534,1112.0054194936577,326.420530923385
1778362659,5535,917.957641843303,317.14956323338356
1778362659,5536,304.6742566910306,72.74900261371468
1778362659,5537,127.28190638531936,67.23732587346339
1778362659,5538,213.8596742130317,61.020279399097966
1778362659,5539,1147.7673835550163,328.9162824510157
1778362659,5540,744.5671121664755,162.8891174556445
1778362659,5541,894.6042736032038,217.0916066569811
1778362659,5542,1093.9149975260116,330.4187060340832
1778362659,5543,1082.4524837412227,324.0062087181434
1778362659,5544,1511.9119250226274,343.8331876224415
1778362659,5545,764.0783143348159,249.394247179321
1778362659,5546,531.2491071316463,315.85289078522493
1778362659,5547,1655.3134894680209,156.8107599280055
1778362659,5548,324.26983241397005,118.38830854023055
1778362659,5549,175.22786722504668,77.4316726738999
1778362659,5550,776.1263383794386,326.04454628034154
1778362659,5551,312.0464191144641,378.10917169622303
1778362659,5552,723.5125979604489,327.1635143086928
1778362659,5553,937.4155937081692,329.65159683961207
1778362659,5554,1070.4263262027903,40.96714818587348
1778362659,5555,1151.1820714418695,213.46287238618012
1778362659,5556,735.1017544694033,326.6163213368517
1778362659,5557,1171.3804177344805,331.22767966823176
1778362659,5558,928.5180601432754,333.87546378112523
1778362659,5559,380.6191077154842,191.63380188627497
1778362659,5560,1006.002590912177,336.98610104810905
1778362659,5561,1309.6382155521503,329.82151276529106
1778362659,5562,900.8741418790612,249.49336477972403
1778362659,5563,1027.835036864456,322.3295816067135
1778362659,5564,411.84513478837164,103.1082585284165
1778362659,5565,1083.5035014211394,308.98526187570695
1778362659,5566,488.03340423812494,262.27340394433713
1778362659,5567,1092.918128092683,337.67914485900303
1778362659,5568,462.0976306937992,182.74263649215163
1778362659,5569,252.67121690908377,73.39052417556607
1778362659,5570,425.0590549452727,236.44258324690796
1778362659,5571,1239.9987923959627,311.17445112011677
1778362659,5572,564.0672145935405,140.5459749160013
1778362659,5573,786.8145045466217,337.37696370546155
1778362659,5574,1434.595182027261,258.2789592032133
1778362659,5575,453.18489733051996,289.1127254570202
1778362659,5576,897.9704189266812,336.4744810843081
1778362659,5577,894.120199529863,283.7519083022043
1778362659,5578,1166.7842687417756,321.3647388529167
1778362659,5579,1616.0251192277105,217.38614931778915
1778362659,5580,267.9205857015112,116.71036068814101
1778362659,5581,1120.4333838089515,322.55464315260855
1778362659,5582,480.9373322797845,127.13704064550828
1778362659,5583,2068.8968501225186,201.8585946018522
1778362659,5584,656.486496085212,118.86174030619932
1778362659,5585,1236.5208460550843,324.25393041377583
1778362659,5586,823.140649764525,328.2112877960114
1778362659,5587,1140.481507905796,246.69202126985257
1778362659,5588,2281.095048170945,160.25835354310618
1778362659,5589,1042.9660147863387,335.13825481025964
1778362659,5590,1299.8389128580725,332.0969087324156
1778362659,5591,1209.356483428862,189.54532283506595
1778362659,5592,769.583470192877,315.75497850981344
1778362659,5593,1357.3217359168862,292.4564752836419
1778362659,5594,1198.8353896828603,227.14111523067467
1778362659,5595,1153.6548983194261,319.6624619896612
1778362659,5596,1054.5218975969042,336.1536430213918
1778362659,5597,408.5889279831729,354.58393137615013
1778362659,5598,582.3484998182203,72.79512690175387
1778362659,5599,254.19747060218666,121.14117963319867
1778362659,5600,743.6420837139613,199.6994586764687
1778362659,5601,628.2257155132255,335.2160052883322
1778362659,5602,1555.2578656705973,205.6111609783824
1778362659,5603,981.6836025912321,340.40607216622277
1778362659,5604,656.1451146474035,269.3796068340978
1778362659,5605,1183.2162147411889,182.85574739814635
1778362659,5606,1084.323630888009,323.29710498922157
1778362659,5607,712.9125293312945,337.754031554827
1778362659,5608,863.0251270151485,342.2003966064172
1778362659,5609,896.1902462167474,342.76328856887324
1778362659,5610,789.1466529731719,207.1057633803164
1778362659,5611,1043.8314208224162,306.35384795097787
1778362659,5612,947.7880430414829,345.86242874988557
1778362659,5613,698.3145969067286,240.1831816138232
1778362659,5614,864.9776263632795,287.1098080022334
1778362659,5615,987.477249205119,332.4224428821172
1778362659,5616,1666.4792992981338,35.40334374978883
1778362659,5617,883.1166060173807,347.5448877480468
1778362659,5618,226.73418909829053,71.67313960785226
1778362659,5619,152.00613844765272,45.97157986359209
1778362659,5620,1153.5180959843276,329.64591593187845
1778362659,5621,1492.8159850793575,214.32699933987246
1778362659,5622,2080.7658972151476,202.59724225722417
1778362659,5623,182.49439467639039,95.30640206412109
1778362659,5624,1010.3710673470882,319.4905557689703
1778362659,5625,1935.9300135489304,240.627656358911
1778362659,5626,65.18558847738501,32.93660315066807
1778362659,5627,198.03818256189862,71.98488426983774
1778362659,5628,1271.6346847061163,214.22243697938782
1778362659,5629,686.1799735066905,229.5134936370105
1778362659,5630,2667.8169629009553,171.3997347150453
1778362659,5631,1994.1143794361255,152.4595264049848
1778362659,5632,1237.5439990976597,265.85866753199355
1778362659,5633,983.6436366384244,119.3557820331562
1778362659,5634,838.6890186539414,355.10921399766363
1778362659,5635,394.2200197523359,111.01935996060902
1778362659,5636,113.46133806620081,95.84192754801356
1778362659,5637,184.32195179566077,79.3268132354903
1778362659,5638,688.787975696146,329.71011004077485
1778362659,5639,560.1869017004333,74.65244664090223
1778362659,5640,162.90734042177255,87.24321092006953
1778362659,5641,467.7919818268765,307.7569189525397
1778362659,5642,1167.309175312449,332.19526489342206
1778362659,5643,787.2502524608769,333.78636146977743
1778362659,5644,824.432956040305,47.63154522765567
1778362659,5645,986.2047425528621,134.58648772086843
1778362659,5646,969.4482009678032,253.16245976237593
1778362659,5647,188.10715104115502,154.69449971000674
1778362659,5648,1177.4006721849369,347.3298021028064
1778362659,5649,1194.4246352093128,244.5716336167045
1778362659,5650,206.53683676376602,80.16474275965753
1778362659,5651,1001.0826935851466,354.13524458271775
1778362659,5652,438.1008869191753,249.80473229931644
1778362659,5653,1173.6204431588174,326.89856288720244
1778362659,5654,1084.1468797861826,322.6127314425002
1778362659,5655,892.5690379331018,148.0764739060473
1778362659,5656,179.77376749815977,85.40170518914796
1778362659,5657,1070.688911503591,304.6564650998093
1778362659,5658,474.25498391577946,108.37377632042566
1778362659,5659,975.3814711529792,311.19682131989754
1778362659,5660,1154.1065993297755,335.3655089627009
1778362659,5661,749.5697907896074,346.4674846499918
1778362659,5662,115.28885519069169,48.50131742981494
1778362659,5663,1133.192654490411,193.8179843693029
1778362659,5664,953.8897295630871,346.2233183349629
1778362659,5665,1003.8405767396664,343.5150525968295
1778362659,5666,1840.617167643418,151.6512879785382
1778362659,5667,1009.7395566537257,329.56338870741683
1778362659,5668,1118.724145901037,323.49307244566666
1778362659,5669,446.52445763118334,307.01292671105955
1778362659,5670,1107.2761223908556,324.59840311383607
1778362659,5671,704.1802483924612,322.287762287751
1778362659,5672,634.8816117454581,44.47225665528488
1778362659,5673,380.7724234571055,260.7712701791241
1778362659,5674,969.3419507020532,204.51765740086643
1778362659,5675,1410.331214029259,341.11062896128385
1778362659,5676,313.3282123095525,108.27084094433536
1778362659,5677,1145.2461558920259,327.8965882926991
1778362659,5678,1266.9604240319752,317.5873174864885
1778362659,5679,956.639115256225,340.53184060210594
1778362659,5680,1038.1248865226505,338.75359983637924
1778362659,5681,744.7567790051642,265.59708738869136
1778362659,5682,615.8344104281771,348.4860032416884
1778362659,5683,3015.0774106950525,130.35790264444523
1778362659,5684,677.8039926268647,330.87633740071135
1778362659,5685,855.5966573161392,328.6377972137064
1778362659,5686,549.6281674156586,89.51377875395723
1778362659,5687,1184.0440977804722,235.77525940527056
1778362659,5688,881.2814141393656,346.0123752979535
1778362659,5689,721.4867216546606,245.43448340338884
1778362659,5690,1003.2301580742657,168.59110107658603
1778362659,5691,1024.7728942496137,335.60857741117064
1778362659,5692,685.2602641815886,321.40535066010204
1778362659,5693,916.8036332757044,350.70741208026885
1778362659,5694,563.5464812707141,269.6456950355399
1778362659,5695,1267.608531577765,334.1310889710411
1778362659,5696,964.8994811443198,350.23314025028236
1778362659,5697,3301.1136030375615,118.9169167744399
1778362659,5698,505.42737536408686,40.811751781267255
1778362659,5699,947.448552500209,350.83907493981826
1778362659,5700,1523.4948020726918,180.76646458512812
1778362659,5701,2000.9532506027274,192.6766920917983
1778362659,5702,808.7211928188977,339.34585533308365
1778362659,5703,983.8891828025785,348.2511086872477
1778362659,5704,1081.4241477907583,326.5477922552471
1778362659,5705,1103.5810396107536,316.1467809492096
1778362659,5706,318.58152886494065,104.76010179275467
1778362659,5707,916.1214769590227,337.91493207179894
1778362659,5708,780.635822397325,330.13091974766843
1778362659,5709,1381.861930432195,324.1972412122943
1778362659,5710,61660.63365563987,434.04147606441217
1778362659,5711,2218.2610336406174,136.79934673023482
1778362659,5712,745.3892226159031,330.47335568428014
1778362659,5713,312.85987384953154,59.28567716472496
1778362659,5714,699.9990771943818,54.56218580648607
1778362659,5715,919.3086724688437,335.59905395762644
1778362659,5716,1172.9020676824466,344.3821891980828
1778362659,5717,696.4915443287726,332.20399208834345
1778362659,5718,191.0978678172293,92.18053909931535
1778362659,5719,589.2421712937847,275.6074180432992
1778362659,5720,1040.3115141096712,332.4912571858166
1778362659,5721,865.4319414217596,321.9403256314926
1778362659,5722,786.8219437783443,186.01747433087726
1778362659,5723,32379.091121944417,427.6636434580057
1778362659,5724,435.1711904808446,127.72024066950611
1778362659,5725,1031.939869331439,307.4864470008208
1778362659,5726,983.5419028486673,249.03646997911832
1778362659,5727,1270.2285888137462,331.3147070696123
1778362659,5728,1058.4982709925005,339.3700227561385
1778362659,5729,364.9657183262276,63.575671428635665
1778362659,5730,1190.3422072818998,330.782799012757
1778362659,5731,480.3514202904746,108.21605677384312
1778362659,5732,655.1187890111052,28.4635570996823
1778362659,5733,741.0066430587564,207.68398824505198
1778362659,5734,626.0761691249022,50.551162549016674
1778362659,5735,1119.5990812308228,263.0777807472421
1778362659,5736,184.84726512633094,104.81484831133218
1778362659,5737,1137.5003555799617,350.0072585235495
1778362659,5738,1050.7939707309376,35.045589117166905
1778362659,5739,1129.387606186476,343.02051140672825
1778362659,5740,1589.4404882012598,207.32375236281882
1778362659,5741,1505.0810366231078,316.3222267264591
1778362659,5742,1018.4409606491836,321.0725466140878
1778362659,5743,702.1328944046658,40.94579175654874
1778362659,5744,1158.9334055845127,353.0293858111255
1778362659,5745,2029.3044996947708,222.58691287633698
1778362659,5746,640.2159104424753,240.00951957947282
1778362659,5747,541.9909806451203,260.02298058094635
1778362659,5748,1040.6357517756037,328.416651358769
1778362659,5749,971.526080136445,342.7015878470146
1778362659,5750,984.9259213508137,202.48653406365693
1778362659,5751,325.57746973558096,78.61379935853115
1778362659,5752,964.8716605084699,323.7490014684345
1778362659,5753,3842.8958387889647,82.62359490668106
1778362659,5754,775.5311984210331,240.40213784728684
1778362659,5755,245.58068619621318,17.28148289260984
1778362659,5756,161.19393427412828,76.96783214122993
1778362659,5757,442.08565586697296,237.61842681039127
1778362659,5758,1961.762531127969,217.0822283068489
1778362659,5759,405.31271179981127,288.8536235725075
1778362659,5760,182.23625834796417,51.204242771231705
1778362659,5761,1634.5642397088247,220.87186309489405
1778362659,5762,877.9582951846643,328.30528307277024
1778362659,5763,374.41197734076445,316.7292235621595
1778362659,5764,1130.3588343070762,323.75566487012287
1778362659,5765,1610.35381326487,217.11346854585162
1778362659,5766,236.70736739493816,120.5606944971896
1778362659,5767,761.0729009461685,314.7375480092429
1778362659,5768,476.94094409392926,290.3513677515294
1778362659,5769,1132.2325542638962,115.15699297233321
1778362659,5770,330.54070288602236,57.457221793564884
1778362659,5771,754.9234788409573,335.8198932096354
1778362659,5772,376.7614732161603,230.14864372158203
1778362659,5773,1058.3798141566556,238.10516996828943
1778362659,5774,817.0035792225575,325.725192599947
1778362659,5775,714.2547811433944,325.4209258569014
1778362659,5776,878.9316128506373,341.69976973567276
1778362659,5777,994.2966090629759,331.1923055830062
1778362659,5778,1536.6197331406959,224.8868122053113
1778362659,5779,935.2329882786884,336.1508271333566
1778362659,5780,880.085221380397,174.0395437570419
1778362659,5781,254.22449112778799,158.4669473217522
1778362659,5782,689.7328417750482,217.00129992862975
1778362659,5783,1287.4122077980903,313.7556480401123
1778362659,5784,1250.403591247497,327.2780918059792
1778362659,5785,260.1707029977206,70.61715003457626
1778362659,5786,884.9421270227521,231.3912704159836
1778362659,5787,676.1414415795484,324.43872685987833
1778362659,5788,903.8972761248885,340.31941914818947
1778362659,5789,593.4227127887573,88.49439780137665
1778362659,5790,1150.471952643677,318.1307621971708
1778362659,5791,1201.7066757883063,320.1304217877162
1778362659,5792,525.2180665105842,76.50320426159348
1778362659,5793,393.9930359322248,147.54028658665382
1778362659,5794,1130.7800161002385,326.243320545233
1778362659,5795,2357.9164731571664,198.48037012364787
1778362659,5796,3537.0345893008384,128.7051181155936
1778362659,5797,1113.2080233855993,307.98412549545816
1778362659,5798,1013.542018060376,158.49483030934397
1778362659,5799,949.5079089995398,340.8158749759357
1778362659,5800,1262.7827158189064,344.0921489494222
1778362659,5801,608.4907106823802,168.79725338989383
1778362659,5802,928.2473992018973,169.94069199818935
1778362659,5803,1090.2273122586248,346.7992757126804
1778362659,5804,288.66439835780875,52.14903950543886
1778362659,5805,399.11667064818766,95.76793419656138
1778362659,5806,1921.810254020786,228.09436762589502
1778362659,5807,1049.3815982761387,35.37004600702126
1778362659,5808,245.22386947045237,14.030001309104076
1778362659,5809,974.7636846415793,241.00384288563987
1778362659,5810,321.2999750584094,227.8736184664157
1778362659,5811,1105.6077371539295,308.7298387083538
1778362659,5812,901.3844379933093,346.4014650082425
1778362659,5813,547.7556078128391,139.04020051903964
1778362659,5814,450.48962683838795,291.4826923776435
1778362659,5815,769.9790010970879,227.01065287251126
1778362659,5816,643.2785770420821,323.231308364346
1778362659,5817,779.6721318731342,328.475539996014
1778362659,5818,596.5619965373005,53.11946319972115
1778362659,5819,500.64978779257365,81.20882975285618
1778362659,5820,1198.2249571876685,323.54667242106154
1778362659,5821,1426.7836871615998,239.48862521801163
1778362659,5822,159.89293919246185,83.31095829012088
1778362659,5823,436.5417574070496,236.54878404503685
1778362659,5824,855.7031704083636,260.35559914342946
1778362659,5825,1063.3857936441261,323.13469414957177
1778362659,5826,321.20854563824673,173.25972744002658
1778362659,5827,1305.0700830498167,333.9410457946658
1778362659,5828,1377.5809230129835,210.60537105595492
1778362659,5829,1023.7981330058371,315.273595752879
1778362659,5830,285.8492684895709,133.07244975261494
1778362659,5831,819.9694094324129,69.737602334388
1778362659,5832,2117.839154727533,148.7665121824138
1778362659,5833,1079.5359163419942,341.81144334975517
1778362659,5834,1932.8476892325564,176.8164465370256
1778362659,5835,1038.4448887223791,206.98928221921483
1778362659,5836,260.06750319873237,121.4559517144462
1778362659,5837,277.95709545918044,211.41204715738908
1778362659,5838,909.5980632701314,304.3176848878799
1778362659,5839,1555.1653061585148,190.84992678155712
1778362659,5840,1075.124709469429,50.08178893635952
1778362659,5841,1006.8762533746113,248.4580069166029
1778362659,5842,928.5982909063373,328.6468752477339
1778362659,5843,910.9192606205261,318.16687088924533
1778362659,5844,862.7730794289516,336.8948373882929
1778362659,5845,617.9050340338634,286.11519241917165
1778362659,5846,1289.7662186090347,208.77391115415662
1778362659,5847,136.69932034276098,61.906947354033285
1778362659,5848,1120.9310694406518,317.8504772707254
1778362659,5849,808.585369968818,222.6335798042827
1778362659,5850,937.5894805808013,327.2629963489737
1778362659,5851,690.208918066161,57.10379038823674
1778362659,5852,463.2049909727189,48.406222278112075
1778362659,5853,395.05175030039084,64.84790841935698
1778362659,5854,1004.8213531277029,339.2625499781527
1778362659,5855,720.3590716337976,323.3883597701473
1778362659,5856,576.3580682922169,129.71798519713644
1778362659,5857,682.7693149672103,305.6280512559033
1778362659,5858,1094.8764933677608,327.2973081307375
1778362659,5859,1025.8114453685141,231.56782432055732
1778362659,5860,874.1547483720213,126.75389579647585
1778362659,5861,366.079446373211,108.77877677437648
1778362659,5862,1124.1232873262845,324.6599512955709
1778362659,5863,1226.2717989120247,223.38272685192712
1778362659,5864,651.8265880947471,324.4460877343123
1778362659,5865,715.8476128359554,330.6118687682967
1778362659,5866,794.9245644274813,322.26818016174246
1778362659,5867,999.4053773210957,333.10681765533775
1778362659,5868,864.2407239607031,336.05290763691653
1778362659,5869,1252.316610712295,325.18876225909486
1778362659,5870,774.780556797534,58.27951970947443
1778362659,5871,358.2884799633412,329.56943038094266
1778362659,5872,1402.039388511005,333.7923673862295
1778362659,5873,925.7333607706767,343.8377618472922
1778362659,5874,1148.607652052842,313.09812735122904
1778362659,5875,780.074630574984,333.1862643521492
1778362659,5876,1231.69483301049,248.4563868121616
1778362659,5877,811.3199733209487,269.80661072739997
1778362659,5878,177.60395436692806,78.47543447779337
1778362659,5879,804.956675489421,343.800967478565
1778362659,5880,1331.5748831264127,188.7255241720913
1778362659,5881,827.9428239378253,318.6320127663978
1778362659,5882,921.4687595867881,324.8140329478599
1778362659,5883,1177.3720775899742,340.8822265811304
1778362659,5884,565.0019310948179,164.54042384544036
1778362659,5885,1123.7130870755598,330.95090582392413
1778362659,5886,663.4433393029955,235.75858010187198
1778362659,5887,1484.6995247836119,153.1759931262876
1778362659,5888,1992.5819078335696,167.4222287845742
1778362659,5889,638.7997590393228,118.62520802778259
1778362659,5890,1021.8053701801157,191.22321549979694
1778362659,5891,686.1888111728229,332.1238653136692
1778362659,5892,177.1811305627727,74.35639868907056
1778362659,5893,322.05136335195056,142.6157227082976
1778362659,5894,1300.8580220829053,223.88151516643444
1778362659,5895,1223.6806636249892,88.30985909890705
1778362659,5896,1048.4250091337317,330.5612889340007
1778362659,5897,828.4993766434528,324.0729030624959
1778362659,5898,753.1787383660696,331.4547107041407
1778362659,5899,910.5603224270741,317.56577055464766
1778362659,5900,742.3785499854176,182.08309683153058
1778362659,5901,4313.8295825317855,113.65855979999513
1778362659,5902,1255.7477031310332,160.0725117298446
1778362659,5903,789.865727230624,329.27725302576886
1778362659,5904,379.7234834884878,53.150066573067974
1778362659,5905,295.0076841870172,147.97241300023273
1778362659,5906,822.2657853804686,338.450741376563
1778362659,5907,855.149288838784,329.097234450178
1778362659,5908,1827.5217437108452,199.4506108888852
1778362659,5909,862.1977679478379,116.44986290417265
1778362659,5910,1232.4783474942576,113.57892169698762
1778362659,5911,397.44732201760706,349.96516526810177
1778362659,5912,994.4417739084184,324.6865681096507
1778362659,5913,1057.1309719884493,326.0893193734362
1778362659,5914,564.7010562622232,263.5101010249225
1778362659,5915,334.21225698099,47.05517307310696
1778362659,5916,1160.9053856469864,89.80422026579258
1778362659,5917,1007.1271676495332,152.41210353957655
1778362659,5918,1047.7310364638895,321.98606457690624
1778362659,5919,649.4115408711275,330.8749421118961
1778362659,5920,1178.1911729408773,323.2875746364435
1778362659,5921,1017.7596831485297,344.4793288654585
1778362659,5922,430.5633183372429,64.7847752670889
1778362659,5923,990.7654721702646,327.44366975011644
1778362659,5924,853.0183999488293,328.5368469259143
1778362659,5925,760.6238437990796,80.88588088750014
1778362659,5926,1869.7979397098677,200.06757223997846
1778362659,5927,527.2366754660954,99.81837257006818
1778362659,5928,188.87592875782246,84.50372957447938
1778362659,5929,1174.3011910693583,326.44266728423594
1778362659,5930,1463.762083879861,144.43614002792896
1778362659,5931,999.1146437323931,219.1214536584076
1778362659,5932,1972.4203118979838,58.31086483312255
1778362659,5933,544.863560393981,114.96138092454146
1778362659,5934,1184.5934677114185,173.25688500120552
1778362659,5935,1174.3351324224677,324.26796149819984
1778362659,5936,2246.701408449086,203.24220675004423
1778362659,5937,1102.8926189684514,322.13884277688476
1778362659,5938,878.4848826139835,328.81234932675613
1778362659,5939,395.32451218753215,36.887260801272596
1778362659,5940,785.6477152182205,247.63194469839186
1778362659,5941,889.0979422333337,255.8909436454543
1778362659,5942,537.9854662875704,248.30867588259957
1778362659,5943,1456.3131623906593,257.130386881552
1778362659,5944,404.8079105296249,275.0481101889705
1778362659,5945,1083.1849596424404,318.06509859824064
1778362659,5946,1308.3546676026913,342.0697912334875
1778362659,5947,1304.3375333195004,321.03878658072466
1778362659,5948,501.0565318971376,276.45710648116903
1778362659,5949,535.4072696009649,291.8422338467269
1778362659,5950,4296.696768180119,223.11837252599102
1778362659,5951,1266.7522463022322,102.52771636265271
1778362659,5952,471.8838013215795,230.9997115900831
1778362659,5953,809.170606764253,334.8603579023555
1778362659,5954,818.2503951711959,321.99279995618406
1778362659,5955,804.6886453153958,333.6751620688748
1778362659,5956,227.2055324467767,68.55101103708299
1778362659,5957,1045.1391267048596,316.49450810031493
1778362659,5958,544.0251193037703,209.14809535486194
1778362659,5959,203.192896994874,39.97594957054667
1778362659,5960,748.0175494830914,259.23965345720467
1778362659,5961,931.0465085043961,333.28560731759455
1778362659,5962,1219.737329374,320.4409406271018
1778362659,5963,777.924986752887,334.4417910347445
1778362659,5964,1859.0999331463227,249.3908613363004
1778362659,5965,730.4408930289122,322.9800013609729
1778362659,5966,436.4891008049356,133.76953135104807
1778362659,5967,898.4643737900248,329.67911754169313
1778362659,5968,412.2268498012312,110.98998779883858
1778362659,5969,381.87355059121154,298.00338063312796
1778362659,5970,553.2995433791814,110.79219133201968
1778362659,5971,318.19700239528623,50.39902141613393
1778362659,5972,1213.0062392331613,335.2660612337755
1778362659,5973,2192.159831896609,192.92503918250114
1778362659,5974,1477.940075041188,183.27957404155842
1778362659,5975,743.2389228849588,97.00552402207224
1778362659,5976,786.5771198009533,324.3398451187313
1778362659,5977,884.9244163273012,212.12107787478132
1778362659,5978,2211.7699216069523,131.5762791708478
1778362659,5979,972.6368175560904,331.5002736065292
1778362659,5980,370.43272784077794,203.71139977059207
1778362659,5981,4206.261981702585,96.75680631577276
1778362659,5982,805.5194786424827,347.2656328105297
1778362659,5983,1200.6666493245516,320.4478723170991
1778362659,5984,722.2189060945328,340.3339648242298
1778362659,5985,433.42877337959186,260.12033726428547
1778362659,5986,1334.8154140028316,191.61463805209945
1778362659,5987,906.3288892965802,335.0972234369014
1778362659,5988,714.1005762032188,124.08692924138518
1778362659,5989,2241.358234661448,113.04977779921295
1778362659,5990,964.6376867730798,334.9753847542018
1778362659,5991,1139.305702060639,320.69623306415616
1778362659,5992,1329.5405911989933,193.5626841524166
1778362659,5993,166.58867906081912,68.79647501218136
1778362659,5994,2438.360332768167,176.40609215820714
1778362659,5995,1166.096379618409,76.69909488516426
1778362659,5996,815.9778529941202,340.8061251596418
1778362659,5997,1641.5940045463512,196.13899605693973
1778362659,5998,2416.561900091744,185.65957343391992
1778362659,5999,910.5122529485396,329.7968161656674
1778362659,6000,302.1521489476665,52.15321947942718
1778362659,6001,593.6633404755236,222.8386721285805
1778362659,6002,828.7083047866296,234.9730081236244
1778362659,6003,702.6007448273981,328.6037680517108
1778362659,6004,494.78113585348757,259.0860902945558
1778362659,6005,823.4523532346841,330.5850691424506
1778362659,6006,1399.1236701427938,245.51728764869955
1778362659,6007,863.9446433550568,312.94095969973506
1778362659,6008,1763.1868187984041,188.0714509174274
1778362659,6009,1630.6744082593123,133.98978393765103
1778362659,6010,947.7101076066695,344.8576262600873
1778362659,6011,485.1924139549186,70.57603439095396
1778362659,6012,1349.413050204891,309.39088331777924
1778362659,6013,1103.1205024502904,210.25707131648446
1778362659,6014,1062.3389930126689,311.79380910483684
1778362659,6015,1091.6984168647373,301.4016630870774
1778362659,6016,303.2695046314331,92.3574692673879
1778362659,6017,1300.5221806575826,149.54801487259812
1778362659,6018,514.9811388886798,208.0948560129834
1778362659,6019,1568.948127329493,191.87837705431178
1778362659,6020,676.9796013809333,67.50118428380836
1778362659,6021,1283.034576741543,186.84043696775726
1778362659,6022,1707.0908772790958,187.72976233911123
1778362659,6023,640.0835657649069,244.25827416364328
1778362659,6024,781.5576286913603,342.92871416246754
1778362659,6025,799.0523369510339,333.39342854122475
1778362659,6026,516.3879046016184,247.88074521226505
1778362659,6027,809.9382123456979,321.1853428112263
1778362659,6028,919.3411960567702,125.94278436398808
1778362659,6029,763.5983905112026,330.0618234507179
1778362659,6030,1741.1783841501378,193.78090173652708
1778362659,6031,830.2813816928813,345.98564461958017
1778362659,6032,1196.4258699039053,309.6076786843882
1778362659,6033,784.1941118023483,210.36194788025318
1778362659,6034,777.7214431882993,321.331145333104
1778362659,6035,175.00898535189555,36.67367009537344
1778362659,6036,337.6739334887222,94.31006856598114
1778362659,6037,1467.14969353612,154.0399609898101
1778362659,6038,1096.1445570981039,324.2978214135454
1778362659,6039,1188.6931378445863,171.41339714955973
1778362659,6040,556.3643584996723,278.7147804089361
1778362659,6041,699.9026598202281,251.0254608523299
1778362659,6042,984.080346647302,330.8785894403384
1778362659,6043,550.8574039238382,289.33394357358304
1778362659,6044,787.6838548512387,332.82822622198574
1778362659,6045,1056.4533289224394,301.6903013803832
1778362659,6046,344.74717191979755,129.18854360762052
1778362659,6047,1036.4510524528005,334.0508828875404
1778362659,6048,1555.6291516507813,117.32746181406236
1778362659,6049,1118.106558122304,331.91012017976345
1778362659,6050,877.5990225672407,121.24286918376806
1778362659,6051,987.6664986207387,319.7918200333276
1778362659,6052,875.8167216170998,260.4842083792187
1778362659,6053,194.15219608779802,100.95481080435509
1778362659,6054,969.8025936423847,341.98588667454686
1778362659,6055,1481.5049158047702,199.49856674016647
1778362659,6056,909.3985199756106,318.9735133911715
1778362659,6057,764.6249672709638,326.7473710592983
1778362659,6058,996.9081791980084,311.36160260962873
1778362659,6059,1126.935761281036,334.1102561424426
1778362659,6060,900.6325153775989,324.0970029286708
1778362659,6061,933.3899866039551,330.8767197347273
1778362659,6062,1877.5600243123934,195.45539512801375
1778362659,6063,255.10471944952135,244.85460868103857
1778362659,6064,1196.5084208540711,330.10965628967455
1778362659,6065,906.440996719338,332.9814703221222
1778362659,6066,1032.2574858544676,325.08303069056313
1778362659,6067,847.1311307344569,335.93312170969125
1778362659,6068,997.4473990260958,339.30695323315473
1778362659,6069,852.4441023756958,322.1624494170106
1778362659,6070,873.413855238583,339.2813416770043
1778362659,6071,1001.6795334498031,337.6995212566288
1778362659,6072,739.0626593030215,336.32919902759926
1778362659,6073,531.5188030319212,247.13965686356823
1778362659,6074,275.43177509743344,210.9635024537851
1778362659,6075,1128.3864659597564,329.7080894275171
1778362659,6076,1198.3921236468173,330.5280493472306
1778362659,6077,2623.2995849247777,55.966360380871365
1778362659,6078,1352.8773087703266,206.22290978999374
1778362659,6079,955.6249262171107,342.03382550195465
1778362659,6080,900.790555998273,281.4604831375678
1778362659,6081,1273.5854845747065,209.84321127734597
1778362659,6082,591.267849824672,243.13489538428516
1778362659,6083,640.012641116065,176.90873768282478
1778362659,6084,502.3650300639652,197.88236111549782
1778362659,6085,1201.3563232972529,335.7570808898514
1778362659,6086,843.3844409940717,326.5473343911851
1778362659,6087,673.7758611968064,330.3992215364562
1778362659,6088,569.9389266749502,96.01223798860026
1778362659,6089,849.7081991292229,264.94127938372804
1778362659,6090,691.4971537059517,255.16155107560832
1778362659,6091,1046.5853220435963,322.22626719337984
1778362659,6092,329.97315308937624,232.2278595037155
1778362659,6093,1037.9323790214614,221.1610154933018
1778362659,6094,1050.628968624339,315.46285663825137
1778362659,6095,327.10415302623085,79.87928874611546
1778362659,6096,443.5502709200209,81.30295425751684
1778362659,6097,2214.843299754278,129.88983366285024
1778362659,6098,809.8872969226875,330.15647088924146
1778362659,6099,770.6666354083459,187.09374129607912
1778362659,6100,1111.0945591616394,327.4453750349042
1778362659,6101,1456.986619137621,221.27612710588195
1778362659,6102,930.885808443376,335.63378031447013
1778362659,6103,1326.26499597849,333.55938336663786
1778362659,6104,824.0733580077479,320.9083120903587
1778362659,6105,479.61198379995176,249.7532068999784
1778362659,6106,861.200741406164,260.6025553303551
1778362659,6107,532.7231372206307,242.72046620691464
1778362659,6108,711.0882621553143,327.4807055156191
1778362659,6109,926.9541747341792,331.8680140380912
1778362659,6110,378.4659369785743,284.92600804922563
1778362659,6111,927.2205475040886,339.91722945376057
1778362659,6112,1592.4900399091189,153.33816913047218
1778362659,6113,867.342085820975,260.3661078178283
1778362659,6114,1035.2663341826342,324.4250898099714
1778362659,6115,956.3127245610647,320.80030220545035
1778362659,6116,1187.355606762496,329.3278204443184
1778362659,6117,853.9136896065971,338.99528848509345
1778362659,6118,176.03526903907846,127.3033391698853
1778362659,6119,589.1446414321779,158.92475783703625
1778362659,6120,759.8437352830776,32.08877648661088
1778362659,6121,1338.406219993823,266.96722177928183
1778362659,6122,954.5700462366954,315.5668625775439
1778362659,6123,948.9757767257198,320.74303257984946
1778362659,6124,1760.1066184835233,275.2984633944948
1778362659,6125,1347.0310157308882,192.8861593773451
1778362659,6126,753.8638108928915,321.3466614120739
1778362659,6127,1110.5237246113663,328.65564419336494
1778362659,6128,1213.8921804939444,248.23392970246903
1778362659,6129,1125.9525000314463,323.77667328331086
1778362659,6130,1108.9469566870268,233.94254085440488
1778362659,6131,1449.3565391223178,223.57403989763313
1778362659,6132,788.9997709670262,223.88928048108326
1778362659,6133,933.0247865064159,263.62851342406327
1778362659,6134,1005.8736115888968,338.4445385766695
1778362659,6135,729.0243517350834,327.5388958742817
1778362659,6136,150.84363669157773,58.42481381645489
1778362659,6137,594.4724024305075,31.99054150882601
1778362659,6138,894.9674235660412,325.51511969314635
1778362659,6139,1818.093968308419,223.9268418694952
1778362659,6140,329.12356556891484,61.94532637372658
1778362659,6141,400.2800376727885,173.78592673543866
1778362659,6142,890.112051083199,335.52214213800744
1778362659,6143,1346.3042425825668,255.0621997562486
1778362659,6144,150.42310621149974,83.38156646193056
1778362659,6145,936.0941898959042,335.7979563697659
1778362659,6146,1106.9551103136916,328.1903826494588
1778362659,6147,1052.415189060798,201.74160300154327
1778362659,6148,443.328558641928,163.4699457417523
1778362659,6149,871.2920851226012,345.6230095401656
1778362659,6150,1243.442554966012,43.35984136647408
1778362659,6151,933.8418491587983,308.8594046121988
1778362659,6152,581.8695112788272,275.9970678583962
1778362659,6153,1440.6927348288089,199.89358279069754
1778362659,6154,739.0183436895835,338.08967475680276
1778362659,6155,267.9217988711515,60.78655447621373
1778362659,6156,613.5747335571212,96.89753989927495
1778362659,6157,2778.3118637511657,73.0313644445377
1778362659,6158,3375.1877210095727,129.7925261178558
1778362659,6159,1062.5905975389173,325.1508289533493
1778362659,6160,889.7781293507605,341.0030769972119
1778362659,6161,1404.1723877586542,333.84996471705625
1778362659,6162,1032.4505668239967,308.39097778719827
1778362659,6163,1136.434883788629,192.16799436237523
1778362659,6164,768.5518349682495,321.4555076411492
1778362659,6165,695.574206225964,259.62488290349614
1778362659,6166,579.4314854745787,238.91348734663345
1778362659,6167,660.4951890314193,321.77137389807336
1778362659,6168,1244.8139774102597,94.53372277601788
1778362659,6169,1312.9144210864295,102.35206756417233
1778362659,6170,980.6232863594215,351.7640383315042
1778362659,6171,688.9202327581758,331.3389111971012
1778362659,6172,953.8442619270606,235.07082811305864
1778362659,6173,1339.838973518935,168.08806353234345
1778362659,6174,343.7399079411185,111.43976489389304
1778362659,6175,1034.9804465520433,340.60201108639535
1778362659,6176,1302.4319538398902,316.1368042369959
1778362659,6177,793.7469234236418,343.6684582332773
1778362659,6178,788.7781223053825,337.1623133842533
1778362659,6179,935.2101620126051,330.2913041132004
1778362659,6180,1568.3448519330218,234.02241939129883
1778362659,6181,799.1724356531851,305.5901886221236
1778362659,6182,1964.8529929210629,164.8387170310794
1778362659,6183,58783.231792774706,415.1849067871706
1778362659,6184,553.2073061119138,213.4057601151265
1778362659,6185,789.2569029344079,347.5696553370605
1778362659,6186,1192.1629623906865,249.6719239072132
1778362659,6187,1187.5741450717412,140.16601396556908
1778362659,6188,260.3086685667731,73.54738680654064
1778362659,6189,1177.7728084173561,333.1664969934931
1778362659,6190,1130.3315199952924,319.89203968498464
1778362659,6191,875.9540666324084,338.20658715337487
1778362659,6192,1841.9191555034806,155.44587889136028
1778362659,6193,919.04827168311,325.819460022186
1778362659,6194,744.833851265769,324.19791711637333
1778362659,6195,605.1663844246638,213.18774022571404
1778362659,6196,782.0796590539942,318.69655678972094
1778362659,6197,394.2088057743427,170.1206540647349
1778362659,6198,770.8544364520624,323.7525384338163
1778362659,6199,722.2418895797889,254.313714668847
1778362659,6200,953.2595278762345,314.7695277377397
1778362659,6201,854.2250356415886,340.3096483797909
1778362659,6202,1295.4756886846742,328.403861613807
1778362659,6203,774.21524264436,269.4559149933532
1778362659,6204,901.711183644323,318.21256898093236
1778362659,6205,897.8200789742417,331.48748928357264
1778362659,6206,632.5478482430067,98.63322029928393
1778362659,6207,1164.5811163542253,322.30470586190114
1778362659,6208,1470.8366716023677,146.22277113174843
1778362659,6209,982.3500252092819,324.2875366669124
1778362659,6210,1150.483966244521,324.819003384403
1778362659,6211,525.9955095652974,212.61864715101365
1778362659,6212,761.232701995379,322.534557026396
1778362659,6213,344.6901242778533,95.07777096634257
1778362659,6214,720.4060800062148,222.34787712453277
1778362659,6215,715.0482983316365,269.94620496978354
1778362659,6216,1262.7667381955237,342.2782905694249
1778362659,6217,1519.0956077129379,146.53865622999774
1778362659,6218,523.3398597149765,200.98804299401726
1778362659,6219,683.014841791797,335.66845133462675
1778362659,6220,1566.2227784291317,208.994269107989
1778362659,6221,1212.3031742123508,306.6953138096534
1778362659,6222,2112.257532572444,172.92230716747858
1778362659,6223,919.022713903011,332.9888614950902
1778362659,6224,1551.0409117865347,141.47145313944768
1778362659,6225,2000.9392134583888,133.96335571883415
1778362659,6226,679.1823915049963,323.90144604381817
1778362659,6227,432.4922812834345,120.34796168073922
1778362659,6228,1131.8949753698125,316.4042926099742
1778362659,6229,849.1389285853688,334.10945849446836
1778362659,6230,382.17504157261743,271.5758381854293
1778362659,6231,1794.8876373420446,150.51794560914362
1778362659,6232,1900.0882840385207,42.634157902764
1778362659,6233,781.6974353849027,335.2506998713238
1778362659,6234,1171.5261178995163,316.393873434263
1778362659,6235,509.9467105439609,77.52592874690949
1778362659,6236,735.9586569574547,320.817624063616
1778362659,6237,366.4772888917295,118.1401305699431
1778362659,6238,470.18856713815643,21.73798872368481
1778362659,6239,977.5323018301091,329.47224852463586
1778362659,6240,1056.7614609953482,315.8962367020144
1778362659,6241,1605.8599934412175,205.76736419055567
1778362659,6242,817.2429132101796,235.75682534820564
1778362659,6243,703.4234322468648,294.24539383814437
1778362659,6244,619.3598689875125,266.2291391062713
1778362659,6245,617.6602136388082,292.961260276924
1778362659,6246,1066.3505747037616,314.7223041489086
1778362659,6247,801.4666290156456,334.2349318712701
1778362659,6248,839.3091749533604,319.4457601210552
1778362659,6249,332.0423635005135,55.16128883092731
1778362659,6250,1045.5033172576273,333.15716503872557
1778362659,6251,1163.4046317621733,325.4396850155163
1778362659,6252,733.6124750817843,334.8241780925442
1778362659,6253,322.2644266256652,66.53516688553977
1778362659,6254,430.0495152757483,128.73317173580114
1778362659,6255,1138.5302190471077,95.67280623846969
1778362659,6256,2132.595799275422,155.8523594527068
1778362659,6257,182.20937348978146,122.72257472679117
1778362659,6258,977.440748185783,332.98967533902004
1778362659,6259,967.5719977071027,327.22328651959316
1778362659,6260,163.53656828422038,69.0668966174901
1778362659,6261,835.7566158578542,335.9248810501418
1778362659,6262,817.2599341879825,321.40160044126486
1778362659,6263,1198.882856920867,206.48651326629502
1778362659,6264,754.0889107659185,215.51304086593444
1778362659,6265,1962.0074196885357,126.14869308319803
1778362659,6266,2000.1615590311917,128.53246044458234
1778362659,6267,790.8663260429905,329.6704140463492
1778362659,6268,274.3734724186808,195.23696099544784
1778362659,6269,813.8170228199529,319.65453346464244
1778362659,6270,873.1712924188201,325.0678827644096
1778362659,6271,1895.3393992469958,198.1422734851241
1778362659,6272,1053.3958350782116,327.1129168879318
1778362659,6273,865.0268795776811,320.04767579249364
1778362659,6274,333.40008967759593,118.16131563267477
1778362659,6275,711.1467915281224,68.8288013171776
1778362659,6276,1479.5450737923752,217.69554342355067
1778362659,6277,1232.3340406506372,217.25811987790883
1778362659,6278,1074.6825199176217,204.55860522899866
1778362659,6279,430.53432960083745,231.1996877742251
1778362659,6280,284.96406320659094,87.02146119805514
1778362659,6281,875.4456514278537,251.45795247767134
1778362659,6282,783.1519373072874,323.9712896239735
1778362659,6283,1004.8712208822614,211.81001596313308
1778362659,6284,760.1840638435611,318.3382334640708
1778362659,6285,778.1319173377437,336.5902759167542
1778362659,6286,218.08169523506058,51.5431540040849
1778362659,6287,809.961041206142,330.9519785962231
1778362659,6288,1172.2217510862083,309.5442900855869
1778362659,6289,864.1339751582141,313.3777496345899
1778362659,6290,830.4329673021604,327.71891237193336
1778362659,6291,802.4845954585842,326.780108402894
1778362659,6292,622.9160196542855,283.88009870466294
1778362659,6293,1942.926187768966,204.91176398419117
1778362659,6294,823.396801821319,333.554845913042
1778362659,6295,941.8567663608684,314.40513705364503
1778362659,6296,2117.7247507018396,81.35502678955233
1778362659,6297,639.8341162031669,217.1032734775115
1778362659,6298,2283.108805203058,140.9030909609474
1778362659,6299,1154.5286093396778,208.06590350397886
1778362659,6300,698.0473233011147,335.5403366286896
1778362659,6301,322.73924893764246,64.45009370182753
1778362659,6302,561.6202812363155,114.93000610198435
1778362659,6303,781.3394255673228,189.20240244346311
1778362659,6304,495.0126208432694,233.28592610835446
1778362659,6305,844.3355642704021,327.05838747489526
1778362659,6306,1025.8756122967463,318.4712410599007
1778362659,6307,1657.5329930780113,206.25708547355464
1778362659,6308,818.0145161667352,335.0517101835371
1778362659,6309,542.7232054059193,293.24957501776737
1778362659,6310,662.3712497009807,310.29250198680637
1778362659,6311,972.9749516868493,324.3711586445028
1778362659,6312,1237.441464480905,242.19402305181333
1778362659,6313,743.8077676178402,275.6886442468185
1778362659,6314,1012.4450498808495,141.3803353480444
1778362659,6315,148.35853369731413,63.45199438581698
1778362659,6316,1697.7512718937724,179.640435717974
1778362659,6317,607.8869148626746,157.41174858839514
1778362659,6318,10226.80535271072,223.45684813658562
1778362659,6319,815.6654852640331,329.26503216298164
1778362659,6320,761.2342156734957,322.08350637458676
1778362659,6321,859.5249246002636,268.91368201366123
1778362659,6322,1360.0966051026232,336.91272586503703
1778362659,6323,148.15153443598112,41.48213340836239
1778362659,6324,551.2100120027364,247.40510766172133
1778362659,6325,1098.533661744599,334.2210075591008
1778362659,6326,1731.8889582467364,213.49899120401193
1778362659,6327,1523.938487366794,183.14835968088244
1778362659,6328,442.12432268829303,214.57639818998865
1778362659,6329,303.9458778693939,14.274729124553737
1778362659,6330,1053.1641034132429,153.20166655833918
1778362659,6331,721.7696555270836,234.36950491687344
1778362659,6332,669.4516168409272,287.2202390775571
1778362659,6333,1511.8815142526387,179.7625422183017
1778362659,6334,912.4808315254396,333.8231009096084
1778362659,6335,1097.1919186684697,316.9603607360553
1778362659,6336,937.9600260227847,312.9486168758907
1778362659,6337,875.1862364101169,318.09240960179125
1778362659,6338,695.6987863663473,69.11552011714042
1778362659,6339,671.4169332739798,130.42163867351016
1778362659,6340,1201.5436754143936,325.0350349103787
1778362659,6341,197.8551726707105,70.2416447559888
1778362659,6342,1033.5358727540095,229.06433749442607
1778362659,6343,2297.120064649123,178.8864427781482
1778362659,6344,3172.602521788782,127.81026326370014
1778362659,6345,822.4966030600458,330.2422837052917
1778362659,6346,655.2851548286967,123.43320323139993
1778362659,6347,599.8167222857207,158.30173914107192
1778362659,6348,689.2283528666239,328.2095680183857
1778362659,6349,918.5483907784933,322.0444593575764
1778362659,6350,250.93698754849527,172.02392970500733
1778362659,6351,1702.820760431419,229.00535640769974
1778362659,6352,856.815387012646,348.8669409073623
1778362659,6353,1713.6119828044327,200.93724079856946
1778362659,6354,219.11363703538223,40.35708864188395
1778362659,6355,852.6125008496039,347.331182335924
1778362659,6356,473.37811485271266,48.37585922368888
1778362659,6357,99.94099263267397,57.01869708814763
1778362659,6358,483.16074665734084,141.22250386140854
1778362659,6359,170.33389531817355,63.51908440157345
1778362659,6360,986.9587043241524,333.46247309577893
1778362659,6361,832.780918268114,141.89881918151326
1778362659,6362,751.6198402819953,332.23841641092946
1778362659,6363,343.72571962907926,32.77929169031555
1778362659,6364,1559.9957821838664,132.6951498894722
1778362659,6365,915.1192375057501,61.61116646048178
1778362659,6366,893.8805629960448,312.56620498652757
1778362659,6367,910.2957278816435,333.1138044261823
1778362659,6368,254.99630230175953,139.04165859173466
1778362659,6369,747.9982754976623,323.63196471462066
1778362659,6370,808.2753977951937,233.8239724340014
1778362659,6371,1115.2341381446638,317.5130787565605
1778362659,6372,912.5657082373486,330.99571127211607
1778362659,6373,3005.6357767161157,190.42810252593168
1778362659,6374,1549.7820653636272,231.60544080749912
1778362659,6375,1755.149789545853,167.3813869776066
1778362659,6376,963.9211621263169,322.3500486063911
1778362659,6377,811.9409213995456,331.11927787901925
1778362659,6378,991.6169276444234,337.66740929794344
1778362659,6379,261.5170476590973,109.92437352391138
1778362659,6380,1202.229336376563,331.2457870440706
1778362659,6381,629.4614605479236,242.25407251561245
1778362659,6382,1731.5356760368022,154.39414607148476
1778362659,6383,1084.9801935699757,144.93596710314208
1778362659,6384,1690.1328244341419,126.9282145163483
1778362659,6385,1922.1741041090868,220.1643539022931
1778362659,6386,725.4377511573224,326.464319224802
1778362659,6387,598.7261199699136,122.74800158161467
1778362659,6388,943.8885482010322,313.9070701555794
1778362659,6389,788.8608269372904,332.5526036182075
1778362659,6390,1924.525612317736,206.63856025976634
1778362659,6391,1203.4766810954713,330.84346911510636
1778362659,6392,909.6350880029138,341.6288476957124
1778362659,6393,2090.2742204829074,179.43655726413903
1778362659,6394,515.33325846022,202.88138512760736
1778362659,6395,886.3274687860683,314.3142861934028
1778362659,6396,814.348857563304,323.57662780805987
1778362659,6397,914.5095631366639,330.5731528071529
1778362659,6398,401.8210532197528,49.80170075389289
1778362659,6399,968.5398944583749,328.36681565078965
1778362659,6400,249.98892859376377,175.29040932564135
1778362659,6401,1346.6717653939545,199.17545881053033
1778362659,6402,773.2618503507899,330.454470127986
1778362659,6403,175.05854445280445,161.99774138740207
1778362659,6404,1722.7925479684181,189.49789937657167
1778362659,6405,1940.6207932999146,136.61625451057202
1778362659,6406,2406.946181209697,134.8998272527751
1778362659,6407,1042.4621964859896,309.42904790663925
1778362659,6408,845.9967283406718,318.49201673539
1778362659,6409,609.5092726458453,249.47109588284061
1778362659,6410,795.0900201849408,233.57476234443746
1778362659,6411,1388.2775020125396,316.86062970120275
1778362659,6412,2195.2382408047033,214.85594266520175
1778362659,6413,587.360564176589,148.52687704516399
1778362659,6414,838.4598638664536,338.89811453241015
1778362659,6415,798.027074706429,237.04287513962228
1778362659,6416,900.831126732043,330.9501127338918
1778362659,6417,1325.6753304681172,325.1017813222496
1778362659,6418,1024.3183311553028,308.98844145349415
1778362659,6419,752.5285807965819,139.56150162092447
1778362659,6420,2133.9370142370035,177.7548347257361
1778362659,6421,205.1570263368818,73.54965912066373
1778362659,6422,950.8544358432601,317.9786468144797
1778362659,6423,1618.0712768981793,179.82897515545332
1778362659,6424,995.597580476349,324.1708809365549
1778362659,6425,813.8636612032359,341.2162084224877
1778362659,6426,1078.6089490435988,205.41156897242857
1778362659,6427,705.2094029377434,324.75948989640057
1778362659,6428,734.0986759131933,221.98105971459987
1778362659,6429,462.4026966714527,62.470194582000744
1778362659,6430,767.0110851240605,241.4557136797917
1778362659,6431,3201.263072471816,147.77287448161582
1778362659,6432,911.5144309527926,331.672743632314
1778362659,6433,689.512487789396,332.00821016174683
1778362659,6434,661.8917747706942,328.57663079632135
1778362659,6435,1041.7786292853382,129.48164374813172
1778362659,6436,1132.8494736374807,132.58572052711492
1778362659,6437,306.3610701913367,117.09417088862534
1778362659,6438,766.2421572659387,278.6361709505994
1778362659,6439,718.0796437365768,348.7688157817321
1778362659,6440,909.1134998365598,253.56338195204944
1778362659,6441,796.5335744476121,329.87243353325084
1778362659,6442,824.7825618780681,323.89612082454073
1778362659,6443,1123.8415290234755,251.50725835511076
1778362659,6444,914.8524774693359,317.9957171030001
1778362659,6445,1218.3644428764155,254.11722775137704
1778362659,6446,810.5258333701727,155.58274155179316
1778362659,6447,1151.146148720559,205.73850909075014
1778362659,6448,256.77728129325254,121.36833873676805
1778362659,6449,863.6557098650251,200.87990025523936
1778362659,6450,279.05324420829544,189.487393643239
1778362659,6451,674.2819947887049,228.24655250217887
1778362659,6452,1706.7327716856996,125.10963682287236
1778362659,6453,1267.9475646006822,239.13797069691304
1778362659,6454,294.49443875442034,214.51761711859342
1778362659,6455,951.3047031238443,171.77397403756848
1778362659,6456,948.7287983005249,293.44089041321524
1778362659,6457,816.743842896926,236.39320588213204
1778362659,6458,669.4179970071048,253.34925762170312
1778362659,6459,874.0383422166586,235.65401474472617
1778362659,6460,111.48556663092289,55.24687936361901
1778362659,6461,936.2834287526762,339.12397227708067
1778362659,6462,952.5576114105614,233.8803589781072
1778362659,6463,982.0738358355993,316.8827544553528
1778362659,6464,789.6900249282194,241.57901080803478
1778362659,6465,1966.9784174834108,193.79441385777352
1778362659,6466,1054.1126618103622,311.48521276814546
1778362659,6467,1553.3148121055303,224.29272259989497
1778362659,6468,626.4682870440714,247.82936071029667
1778362659,6469,1704.6422106711368,166.3616908926497
1778362659,6470,737.5158968191396,113.79205792355665
1778362659,6471,744.724407756139,332.87713515365505
1778362659,6472,733.1940881406805,324.4641196681808
1778362659,6473,600.6569111702852,47.85170971793875
1778362659,6474,921.7699338573902,38.21303288709575
1778362659,6475,929.405895601961,325.79245200648415
1778362659,6476,695.0888367847731,246.43355687548964
1778362659,6477,1179.2932706529134,259.0312125252528
1778362659,6478,320.56664209173766,67.68905030343902
1778362659,6479,451.5234535498545,315.281384712448
1778362659,6480,348.59855820369904,204.22563604894628
1778362659,6481,1437.2888472545205,122.25132937442727
1778362659,6482,1035.8185061426234,322.4720657655004
1778362659,6483,950.7571736651684,311.9797087181218
1778362659,6484,706.6010042999717,349.6069582840667
1778362659,6485,865.6779795364274,323.74752487591667
1778362659,6486,335.47975043260226,220.26502862076336
1778362659,6487,641.9538189154864,332.95560572342055
1778362659,6488,1119.9955610480602,319.08969627882163
1778362659,6489,1796.4231411225921,194.6149508900917
1778362659,6490,70.82259039163723,23.112710439251302
1778362659,6491,845.365612199652,333.36183485398027
1778362659,6492,944.6940011095093,257.4493196954838
1778362659,6493,156.5303693001101,26.953634948165732
1778362659,6494,951.9760978858342,339.4848333957898
1778362659,6495,1118.2415167213696,336.54025658066513
1778362659,6496,1809.70090809644,218.28705002682858
1778362659,6497,334.002117824948,53.60785442153181
1778362659,6498,978.1168935366788,317.59083871614575
1778362659,6499,1146.0292744509918,184.58272126400155
1778362659,6500,372.801621407241,84.4358258653841
1778362659,6501,772.2544106301684,242.22783764729422
1778362659,6502,2632.5604602279827,129.6444982379192
1778362659,6503,915.0007968979218,148.72466769808742
1778362659,6504,247.22921650726,52.232889460897475
1778362659,6505,727.2884856114241,321.5416013549064
1778362659,6506,1032.0045131086754,321.4499415959589
1778362659,6507,1713.0903184956885,55.22759169490786
1778362659,6508,791.3080874494681,336.64067940343256
1778362659,6509,1003.0308472414831,305.6663869544323
1778362659,6510,1091.1831236239452,326.2925733764757
1778362659,6511,616.5431748661463,207.7753470306049
1778362659,6512,386.0246047775451,252.5648867636394
1778362659,6513,762.0912876963495,323.98486809869985
1778362659,6514,1515.3126423509368,96.53419003665599
1778362659,6515,737.2876011434005,329.3865038980117
1778362659,6516,807.3585144054614,333.8317792089737
1778362659,6517,1909.6105811102057,211.63985317859664
1778362659,6518,495.3646067302909,287.8565731701898
1778362659,6519,1572.10899624271,185.54341154119538
1778362659,6520,999.3022419339707,340.46612874292055
1778362659,6521,703.5644480385406,338.69247102498093
1778362659,6522,315.9098737442633,44.32055214249201
1778362659,6523,1455.1435808160734,314.09781816270294
1778362659,6524,588.0553029452615,171.11139477622095
1778362659,6525,719.1345653844679,321.78351491209645
1778362659,6526,724.5921705344334,326.86380056459524
1778362659,6527,1178.0796430172427,178.10762049693227
1778362659,6528,934.0946630249367,316.5553346613414
1778362659,6529,431.17192710835707,242.37218448374216
1778362659,6530,643.961854807343,30.719375605798476
1778362659,6531,597.4619050893151,204.87704777847196
1778362659,6532,1010.1480586401764,324.51725769399366
1778362659,6533,1555.3699535615722,197.52982290317064
1778362659,6534,1182.359897529932,303.7237946932573
1778362659,6535,844.9341745365518,210.65464212716347
1778362659,6536,1017.5049072840427,53.91206677357456
1778362659,6537,924.5178571556196,328.98839094159905
1778362659,6538,1732.9727532669133,140.86985715929163
1778362659,6539,153.98306600324463,81.55897698576184
1778362659,6540,753.7064911733667,338.22519502238237
1778362659,6541,311.1532001111603,31.845822666623064
1778362659,6542,436.0026928591703,210.8518900975862
1778362659,6543,559.9411474232351,153.7795614642743
1778362659,6544,700.7034412580977,322.0888684670003
1778362659,6545,1014.9101032388281,314.98733929276233
1778362659,6546,692.5802783796508,136.35722324949663
1778362659,6547,1079.5574393203606,316.6891030227354
1778362659,6548,824.9179099051468,249.00180770987743
1778362659,6549,978.546896511576,240.99001915784612
1778362659,6550,668.8198348672332,249.94110151127722
1778362659,6551,1151.7305430026706,331.4555535350768
1778362659,6552,1082.7750676634398,135.84189997112443
1778362659,6553,163.5958027371362,110.81541391542434
1778362659,6554,807.9042992290978,137.187429910978
1778362659,6555,1415.9580581279508,224.3628081649152
1778362659,6556,464.9031009655708,332.03349078117816
1778362659,6557,1316.071623039036,148.630965460684
1778362659,6558,680.1070089982014,325.2854437775555
1778362659,6559,1063.3555597056056,155.09432571763156
1778362659,6560,793.6277928450023,318.6181055562713
1778362659,6561,730.7918822480399,325.98325601837104
1778362659,6562,734.6051329281516,331.88602669824644
1778362659,6563,711.9290887798487,324.4419508913444
1778362659,6564,964.0716580518695,183.82621602893994
1778362659,6565,419.448553238863,330.3030686484332
1778362659,6566,905.7543731695039,341.43197888707823
1778362659,6567,1019.4895280250465,319.55065724946866
1778362659,6568,398.5206616127982,331.556439570815
1778362659,6569,1019.7060827883697,316.36872628018006
1778362659,6570,682.3951808223286,327.4332444010705
1778362659,6571,482.85780265805624,190.24544039391688
1778362659,6572,1587.2041540467287,137.18976728183475
1778362659,6573,1278.508227073095,76.22143926721883
1778362659,6574,1042.8001456624963,299.91546638728425
1778362659,6575,114.87575245705474,86.01279747066869
1778362659,6576,1235.6034866712434,322.8161045530995
1778362659,6577,1186.5387012160688,318.48892554793764
1778362659,6578,470.8572577257526,126.45777245448835
1778362659,6579,490.06908698900753,318.0188416723934
1778362659,6580,146.54399584870256,68.48986783789859
1778362659,6581,985.3526932947036,222.61827926705988
1778362659,6582,770.9715855936862,318.1981868514599
1778362659,6583,765.0991957667547,344.5349988940081
1778362659,6584,1185.151468034549,167.55689510815805
1778362659,6585,1887.03254900014,145.46482018429384
1778362659,6586,1702.0941103824214,205.81746536324158
1778362659,6587,526.1220965873283,254.7461352423445
1778362659,6588,929.0815956163899,318.1329126870155
1778362659,6589,2266.0663540808896,150.15172571262278
1778362659,6590,891.5788747744889,191.7369536722583
1778362659,6591,1168.656861463505,316.36222349839557
1778362659,6592,2598.672959964421,105.99081338449538
1778362659,6593,886.5252050800638,243.2303381212804
1778362659,6594,995.160672486336,305.3018333047062
1778362659,6595,374.72323036579206,88.40816745462335
1778362659,6596,624.5095962146396,317.2488701515431
1778362659,6597,384.69847404955334,68.60581929598001
1778362659,6598,1106.8814833667018,325.2418011000093
1778362659,6599,2193.2575641565345,154.78726705077253
1778362659,6600,402.0344515185962,249.70650871955104
1778362659,6601,1619.2545312425314,134.58094005272335
1778362659,6602,980.5065531379776,181.75864235836477
1778362659,6603,1283.2563901851124,314.43591187029415
1778362659,6604,1249.5567903829565,140.86734401296553
1778362659,6605,941.7703862785769,319.0064140405302
1778362659,6606,905.0067393414673,258.7189591157315
1778362659,6607,1570.1619988020054,228.6234224113753
1778362659,6608,1025.4817190077888,73.91160670177788
1778362659,6609,440.4107559563331,15.064858771664856
1778362659,6610,1353.7090261423004,200.07466223271294
1778362659,6611,1024.7769805162195,320.63609822268626
1778362659,6612,690.0672059972932,326.4483580447264
1778362659,6613,1200.214583564596,220.44480280490765
1778362659,6614,714.789117382903,321.7551306825097
1778362659,6615,527.1559245413926,197.8073728562182
1778362659,6616,912.9752587791751,317.4123989802278
1778362659,6617,2787.156142847084,136.5822309333044
1778362659,6618,778.3880407377778,339.0949287171955
1778362659,6619,259.08413887250845,68.71869693761691
1778362659,6620,1041.0737940742397,310.9629607941376
1778362659,6621,1021.3228801458099,212.56412013640326
1778362659,6622,344.93105216563,54.07928602461099
1778362659,6623,956.6646419123099,328.49068401618376
1778362659,6624,725.9970246606781,337.2197544869705
1778362659,6625,790.463705701812,323.3164313467271
1778362659,6626,702.4724225313598,333.68158867008697
1778362659,6627,837.7013068662692,221.23847396433715
1778362659,6628,1160.7093537150138,320.38284988054124
1778362659,6629,1868.4483353972478,196.29055621785471
1778362659,6630,309.47114003433484,43.02267441762634
1778362659,6631,1686.1135779914446,171.46800020913318
1778362659,6632,643.7059347505731,324.1189723457445
1778362659,6633,784.1755321266528,28.91066249471263
1778362659,6634,710.4010047259153,233.2975317885101
1778362659,6635,1995.544787880206,197.4765095702213
1778362659,6636,1584.3305946848377,204.08670598783078
1778362659,6637,803.6262641931771,209.62373211651567
1778362659,6638,838.2422890363723,314.44118117093166
1778362659,6639,796.7476378893499,322.39150206722456
1778362659,6640,647.8615360541842,213.1593530901359
1778362659,6641,474.3804711640037,146.43766282353425
1778362809,6642,6861.597625194318,345.2685720992043
1778362809,6643,17485.64064988378,550.9627791509872
1778362809,6644,12548.349291856508,453.14491623113014
1778362809,6645,24901.92029765171,565.6826499824323
1778362809,6646,21103.023768217845,620.8504569304356
1778362809,6647,30800.816913405986,745.6017173431388
1778362809,6648,36060.562915990726,205.18861957597926
1778362809,6649,8561.843179253903,441.76225116880784
1778362809,6650,19545.249841306082,343.5113941027185
1778362809,6651,24344.316358359396,118.3832812884923
1778362809,6652,24112.342003190784,630.0157012294707
1778362809,6653,3741.9832411380476,135.14484637859903
1778362809,6654,14796.819554680214,289.292729259429
1778362809,6655,38090.77694006039,513.6292018104034
1778362809,6656,5301.6855454838105,466.23419077284774
1778362809,6657,40074.6416747156,378.6828500160454
1778362809,6658,54508.90336183591,549.0930998932373
1778362809,6659,52550.675462121595,626.8004782447742
1778362809,6660,29195.764494686162,580.7940106437009
1778362809,6661,16418.197082990668,548.6560294218483
1778362809,6662,13387.157000956164,396.6044304034991
1778362809,6663,8245.103865176685,637.8799007364742
1778362809,6664,9506.369763835943,275.3002369508363
1778362809,6665,5415.669639661299,500.09215407969987
