unix_time,episode,IAE_distance,IAE_heading
1778438170,1,6109.605040028221,452.72641944095716
1778438170,2,8339.841203735805,690.7472665643465
1778438170,3,4663.151690856773,462.60641319954095
1778438170,4,4890.052008076175,631.919944279915
1778438170,5,4364.161834355131,119.24645112189353
1778438170,6,4290.346578410465,252.83003558029145
1778438170,7,3746.580847648324,611.0997532719005
1778438170,8,10148.264480306094,717.0012984401064
1778438170,9,4060.4942061811075,207.54712837604762
1778438170,10,2247.8557983071946,288.2345719907526
1778438170,11,4135.70613379284,399.3474790575759
1778438170,12,3811.382791789684,217.4639111176885
1778438170,13,6231.963138651598,162.74366938487384
1778438170,14,3051.8528753894543,348.5694968523987
1778438170,15,3052.256660088661,458.5817064917019
1778438170,16,5494.559264830172,345.92622336559754
1778438170,17,7377.365414622841,612.7849071739653
1778438170,18,8872.35673228694,512.4216558372818
1778438170,19,5216.630528093561,414.14509579138826
1778438170,20,11651.149841396167,666.6125724526063
1778438170,21,3151.744350199383,633.2324708025733
1778438170,22,7994.507158266176,696.1450410365303
1778438170,23,7246.428298410602,593.0387504976563
1778438170,24,5241.822386859892,626.6425461025142
1778438170,25,5899.2489726875,376.58017534409873
1778438170,26,6088.2944038752175,658.766607554164
1778438170,27,3107.0196138141578,397.75285393661693
1778438170,28,5458.579601582319,574.6317586836294
1778438170,29,5001.345271165792,248.1801955153934
1778438170,30,5448.33590618948,461.4510089530801
1778438170,31,2104.4612725848856,390.6855916454426
1778438170,32,2806.245089928013,510.6383567023676
1778438170,33,4025.245725610063,477.9850710752793
1778438170,34,5161.866857159306,285.5851562105806
1778438170,35,6315.628866324322,432.6942859402862
1778438170,36,3873.992730057041,602.3901534464638
1778438170,37,5343.851488248103,442.95041626143586
1778438170,38,5219.548744452718,614.8522836327551
1778438170,39,6463.428498141945,520.8273174127754
1778438170,40,4502.909570015846,422.33534556942686
1778438170,41,6017.07064471029,559.8001977087506
1778438170,42,4080.537915439402,535.2162504558158
1778438170,43,9021.240418117388,588.5368691713016
1778438170,44,5858.091804730307,669.5989662746488
1778438170,45,2607.6405411421056,367.160312251832
1778438170,46,4620.548410794185,389.026363644372
1778438170,47,2249.85564237075,367.2319437914827
1778438170,48,5765.655143695145,425.5215947444546
1778438170,49,3686.599488421112,362.70252590616263
1778438170,50,3092.976791459082,372.09468134790774
1778438170,51,5544.689255378565,356.92211799058975
1778438170,52,3148.104536707132,435.4935207892342
1778438170,53,2536.975775291932,276.90789200195695
1778438170,54,1712.5256671565649,517.234942704093
1778438170,55,2295.7885746806373,267.5421738545998
1778438170,56,1768.300506957617,348.2082107018132
1778438170,57,768.404975100964,518.9623292680945
1778438170,58,1932.5729953192993,588.3055881839558
1778438170,59,3429.456882848318,328.1852533421281
1778438170,60,2470.4308151560335,416.3120983453466
1778438170,61,2511.421347000664,468.9217313709317
1778438170,62,2540.3111758923947,537.37335386462
1778438170,63,3666.2049490452073,337.36925941508264
1778438170,64,4277.803077253471,356.90530834477306
1778438170,65,2078.6754745701646,325.04027846156043
1778438170,66,1811.467957519074,589.262560917797
1778438170,67,2719.351588123529,280.9958286081432
1778438170,68,5154.329603173747,488.81295811097266
1778438170,69,1429.901426664778,391.970475329319
1778438170,70,2983.8013916918776,449.5234733813341
1778438170,71,4060.2092688180032,511.77898433691234
1778438170,72,2453.863933342716,488.3909742846833
1778438170,73,1953.1013368955648,316.0490637903961
1778438170,74,2790.917610567964,325.324321674797
1778438170,75,1233.2974028574258,373.368048127801
1778438170,76,2759.383153442623,379.03875719706326
1778438170,77,4202.968802145089,496.99464194007976
1778438170,78,2987.0575467466024,352.39668938063994
1778438170,79,1423.925537796157,383.5825280294307
1778438170,80,1416.4989597583829,503.9980772290855
1778438170,81,3644.7956873221992,395.1198280794342
1778438170,82,1617.0591531568095,373.2559751095048
1778438170,83,1521.1405288495166,371.66151261866725
1778438170,84,2349.324976614738,458.91266217239485
1778438170,85,2593.38298526773,418.6039290955981
1778438170,86,2102.6501088065743,503.23366721352244
1778438170,87,633.2867685642916,373.30395744741037
1778438170,88,2491.907839393194,324.91977459199484
1778438170,89,988.6775640001908,398.11764862456346
1778438170,90,2346.712838456059,392.1344570407237
1778438170,91,1676.612495613115,389.47189221811686
1778438170,92,2048.04705599259,484.3082223958355
1778438170,93,1126.2651322862764,388.35621658981506
1778438170,94,1333.4504989853185,423.69082543197345
1778438170,95,1276.308030104665,341.464153550291
1778438170,96,1897.8605495374597,319.6138253817308
1778438170,97,1792.381178847492,414.96735736645513
1778438170,98,1376.650009224079,352.8231468070697
1778438170,99,1863.9831619396987,410.0120468108814
1778438170,100,952.5358429683041,453.3543248069077
1778438170,101,927.9415422020787,378.2607143726981
1778438170,102,859.5660479509795,356.2592105470089
1778438170,103,907.8718262655096,325.3566320096597
1778438170,104,2790.6716766744344,406.2290627261039
1778438170,105,2127.8013134969656,300.72577120377264
1778438170,106,921.1608256188039,350.5363937850045
1778438170,107,3949.0033408344766,542.2066984384675
1778438170,108,1888.7826320394008,336.56081862874964
1778438170,109,1090.2399731029743,398.3356489288893
1778438170,110,1101.5185568734714,355.5855025026977
1778438170,111,887.109867654815,372.1196931209683
1778438170,112,804.1184106589834,336.7355274135521
1778438170,113,625.3980764714192,308.6043226542297
1778438170,114,1004.956609189937,347.8411888804683
1778438170,115,1876.2821971102148,334.5128279203424
1778438170,116,913.3430061291078,377.4029144555985
1778438170,117,1219.3661448109408,397.0289574645647
1778438170,118,2511.5647162120163,460.5083191004578
1778438170,119,1269.7231566384542,390.685298403759
1778438170,120,2255.735710400534,406.0834844239732
1778438170,121,1108.7112923373468,326.4612473475396
1778438170,122,1403.4229948151783,327.64523538146625
1778438170,123,939.530317150421,382.3454656151461
1778438170,124,1051.3444353402385,400.2245807545752
1778438170,125,1408.7719036502083,341.9739037729889
1778438170,126,1115.1268940483076,355.6006608460428
1778438170,127,576.0721443646721,312.54516579814674
1778438170,128,1047.245736083376,294.63273350868593
1778438170,129,808.4149025515579,373.19569650272956
1778438170,130,989.1541067837127,364.9856401366064
1778438170,131,369.49479518159177,370.48400988644346
1778438170,132,836.4576788190595,310.6517053286401
1778438170,133,1387.5850563900415,409.7424925019747
1778438170,134,514.3933959249152,316.1475638253329
1778438170,135,1462.7342985272646,334.376913996121
1778438170,136,936.9476904172145,321.54038380626844
1778438170,137,1272.876988682693,333.6184861780205
1778438170,138,709.8266455042691,346.76581657420354
1778438170,139,989.1875688353449,325.54053798473393
1778438170,140,1068.6082584920869,335.02709114458617
1778438170,141,1439.3878386756678,352.2095319099022
1778438170,142,794.167342280875,377.5581040633968
1778438170,143,817.8165639571386,355.51201892833586
1778438170,144,1318.0633253333028,380.68407129929295
1778438170,145,588.0448499909298,361.01005959190616
1778438170,146,1146.1496084773019,459.6496848901875
1778438170,147,1040.06991625185,359.68387333985515
1778438170,148,763.9852233510715,344.9311459622686
1778438170,149,826.9831459487565,389.56117915050976
1778438170,150,1075.147353550309,315.92886482435307
1778438170,151,796.5401298347639,351.1490202027244
1778438170,152,860.0302363614895,372.74715813349746
1778438170,153,885.7888850418883,301.18906981731055
1778438170,154,873.6348512340438,367.4806473860585
1778438170,155,988.5309277746742,325.6299839820128
1778438170,156,1008.1786776747564,364.3229869562337
1778438170,157,513.5036708999295,389.28294576771015
1778438170,158,1298.3980468230604,400.13743471781294
1778438170,159,1166.4044681706062,323.43348236693475
1778438170,160,557.8239056869628,352.62870476555923
1778438170,161,895.8199122863037,336.2780619208671
1778438170,162,1307.655787201413,344.4839837471592
1778438170,163,1074.530821748768,315.2384611142565
1778438170,164,1648.404091829521,380.51711255171705
1778438170,165,314.41138504057324,307.64085398988357
1778438170,166,334.56142211959855,329.6894909358359
1778438170,167,1232.1604555914525,384.48559878576503
1778438170,168,1457.074332390245,306.9490364768279
1778438170,169,1610.2039578053211,349.411235002197
1778438170,170,958.4452930537445,334.4373246727025
1778438170,171,1295.520813669307,346.7743919902546
1778438170,172,1411.4573652183476,307.0681896707809
1778438170,173,719.0613336288106,387.6978265539932
1778438170,174,1132.2718648086845,335.99565403227376
1778438170,175,913.7738614322556,331.6687218704612
1778438170,176,724.2073750204196,345.55071623051174
1778438170,177,711.6299371401161,318.6841196301479
1778438170,178,711.3115679615611,318.43311790932154
1778438170,179,911.338658119039,345.67719587205113
1778438170,180,499.5543720806188,341.5033329224232
1778438170,181,976.095911243474,326.31607579889385
1778438170,182,696.0402161980443,338.2355151351902
1778438170,183,678.2080351313963,335.0906359920293
1778438170,184,400.9974694520173,300.0100639590813
1778438170,185,758.339950629822,385.4647000378221
1778438170,186,333.62425861786903,341.8451704768451
1778438170,187,566.2161945250729,341.1932981120913
1778438170,188,1620.4898263234704,328.1538964230793
1778438170,189,759.3749057717681,317.18520725984945
1778438170,190,661.1355048509017,351.28240529535475
1778438170,191,724.9740749849104,291.77931918021915
1778438170,192,1123.1297086750642,337.9184095804108
1778438170,193,573.9760256974561,315.7877391233567
1778438170,194,541.1257961627474,305.9025198789945
1778438170,195,693.9847431569025,415.11516619655885
1778438170,196,992.0668234543255,279.44384284097873
1778438170,197,496.6552058815854,301.1020875192314
1778438170,198,883.0914847988319,307.65977704653915
1778438170,199,939.9743349863304,326.31694423075163
1778438170,200,1399.2557000879156,399.74152770256933
1778438170,201,687.8229611339428,294.74121946650456
1778438170,202,444.41175413853995,320.8153164242678
1778438170,203,492.9753096299008,314.5530680815217
1778438170,204,693.0581254830595,293.8136313238271
1778438170,205,452.6614250214551,334.9459747044413
1778438170,206,1039.6708923446108,314.7887351812938
1778438170,207,866.3297536646428,275.4892582957768
1778438170,208,993.5485263301947,378.61831575709937
1778438170,209,505.49393131613334,294.0810059025832
1778438170,210,758.1876900695341,283.19519655780584
1778438170,211,566.5675510705701,320.34824562773593
1778438170,212,1401.3279196899732,381.8910101526416
1778438170,213,780.2587403840403,316.8837527605749
1778438170,214,474.0069085048845,303.82813026017067
1778438170,215,493.99650918120676,330.05574275059035
1778438170,216,808.182329026739,327.4821323731565
1778438170,217,865.2320353014597,284.3658988043843
1778438170,218,387.7786589774926,271.7761218813849
1778438170,219,819.9105980266945,281.5606280004274
1778438170,220,385.59842912422226,300.1668972810519
1778438170,221,333.80476302025903,262.53338931842217
1778438170,222,349.47373072571,312.4815515897476
1778438170,223,621.1750506277305,267.9948432724825
1778438170,224,531.1266547692771,317.6074958197067
1778438170,225,1074.1029365121108,281.1260936793194
1778438170,226,751.4662237747358,254.81762172298988
1778438170,227,480.2209240943046,256.43053972335866
1778438170,228,1702.9469409522846,255.52468861569608
1778438170,229,638.225774930727,320.8357622611287
1778438170,230,445.29135561877246,269.77783500852075
1778438170,231,696.060330833866,283.2128548440923
1778438170,232,808.5726979662686,256.98519735191456
1778438170,233,570.9012674934263,262.965365869807
1778438170,234,360.50353833062434,225.87643751125785
1778438170,235,790.9099785664181,253.9151240595166
1778438170,236,690.4547236255246,245.10604024954944
1778438170,237,887.7631198499382,275.4974302186677
1778438170,238,521.65888250282,235.97962228533135
1778438170,239,416.46675344592376,268.56295762430693
1778438170,240,503.72886663692526,263.40018626982874
1778438170,241,442.5818536784083,255.14268828047733
1778438170,242,694.4587210698023,251.85657944155722
1778438170,243,554.9765231796664,258.8523386589479
1778438170,244,570.7488759846997,283.58916610839105
1778438170,245,630.6381120389563,241.23546910055867
1778438170,246,636.9403244458804,255.04345433031975
1778438170,247,464.35820069927064,232.73679547391853
1778438170,248,1162.925824829311,272.86797675608835
1778438170,249,186.1181744432302,33.942716244989455
1778438170,250,549.1152758752096,253.97238943592234
1778438170,251,408.35528702364735,277.9197691607932
1778438170,252,432.90946126884654,249.26656828775563
1778438170,253,670.8879725009072,273.47248857664044
1778438170,254,641.0433201379324,205.87055092124638
1778438170,255,420.83087392870914,245.66811356152976
1778438170,256,739.124845784043,253.41016586322738
1778438170,257,664.3114265612862,238.63520722612844
1778438170,258,282.114416257016,225.41039080980698
1778438170,259,668.8578873511835,226.41084293380288
1778438170,260,713.1214158994904,222.30430564648557
1778438170,261,686.8930981651483,262.2922901361305
1778438170,262,884.7028424458435,225.22134825670167
1778438170,263,527.0770339828224,237.5545835495319
1778438170,264,668.1126253142594,218.07782158571624
1778438170,265,489.1357671670035,208.34977719530124
1778438170,266,460.09178608898145,129.19714909564698
1778438170,267,304.7487760373933,170.78713080302896
1778438170,268,855.0866583996094,223.85695900085358
1778438170,269,604.9258430867076,238.4498869742041
1778438170,270,799.6689080877984,199.6872718209686
1778438170,271,461.08946015086923,241.15733452524137
1778438170,272,398.86739693254384,210.3758194091011
1778438170,273,299.46515654150573,210.09247155676928
1778438170,274,499.1129212813245,240.40274834069456
1778438170,275,469.98766137573494,200.7091780373407
1778438170,276,321.021033957084,233.04577608158408
1778438170,277,541.8658577191268,211.06961620271352
1778438170,278,415.1410334271305,222.07119166058345
1778438170,279,484.4367017975763,270.05510811147377
1778438170,280,612.8006049244344,238.3173236353418
1778438170,281,251.93136527592404,64.55205414879438
1778438170,282,504.37900143264454,162.34155575874593
1778438170,283,412.7405478922591,210.14908643263982
1778438170,284,470.68900817003265,265.11715435989396
1778438170,285,517.4593504834818,206.6360859297322
1778438170,286,420.0163025854471,222.67567279815205
1778438170,287,332.40620433345526,205.07001768045168
1778438170,288,633.3794470828374,270.8424657220411
1778438170,289,401.5062463220514,210.22463581736096
1778438170,290,430.8247864401456,229.01717930449925
1778438170,291,556.1768621053607,216.98956189376196
1778438170,292,519.2709298168436,204.93503103971491
1778438170,293,457.1983360031704,210.52934208960457
1778438170,294,600.2547815049604,243.58950058555274
1778438170,295,478.20003166554096,200.57339154100646
1778438170,296,743.4187162665418,230.07485045846636
1778438170,297,1433.7935114810452,255.03821602130617
1778438170,298,577.5281192545765,211.40344508050651
1778438170,299,635.9583224705366,214.17457287151666
1778438170,300,648.3185345488054,159.77965680019926
1778438170,301,409.56176914298965,245.22293932090744
1778438170,302,482.5435445030209,230.71285873711045
1778438170,303,585.8496841231397,230.44733050727984
1778438170,304,399.3461737852505,215.7440740108281
1778438170,305,811.4490290234628,224.7631807061719
1778438170,306,381.58228182822796,231.94864825450662
1778438170,307,457.2171272159421,202.6013428752682
1778438170,308,350.2250022615398,208.63645035706222
1778438170,309,597.8413787480544,253.45117947997124
1778438170,310,245.6438703320913,248.3720222623251
1778438170,311,409.51447973030497,228.7535056351689
1778438170,312,500.93850314229417,237.78995929565778
1778438170,313,623.8790988965013,261.134115474848
1778438170,314,355.52853509829816,255.01840214554773
1778438170,315,1013.1473996734517,267.70366782976953
1778438170,316,335.7507332142853,247.63935362255341
1778438170,317,416.3062272435672,233.18983291654587
1778438170,318,365.01152174013635,254.80133056268946
1778438170,319,256.44754715350666,216.92637174974456
1778438170,320,342.1648965711726,262.75314289611924
1778438170,321,591.4536990824861,217.02562918390453
1778438170,322,489.45850677423476,84.81029798912164
1778438170,323,644.1225475466566,196.24676248633747
1778438170,324,332.8895249124351,234.04957568498085
1778438170,325,444.2084543975987,164.31731007747604
1778438170,326,635.8686843719746,204.5696252156585
1778438170,327,705.947007296303,178.4941187060484
1778438170,328,398.6408200419365,230.14425510403296
1778438170,329,767.3800109064955,239.1576204364199
1778438170,330,281.5214164978425,237.36456818815745
1778438170,331,581.2466808615981,231.2004958955767
1778438170,332,1338.8987936056533,224.15404922683337
1778438170,333,609.1120673395706,236.0627275599348
1778438170,334,747.6196003769463,228.47116233179133
1778438170,335,315.06542592280476,288.40084161552204
1778438170,336,419.2706158616735,233.47873076757443
1778438170,337,326.14969962122706,197.37676180561203
1778438170,338,451.0009340106428,215.85296551261325
1778438170,339,843.0799298733983,234.03400993315358
1778438170,340,714.1137223080683,247.63368793553386
1778438170,341,562.9724768691777,240.53928085733708
1778438170,342,318.8192894848516,200.57885890885376
1778438170,343,482.94668647505574,237.09125030039695
1778438170,344,581.0800783775962,189.1543040054355
1778438170,345,457.7757918494439,233.23138048068967
1778438170,346,719.4047315109806,225.02579108021808
1778438170,347,421.2089042130945,215.90509651842305
1778438170,348,417.2891005772054,227.2531774392867
1778438170,349,176.5661690642645,186.9259858879547
1778438170,350,384.7697469743823,229.56541433703393
1778438170,351,304.50197726571906,254.68554138600933
1778438170,352,497.4790047942673,218.3863267276431
1778438170,353,629.1716615733886,240.20880210551496
1778438170,354,795.3112804263075,230.66740277745973
1778438170,355,353.1990460531375,240.46961690500578
1778438170,356,511.60199322060043,259.39069002284003
1778438170,357,591.4426374635535,220.67104295019087
1778438170,358,595.5364137376155,262.8898660819095
1778438170,359,570.1434143930243,239.4796815749431
1778438170,360,387.0466694156192,231.32787236524896
1778438170,361,314.4242107311968,249.79867361386465
1778438170,362,975.9928539124811,227.66751418008946
1778438170,363,760.865535442088,230.91140562816682
1778438170,364,635.7703361698561,224.5408495241166
1778438170,365,762.2005892804173,249.9239143323977
1778438170,366,433.43306176349483,270.2315853130372
1778438170,367,447.95288883276197,253.6348155317312
1778438170,368,437.26846464643313,177.18767291357713
1778438170,369,454.41981703723593,234.99345830376288
1778438170,370,370.2966460873458,243.9626850837794
1778438170,371,751.3038758037395,303.0830971364404
1778438170,372,264.04452331561777,110.7357310976079
1778438170,373,787.3919587262153,221.13186579637903
1778438170,374,722.3065029201501,199.74804040192785
1778438170,375,226.02496085125705,136.27418078759635
1778438170,376,766.9434235027657,207.76436026213395
1778438170,377,584.0682940902406,201.16362213264654
1778438170,378,598.1549294576955,241.49619107941035
1778438170,379,543.3092105141801,197.93457115310432
1778438170,380,270.0228272394933,185.40832422364588
1778438170,381,764.8848665773962,124.46130001846261
1778438170,382,459.9988740969944,200.26145670572055
1778438170,383,310.19463315376527,283.0859046318123
1778438170,384,416.5034349552859,280.0966062098302
1778438170,385,1090.7640422008942,202.26745775462794
1778438170,386,789.9501392688406,216.36282477767736
1778438170,387,355.8185004204009,258.8888701230137
1778438170,388,540.9770870937153,203.71403341281257
1778438170,389,787.4623637400637,208.4825089155256
1778438170,390,477.76688184082303,202.0714070502382
1778438170,391,294.4496891323215,65.9390248256739
1778438170,392,413.68090629886154,223.6043512727465
1778438170,393,1542.331856830829,240.8591107437459
1778438170,394,326.9625033044016,31.900788526465107
1778438170,395,910.8638596718835,183.19980108508736
1778438170,396,1163.374668507599,219.96155651727105
1778438170,397,661.6735171214115,276.92440170275654
1778438170,398,249.49255015624306,208.3354696343331
1778438170,399,251.64560500569013,248.0578440254134
1778438170,400,1200.1759962847675,244.22825592379516
1778438170,401,812.6631571384448,253.7514766983721
1778438170,402,1125.399760371418,193.63539509874428
1778438170,403,324.5968817415377,227.15988374900607
1778438170,404,396.09036707974155,172.02225099039705
1778438170,405,377.55551029948765,55.323686802732
1778438170,406,690.4874044528904,247.18527255991512
1778438170,407,318.5693732112618,283.11082074779534
1778438170,408,313.9740610292016,268.65095067814207
1778438170,409,796.1796990161417,230.02760568945476
1778438170,410,1080.5434080970995,224.5792063854111
1778438170,411,413.72023771016404,212.63981833105822
1778438170,412,720.2132921339279,220.89832741255316
1778438170,413,483.72213820901635,257.0779254062017
1778438170,414,419.15532320154205,186.94782011420156
1778438170,415,341.15610634246,30.4565832563485
1778438170,416,429.9664968699091,68.8513325771204
1778438170,417,234.6622696550209,87.39677345002988
1778438170,418,736.1294832364523,258.4267349551013
1778438170,419,457.5621725040872,85.31863251886962
1778438170,420,929.1459905615277,237.00633404062654
1778438170,421,645.7635690206034,254.8283986389836
1778438170,422,338.6874778502469,243.9872516485105
1778438170,423,373.0054720282401,211.9038362259905
1778438170,424,577.4281334540091,272.8664997478152
1778438170,425,339.3490781054067,282.2469508192912
1778438170,426,302.4894598875012,194.2649042372635
1778438170,427,538.419977248941,102.26124823605534
1778438170,428,753.298451725226,237.44415611259237
1778438170,429,415.6122819606171,273.16027157211994
1778438170,430,566.2663793618331,274.7720157973233
1778438170,431,523.6033352900383,167.09330413742754
1778438170,432,369.6871371619642,225.6407875775494
1778438170,433,331.0062363581882,113.73109115715309
1778438170,434,789.0212531230276,239.20568992786104
1778438170,435,359.8156702248418,220.3031070130701
1778438170,436,302.506510400533,166.37269530724396
1778438170,437,406.1463197413876,249.507277820088
1778438170,438,695.3094838453095,206.01544216846568
1778438170,439,733.9283492527859,260.75194440111443
1778438170,440,620.6727590607867,196.28754541051316
1778438170,441,408.20968362794474,245.81484888713516
1778438170,442,475.4586243250396,223.59314975464298
1778438170,443,219.30669563259556,60.976597631059
1778438170,444,580.3270921404287,33.67052326343496
1778438170,445,286.6873446357287,271.23474974146177
1778438170,446,484.0636063241798,226.71207104930062
1778438170,447,391.4484626586516,275.9528757865093
1778438170,448,1174.5853655279338,261.56874196145094
1778438170,449,678.0910528598315,228.2786184807601
1778438170,450,277.6571864107147,211.15329855069282
1778438170,451,374.11835223369474,240.52944733190722
1778438170,452,452.0402270312743,237.13209221064608
1778438170,453,283.2969884023584,35.21899822693795
1778438170,454,435.94769667430404,307.8824949749535
1778438170,455,434.12973369670476,237.76399619934392
1778438170,456,465.4393427298868,224.28536591962612
1778438170,457,502.9575853661074,204.38821166239617
1778438170,458,775.3067739566524,267.4181375252922
1778438170,459,712.3244528239625,240.30915874494988
1778438170,460,671.4154033269264,266.47507784966376
1778438170,461,662.9691283415614,68.0531990777605
1778438170,462,345.32649520841466,283.90864136298813
1778438170,463,552.806855640135,184.80500132770018
1778438170,464,316.8469460780868,251.33248030591875
1778438170,465,271.6766706469315,152.05656017371038
1778438170,466,797.1864979352969,251.3113698412583
1778438170,467,409.1190378750004,288.7981929805895
1778438170,468,306.5440938870501,120.16043106292604
1778438170,469,300.3749171710225,81.01352828290624
1778438170,470,403.77976240373147,231.8725193823082
1778438170,471,574.8996631380807,201.99450129125933
1778438170,472,417.63607635690033,147.283233414559
1778438170,473,313.1206319801585,292.0994786527345
1778438170,474,228.70288853876264,281.7001948474838
1778438170,475,261.44070180002393,231.3447913228188
1778438170,476,363.57993315111804,220.16891719236006
1778438170,477,629.6715646896095,269.2983222232438
1778438170,478,440.8811289870957,229.6724909413744
1778438170,479,526.6852046053424,247.00772269303638
1778438170,480,453.9791984735573,319.5589435875826
1778438170,481,671.6200280546512,88.33519844861083
1778438170,482,396.514122334207,250.30978079575362
1778438170,483,502.03041486598534,278.40750219855164
1778438170,484,228.43864701161075,249.27893480641376
1778438170,485,202.8831915599897,62.32584068358154
1778438170,486,456.192847043249,264.93247497124196
1778438170,487,511.49309369011434,228.36982984086472
1778438170,488,630.6469348314629,242.9375754581676
1778438170,489,756.27433820891,233.22356032446675
1778438170,490,568.5230444548915,229.0779701142999
1778438170,491,238.30944821468526,169.43486699144998
1778438170,492,423.0935918034017,263.5394631067601
1778438170,493,824.6447787751985,252.10181758536396
1778438170,494,371.2725427896648,183.69647138320013
1778438170,495,695.4577844579272,245.0509493649334
1778438170,496,363.4018768278854,96.59030875787893
1778438170,497,1228.50100029865,239.3653327118914
1778438170,498,411.30305626894574,256.9384648076589
1778438170,499,310.59038261479037,232.50818792367897
1778438170,500,604.7231915252023,288.02203882348
1778438170,501,666.9617582747125,266.4338453436529
1778438170,502,1279.1871409600094,236.14411138554007
1778438170,503,466.37795983777784,261.020806533105
1778438170,504,429.07209960407346,64.50322595510282
1778438170,505,384.10905905737866,301.18079308316555
1778438170,506,935.7521181204854,285.6522825398151
1778438170,507,439.609798250204,227.37429309689173
1778438170,508,912.1901074655477,231.95359096164913
1778438170,509,347.9739186600904,230.73699837587495
1778438170,510,835.0734064748583,130.7278963569363
1778438170,511,583.3042737801816,62.90278011475948
1778438170,512,587.5500024123204,204.98795464665596
1778438170,513,353.14079986576166,45.347953812115904
1778438170,514,644.8136326167016,226.7605309420416
1778438170,515,795.5686866692429,105.36201653725075
1778438170,516,566.5106369768373,220.99726938570996
1778438170,517,420.0423935628712,181.57314078555606
1778438170,518,419.67425280780753,281.63330250871326
1778438170,519,200.4195951817689,286.9970052654414
1778438170,520,1024.484377307159,178.2426835699144
1778438170,521,242.93487849909806,23.719127435786355
1778438170,522,447.2926534789442,283.36422088988274
1778438170,523,207.74955807369605,237.00089784811544
1778438170,524,459.6076664605379,289.8726981077025
1778438170,525,729.9538186755505,176.97441799842767
1778438170,526,298.77082928565716,207.45167662292408
1778438170,527,784.8224523496077,221.95952878008396
1778438170,528,182.7214637230047,187.2611914730624
1778438170,529,382.46345443551945,165.33238030888361
1778438170,530,340.5147581120865,275.8039462275773
1778438170,531,430.1092885814123,277.4625133251537
1778438170,532,546.1784779050871,214.9801112995272
1778438170,533,582.4281966508457,194.8231626337907
1778438170,534,2630.4766591059188,135.4387716674573
1778438170,535,304.096825320685,156.08550609918325
1778438170,536,274.1284907069565,246.53517869521536
1778438170,537,592.2989408939288,170.1512658096477
1778438170,538,679.975391852551,311.2383199769759
1778438170,539,347.6833129527331,133.4756712808873
1778438170,540,232.59286935624687,185.84269275701436
1778438170,541,438.50923911220536,268.3245454051512
1778438170,542,489.5906773408092,134.6238084610274
1778438170,543,472.6883902414099,55.968678681824315
1778438170,544,424.02215282546456,202.92073493231865
1778438170,545,352.7028355253903,260.93779818420893
1778438170,546,453.9299990049464,101.68580928123386
1778438170,547,341.47068668353813,63.12135762859165
1778438170,548,444.6600675631981,289.61058418558906
1778438170,549,950.1254344007609,215.6203654252634
1778438170,550,361.2155710677573,79.61556521442465
1778438170,551,715.6093024425022,228.39789811629055
1778438170,552,301.4746450009692,77.93349525505243
1778438170,553,580.1527409638219,207.62000015002988
1778438170,554,1811.6427807199511,173.51944178433706
1778438170,555,281.67329518858475,95.14294320469234
1778438170,556,213.4868442682751,52.5215957957869
1778438170,557,450.9906984565497,311.08912559412414
1778438170,558,363.5133704260783,256.21696930472746
1778438170,559,426.5943663387963,67.74574933099345
1778438170,560,282.73793563443166,265.65029915559126
1778438170,561,606.6851389310557,213.19995840927615
1778438170,562,596.4922752687992,175.90283990304502
1778438170,563,538.1954393932953,35.854175123922396
1778438170,564,259.75360669062616,51.9928363692472
1778438170,565,935.8440897833881,214.77689090493337
1778438170,566,510.94542501158287,126.29182271808726
1778438170,567,625.0648309746377,64.63571357437837
1778438170,568,521.2838466431472,358.86934317357685
1778438170,569,293.0369469799501,254.9086380671281
1778438170,570,604.5502631227154,288.03944272818984
1778438170,571,419.9978698189765,151.14410870633986
1778438170,572,2174.042659605153,204.80443922152483
1778438170,573,571.7920494985509,172.11751150653004
1778438170,574,360.3700042968101,286.4603831323024
1778438170,575,309.50174553272035,203.3609456577184
1778438170,576,226.355784693286,48.778981987819876
1778438170,577,310.9911313863582,262.16522433718274
1778438170,578,454.1113924974677,280.20000231565814
1778438170,579,582.315871456943,87.2151636530097
1778438170,580,593.5296410296991,55.4949090290288
1778438170,581,788.0445771066203,221.46677641560794
1778438170,582,557.0786021273495,93.6115249380849
1778438170,583,392.6569782249582,34.16085328144683
1778438170,584,374.62475200437666,246.421225334932
1778438170,585,858.9403629202096,51.50043300495049
1778438170,586,323.17578517748933,303.4789113572456
1778438170,587,754.9456148916439,201.747675532399
1778438170,588,544.0180469546098,220.02197884824798
1778438170,589,262.2949711417589,209.89514236255158
1778438170,590,480.2721605388233,120.32726550273222
1778438170,591,1631.931410307819,193.79087821238772
1778438170,592,353.90222071387024,184.47888205560372
1778438170,593,528.3306872196373,226.2869349196147
1778438170,594,540.0233391353651,328.29451407119507
1778438170,595,1326.4157075451574,226.83093255053106
1778438170,596,373.6091488367469,144.07617337261127
1778438170,597,517.125540007423,186.9666080533182
1778438170,598,477.0492993270358,138.53371331777458
1778438170,599,1372.6156332194842,80.613056735027
1778438170,600,348.79659801978335,295.5948641706186
1778438170,601,336.03070978426155,74.59915958529885
1778438170,602,394.80093156234176,40.98447042874279
1778438170,603,671.7342753338506,135.2692596584788
1778438170,604,390.57023403496464,240.08957673526612
1778438170,605,209.9726223385586,166.54140117042377
1778438170,606,173.9257854431978,238.21290280130546
1778438170,607,601.4227835325936,277.2144755882085
1778438170,608,231.03326848616874,99.92541715753487
1778438170,609,602.2578982071433,105.43926917975854
1778438170,610,289.254734625138,125.55416921970627
1778438170,611,436.78839759222865,197.0623287646146
1778438170,612,680.9463885571452,251.826335464942
1778438170,613,619.2742036268609,56.60277916436598
1778438170,614,588.1836250213893,213.52533636766776
1778438170,615,265.5710574110491,161.86321231871335
1778438170,616,215.2050593914872,100.20427539189585
1778438170,617,737.9375407816694,228.5986845876785
1778438170,618,788.0406688268431,113.4918630898269
1778438170,619,621.0918326181542,247.02792459017718
1778438170,620,225.27109495229894,251.56723592448594
1778438170,621,548.0324059116397,272.01976280685244
1778438170,622,494.5115858914741,344.3331282581279
1778438170,623,1017.3910887379034,292.10653229932524
1778438170,624,234.67681395984624,258.2437761988132
1778438170,625,835.2722047130862,222.63843015442137
1778438170,626,294.50904951006993,296.02000065936335
1778438170,627,302.6579187632553,178.83173091608953
1778438170,628,221.36296621003405,260.174700363217
1778438170,629,579.7795094632417,210.6478892555313
1778438170,630,163.62561433112535,95.873036572002
1778438170,631,241.1588581204203,171.59764969259058
1778438170,632,336.2343277612989,122.45884371637594
1778438170,633,318.15246817428493,183.2347830011109
1778438170,634,334.6265169522443,324.7129999178412
1778438170,635,2255.996676988437,267.5059842158098
1778438170,636,261.03915058479095,242.88846039789632
1778438170,637,375.77171927975746,114.37248871312346
1778438170,638,486.49810892938535,273.7883206982645
1778438170,639,142.13995969615374,61.11977917649419
1778438170,640,544.1256486759072,240.93446866982774
1778438170,641,346.2314805602979,128.76124499029447
1778438170,642,312.76047732922467,102.92746135159663
1778438170,643,890.3619908628174,285.52945493826695
1778438170,644,315.4123660266804,269.3159502512975
1778438170,645,773.0906801012502,261.90578911576137
1778438170,646,475.7867763311001,107.10953346040951
1778438170,647,295.5091581121927,219.25933030790208
1778438170,648,355.8138201239785,263.8565113613798
1778438170,649,443.27093331150354,110.31463993772948
1778438170,650,678.9239719253786,147.83945820901792
1778438170,651,223.1898942034188,100.24494396763022
1778438170,652,460.4366775972005,285.5629647924581
1778438170,653,855.1988051460697,60.01496942868915
1778438170,654,719.4292465804252,82.84189097978393
1778438170,655,535.5680473956983,111.54584650880143
1778438170,656,914.758792287931,189.42706294023478
1778438170,657,830.2534800078879,90.23226942975964
1778438170,658,354.2255316839841,187.82507981352478
1778438170,659,627.4954130418312,178.49564433327237
1778438170,660,341.62950791138667,222.37208981884484
1778438170,661,231.3218839231477,91.43121908084801
1778438170,662,987.9453730150751,198.1173749269347
1778438170,663,627.7510251413972,83.58697915869486
1778438170,664,558.4556877940466,58.094638062378614
1778438170,665,685.666288800958,85.2541463116684
1778438170,666,621.1906018901836,171.88621233661013
1778438170,667,428.57492764186634,73.24594064222642
1778438170,668,793.3377589174651,120.70576281470663
1778438170,669,233.31857728179878,91.6005282941118
1778438170,670,30330.574142031972,180.0696311493366
1778438170,671,573.4409786307484,75.7354502123871
1778438170,672,442.4486199232458,213.4239839552286
1778438170,673,776.9217224657425,267.9255596477852
1778438170,674,507.3370122020603,94.60452505441091
1778438170,675,793.1167352653251,277.19082350138734
1778438170,676,285.2584959095673,100.15074393551973
1778438170,677,369.4334831450375,218.05930452542313
1778438170,678,390.6430420323721,249.09693992129942
1778438170,679,493.407724832613,349.7480143613503
1778438170,680,1083.8657676230657,195.3393273500551
1778438170,681,510.61334069252916,237.44452498309428
1778438170,682,514.2138833790779,162.40046538432264
1778438170,683,484.63511522789975,142.60548345015945
1778438170,684,452.29137478676233,307.22991959253335
1778438170,685,577.6815432630666,51.02516108659215
1778438170,686,338.9297377737408,297.71978153486486
1778438170,687,319.5777913156049,278.16521189647415
1778438170,688,374.26877067615294,42.48471712099245
1778438170,689,279.05820812792564,310.026073424467
1778438170,690,328.8695718305078,183.85546691669578
1778438170,691,241.66852090888668,177.5566270157558
1778438170,692,452.6158342451857,86.43666067521112
1778438170,693,302.17543854817046,371.2125992397741
1778438170,694,360.9640456733123,129.4527930821551
1778438170,695,366.35191746954473,81.99332726454712
1778438170,696,581.7436861741287,152.8196085844434
1778438170,697,335.6980106206166,187.41277468118915
1778438170,698,619.3291739800131,113.34406254452524
1778438170,699,559.1247439879162,78.92371128700431
1778438170,700,726.9527856178762,337.88284952456996
1778438170,701,613.7442536229197,310.2627325779164
1778438170,702,496.652474771324,257.73720343771265
1778438170,703,343.1965138954969,101.15480051162108
1778438170,704,255.5013707309309,335.95766835551916
1778438170,705,286.1072052682967,177.99948560222214
1778438170,706,587.6575453354485,319.24664098452206
1778438170,707,169.0424096562658,308.553669121161
1778438170,708,379.8669917281247,80.68763602843723
1778438170,709,336.8690334154875,242.37285108453057
1778438170,710,284.55558922570805,291.6074847403849
1778438170,711,654.2032947728538,226.84789685692206
1778438170,712,405.14946506089643,82.79855600243953
1778438170,713,1040.7735834706937,297.3066063578221
1778438170,714,606.9227219469647,315.47648930832275
1778438170,715,907.4377270902485,327.3141765013164
1778438170,716,277.23092349184543,351.7903797006951
1778438170,717,613.4357772281264,113.32983882128278
1778438170,718,541.6735970517648,202.1975691510854
1778438170,719,502.6813220011558,324.9289360918581
1778438170,720,469.2204276773212,209.8990525616729
1778438170,721,448.822762799535,139.00584736412392
1778438170,722,346.33282888156674,183.01994877025874
1778438170,723,210.02585469387844,295.64437771689524
1778438170,724,261.4014363988537,261.618834109183
1778438170,725,229.3720420136848,130.31791300812898
1778438170,726,359.9597959331131,80.12047499523426
1778438170,727,761.7129297071583,139.20190303809693
1778438170,728,545.5312162312335,336.92573142341877
1778438170,729,255.2695532525079,244.19293102500387
1778438170,730,800.2758788893397,269.69467349070266
1778438170,731,320.4907659103435,114.11930249656079
1778438170,732,550.0395776727962,89.98826399030672
1778438170,733,502.042993965773,273.12509508923483
1778438170,734,1318.3513833715313,95.92220631551595
1778438170,735,183.82488892925656,96.40719439413088
1778438170,736,459.7381078031326,77.36872468453632
1778438170,737,452.8603553474362,83.08988900966268
1778438170,738,265.49173373382314,306.1578824252458
1778438170,739,545.1896987716028,60.131319514096994
1778438170,740,629.5260439437294,215.33348819591808
1778438170,741,187.00667980668408,357.35222580613583
1778438170,742,421.98693176222895,40.99417102967657
1778438170,743,669.2286459047856,56.22236423138954
1778438170,744,431.4879381732809,60.66674211175495
1778438170,745,355.2611065357554,307.869616824634
1778438170,746,136.71358311783672,198.1917520223442
1778438170,747,789.587668819496,72.75015485308207
1778438170,748,335.4973125837002,134.0035098692126
1778438170,749,166.50146644664426,329.0510610528526
1778438170,750,544.3654273420053,186.27658040041499
1778438170,751,465.5921758121629,233.77304207976908
1778438170,752,251.85218965348253,199.37155110484687
1778438170,753,380.139120586545,221.7124698168452
1778438170,754,573.0940100242077,97.98840197827278
1778438170,755,743.170453426479,101.68005982597636
1778438170,756,319.26809916820986,280.37679424787024
1778438170,757,374.1587172105851,83.31701458813652
1778438170,758,358.366901963183,51.70977904219046
1778438170,759,218.03877430883608,126.28165449180959
1778438170,760,387.7134341155652,257.14823144760464
1778438170,761,464.92695980515373,136.28281756906065
1778438170,762,471.7809111151212,248.85478810548335
1778438170,763,355.7042509711042,177.0638225378708
1778438170,764,436.15092313028475,218.98935940832467
1778438170,765,357.98746347935844,300.1322084302247
1778438170,766,429.2523069708275,284.24909086377147
1778438170,767,846.3335701054525,232.54824750074312
1778438170,768,209.85526551833644,66.97897492619587
1778438170,769,231.27210243692238,220.76593229154014
1778438170,770,544.3057752712133,237.69507148304936
1778438170,771,995.4180141832437,255.8593098872518
1778438170,772,680.2750154800435,248.37508990813137
1778438170,773,163.59412224116912,120.45008493000766
1778438170,774,163.23583384326278,46.971934521090986
1778438170,775,350.2418736515989,210.93457256388038
1778438170,776,355.6443839505999,262.63574113650714
1778438170,777,364.51060488331024,121.71221483144984
1778438170,778,414.63812914762485,269.9209586796461
1778438170,779,230.87924268725044,48.00928316434505
1778438170,780,454.3287637255901,120.565396900347
1778438170,781,234.10924494113615,73.02666412861589
1778438170,782,239.4664254044241,260.60413774844625
1778438170,783,865.8197533553939,277.67726057453353
1778438170,784,517.6999574592846,99.82463343096073
1778438170,785,504.9858338660983,93.89542949055749
1778438170,786,481.3669552660504,86.16709592937384
1778438170,787,138.1657332748863,137.88820246548818
1778438170,788,442.6071409234873,237.96978622356434
1778438170,789,300.3186154480456,176.48958277574252
1778438170,790,278.5849107419008,101.86057504401944
1778438170,791,348.63268965574997,114.95418010891596
1778438170,792,404.1116350658189,285.72381808137476
1778438170,793,371.0050648373233,281.32748099688246
1778438170,794,898.5395942213811,240.08241845161447
1778438170,795,393.1433524509718,240.48155091812873
1778438170,796,137.35945561041856,39.76988775456659
1778438170,797,343.5703222337896,39.797326553404496
1778438170,798,561.0650869186258,191.07515064140355
1778438170,799,742.2831015467988,288.8034420789611
1778438170,800,312.19111057147654,74.25852505203723
1778438170,801,330.7123610168923,285.34667743029235
1778438170,802,631.4728400210188,175.9906396564284
1778438170,803,598.057545326225,182.44146066814614
1778438170,804,466.55954801433944,277.8308606952094
1778438170,805,223.31603119329344,119.34878985961902
1778438170,806,288.7302264596912,189.83710833877205
1778438170,807,303.4638587593281,159.96849038453897
1778438170,808,274.0907130288119,37.39421884570578
1778438170,809,561.1624173119762,327.93590650773393
1778438170,810,259.9409919130826,167.4082226407334
1778438170,811,276.48251163241576,215.81001074301693
1778438170,812,679.7941849378449,173.52526674989193
1778438170,813,605.354941466997,252.82201707125787
1778438170,814,791.2521755098943,266.55139418722575
1778438170,815,306.910167965647,246.34153508347597
1778438170,816,659.572371966379,209.7478683430588
1778438170,817,379.7016212916731,103.31214344611594
1778438170,818,731.2507370419714,213.4164056032787
1778438170,819,269.1697522664008,208.57452761654244
1778438170,820,560.4542119047383,326.62782550297186
1778438170,821,111.36533108782876,33.60063533354512
1778438170,822,1031.1619461297912,251.32670964524382
1778438170,823,302.56399776899036,318.9513369828243
1778438170,824,685.7160643302395,256.0093646153727
1778438170,825,569.4018602666401,49.0244214464793
1778438170,826,493.85739725670504,191.42508684619864
1778438170,827,109.4857343103881,96.57011617467053
1778438170,828,302.49680833303563,303.3903632857755
1778438170,829,851.6257812646151,306.4527343723027
1778438170,830,475.2188242347067,326.41133042034636
1778438170,831,845.5494418992275,201.2428477584223
1778438170,832,245.23691806508486,172.12282461344216
1778438170,833,884.8484276050032,337.5566421503623
1778438170,834,477.6200154004098,302.1999871239615
1778438170,835,168.86747345684248,21.520151233959055
1778438170,836,639.3144277155712,223.22380740081542
1778438170,837,564.4212301164152,82.83102497404373
1778438170,838,288.422574485365,249.48604043380004
1778438170,839,304.6783389024397,251.36106867845433
1778438170,840,629.8307536527316,244.74839673336754
1778438170,841,409.1528349990549,247.6267663553598
1778438170,842,583.2192640467973,336.1880071656106
1778438170,843,197.75579101259777,307.66400942513104
1778438170,844,733.879285030272,152.41820344646743
1778438170,845,262.5649815264197,127.97102653446522
1778438170,846,405.6222471181942,81.22797398176509
1778438170,847,256.18871038845475,47.38517336076385
1778438170,848,170.1720501625373,228.77635281114243
1778438170,849,837.0456198029959,145.64806427101567
1778438170,850,593.792989468621,258.1254470885002
1778438170,851,343.32745656827035,342.8603209251133
1778438170,852,519.3419117642645,346.10436602583326
1778438170,853,258.6083952814721,244.83967843407146
1778438170,854,454.54617876259255,288.6528648222599
1778438170,855,202.16995623883741,40.97043049778604
1778438170,856,334.39947170201026,328.4222975373702
1778438170,857,319.8610894267005,94.20512255931959
1778438170,858,379.6692356585606,178.52093460451195
1778438170,859,252.94561299933085,90.06422912459786
1778438170,860,468.2556145481656,67.36729947151925
1778438170,861,146.05326404287263,99.83808761603495
1778438170,862,379.1431067411458,61.815492978463155
1778438170,863,360.55324856446924,36.92077492633144
1778438170,864,385.28410595641674,219.7071678743353
1778438170,865,322.6705719449186,260.14534413468914
1778438170,866,630.9370063319445,299.59338719592466
1778438170,867,144.76365511091504,214.2008732236369
1778438170,868,823.7595595821559,269.59378521061456
1778438170,869,634.3080165142575,259.7506634120109
1778438170,870,151.8132109948104,24.271544256027802
1778438170,871,204.19621727171744,48.57378169335771
1778438170,872,304.5808116111024,57.96737655169698
1778438170,873,257.59302464952435,164.27326780699332
1778438170,874,368.983109371824,84.59915691500872
1778438170,875,200.05382874426823,131.3305107415729
1778438170,876,440.42643801130527,305.58617207400493
1778438170,877,278.9172557180461,34.827520930195085
1778438170,878,374.8192612371234,129.61295103024014
1778438170,879,388.63509191505966,48.28623350718788
1778438170,880,328.1588557435511,270.48688720018947
1778438170,881,829.5080085799282,148.09558319517254
1778438170,882,516.0234545438857,35.61013981992431
1778438170,883,916.8272024394643,210.39028884660746
1778438170,884,259.321279941276,234.70776572162254
1778438170,885,303.5916851512201,299.70293073986863
1778438170,886,449.0316385274103,236.51310167346327
1778438170,887,741.089885125059,204.66165495048745
1778438170,888,554.3601457943196,268.21412239713726
1778438170,889,265.6173445123913,156.58318074626064
1778438170,890,338.5701112017721,31.502577710307506
1778438170,891,172.03837145594406,74.78165333524508
1778438170,892,261.8163413397073,268.7511436726852
1778438170,893,654.0477963712216,243.57907110323487
1778438170,894,218.4261888041522,32.06737102630706
1778438170,895,546.4206050682652,124.0414930488422
1778438170,896,659.4921691888535,177.93813313787822
1778438170,897,469.6303478836873,75.03181144460035
1778438170,898,353.57097178112645,276.6577421261323
1778438170,899,226.46726330370882,152.5783379247407
1778438170,900,187.51147923143574,185.17205657893027
1778438170,901,206.82633760709976,75.27551696922002
1778438170,902,377.6606819097233,187.1285201283077
1778438170,903,254.41832192504262,51.867823824820604
1778438170,904,573.8085433078446,53.93723301938602
1778438170,905,376.873991171179,73.0764694675553
1778438170,906,335.6386973995495,141.53966484725453
1778438170,907,793.8986586868706,262.6980007941747
1778438170,908,923.6688605642695,197.97457682598994
1778438170,909,373.8104117948943,138.17726006782325
1778438170,910,334.57992383457275,289.4572987766124
1778438170,911,813.9282927608984,334.0208008995421
1778438170,912,558.4856350391053,245.91672121885276
1778438170,913,1393.4342181108016,66.28599715240291
1778438170,914,198.09255166415008,45.054094826710774
1778438170,915,205.34065387621433,243.49207899446085
1778438170,916,567.8518311926987,148.99938782173365
1778438170,917,433.8813781676183,219.7749614384313
1778438170,918,562.5765374033533,252.76395602915028
1778438170,919,139.34989210983653,94.00400483727753
1778438170,920,471.5017350196083,119.55659245998615
1778438170,921,656.9831314334267,99.18937576280898
1778438170,922,701.3249937642483,163.73592037497843
1778438170,923,351.3587640781197,50.64258927843196
1778438170,924,184.12534550330395,173.43416356489047
1778438170,925,373.59357429458765,262.54411467879953
1778438170,926,561.6407433296786,81.21508772314785
1778438170,927,407.28886100966173,27.495710264461497
1778438170,928,257.30133820945133,146.1610724381935
1778438170,929,446.39250369262396,150.98991915656197
1778438170,930,533.5737701240827,330.2341854754857
1778438170,931,508.54786756597287,256.179306645098
1778438170,932,189.53394901434683,104.12886897066258
1778438170,933,464.3115413842808,157.54845516063435
1778438170,934,243.45965705090404,184.9180051120264
1778438170,935,805.564450600307,89.087131014953
1778438170,936,193.06727881818028,66.27923027129411
1778438170,937,647.6653173062685,159.52188979768022
1778438170,938,647.3677331529854,99.09967406536794
1778438170,939,170.87477360030735,315.57797408082854
1778438170,940,576.7737674980174,46.982060461672006
1778438170,941,589.5769092465887,278.6876763706448
1778438170,942,499.15080938012267,331.6622178995108
1778438170,943,259.2997709196656,87.5216612879328
1778438170,944,189.85251346858925,75.6054625401527
1778438170,945,280.01215767575803,134.22222426155847
1778438170,946,567.5399013972619,114.64002679405372
1778438170,947,408.73261015256674,172.03245907281882
1778438170,948,588.3063116669088,74.49426176756367
1778438170,949,299.8478134551907,309.56602989912295
1778438170,950,392.3291286894519,53.15257518519534
1778438170,951,641.9742673468977,49.882730014688974
1778438170,952,584.103107102368,38.23258498563261
1778438170,953,105.8123011234042,76.36476217248479
1778438170,954,417.4969614730044,176.4883951857588
1778438170,955,189.48011543674917,282.69256288350357
1778438170,956,428.63109201800927,49.2934103908756
1778438170,957,337.292964135517,92.04049320452474
1778438170,958,246.89533657916857,114.0970255415989
1778438170,959,509.7106066804448,45.42053534880167
1778438170,960,222.5251019651631,99.76740671117234
1778438170,961,141.0202515579663,180.81308923711188
1778438170,962,219.56465501160142,276.9481933485802
1778438170,963,258.48507876474133,26.78399516703343
1778438170,964,556.4129934589713,109.75927472591793
1778438170,965,406.94539674548224,224.70303086927245
1778438170,966,203.85855543315066,118.79603926548971
1778438170,967,552.7581901769448,100.89754363289859
1778438170,968,238.0561560975963,144.30887400307446
1778438170,969,422.6729679156393,135.71757504552366
1778438170,970,431.99035302997663,78.46251118729835
1778438170,971,162.58963649764777,154.1461256255673
1778438170,972,733.1458270783434,91.03707789414763
1778438170,973,613.517906379899,199.20852051395295
1778438170,974,1635.8035582472662,291.68824179614575
1778438170,975,521.8843707988383,40.700603340878885
1778438170,976,274.7108945912746,273.9907016416033
1778438170,977,604.5057007065035,98.03242514382399
1778438170,978,744.4304392053449,43.824163949794176
1778438170,979,315.86051857865687,46.56865287250591
1778438170,980,437.54928018677356,293.8795497880711
1778438170,981,449.50651823827354,68.90017238304792
1778438170,982,378.3631352085812,248.72586667756383
1778438170,983,340.3533977367785,229.11068710566923
1778438170,984,405.6506353667971,151.9524293551051
1778438170,985,533.0733545650526,78.95720013220154
1778438170,986,560.5235347273152,195.57535161618034
1778438170,987,310.597907427464,260.46878220875897
1778438170,988,640.0969393092897,107.65310546848777
1778438170,989,269.26393745943244,64.14252270626478
1778438170,990,693.1712217166312,318.0014462957449
1778438170,991,302.07977793595836,119.24742296236339
1778438170,992,256.3331601443642,262.3291086178427
1778438170,993,374.0645989906161,40.05309640100808
1778438170,994,338.3633626224198,25.244093776777543
1778438170,995,243.66323760511605,71.97222180405292
1778438170,996,408.928746721184,140.9546372229813
1778438170,997,371.152424056067,278.1425552072062
1778438170,998,175.4817107683864,312.5139373190202
1778438170,999,163.22449726940323,72.19835360193973
1778438170,1000,358.57577206390266,63.04050864543594
1778438170,1001,645.9002717522029,270.0944486440171
1778438170,1002,238.45507011996088,58.775844880801515
1778438170,1003,967.0094293010093,73.66875027246554
1778438170,1004,125.59897414971707,30.536172969871085
1778438170,1005,513.905967938992,281.8249088027473
1778438170,1006,159.22016791476443,287.0586255985935
1778438170,1007,706.9298913596765,181.1471871513594
1778438170,1008,364.7511777422498,262.22589044284587
1778438170,1009,212.48843790241463,43.1174065016639
1778438170,1010,478.220444997425,221.64997096792436
1778438170,1011,252.9123964817893,86.88565154871486
1778438170,1012,231.49700327869283,101.11660955442767
1778438170,1013,260.99163920663574,214.1753283641688
1778438170,1014,297.484177313705,117.99172589013001
1778438170,1015,250.4886633588912,282.9346872734857
1778438170,1016,296.41562483467817,241.7318237333692
1778438170,1017,673.5906264435824,307.51945624355903
1778438170,1018,430.2187437669183,34.91206573701233
1778438170,1019,417.3309442569952,71.5162062850034
1778438170,1020,282.9665578448763,45.19684023148561
1778438170,1021,351.7847906957266,261.4271014378304
1778438170,1022,216.54399870867115,93.49696143968472
1778438170,1023,227.57269616996993,63.071430303507945
1778438170,1024,550.4672687432931,206.86826466561425
1778438170,1025,500.843796331182,126.23410588605569
1778438170,1026,462.42190039222834,149.1903323586474
1778438170,1027,369.25643794596346,140.2636847050427
1778438170,1028,702.6987080595883,123.27371695517446
1778438170,1029,270.4450968661922,113.82656318318652
1778438170,1030,670.4349915222571,247.9917425740377
1778438170,1031,526.8890244657285,141.6202041937893
1778438170,1032,413.1037882675654,140.0829661279654
1778438170,1033,264.0441494165789,258.69514149106544
1778438170,1034,510.3620133589189,67.29561099178446
1778438170,1035,282.25878963026946,119.50103585272065
1778438170,1036,177.16086021265363,57.61673019948754
1778438170,1037,654.8986171400179,196.19187695321847
1778438170,1038,268.5128026988424,265.6083528988751
1778438170,1039,343.8302105815596,33.16064800236175
1778438170,1040,429.1781286320372,57.81250364010164
1778438170,1041,619.9776719676427,304.00734882018
1778438170,1042,423.99731289196797,52.234539935118555
1778438170,1043,167.33379337021927,141.25560487888873
1778438170,1044,274.94582347318385,95.86159107197389
1778438170,1045,668.6482326313383,48.72232701204744
1778438170,1046,601.568344725272,51.79282250705335
1778438170,1047,333.23728659022714,241.7985662756211
1778438170,1048,167.6458847766879,29.593382770735445
1778438170,1049,358.63560997594595,69.8235222727334
1778438170,1050,150.70701996516942,213.93485352220674
1778438170,1051,483.83852803661205,173.75765344072923
1778438170,1052,409.9077405531991,47.496149548189514
1778438170,1053,309.723081817037,77.14226020530273
1778438170,1054,894.0886423852886,191.68387261728103
1778438170,1055,244.88364544665515,300.2535916131717
1778438170,1056,242.0059258868021,169.91394233979867
1778438170,1057,97.73495323847611,71.08900592758269
1778438170,1058,271.9558779074332,181.4813687457761
1778438170,1059,484.1938402957627,63.37692869685923
1778438170,1060,574.0469623202696,140.20691307947325
1778438170,1061,437.1764187593738,142.9790144022617
1778438170,1062,235.9123504342543,162.06708924553507
1778438170,1063,229.91180547076067,338.0137693283245
1778438170,1064,168.77072493643414,129.19174533732496
1778438170,1065,508.2008398362828,247.43986024696397
1778438170,1066,138.6890114193477,83.22427795082172
1778438170,1067,391.89706373631265,81.15904396474716
1778438170,1068,314.20405832212396,246.77349479456788
1778438170,1069,375.0954384177566,171.76227158494927
1778438170,1070,448.0123441781394,170.47449734171337
1778438170,1071,172.9241547834803,167.82727209181783
1778438170,1072,235.9839584724485,42.26727568188345
1778438170,1073,344.9280250906381,174.02361952637307
1778438170,1074,376.85341181956073,33.88279402796102
1778438170,1075,652.8974127693405,104.5976728980913
1778438170,1076,253.90211134923044,112.0695585043145
1778438170,1077,395.86616412412445,65.41508326008444
1778438170,1078,320.7619053117037,50.49950712656701
1778438170,1079,772.4066652536621,194.6062142105458
1778438170,1080,92.32136387758752,24.422459047693295
1778438170,1081,333.4863253096624,100.34829546017758
1778438170,1082,163.53974979446312,96.3486904457721
1778438170,1083,246.64998211922065,161.1469082489928
1778438170,1084,468.8207479874431,288.7589003689664
1778438170,1085,682.2585590486418,256.6063753646189
1778438170,1086,742.1134042711502,231.63174237546798
1778438170,1087,516.8501913541036,166.6191521124696
1778438170,1088,277.5187945666366,239.572403846478
1778438170,1089,628.596321957849,235.0790537110706
1778438170,1090,730.3147959030593,88.21229841986522
1778438170,1091,240.2171043554057,34.09000529227406
1778438170,1092,226.69207041633368,119.92561385591729
1778438170,1093,310.52296665570645,73.10614352036572
1778438170,1094,253.2697715866832,129.2703544578405
1778438170,1095,124.58473366984815,167.91940257042373
1778438170,1096,315.9395652593073,60.394032052402586
1778438170,1097,221.35542529132573,65.5011265088707
1778438170,1098,274.2880764697976,197.40519451408952
1778438170,1099,461.21495550289154,170.89285923815723
1778438170,1100,346.521216168869,184.22382485481305
1778438170,1101,312.325359174118,152.73268971116542
1778438170,1102,181.55295616983844,51.259397541538476
1778438170,1103,275.8819632962844,267.7520762416887
1778438170,1104,282.6674212475985,206.6766765992183
1778438170,1105,231.50176754042045,57.86671223176222
1778438170,1106,528.9640095038523,80.27845876757434
1778438170,1107,393.72255294307234,30.286225524680585
1778438170,1108,370.9169879115323,25.22460532645238
1778438170,1109,354.8983788736852,97.45732098401528
1778438170,1110,427.9665894449025,329.6939515913279
1778438170,1111,809.1842004692686,192.67682509447982
1778438170,1112,151.70296329595803,70.79200554490721
1778438170,1113,249.56115828042087,152.49657917297858
1778438170,1114,241.80254915796615,261.9260198577667
1778438170,1115,565.5683320606286,159.7460929201922
1778438170,1116,765.4228818611501,300.5473505407938
1778438170,1117,429.72519434478255,45.94206470202989
1778438170,1118,311.3731055304399,226.67417921550052
1778438170,1119,258.7074918596143,125.97272938649289
1778438170,1120,819.1577003399016,109.66561576943477
1778438170,1121,442.3161897465835,43.57426937199014
1778438170,1122,423.32144633903533,229.07932932180333
1778438170,1123,227.18899948551265,61.33072174564652
1778438170,1124,382.47678477289423,257.60319739462415
1778438170,1125,110.59443098496854,28.818277447810665
1778438170,1126,400.86468160975033,60.03931569522443
1778438170,1127,571.9217688374164,41.166256853330054
1778438170,1128,132.06843350594283,32.803517809418395
1778438170,1129,353.79890231058664,124.67918826882743
1778438170,1130,588.3648559805218,225.0011575440659
1778438170,1131,235.12271429059408,43.17341018029633
1778438170,1132,160.28416131469643,248.03003947874495
1778438170,1133,399.8860803359887,131.15094856742638
1778438170,1134,188.54317343928392,40.335094933673034
1778438170,1135,510.6036405238289,215.10863093582452
1778438170,1136,395.1232979592739,42.17997672729631
1778438170,1137,102.86469014695324,94.31214534438793
1778438170,1138,301.55999945475713,41.38974175042789
1778438170,1139,303.31566506881467,54.509706684904344
1778438170,1140,315.53047594845884,290.8680161694037
1778438170,1141,431.4447648823446,249.1714039680659
1778438170,1142,812.6263132399604,327.0516788415456
1778438170,1143,379.35164971240937,237.33368711223025
1778438170,1144,261.49918687933564,138.9863252731364
1778438170,1145,172.07456785274465,53.87742571154768
1778438170,1146,111.47365477276222,114.3296487947886
1778438170,1147,495.4415153351515,179.43495805496605
1778438170,1148,180.7925051446734,80.50114278913303
1778438170,1149,362.15835783204665,228.90486609004438
1778438170,1150,208.08112202323233,99.26296661713123
1778438170,1151,410.41339535072706,63.22022430885953
1778438170,1152,616.5756949194972,222.14917920105216
1778438170,1153,282.70535591391365,38.28227343515361
1778438170,1154,439.92079892738604,105.37699531167931
1778438170,1155,662.5162920893885,216.14741376908236
1778438170,1156,309.00631408256334,60.07864102607113
1778438170,1157,548.9970605784001,157.20282151191887
1778438170,1158,329.40645159038695,57.562263800722114
1778438170,1159,187.76787481308259,234.6678425276103
1778438170,1160,199.0417688547266,144.8964440437267
1778438170,1161,488.870928308154,172.76686925449687
1778438170,1162,721.1619738621531,80.21524440811412
1778438170,1163,488.08514219056144,63.417476050809654
1778438170,1164,177.95088123131512,309.427273522037
1778438170,1165,195.35720810966112,21.80829014458597
1778438170,1166,363.9201939528701,266.7541074352448
1778438170,1167,244.31372363769185,291.0306562518364
1778438170,1168,274.1795596982083,90.96909029082222
1778438170,1169,362.0143777350179,190.10265766016678
1778438170,1170,430.1237965624342,133.81317124965287
1778438170,1171,519.4951814486715,227.30797353534453
1778438170,1172,262.2778036390123,229.04246834936367
1778438170,1173,239.99466962440025,256.25377682071905
1778438170,1174,306.6486503083761,61.005654490735616
1778438170,1175,551.9902386857705,154.085314989321
1778438170,1176,283.2970519932219,56.286873522791836
1778438170,1177,646.4265132008044,252.49919874711028
1778438170,1178,298.54270808501263,90.25190799558939
1778438170,1179,511.7122776901905,43.398520405126355
1778438170,1180,190.27687873805544,193.25119078652628
1778438170,1181,215.9647389890195,192.91608383615196
1778438170,1182,429.3211538307201,85.12596118459376
1778438170,1183,472.00537587988873,153.3592219049036
1778438170,1184,232.43132810404924,39.192731540527575
1778438170,1185,446.47781472089423,184.06650521296163
1778438170,1186,329.75023248161494,140.93384730038417
1778438170,1187,119.21701136198844,97.64171320863315
1778438170,1188,344.04135876469877,188.21518130886147
1778438170,1189,351.5863651972325,196.54315287842437
1778438170,1190,520.2443703216667,93.36079761357341
1778438170,1191,133.4597412039104,63.11233712594154
1778438170,1192,627.2858238750272,97.9043570901354
1778438170,1193,278.15402933036324,215.72929020634894
1778438170,1194,332.63854858254336,190.1382821652232
1778438170,1195,134.69577147772367,62.06155537349383
1778438170,1196,598.6869518413371,203.78827192969837
1778438170,1197,322.7784986380216,286.4371195904404
1778438170,1198,394.7692802542938,265.9994975673247
1778438170,1199,197.6635801151852,198.45506698041294
1778438170,1200,146.22485183518825,151.7641137066928
1778438170,1201,211.97053997851802,129.93251622652966
1778438170,1202,545.3991442329057,112.49902902749216
1778438170,1203,338.2332518835723,41.78775213398682
1778438170,1204,659.5432942523192,99.09050924443278
1778438170,1205,228.3242872492406,28.725658579404133
1778438170,1206,208.5810753394313,195.16687202615557
1778438170,1207,826.2730571107471,130.1023270472947
1778438170,1208,517.0158232043813,122.20261533081283
1778438170,1209,568.2548008225824,165.4558730806418
1778438170,1210,358.23219208330664,89.43881837630153
1778438170,1211,379.9611970675293,70.25104220540067
1778438170,1212,809.4606763166701,82.19626466740144
1778438170,1213,263.13411080750893,60.4209413004257
1778438170,1214,180.3391643757812,122.5136129440852
1778438170,1215,518.7365396127659,114.63445494097593
1778438170,1216,480.12838886029,98.48023693669616
1778438170,1217,584.0910508740568,76.27831740911026
1778438170,1218,487.42771351726566,203.5310173714875
1778438170,1219,477.77205904975654,158.80430759674275
1778438170,1220,341.7033082752959,85.97415972937443
1778438170,1221,240.87577287624148,34.70705678960803
1778438170,1222,618.6596349939337,52.1874608225993
1778438170,1223,281.1933268339902,275.4525442706007
1778438170,1224,348.6561789763366,53.041379693709594
1778438170,1225,262.6745481291632,70.5189136387512
1778438170,1226,152.68608055950654,167.77425638370295
1778438170,1227,799.8818257353848,51.071153868793445
1778438170,1228,309.0046041069414,88.5604796287911
1778438170,1229,866.7546210427873,179.9364883862
1778438170,1230,308.90279164571615,385.19110387177346
1778438170,1231,564.4101642598373,57.4225288088548
1778438170,1232,240.61563374635088,253.3225822778867
1778438170,1233,376.87414655438437,50.39285591081028
1778438170,1234,309.72718530737717,233.2903466873513
1778438170,1235,283.00849150768886,73.58367176119798
1778438170,1236,501.9352183629616,251.13052476371416
1778438170,1237,478.5217370237633,294.1966313715503
1778438170,1238,216.07274392178311,50.711775273594405
1778438170,1239,650.9746345859096,219.6950743894198
1778438170,1240,325.45561497346785,87.93305951623223
1778438170,1241,212.69243665935244,64.16171903008392
1778438170,1242,194.3186798824589,247.7374123028933
1778438170,1243,438.56054049748286,58.576885462003034
1778438170,1244,412.61425580311925,189.9196492371151
1778438170,1245,424.67726868006247,89.23666040106067
1778438170,1246,472.4294071739514,268.7373111349582
1778438170,1247,413.77763390496597,263.1190833460163
1778438170,1248,204.8656378288003,128.1155579548404
1778438170,1249,194.2223586210734,172.86979287109648
1778438170,1250,481.059249313225,121.53621079574741
1778438170,1251,180.41262164368567,76.46018191365552
1778438170,1252,482.65435438320117,173.08704075888812
1778438170,1253,365.1209212132687,48.367327291363694
1778438170,1254,211.66220348879574,138.50643244689527
1778438170,1255,319.8298122422282,254.28896681311937
1778438170,1256,422.271617358856,82.18964403262326
1778438170,1257,145.708823229157,251.9993998468477
1778438170,1258,142.73037126051682,34.44734780073858
1778438170,1259,579.680299888599,284.6467843725505
1778438170,1260,554.1428235387162,45.68515232398611
1778438170,1261,309.6394292544308,187.6851745029029
1778438170,1262,214.55462733073122,48.881153946461076
1778438170,1263,252.94024023327412,78.21180245457347
1778438170,1264,252.82818914545925,39.01868127537005
1778438170,1265,516.8987705401216,229.39463216579335
1778438170,1266,325.44050555404715,221.57698093287462
1778438170,1267,567.026483011535,268.45823280694873
1778438170,1268,516.9007980164175,168.75598142304264
1778438170,1269,253.03098060496114,118.65798035906175
1778438170,1270,482.8633350991596,42.23905959537209
1778438170,1271,334.7448987704853,177.83667626669967
1778438170,1272,559.4113626356625,51.44374185904989
1778438170,1273,748.1900055798034,272.42523905302306
1778438170,1274,195.14268499001648,262.9762019618508
1778438170,1275,924.9064137011811,120.73235217509445
1778438170,1276,489.09023739663013,91.68406229479885
1778438170,1277,387.684234932026,167.48261956595059
1778438170,1278,447.83824394818083,157.48166115367957
1778438170,1279,336.53848498344706,188.11687741521826
1778438170,1280,552.7768768800803,107.29802780654627
1778438170,1281,102.87548014981444,89.92115147338671
1778438170,1282,551.6341790095862,222.70392229039362
1778438170,1283,573.3897195841613,70.63936437214485
1778438170,1284,201.00048583184008,36.87052086730312
1778438170,1285,488.1479508582542,83.56700772444312
1778438170,1286,861.6649107499536,149.4051229992455
1778438170,1287,125.99052807310095,32.04101938767303
1778438170,1288,358.7060509500857,27.497801644998766
1778438170,1289,432.83004909163566,158.85772965175565
1778438170,1290,201.1564168194012,183.6064840083858
1778438170,1291,651.3190680707401,103.48724153612527
1778438170,1292,106.04476730493516,51.34440942593512
1778438170,1293,311.1946871457175,249.0188484566721
1778438170,1294,444.695214596098,38.996508488344446
1778438170,1295,324.7552246050064,201.35956888996586
1778438170,1296,499.52624559135376,128.19508150768814
1778438170,1297,483.51088610882874,179.44441861172064
1778438170,1298,339.9832700791739,267.2920938945946
1778438170,1299,261.2299508931753,45.12487896886375
1778438170,1300,200.29722521048222,123.47140437607766
1778438170,1301,649.831983174585,70.8164054568257
1778438170,1302,383.92733562727517,51.815090867392954
1778438170,1303,426.0512435076027,155.9269353090862
1778438170,1304,350.7647622035385,89.79414957944883
1778438170,1305,378.9565318230616,214.88212076390994
1778438170,1306,301.806065082159,166.7717645832538
1778438170,1307,142.25813336956256,75.29500166053361
1778438170,1308,741.8025965954678,182.89483339180953
1778438170,1309,516.484114926969,173.34838081303013
1778438170,1310,308.55473351544424,225.94674455819182
1778438170,1311,458.10263973948497,40.69744475872484
1778438170,1312,198.24563865499692,110.08041768551482
1778438170,1313,345.12356656881025,130.64664479030606
1778438170,1314,558.8726711585605,282.3850319956846
1778438170,1315,336.5222224226285,82.79931847018547
1778438170,1316,251.31365579241182,88.28736896811516
1778438170,1317,205.32581277300773,102.34346938742699
1778438170,1318,185.4018714274445,135.0133576583256
1778438170,1319,522.6658275498806,72.67904761329191
1778438170,1320,139.2533554221348,82.37025931008912
1778438170,1321,191.4144105136036,40.16604004106871
1778438170,1322,241.88967214583593,180.36201172330303
1778438170,1323,192.818446571059,287.8713371127423
1778438170,1324,163.8980151481638,70.52928643702295
1778438170,1325,135.29661269604597,75.06817400229481
1778438170,1326,887.7912977129716,211.14031223929027
1778438170,1327,527.5894367423454,57.015731315633445
1778438170,1328,276.94014318058595,61.769196408412014
1778438170,1329,331.2747519550274,63.36210192150189
1778438170,1330,299.0060361770093,35.54548887740301
1778438170,1331,313.9673076587967,299.59490934392124
1778438170,1332,323.50738470985164,176.41847700454127
1778438170,1333,152.05532734652462,123.96629405687747
1778438170,1334,237.2647094044789,213.39213908387094
1778438170,1335,382.2756518194297,110.4221826091489
1778438170,1336,313.63226155081657,272.29349103515455
1778438170,1337,400.56685940040734,203.2438192685998
1778438170,1338,184.0116829468366,80.40216717839466
1778438170,1339,198.5524475481159,27.709979995751592
1778438170,1340,382.1845202375462,175.3101002326015
1778438170,1341,286.2529113658901,259.87938468314826
1778438170,1342,585.9259880515731,298.87552752605615
1778438170,1343,219.43563838642706,238.32335661427675
1778438170,1344,471.7682123645571,103.4036507725463
1778438170,1345,327.8283194692553,44.5508870302712
1778438170,1346,394.17240248424105,149.91449846054735
1778438170,1347,401.8004704546142,41.07639217063929
1778438170,1348,119.93499082123334,12.107369872799943
1778438170,1349,165.1655155940858,84.80051141699877
1778438170,1350,332.02574594606733,74.72361521201269
1778438170,1351,337.5088659497004,168.6985492820192
1778438170,1352,488.3030898764203,304.32660248105924
1778438170,1353,392.961213811006,111.18923830575939
1778438170,1354,189.57531831708624,251.37439451385154
1778438170,1355,252.2327750251517,56.60897096813496
1778438170,1356,368.20814582082795,271.8858463440631
1778438170,1357,147.07958962716378,312.62794661685393
1778438170,1358,235.52269166625467,146.30044655198577
1778438170,1359,189.15169912391957,47.26591260899249
1778438170,1360,511.5649221868218,282.6521048707997
1778438170,1361,732.3552443264639,297.86170562265164
1778438170,1362,519.7327614488224,259.88430493774
1778438170,1363,598.6523612780926,125.21543870484241
1778438170,1364,173.0188563704027,54.47096775406607
1778438170,1365,316.1449570367138,250.3569040178033
1778438170,1366,343.20665910299556,23.503948711848867
1778438170,1367,143.88587507684915,147.65943770055918
1778438170,1368,367.9355460196408,68.0125331019047
1778438170,1369,248.32252096949435,71.43202585490972
1778438170,1370,298.6138692258263,367.4747363299732
1778438170,1371,490.98380844272407,299.48129403253785
1778438170,1372,453.3165361261226,110.00967717816621
1778438170,1373,124.94198820101403,188.65779758634142
1778438170,1374,452.90590823487395,88.54446946909161
1778438170,1375,313.1883555824147,73.76461388666296
1778438170,1376,285.4752421455675,240.02050912161965
1778438170,1377,485.6331782503051,308.98569970172133
1778438170,1378,420.2298121636476,154.77997591317597
1778438170,1379,351.7944709523885,262.0030477212399
1778438170,1380,295.66402505161795,228.2875783165778
1778438170,1381,310.4362742810045,328.86662877354513
1778438170,1382,553.8731008525842,59.18358719288253
1778438170,1383,586.7632962783988,74.26758100207756
1778438170,1384,392.13932853457396,278.96612175357336
1778438170,1385,359.69156414478056,31.294513546159944
1778438170,1386,361.48801160141755,149.49232911775846
1778438170,1387,472.3332140614782,160.46524878984536
1778438170,1388,687.5818976136975,108.08951829148765
1778438170,1389,499.79185542004075,58.911547199551286
1778438170,1390,599.6327502819012,47.687654459297214
1778438170,1391,404.5600758849907,266.1841590160462
1778438170,1392,445.9469413938087,110.42786726014235
1778438170,1393,702.101003739226,272.2962851283206
1778438170,1394,589.2532079185015,230.40851480861988
1778438170,1395,279.4382160454979,157.2255441977929
1778438170,1396,344.3254010239339,134.9303165283026
1778438170,1397,195.08734119316375,135.13204005558094
1778438170,1398,398.81963783853547,266.36624110409355
1778438170,1399,197.82489677005134,90.13949788753011
1778438170,1400,401.3706281968961,144.1545139502164
1778438170,1401,396.6850222327951,313.58478980686533
1778438170,1402,457.5272692916751,251.68952362825164
1778438170,1403,235.3812421566289,130.92838470546178
1778438170,1404,357.4778796275669,378.0295755188671
1778438170,1405,747.6563589371916,184.5653262542263
1778438170,1406,353.4144224071205,276.11550983475496
1778438170,1407,478.0836267459603,79.75907614084763
1778438170,1408,443.2319850750101,47.26571739394973
1778438170,1409,106.83336925139943,69.16314198212508
1778438170,1410,355.93892819721145,68.42034095372236
1778438170,1411,255.82977393555848,246.06574974823326
1778438170,1412,504.0399003636221,122.14785117414442
1778438170,1413,346.24988019791897,267.61453214160736
1778438170,1414,202.9243425009282,49.041796757454826
1778438170,1415,326.7528144189615,278.7664433575227
1778438170,1416,341.0415418403309,156.23134845857066
1778438170,1417,274.2950054735215,214.852774232733
1778438170,1418,394.85104492488875,80.01605798130453
1778438170,1419,163.3471783845471,129.3071047062734
1778438170,1420,230.51416352202986,109.58626693007294
1778438170,1421,481.2411419951967,249.84702775398276
1778438170,1422,811.8583837178497,56.655154304950095
1778438170,1423,313.03709550793053,35.16796033591435
1778438170,1424,370.9428554534834,162.65381815600838
1778438170,1425,213.10883250225692,29.559146087272627
1778438170,1426,315.61372800969195,57.664706961936005
1778438170,1427,206.8312113203844,98.49604876402651
1778438170,1428,316.1691719432827,57.321448794221524
1778438170,1429,245.54261582164375,280.5276455332786
1778438170,1430,268.6999652810377,81.35863669967567
1778438170,1431,427.5424009935903,74.16175715154576
1778438170,1432,271.960465173406,160.66447187642677
1778438170,1433,588.0320569022455,180.67221169007257
1778438170,1434,627.2399304594777,205.76326847065354
1778438170,1435,212.42880698619678,100.15917393282709
1778438170,1436,332.28534297377587,277.45164604477566
1778438170,1437,163.65190146723515,237.45897996737068
1778438170,1438,659.6241191128863,126.37961795739015
1778438170,1439,443.2295418009952,220.84519687278186
1778438170,1440,509.00912515158024,80.56145917114992
1778438170,1441,359.74436858500377,277.40728507308063
1778438170,1442,212.91232929752206,33.50914647126629
1778438170,1443,343.3958108816453,70.41609256536566
1778438170,1444,191.52126992385124,155.34209664254652
1778438170,1445,165.98558250236323,325.88076543650885
1778438170,1446,216.9258484014093,32.920886887643945
1778438170,1447,269.36995480128445,83.73734924240037
1778438170,1448,249.90505094953264,173.600423916767
1778438170,1449,538.1096955188843,181.31433223073478
1778438170,1450,187.14237915032115,290.34030243687147
1778438170,1451,554.7197061108781,39.06548805640359
1778438170,1452,266.56718196110006,95.94035617305282
1778438170,1453,267.9516182059257,148.2048625958323
1778438170,1454,598.8909571910715,55.39995193172877
1778438170,1455,198.18303442801297,160.63668250643036
1778438170,1456,291.23792222851415,154.31350061754742
1778438170,1457,171.37029709860312,122.13845281680803
1778438170,1458,355.33969197375444,225.60897158297766
1778438170,1459,390.5960617388696,156.2767813221981
1778438170,1460,445.81620929667537,69.02126418710054
1778438170,1461,280.25952489228155,97.42422622466184
1778438170,1462,169.0998017338358,132.20044421469672
1778438170,1463,149.2832510291648,146.7621460203395
1778438170,1464,436.7416916021388,73.92419665781344
1778438170,1465,485.1010168487263,138.87388302925515
1778438170,1466,157.29707572742228,63.21358574916401
1778438170,1467,338.2758312842409,98.11421401761059
1778438170,1468,203.5236481612213,62.40965669769663
1778438170,1469,568.2383702706128,212.02786905482273
1778438170,1470,556.3617685665844,140.0349129582826
1778438170,1471,286.74811254773306,79.09990975714904
1778438170,1472,274.3088406052351,102.63154037757974
1778438170,1473,122.7837128458603,78.65977948412059
1778438170,1474,310.4159855662653,47.17083113180331
1778438170,1475,474.7235087221816,258.5723517014606
1778438170,1476,702.7616446269117,226.82293431246333
1778438170,1477,491.3358338050447,175.9811209985528
1778438170,1478,496.3455645329628,107.97589274637866
1778438170,1479,502.2457529015502,216.57828854637316
1778438170,1480,568.3119462944227,302.63783226853417
1778438170,1481,243.39775538165222,48.49069254048079
1778438170,1482,312.4550274925705,257.0717350990586
1778438170,1483,450.5058352470799,110.56342220361124
1778438170,1484,346.327848612705,168.0313275518163
1778438170,1485,609.5061761992731,108.31396566572461
1778438170,1486,834.6665594063458,74.85787747939551
1778438170,1487,193.59076487597102,152.75076597107667
1778438170,1488,298.37733184272423,76.38071883860358
1778438170,1489,351.65877945894937,259.67563323259907
1778438170,1490,382.73725927620325,101.56721132174158
1778438170,1491,403.64599997373006,98.52845293563911
1778438170,1492,226.74352114512538,145.78600106684416
1778438170,1493,378.34900724754624,112.92592889770442
1778438170,1494,423.29909358522445,176.5731833405676
1778438170,1495,647.4780678808181,123.12759655059935
1778438170,1496,246.72746181620653,49.6700413192334
1778438170,1497,191.64836488838384,55.35825753239105
1778438170,1498,447.32957470747203,115.53763928647842
1778438170,1499,146.66003567923875,49.43358670795401
1778438170,1500,562.6289065890148,93.59460932177656
1778438170,1501,206.9402302284094,201.16090005792782
1778438170,1502,669.711557929217,57.17649156704672
1778438170,1503,293.20259026197795,69.32903190477151
1778438170,1504,161.10540125985798,360.94144690668264
1778438170,1505,389.1140945194241,285.8935589505443
1778438170,1506,296.54056289730073,365.6911524628373
1778438170,1507,147.06854052367194,40.35536465080012
1778438170,1508,156.06090248287725,43.152310952698116
1778438170,1509,395.65684330763884,252.31512392165956
1778438170,1510,235.67259453538557,114.32701739776836
1778438170,1511,160.47811446111493,87.68344479467494
1778438170,1512,440.0195375475489,65.61640142953196
1778438170,1513,291.2567190808782,83.32762637443619
1778438170,1514,405.6757950197304,294.2623929243162
1778438170,1515,466.38020274348884,68.92993830723601
1778438170,1516,254.7272293360645,41.158595627857466
1778438170,1517,434.05787196730614,94.17305116323082
1778438170,1518,126.51383391008211,48.09576742755173
1778438170,1519,442.54005729399177,97.03994566600065
1778438170,1520,1058.0584423117757,166.3454924756912
1778438170,1521,300.8785759125652,93.58610108623786
1778438170,1522,738.4523356655096,201.8538363489661
1778438170,1523,589.403392493663,339.5625728196227
1778438170,1524,295.8138461653384,41.65170091035326
1778438170,1525,687.0570070478192,215.57359781804462
1778438170,1526,147.34732103863718,20.830538120124448
1778438170,1527,167.23895996352113,120.13528707826464
1778438170,1528,168.33748351539143,162.32865378879654
1778438170,1529,275.2100535178821,231.32631500412361
1778438170,1530,414.2567058013021,173.0240475388097
1778438170,1531,178.38165243706374,108.11664606493176
1778438170,1532,351.6922392391558,69.57658694524795
1778438170,1533,163.68095893792295,120.52453876923893
1778438170,1534,400.17518894518724,186.4643481063631
1778438170,1535,335.5606439075898,217.8222927068637
1778438170,1536,592.3714603410269,64.9321861336062
1778438170,1537,600.144794532487,266.59607122438814
1778438170,1538,316.72890281080436,37.090923728283535
1778438170,1539,472.1914676413193,133.59568016804104
1778438170,1540,187.8027674014801,281.7564439820437
1778438170,1541,421.09036549862213,192.9568743542512
1778438170,1542,362.053860679816,270.3338073213108
1778438170,1543,368.6595138667402,28.415004611774894
1778438170,1544,271.25023615976596,222.10441093545293
1778438170,1545,634.2725202292933,39.925011112610534
1778438170,1546,92.15747085706596,41.26012475191247
1778438170,1547,183.59308009207956,140.59137697715235
1778438170,1548,188.2586587922629,94.4681786395629
1778438170,1549,415.3327219310486,170.8591659668097
1778438170,1550,262.18145030960505,233.38246242867564
1778438170,1551,520.1586411034809,134.84914884467577
1778438170,1552,121.52540024532308,39.19097032548379
1778438170,1553,519.859527470469,50.30890792591943
1778438170,1554,314.938969103327,142.3681978402588
1778438170,1555,333.7092786520159,366.7136586160937
1778438170,1556,585.9022790863726,280.27116378644575
1778438170,1557,929.0028481229849,297.83777588203344
1778438170,1558,127.28799504115737,71.60239500930255
1778438170,1559,214.11113572487977,112.36476226393538
1778438170,1560,662.3224168812073,69.88599739756074
1778438170,1561,486.3068971082076,320.9533821608237
1778438170,1562,655.7597422620399,296.9635929428833
1778438170,1563,203.93466112362526,77.17268938395294
1778438170,1564,650.7521431438296,74.88174173193734
1778438170,1565,331.20271922207814,85.40076434147775
1778438170,1566,358.94321064982904,86.38829777608676
1778438170,1567,266.12221706760783,82.39572702401655
1778438170,1568,217.31901060643816,30.99166584813907
1778438170,1569,732.8546493471089,233.52817245288009
1778438170,1570,161.1981078778743,230.58471996964576
1778438170,1571,497.85431485702406,146.26394684457398
1778438170,1572,456.48881082259294,49.93402720703141
1778438170,1573,349.1018655021178,26.225518305187567
1778438170,1574,518.9902910571088,69.34247889227777
1778438170,1575,145.84141904933742,235.56197365891043
1778438170,1576,183.8876204888734,80.29241017068848
1778438170,1577,239.95132700098242,112.94283930787464
1778438170,1578,228.5939136766449,278.2717978192226
1778438170,1579,545.853782343819,458.48552132296425
1778438170,1580,601.2568179981189,262.09017642218623
1778438170,1581,448.7698537550326,202.28991895662568
1778438170,1582,329.9230954927753,39.005921233357284
1778438170,1583,159.82073827498724,349.14024652351935
1778438170,1584,233.52838250146695,191.66849651256038
1778438170,1585,185.6924260562816,344.3404889938098
1778438170,1586,237.05755605461698,141.19783731009653
1778438170,1587,279.7776225307129,136.8074776643997
1778438170,1588,185.78347545200214,75.48630405108345
1778438170,1589,220.00371632662697,151.55252367638013
1778438170,1590,128.06238743248952,148.16951941441008
1778438170,1591,248.2892785626998,156.96540149303812
1778438170,1592,331.77863450939765,139.4117733481061
1778438170,1593,235.09175373739183,122.28514541977452
1778438170,1594,342.43309886594267,161.59654622034824
1778438170,1595,183.46663536629683,291.4444449916599
1778438170,1596,811.774433245711,319.3741309133706
1778438170,1597,293.9140501965073,85.35665963660973
1778438170,1598,422.52580820103356,109.42258418430494
1778438170,1599,114.33465908539497,56.72171751728077
1778438170,1600,404.35825630736,113.40367908005959
1778438170,1601,651.5801785767759,222.95973976738063
1778438170,1602,224.3590023238768,46.11349242784125
1778438170,1603,216.19129644527666,90.05170588383213
1778438170,1604,348.2356284060649,222.07521827338346
1778438170,1605,399.7201542122883,175.13852018075013
1778438170,1606,548.3449010918644,107.87447399737185
1778438170,1607,259.37636148471245,72.87067732476014
1778438170,1608,158.2173789600851,89.58412841144315
1778438170,1609,378.2636504501715,146.33222264153773
1778438170,1610,568.1907824856794,42.11438537214439
1778438170,1611,413.34334763097587,23.06930933680048
1778438170,1612,144.26573719179808,64.44019653987222
1778438170,1613,677.9531432399256,98.9790293377746
1778438170,1614,301.274430910204,272.1654931998888
1778438170,1615,511.02088177971495,36.43846542471493
1778438170,1616,552.8389396754437,90.1234466293762
1778438170,1617,146.7217979545204,54.96087976623064
1778438170,1618,109.01510286319754,104.04958869009631
1778438170,1619,259.4629554186706,110.85698980316279
1778438170,1620,809.6511155134559,71.79100902746761
1778438170,1621,197.20460126205433,147.60804897694933
1778438170,1622,575.9964765102092,198.83058202949317
1778438170,1623,313.8898414725896,90.19893089442317
1778438170,1624,284.49344124043694,162.9370186896101
1778438170,1625,296.4919137741142,62.9286777554123
1778438170,1626,181.06546968153944,122.17175578797705
1778438170,1627,158.9353017512221,65.09043207688396
1778438170,1628,339.4034640969206,254.9027335182389
1778438170,1629,426.92394931597397,122.79710152071318
1778438170,1630,656.1903767674961,93.44242567952648
1778438170,1631,133.78823584342604,177.8822506124946
1778438170,1632,280.7781827876303,192.7094644156354
1778438170,1633,113.2195920643198,75.65504617388292
1778438170,1634,681.549588293125,121.00261623418596
1778438170,1635,480.49410980495776,161.89064096228856
1778438170,1636,190.5196832610595,217.9569953619312
1778438170,1637,445.58416701408464,129.63707134832416
1778438170,1638,634.8606791799739,135.67249270479778
1778438170,1639,167.41909360930023,129.1752441457543
1778438170,1640,578.8018893802797,156.43388322031717
1778438170,1641,478.59052938687876,34.65174925314773
1778438170,1642,550.755738204022,257.26347820763397
1778438170,1643,744.0946437357891,89.77082608096633
1778438170,1644,503.08476524950413,209.13028823946325
1778438170,1645,392.37688157444796,155.47999347630795
1778438170,1646,173.58260280216874,54.89701951534571
1778438170,1647,318.33793261346256,86.51716946335557
1778438170,1648,447.74958085485423,237.96144029371172
1778438170,1649,522.3629228350895,121.9498959525068
1778438170,1650,566.9929990502397,268.98408687567854
1778438170,1651,170.81968674281336,58.5593777773806
1778438170,1652,448.4101217545113,178.2870822091677
1778438170,1653,519.9606593869453,182.57929226424906
1778438170,1654,391.7799271704567,38.75953098216609
1778438170,1655,483.0488532743526,366.1757805812007
1778438170,1656,737.8685448821615,278.3991348735139
1778438170,1657,256.51508111839775,314.9543597420522
1778438170,1658,224.4916747741114,100.72585661182028
1778438170,1659,763.9210567655124,71.2424694693
1778438170,1660,377.0869421251976,322.5094061106742
1778438170,1661,538.3002396521571,145.65551717274045
1778438170,1662,239.758496387384,93.99777351919799
1778438170,1663,210.8747844013364,38.184704680404586
1778438170,1664,126.25080312346667,66.4401208292378
1778438170,1665,350.0979224719564,194.70084286433635
1778438170,1666,197.32642258710578,98.61005428582395
1778438170,1667,152.36913147317622,84.45756115485251
1778438170,1668,684.060614466548,276.1219921617109
1778438170,1669,456.2327340771035,239.1514676318522
1778438170,1670,293.45934311511064,39.80806348171943
1778438170,1671,198.35138521151205,79.1296488429442
1778438170,1672,264.196700532704,36.80357088818394
1778438170,1673,299.165039013615,116.66709703996271
1778438170,1674,603.2563588657746,148.61090145830894
1778438170,1675,455.893503431966,166.27692918616523
1778438170,1676,405.1314651973742,59.094074620657324
1778438170,1677,202.67337627160046,78.05643125806759
1778438170,1678,175.5989579530646,102.71490684258846
1778438170,1679,687.6756279863756,236.9829669393449
1778438170,1680,294.4664334367508,146.01154299923124
1778438170,1681,706.9306785826788,119.41886644130518
1778438170,1682,383.11353200032005,238.6983043510655
1778438170,1683,175.29084165945736,118.53009197519427
1778438170,1684,662.9928881294269,200.16497581087782
1778438170,1685,273.85665618114706,106.64723201722637
1778438170,1686,131.89465474820278,37.666128013550384
1778438170,1687,239.54392414499603,167.60945794040475
1778438170,1688,93.82692546842907,26.53280730748946
1778438170,1689,435.07961280421466,24.2853751748603
1778438170,1690,465.8040432620328,283.18626449099776
1778438170,1691,293.4728236106636,28.2792738194967
1778438170,1692,714.2454809301158,38.62034965044976
1778438170,1693,491.84249077655403,63.6442450076889
1778438170,1694,156.36229138037865,147.34367488693462
1778438170,1695,549.7666771647581,154.34705222053194
1778438170,1696,314.10651017125053,83.76563383302178
1778438170,1697,801.7428780988988,222.29938073069565
1778438170,1698,246.8203505445852,29.25839963543624
1778438170,1699,193.71735831443235,108.1656377739759
1778438170,1700,235.16507959662013,142.55368440301987
1778438170,1701,839.9524307260172,342.673154659569
1778438170,1702,292.0614559688203,40.77728089623108
1778438170,1703,336.40639394992064,239.0653978368714
1778438170,1704,429.1769247816644,102.22925056578956
1778438170,1705,259.1703907966263,259.7686653245234
1778438170,1706,214.4199608867525,79.18504909269083
1778438170,1707,237.1715981944823,196.94613366297455
1778438170,1708,200.90997916887977,130.96813540042837
1778438170,1709,651.5328130449329,257.0242034634154
1778438170,1710,352.7856710017925,26.43689329693999
1778438170,1711,302.3248933528334,97.36823828556804
1778438170,1712,277.67213966908815,108.0770141271365
1778438170,1713,258.7048842253841,69.83925985169395
1778438170,1714,535.2890737857934,227.67405756345724
1778438170,1715,367.6547149121991,96.30181750786069
1778438170,1716,240.06853630640725,68.45794017206867
1778438170,1717,207.8119814549348,276.42736323138706
1778438170,1718,584.6351691433634,165.16765459134072
1778438170,1719,190.92666643730146,76.05571824367563
1778438170,1720,253.3865010777064,294.0166829253362
1778438170,1721,474.2951716593517,200.40018716033094
1778438170,1722,127.119202831531,73.29318604211693
1778438170,1723,362.81130647208454,48.336088030877406
1778438170,1724,630.6996481271121,237.53856542274076
1778438170,1725,555.3603084693642,40.556003183331434
1778438170,1726,419.27974953320955,165.76366880431019
1778438170,1727,732.7501193391446,123.67010167038406
1778438170,1728,397.5078724573951,67.88061972959268
1778438170,1729,167.76517892479742,156.7835977028646
1778438170,1730,132.8770644235942,220.01255172780554
1778438170,1731,640.1884380522114,86.64279150022023
1778438170,1732,274.00550612693223,41.417549812105825
1778438170,1733,277.91713472795715,255.81312439412972
1778438170,1734,438.9486634682435,77.38073534386105
1778438170,1735,161.45010987392672,21.59692998653809
1778438170,1736,644.1925099555515,98.2443798602473
1778438170,1737,328.36884273953274,154.45802112123945
1778438170,1738,417.743066760529,85.08644537461274
1778438170,1739,523.2557752829807,41.32310441234522
1778438170,1740,405.2338575134586,280.49073136196745
1778438170,1741,131.66358580230425,239.63427538256806
1778438170,1742,242.14271484308844,299.11130023634826
1778438170,1743,288.7609856072509,232.61585253467246
1778438170,1744,170.49293887281246,258.70775772748266
1778438170,1745,461.9656082482349,241.35724637551945
1778438170,1746,244.33129826607373,52.329293522840935
1778438170,1747,266.12899857588496,53.913790057602455
1778438170,1748,404.20640800115547,76.86610526274387
1778438170,1749,607.663656737347,285.53943571070334
1778438170,1750,390.3167073013454,108.65713857245494
1778438170,1751,470.8846661153177,317.4432155385301
1778438170,1752,281.18260860916035,253.40113098509934
1778438170,1753,144.44462002083517,54.9552545966881
1778438170,1754,180.68585556945996,81.81811857711386
1778438170,1755,245.0205024016319,147.88304867317427
1778438170,1756,146.60851167442328,281.7373895802699
1778438170,1757,454.0902506585624,256.4291323882258
1778438170,1758,213.9157070860756,61.762213596361455
1778438170,1759,640.9037308956983,50.846019398095756
1778438170,1760,280.96739240643427,65.26493209086206
1778438170,1761,199.99876685816372,84.76198856278398
1778438170,1762,427.52525320151204,52.71264358324408
1778438170,1763,563.7868317207332,57.261926012602615
1778438170,1764,379.37498026430086,250.61020214809687
1778438170,1765,462.82938980838605,270.6895786032977
1778438170,1766,569.3957606407971,217.98552590594298
1778438170,1767,217.88947893102446,207.5874607735548
1778438170,1768,185.78236261856318,106.82680269006777
1778438170,1769,806.6948955443274,46.80362165338366
1778438170,1770,360.5598650048042,138.87608895929807
1778438170,1771,541.1626386529989,251.228194801803
1778438170,1772,189.3007197249207,114.93920017754522
1778438170,1773,310.6321410729532,107.80077672299441
1778438170,1774,188.42552225549477,42.85800478633308
1778438170,1775,193.30167385298864,132.2026891101193
1778438170,1776,92.25422866362531,103.18826397684838
1778438170,1777,343.3617828782587,80.15234655860667
1778438170,1778,103.32292339543577,42.233372137190386
1778438170,1779,129.73183138957893,106.89160960690448
1778438170,1780,298.82811333923087,37.45086536763263
1778438170,1781,190.54886227591572,423.57291128602634
1778438170,1782,292.7147318700276,251.55808261263374
1778438170,1783,195.9223900834695,224.33828502984613
1778438170,1784,311.164843932267,27.908618392787627
1778438170,1785,223.56290809648044,190.370367741112
1778438170,1786,376.0586559777385,64.8763800477335
1778438170,1787,550.972628003984,133.7091863597843
1778438170,1788,423.8510726234999,277.1105779520222
1778438170,1789,186.6420437190503,31.20586577604266
1778438170,1790,330.0754584700625,136.8779107219539
1778438170,1791,387.29181353556777,35.418240348238115
1778438170,1792,257.8785191438424,288.16208544230415
1778438170,1793,163.97014507591945,138.00992025776102
1778438170,1794,385.641247369602,246.754814581527
1778438170,1795,197.36424229186713,125.82631614971639
1778438170,1796,506.33936375163694,107.58492502531668
1778438170,1797,408.55846290381504,22.548848901824826
1778438170,1798,244.80212712878605,180.7944071822946
1778438170,1799,335.06541228941126,83.39924891993684
1778438170,1800,537.3447421470316,55.26913741557854
1778438170,1801,377.12552930800183,49.03299906681171
1778438170,1802,724.8429221434739,54.264097039482415
1778438170,1803,172.8124033152881,178.80009053712442
1778438170,1804,301.255274251935,155.0812269647121
1778438170,1805,749.0231512285314,192.08162780718516
1778438170,1806,596.4891036442096,90.05281603532406
1778438170,1807,591.7571279207979,400.9577683741154
1778438170,1808,503.49824317891296,257.3405735587776
1778438170,1809,535.6468408348819,93.97794035566845
1778438170,1810,420.3846181600426,92.63284524502751
1778438170,1811,658.1211812376492,233.59597877797324
1778438170,1812,234.89850251317546,234.27950567337587
1778438170,1813,226.54926195184262,229.11322958918788
1778438170,1814,587.1099883703789,111.5714227809324
1778438170,1815,210.40527051239897,183.91489874339416
1778438170,1816,621.2030775797923,55.51273718425524
1778438170,1817,527.8539567803567,158.64194910327203
1778438170,1818,259.6766695798468,151.30687357455628
1778438170,1819,174.83940929042447,162.33682025189992
1778438170,1820,415.3341033850446,123.8366167751352
1778438170,1821,516.2456298585813,89.14761746709392
1778438170,1822,309.7020001847057,88.07032686010069
1778438170,1823,454.1351281087442,98.257598790337
1778438170,1824,114.84263118134065,90.40531174527625
1778438170,1825,415.85697761301856,67.46916203580398
1778438170,1826,517.5580397213296,131.07288465109232
1778438170,1827,281.7463640678727,61.91154871983211
1778438170,1828,141.6995964348698,123.71022198285016
1778438170,1829,170.8248564597253,27.983013876886755
1778438170,1830,469.996527157684,101.3137500739195
1778438170,1831,315.1578904409447,199.85320979007741
1778438170,1832,291.5589976061208,87.52339622562393
1778438170,1833,349.3134532715036,66.1379539891253
1778438170,1834,440.7159398678837,96.79006016259187
1778438170,1835,225.95885282672995,120.33848007534425
1778438170,1836,343.0543200836949,213.08923987308975
1778438170,1837,160.30621809781536,170.45503605981781
1778438170,1838,172.37218279799612,226.50882749380142
1778438170,1839,473.949209444366,302.78346336046695
1778438170,1840,167.89698078154575,210.7918072423819
1778438170,1841,282.9530012634382,140.67213573843998
1778438170,1842,375.83580521005865,182.71527624439145
1778438170,1843,328.855964684807,301.1958110252509
1778438170,1844,752.673652848234,224.41635260579545
1778438170,1845,635.6797754376984,94.34487600700605
1778438170,1846,362.22878874812255,197.87405276870538
1778438170,1847,374.4583377124484,138.35584250997778
1778438170,1848,360.3986779336835,240.91124206235025
1778438170,1849,617.2337741826613,222.79005052860745
1778438170,1850,420.1744983598253,226.32639280501078
1778438170,1851,192.0140325715411,197.80482823515442
1778438170,1852,273.6691675369674,63.312178118518595
1778438170,1853,392.4497756808486,77.32881514096057
1778438170,1854,409.31125080133074,122.21158546597533
1778438170,1855,799.5930351320729,60.341881014900274
1778438170,1856,382.4219119443933,85.22742734519431
1778438170,1857,176.8067138301463,27.111455638630332
1778438170,1858,283.5039086646076,107.46196518921035
1778438170,1859,325.92131606357026,90.5321980398406
1778438170,1860,633.0652894633279,103.16307919882459
1778438170,1861,292.8461908492947,43.45944548506759
1778438170,1862,343.03167976431314,101.03057993494309
1778438170,1863,182.0153339189865,128.7569169668907
1778438170,1864,405.925284170054,228.50745950446074
1778438170,1865,183.53096168682083,187.7245419566185
1778438170,1866,307.30013703784016,160.7461142361528
1778438170,1867,418.35676968462445,76.70016891426104
1778438170,1868,380.58699295337084,43.71912355673834
1778438170,1869,374.63377948863973,290.72628032204557
1778438170,1870,516.1831247609535,76.37424342834409
1778438170,1871,451.15252286389915,60.97889303331411
1778438170,1872,105.84129269247622,47.54621642420267
1778438170,1873,244.23824482508795,147.61014820694794
1778438170,1874,431.64823429402753,172.84824485823825
1778438170,1875,249.9558490834505,190.76874159107334
1778438170,1876,252.346051005178,177.21520701495317
1778438170,1877,466.29061908317556,255.3542625822394
1778438170,1878,338.5119441697833,54.24858359690458
1778438170,1879,264.25402344072717,170.02752402252037
1778438170,1880,516.3130566176843,92.98848717856214
1778438170,1881,480.916765258896,22.392546309418734
1778438170,1882,265.8878711209515,200.3435278564827
1778438170,1883,582.0508870497445,50.808469264782936
1778438170,1884,476.2624766135273,232.20831226609891
1778438170,1885,257.35534516446427,37.31301282767519
1778438170,1886,423.3755924921415,160.8759670010076
1778438170,1887,479.2411186317658,92.47316395439064
1778438170,1888,404.2433239864721,189.3533087237672
1778438170,1889,385.2915474539913,143.93025388489144
1778438170,1890,457.66416311205484,35.944509706808034
1778438170,1891,427.9697780467717,230.14036925202703
1778438170,1892,121.81671267093897,126.66775850503664
1778438170,1893,606.0940901225676,133.48699004028197
1778438170,1894,504.7698821606023,201.4576464141963
1778438170,1895,532.5235877982276,100.26606003845141
1778438170,1896,93.30610219143571,39.819321829765904
1778438170,1897,520.5293274341817,320.3396806590806
1778438170,1898,101.07972600566157,85.11566389059759
1778438170,1899,281.72663762531926,98.30648098402308
1778438170,1900,484.4037162903229,161.16857317063815
1778438170,1901,272.14170887771564,99.72693135693291
1778438170,1902,788.9910388207219,47.55027474790935
1778438170,1903,334.8143548107567,90.86686040311913
1778438170,1904,416.8996572224346,61.402725079646046
1778438170,1905,197.23347449555675,88.20880176797621
1778438170,1906,567.4135872451161,106.43684903517442
1778438170,1907,133.1000063969544,33.24837705581471
1778438170,1908,208.11606596894455,103.24664089187878
1778438170,1909,299.2943773138604,28.69753468835933
1778438170,1910,417.50416076173434,51.66187322208724
1778438170,1911,239.95472679879194,83.5442837281355
1778438170,1912,295.17404244584014,70.21983208464579
1778438170,1913,715.5568348144227,98.55176433542526
1778438170,1914,268.958378271713,246.17102200443807
1778438170,1915,354.5914867338234,127.2749094000926
1778438170,1916,257.1385675848372,62.2090558274821
1778438170,1917,181.99213180335133,98.50295558088385
1778438170,1918,569.8157582654237,55.893743690664444
1778438170,1919,314.4475081133273,126.62925675817124
1778438170,1920,365.5829904107712,77.42558729980696
1778438170,1921,210.09423941100937,145.34931780120212
1778438170,1922,315.314968365355,117.97723472130184
1778438170,1923,143.60298692491486,21.903551855941107
1778438170,1924,391.12505453297024,135.3921360917476
1778438170,1925,219.75349023038365,49.89909025657977
1778438170,1926,811.6997660424544,86.8720013693431
1778438170,1927,242.14284309109968,231.17628452819076
1778438170,1928,226.4065731717391,31.7629782620274
1778438170,1929,253.9517336530369,243.27306313553578
1778438170,1930,388.30321727601876,66.27484633374712
1778438170,1931,612.5945997631674,148.38059183942505
1778438170,1932,220.85390534606123,118.74736164154771
1778438170,1933,494.7412808708417,207.3191515406585
1778438170,1934,469.8527867317633,146.19586374203706
1778438170,1935,324.4247004087565,111.11660591793795
1778438170,1936,316.3346077036768,165.9463603304474
1778438170,1937,148.66496291962315,32.9854468346816
1778438170,1938,373.9682113780847,40.35876246960717
1778438170,1939,131.25758963253594,94.870759996889
1778438170,1940,174.9613619180859,79.84786228885902
1778438170,1941,225.81669974186246,193.44616213597388
1778438170,1942,497.75568410450103,56.15003368685667
1778438170,1943,310.8129137092185,233.97528632858084
1778438170,1944,400.1353282139554,83.9463752817397
1778438170,1945,239.232030774169,154.62232845605948
1778438170,1946,375.9549819437497,99.72427751781636
1778438170,1947,378.69748782637686,51.392589660153874
1778438170,1948,221.81988565883972,274.8751132680295
1778438170,1949,789.0629601701584,149.77928560340726
1778438170,1950,211.2453266002761,232.60288072048982
1778438170,1951,461.0460124118413,84.65180062398267
1778438170,1952,448.3149601816816,61.92929924449886
1778438170,1953,228.34559062766397,241.07878434746056
1778438170,1954,230.88539610099002,46.9727311744344
1778438170,1955,205.04181299531785,91.32351174005191
1778438170,1956,240.14262194973188,74.34010565913766
1778438170,1957,261.38824041559906,123.53894098606857
1778438170,1958,523.1894669271545,275.15322115751064
1778438170,1959,212.12876122007467,75.35325033823051
1778438170,1960,407.78030261888495,61.60240995805843
1778438170,1961,550.1723163361562,174.83372086312613
1778438170,1962,331.98708778831303,120.70762085982298
1778438170,1963,343.89035207104587,125.63290165820698
1778438170,1964,249.47416672445928,75.52604971111056
1778438170,1965,326.8331009264755,152.17002300672368
1778438170,1966,213.12032697019842,129.55742021879732
1778438170,1967,271.8879823709003,144.83901660685933
1778438170,1968,237.86213593374515,128.75043268627493
1778438170,1969,456.3117320311142,261.68808818838534
1778438170,1970,666.918189932048,237.51158088426536
1778438170,1971,569.5095210211446,108.5406679322908
1778438170,1972,430.8725104859869,78.90789152349011
1778438170,1973,402.89212196439206,127.11390496388894
1778438170,1974,194.30082445710028,156.46061268552893
1778438170,1975,525.6812646970894,178.09157456415946
1778438170,1976,168.39912483440523,111.06229894462439
1778438170,1977,203.75457648205486,79.19577083858483
1778438170,1978,587.2099113953311,36.507896746932936
1778438170,1979,119.83993265311737,25.630551287190887
1778438170,1980,364.28552195508706,47.2929518007144
1778438170,1981,358.5842982236062,44.63710775949081
1778438170,1982,210.62059080985594,303.4180495134297
1778438170,1983,605.2460573356939,50.4539398634694
1778438170,1984,196.44392836657065,302.35786594775664
1778438170,1985,236.35479535149926,112.49655421919509
1778438170,1986,170.12668771601486,88.73665111182582
1778438170,1987,293.5607253748723,44.90340119623277
1778438170,1988,462.94377373763746,43.112591458725376
1778438170,1989,187.49346257442457,111.7546304220623
1778438170,1990,441.3091279410087,148.59242492229936
1778438170,1991,201.7573048577264,105.5427079319515
1778438170,1992,388.9930592741388,57.26129015680435
1778438170,1993,332.768751405583,169.82876191842942
1778438170,1994,338.97593821966007,66.17103627549974
1778438170,1995,280.4013920308375,110.48275643592038
1778438170,1996,374.7991072322302,58.96356188736459
1778438170,1997,339.1036932198591,107.3764393634963
1778438170,1998,670.3688326877223,157.9292897711023
1778438170,1999,333.79099075950495,92.26677491680407
1778438170,2000,502.69169699492284,260.553468734901
1778438170,2001,296.2380538903659,70.72109515142635
1778438170,2002,205.7113903465914,126.82397100367271
1778438170,2003,183.67871888328725,164.3716184224339
1778438170,2004,604.6383097053238,74.62334000203295
1778438170,2005,701.6188867654838,251.5610474471772
1778438170,2006,293.05580295246045,131.33172668605098
1778438170,2007,273.5453394879574,186.11802804403604
1778438170,2008,321.0580194150983,251.48049197770465
1778438170,2009,527.0900012557116,28.699364491160622
1778438170,2010,253.16964469015056,16.545533121089445
1778438170,2011,182.03378378872716,195.24612932059168
1778438170,2012,423.6608141270078,176.92794336406058
1778438170,2013,192.40953890472338,176.44536353361093
1778438170,2014,214.55213439878005,65.73379176947908
1778438170,2015,489.3606890145255,50.318258360946125
1778438170,2016,457.4766471487283,149.74664875876567
1778438170,2017,303.7769309576094,78.90097847241879
1778438170,2018,190.60204384989976,79.99650847725395
1778438170,2019,148.87639761958815,219.97384737569845
1778438170,2020,99.89756187260438,50.48823832813922
1778438170,2021,412.96812097720095,276.6056191407117
1778438170,2022,520.7264064938249,204.8031646144157
1778438170,2023,297.45740413977177,119.35554253667459
1778438170,2024,415.29565568431207,281.3291907761634
1778438170,2025,489.41993521542605,38.995357974662895
1778438170,2026,647.8374294160578,137.3488888718232
1778438170,2027,181.06984679052326,329.30074547761944
1778438170,2028,317.83727211058863,27.29081821536723
1778438170,2029,723.6551762856775,98.27852704555298
1778438170,2030,368.6348308691221,92.79871854087473
1778438170,2031,304.7363758122853,38.516632894507836
1778438170,2032,307.62877133462376,94.55709978246087
1778438170,2033,388.71082345906956,58.815688673359844
1778438170,2034,191.03063808465618,28.041690722775204
1778438170,2035,91.96712809909518,30.88449999310501
1778438170,2036,467.6081616643904,58.350452907297154
1778438170,2037,326.95783122445295,245.82202304454353
1778438170,2038,155.31448648867243,84.96932034880805
1778438170,2039,153.74350990355714,28.597541399290936
1778438170,2040,371.6104397408199,65.84790137058178
1778438170,2041,445.74313076386017,180.36697284458947
1778438170,2042,569.0672374986475,77.01966527237147
1778438170,2043,325.6533087399046,41.20460778331936
1778438170,2044,286.920350331623,115.88848473278654
1778438170,2045,250.71289812361007,82.74890615944659
1778438170,2046,154.78626997597107,182.2534236048391
1778438170,2047,673.8505310158852,268.7555762741016
1778438170,2048,253.95129550459444,167.97895834999542
1778438170,2049,475.3613412228703,109.28829326807453
1778438170,2050,481.53178256305176,210.35130229073826
1778438170,2051,723.451703878738,133.19276089301525
1778438170,2052,430.97798378420896,223.57200315696556
1778438170,2053,348.09704408288593,88.69664254564141
1778438170,2054,239.04545793206123,90.96925498164185
1778438170,2055,315.9324254234999,46.342244740552374
1778438170,2056,440.4605231600813,74.46695163375844
1778438170,2057,774.6186023879624,120.70913475804498
1778438170,2058,476.67821884323735,128.82988130543066
1778438170,2059,280.21094893651394,72.79350510767054
1778438170,2060,206.72078803811124,49.846825668338234
1778438170,2061,170.59856746400692,77.85596496735086
1778438170,2062,257.7886077359361,101.10909770805549
1778438170,2063,496.55748776736397,28.785818049564345
1778438170,2064,535.9517930204702,84.5447659139643
1778438170,2065,177.32406929438466,44.05907877903901
1778438170,2066,485.35228255658757,155.48400394383538
1778438170,2067,258.8324836219102,97.44097644593562
1778438170,2068,216.5826441794925,83.81899074490167
1778438170,2069,319.23997956587834,26.928418402542157
1778438170,2070,477.24379258648366,140.41682147959958
1778438170,2071,304.9245859757027,81.37698282722182
1778438170,2072,332.2525181129297,79.07573877911982
1778438170,2073,395.05054563897465,126.23455355690999
1778438170,2074,228.0446753158717,118.21452768013785
1778438170,2075,536.0273157147244,299.66578157972606
1778438170,2076,678.1706567372303,55.31935017017628
1778438170,2077,279.18505872285647,181.4105857615165
1778438170,2078,571.8828221553714,112.13931737384655
1778438170,2079,479.91863579974967,224.05770614999355
1778438170,2080,274.64084780278915,35.029748621891365
1778438170,2081,252.93901011634074,191.87474196621588
1778438170,2082,142.30757457123448,69.22504256392301
1778438170,2083,229.54419838147473,51.61498970417682
1778438170,2084,254.83616389432848,141.79308202449832
1778438170,2085,218.6615564111408,148.6303636107962
1778438170,2086,242.27739104213086,71.96406752612998
1778438170,2087,123.5589872609445,90.6817567365348
1778438170,2088,437.7028698363464,47.64024640715676
1778438170,2089,528.0897028934367,93.80524300040943
1778438170,2090,144.83896036930025,74.78525517926735
1778438170,2091,447.10564072641006,42.489962466225
1778438170,2092,215.66999665803957,150.86123731469945
1778438170,2093,138.88943789319285,146.26484791823123
1778438170,2094,387.3906615376973,139.81307172118917
1778438170,2095,384.0485144643401,263.8967170946551
1778438170,2096,756.5573518088595,244.85808062355073
1778438170,2097,256.4312525171091,282.3042312644873
1778438170,2098,275.50954099487785,71.70188061692896
1778438170,2099,412.64402216805934,63.34459497845149
1778438170,2100,293.6243025041724,47.41899517213985
1778438170,2101,578.6562231609887,84.26364748435986
1778438170,2102,190.34220855911627,133.75676120076275
1778438170,2103,346.20309996119107,76.2379805149799
1778438170,2104,410.79762506540493,141.8939277224615
1778438170,2105,387.4180176572792,207.9505242264691
1778438170,2106,547.4378609483338,27.057020800127223
1778438170,2107,389.28474878882645,131.2151526309994
1778438170,2108,584.4187743328318,159.61174921958198
1778438170,2109,344.4813216485928,92.78919474964462
1778438170,2110,231.25002821933563,124.05993876468109
1778438170,2111,245.76790904808186,47.58235697812655
1778438170,2112,492.537965713069,75.29079191753466
1778438170,2113,285.1287477505049,200.83172822839526
1778438170,2114,619.4255135381618,185.59658737985632
1778438170,2115,601.3746603184503,43.81898172355285
1778438170,2116,503.00659801499495,47.38899762696582
1778438170,2117,480.74478211929005,175.69219379701366
1778438170,2118,260.0597551823088,160.53247147110596
1778438170,2119,257.695520806056,191.54005688349918
1778438170,2120,300.5062752069619,57.044359286389664
1778438170,2121,207.9178293195764,44.945662031603206
1778438170,2122,298.6968309641801,72.04232834959059
1778438170,2123,107.30980978806849,25.19929686625451
1778438170,2124,114.71838537699719,46.757628900762086
1778438170,2125,307.48941190754584,55.4461418894319
1778438170,2126,185.66714835839127,263.6030421323095
1778438170,2127,462.80486713013363,209.53746644479102
1778438170,2128,518.1746626727016,264.6400556092032
1778438170,2129,335.736702571338,112.66491707499576
1778438170,2130,327.14078836597173,120.48258859343879
1778438170,2131,256.9267178688114,56.663415693036825
1778438170,2132,264.09833554051824,210.88574139849592
1778438170,2133,302.9872272211426,57.799706465554344
1778438170,2134,403.0509986641545,225.03244124341947
1778438170,2135,265.34494545028605,51.1980099529318
1778438170,2136,478.78218308979586,75.19606663238577
1778438170,2137,524.5309601268287,44.49273499666427
1778438170,2138,620.4034445696246,171.7433059585155
1778438170,2139,233.84603821641838,343.43192744118534
1778438170,2140,353.930829841515,73.03787299445906
1778438170,2141,280.9752187152034,116.79407330972602
1778438170,2142,586.5042720229573,55.15484079670079
1778438170,2143,119.92481418290487,45.0586332085792
1778438170,2144,516.3611155889856,153.8598791316568
1778438170,2145,197.49974681710742,331.87862695666695
1778438170,2146,302.24487643216094,93.11154620345593
1778438170,2147,241.18383254242795,88.47364760608109
1778438170,2148,566.365647865114,52.16144216173226
1778438170,2149,357.2952493815909,64.20831736551239
1778438170,2150,227.87743665902101,259.4077213071536
1778438170,2151,396.55823169840653,74.1622628103236
1778438170,2152,370.8840446734276,56.27746225579568
1778438170,2153,246.699999390506,63.7914216504438
1778438170,2154,172.19328656512087,55.7151866168974
1778438170,2155,409.6457447099117,93.9472639588806
1778438170,2156,208.49542983618588,75.73072350949212
1778438170,2157,290.4973086880542,133.16188045097007
1778438170,2158,205.48383782401928,62.33716338069194
1778438170,2159,495.08549427936543,77.7086860290341
1778438170,2160,130.57588854856084,62.4291263705245
1778438170,2161,347.3287461747975,50.57024163319669
1778438170,2162,376.8043311605377,91.91036689914934
1778438170,2163,93.65958793382701,93.14809048877731
1778438170,2164,375.8940797538629,50.20347909341268
1778438170,2165,538.9676173956094,122.94215519851636
1778438170,2166,461.7160369287749,236.31976337430947
1778438170,2167,186.46092959009113,62.048972955001034
1778438170,2168,296.06805749495544,131.65208308775055
1778438170,2169,174.59667369853295,109.85456543645407
1778438170,2170,532.9169695031478,49.09971375089026
1778438170,2171,468.0363796668129,158.59369170700626
1778438170,2172,297.7933592168579,72.8231935231818
1778438170,2173,186.99155994904217,224.2058280507756
1778438170,2174,153.35781839605255,28.582583250868034
1778438170,2175,172.16630568164575,83.94220242774686
1778438170,2176,624.3449669722908,60.64035570529222
1778438170,2177,187.3167194446211,141.7558747657666
1778438170,2178,217.9798861825382,80.03703249962777
1778438170,2179,264.21920500202265,215.80553951138498
1778438170,2180,160.3186186056763,50.62006054898707
1778438170,2181,702.720065294633,54.162893482451715
1778438170,2182,229.96439152379088,212.63987971813728
1778438170,2183,563.7196750029649,337.6644439782087
1778438170,2184,639.3690487570428,52.42917781855191
1778438170,2185,356.0869337701274,43.33407426530981
1778438170,2186,308.87513887782814,153.6565169828751
1778438170,2187,654.2615664038864,239.25665310922557
1778438170,2188,555.2717290235921,62.57014129042318
1778438170,2189,529.9018722012919,117.184356854482
1778438170,2190,234.4942528519241,174.74281274406457
1778438170,2191,249.21427034025433,29.03594596322432
1778438170,2192,262.5371524638563,78.12763950100356
1778438170,2193,632.8772072104944,271.1332620992824
1778438170,2194,258.23356203206396,25.17260777130476
1778438170,2195,537.7044531529857,63.680621948599565
1778438170,2196,610.9095027652395,60.567917256339754
1778438170,2197,629.0477814478337,171.739164820943
1778438170,2198,310.0381919485434,59.37988981162653
1778438170,2199,195.66732843062675,33.59635223934717
1778438170,2200,391.51118760654697,78.73954013280054
1778438170,2201,758.3986161354469,195.8910688010134
1778438170,2202,276.2054548588623,77.13587877452409
1778438170,2203,151.79426027331178,57.27522846478669
1778438170,2204,197.99387049580696,166.58416328731568
1778438170,2205,191.4673594255059,53.11621972841912
1778438170,2206,213.2996278879726,101.52200667098707
1778438170,2207,115.67605468839952,153.042973776913
1778438170,2208,181.05937249658146,233.6604521631693
1778438170,2209,357.09855526012825,192.49314876707766
1778438170,2210,200.0001090101047,39.48961790253011
1778438170,2211,196.24255537134115,25.538948989767245
1778438170,2212,465.6984744204367,55.800490743450595
1778438170,2213,549.2575254335567,272.19050919543497
1778438170,2214,319.15646312441385,73.7770311945732
1778438170,2215,586.6925764557608,136.46723528824256
1778438170,2216,102.99854399940574,55.429097256571275
1778438170,2217,169.99477061621957,154.03591265161634
1778438170,2218,210.91325383520365,71.43757791861755
1778438170,2219,783.3802088752977,69.5360817691381
1778438170,2220,618.5019901362134,61.54786502849309
1778438170,2221,496.1454598943188,175.09594006518353
1778438170,2222,165.59107099554342,34.31765278832741
1778438170,2223,396.9193075298358,75.17881215819206
1778438170,2224,466.69716232926186,100.31629039982724
1778438170,2225,384.79104915149236,22.36694908078117
1778438170,2226,316.850425017373,165.57652625701104
1778438170,2227,230.5148392765073,127.8211841038386
1778438170,2228,280.7323311810299,17.854111147410247
1778438170,2229,353.2496829412396,45.068656972375834
1778438170,2230,307.90891632055485,55.37710536973498
1778438170,2231,298.880002928029,52.33088183647356
1778438170,2232,379.1562862316341,48.29879147653295
1778438170,2233,681.0430422885063,66.73000128474119
1778438170,2234,128.1070714721442,34.813086957054814
1778438170,2235,475.0364570529895,324.18831104220817
1778438170,2236,721.1015273003312,68.51658867248956
1778438170,2237,531.7499098782042,74.5202628593565
1778438170,2238,432.1717676805269,153.04674957348044
1778438170,2239,143.95682434503786,76.42388494126025
1778438170,2240,256.61921571786417,97.0946322440432
1778438170,2241,617.981207340603,168.10352396525192
1778438170,2242,368.9190727627272,182.94275162561445
1778438170,2243,216.59341343761415,90.63194452024582
1778438170,2244,167.01939718373683,183.1923949394233
1778438170,2245,425.40639850188745,31.607079309099866
1778438170,2246,184.5323356413212,59.40892042403827
1778438170,2247,346.12034762540645,138.43346442326873
1778438170,2248,270.2367897897714,148.25370500275136
1778438170,2249,181.83958276113398,85.33561900756658
1778438170,2250,179.5183074703286,54.3276073610126
1778438170,2251,364.2836051856541,268.65756794439005
1778438170,2252,236.44126873561882,56.91509048970319
1778438170,2253,182.85768362194582,158.86976812771744
1778438170,2254,190.2648118115112,102.85247732372427
1778438170,2255,151.01132562290883,60.35157720894873
1778438170,2256,177.71652995281295,222.92233857213284
1778438170,2257,270.8779444818308,61.44331417078342
1778438170,2258,689.3589014769008,56.317497247758254
1778438170,2259,242.51527290212266,287.7365922762415
1778438170,2260,298.04541399564766,82.90328921138992
1778438170,2261,303.23427207644215,219.43170863345878
1778438170,2262,189.25116371004702,60.9495226064326
1778438170,2263,206.34532741769587,252.98455193643096
1778438170,2264,517.330025942669,38.74322761518512
1778438170,2265,227.0126870905822,53.1893399803107
1778438170,2266,486.6613565191429,260.7976260193556
1778438170,2267,430.7302327172059,67.74577265166494
1778438170,2268,163.33727318105767,163.9084930990691
1778438170,2269,640.077901846629,207.2219676548917
1778438170,2270,397.76690209668806,43.06494881060717
1778438170,2271,428.0963521694249,39.78069498733502
1778438170,2272,354.3136444715876,72.23374137061867
1778438170,2273,381.1112852970622,43.313663875119325
1778438170,2274,271.9989144852989,35.08379019506323
1778438170,2275,501.3457098622728,109.99233609099643
1778438170,2276,206.28794544220642,97.38422603612257
1778438170,2277,109.34494105375316,145.40978059395795
1778438170,2278,280.18435124170605,93.75843079527561
1778438170,2279,208.8820443802565,57.02057764201265
1778438170,2280,312.6662542736776,121.5638484833669
1778438170,2281,512.7334387966135,136.2751243074297
1778438170,2282,487.09670964691406,213.11554356839406
1778438170,2283,510.5015716205317,154.3515052747199
1778438170,2284,397.6780030720826,116.5787773981563
1778438170,2285,164.1943083974928,104.68211635720205
1778438170,2286,480.1369115962482,191.16933376016823
1778438170,2287,453.0131660332858,112.72454866323946
1778438170,2288,309.8625024432734,279.3664409744568
1778438170,2289,638.9762508389304,66.22267849456705
1778438170,2290,746.422027573878,231.3694778050144
1778438170,2291,143.87881950806013,51.45015964600499
1778438170,2292,231.13618805179254,72.75399657197909
1778438170,2293,226.99312110106433,96.08516388443454
1778438170,2294,247.64910633385762,155.60826817310362
1778438170,2295,251.0353972967526,260.61909761408
1778438170,2296,195.1864551827247,53.266896177873676
1778438170,2297,598.1551518012977,170.47340870594687
1778438170,2298,748.8392773963283,99.86568803862869
1778438170,2299,403.01044671028103,80.77841841570512
1778438170,2300,165.39156374309727,209.45714762207808
1778438170,2301,376.6415410440946,53.17683751667285
1778438170,2302,633.7280734391221,298.460595632893
1778438170,2303,160.7427395865493,22.14995442499911
1778438170,2304,292.02206293400275,53.06554945940759
1778438170,2305,388.30713308839495,267.1347523988639
1778438170,2306,101.46978173439999,118.42095474100512
1778438170,2307,656.1704496107267,46.65193636836967
1778438170,2308,418.51945107820313,53.54502854095749
1778438170,2309,349.0586466728787,294.58119482333456
1778438170,2310,145.36223300800324,150.3357864725819
1778438170,2311,399.78280959926167,55.25480370541027
1778438170,2312,491.8702561844459,41.55144531102382
1778438170,2313,371.9145688470324,152.26129606274404
1778438170,2314,597.9219471154604,42.87324071483355
1778438170,2315,490.66633208759356,77.87929879258986
1778438170,2316,190.36564903638666,44.42785141971594
1778438170,2317,244.5691617300684,27.996930134590713
1778438170,2318,79.44954389615634,19.201257864984413
1778438170,2319,280.2745033498625,174.53577225003383
1778438170,2320,649.3958171177393,273.11490892219376
1778438170,2321,284.6232224130601,135.79940770481392
1778438170,2322,355.7068524284004,143.19146240626074
1778438170,2323,193.00759599881914,83.8133335680048
1778438170,2324,569.0166751904003,46.265238292206874
1778438170,2325,192.9374335810409,37.51647804968075
1778438170,2326,305.90375236459937,35.28457375052268
1778438170,2327,435.40632977170566,301.28326892377265
1778438170,2328,132.05419675828608,23.16104769002055
1778438170,2329,549.1493575052725,111.94755218899103
1778438170,2330,423.0955120501963,144.2306465336445
1778438170,2331,370.06652480819827,87.85623986692919
1778438170,2332,531.9609653659402,76.11282397127394
1778438170,2333,327.173740703589,182.52204446739324
1778438170,2334,308.3705719380682,118.4462135655783
1778438170,2335,344.1046517434568,101.28861578836671
1778438170,2336,172.44877624765942,293.31569035526365
1778438170,2337,336.8490678722793,48.200775733760956
1778438170,2338,347.2030863532803,195.2743459922066
1778438170,2339,324.51403778466397,259.0269478795293
1778438170,2340,178.08099775099944,76.64070656376856
1778438170,2341,166.56335769997756,115.1508273376565
1778438170,2342,326.00738862934134,142.1419600678237
1778438170,2343,181.99546903802982,94.83837240177307
1778438170,2344,292.4732058248194,207.3124350414943
1778438170,2345,574.0666870675271,150.8242918592156
1778438170,2346,370.50604409228004,50.901114007606964
1778438170,2347,137.85706711839114,111.56991577320015
1778438170,2348,509.67882819114834,250.97183976379333
1778438170,2349,222.85920569833513,212.18208070439542
1778438170,2350,493.5573643793109,49.37719050787575
1778438170,2351,601.5269342491508,65.85932527641407
1778438170,2352,365.7291035813202,283.9594479751598
1778438170,2353,196.58305122039118,228.51408858105896
1778438170,2354,131.66182881738084,28.073401224178802
1778438170,2355,418.9096877815913,38.67971159289381
1778438170,2356,314.0089187508046,71.97022402314454
1778438170,2357,201.02587444634867,247.24624169384015
1778438170,2358,106.07419346408736,86.45595868926762
1778438170,2359,349.6639066891541,34.06438380230521
1778438170,2360,730.8083345876868,251.22651439329286
1778438170,2361,559.6699583530386,85.84795579178709
1778438170,2362,744.8112497488951,164.78933359930818
1778438170,2363,560.9661330101906,258.0596213287406
1778438170,2364,469.16806624515766,106.9970372878407
1778438170,2365,103.30268277091672,194.73739264457404
1778438170,2366,372.11405932415596,282.5394994482398
1778438170,2367,829.0639022084362,157.7224670095481
1778438170,2368,440.58598008005754,184.46719019591998
1778438170,2369,501.6393915067785,108.19104507196488
1778438170,2370,241.85695080808992,179.28043680734348
1778438170,2371,310.45906218151464,273.0103235909867
1778438170,2372,832.6091557808039,297.97478365080167
1778438170,2373,112.76531963593686,65.84782135790152
1778438170,2374,198.67020029608088,116.09304405238854
1778438170,2375,349.1712857443126,135.25041548015767
1778438170,2376,274.6883571104649,89.78246982713749
1778438170,2377,184.735144052295,76.31616334578466
1778438170,2378,325.8705703349873,242.69208276381787
1778438170,2379,200.64783905263857,207.39328133631486
1778438170,2380,520.4307478629902,306.4996977154728
1778438170,2381,353.19667456308673,101.08439862769785
1778438170,2382,264.4556515211138,85.54294868080333
1778438170,2383,99.39796900133526,37.152363820694745
1778438170,2384,187.93228359439095,99.76935942745658
1778438170,2385,495.26309049391875,95.77265249539722
1778438170,2386,262.9818052708867,76.56901233725144
1778438170,2387,680.7282107195908,273.29531998855714
1778438170,2388,602.8132274031616,59.5637677252625
1778438170,2389,238.9316579842557,252.25299451815076
1778438170,2390,168.27340435713447,38.8554322236743
1778438170,2391,432.27584079248004,77.36759436955084
1778438170,2392,136.04040112253045,135.89993717312973
1778438170,2393,440.66385773603946,330.41480117071166
1778438170,2394,264.9642063316276,65.49639628016644
1778438170,2395,596.6956877999908,256.1863085640384
1778438170,2396,430.247976893846,79.28864348629962
1778438170,2397,191.2229465096264,82.82645729154851
1778438170,2398,541.8313012226741,58.93839111645301
1778438170,2399,563.537935544989,72.30786816743876
1778438170,2400,310.83296144134476,35.70437074766136
1778438170,2401,432.48013302532706,150.9970375523949
1778438170,2402,340.9345502992816,49.65974016613163
1778438170,2403,113.08268156787139,36.621748240201335
1778438170,2404,446.00761516117075,203.76632089102796
1778438170,2405,253.7067302411456,143.9708785322202
1778438170,2406,202.5676217395779,143.97667428974424
1778438170,2407,378.9406215006845,52.040750808362255
1778438170,2408,518.8537287675172,259.7827303933803
1778438170,2409,383.18334733796223,293.1817524364276
1778438170,2410,222.62029692728686,112.83556561679796
1778438170,2411,317.4462000265406,32.34914009546807
1778438170,2412,335.8637416023294,67.17959354013786
1778438170,2413,461.6662799935239,70.99689317952874
1778438170,2414,569.4284195399354,121.78202287719981
1778438170,2415,213.76680745017634,121.37721690863289
1778438170,2416,377.189721093772,193.79258118970841
1778438170,2417,289.4028607316331,104.09773808060329
1778438170,2418,203.31944187875067,138.71920025881403
1778438170,2419,293.19264256750813,104.40926597650824
1778438170,2420,232.89038626249047,40.2026835278669
1778438170,2421,512.3831255902468,49.221752024762814
1778438170,2422,285.9613441104009,161.7410694161765
1778438170,2423,313.52917998281447,72.83217392803678
1778438170,2424,190.44526288969612,30.804130962674137
1778438170,2425,98.82913086934997,53.324796285659296
1778438170,2426,421.21513037079177,176.87378206088167
1778438170,2427,686.4295217285728,237.31731137257523
1778438170,2428,200.98435941973023,98.53233743161213
1778438170,2429,161.80223807869604,64.44912044337815
1778438170,2430,303.32472835026385,57.84926775129971
1778438170,2431,137.82258447006694,140.45917444861925
1778438170,2432,224.96000780734846,134.63430855995801
1778438170,2433,252.86535380867943,320.8043733737291
1778438170,2434,319.32201716186944,122.38636095654748
1778438170,2435,287.5056029976091,136.9226899751222
1778438170,2436,644.2649182894755,237.37631181087397
1778438170,2437,488.22040658182516,262.3120524359763
1778438170,2438,538.7756274562184,232.55255801825135
1778438170,2439,355.2153315580087,236.14845539610712
1778438170,2440,193.8473176282735,102.98836359683202
1778438170,2441,352.2765866876155,117.80287293946563
1778438170,2442,318.35987391839586,81.1965951053182
1778438170,2443,457.0124601850537,221.14849433839765
1778438170,2444,553.4467879001689,132.73299719805507
1778438170,2445,488.3054448917137,163.13279779459899
1778438170,2446,259.0359562558125,77.4353167373859
1778438170,2447,166.94134463440216,51.00838732358523
1778438170,2448,372.83563518448926,81.60634693585878
1778438170,2449,294.70366166689035,90.40872076483706
1778438170,2450,182.61524280286696,19.151052381896204
1778438170,2451,356.2562598893772,106.39643714232899
1778438170,2452,500.6848518362094,52.332212178847975
1778438170,2453,180.9172292702957,35.457722434408275
1778438170,2454,221.66953297193135,83.89776889990418
1778438170,2455,159.93170179068937,69.01835146919176
1778438170,2456,306.0832439215697,290.0528260005206
1778438170,2457,398.8914777783783,337.39455355858496
1778438170,2458,316.28354435980305,265.6175961415926
1778438170,2459,384.38085737668627,178.1185517971619
1778438170,2460,149.04294703433683,231.10075585511785
1778438170,2461,416.2569874945801,63.52371756486623
1778438170,2462,222.48973265195278,84.14567859714431
1778438170,2463,382.5361051103276,65.08819821728864
1778438170,2464,275.73056086883287,233.01594833254666
1778438170,2465,365.969748640252,42.14667701053931
1778438170,2466,484.02732549480146,218.95110864889637
1778438170,2467,346.3851852799703,160.04869497659098
1778438170,2468,372.00365770651564,186.91704885082532
1778438170,2469,367.4854812725614,88.2367557429294
1778438170,2470,254.64697749815724,182.25972328105496
1778438170,2471,492.3546174501566,92.59086355191451
1778438170,2472,200.34784750131155,201.6411790562849
1778438170,2473,245.3274463546235,226.02057907578913
1778438170,2474,341.3686589946623,59.09526362432215
1778438170,2475,376.8289590838917,183.5444848607983
1778438170,2476,411.25786712435655,85.27286671072385
1778438170,2477,318.23030624369943,258.54175718139476
1778438170,2478,346.5725191162231,148.82106184731288
1778438170,2479,739.2654340790519,54.750058544787436
1778438170,2480,325.6981798463366,180.81039571095403
1778438170,2481,328.92315344863925,70.39881859533645
1778438170,2482,455.4723569432398,53.474687477515616
1778438170,2483,358.4233073589863,75.84388871812754
1778438170,2484,254.98574497428646,103.92979678240953
1778438170,2485,531.5090291931932,302.0011409210615
1778438170,2486,255.89545378579942,152.90957489210783
1778438170,2487,328.9803596449366,254.94883389314927
1778438170,2488,380.8030988835044,183.57532664997515
1778438170,2489,538.9729438812001,94.19322280414146
1778438170,2490,262.30352831254794,230.70305247545494
1778438170,2491,605.0037742096681,185.2682897661275
1778438170,2492,270.3122374735897,39.59215832405209
1778438170,2493,728.0595901419086,259.75421823371966
1778438170,2494,326.8100297546671,93.99167456253348
1778438170,2495,133.25599153978538,314.4877876125222
1778438170,2496,154.52054871468897,120.06207350492734
1778438170,2497,320.7065445188574,58.62665647412854
1778438170,2498,413.3274124210668,248.16215408133812
1778438170,2499,336.3831301120807,86.44216544216633
1778438170,2500,538.4747825913814,93.87518590571744
1778438170,2501,198.31819987224927,42.02763852453528
1778438170,2502,316.53739378395267,298.5754519899563
1778438170,2503,163.30334807518508,94.26523050864947
1778438170,2504,224.35381299509692,44.505163685222264
1778438170,2505,217.66849918156362,104.42157512258949
1778438170,2506,336.32142696875337,338.1080564560401
1778438170,2507,196.87743370382884,310.33258677095057
1778438170,2508,171.47924643969793,44.759004562457015
1778438170,2509,398.7812151857249,29.873034878375964
1778438170,2510,121.6450572054145,251.46637440866883
1778438170,2511,282.79657426310877,167.81699042870315
1778438170,2512,310.8163973659317,221.8900538032385
1778438170,2513,313.9257032374269,43.31359292120321
1778438170,2514,253.23186069744315,187.88191516671517
1778438170,2515,369.5875647569845,81.48145225543124
1778438170,2516,630.9166979181758,141.04565764492546
1778438170,2517,465.1227887970703,77.39686834590775
1778438170,2518,468.1922382385841,292.4610800516822
1778438170,2519,203.38403847600708,254.46036637230185
1778438170,2520,264.6588884488749,92.67606367859457
1778438170,2521,140.3207450389024,43.241927794381446
1778438170,2522,171.83053784653882,203.71658651769678
1778438170,2523,655.2537871828107,268.5343843135147
1778438170,2524,263.17071262672175,215.6295495176469
1778438170,2525,155.241100497022,133.4760319205808
1778438170,2526,109.78637496174788,67.14514852848245
1778438170,2527,345.6684556900606,128.543114995277
1778438170,2528,365.1640260594197,144.68861484935883
1778438170,2529,348.33681841075105,175.29185950134593
1778438170,2530,638.6789815390035,92.90888060806239
1778438170,2531,99.4945188502446,60.134804186022315
1778438170,2532,333.7509274357349,299.44836374924745
1778438170,2533,430.48820448821766,266.33243941229375
1778438170,2534,361.51619658050913,203.8669521016208
1778438170,2535,258.39389514578124,125.06806480445998
1778438170,2536,164.92944940301442,142.4022064506143
1778438170,2537,199.986667389466,43.13894816502368
1778438170,2538,233.54795198057505,50.57709468276813
1778438170,2539,305.31518852204516,289.62318615181135
1778438170,2540,195.4477599730224,50.25344216126923
1778438170,2541,661.9191811780735,255.96967767123957
1778438170,2542,168.40793933343323,192.01957407727483
1778438170,2543,571.8650083866438,170.04593029834905
1778438170,2544,367.8078967351178,189.83227096294974
1778438170,2545,96.77130937586512,107.10052088050351
1778438170,2546,134.9494296168762,148.89167409199595
1778438170,2547,262.4493528507395,234.7083111834014
1778438170,2548,372.1862797261876,42.29643402770154
1778438170,2549,220.86148823154673,64.64927255856455
1778438170,2550,231.5586052858253,46.54522578362916
1778438170,2551,436.55644640921264,240.1244974422111
1778438170,2552,231.2013726079034,55.32494846421617
1778438170,2553,402.2635923716315,218.1957263741251
1778438170,2554,237.9027222972352,297.50570581607116
1778438170,2555,498.6521207872407,129.98232401400463
1778438170,2556,892.3403892496866,312.59192010765605
1778438170,2557,430.9799632003884,119.1707592636859
1778438170,2558,80.58914388961597,33.21369053497728
1778438170,2559,117.80113397703285,76.63512531114907
1778438170,2560,146.5489207414695,127.01392051991499
1778438170,2561,135.3201160913345,63.18106766819283
1778438170,2562,478.02758300520526,322.57501300001644
1778438170,2563,255.02234240378036,84.99112650457106
1778438170,2564,589.3424086316772,53.36385689952562
1778438170,2565,464.6240922418197,271.5059522258466
1778438170,2566,697.8608139382783,134.04612810072572
1778438170,2567,255.7156915846457,110.07882040661485
1778438170,2568,171.20565758952435,57.57712819614932
1778438170,2569,148.46413505940367,216.9032754223986
1778438170,2570,272.5413571150454,35.647686985173955
1778438170,2571,383.6076262836171,39.99019229736847
1778438170,2572,216.3147316003303,261.21275066838484
1778438170,2573,420.1808222572231,147.74388829950766
1778438170,2574,495.30825145327503,100.39338475011537
1778438170,2575,368.41852166842074,74.22413601647466
1778438170,2576,186.42399983062788,64.4019146812048
1778438170,2577,181.89337441579622,67.5877167575001
1778438170,2578,112.54958145171722,192.98740172001624
1778438170,2579,517.2365279181654,318.0928444374543
1778438170,2580,431.88474204292754,156.92955490924135
1778438170,2581,154.2983102728208,46.73762982447158
1778438170,2582,409.9141353245145,412.3596310408375
1778438170,2583,159.5476478903377,151.37855544166797
1778438170,2584,86.52998837192595,33.75694852925454
1778438170,2585,662.6219946932534,132.83348113402752
1778438170,2586,171.5064621667506,224.68631952022116
1778438170,2587,185.64316946885853,343.0011026765277
1778438170,2588,242.40268586662535,52.57817253088725
1778438170,2589,216.10204756043348,46.31969692490901
1778438170,2590,465.074919444754,253.14793986695108
1778438170,2591,365.5962631654893,216.21120174959913
1778438170,2592,657.0214377259822,202.4328108142065
1778438170,2593,442.0360820931959,215.8807899730141
1778438170,2594,208.36504943665736,160.36995504521502
1778438170,2595,239.62786606691768,181.09986498343022
1778438170,2596,474.6987711028049,37.30051801693952
1778438170,2597,283.31172999056,152.80247158937806
1778438170,2598,147.29014100437956,146.8406748112657
1778438170,2599,402.9989587124936,159.668609808745
1778438170,2600,466.7221869778386,284.23133496868707
1778438170,2601,369.83236855497506,47.676835296136844
1778438170,2602,534.087574795718,120.05629233457503
1778438170,2603,374.8641925881039,193.1499197442718
1778438170,2604,253.74537598243148,166.5454141015017
1778438170,2605,349.59905790783,72.39132904004126
1778438170,2606,600.0550472652073,154.32286887753858
1778438170,2607,191.64810259070236,123.70070894436775
1778438170,2608,312.56579078655653,41.231600777366516
1778438170,2609,509.5313066847311,70.15320294705788
1778438170,2610,276.05139451006863,78.60545161458305
1778438170,2611,135.39154343097232,27.216908900109132
1778438170,2612,289.29740219584613,120.78747438226127
1778438170,2613,272.1996758785573,248.1405739030297
1778438170,2614,326.12354335133324,263.1245594719992
1778438170,2615,505.0566593168415,45.88278632316711
1778438170,2616,248.05298527535862,49.62001789046818
1778438170,2617,481.1872573230961,174.57067426727474
1778438170,2618,342.2691797554541,42.02504020634477
1778438170,2619,263.00436102028175,38.75556620013755
1778438170,2620,352.11810915576353,224.8241415725969
1778438170,2621,285.3212400914311,52.3467046220065
1778438170,2622,155.5187933041709,264.833987820192
1778438170,2623,351.25993541247715,192.9187660958535
1778438170,2624,503.63286138974655,133.838337337083
1778438170,2625,323.4907899911797,33.62330058603658
1778438170,2626,120.3411240978809,242.63949877925228
1778438170,2627,126.46282397084416,67.44329702593194
1778438170,2628,208.61975899490994,76.43594130744457
1778438170,2629,177.0969489711057,133.7656664413518
1778438170,2630,143.28909630198473,275.9373448794512
1778438170,2631,348.0345422943563,129.25565348105198
1778438170,2632,319.057157033505,102.98139177493465
1778438170,2633,478.7918834444661,250.53316022139774
1778438170,2634,249.65293424645208,159.77622740198615
1778438170,2635,107.37414204665068,106.14934440288364
1778438170,2636,125.79781002766786,197.56606244878972
1778438170,2637,409.202408297408,158.52919250592126
1778438170,2638,495.4827050655813,131.48731848175848
1778438170,2639,454.7582341552079,340.58349504276185
1778438170,2640,291.2454659005225,207.0256982813009
1778438170,2641,230.68497926778582,47.67150827676176
1778438170,2642,131.3406562700662,31.2414745941982
1778438170,2643,306.35927545509065,56.725774881673516
1778438170,2644,364.2404321400128,40.273206182475384
1778438170,2645,326.3259429936621,252.86669578392548
1778438170,2646,405.69891783097705,188.2158874234414
1778438170,2647,364.2067458584044,65.40132918129507
1778438170,2648,579.97483449742,100.58709721943755
1778438170,2649,518.207989382426,32.57378626668415
1778438170,2650,528.3671302744737,90.53959502502703
1778438170,2651,334.0992309802875,146.88201854662478
1778438170,2652,98.27878262502185,144.71237084548738
1778438170,2653,420.6850963103735,247.10425719793656
1778438170,2654,543.515399599459,326.5554703308183
1778438170,2655,96.93120915853365,92.76964270962068
1778438170,2656,450.3062767429947,137.2482014303079
1778438170,2657,350.4402923203934,66.8509211705018
1778438170,2658,460.0564397153447,138.0028119020231
1778438170,2659,329.3841941771013,221.93814595951937
1778438170,2660,190.8693908526077,372.1398639077608
1778438170,2661,215.13260541424702,154.9533539346741
1778438170,2662,688.0657050100679,117.95937110318745
1778438170,2663,244.95246283011664,116.59953732647564
1778438170,2664,428.228118604017,203.105654610916
1778438170,2665,116.03323563087203,34.18821511019425
1778438170,2666,662.6437962563457,328.6792747083076
1778438170,2667,267.97935895651773,166.96371448343294
1778438170,2668,176.69318251599952,157.64922102648916
1778438170,2669,518.0553470866246,342.0103839625013
1778438170,2670,446.2873247279155,345.74914956168607
1778438170,2671,243.28017688121108,76.97929414287982
1778438170,2672,241.81564034114507,293.11445198338174
1778438170,2673,495.90672262396606,145.40828917039414
1778438170,2674,605.232358881347,90.70634803760528
1778438170,2675,168.7824386041313,52.97476316752636
1778438170,2676,380.45086211826134,89.99686467095962
1778438170,2677,365.66387140863145,258.84358542663773
1778438170,2678,95.22619987183447,43.38854242550855
1778438170,2679,131.48015117566263,230.73323219890008
1778438170,2680,552.0156788027007,33.929283344067834
1778438170,2681,483.0249589251409,321.7230654653462
1778438170,2682,389.57467583591625,391.06607654069967
1778438170,2683,515.4734699164878,184.6075574983881
1778438170,2684,378.1786125983107,41.433108929563026
1778438170,2685,257.52126620126216,110.41093943732008
1778438170,2686,297.7231802121135,83.32623455411806
1778438170,2687,600.10650597618,41.448692536535205
1778438170,2688,327.0488891093898,135.14392686874035
1778438170,2689,154.49218943061157,189.39156575356213
1778438170,2690,471.97677091103014,134.27516105271062
1778438170,2691,267.53096996206506,44.18218748520544
1778438170,2692,423.92984136299225,84.02585824993183
1778438170,2693,384.4586938082306,80.63909872498029
1778438170,2694,568.1116905900686,176.12682386510792
1778438170,2695,204.08410026851217,284.7508343263979
1778438170,2696,487.09052997903297,70.61330470205792
1778438170,2697,624.1702419184778,56.75355905904819
1778438170,2698,405.53284278292494,187.70293349275968
1778438170,2699,305.1034908402869,62.62219454917203
1778438170,2700,607.7943393832004,149.56711465133276
1778438170,2701,610.2141300463715,40.271816636795094
1778438170,2702,101.24044004480483,155.74761536157447
1778438170,2703,204.35299589224604,102.76092945818378
1778438170,2704,135.66390649848066,36.51954103045031
1778438170,2705,288.7259694289534,44.543885969375765
1778438170,2706,361.5423476399575,96.61838543750784
1778438170,2707,738.7636281843372,165.30233427336918
1778438170,2708,213.77862267902998,46.61436007652871
1778438170,2709,207.4005718824753,81.20558818562577
1778438170,2710,362.7324303409892,123.02173717579144
1778438170,2711,326.25928134926244,199.2052918273973
1778438170,2712,447.1355972758432,87.94720305900316
1778438170,2713,151.34424427359815,144.2121245866542
1778438170,2714,160.03477182732954,321.8157736484124
1778438170,2715,473.3639006710162,124.1314653547698
1778438170,2716,324.71077398136674,316.8511304372995
1778438170,2717,198.5160643326224,63.269822577499255
1778438170,2718,294.33058356490756,89.29116991141957
1778438170,2719,485.9362595512441,78.65136126721879
1778438170,2720,236.20662179531695,248.3430451621214
1778438170,2721,192.2755678813829,70.84426687273613
1778438170,2722,276.3919028734803,162.22367012219155
1778438170,2723,427.20143168751343,226.45301933679286
1778438170,2724,239.66510449881758,246.84486820723586
1778438170,2725,367.19712150795146,210.17693957615802
1778438170,2726,768.8523495301042,137.17044550921275
1778438170,2727,126.25985406986199,337.6768958374299
1778438170,2728,212.4262140987887,109.07005955932114
1778438170,2729,239.2448544863307,107.04921538028407
1778438170,2730,173.391168682046,27.55142614981174
1778438170,2731,180.74560646353214,136.9223401906593
1778438170,2732,418.59400023010653,170.83351485965954
1778438170,2733,226.22710199637953,118.05972747152728
1778438170,2734,345.86286946178467,244.0077621479525
1778438170,2735,366.92910039341405,203.40721094749284
1778438170,2736,108.00188471924419,40.21937970866914
1778438170,2737,141.34585554930175,252.74942992443252
1778438170,2738,225.25385807500143,32.85949265127494
1778438170,2739,235.61966737953412,349.20744905099787
1778438170,2740,454.58926100915494,74.59864481058077
1778438170,2741,125.45074072244645,205.07903789838818
1778438170,2742,444.02589454678264,47.27086373937365
1778438170,2743,138.93325798164759,79.22663435172993
1778438170,2744,191.8437972585578,175.7941307413659
1778438170,2745,285.1454011689825,153.42537594240284
1778438170,2746,347.30905673823753,50.118952485720236
1778438170,2747,531.9744608660202,200.5400061432243
1778438170,2748,295.65333188549045,281.6535311230927
1778438170,2749,303.7367041332418,173.57468046273974
1778438170,2750,148.24110959041036,138.3907896033923
1778438170,2751,644.6873992223452,232.82904118797052
1778438170,2752,310.03101300805645,259.3618858093989
1778438170,2753,169.31121921898554,79.4790243453468
1778438170,2754,400.8695105326162,29.015820570231558
1778438170,2755,262.75196646208775,30.448962749128356
1778438170,2756,184.42484451378056,244.90283886247752
1778438170,2757,286.1205787416488,45.41829488297088
1778438170,2758,153.64119345279462,130.98051771760868
1778438170,2759,180.0024041351077,53.09408395219327
1778438170,2760,351.4236098041242,41.92207418901616
1778438170,2761,135.00277755844525,356.15516231273483
1778438170,2762,217.66612440525628,202.65979638845403
1778438170,2763,140.02013215340273,236.24752883028788
1778438170,2764,368.1020697927607,92.7059319682618
1778438170,2765,431.9007207049912,144.963746681111
1778438170,2766,144.50509567751405,51.22598581498154
1778438170,2767,348.7132708300859,330.8542324976229
1778438170,2768,742.1956367765235,305.705892295455
1778438170,2769,370.83859146467574,120.29603694431995
1778438170,2770,116.10127917214463,19.733110508959147
1778438170,2771,247.50863050978188,77.7423377827907
1778438170,2772,238.9956596607492,104.73983846596613
1778438170,2773,463.838774900462,82.82347592929901
1778438170,2774,396.29662839302495,140.8817993165156
1778438170,2775,424.54395872480893,201.2053355582631
1778438170,2776,347.99163606398963,307.78906362724814
1778438170,2777,604.9519714714722,109.17886919401869
1778438170,2778,535.4849182757079,198.53315625258597
1778438170,2779,539.7345894484178,282.19376321183125
1778438170,2780,223.01008671266845,147.42487732874937
1778438170,2781,304.3764429339105,57.801668269988575
1778438170,2782,504.219102931519,180.93363286951023
1778438170,2783,367.381480087275,72.1995766657075
1778438170,2784,382.05299813514455,225.4641769957598
1778438170,2785,495.9582328643593,137.5773336997877
1778438170,2786,357.8743296337256,373.1461399243892
1778438170,2787,476.00013826196715,115.63737727290477
1778438170,2788,509.12338762659505,289.37060184807166
1778438170,2789,370.32708200543567,96.1690326283098
1778438170,2790,220.0551603713037,82.33783457555187
1778438170,2791,182.68681337096731,17.083081760164337
1778438170,2792,136.55061224864986,226.48243261868313
1778438170,2793,296.0668433705712,62.61247257781586
1778438170,2794,491.4257348687171,123.91125954123413
1778438170,2795,208.97179699458752,211.32600848064456
1778438170,2796,178.3285412096648,286.7019404464798
1778438170,2797,211.45383517412574,78.88514083296594
1778438170,2798,382.0537413523274,165.65457476850406
1778438170,2799,103.65205615683091,117.12331779838561
1778438170,2800,291.73535186688815,48.10649195561513
1778438170,2801,471.16798986337665,65.51491662509761
1778438170,2802,572.4164797510168,58.77768064423795
1778438170,2803,191.04176103707093,67.02438637648044
1778438170,2804,381.1425044588443,198.7965051143832
1778438170,2805,523.1549063251662,243.4623156705571
1778438170,2806,495.47373928793473,279.07028091439787
1778438170,2807,289.1895380646173,338.8980141016256
1778438170,2808,496.99212771285517,70.57790234925946
1778438170,2809,234.02068325829316,249.78945306563182
1778438170,2810,383.991922187744,286.4267861159868
1778438170,2811,118.20167891178615,147.69959250836664
1778438170,2812,265.0447578691078,311.43295999302154
1778438170,2813,712.5130860434864,277.081611407591
1778438170,2814,356.2563969754518,249.29248876180998
1778438170,2815,356.2228290273149,49.053142459677
1778438170,2816,248.0657137020583,67.35852721077207
1778438170,2817,228.98790589693112,241.71476458384544
1778438170,2818,247.9356788058475,169.30879255319854
1778438170,2819,343.04997170853534,218.65402525202225
1778438170,2820,264.7523182552783,65.44304394942336
1778438170,2821,162.57505871362477,61.3299820369873
1778438170,2822,400.02283185211024,319.3540941016049
1778438170,2823,147.26698445110128,66.24463614888002
1778438170,2824,745.6110223717725,101.85880946262775
1778438170,2825,524.4396036489929,109.36545729854193
1778438170,2826,121.2387436646559,41.552236001295405
1778438170,2827,232.5155365834423,136.81967793997947
1778438170,2828,484.85249646401905,253.6278020987285
1778438170,2829,162.43809988414554,293.9022088796607
1778438170,2830,447.22449208058987,199.7117039249956
1778438170,2831,461.99475383709853,164.53388068186885
1778438170,2832,255.72574264939323,193.34862202550534
1778438170,2833,584.3238483129691,131.2438980628097
1778438170,2834,603.7899606602275,97.56351808910283
1778438170,2835,641.6599927836637,207.44006994006455
1778438170,2836,259.17277944156746,257.9284978580162
1778438170,2837,447.6498292258132,268.95353622776435
1778438170,2838,178.08557546743626,321.2945827239191
1778438170,2839,358.8202907542248,326.756286669818
1778438170,2840,267.27121044499785,369.4892830659065
1778438170,2841,350.92798676706326,103.43129883481946
1778438170,2842,226.92523630832082,210.51908510576848
1778438170,2843,323.01425961398985,276.3844391653976
1778438170,2844,326.84130603150203,381.4528637051743
1778438170,2845,459.0851249209105,101.15130752318328
1778438170,2846,390.19306100933375,46.07867671067062
1778438170,2847,578.0289030673774,103.52509602204249
1778438170,2848,120.80507434875896,224.1158563196344
1778438170,2849,145.28969972597378,64.82717954302153
1778438170,2850,559.4181910391803,130.65629524796
1778438170,2851,515.7751135012232,120.42489842968074
1778438170,2852,576.1812573123113,65.85285507271098
1778438170,2853,222.736429398342,100.05189640988971
1778438170,2854,136.73254281035926,140.41689873869473
1778438170,2855,254.56027160203757,76.07154850099546
1778438170,2856,554.7106735138825,247.3341919597795
1778438170,2857,164.4927311943995,37.45549772441397
1778438170,2858,414.4615263415823,143.74946506182656
1778438170,2859,115.79864195112661,205.89315033792045
1778438170,2860,279.9510150220603,59.90870470945001
1778438170,2861,205.89067543424653,154.12555971345304
1778438170,2862,156.05101896683792,77.48503779590085
1778438170,2863,418.78089674529383,43.423423276312604
1778438170,2864,693.8171058536236,335.37512588978996
1778438170,2865,713.4314987873199,155.4576256000221
1778438170,2866,426.0979858811975,55.49683658262129
1778438170,2867,112.70673634830935,85.37989687102888
1778438170,2868,389.2233968939243,249.97522037082945
1778438170,2869,251.23256160861092,349.49709129982267
1778438170,2870,229.5290495672411,38.52078238784628
1778438170,2871,164.80825734032177,131.81155541735112
1778438170,2872,400.7979150321235,56.36074297287098
1778438170,2873,242.1944872502413,131.99164293224305
1778438170,2874,238.90256996082255,252.16081396240511
1778438170,2875,510.2840516854808,113.02640468887725
1778438170,2876,595.8431111769886,91.62504458148868
1778438170,2877,243.49140305293528,73.1871526905405
1778438170,2878,353.5776116818048,211.22634757586647
1778438170,2879,122.20443161608128,110.15410460173916
1778438170,2880,323.10600115540154,312.3176937442088
1778438170,2881,272.57532097660913,37.5678469272164
1778438170,2882,130.53992263147953,86.37731180101424
1778438170,2883,460.0136852367043,119.76277357325435
1778438170,2884,385.5647969729568,191.25007563196243
1778438170,2885,389.73130553956497,317.5885017777171
1778438170,2886,277.2182634076504,32.29050929316498
1778438170,2887,225.85038995291464,220.05914120490257
1778438170,2888,135.430497357112,40.57912781327934
1778438170,2889,352.07184444660993,34.736383319268015
1778438170,2890,138.7654282025562,142.25313547842933
1778438170,2891,222.94300588103204,281.4191190863926
1778438170,2892,466.67459929484346,51.30292759092117
1778438170,2893,263.79444889020306,32.32433042763602
1778438170,2894,723.8808513426093,295.66126092029634
1778438170,2895,82.6217921058239,49.2220307398566
1778438170,2896,457.06312518447,46.92140049448217
1778438170,2897,570.3402132138826,34.61160903981343
1778438170,2898,356.1389763379497,149.39327992625965
1778438170,2899,390.1723173051804,170.2859622270793
1778438170,2900,137.93697202117693,86.44624757066991
1778438170,2901,462.85654887291327,111.90631634796591
1778438170,2902,219.1529667535439,144.17449359569872
1778438170,2903,247.90863199489254,179.91242868951625
1778438170,2904,405.60935968950116,56.63108657201881
1778438170,2905,366.0477496747776,157.03582047109333
1778438170,2906,300.2376644066099,241.71974442231118
1778438170,2907,542.1955072543041,170.38708145874173
1778438170,2908,495.0573186367392,46.387922693542095
1778438170,2909,364.4765909119528,49.44040662743513
1778438170,2910,185.6844062881557,329.9998709673122
1778438170,2911,355.6722456333624,285.33414439355124
1778438170,2912,478.03434801989465,116.66539580098707
1778438170,2913,244.48244667718546,114.19215333119564
1778438170,2914,290.71391546897763,106.93234624404872
1778438170,2915,424.4515070342747,126.50456428407094
1778438170,2916,522.0088288931945,235.13102917532277
1778438170,2917,329.18536719029174,59.829657243623494
1778438170,2918,128.25217217918924,117.14365306027409
1778438170,2919,451.6668732320618,52.628079465637
1778438170,2920,188.9037079638357,27.690093418828454
1778438170,2921,213.16988134826627,149.34318180390983
1778438170,2922,257.1558301656469,341.14704202936764
1778438170,2923,159.78547395667704,167.34121370941267
1778438170,2924,291.2017519073006,69.89354326657849
1778438170,2925,531.7903791100255,116.0471899892508
1778438170,2926,258.26717698271335,50.704600025085355
1778438170,2927,397.7490391066102,36.76868874891252
1778438170,2928,411.48191551787136,245.6756293329456
1778438170,2929,197.59532149862565,257.77257174516325
1778438170,2930,255.8387985697989,246.5883534308251
1778438170,2931,237.33520206516303,251.26956369928325
1778438170,2932,595.9574326805739,133.05548324744086
1778438170,2933,137.5334279928073,147.99013474240112
1778438170,2934,411.17891479277984,35.327910252538935
1778438170,2935,123.94346077412754,188.8925763815971
1778438170,2936,647.2023108543672,215.52947157296944
1778438170,2937,377.85098505434814,134.24882000097364
1778438170,2938,410.7368628347602,30.104199767274014
1778438170,2939,411.1415758699536,50.73640658498826
1778438170,2940,513.6111342050195,73.81863196363607
1778438170,2941,247.84557235802527,297.7331948397918
1778438170,2942,218.80672723456888,27.43279791331191
1778438170,2943,130.60243199384982,50.860026068362004
1778438170,2944,314.3882649921627,146.40335360588318
1778438170,2945,244.0661032100668,268.1738139620668
1778438170,2946,228.06070412128616,224.33457702254273
1778438170,2947,179.2045928188224,182.97749071834255
1778438170,2948,205.09069213741572,33.688423959177285
1778438170,2949,444.8948460371475,105.76417179835923
1778438170,2950,536.29507400007,163.0869095989731
1778438170,2951,86.03294395703875,181.13938627661713
1778438170,2952,236.2559423643255,106.59937994840648
1778438170,2953,218.35720258596413,33.3383661164694
1778438170,2954,276.96868504361254,34.55342402183726
1778438170,2955,417.57600866149085,204.79437057782167
1778438170,2956,265.07459679321767,53.47942349612837
1778438170,2957,360.2556847195872,55.93459870934262
1778438170,2958,135.64555876330186,202.71427776641494
1778438170,2959,495.8829644016852,117.09299296116151
1778438170,2960,388.58600620614374,55.82445667145384
1778438170,2961,571.6378909212103,405.5920328060301
1778438170,2962,324.7538652441139,270.8509550557744
1778438170,2963,242.07269571202158,156.73090347435217
1778438170,2964,239.51841211857234,70.0922368945603
1778438170,2965,512.9128877889799,217.04223716310327
1778438170,2966,362.03076808767355,308.37229197701015
1778438170,2967,671.8804785105314,186.48652088633935
1778438170,2968,207.02986797528337,115.90232980438938
1778438170,2969,410.96073475978613,93.04163033497831
1778438170,2970,289.78381144565077,148.61438293062193
1778438170,2971,300.68721031850714,52.09886597594516
1778438170,2972,111.45398926853466,277.50742114696544
1778438170,2973,540.4998131909903,30.345098092267897
1778438170,2974,404.75964493765287,44.392047123339
1778438170,2975,269.66784507752203,51.73638569849236
1778438170,2976,270.1218565192225,43.219172018428935
1778438170,2977,380.9649239215016,102.5539193486619
1778438170,2978,103.4682641840335,29.361698545931308
1778438170,2979,388.5091918923776,204.76463208268262
1778438170,2980,1034.7177648762136,82.22506109921741
1778438170,2981,379.5725437768193,94.24516020375296
1778438170,2982,359.2833952771073,65.96729224393977
1778438170,2983,219.0203972577684,121.03543128022501
1778438170,2984,328.2066516352605,85.47096544246124
1778438170,2985,301.3344130557936,29.739901690859462
1778438170,2986,320.74164622740864,252.06108875462905
1778438170,2987,170.5479423056087,86.46306829438821
1778438170,2988,110.14146358547073,50.41341017801175
1778438170,2989,157.56300921912603,300.78410775986384
1778438170,2990,121.21133092428548,172.45142330070732
1778438170,2991,231.58550793859357,88.30362751092416
1778438170,2992,238.6660373782908,159.25895804037253
1778438170,2993,173.8795417802237,60.49121698915885
1778438170,2994,351.0320649912993,243.31571277005145
1778438170,2995,259.02513301663396,157.14380370230057
1778438170,2996,353.969443322538,61.62779852150422
1778438170,2997,202.34361382895884,243.87416150113935
1778438170,2998,515.1901684204003,42.53230640019354
1778438170,2999,426.9041417730835,58.98443195852844
1778438170,3000,177.4008428318953,49.70100298803053
1778438170,3001,748.3261415858466,175.87557930308878
1778438170,3002,332.9468547931713,291.8161261144977
1778438170,3003,202.38030420845837,257.614150502
1778438170,3004,338.221251099977,188.20699644059346
1778438170,3005,299.09584127213094,78.17629661429719
1778438170,3006,351.7734969923508,47.731015511818654
1778438170,3007,462.94128139620585,55.91162226914871
1778438170,3008,299.38122689783563,75.62420076968766
1778438170,3009,388.24314580384777,147.3938620129264
1778438170,3010,188.0074938534258,40.85645891680917
1778438170,3011,596.3358506118024,95.75382182358656
1778438170,3012,233.56101387699232,42.98303606543442
1778438170,3013,498.7996656279311,41.45305947780708
1778438170,3014,436.10534988028274,296.04061367570245
1778438170,3015,283.72610558282634,88.18339878436454
1778438170,3016,178.98337923568317,106.80298408850918
1778438170,3017,193.7686393303659,334.72635904132255
1778438170,3018,320.74669305423475,101.76463839913936
1778438170,3019,528.0157517894019,113.90942797639089
1778438170,3020,541.6286008326613,205.91480150573585
1778438170,3021,357.8259310104183,96.74940541474743
1778438170,3022,275.44861316582194,188.5371308132467
1778438170,3023,447.11818585298425,157.79844304849718
1778438170,3024,197.3089221703832,284.1607691569443
1778438170,3025,445.929025806328,147.51575471089131
1778438170,3026,584.1455438373805,137.24606103986173
1778438170,3027,283.79852127584036,342.9604898160515
1778438170,3028,568.4684993953117,120.04784612137857
1778438170,3029,425.83334601336156,297.85050005891287
1778438170,3030,310.93640938583934,49.85089972322579
1778438170,3031,406.2960647549991,129.10582317138133
1778438170,3032,396.66749567471885,46.72439402480017
1778438170,3033,98.74206508214603,43.57880972071616
1778438170,3034,202.37058279047196,60.45717969204599
1778438170,3035,752.6110943459058,176.66251813664496
1778438170,3036,326.6618283587208,264.21540952239286
1778438170,3037,214.38279939950266,112.78640129331062
1778438170,3038,369.40010509959154,127.21652738494865
1778438170,3039,408.5896962076872,57.106992553082
1778438170,3040,246.52909576131137,65.36192240720047
1778438170,3041,320.4600746450049,77.81105592953382
1778438170,3042,820.5701301068794,64.72466300126912
1778438170,3043,193.35246582679338,93.61791342757593
1778438170,3044,151.17356112277915,171.97997558164892
1778438170,3045,136.82821752114202,73.09435812218348
1778438170,3046,212.81470406521558,52.641404414269275
1778438170,3047,207.131743233547,325.07796827414785
1778438170,3048,405.12163274728147,36.98546060049601
1778438170,3049,384.02118082044245,148.53234781421978
1778438170,3050,412.3648368948855,102.08473051751727
1778438170,3051,173.06528763718904,99.01268511545057
1778438170,3052,169.46165775613673,150.33891769917142
1778438170,3053,306.62399219202746,114.65451478988365
1778438170,3054,345.2068128919465,261.25779086428844
1778438170,3055,721.4232989961987,91.7862048920915
1778438170,3056,136.69115574363053,41.43875209906404
1778438170,3057,376.1440697063254,151.52693129385594
1778438170,3058,193.82808353257948,78.52326256961294
1778438170,3059,127.77103218067235,58.31713236636945
1778438170,3060,335.6718791838153,111.88841550462698
1778438170,3061,187.2476555509744,63.301935039674326
1778438170,3062,174.36695960668985,200.40407332546837
1778438170,3063,320.4720710822903,206.80037841685618
1778438170,3064,166.07748426163462,121.17641745152076
1778438170,3065,474.8026634626445,186.35078860215054
1778438170,3066,295.2791579425731,263.3056305131908
1778438170,3067,205.98620230717785,78.49325164400021
1778438170,3068,476.6505827471696,65.44927697101548
1778438170,3069,306.7645321621411,70.83725957785312
1778438170,3070,300.894058347768,167.36136551911136
1778438170,3071,317.41896169077586,193.78315633958826
1778438170,3072,477.52576901014714,162.95951600993632
1778438170,3073,244.1741888959686,140.49022861822405
1778438170,3074,289.64655475836173,114.03728066869326
1778438170,3075,235.48243251305823,27.57486076382176
1778438170,3076,727.5353431071154,72.38222747034459
1778438170,3077,695.4633269281439,109.05728208435411
1778438170,3078,322.30161389799747,213.1224095084805
1778438170,3079,308.96345499291755,176.31703865891154
1778438170,3080,209.09131108757012,174.9961268226359
1778438170,3081,143.14262383205917,138.36969301494221
1778438170,3082,330.20601818379384,166.91511511205113
1778438170,3083,226.33576566995418,72.87405707243317
1778438170,3084,358.7132330411618,46.060842697618
1778438170,3085,164.16785766446947,61.21362529300581
1778438170,3086,193.10194134679872,150.148818275165
1778438170,3087,176.24225406715365,224.46391118534427
1778438170,3088,433.94082077228535,262.2704686043549
1778438170,3089,278.1833668510002,259.41718391832336
1778438170,3090,417.4177617978674,191.28081301100912
1778438170,3091,170.97729530823645,56.3646862164407
1778438170,3092,342.65169276075034,53.76549936532099
1778438170,3093,155.95045573340795,50.73852242090682
1778438170,3094,359.304525886326,74.39963791953055
1778438170,3095,384.75104776357847,97.11355649543528
1778438170,3096,548.5833078890739,123.66558497771682
1778438170,3097,716.1641462144806,280.7888798091129
1778438170,3098,387.3024129018445,251.18592497784553
1778438170,3099,367.78504488605137,194.23434713152193
1778438170,3100,305.2585187144019,104.56637999895852
1778438170,3101,232.4237902130207,46.60086765669401
1778438170,3102,742.0730907630813,93.38581269174986
1778438170,3103,161.30405115027946,116.01826391269628
1778438170,3104,230.31496835902044,46.4408070631964
1778438170,3105,337.2035823079158,158.5625342359207
1778438170,3106,332.3444772342151,318.0572733806426
1778438170,3107,440.8209673243564,255.14015323281188
1778438170,3108,404.7276462814318,71.50510476340091
1778438170,3109,290.36394623964077,222.31311038638904
1778438170,3110,119.62537724346357,107.99972311680116
1778438170,3111,450.61361210368403,116.25581179119345
1778438170,3112,613.1541304714534,50.28648759945018
1778438170,3113,488.2415852158071,311.3033784112559
1778438170,3114,547.997005634232,55.23618061329776
1778438170,3115,212.8312531863367,71.2592685121604
1778438170,3116,222.711120377185,132.21378611147153
1778438170,3117,258.0154526097484,303.0521900189693
1778438170,3118,316.5967384179234,161.14749005135923
1778438170,3119,373.4147028412484,217.90983260428234
1778438170,3120,275.31806508730944,33.670231934728555
1778438170,3121,314.38363865788494,97.54487863998418
1778438170,3122,291.91565364727313,133.45573355589943
1778438170,3123,124.45410982192912,63.97118647348307
1778438170,3124,401.3875010649045,106.50149176511565
1778438170,3125,519.922928909,104.85082485992714
1778438170,3126,155.9280741352611,68.56268696444934
1778438170,3127,303.86833685311217,92.59901293466216
1778438170,3128,510.0710334937566,166.58814946949744
1778438170,3129,187.02804309278494,136.03062007744086
1778438170,3130,379.16972132455976,52.51503374233397
1778438170,3131,424.53147353242576,79.80469945809475
1778438170,3132,528.0175377106063,64.92069306120709
1778438170,3133,252.83832169954684,152.31046995145593
1778438170,3134,238.12367260932564,101.09295127152927
1778438170,3135,154.3553051394584,85.89684741503194
1778438170,3136,422.08797582304106,252.62764646893544
1778438170,3137,413.0361385599211,236.76892653295766
1778438170,3138,220.83402779122534,70.3156280497495
1778438170,3139,550.6648694443542,99.56161658385726
1778438170,3140,330.25824425058823,134.31223443147388
1778438170,3141,169.85438372725616,42.62784489559182
1778438170,3142,416.1832889635848,214.3327497277874
1778438170,3143,275.5079980381713,89.72782390782783
1778438170,3144,517.0598844279814,132.53295188018743
1778438170,3145,323.8389056571196,241.84912822242455
1778438170,3146,626.180809634936,50.4418142195463
1778438170,3147,306.7994748029068,130.21226948139997
1778438170,3148,457.32400411846857,58.37604453288238
1778438170,3149,261.74711174943843,281.7097196012014
1778438170,3150,311.8514910603746,36.575962218491085
1778438170,3151,134.9997929714938,229.61683640938358
1778438170,3152,169.3318748013737,32.002016056909234
1778438170,3153,326.7826516522331,102.61379544008098
1778438170,3154,377.8461380817656,24.014412434560963
1778438170,3155,149.93174083024957,80.9848490074811
1778438170,3156,319.4376998269384,59.98440029696809
1778438170,3157,469.2866532768058,169.0826970378873
1778438170,3158,676.5393273281105,66.68505205705878
1778438170,3159,200.46777830408075,131.30244116769515
1778438170,3160,480.3846232844733,116.13092215493384
1778438170,3161,306.80043740226427,116.67715764727438
1778438170,3162,381.6807083524323,277.0989208992581
1778438170,3163,372.6508375858374,158.66435399695658
1778438170,3164,480.33920122489195,58.61130453295588
1778438170,3165,459.275805822354,27.665599731212165
1778438170,3166,565.0665148787291,40.46310322001086
1778438170,3167,293.69521945265933,259.1839968085225
1778438170,3168,266.27611911297424,61.43740939527973
1778438170,3169,181.90534486027045,32.61966426074615
1778438170,3170,250.7947039846692,265.3610201606378
1778438170,3171,381.20092998211464,109.05964283958183
1778438170,3172,273.82459368067344,121.01598588290301
1778438170,3173,374.8620602242818,252.79141354933157
1778438170,3174,292.28075882865363,63.26652975844224
1778438170,3175,378.3082537626034,224.25162359506413
1778438170,3176,380.74647410287633,40.156120615542534
1778438170,3177,303.07291476440906,299.4775693450026
1778438170,3178,335.71654368124337,85.31671204896028
1778438170,3179,187.95208911025736,76.93610565887076
1778438170,3180,396.9671606400445,216.88856129167047
1778438170,3181,289.01919580908236,176.67739788026734
1778438170,3182,378.51222800614056,63.62309639082036
1778438170,3183,370.2409498895792,40.124167166601964
1778438170,3184,183.1152399218649,46.90753766104935
1778438170,3185,342.9192128289993,319.74975979575265
1778438170,3186,235.9430602984329,90.84090765208165
1778438170,3187,207.68875151728895,266.67310757752927
1778438170,3188,567.8796545950667,323.12981685431583
1778438170,3189,133.62290025912944,64.58440958354781
1778438170,3190,263.808212566633,200.50732392769788
1778438170,3191,457.60567669070133,64.96281466959778
1778438170,3192,369.1808220940467,138.37625364382157
1778438170,3193,601.7298979765268,271.1731529118345
1778438170,3194,259.53379144673534,125.24578727220192
1778438170,3195,357.0574625240583,47.72193688418732
1778438170,3196,121.20273145915384,257.4626522610746
1778438170,3197,226.21920524493495,55.756177407564714
1778438170,3198,581.9642547010898,279.46811808133504
1778438170,3199,430.08460046832664,42.17202202275472
1778438170,3200,136.3466654134389,274.576270824098
1778438170,3201,277.39212230410476,82.20075206671643
1778438170,3202,378.22401568086343,85.42903621748108
1778438170,3203,337.4744564395941,79.19637587758527
1778438170,3204,339.80714053788483,156.4565112554805
1778438170,3205,183.7048040481985,77.49853751249229
1778438170,3206,339.6882780361974,291.57390794812926
1778438170,3207,144.37025676325803,65.01279168323508
1778438170,3208,351.947600445939,175.8380221141566
1778438170,3209,260.90894452695244,72.69657865341925
1778438170,3210,582.6289457987178,112.40407850724725
1778438170,3211,524.0441553113595,48.36404109412919
1778438170,3212,121.03517548790215,23.38218109470631
1778438170,3213,486.91153696405826,322.4124747157719
1778438170,3214,615.3894053516397,96.65744331096003
1778438170,3215,444.5807223751097,147.45681502268124
1778438170,3216,231.52927338871007,46.91604950477095
1778438170,3217,180.21706928487745,88.40967846533408
1778438170,3218,598.714479411221,69.43518794029437
1778438170,3219,135.63943036777718,43.86048734186281
1778438170,3220,436.11941394308667,38.99434732256028
1778438170,3221,149.28368844457802,53.020188641101115
1778438170,3222,380.1308153267168,169.5228096121683
1778438170,3223,297.2162522240294,148.56899338382004
1778438170,3224,188.61160067221078,39.47032496578067
1778438170,3225,223.59500532751926,63.225359706105365
1778438170,3226,317.423789281988,219.65242677565078
1778438170,3227,224.45824104547236,29.124457835038832
1778438170,3228,455.59247961661555,188.96021213694627
1778438170,3229,506.474476212849,189.47095991822118
1778438170,3230,183.02305446585996,101.58356106583847
1778438170,3231,197.84061140162845,142.64475829511784
1778438170,3232,232.59858508192116,86.99219907882491
1778438170,3233,249.51326557888876,120.83556129281833
1778438170,3234,79.56897456880117,29.652887083489162
1778438170,3235,259.74871475077236,271.11294229812535
1778438170,3236,561.9817463229289,222.89134829480378
1778438170,3237,149.44590123172475,125.7866541067007
1778438170,3238,546.793649973671,48.31641536877827
1778438170,3239,219.23900554323518,107.637478375966
1778438170,3240,136.33527157150803,67.17115937069133
1778438170,3241,86.95356182867135,59.49543865617424
1778438170,3242,703.9074848102905,56.96707774050433
1778438170,3243,348.41731368959995,61.92807630537742
1778438170,3244,352.8746254145954,105.7234064252737
1778438170,3245,367.6275258701068,75.99085197733085
1778438170,3246,203.55414146992092,138.61047588336461
1778438170,3247,450.18719585555885,67.24382822388426
1778438170,3248,150.34286397693668,128.82175565666967
1778438170,3249,400.51039326110737,21.49387035196639
1778438170,3250,145.00975282380196,80.46486445741418
1778438170,3251,286.26576355126514,64.58467446231433
1778438170,3252,359.51849824407816,141.95435218223426
1778438170,3253,399.31603057494414,81.89210981466027
1778438170,3254,415.22161817115875,40.658193615790346
1778438170,3255,83.8882490776695,74.34013653627552
1778438170,3256,383.59959467461783,61.1951325491402
1778438170,3257,465.0757004622677,144.19382918904847
1778438170,3258,419.9605351547306,112.10216465969496
1778438170,3259,137.05944757127082,83.16950545977166
1778438170,3260,211.30186615588443,55.35037047779839
1778438170,3261,441.7853109277173,286.99660004093926
1778438170,3262,237.72143939771297,26.700869452066907
1778438170,3263,709.7592903013365,187.07414421021724
1778438170,3264,331.36220820718245,125.04738524517477
1778438170,3265,168.16354969051994,76.91040390983346
1778438170,3266,177.48797268016256,194.41878824088388
1778438170,3267,221.26972965663313,133.46206327039798
1778438170,3268,620.9740327330087,108.60066154047145
1778438170,3269,267.8900922687537,65.1958829787243
1778438170,3270,290.9391527278667,63.67668590209753
1778438170,3271,562.511352029949,48.07125111112843
1778438170,3272,240.5098783659079,44.410265648424016
1778438170,3273,360.8521178849154,63.48128763292485
1778438170,3274,282.8447407624614,240.05744224117237
1778438170,3275,561.2396571862655,243.62562819234182
1778438170,3276,90.5504342883265,63.171703919779155
1778438170,3277,462.69116714626915,92.83860567766389
1778438170,3278,220.69704159896835,42.281619637911746
1778438170,3279,409.7337427345076,101.90721791992247
1778438170,3280,254.25544460009723,194.26306336879858
1778438170,3281,411.795651792164,33.63797307820029
1778438170,3282,406.3558812040347,65.44311741492952
1778438170,3283,367.0694861632592,50.916421583477245
1778438170,3284,403.6131733228532,66.87532994272182
1778438170,3285,125.88726214502024,42.50793828845083
1778438170,3286,381.74506749470464,79.25456256182834
1778438170,3287,163.21249934809475,149.71278281873026
1778438170,3288,94.21163603566784,49.975842014340124
1778438170,3289,271.82158778831007,75.66139957058436
1778438170,3290,97.72790179174665,30.012450720406093
1778438170,3291,464.9145286830729,45.92038018384099
1778438170,3292,81.09043255985463,33.16336356339921
1778438170,3293,257.66946342281875,81.09539636605385
1778438170,3294,302.89964585637784,59.79037012263924
1778438170,3295,231.49451077779548,98.34711842731448
1778438170,3296,327.0788415381335,166.79560870170667
1778438170,3297,190.40571499632216,117.30915689133397
1778438170,3298,177.33927770703505,71.95302482590297
1778438170,3299,99.55377556507513,26.288040829182233
1778438170,3300,142.21942372913315,50.39660551808444
1778438170,3301,294.4176304263787,87.36847217296365
1778438170,3302,95.87702248503753,48.04987300659512
1778438170,3303,306.3316115778464,289.45126297960036
1778438170,3304,275.5870046360308,36.84865234348774
1778438170,3305,602.3622387843191,248.03696895357513
1778438170,3306,348.42059207161515,40.141119949309406
1778438170,3307,455.4811785651899,80.97705762444416
1778438170,3308,281.1419395240314,180.12795585139057
1778438170,3309,313.0128100247448,89.5003385529285
1778438170,3310,395.6369421350006,42.84323420921893
1778438170,3311,515.6791080045756,131.29956674636205
1778438170,3312,588.9484155297931,33.51833427248359
1778438170,3313,305.0528165822727,85.2180027485984
1778438170,3314,417.40717601833296,123.55311561751199
1778438170,3315,422.0083011975748,39.51751265388822
1778438170,3316,368.31309221309425,158.07650382299175
1778438170,3317,477.3504961722481,84.32956753269318
1778438170,3318,540.3334817605087,37.393897646304794
1778438170,3319,426.19660693062445,98.57826913985234
1778438170,3320,254.50635817381698,88.25480525448374
1778438170,3321,647.2920391154095,176.94467965535404
1778438170,3322,374.3927257828336,42.064838441553775
1778438170,3323,354.01173964993444,42.12680102028078
1778438170,3324,106.22926934990345,18.399688323675125
1778438170,3325,439.0131300522762,75.86096598661717
1778438170,3326,456.8487400642052,118.443995143724
1778438170,3327,228.14042831690992,103.62778582767308
1778438170,3328,650.4319824105062,101.78861324361846
1778438170,3329,738.6825527922778,117.45847662323717
1778438170,3330,403.402115323804,46.212990803841656
1778438170,3331,707.3114443844214,135.3019604619304
1778438170,3332,94.97554134574713,56.304357023066984
1778438170,3333,415.48448150381483,90.49071035372225
1778438170,3334,339.20662387735564,155.1726007636947
1778438170,3335,210.99481203879924,32.494219213836665
1778438170,3336,669.6395683801917,54.76601568615324
1778438170,3337,262.92164624308697,100.67961424719944
1778438170,3338,600.4100276741373,108.45307952870581
1778438170,3339,409.7248348534165,46.45827099343705
1778438170,3340,312.6607094982109,317.6166011862903
1778438170,3341,532.0856119080821,124.50588020047626
1778438170,3342,388.4435840810547,268.94157140579347
1778438170,3343,445.70822697099914,147.4085612921225
1778438170,3344,728.3054918538356,256.0537146994313
1778438170,3345,366.4147042165013,43.93399680999106
1778438170,3346,514.5039466622908,140.01252488422418
1778438170,3347,264.591906560795,178.45035281652054
1778438170,3348,400.8038377251002,73.41118834187246
1778438170,3349,329.35397963839335,115.88692072552412
1778438170,3350,280.28659345918373,62.90028890762779
1778438170,3351,553.7370730306118,179.30069497400774
1778438170,3352,719.4561998346194,97.44323736700018
1778438170,3353,341.72864464471496,221.0024036404926
1778438170,3354,174.31106868813822,58.04554500741742
1778438170,3355,537.0260823346439,29.648716734875475
1778438170,3356,458.25682231212994,273.345929346358
1778438170,3357,454.29039591424834,68.609421922511
1778438170,3358,204.3683888905136,59.160431509851286
1778438170,3359,456.9859967776252,36.16373945433308
1778438170,3360,468.86736759702694,176.53968731160018
1778438170,3361,314.65173612501474,90.08474176521192
1778438170,3362,277.92733525443924,84.05896588468325
1778438170,3363,180.6308050888795,122.11408198946245
1778438170,3364,180.2090511021837,58.762858107472134
1778438170,3365,180.61166670364895,62.76120128203783
1778438170,3366,395.63859851456766,283.7903898059305
1778438170,3367,301.1877754159245,146.16319523000004
1778438170,3368,623.2521621514007,254.43662354864054
1778438170,3369,205.93858502732857,102.65335288913215
1778438170,3370,327.2614031951307,201.43878505127074
1778438170,3371,232.59059329400918,56.0241757359477
1778438170,3372,194.48130064577634,136.37175081274316
1778438170,3373,532.5414826072083,169.35551453319556
1778438170,3374,612.699996381467,122.51680147029867
1778438170,3375,249.60363233524595,87.47177820918846
1778438170,3376,541.5816188313843,75.4718001022744
1778438170,3377,263.90581105812305,156.18447358710205
1778438170,3378,553.6214881732207,53.69876653283288
1778438170,3379,352.57328431936446,71.13256058867417
1778438170,3380,605.9509720340541,64.00097821383746
1778438170,3381,320.4350287146416,85.91772653402951
1778438170,3382,400.6670532159178,79.98870120568208
1778438170,3383,275.9971449298172,137.8101676677647
1778438170,3384,420.99324806158563,95.60836442755188
1778438170,3385,407.44316005989214,45.16061421376983
1778438170,3386,378.04809908611566,30.054136462441257
1778438170,3387,964.580135479873,277.55859715170413
1778438170,3388,277.8693875116929,151.39518825094072
1778438170,3389,115.35353423749493,17.547513763449288
1778438170,3390,298.7585895708666,209.09297722666471
1778438170,3391,127.85804213091396,186.95103308749606
1778438170,3392,420.4362024833612,112.72632324510339
1778438170,3393,415.2548485927587,186.70718661255512
1778438170,3394,129.33864044282544,52.367224802771744
1778438170,3395,409.49225745459773,278.8926228415394
1778438170,3396,80.55054343131147,25.837222382108745
1778438170,3397,224.0441341974317,231.42628200516768
1778438170,3398,295.63305853921383,48.24124587536669
1778438170,3399,351.18969320790467,54.16175702533138
1778438170,3400,440.89952403970045,115.92467991079775
1778438170,3401,214.27781632157107,128.71978243057697
1778438170,3402,660.6236352988684,60.04190323618486
1778438170,3403,271.8038437365411,153.19465400384883
1778438170,3404,398.5936586106996,89.38707876143347
1778438170,3405,196.39624549757667,39.011479439521345
1778438170,3406,180.35653875037815,171.144784241961
1778438170,3407,432.8729483358069,42.40197656338367
1778438170,3408,465.44706908179876,218.93776799170146
1778438170,3409,307.165202103268,252.65165036804373
1778438170,3410,522.6884409434048,33.28069953865224
1778438170,3411,466.88440650651347,275.3417867289081
1778438170,3412,352.1542302594169,31.61964319848498
1778438170,3413,447.4044702671398,66.01786937786
1778438170,3414,175.44671526451907,109.32610647157361
1778438170,3415,321.1237534905542,87.5016358390629
1778438170,3416,171.2473240301286,37.12366790257431
1778438170,3417,375.8799734436691,46.894812157320416
1778438170,3418,366.9859562925118,170.9206714780526
1778438170,3419,155.17834421440875,123.9794151493344
1778438170,3420,360.8863629437853,71.46478816027012
1778438170,3421,346.9336326798599,102.3733885139896
1778438170,3422,441.44199476964724,213.85884832224158
1778438170,3423,255.2058579798298,92.92955348216053
1778438170,3424,143.22323375224576,78.64492926496104
1778438170,3425,238.4095023618879,52.835920172988224
1778438170,3426,562.6438069664599,109.82670673348548
1778438170,3427,349.2611190874041,89.85527070953297
1778438170,3428,202.21547535263258,76.96108493766015
1778438170,3429,352.10830216368186,58.0591760084764
1778438170,3430,343.0614435855789,105.32266480508508
1778438170,3431,453.5018534947756,143.0917479983305
1778438170,3432,363.22683065006504,136.78670676476793
1778438170,3433,156.95958974253026,35.922841477560745
1778438170,3434,265.6845847917162,67.85927250985287
1778438170,3435,218.4823113440637,199.35453203749094
1778438170,3436,432.61197663498774,148.71709844643323
1778438170,3437,270.19335315144076,113.40419847973943
1778438170,3438,260.3074490794511,63.63908992194163
1778438170,3439,202.34774886183172,64.01040835221143
1778438170,3440,261.63643073463874,177.03854810280822
1778438170,3441,190.88091530834006,18.819908834289553
1778438170,3442,129.87541417880374,150.26968590233187
1778438170,3443,89.55592121820908,38.07119636814712
1778438170,3444,213.73131377845567,308.8771261852715
1778438170,3445,646.563550262392,156.88229015494716
1778438170,3446,303.9439823642201,323.58482768298757
1778438170,3447,318.3528974083467,92.911460535405
1778438170,3448,124.58339349237828,116.08223538113555
1778438170,3449,559.9597521862361,114.17167787447772
1778438170,3450,283.29151555708563,27.865005815314145
1778438170,3451,190.70312325831878,89.50292015586783
1778438170,3452,143.74313411157877,256.82389888650573
1778438170,3453,185.0075735169008,236.14855932267142
1778438170,3454,301.66854881431664,226.8395210080664
1778438170,3455,435.06091135162586,78.42629970663162
1778438170,3456,319.7592489348375,82.73139592073119
1778438170,3457,283.25260038922386,120.90454566954722
1778438170,3458,372.245143580908,92.050337549322
1778438170,3459,168.8279276655458,75.77936242489392
1778438170,3460,729.1047098901582,71.8300809947146
1778438170,3461,634.9708335981009,193.42358775957527
1778438170,3462,300.78842656231126,41.65222732145142
1778438170,3463,121.20476386482422,115.54599362181683
1778438170,3464,335.3895148331422,42.41759647423556
1778438170,3465,424.5877139465559,285.4787494191793
1778438170,3466,278.73098961737423,271.92404183021057
1778438170,3467,117.9995014863776,101.6169424356428
1778438170,3468,414.30467474861734,131.02623659316367
1778438170,3469,153.24359173907484,308.01091583606933
1778438170,3470,709.3406618046463,152.9682046493927
1778438170,3471,317.19696297577093,136.98427778618375
1778438170,3472,321.96870049250214,250.67169849769311
1778438170,3473,312.4455228181346,55.106623725651936
1778438170,3474,204.13195919388198,169.5697160365238
1778438170,3475,179.71494507903432,151.29454627710402
1778438170,3476,418.68984101701807,135.27277668557264
1778438170,3477,316.2789254247942,128.0365624191382
1778438170,3478,392.4046908003714,242.66345159481108
1778438170,3479,401.7769852240195,147.35801103486682
1778438170,3480,368.31052876843177,279.15779565889477
1778438170,3481,352.4258595761804,341.38389191402393
1778438170,3482,206.1709755500855,57.23737192278033
1778438170,3483,384.947859886019,86.33539159045147
1778438170,3484,125.81731354126006,153.67974779970368
1778438170,3485,319.74307689978735,36.628480989713765
1778438170,3486,735.7828762078091,87.76939499522379
1778438170,3487,268.57741955033333,232.39442414771568
1778438170,3488,273.34483639927953,134.80556116737344
1778438170,3489,281.21963766977194,65.2109308882185
1778438170,3490,305.48800036189147,24.69496506469242
1778438170,3491,156.70142654479613,36.107059957127056
1778438170,3492,266.37067954541544,146.6799609634508
1778438170,3493,510.83718630211854,59.357277355367124
1778438170,3494,202.64563842699798,137.87205291015286
1778438170,3495,341.78938433656316,293.11680419036134
1778438170,3496,237.117921171485,210.50106635351128
1778438170,3497,401.5416829161008,92.13006619185239
1778438170,3498,472.93832305370444,121.982497593281
1778438170,3499,248.92220185607698,116.10611541325414
1778438170,3500,294.24346682143755,106.10423001739944
1778438170,3501,207.30432642091944,50.4861538938109
1778438170,3502,222.96723191057342,60.91601310401217
1778438170,3503,132.1022183922572,169.6898369185078
1778438170,3504,432.8108211216122,81.97338858558297
1778438170,3505,408.4466775525155,29.616446768775297
1778438170,3506,355.849451997242,325.5276452005726
1778438170,3507,205.41891327741357,69.62074169408095
1778438170,3508,126.15078805455747,149.61585232403047
1778438170,3509,373.9744164548293,81.79894340058709
1778438170,3510,318.7943768308384,259.20816922525944
1778438170,3511,285.77915259852784,78.14805827034344
1778438170,3512,105.43132268404467,94.78007859937239
1778438170,3513,315.80801371525627,192.53233834412904
1778438170,3514,432.70444876822563,194.95450461167886
1778438170,3515,132.5971609968207,94.61375177201758
1778438170,3516,222.15643302810832,228.53545483293465
1778438170,3517,408.2871984724551,52.53978371512304
1778438170,3518,696.2681818451276,258.9834194435995
1778438170,3519,89.57746208682573,71.71537778722077
1778438170,3520,523.7511401840688,169.57332152141086
1778438170,3521,208.98537578711571,167.6511975733567
1778438170,3522,504.64420982456596,165.69763252733443
1778438170,3523,219.1321678339765,23.65631210011075
1778438170,3524,725.7474020312919,65.80405105285526
1778438170,3525,268.2664610552661,37.05845433207253
1778438170,3526,179.74112460805387,204.28617518249118
1778438170,3527,395.7701458175841,106.75447641805226
1778438170,3528,433.06427323092095,323.94885593639106
1778438170,3529,269.36366509032104,30.07484543154428
1778438170,3530,104.07380639733512,57.43142132051428
1778438170,3531,368.2438307406971,65.52409599236339
1778438170,3532,207.38931639229207,69.00539292655856
1778438170,3533,480.52720792255116,156.44690258698165
1778438170,3534,236.23304297612881,111.06974863281484
1778438170,3535,243.78226370771822,129.79161771246814
1778438170,3536,595.4544374982373,179.43145634810597
1778438170,3537,777.421690732817,285.45804857204854
1778438170,3538,155.09130815870566,71.766404971313
1778438170,3539,591.7171044163803,102.68533297313739
1778438170,3540,456.21890038037316,190.2442067972001
1778438170,3541,563.1507772186516,80.33538125637509
1778438170,3542,349.3535199891523,60.61425552840493
1778438170,3543,223.65092847871512,129.26556793934623
1778438170,3544,404.5094501210361,140.45715968249255
1778438170,3545,358.33901270196725,223.31261823445553
1778438170,3546,124.65073460910708,24.861151977377418
1778438170,3547,409.8053361881084,51.70828072726509
1778438170,3548,149.47119202110665,61.348991071925575
1778438170,3549,168.4460195680483,236.1964971754962
1778438170,3550,163.12041859192232,81.88522536384716
1778438170,3551,488.270226851294,124.61218258731847
1778438170,3552,229.06723638455642,252.4930536816925
1778438170,3553,247.740092809007,312.7250650678347
1778438170,3554,383.59802912626486,78.60590173677555
1778438170,3555,397.19970987222155,31.626663280863685
1778438170,3556,257.0012082337722,97.90311199781858
1778438170,3557,345.317726151072,80.40171738286094
1778438170,3558,728.0120437453036,88.60712690800048
1778438170,3559,427.36160825127456,97.73382949570804
1778438170,3560,113.70908501096696,33.69532744351201
1778438170,3561,385.03553553353834,132.46172780116075
1778438170,3562,412.0370879617009,164.18507699076682
1778438170,3563,184.80034974772573,39.3166543369089
1778438170,3564,322.47917937342817,65.53579639954977
1778438170,3565,187.032750284195,47.452156358319975
1778438170,3566,434.04578647540785,70.55358287804066
1778438170,3567,378.62561100016177,143.34649079307394
1778438170,3568,262.7396236069313,155.83845975728366
1778438170,3569,563.4912202665861,233.82979030857592
1778438170,3570,613.5639360396085,36.026990501085265
1778438170,3571,374.8204667786352,34.6383215907117
1778438170,3572,168.7724207807811,267.1064841792148
1778438170,3573,370.9626124576828,156.92037077685376
1778438170,3574,521.1987288334849,389.144593386063
1778438170,3575,604.9553327152408,202.66109411590324
1778438170,3576,841.361568680161,50.71849771191737
1778438170,3577,416.58379779483744,54.455239724000805
1778438170,3578,301.174644444284,114.42366409575324
1778438170,3579,216.0975753334218,119.41775848894024
1778438170,3580,363.61429197979515,193.9261886916751
1778438170,3581,433.2372432545703,58.83363954441727
1778438170,3582,499.32493065955765,354.6248386045184
1778438170,3583,578.002709587895,181.79970912334747
1778438170,3584,289.14292235715527,325.4097112001697
1778438170,3585,357.257559783741,40.9266054922032
1778438170,3586,313.6670200791303,229.664145582118
1778438170,3587,330.4528703186505,156.51288339025191
1778438170,3588,148.39316448593453,67.83227874358508
1778438170,3589,310.8601041262254,69.24704333865647
1778438170,3590,483.221275803127,69.14319896782402
1778438170,3591,312.25265220758007,378.59982345117646
1778438170,3592,120.7986192755121,270.10643937183573
1778438170,3593,139.25828568117169,49.196377520147976
1778438170,3594,417.71083629448304,157.27512583096237
1778438170,3595,157.71448528524905,48.06116044968619
1778438170,3596,322.0317904487397,241.415597777368
1778438170,3597,222.25751383511442,54.87704108247849
1778438170,3598,291.9873967398291,222.22262994370521
1778438170,3599,220.07375999418824,170.98714300103993
1778438170,3600,213.42737850814413,175.11348787477556
1778438170,3601,248.6823380478521,40.35544491388911
1778438170,3602,358.9010592197808,55.80007073803619
1778438170,3603,295.68628460022114,42.291683823478394
1778438170,3604,315.7366677818061,233.51402010314803
1778438170,3605,382.9117983076525,58.709554984046086
1778438170,3606,228.45598375626977,51.61532587936941
1778438170,3607,614.0550537751861,96.28042330766606
1778438170,3608,234.6786610842183,107.08467967833579
1778438170,3609,216.3467318903953,220.70464390678768
1778438170,3610,195.4247661218026,44.77834407571006
1778438170,3611,321.6360516083432,164.79245358288404
1778438170,3612,381.765702261171,130.07260426356305
1778438170,3613,448.06542028999723,79.01104466566531
1778438170,3614,198.95340905860772,88.80433770074396
1778438170,3615,127.6732495954975,175.61178299041887
1778438170,3616,253.64303490263507,25.695959457562406
1778438170,3617,576.0981036317667,143.5993205191348
1778438170,3618,454.8359976818267,83.29218930158393
1778438170,3619,368.9034033096873,41.130249474229096
1778438170,3620,523.5711865593605,54.09056957911854
1778438170,3621,455.5468423334768,51.40932043334308
1778438170,3622,210.77643445569188,54.61739182763987
1778438170,3623,378.60341673991536,306.99918130064805
1778438170,3624,286.7930188268467,51.02822314721949
1778438170,3625,162.4662592454037,273.61304616669133
1778438170,3626,135.04477736410433,68.78216753183115
1778438170,3627,281.7798131064977,89.32319107354189
1778438170,3628,261.32735515599444,60.93947737184692
1778438170,3629,385.8213270847505,24.57407913256097
1778438170,3630,531.166640720465,47.08150727262495
1778438170,3631,266.97195376058755,174.0592589898315
1778438170,3632,281.1346662769859,168.97176098340054
1778438170,3633,849.4139936248497,94.77228984351814
1778438170,3634,276.51680744313035,250.29206957286502
1778438170,3635,153.01279108841095,112.76459453500263
1778438170,3636,154.93034009086395,100.80157127539619
1778438170,3637,143.21535433335728,58.28547547533448
1778438170,3638,830.761203813075,179.99716488991996
1778438170,3639,303.9357544317566,165.7178698774585
1778438170,3640,331.1399628450606,166.97533573740512
1778438170,3641,166.69563668863637,89.84655605642594
1778438170,3642,504.96307143736277,138.65315418045532
1778438170,3643,232.97478654667395,68.0897439050527
1778438170,3644,335.83774839943135,149.50223555027358
1778438170,3645,369.42613612891694,54.50961984573272
1778438170,3646,453.3358515934528,127.9390667022536
1778438170,3647,215.1600172272705,236.7676691053679
1778438170,3648,365.30512713698164,27.648536015033105
1778438170,3649,246.93703447074245,150.341434625852
1778438170,3650,129.64916079423529,39.24720144947567
1778438170,3651,286.95768852519376,49.21712495789299
1778438170,3652,553.0663402554584,175.53977924071577
1778438170,3653,550.1417233307618,53.21669529995196
1778438170,3654,192.84384318847228,40.90725720357115
1778438170,3655,735.6323424984221,74.46253878173694
1778438170,3656,209.68538323771764,263.8056031068613
1778438170,3657,400.4975857402231,50.668139667615854
1778438170,3658,503.0132036890628,219.87756793998253
1778438170,3659,390.9214301568867,110.62967525089049
1778438170,3660,436.28777666359684,319.33426139348904
1778438170,3661,232.01864469584365,178.8849501368127
1778438170,3662,487.81787585812526,115.19190193516584
1778438170,3663,430.0026305965073,110.71976485005467
1778438170,3664,279.5585833992979,263.13018528156357
1778438170,3665,106.83757518007523,31.74791524828311
1778438170,3666,91.14916553497643,35.042564365239706
1778438170,3667,199.362386884652,42.53685141195264
1778438170,3668,411.89908652770464,191.4836128720996
1778438170,3669,212.99452103452535,193.43978297413878
1778438170,3670,601.348238821627,213.42201270712937
1778438170,3671,474.79899536117375,102.46823826503778
1778438170,3672,396.092224967403,92.57514899983404
1778438170,3673,308.6324170658565,155.70138651065395
1778438170,3674,288.9120609588445,76.86111205050486
1778438170,3675,242.83837819074114,73.34550647328369
1778438170,3676,300.9668287784852,55.93412963323422
1778438170,3677,376.83175613018085,169.76434167660287
1778438170,3678,151.17106692746574,127.02906467383835
1778438170,3679,150.84701864000468,187.49464882082535
1778438170,3680,461.319990775075,44.47929109178244
1778438170,3681,291.7031161713357,49.845368080940496
1778438170,3682,276.1862229511519,52.70469462866496
1778438170,3683,412.5429653928826,49.97484401183372
1778438170,3684,256.26085083202884,291.2923151260625
1778438170,3685,93.96426798730042,34.79569310937362
1778438170,3686,402.48467688097736,69.48003394921682
1778438170,3687,357.16630844144424,144.9433414982139
1778438170,3688,343.66260843074605,73.39603764397945
1778438170,3689,589.8479268963833,58.44546403365102
1778438170,3690,245.668845367706,45.22634623296092
1778438170,3691,616.6710279636213,372.3170453881427
1778438170,3692,348.009376829126,94.9016112735456
1778438170,3693,465.4746951502766,337.6757723282781
1778438170,3694,270.47986029768106,83.25515439828554
1778438170,3695,760.0794555214693,78.47987332520141
1778438170,3696,401.60513556489195,158.0066275529205
1778438170,3697,360.37051687102974,154.45657236441016
1778438170,3698,571.1913096431949,322.553561438222
1778438170,3699,198.7586413545028,82.35833958286632
1778438170,3700,358.3153782091537,50.772104114397564
1778438170,3701,221.49460363391248,61.280162696948615
1778438170,3702,351.0699100482599,32.79423112871401
1778438170,3703,439.1720331309942,241.04477042240728
1778438170,3704,425.96708598651304,107.74391902772625
1778438170,3705,477.2283184228306,76.79559161286143
1778438170,3706,269.40325589856917,69.67863778074815
1778438170,3707,118.99960016538154,74.85016644043513
1778438170,3708,522.3049303988282,326.3497605936526
1778438170,3709,763.4113279081706,255.82178609275746
1778438170,3710,164.69993516444688,127.12321951421121
1778438170,3711,399.0282428348962,81.24474589015962
1778438170,3712,312.6790937906473,93.02765758289324
1778438170,3713,147.94327580467882,168.52551829629414
1778438170,3714,613.9845971255112,166.47798479759064
1778438170,3715,146.40251902769373,145.6168366539814
1778438170,3716,626.5778749146398,65.80139111396335
1778438170,3717,345.1418756107504,87.32133275599085
1778438170,3718,551.931329779316,110.09217910905424
1778438170,3719,259.6498494423887,191.66071385727858
1778438170,3720,144.52197051154346,98.80724872125586
1778438170,3721,314.77244428552706,168.96757023584246
1778438170,3722,206.6607033334379,106.83615820349424
1778438170,3723,332.09794555568686,102.17379892317565
1778438170,3724,356.58271564310746,36.67962604058061
1778438170,3725,561.7107416485729,55.53236715096129
1778438170,3726,321.9617429618196,198.1308762306191
1778438170,3727,491.97641874455815,325.78870478371243
1778438170,3728,550.4445211295897,93.77808158371508
1778438170,3729,637.4617674826666,146.60527108892043
1778438170,3730,258.70790450013675,54.96278537940989
1778438170,3731,658.548244475684,112.81803970750323
1778438170,3732,430.55341653355913,71.44602915937045
1778438170,3733,109.70493145058485,188.66148193875452
1778438170,3734,384.7613703997822,70.98724956919435
1778438170,3735,445.7361158916811,225.64929812597723
1778438170,3736,328.58785042210985,85.10880531263642
1778438170,3737,601.282787861395,67.93182387326466
1778438170,3738,132.90552473623436,65.8994945742327
1778438170,3739,495.04970390531895,202.66586014644264
1778438170,3740,393.2850257308537,196.45207411105488
1778438170,3741,391.3871943353756,78.08672556940006
1778438170,3742,108.72346554481994,75.3936343389269
1778438170,3743,104.80710282060735,52.18043618765586
1778438170,3744,247.85595376256185,23.130745996036254
1778438170,3745,465.7789649665561,248.72039863725655
1778438170,3746,206.09487262815824,232.56293184334612
1778438170,3747,140.11783143362464,225.45389915396376
1778438170,3748,467.07415979088563,128.5577171267955
1778438170,3749,128.35401044654708,53.908601957971854
1778438170,3750,722.1842112006851,259.0414697277356
1778438170,3751,258.12148349452116,91.46353825851699
1778438170,3752,641.2343170674773,271.8796730897886
1778438170,3753,345.68254326330856,55.605278630135096
1778438170,3754,282.64864568597346,141.59718133294535
1778438170,3755,162.05783259088318,29.388181418407896
1778438170,3756,709.1802419104863,90.09275454877668
1778438170,3757,520.8010537921843,195.4892820970074
1778438170,3758,92.2617330841554,31.086108401228667
1778438170,3759,304.677509362411,233.9388276107411
1778438170,3760,394.25292042579656,257.9861312369158
1778438170,3761,171.5018333487481,47.714252935097434
1778438170,3762,396.7030689007753,282.75465703826137
1778438170,3763,807.2350959102776,76.41920979026403
1778438170,3764,107.87284221716747,55.51017600430636
1778438170,3765,128.32751137635398,41.437972929471755
1778438170,3766,458.8836333624751,120.3184935327258
1778438170,3767,136.97731773182736,98.8850444330547
1778438170,3768,133.64404868696602,95.55208103273982
1778438170,3769,502.19030491622044,146.29080445395698
1778438170,3770,304.60856644570674,191.48874993023432
1778438170,3771,144.97742271524984,66.26591595024075
1778438170,3772,321.88165043317304,71.27297873161949
1778438170,3773,713.9197391458871,82.92194030582652
1778438170,3774,486.43978953075714,193.5369283199822
1778438170,3775,613.2648459601953,192.8793096144537
1778438170,3776,441.68244935416016,114.8607170143437
1778438170,3777,251.8148838206399,234.10266549272623
1778438170,3778,378.0378496306159,60.22809689061022
1778438170,3779,483.8775685377103,152.12193068109994
1778438170,3780,169.8543095745163,97.46767382249404
1778438170,3781,232.93644763470397,77.26656578888365
1778438170,3782,672.1081800385715,316.12851777711916
1778438170,3783,192.8468758084979,149.32966414191864
1778438170,3784,196.01840579097615,147.97306644057923
1778438170,3785,227.25647555461745,107.27115207535469
1778438170,3786,148.5511298961454,37.482193750480164
1778438170,3787,220.31239881198957,293.27734302343265
1778438170,3788,528.7659904083088,83.30023956632859
1778438170,3789,472.45211112468576,61.512121549168825
1778438170,3790,220.38355393723862,154.53913829570143
1778438170,3791,341.07183196879237,249.18446596466418
1778438170,3792,236.54096928216566,208.40820386137645
1778438170,3793,317.60776117865146,243.02021972422523
1778438170,3794,293.0456641329648,59.975616365557066
1778438170,3795,408.0936915758363,109.71817372099201
1778438170,3796,246.99192980964924,20.692991497087924
1778438170,3797,219.48987914345273,24.416806337523518
1778438170,3798,462.52669069730314,81.50437505283267
1778438170,3799,351.4610088243549,146.4953238551043
1778438170,3800,240.39369234319074,314.45783364602244
1778438170,3801,587.1989863113879,136.4488013406706
1778438170,3802,406.84048785947994,128.74525436180272
1778438170,3803,524.1426533462961,107.97868616319603
1778438170,3804,203.9891621057624,221.54595435867773
1778438170,3805,398.78371768734246,110.71876122981497
1778438170,3806,189.67884196215505,120.18783959759246
1778438170,3807,377.53149619355213,42.65587589397567
1778438170,3808,507.79973164403344,268.3222719633179
1778438170,3809,298.675864795433,112.01251436283451
1778438170,3810,358.6854797454588,47.827587439693524
1778438170,3811,203.72479817151319,47.41193118840325
1778438170,3812,388.80836418771395,40.74220563834882
1778438170,3813,438.9512443939429,287.04470362757576
1778438170,3814,191.11661493413877,129.64503702825607
1778438170,3815,453.6954817638558,107.45673093239267
1778438170,3816,212.3110257155928,125.56423921170757
1778438170,3817,345.54320828714725,70.37420641203674
1778438170,3818,384.53343913542375,248.23471723381493
1778438170,3819,542.7566932939259,97.45747486721804
1778438170,3820,687.3490644659381,317.9341112478727
1778438170,3821,322.60580037899894,69.47025226054909
1778438170,3822,359.390473047824,126.85264264518419
1778438170,3823,379.90930453871215,57.28732228529768
1778438170,3824,255.80221676260797,54.12778210206242
1778438170,3825,597.5027621032621,42.58477935722378
1778438170,3826,412.70242915373126,30.25587177158215
1778438170,3827,155.01327658916503,107.94301803867513
1778438170,3828,324.0399445383134,273.5813761766206
1778438170,3829,556.8612881558212,146.3020322325644
1778438170,3830,495.2283264570164,64.7023467096845
1778438170,3831,235.2452096920288,27.545363092619997
1778438170,3832,459.1504746752456,85.02453669662488
1778438170,3833,776.6712608238,345.2498425241359
1778438170,3834,389.48800511417465,91.7723980425633
1778438170,3835,133.75792015298953,253.0139901423366
1778438170,3836,442.7677679031478,66.11179338530212
1778438170,3837,303.5930955193739,197.12586631427143
1778438170,3838,201.9431970212174,48.65132901426724
1778438170,3839,192.7572304460944,206.1147150063862
1778438170,3840,87.41658138223039,47.88765598646783
1778438170,3841,393.7063062506987,180.8744699487093
1778438170,3842,533.8720479084583,127.4374662160741
1778438170,3843,200.8280344863352,225.26629413740042
1778438170,3844,470.36243053611224,73.9000844569162
1778438170,3845,392.8716815890665,73.00760737197346
1778438170,3846,395.2859811989763,275.74343677047705
1778438170,3847,309.8794814912975,97.46295822967937
1778438170,3848,145.2561561395504,124.01195537662666
1778438170,3849,253.21220443836648,259.86823126005936
1778438170,3850,500.32916498277405,88.75067458019244
1778438170,3851,317.294692779957,356.6644347776378
1778438170,3852,224.01404919935473,90.38702919154441
1778438170,3853,127.55734428952258,242.20251529671168
1778438170,3854,419.1621609580946,158.6867079778492
1778438170,3855,318.8561261385781,107.9210086468617
1778438170,3856,292.3182859685916,180.17504939646213
1778438170,3857,513.68538728656,144.6182884562745
1778438170,3858,466.5764363442274,101.5263159705624
1778438170,3859,590.7504485565379,99.91990198072966
1778438170,3860,237.27669434046638,155.88316138746106
1778438170,3861,211.20148013034944,185.0572580208827
1778438170,3862,233.98542094593108,327.3751702866836
1778438170,3863,624.437181692656,123.98002954902847
1778438170,3864,109.9501169355564,32.84462011843068
1778438170,3865,275.74011970804884,71.0018032964831
1778438170,3866,925.8704849107332,228.2986444133738
1778438170,3867,192.19117456715077,87.83092616043311
1778438170,3868,131.00227523527505,102.92198161795277
1778438170,3869,714.1567717014424,135.54199635276484
1778438170,3870,288.8345171619684,56.57376490431365
1778438170,3871,202.43554045739452,53.83125051783723
1778438170,3872,648.656093756128,59.46511218223779
1778438170,3873,105.20714618836607,92.80672996550355
1778438170,3874,427.49083261386426,60.38728759453825
1778438170,3875,163.59562878465485,104.90599278735056
1778438170,3876,286.9835985764218,182.85201812024283
1778438170,3877,285.40267548024394,43.73333652253867
1778438170,3878,193.9451248449196,189.11100414681133
1778438170,3879,310.6104003926392,59.67712504231915
1778438170,3880,156.81560741702754,46.92962682216358
1778438170,3881,238.19748067196093,198.06867256652575
1778438170,3882,399.25923164390053,215.72974660711674
1778438170,3883,184.5660423319611,152.45222970467103
1778438170,3884,118.80406445529636,197.2095443450946
1778438170,3885,377.3358805735373,59.920038810943424
1778438170,3886,132.98408147559022,55.888798971819895
1778438170,3887,212.78543890807012,158.73832071675412
1778438170,3888,288.32978035537985,336.49084386226315
1778438170,3889,213.60354444242725,64.50231138888276
1778438170,3890,518.5841780474765,108.28154376477318
1778438170,3891,282.0818788668933,177.71771778862148
1778438170,3892,210.68950665176416,115.42196501261778
1778438170,3893,139.70308386080546,80.43520392996567
1778438170,3894,311.21773041833893,79.48653228103751
1778438170,3895,99.91896649857769,27.59651880491717
1778438170,3896,138.27712219364926,32.24887866059016
1778438170,3897,366.18813857751206,153.82198796646225
1778438170,3898,524.1542469785409,181.52433234817858
1778438170,3899,219.39983252132194,61.54128868448063
1778438170,3900,279.8167341224116,213.7590211434491
1778438170,3901,381.80086549397464,144.914758450283
1778438170,3902,255.80301013907712,65.20421623257025
1778438170,3903,388.81718759173907,287.93303878946523
1778438170,3904,194.63751088192507,67.04282697585548
1778438170,3905,293.50932048270795,152.6845128476295
1778438170,3906,255.18274988277614,76.52403224717841
1778438170,3907,342.0814164893246,45.97726396263028
1778438170,3908,393.6124232927199,100.30994708732452
1778438170,3909,150.82585439266626,310.62728708116254
1778438170,3910,182.49763421099067,74.73189066750196
1778438170,3911,143.90990921124757,88.37453167526661
1778438170,3912,343.5310493831471,63.09066753626601
1778438170,3913,705.5069257848851,329.18159509028186
1778438170,3914,375.82356973391023,133.6904872216293
1778438170,3915,195.2558977983732,345.2491756577115
1778438170,3916,582.0259883759353,216.51567396203473
1778438170,3917,260.6022374649318,93.87447465458445
1778438170,3918,472.94611535549757,44.31290711596738
1778438170,3919,584.9032245641636,51.30605927314562
1778438170,3920,518.106478500888,45.457461733657695
1778438170,3921,651.496808648458,156.4563097506332
1778438170,3922,437.4234868434761,109.28788792017302
1778438170,3923,191.74372017999792,85.51133561841903
1778438170,3924,228.06963182075575,313.0134767978898
1778438170,3925,122.96125696974516,131.54892711959158
1778438170,3926,376.86435753031196,56.10276052974915
1778438170,3927,517.3919326439666,313.852077907029
1778438170,3928,214.10592857332583,56.31013923739528
1778438170,3929,335.1386288871329,53.650507957258625
1778438170,3930,304.4832046206341,72.06541133992782
1778438170,3931,370.60943612758496,83.1091404949212
1778438170,3932,421.71770582055444,110.68096783154611
1778438170,3933,235.519004504404,74.91037956419581
1778438170,3934,152.94663233357144,189.53839768120554
1778438170,3935,156.32138202013144,201.1080913064589
1778438170,3936,387.230582674911,57.761066780228205
1778438170,3937,205.57262081921522,52.390660866208414
1778438170,3938,129.36145106092886,134.88454710416426
1778438170,3939,385.80937940995153,222.7894516241925
1778438170,3940,407.3557217399512,53.77230625168123
1778438170,3941,185.26642684248137,41.67484439850101
1778438170,3942,197.99370469328423,54.046721109009155
1778438170,3943,312.88784502000885,36.18026292795846
1778438170,3944,285.52097874479733,54.76211627852622
1778438170,3945,469.0622565711126,122.87838708055844
1778438170,3946,285.05839891180733,81.43926178388561
1778438170,3947,93.42398258426701,58.07589710981471
1778438170,3948,425.91671768720124,80.71991579947053
1778438170,3949,261.73764373303334,91.74129601328983
1778438170,3950,550.0438385773411,115.45697932762712
1778438170,3951,262.45376389736714,123.82489789924708
1778438170,3952,179.50803247890582,64.23212311963017
1778438170,3953,401.91647777366484,79.1564001714056
1778438170,3954,524.9651884508871,89.89608011843617
1778438170,3955,286.4611927432764,155.49617338317353
1778438170,3956,289.0731697820544,263.49210713749943
1778438170,3957,429.6699929033666,19.26704769610372
1778438170,3958,503.67519957697374,154.4557527417043
1778438170,3959,593.5147758390714,310.3132602537342
1778438170,3960,240.57968310163346,231.84523024859064
1778438170,3961,238.1753685727387,86.75536099239154
1778438170,3962,476.3056661654517,257.213679770115
1778438170,3963,505.2607509573492,85.94127941400609
1778438170,3964,200.95834482302467,41.12317645884177
1778438170,3965,346.4994054037826,76.893778963966
1778438170,3966,452.2385173103774,82.0664118557377
1778438170,3967,125.34814210320266,115.89966165966806
1778438170,3968,310.01307623051105,100.31177502583537
1778438170,3969,208.66084960659452,335.3302597083009
1778438170,3970,198.56828639258424,224.0050481674839
1778438170,3971,222.4952259675482,228.77412258961803
1778438170,3972,445.8590985251374,144.0279684316695
1778438170,3973,391.05493215100967,119.39192756094482
1778438170,3974,720.1121248499422,47.30678962510055
1778438170,3975,435.74124240366456,52.29521318476851
1778438170,3976,251.5752686103722,294.1682764207536
1778438170,3977,305.9794979157869,319.66924642161365
1778438170,3978,428.42461735704484,145.83803454511295
1778438170,3979,195.71661444581034,125.35439578543982
1778438170,3980,199.05779751559268,94.28231710330049
1778438170,3981,153.1933832491962,110.9911775833931
1778438170,3982,217.8763599546684,101.36600230062069
1778438170,3983,108.25519866966691,109.90167596240954
1778438170,3984,460.24200271178563,202.352408856343
1778438170,3985,272.4539299122738,61.37947109708658
1778438170,3986,157.49064606873577,233.60927975579656
1778438170,3987,483.827718845024,336.16563662772995
1778438170,3988,472.4081184450991,113.69142158922003
1778438170,3989,364.9537854095145,244.4698061663992
1778438170,3990,356.91671944663165,142.68299059857674
1778438170,3991,277.1833270686478,73.7583123065984
1778438170,3992,377.569062937605,360.9739622182566
1778438170,3993,410.846874475449,366.7256287676345
1778438170,3994,288.58880757660785,66.60565079992453
1778438170,3995,228.26818456583405,125.72822375693985
1778438170,3996,209.47656372956016,262.03295044229156
1778438170,3997,738.213937475747,213.70513927490205
1778438170,3998,171.47413286925305,68.52242302214991
1778438170,3999,204.2966020592931,68.58556752532893
1778438170,4000,207.61113769978692,63.21187021612427
1778438170,4001,670.5691842127691,65.7275248384099
1778438170,4002,370.78837770246827,59.737772496159316
1778438170,4003,365.72279803520894,156.74380111799607
1778438170,4004,373.1566183143964,100.7737656903496
1778438170,4005,459.0901475847188,123.1571615179553
1778438170,4006,373.6530426060765,264.62713300978265
1778438170,4007,373.18376369732175,33.34731724361151
1778438170,4008,229.90297184581001,25.43171425933363
1778438170,4009,564.4879261578637,30.40985462975165
1778438170,4010,244.12245615925147,99.76741725347794
1778438170,4011,612.3667219661885,269.26983819391614
1778438170,4012,479.88586278528385,86.42122643479884
1778438170,4013,254.01690002033095,196.12017556320671
1778438170,4014,509.9271685984137,138.13531539858954
1778438170,4015,547.9078926016421,285.86201888504047
1778438170,4016,411.72663588913235,109.24057221161064
1778438170,4017,427.131743964823,215.71527263756695
1778438170,4018,428.4842298469528,198.01451260661653
1778438170,4019,587.5294199950299,51.62762699233851
1778438170,4020,202.77329354423674,201.23236391377375
1778438170,4021,426.0915062760161,90.85874849136869
1778438170,4022,205.28900246599363,31.44195830775562
1778438170,4023,402.881872461651,82.39488267475527
1778438170,4024,184.1761140879408,129.88812800770603
1778438170,4025,244.6208163381619,92.8613273190884
1778438170,4026,354.7539736342482,33.05420792460462
1778438170,4027,215.08967518970303,75.98967554726458
1778438170,4028,465.5284769153103,96.75001024219102
1778438170,4029,372.04835030547605,44.213618305748696
1778438170,4030,184.47749035752807,103.35588345515768
1778438170,4031,203.6081688943729,110.62521366772407
1778438170,4032,135.10508875564548,125.26203876460889
1778438170,4033,646.6274307464231,94.74559795477573
1778438170,4034,202.17958996548865,224.56196757396407
1778438170,4035,280.919177285719,165.10196613529214
1778438170,4036,127.64471995404524,23.042137622020334
1778438170,4037,329.95327068986296,331.41722158326615
1778438170,4038,553.3509793078017,78.37543478532342
1778438170,4039,323.6150019418984,46.568084367496965
1778438170,4040,368.7149777239514,102.816512687924
1778438170,4041,184.0706598997985,72.46101087395161
1778438170,4042,160.4660215362323,35.92220325406461
1778438170,4043,424.02201317100287,32.14478718890165
1778438170,4044,364.41337442107454,95.73610263715628
1778438170,4045,144.7483203924223,357.48252016437976
1778438170,4046,133.99562637029175,251.66677396948103
1778438170,4047,604.0244147242378,327.20363193810334
1778438170,4048,327.7936103812013,41.60045194337319
1778438170,4049,139.77907522121313,326.8248824920229
1778438170,4050,314.70354100526936,58.44770649483479
1778438170,4051,538.6928096614226,95.49913013130154
1778438170,4052,172.27423033718964,138.42187571898756
1778438170,4053,283.2283711860127,38.924186441188645
1778438170,4054,306.6285598625105,153.135359152664
1778438170,4055,309.86381568197476,117.09967774248925
1778438170,4056,722.4163870738064,64.29125918823793
1778438170,4057,191.43715377059166,89.56443608187928
1778438170,4058,447.46814856783897,96.91838678317309
1778438170,4059,264.0693290402322,71.63109535188062
1778438170,4060,435.0294833740809,318.10304693262714
1778438170,4061,137.20019784699224,218.8817188853984
1778438170,4062,302.15707228479005,144.07551852608333
1778438170,4063,143.47500452908346,179.44318322817472
1778438170,4064,354.49444312279854,226.0114331540506
1778438170,4065,700.4133758466944,200.0632871332699
1778438170,4066,323.5299095681838,287.8879924664806
1778438170,4067,742.0478390187513,186.72551785123918
1778438170,4068,113.54927618626525,109.80352437293276
1778438170,4069,182.49456955321165,132.76552262698235
1778438170,4070,86.01890526583546,83.82980127905275
1778438170,4071,499.88985616701444,51.03241833395752
1778438170,4072,73.04094842030187,22.707200170374858
1778438170,4073,157.0442434487511,112.9051601841174
1778438170,4074,391.24449150512856,293.2217893518595
1778438170,4075,106.48231509177786,53.77398662439169
1778438170,4076,326.05949355489605,139.1502825759185
1778438170,4077,362.02243400832185,81.08405898504394
1778438170,4078,276.55726241238284,334.3088085904515
1778438170,4079,226.80027343073039,22.061145430930885
1778438170,4080,401.9188750941608,99.99786647674719
1778438170,4081,458.17460242870294,47.120359627704815
1778438170,4082,233.32434652065055,169.40455183983087
1778438170,4083,138.23157665775352,82.09982668786233
1778438170,4084,363.66882572388874,105.24440019396363
1778438170,4085,115.62292413548292,81.88485913845585
1778438170,4086,180.7206984011678,316.9609436054049
1778438170,4087,286.100794064694,355.54022488683813
1778438170,4088,355.73961331496326,112.34758757524719
1778438170,4089,256.91933341059047,149.94983356977113
1778438170,4090,789.0867232154344,52.10844762387946
1778438170,4091,162.63014532623296,93.89354352089605
1778438170,4092,140.988526420426,104.35758840124984
1778438170,4093,512.5826332809091,58.16865436039382
1778438170,4094,158.18734380641578,154.12119528381044
1778438170,4095,192.96106936118164,127.86845470834471
1778438170,4096,204.73555091664434,112.91940976946269
1778438170,4097,307.23660569278024,102.29763882704634
1778438170,4098,252.07688294548322,75.44364814143013
1778438170,4099,231.23363210029677,33.58485734023382
1778438170,4100,251.44123667493162,40.1480406784018
1778438170,4101,253.05313711189933,85.70753647823875
1778438170,4102,292.5834187382049,179.356064049326
1778438170,4103,443.79877126294286,314.8031000665626
1778438170,4104,319.2329604215461,46.49897391437126
1778438170,4105,328.44881878016014,92.21033831796855
1778438170,4106,617.5975473240477,66.82445673002066
1778438170,4107,382.7144507699175,114.95130743341758
1778438170,4108,425.9373573172736,257.0490587687545
1778438170,4109,271.33141880349086,186.99912102752
1778438170,4110,152.86286206148014,76.72972482265821
1778438170,4111,184.17306877848148,173.78668021261348
1778438170,4112,820.355192927194,80.84005105059252
1778438170,4113,545.9515242456978,75.17880925784596
1778438170,4114,538.9080458712788,95.79800205427597
1778438170,4115,258.93188483831216,18.518354370953386
1778438170,4116,356.3536623900037,65.27367955360864
1778438170,4117,281.4238138083653,191.49636832320118
1778438170,4118,367.84246198361905,206.86365603980892
1778438170,4119,262.4895820379098,183.32625628950893
1778438170,4120,167.8068653464478,111.67088894374795
1778438170,4121,188.00784675071142,44.11851481541208
1778438170,4122,148.5045450224284,181.63780081723297
1778438170,4123,370.16566687226714,43.86635355838949
1778438170,4124,349.86683757907014,75.10230442325206
1778438170,4125,748.3264613767481,312.33498761285273
1778438170,4126,517.005237231458,50.911431949032256
1778438170,4127,280.3841263084916,263.39338470053264
1778438170,4128,161.3779001947971,131.0858188539156
1778438170,4129,380.12721427838846,140.03385731230767
1778438170,4130,735.1980347724945,319.66621997522975
1778438170,4131,395.42466614109986,119.53158492322635
1778438170,4132,381.3912714756836,66.32248518449732
1778438170,4133,499.96027243022655,322.204970193022
1778438170,4134,416.5638788163291,125.84823524657324
1778438170,4135,565.0125059658051,81.22880536551627
1778438170,4136,184.4851152954711,219.3961691062383
1778438170,4137,351.02606739856157,94.79073138899241
1778438170,4138,197.47726177958302,50.98192276795101
1778438170,4139,493.1236380839989,163.52823539730892
1778438170,4140,265.5656586875323,58.57107848533887
1778438170,4141,530.5261265438701,83.87924348192996
1778438170,4142,519.6148235176181,114.5217486134113
1778438170,4143,236.23160487088862,208.38514360652715
1778438170,4144,416.37984480085703,57.605783425912655
1778438170,4145,231.98520043264475,127.34602467672114
1778438170,4146,518.334764859447,71.27832999391727
1778438170,4147,383.4472722331733,140.1630260686107
1778438170,4148,168.45317706285465,97.16483171464732
1778438170,4149,343.4075730249784,131.71063173529447
1778438170,4150,463.09203793823,52.144374622848915
1778438170,4151,421.0291716643378,178.17184155671413
1778438170,4152,297.3006052420741,104.85740542430761
1778438170,4153,257.70974682074933,150.16149013974078
1778438170,4154,630.0286952387646,330.78845043255114
1778438170,4155,345.7376685170903,182.64076496532599
1778438170,4156,274.5904354470419,27.32125687572058
1778438170,4157,332.90904158189903,264.6637420528991
1778438170,4158,257.85750440006325,147.64501066686478
1778438170,4159,99.18139938239125,121.5605718498234
1778438170,4160,319.37124493791873,57.096000625949294
1778438170,4161,374.60926539264807,51.066727364255385
1778438170,4162,358.11804585240486,80.56703424068466
1778438170,4163,222.50957056236362,95.79367162877756
1778438170,4164,563.5442689813073,261.53164807679116
1778438170,4165,508.64031777970234,153.40619404525182
1778438170,4166,313.3765770207604,30.929632465179154
1778438170,4167,151.49471129434173,235.3309340623897
1778438170,4168,116.29869042391637,90.93757830688487
1778438170,4169,519.8123730031773,68.58496902929885
1778438170,4170,294.7182729584004,83.63071887021039
1778438170,4171,362.63967268765964,88.05529264494301
1778438170,4172,700.3161035749129,58.63506670328647
1778438170,4173,198.6747163213132,290.2928013699265
1778438170,4174,276.1908133089051,281.0552276968454
1778438170,4175,533.8670064812871,55.68026177295396
1778438170,4176,320.8325851473148,28.952802798348753
1778438170,4177,305.7551252867746,343.5501425968738
1778438170,4178,378.1512052125954,301.01207944594324
1778438170,4179,124.20665550947554,23.00903538216758
1778438170,4180,477.13251310840684,152.38783631819354
1778438170,4181,157.16548174903224,74.15133085053685
1778438170,4182,204.11236248036346,77.11132506517535
1778438170,4183,323.4015855464033,113.38810711379152
1778438170,4184,272.3273331169126,44.988617584274905
1778438170,4185,201.09083552354045,52.23036352282736
1778438170,4186,156.67306877845425,97.70519570636128
1778438170,4187,115.10035545682423,30.240246906724725
1778438170,4188,482.39224234342345,48.651567998441266
1778438170,4189,417.3552522643362,126.52148504666822
1778438170,4190,507.5983983576788,148.91780925691737
1778438170,4191,323.55869338745543,156.79816615327138
1778438170,4192,551.9045721771513,222.93554345698786
1778438170,4193,401.16046984293496,107.17297572039692
1778438170,4194,232.8182849420704,262.5664126608513
1778438170,4195,515.8508307070587,84.67765761358368
1778438170,4196,99.10079261388306,35.91117694877013
1778438170,4197,451.63160910036,80.34407723364005
1778438170,4198,292.86797764777657,55.729837826622735
1778438170,4199,146.79343560034584,136.01154315724892
1778438170,4200,325.71088348564246,107.20631139463404
1778438170,4201,171.44466574623678,105.53470787621762
1778438170,4202,189.37937209855664,220.16509372737326
1778438170,4203,333.446122765071,261.23554012639414
1778438170,4204,202.62879579035356,169.98379462646142
1778438170,4205,727.4938582713544,119.51363107607857
1778438170,4206,248.4047362470121,30.287099250362985
1778438170,4207,341.31401695597117,268.18641892943515
1778438170,4208,506.26033864468604,53.15688066313365
1778438170,4209,211.03743205747443,185.97445896437134
1778438170,4210,324.02923634326993,82.02386559327203
1778438170,4211,321.90559931448996,102.81820333218018
1778438170,4212,466.80165557766105,257.6464918107984
1778438170,4213,511.3735718863466,35.887532061338305
1778438170,4214,353.0705445326425,171.41784122605515
1778438170,4215,98.6692894607162,41.966440855380746
1778438170,4216,275.68628892736325,105.90287457292277
1778438170,4217,344.1513777048908,212.81891810103727
1778438170,4218,322.16093213395305,72.84487488610486
1778438170,4219,284.4820924762799,291.59818834586986
1778438170,4220,343.24053239916594,64.21872484579909
1778438170,4221,328.5011877778914,106.0012558298372
1778438170,4222,653.3019507673057,224.63324757930587
1778438170,4223,390.1947952709951,65.62391410708949
1778438170,4224,360.9394732181024,346.5706459027387
1778438170,4225,506.9216305035758,38.174742609802585
1778438170,4226,186.30484731605193,70.64356285956336
1778438170,4227,438.7644366850062,81.36305497294593
1778438170,4228,780.5004329034895,176.76229610678027
1778438170,4229,335.2342564194872,120.03304484296167
1778438170,4230,194.98609760131643,147.39393446658877
1778438170,4231,237.86862388104788,53.28101686470431
1778438170,4232,152.17673109074514,47.49476248778832
1778438170,4233,510.81882278521135,371.8455670470876
1778438170,4234,488.27404559806246,62.94190744506296
1778438170,4235,234.2409595021662,33.81872547706455
1778438170,4236,365.66880196772166,171.1714797670484
1778438170,4237,453.1144409967242,41.257689413416905
1778438170,4238,311.4731395175345,282.75421028034424
1778438170,4239,369.79562009027376,76.60938994935661
1778438170,4240,271.6161185847782,244.96246790850768
1778438170,4241,101.58625777896825,70.4885720840548
1778438170,4242,260.99809950688416,22.23611406736299
1778438170,4243,410.3788918603369,88.50085804439922
1778438170,4244,746.0591233546234,200.65501723091674
1778438170,4245,263.99105361578034,28.149459924138778
1778438170,4246,492.45774697273026,129.17788533809076
1778438170,4247,526.0296437072273,69.34714729633902
1778438170,4248,365.6057857694193,47.99581364742956
1778438170,4249,461.6343430259979,195.2685209648277
1778438170,4250,323.77613850175385,116.91585953538835
1778438170,4251,256.472623785383,328.78670079771297
1778438170,4252,144.95687649831012,22.60763810154744
1778438170,4253,551.9846219632786,193.19702759023093
1778438170,4254,275.1025215534561,263.65985434742913
1778438170,4255,176.11636867454507,49.59036413458455
1778438170,4256,104.06193036865992,61.22547804776317
1778438170,4257,326.171385790184,19.038662848782643
1778438170,4258,424.38288128572714,91.79952850975954
1778438170,4259,169.84682680433846,234.26886981272858
1778438170,4260,190.98697183951307,80.38593637877375
1778438170,4261,294.5201578336527,137.27678371693003
1778438170,4262,262.1700363107602,81.45420749983634
1778438170,4263,448.72483660991054,182.152864473679
1778438170,4264,444.8274066303174,62.20425722313735
1778438170,4265,122.09246544406253,139.3800464552061
1778438170,4266,744.4372464582532,35.29804557148512
1778438170,4267,433.3117229956403,34.50159945672297
1778438170,4268,248.30702581973696,36.73617716570576
1778438170,4269,157.96745295670402,39.39313451818154
1778438170,4270,476.75837769844253,77.2583370526956
1778438170,4271,326.66841254315875,148.323084131799
1778438170,4272,265.7765448407432,70.41262779760385
1778438170,4273,392.849097050157,116.74566501553372
1778438170,4274,239.00257420079697,55.489445870807295
1778438170,4275,384.83461134427097,66.70201404651587
1778438170,4276,293.9385313183805,347.68233963202385
1778438170,4277,311.283832109209,224.59468739959274
1778438170,4278,590.673780891835,99.7768398040395
1778438170,4279,650.5401091658987,59.45234558652916
1778438170,4280,85.6606299319756,37.0123850276989
1778438170,4281,251.7374278556915,192.36757106012809
1778438170,4282,366.2720211171402,187.5504910731848
1778438170,4283,390.6115768610357,23.920997523005703
1778438170,4284,142.6454408855938,74.16486953839468
1778438170,4285,272.09035786748984,88.49840285257403
1778438170,4286,353.7220950627354,54.52095147796409
1778438170,4287,234.46023020848068,43.490020371356444
1778438170,4288,237.94338064510993,36.27365914727099
1778438170,4289,197.4405847294032,233.13644826320095
1778438170,4290,260.7334547341031,115.12882913441528
1778438170,4291,288.0820517588369,46.545989274999734
1778438170,4292,231.52748610053186,280.32739453893385
1778438170,4293,259.00802851657534,98.8044536587165
1778438170,4294,265.8919172138321,161.18680351554875
1778438170,4295,123.86618414874255,263.1251455203977
1778438170,4296,596.6599637222148,195.62147469390752
1778438170,4297,235.98479301713562,345.2499904794071
1778438170,4298,300.2717699082894,41.58809544292613
1778438170,4299,490.69153354668447,158.34175311713676
1778438170,4300,412.1560985301677,261.12103989081174
1778438170,4301,678.1518685832151,50.70245648302413
1778438170,4302,546.323339449829,51.812643052317085
1778438170,4303,172.9654920250009,47.47419350634413
1778438170,4304,158.69099691219495,412.95114784005045
1778438170,4305,401.84726227452893,45.37031811325068
1778438170,4306,146.44164552067866,36.00072403080937
1778438170,4307,344.34736798185077,34.920495799148604
1778438170,4308,281.383515619491,132.6514507044617
1778438170,4309,170.05308947084103,99.81935061045108
1778438170,4310,400.16849855239633,62.91335777225207
1778438170,4311,241.39111173240613,184.14011531584703
1778438170,4312,208.31229846680614,40.28499805006631
1778438170,4313,574.5823579749423,166.23964221693365
1778438170,4314,413.0311062965033,33.275715778879174
1778438170,4315,349.54891907709015,176.31696904340808
1778438170,4316,229.52068726082808,75.02883115897495
1778438170,4317,153.2659538216483,193.0293383335072
1778438170,4318,439.60675340600733,68.66407853264802
1778438170,4319,130.9000959781689,73.04109746696008
1778438170,4320,342.20441311009546,152.9877101755718
1778438170,4321,519.5517674455938,121.54764873152024
1778438170,4322,274.1933438710555,62.443670835119505
1778438170,4323,655.5698305445063,42.56964313017789
1778438170,4324,183.52078923056857,231.05737798862344
1778438170,4325,221.80233632075124,346.006408231612
1778438170,4326,285.75809200192515,94.96234568114993
1778438170,4327,141.632216031684,36.93201730854116
1778438170,4328,121.4213868028558,41.86287317702647
1778438170,4329,115.71102304256043,48.31722348671021
1778438170,4330,128.16375206791577,28.01746283041028
1778438170,4331,666.7695392257983,163.30360021952603
1778438170,4332,663.1773290985759,58.02543477467993
1778438170,4333,274.5674793573306,130.5970953726496
1778438170,4334,302.38713347014476,119.95340326691324
1778438170,4335,326.8788469412741,37.740173426659496
1778438170,4336,314.29936874235295,123.56318160244224
1778438170,4337,101.6491055182429,89.4202248849882
1778438170,4338,335.170830834621,77.62892977165522
1778438170,4339,391.0951329176927,37.61065065701751
1778438170,4340,512.4656482445386,43.72207132499737
1778438170,4341,481.289118450969,86.80424311062534
1778438170,4342,492.34358849618445,130.9833852727536
1778438170,4343,396.17384107592767,72.08976211739609
1778438170,4344,288.20212912409625,66.92819441407235
1778438170,4345,245.2722563816274,54.856674716781896
1778438170,4346,97.29989617273132,55.01404493587728
1778438170,4347,252.47045690983475,98.82940209450702
1778438170,4348,204.79557792128924,167.3740101835768
1778438170,4349,449.3977676825494,372.3489865523081
1778438170,4350,137.48595119400971,43.47237499516043
1778438170,4351,434.2724745662127,34.61968092267866
1778438170,4352,134.81052207061614,68.24880757240285
1778438170,4353,445.5596307373057,219.44108595778644
1778438170,4354,161.65153660343827,180.38175061005242
1778438170,4355,615.4391180383316,104.53411130470276
1778438170,4356,322.57691752259586,54.07668049925458
1778438170,4357,775.357480460365,216.7067412317552
1778438170,4358,276.602284548689,58.82864803650952
1778438170,4359,895.9080747679578,117.20419819726784
1778438170,4360,382.17867099789436,24.30516717674924
1778438170,4361,118.69235953242404,88.14022294501206
1778438170,4362,526.45132455493,121.30095587827307
1778438170,4363,243.18257576340477,214.30601242004678
1778438170,4364,268.9649684155955,290.9191603436736
1778438170,4365,725.600052151757,83.98207721812207
1778438170,4366,336.56889585284654,235.91297297109125
1778438170,4367,408.59033820653246,40.37851513263807
1778438170,4368,346.7713532169796,55.76429790472302
1778438170,4369,513.398268130923,64.14917970162239
1778438170,4370,451.1818478593739,67.022367108635
1778438170,4371,324.3750435540395,37.69124708611565
1778438170,4372,267.0648276306571,90.99155189014752
1778438170,4373,271.745437723564,242.64474138045483
1778438170,4374,680.4193434427566,61.25181652187311
1778438170,4375,757.2023339770407,67.48369820734254
1778438170,4376,311.8675216542101,75.34619025004545
1778438170,4377,247.36248888887508,122.137456699307
1778438170,4378,88.47424990165942,45.501056738937685
1778438170,4379,260.1950143032615,238.78241475619484
1778438170,4380,238.052994107676,187.1110532764136
1778438170,4381,613.9692634639702,86.02064143195241
1778438170,4382,291.4262597204993,251.4654657309035
1778438170,4383,455.95030836547596,97.1353855078154
1778438170,4384,439.7559281808904,173.08436152690652
1778438170,4385,1041.0854559156323,165.6288256755731
1778438170,4386,311.37544932995536,43.82841213540505
1778438170,4387,499.41389477738704,97.5108557857245
1778438170,4388,206.29861545594022,53.09593243644109
1778438170,4389,696.9328888284771,86.6886904541033
1778438170,4390,164.23198831924978,36.468458129304935
1778438170,4391,118.20338557111326,39.380555243729795
1778438170,4392,182.6114837095069,73.19331268025168
1778438170,4393,541.5974630464503,39.02591199111471
1778438170,4394,451.52017004172745,78.94699586567954
1778438170,4395,236.1659980544939,199.35324782866468
1778438170,4396,306.5678342204802,34.49779568991458
1778438170,4397,412.181402112557,60.75194574818831
1778438170,4398,360.9254820474672,84.42995045826243
1778438170,4399,271.27005946319446,259.3390302875278
1778438170,4400,216.13023977138982,94.82300552719863
1778438170,4401,463.38916924813014,43.79680410607967
1778438170,4402,595.6703149582914,61.98343387378415
1778438170,4403,353.5790963714705,445.32843290285837
1778438170,4404,229.64734922585825,53.357206069420265
1778438170,4405,494.02430040196015,160.60767016154725
1778438170,4406,428.96327349145145,172.539987230628
1778438170,4407,266.68024626539136,169.84181464285294
1778438170,4408,205.6228999682313,21.975520821855188
1778438170,4409,314.6315067880788,38.13168353502326
1778438170,4410,270.0166942012558,324.35656737261104
1778438170,4411,376.2220539625952,56.26797356532231
1778438170,4412,248.08760515464755,39.23876562982079
1778438170,4413,406.76276868032505,51.564300350131944
1778438170,4414,215.88727759011357,225.41351705842482
1778438170,4415,649.6517623371722,188.01689222990538
1778438170,4416,206.7747594894308,98.06151267765368
1778438170,4417,630.7473026459318,132.43115862907732
1778438170,4418,356.2140352196329,270.2230433459735
1778438170,4419,365.9841648462291,183.44326447123294
1778438170,4420,495.9286216596788,91.53966983482447
1778438170,4421,168.7999294047145,40.554877729987155
1778438170,4422,137.45048425309912,116.01730617117879
1778438170,4423,556.741761257949,360.96099710456656
1778438170,4424,391.7422842554814,184.403674060745
1778438170,4425,555.7345071169863,70.10496981872679
1778438170,4426,201.09283298453207,86.35480850289139
1778438170,4427,88.90470272632346,37.57768136595297
1778438170,4428,499.8633085666536,262.3817008865818
1778438170,4429,753.905502268034,56.54885245513734
1778438170,4430,260.45232728106123,145.06705782149228
1778438170,4431,197.19071975233584,85.09821122687384
1778438170,4432,345.5892798939377,82.23284509422314
1778438170,4433,400.46470884563774,69.97705110766873
1778438170,4434,105.05084105777394,105.74095542407807
1778438170,4435,177.35500573530896,50.69158045369845
1778438170,4436,303.17521047518693,230.0488949136349
1778438170,4437,133.15273184526296,107.3157207566321
1778438170,4438,485.83444635571016,157.0785157758497
1778438170,4439,454.3935912038205,198.50030697919405
1778438170,4440,263.5448403331308,160.3487259484976
1778438170,4441,350.3351271529675,49.706325368707724
1778438170,4442,74.59929437962464,23.47301108719314
1778438170,4443,368.93133559660464,82.52227160989337
1778438170,4444,176.42447282859058,66.67347888040264
1778438170,4445,252.35794199919843,179.1728884276918
1778438170,4446,334.6201009614523,83.12336078513232
1778438170,4447,440.82032938246914,34.89858803089314
1778438170,4448,526.6560049852053,57.154396677291615
1778438170,4449,233.73678658030298,200.27650901021482
1778438170,4450,438.6299724697814,83.23187446843257
1778438170,4451,346.6004776726355,216.32410407058904
1778438170,4452,187.55627038498125,183.71511173723243
1778438170,4453,665.8733210930083,120.32631386443137
1778438170,4454,258.63966371952444,85.98907009228635
1778438170,4455,152.94325069435845,185.35495728566784
1778438170,4456,147.26514928603308,29.28901811389655
1778438170,4457,434.5648036007538,19.63868031915424
1778438170,4458,257.09525367155356,120.00940907128167
1778438170,4459,465.91001172831113,57.15717174989812
1778438170,4460,471.8034626620049,51.484162940031126
1778438170,4461,177.56234229930953,85.8280106505261
1778438170,4462,222.88595871706434,38.162816867730854
1778438170,4463,169.57896087337042,57.00427746261352
1778438170,4464,747.306628083131,84.03074820945227
1778438170,4465,332.980635951281,220.30258106894019
1778438170,4466,205.32793863508977,35.7683699004062
1778438170,4467,409.44849590733185,39.23376064427051
1778438170,4468,365.5806469645129,30.39332484044864
1778438170,4469,270.17161185822,73.52150922826267
1778438170,4470,376.24067857429145,24.374961779875125
1778438170,4471,178.8183717897864,82.67010922447967
1778438170,4472,385.4590144796662,67.14518700429134
1778438170,4473,564.5203685002097,150.70868920903175
1778438170,4474,452.45682560609447,82.26449222514447
1778438170,4475,670.5262736425883,155.73607120825795
1778438170,4476,383.14013691193134,100.0590401967111
1778438170,4477,200.78124528352498,22.601510094019012
1778438170,4478,334.55234685180426,152.9441926307231
1778438170,4479,165.8753351838097,134.23954829948772
1778438170,4480,124.7598367504919,96.28337870310514
1778438170,4481,343.9296113278846,100.1095870832335
1778438170,4482,124.44165943418737,150.26195317358713
1778438170,4483,480.0003723440261,221.7378229308312
1778438170,4484,223.87805998428541,49.08681632411363
1778438170,4485,307.5254223936394,145.60764692734324
1778438170,4486,420.24534743622496,45.377365617947774
1778438170,4487,514.3339014138313,89.21394496193246
1778438170,4488,481.6442231438766,110.39284121059572
1778438170,4489,295.5356401416273,20.319192018433423
1778438170,4490,503.7533401279472,173.81221363264322
1778438170,4491,539.6028546305174,116.36184629523193
1778438170,4492,124.26518462554175,192.41446894696045
1778438170,4493,507.62148179605816,80.33503244281138
1778438170,4494,607.6821569387071,58.510459455843915
1778438170,4495,173.2131096182141,79.15807079777994
1778438170,4496,186.20045699109158,57.0345465585189
1778438170,4497,296.11696634003715,172.70935469399762
1778438170,4498,277.3949218613554,78.75492773186375
1778438170,4499,226.5275586250087,25.789065201666265
1778438170,4500,315.00441631894705,57.56945787682059
1778438170,4501,609.9887417846686,57.693867052389315
1778438170,4502,131.35177426076262,180.23945384836074
1778438170,4503,415.65169135451015,57.613774208338626
1778438170,4504,243.95930381740064,196.51285217563444
1778438170,4505,207.37442782964408,56.52246863770291
1778438170,4506,171.0388088592331,92.40117688138297
1778438170,4507,666.4950216708984,120.96356097142032
1778438170,4508,95.13324714809231,63.27753422885788
1778438170,4509,186.42249894004124,165.3178918650705
1778438170,4510,348.6188565122059,65.2986718094121
1778438170,4511,410.56287318650897,52.36320904992079
1778438170,4512,175.7722434201639,16.787975736573454
1778438170,4513,334.3658324869647,24.182043343280647
1778438170,4514,217.28978100635248,35.83336248319312
1778438170,4515,245.22778468598213,118.36222543641998
1778438170,4516,311.4280310811501,51.41339243603639
1778438170,4517,436.9832461538752,33.71879201197327
1778438170,4518,359.68628312394645,128.65802409332034
1778438170,4519,333.5609135118607,192.86838229027038
1778438170,4520,421.1458301089275,153.37103339538933
1778438170,4521,306.51600576120495,57.80060614723535
1778438170,4522,213.869399701107,61.66686017737308
1778438170,4523,339.1456870920301,105.46848798631382
1778438170,4524,240.80791275227784,79.42643970504868
1778438170,4525,417.73746001214784,119.64380448456674
1778438170,4526,360.39130119464596,91.2971498192618
1778438170,4527,431.95915897788893,249.8943174760126
1778438170,4528,165.06388114914515,136.62885465386503
1778438170,4529,394.4103914270771,104.79578989737006
1778438170,4530,367.5552774801362,165.88935337000987
1778438170,4531,423.050013405574,96.54240275563664
1778438170,4532,288.5842371801888,136.73381385568894
1778438170,4533,820.3125089134659,106.57352915024882
1778438170,4534,455.18666246915546,60.2966895026027
1778438170,4535,250.13072486477395,87.64211372031613
1778438170,4536,812.328610217965,51.910067552053995
1778438170,4537,482.79344104216557,132.3900350234917
1778438170,4538,229.80834754911317,106.92919367111762
1778438170,4539,655.349703846115,78.63390175681815
1778438170,4540,155.48433087941953,33.490879591186456
1778438170,4541,736.5166541558472,44.09832104509712
1778438170,4542,252.1179173663929,82.016591679675
1778438170,4543,781.8627330773622,170.46100007413506
1778438170,4544,842.1735340088964,286.203813572703
1778438170,4545,348.9148366220824,15.986201488274151
1778438170,4546,280.29099491234604,103.56012707844398
1778438170,4547,288.2302405616158,38.64740027257668
1778438170,4548,336.34973963620587,185.87594549940704
1778438170,4549,386.0080886135854,48.73678337519603
1778438170,4550,156.3879339029032,118.03271360333697
1778438170,4551,178.6086439039844,377.6955356599117
1778438170,4552,398.3963105330865,26.35980103407179
1778438170,4553,407.90099192789296,130.32883145647364
1778438170,4554,228.08376677109345,48.4786946555399
1778438170,4555,301.6155570345525,28.66807273145026
1778438170,4556,212.0366462381311,30.46346127996015
1778438170,4557,226.38965484368833,100.96139649250304
1778438170,4558,78.1557798962155,78.32769264847047
1778438170,4559,282.6328093474679,137.56230069593497
1778438170,4560,212.4899082953208,25.15444959932955
1778438170,4561,465.0990591048747,105.77425568958823
1778438170,4562,279.72829562982724,35.79575984898999
1778438170,4563,308.9973181323461,182.19492257576135
1778438170,4564,287.8422140995066,234.45334123134245
1778438170,4565,287.6279792827486,15.763581510862268
1778438170,4566,335.7595170292329,85.48184345901718
1778438170,4567,147.02934405286038,30.811481835468072
1778438170,4568,808.315972583397,312.3456486512369
1778438170,4569,418.2456308852892,89.85216263121981
1778438170,4570,184.19752813111535,71.6853421433357
1778438170,4571,193.00139771937947,32.76443527930558
1778438170,4572,648.4993602405413,244.4705320461967
1778438170,4573,320.1474581491428,84.86278429132295
1778438170,4574,177.52235547843247,33.855499875543586
1778438170,4575,183.7350355374273,46.75317022435347
1778438170,4576,457.35126000814086,157.45894306354114
1778438170,4577,200.74893305020584,40.82201301469764
1778438170,4578,192.8941346591978,138.1458842521595
1778438170,4579,464.85621430347646,232.90327378843742
1778438170,4580,443.117910410177,144.60767580248063
1778438170,4581,359.9154479840304,43.50088886736804
1778438170,4582,112.76914481083013,67.60283770688004
1778438170,4583,238.47768833300842,22.341256172006602
1778438170,4584,389.402508775247,63.24361631404588
1778438170,4585,419.329797313556,105.94532562462454
1778438170,4586,607.1432465491057,108.8143818137565
1778438170,4587,201.9189122315466,107.46356429858754
1778438170,4588,688.5478618442412,45.341470775854155
1778438170,4589,234.9209336694538,106.98311601584138
1778438170,4590,338.6725267269087,29.56040331731434
1778438170,4591,302.151333710763,197.74992435016205
1778438170,4592,109.90170044975793,27.225919708377003
1778438170,4593,359.73896513455503,213.46987430262635
1778438170,4594,154.1851421624814,131.83439537793447
1778438170,4595,820.8399434390697,103.45933822505704
1778438170,4596,393.2684288436126,48.73000160056197
1778438170,4597,712.8285291332841,61.29613350858765
1778438170,4598,426.0085142021918,53.598592554046824
1778438170,4599,300.08745119995916,98.75892371208514
1778438170,4600,595.9744347481662,234.519216256555
1778438170,4601,226.704291171967,53.72059432514318
1778438170,4602,549.2554874498485,105.13380067621713
1778438170,4603,212.41617215124867,78.63192067597568
1778438170,4604,396.0365512683068,136.93598028749162
1778438170,4605,173.03628864321539,197.28226298035088
1778438170,4606,150.53202860245057,27.42160013699627
1778438170,4607,300.0812969753344,87.83476671495897
1778438170,4608,549.2713635509875,105.57420929854187
1778438170,4609,335.6932221648989,278.3006940303614
1778438170,4610,250.70430706210973,33.23217751127217
1778438170,4611,102.87048338621679,53.330620380603506
1778438170,4612,465.43615624664676,83.97785246399306
1778438170,4613,364.60863805275153,89.82054826846915
1778438170,4614,241.16717478229643,73.50024261196624
1778438170,4615,211.0474354794954,54.24415376261278
1778438170,4616,219.0857654456018,24.786112856405165
1778438170,4617,137.6518248482632,77.24838094062429
1778438170,4618,192.4207633905377,155.23160509161482
1778438170,4619,96.81948158636153,111.90908691984335
1778438170,4620,229.00376523590344,101.94785228734783
1778438170,4621,302.29622800235234,148.002618485101
1778438170,4622,156.38634793100533,225.84520944575075
1778438170,4623,448.3113801087026,65.27097275172534
1778438170,4624,414.64442305341674,45.57206186567221
1778438170,4625,101.34678785352185,82.60734042393152
1778438170,4626,365.4804776861189,66.55835401373946
1778438170,4627,156.30281935566225,74.84626411893817
1778438170,4628,179.0974728417129,268.15581475475307
1778438170,4629,270.9624789629883,305.71347157538656
1778438170,4630,461.7258079685439,76.6453336946129
1778438170,4631,263.48235332844615,28.23616527320921
1778438170,4632,460.3872501294745,107.21547673963568
1778438170,4633,361.89800261540546,104.85955337389343
1778438170,4634,300.2095613602981,116.03101606761093
1778438170,4635,227.73417399271565,122.82599866403277
1778438170,4636,370.7210971408576,45.24327148138887
1778438170,4637,189.14005480242108,40.602037073515895
1778438170,4638,273.3823189424154,143.7714983395752
1778438170,4639,112.92575457722938,48.87331674866221
1778438170,4640,341.7674420754363,47.890698537284756
1778438170,4641,357.80737878519193,15.357814325653043
1778438170,4642,400.00429421301703,40.52544155683222
1778438170,4643,396.23664343313584,100.13968347535035
1778438170,4644,229.5857119598877,53.632869700460006
1778438170,4645,201.979640389107,71.0366713815005
1778438170,4646,670.3461714934471,130.91845892014913
1778438170,4647,421.43239424766216,68.30582188925925
1778438170,4648,129.21441310690136,60.87935007862462
1778438170,4649,112.2870971872761,92.03769709050756
1778438170,4650,351.9916721238305,127.5514201160214
1778438170,4651,493.81010981281554,220.9088514600949
1778438170,4652,302.15484859709625,199.05098740151257
1778438170,4653,164.12064274796109,71.38514086023574
1778438170,4654,190.6748868536368,163.1281147318827
1778438170,4655,517.0035928354118,146.63992406723636
1778438170,4656,168.0292150626814,162.73973546760726
1778438170,4657,82.91198735561665,30.91119008962248
1778438170,4658,548.6597510118421,73.21231302207731
1778438170,4659,244.3375960635176,97.18497475997317
1778438170,4660,300.4604462430446,45.50529000623975
1778438170,4661,342.03799475025005,31.980916849803897
1778438170,4662,453.89235891597565,86.63461218836872
1778438170,4663,1696.6224047544483,88.07536861012964
1778438170,4664,184.39280865148706,284.3409167529213
1778438170,4665,259.1151032172449,119.11559719037832
1778438170,4666,258.8705323743093,203.7116353233698
1778438170,4667,480.53321539855943,131.81027248204938
1778438170,4668,712.8849408522522,53.47275006406772
1778438170,4669,577.1056534655203,120.15049821607433
1778438170,4670,357.0527985866237,194.3837146383826
1778438170,4671,347.82932712518823,29.904398863531245
1778438170,4672,522.5523588514238,136.3617767192025
1778438170,4673,162.42728276672582,37.32350116689115
1778438170,4674,249.5426255276206,43.822950379505684
1778438170,4675,196.73009506635296,185.0793240598274
1778438170,4676,85.29725820820742,82.91721453920469
1778438170,4677,560.3686704785868,190.09666371115384
1778438170,4678,100.00501363827352,25.58379714523083
1778438170,4679,383.4901946216033,59.546875547662694
1778438170,4680,546.2828089408847,79.06823095977502
1778438170,4681,322.2697049311795,72.73111514672755
1778438170,4682,479.7454869846438,52.96913247786012
1778438170,4683,170.6057474855461,118.8387322986221
1778438170,4684,167.69746281187628,53.86159852067835
1778438170,4685,220.16562310700542,52.54845664236345
1778438170,4686,428.2558540096927,170.11902411292644
1778438170,4687,235.88134922493876,27.90853139842653
1778438170,4688,108.37330962254156,20.606407383995872
1778438170,4689,547.6907399607554,53.05025316295522
1778438170,4690,191.58562052562056,162.30676168550073
1778438170,4691,352.8346627623755,72.33539950035293
1778438170,4692,277.22500092113177,24.88053059993106
1778438170,4693,179.46862991984472,143.6923031334971
1778438170,4694,221.3072396685659,30.446230989112703
1778438170,4695,264.97107391786847,76.90150203665131
1778438170,4696,195.0502494923952,91.67491761718186
1778438170,4697,711.4106143267353,166.36479040937303
1778438170,4698,339.93473008648004,66.75702877208441
1778438170,4699,246.80023258500324,320.5013629519419
1778438170,4700,298.4747549426236,120.35864651459421
1778438170,4701,384.5863199132224,126.55390571844855
1778438170,4702,126.91969544911271,81.15048419265567
1778438170,4703,315.0013248238961,50.0777993319088
1778438170,4704,359.84478170617575,134.91408606239662
1778438170,4705,360.6324531674688,170.92838320293103
1778438170,4706,255.83746339285187,164.6206505938155
1778438170,4707,375.2695811562441,76.86462192206096
1778438170,4708,140.08897582682147,47.98614686503592
1778438170,4709,178.940476457453,80.18754068956012
1778438170,4710,225.32032699133393,62.20374977084029
1778438170,4711,97.6880113704506,148.7488204799481
1778438170,4712,630.3836247897699,96.47946286766619
1778438170,4713,352.08995297000973,57.73154269466297
1778438170,4714,110.40525153606914,97.14750303864257
1778438170,4715,391.0422119820324,310.17668035881053
1778438170,4716,737.9518076598986,145.06079982728545
1778438170,4717,281.0332756323568,36.37626635460642
1778438170,4718,221.1733939892454,168.4655239735913
1778438170,4719,408.44034696145087,45.17364912085338
1778438170,4720,435.00968198868816,165.28866960709976
1778438170,4721,316.12936029507057,173.36148946551407
1778438170,4722,285.3680633261822,91.8980590225221
1778438170,4723,807.8152696171987,167.40768001935177
1778438170,4724,625.0556612486764,92.7161718431459
1778438170,4725,266.31876956090565,99.27309390583615
1778438170,4726,279.56599680206153,36.070211375754134
1778438170,4727,164.65870809884763,52.47619906935671
1778438170,4728,619.5417439503507,166.27586383917046
1778438170,4729,255.9810313414599,32.47931730193635
1778438170,4730,290.3864883238018,286.56579097052986
1778438170,4731,267.4697311275214,59.78573007617403
1778438170,4732,461.2666841674274,340.5827660261231
1778438170,4733,178.25957282917693,33.96540628410372
1778438170,4734,655.5628246466249,151.8849707419103
1778438170,4735,614.8678594302282,187.39501675267704
1778438170,4736,82.04699239773703,74.57893182836202
1778438170,4737,189.8369535514588,48.37540697252596
1778438170,4738,255.7734109255289,379.90276043602336
1778438170,4739,824.1190596028398,82.13136868040321
1778438170,4740,304.0209245289974,46.09761515144217
1778438170,4741,434.87998816149616,212.68544736004972
1778438170,4742,513.0703109149557,72.51558076488351
1778438170,4743,510.274448088091,89.21899315867049
1778438170,4744,251.83409782219414,262.8712005369778
1778438170,4745,218.56491612008708,162.40131513900474
1778438170,4746,241.3050587418579,133.73632453666957
1778438170,4747,252.95531738576886,124.40139771588112
1778438170,4748,125.19779760534536,118.91472513289075
1778438170,4749,305.5516748890268,64.00100685680772
1778438170,4750,363.76147966428164,85.11104014331654
1778438170,4751,137.39054061498118,71.7164102114104
1778438170,4752,251.96587212918917,60.2306584708657
1778438170,4753,283.1105048341932,29.512098039714807
1778438170,4754,443.52960374121045,202.30999695406183
1778438170,4755,541.757966482263,228.54323759054165
1778438170,4756,560.0189090156096,110.94982914579701
1778438170,4757,123.88638235950243,89.9697916510036
1778438170,4758,332.38509088675204,124.68694703262719
1778438170,4759,521.1197462963247,295.10267816455985
1778438170,4760,364.7222500933149,111.60761175724663
1778438170,4761,421.41621377196253,127.0913814828575
1778438170,4762,291.9355126486881,72.80603704301004
1778438170,4763,344.13697340873955,235.59068405673278
1778438170,4764,292.83662488483617,74.10198329830556
1778438170,4765,426.7829440242188,162.76209996988587
1778438170,4766,249.44462973091024,53.733466961955735
1778438170,4767,367.62095866781306,215.8994486030978
1778438170,4768,219.89234811356764,25.208722178344587
1778438170,4769,139.91499553170723,78.3923185849289
1778438170,4770,422.26766488928394,156.26429016125863
1778438170,4771,511.5593069908247,176.45710380177368
1778438170,4772,338.5464988378755,124.23952692294327
1778438170,4773,303.9225234151989,62.120532055118446
1778438170,4774,355.4741775945142,169.15644763448563
1778438170,4775,151.62145843796674,311.57765594261537
1778438170,4776,337.3504418996252,95.60825368820817
1778438170,4777,250.45516638554085,52.40412259592133
1778438170,4778,553.4152548864536,79.14596009476246
1778438170,4779,129.8672528277383,26.272597851281922
1778438170,4780,157.7370436372533,28.66800288072574
1778438170,4781,249.36787419417428,97.4958758012335
1778438170,4782,413.89215380958973,70.90508876474685
1778438170,4783,120.75599094488146,95.20316271088983
1778438170,4784,107.19441326073591,196.5759100528385
1778438170,4785,327.9476746462294,32.13961905476841
1778438170,4786,375.5774549868735,68.2098383590348
1778438170,4787,505.66110587545234,49.0867313025446
1778438170,4788,552.3654027406092,99.70293988260097
1778438170,4789,469.1722312529576,63.25383273167112
1778438170,4790,340.6577191008989,36.832710027172254
1778438170,4791,394.7123482082761,127.49971955906477
1778438170,4792,496.21204833146925,102.27846154591704
1778438170,4793,409.12739376728115,164.53681506578496
1778438170,4794,619.7045922826278,305.8150894015949
1778438170,4795,142.37131881782193,137.5135571843848
1778438170,4796,164.88485232523706,94.80098644428067
1778438170,4797,594.9602200821392,119.51207847914198
1778438170,4798,495.4091434560375,297.5978636743515
1778438170,4799,198.6095081631806,230.5175557766025
1778438170,4800,366.7419903027031,119.71320156569553
1778438170,4801,232.89632272960833,45.739792884283446
1778438170,4802,380.4237500161151,110.69301649355565
1778438170,4803,207.28207647255692,266.8144253147138
1778438170,4804,150.11741395929303,178.29667969008486
1778438170,4805,216.33560962770173,315.25556915970805
1778438170,4806,617.0675436543426,93.20254696270554
1778438170,4807,157.4340084000763,172.12713183922713
1778438170,4808,778.3147536967004,271.9504982273016
1778438170,4809,565.2633684343187,254.85138652399414
1778438170,4810,126.25898100057717,110.01657964850602
1778438170,4811,178.67187228561102,53.701015496819366
1778438170,4812,298.300681120194,105.82678590971565
1778438170,4813,184.2596858199952,231.96087989311903
1778438170,4814,211.70475960720822,169.45840482634807
1778438170,4815,132.55185067453567,154.71399848943
1778438170,4816,949.8188399340742,204.55342705032297
1778438170,4817,373.0111782834061,130.87703926990415
1778438170,4818,166.45602967197647,65.4289377003597
1778438170,4819,323.22451460820037,41.821456877492224
1778438170,4820,281.6636862049836,112.98882849672096
1778438170,4821,256.54288781070625,78.32777263922554
1778438170,4822,352.772552365646,55.990218197982266
1778438170,4823,498.68654070014975,115.21971195324386
1778438170,4824,205.62319366853515,48.104328898513764
1778438170,4825,390.47746405032825,309.36462513617033
1778438170,4826,360.95283295220526,142.04974614961498
1778438170,4827,299.10757396887817,164.61773368251252
1778438170,4828,178.53881665793273,137.86937900473797
1778438170,4829,119.20989229185547,117.10741057204751
1778438170,4830,611.6013498081376,30.497305380745267
1778438170,4831,449.2114182918624,73.13167342183127
1778438170,4832,195.21353886201115,232.6630641131641
1778438170,4833,681.1846763312606,93.32604873747545
1778438170,4834,356.8931201069546,127.92993708908308
1778438170,4835,382.2695328385735,57.33243886590345
1778438170,4836,263.94811723704,92.94787899776011
1778438170,4837,256.8215967557435,69.22654014501673
1778438170,4838,112.88865218517604,81.4642464982512
1778438170,4839,286.2610025461536,73.69212123837248
1778438170,4840,381.95056915426414,68.08858990571005
1778438170,4841,260.7625362258939,77.98111418232487
1778438170,4842,148.84946136878781,101.16728740460461
1778438170,4843,394.8628486750105,123.85351853950449
1778438170,4844,250.33578624146125,30.389744173210246
1778438170,4845,414.05023574753267,72.7510201818002
1778438170,4846,347.4419872265654,68.61580109357261
1778438170,4847,378.48761910709237,179.63661486928842
1778438170,4848,413.5566718231357,72.09633404977478
1778438170,4849,232.87277122945846,111.41622276953315
1778438170,4850,993.6958611657788,136.61852085455504
1778438170,4851,277.83798164449513,257.22717857659245
1778438170,4852,93.27963528635348,33.50186508963627
1778438170,4853,434.0523212088827,313.32364307000256
1778438170,4854,272.9059703337,55.20261814786867
1778438170,4855,408.71235005384267,48.93735041892741
1778438170,4856,323.6457623354489,28.084428210444155
1778438170,4857,266.9784209261802,46.08579334677418
1778438170,4858,281.15936221484526,173.08334771394635
1778438170,4859,146.73312334469023,99.67141215682656
1778438170,4860,518.4936743966379,136.48425844583744
1778438170,4861,330.37158670527543,72.38933124655979
1778438170,4862,182.19570193278935,316.85520016543467
1778438170,4863,318.4798521823226,52.80415486618222
1778438170,4864,368.5155545653798,81.34838386086018
1778438170,4865,246.08943809011345,65.63896103813912
1778438170,4866,142.9010385175115,115.78128296962473
1778438170,4867,147.6960864440272,136.37271102304877
1778438170,4868,379.3143459149995,214.8475886086183
1778438170,4869,315.4524939806264,172.03510181800598
1778438170,4870,172.69776081567133,17.156738140792452
1778438170,4871,274.6217309118896,201.85559780063144
1778438170,4872,297.23085746304366,77.39502069149844
1778438170,4873,369.66087787746324,42.081843412329974
1778438170,4874,247.292841151014,60.297877068695506
1778438170,4875,476.78549668029416,134.1682983138014
1778438170,4876,406.45596211576736,316.3879825034403
1778438170,4877,381.7094870456404,108.5494328064187
1778438170,4878,235.53694288310976,264.12797464833073
1778438170,4879,248.14244783687266,32.2488871174491
1778438170,4880,94.72228195644362,99.36647288410549
1778438170,4881,302.6042111670913,27.98911274058417
1778438170,4882,407.89133951054566,63.162730375781614
1778438170,4883,195.28049810327457,38.76614330481515
1778438170,4884,194.63032470832115,177.20922859089484
1778438170,4885,424.64898883704996,69.62600256137478
1778438170,4886,459.51384405166306,96.96896445662153
1778438170,4887,388.46857626495233,172.3850112846503
1778438170,4888,100.34032948385789,145.12692337045016
1778438170,4889,251.04348642692895,239.26729530156982
1778438170,4890,356.1754097037204,144.35132097692673
1778438170,4891,201.50326995913065,68.81828827987376
1778438170,4892,213.8480634286286,57.684345157526586
1778438170,4893,699.3055344362568,57.63345567834326
1778438170,4894,397.34209279141265,21.87983352056917
1778438170,4895,204.6777687019118,205.80278223388243
1778438170,4896,280.6457478456716,63.25756130674231
1778438170,4897,325.66219044075183,178.82244532468374
1778438170,4898,328.9260283554155,65.76762919906552
1778438170,4899,321.29913494189424,122.94922242712964
1778438170,4900,196.37762127739663,31.20226845965459
1778438170,4901,397.9065840607734,45.029361371176684
1778438170,4902,384.82575611572304,70.17041693545
1778438170,4903,474.82954312471406,61.65205400971301
1778438170,4904,593.9498636435314,40.22887137356851
1778438170,4905,284.65801841690785,332.5913140575698
1778438170,4906,248.04164493314119,211.95019097313357
1778438170,4907,154.6290116829268,32.243106271214906
1778438170,4908,345.8149933819896,137.34143102342873
1778438170,4909,96.02558849627408,96.01976893703576
1778438170,4910,363.6207575342295,112.927637018506
1778438170,4911,83.91772766441771,51.30857035188941
1778438170,4912,540.0402849592324,253.52880114705965
1778438170,4913,513.6868153326247,69.05045491278888
1778438170,4914,215.95577578263098,70.68589578441112
1778438170,4915,269.7289377803447,38.13422593735141
1778438170,4916,356.6508745588047,167.55400449203128
1778438170,4917,316.8347771756065,206.09448052001798
1778438170,4918,466.72570556417236,70.42685701915742
1778438170,4919,705.1069047408886,112.02932993871406
1778438170,4920,493.77297105926937,295.1389761264633
1778438170,4921,445.21956442371174,183.97967404999008
1778438170,4922,226.53934502057524,273.81557730324306
1778438170,4923,119.76131171998588,42.03988054086269
1778438170,4924,307.7029560383334,280.368843293378
1778438170,4925,392.6174000273278,44.79232430961917
1778438170,4926,76.13940544727664,30.323902635760312
1778438170,4927,260.7631823990714,156.0986920556148
1778438170,4928,522.3803459953646,91.23508073260888
1778438170,4929,341.27367458288205,309.3362405251263
1778438170,4930,516.8269169338104,87.49815619649813
1778438170,4931,630.6729771874892,253.32447919408492
1778438170,4932,242.8415703239571,67.86263364090131
1778438170,4933,162.49643602513189,62.433864159979706
1778438170,4934,501.8668739398448,74.0827806637577
1778438170,4935,735.5873690670129,290.7195460882357
1778438170,4936,490.5054892064461,107.81609524718442
1778438170,4937,564.4845381413514,212.12101650238964
1778438170,4938,506.08851667620263,201.14966847561575
1778438170,4939,660.4038439608375,48.77599749570324
1778438170,4940,279.24428962208236,240.5602575668849
1778438170,4941,486.76526636457027,86.77246470868165
1778438170,4942,353.6118866763582,43.22072249719248
1778438170,4943,124.85133790550623,85.81884613656918
1778438170,4944,150.0939083405591,62.28897044035366
1778438170,4945,327.8257177670567,37.8568633560937
1778438170,4946,206.7405921447489,121.16867923101091
1778438170,4947,538.4307588785664,62.252145882497864
1778438170,4948,452.0190230187049,196.8641027297984
1778438170,4949,327.71050792550426,190.07959813511613
1778438170,4950,347.36984032783255,97.90080281154005
1778438170,4951,389.4486865138749,185.3683604012892
1778438170,4952,417.3801209115782,241.51390880513978
1778438170,4953,174.1824357590869,81.32365399540917
1778438170,4954,206.94984489667945,77.49585548081696
1778438170,4955,408.9777658204784,138.33563178868974
1778438170,4956,272.474918189475,175.22839246164142
1778438170,4957,566.1159568225297,277.7167422054923
1778438170,4958,250.2159929503414,76.14170880664386
1778438170,4959,322.9081917976138,69.74028428864037
1778438170,4960,447.78081037993815,42.5080628536262
1778438170,4961,151.3700864209781,79.4897581237489
1778438170,4962,279.3756957128497,78.48132323612867
1778438170,4963,109.2904836630186,41.26785080621902
1778438170,4964,421.01218445835633,114.22221095549097
1778438170,4965,367.66261441158633,69.87346061218345
1778438170,4966,434.00555312955106,111.32282208460003
1778438170,4967,166.7265315852274,223.5276594047743
1778438170,4968,96.03885571201968,30.329146442440063
1778438170,4969,216.20348674835697,39.84354964946638
1778438170,4970,483.9007262381579,174.26244043360322
1778438170,4971,244.7089439240311,45.15731766991071
1778438170,4972,161.0027115567239,182.53204614393465
1778438170,4973,109.99676095057534,131.8980114731101
1778438170,4974,274.156230122891,134.48562871378135
1778438170,4975,398.3286105847019,227.1867737912791
1778438170,4976,385.372972454483,53.85536321850858
1778438170,4977,408.39450803933465,47.407922990188155
1778438170,4978,328.1424831759143,123.48842086214613
1778438170,4979,314.3934766552866,70.88081577873284
1778438170,4980,426.5708438637381,199.82786038554553
1778438170,4981,320.4978032775571,202.96385505853914
1778438170,4982,394.2709867147641,94.63317254055765
1778438170,4983,152.7788866190731,112.45950909974336
1778438170,4984,635.4081376480032,336.22637050762944
1778438170,4985,532.5492888779868,286.681971842841
1778438170,4986,340.60835879024626,48.744274060129676
1778438170,4987,155.7239286504169,26.622053739019588
1778438170,4988,361.9959337324761,60.72516888585467
1778438170,4989,117.62556472737701,289.02367101366684
1778438170,4990,123.45338003843658,123.83029784464013
1778438170,4991,496.8343514273689,44.594126806293445
1778438170,4992,198.63990856258755,155.996186433291
1778438170,4993,312.2457981808716,84.05332297127688
1778438170,4994,374.8434490624889,226.36599554508672
1778438170,4995,452.1934105828581,200.97500415892725
1778438170,4996,332.5058766045237,65.75667938226614
1778438170,4997,275.56867262368183,89.06419511113566
1778438170,4998,218.20934108812904,60.27987757626087
1778438170,4999,176.22473357244814,67.3968962432542
1778438170,5000,203.8489466543227,108.77524374954879
1778438170,5001,136.9973208832038,131.33725979521427
1778438170,5002,282.99528475575283,72.75347973892643
1778438170,5003,487.192723367319,231.649301439938
1778438170,5004,233.61650695955166,77.69759295502848
1778438170,5005,231.74434688562496,52.471932502197234
1778438170,5006,694.9436603397232,46.378042853385814
1778438170,5007,470.56895792421534,64.62688986920595
1778438170,5008,623.2142953686647,59.21574936652461
1778438170,5009,361.7110348963375,315.76385128335704
1778438170,5010,337.85201683665264,67.80781373285602
1778438170,5011,450.6683716031128,128.73892873056826
1778438170,5012,519.8948793626791,106.07886164550331
1778438170,5013,388.3813231574312,68.40422691771893
1778438170,5014,438.158052267618,252.09820362892523
1778438170,5015,316.4005815628699,247.2046311638886
1778438170,5016,342.51838182483976,82.22062214958687
1778438170,5017,269.22493690048327,70.89982998697043
1778438170,5018,868.8365283949145,145.284527131295
1778438170,5019,394.9828011376657,98.45301682805854
1778438170,5020,419.93720338130146,49.60452427387558
1778438170,5021,386.25709853280415,38.87230135436265
1778438170,5022,286.51887788416224,176.68955633854668
1778438170,5023,104.64304912733554,43.2530629465925
1778438170,5024,407.3430449683179,82.00814032473156
1778438170,5025,386.5154359060558,69.62769780198155
1778438170,5026,704.2200583744265,66.4456026411766
1778438170,5027,154.36764934625694,34.6616496706363
1778438170,5028,526.2138468906774,92.25208350292262
1778438170,5029,419.0883915600453,107.2272163945942
1778438170,5030,92.61922276899008,84.25562454331317
1778438170,5031,136.19737910537634,108.30653044166304
1778438170,5032,318.1657849677273,156.4568978782709
1778438170,5033,246.40363933253946,102.88421804585397
1778438170,5034,152.56710528744136,20.213133937991728
1778438170,5035,322.5751739068752,278.2065061040848
1778438170,5036,450.3409264081733,55.721088307179016
1778438170,5037,336.7320465130431,89.03171778253387
1778438170,5038,85.68515492724856,50.50536393781718
1778438170,5039,247.1151792291289,202.87608298373723
1778438170,5040,264.0829051337581,29.6583441299342
1778438170,5041,126.05836680231164,233.84598713302282
1778438170,5042,435.4028630395001,71.97463901775758
1778438170,5043,593.1925023285557,160.52082539033893
1778438170,5044,302.7074652346249,58.01363488528013
1778438170,5045,227.93368623018227,32.46507694647101
1778438170,5046,659.9383716887324,80.08100598076828
1778438170,5047,260.8274406876813,110.15676394577231
1778438170,5048,146.77208391011368,23.23300050620805
1778438170,5049,158.63548289334014,88.03687577614512
1778438170,5050,492.061031706859,376.75808067459315
1778438170,5051,372.0433016371081,166.104602806989
1778438170,5052,592.6310898561691,118.78564381491479
1778438170,5053,179.86007299414763,47.525260425255226
1778438170,5054,192.21401817330752,145.23329511635316
1778438170,5055,746.2627946302466,70.65105147086453
1778438170,5056,223.39215055661197,78.86426579732047
1778438170,5057,442.93942089090564,71.38485016847831
1778438170,5058,470.89832547039623,203.59259439102345
1778438170,5059,726.4809613076508,207.68893655041126
1778438170,5060,83.76192021478762,46.96416834383298
1778438170,5061,291.6302841081548,41.671837937864545
1778438170,5062,124.86206533512848,118.56527466200315
1778438170,5063,614.7387330250708,216.12867627893922
1778438170,5064,316.71181459911116,158.60415044262317
1778438170,5065,312.9003426290059,55.073166531802734
1778438170,5066,381.30982147070233,147.16235352034522
1778438170,5067,283.00669841438764,80.95299685474255
1778438170,5068,183.32510476607177,69.3809195025131
1778438170,5069,500.06671860690807,69.73651770745269
1778438170,5070,712.5989610619156,111.50419652075328
1778438170,5071,462.91361028691483,166.58595245930292
1778438170,5072,452.951022931223,91.63546073072578
1778438170,5073,435.37730967569405,301.81195530329677
1778438170,5074,209.3941345775248,356.77217426571315
1778438170,5075,743.4589319961216,103.240381686255
1778438170,5076,126.38492138150055,26.171055251167843
1778438170,5077,386.23091769892613,138.6097659743013
1778438170,5078,398.93550440321815,51.476431921329656
1778438170,5079,355.9243349777917,33.80742848500723
1778438170,5080,393.942312031296,111.93363420091353
1778438170,5081,298.4571389837093,121.90863481874187
1778438170,5082,334.7692579004287,48.2989266132024
1778438170,5083,426.3484052477038,64.69124444949286
1778438170,5084,120.38245088640639,114.97540580102444
1778438170,5085,154.5061241921605,24.106511975571614
1778438170,5086,273.148286975371,125.33856076664955
1778438170,5087,149.5593065988868,54.92205822499127
1778438170,5088,519.9974505493375,172.500045672256
1778438170,5089,398.42686125992043,325.46702857930876
1778438170,5090,130.263897554214,30.712277996559845
1778438170,5091,384.2961482902388,42.37256936268905
1778438170,5092,411.79043523191757,89.4114915279996
1778438170,5093,448.6426994428262,37.10628991285238
1778438170,5094,197.1494820149868,79.06711955758463
1778438170,5095,706.6715158879207,327.70199831624603
1778438170,5096,142.3904310738001,29.047936384024002
1778438170,5097,166.78066711439809,52.3553233493478
1778438170,5098,296.42941125858835,184.6743750786417
1778438170,5099,157.83155676246116,25.3485001464734
1778438170,5100,408.81107236483973,41.70389925528789
1778438170,5101,223.61984281744532,89.9647620657662
1778438170,5102,284.2837086681027,175.3898794557164
1778438170,5103,493.68218343265244,117.16882532612482
1778438170,5104,259.591585493723,254.67253537833074
1778438170,5105,249.6065025605189,40.70165396348642
1778438170,5106,180.27435894072127,95.80862407700589
1778438170,5107,408.8646825525813,39.8957512399213
1778438170,5108,103.28628979754173,31.128789042385893
1778438170,5109,104.24554000135302,29.93320015096265
1778438170,5110,210.5452663228434,166.74077205763066
1778438170,5111,186.25415345381882,107.8583376352246
1778438170,5112,298.95861281421253,45.19302382316156
1778438170,5113,430.9201322893285,147.04713172268902
1778438170,5114,96.49685229543282,37.196021832987704
1778438170,5115,217.8564679519776,82.29234961604432
1778438170,5116,458.8429039704689,335.27116515135634
1778438170,5117,260.8972469493771,43.153380576228805
1778438170,5118,435.6648309664699,76.78541059757607
1778438170,5119,279.79356132888614,25.665521940066817
1778438170,5120,117.61353938143162,33.43242096351729
1778438170,5121,400.10121183077484,69.60565439105561
1778438170,5122,225.3890636808178,75.96977460314979
1778438170,5123,769.9111183631952,142.8573919962028
1778438170,5124,413.9317469579267,74.41600753602265
1778438170,5125,453.4961721396611,84.64084731298922
1778438170,5126,291.153726346159,319.39379717533404
1778438170,5127,193.81197445465594,62.11470787149864
1778438170,5128,538.518816323983,45.8134553644802
1778438170,5129,195.22763495389856,125.54367602630893
1778438170,5130,399.00928971618,91.54509944905949
1778438170,5131,364.2602608358488,102.95679676320286
1778438170,5132,293.38796475887085,330.3200727111342
1778438170,5133,443.2092778569541,175.04757740310038
1778438170,5134,276.20706163221115,105.24564655172607
1778438170,5135,164.27891537963612,147.79125406200163
1778438170,5136,318.3232833213057,153.88386578042582
1778438170,5137,672.9423512858248,46.34702965561152
1778438170,5138,337.0165672034427,34.09743772982993
1778438170,5139,96.82959378530906,26.023662020057856
1778438170,5140,562.7963747066601,88.41487429797795
1778438170,5141,418.4623165511095,46.442237922885674
1778438170,5142,350.1187756054229,41.19187328225162
1778438170,5143,231.93611283610326,187.00200080806377
1778438170,5144,273.2997087903999,164.21847567409185
1778438170,5145,219.66580652467587,76.03158897562103
1778438170,5146,447.28984773057954,251.7881591191589
1778438170,5147,340.55966706367883,97.41307674405243
1778438170,5148,148.4031774066973,181.07432688137783
1778438170,5149,116.59814539208136,96.07688486969218
1778438170,5150,228.19517212009822,258.6559379570395
1778438170,5151,132.25513299817092,62.93832272721518
1778438170,5152,650.7211784237097,61.78356264881343
1778438170,5153,368.29685146621495,41.3363546072216
1778438170,5154,252.2745127194861,96.04679020084244
1778438170,5155,122.10175037611339,23.299610998561054
1778438170,5156,265.02516538774216,177.17008726277368
1778438170,5157,673.8593486968841,77.97032376425376
1778438170,5158,271.2682855811098,155.88618912655895
1778438170,5159,523.8894073528139,151.16291766034547
1778438170,5160,288.21510578331254,223.69218221448278
1778438170,5161,77.09979347041529,82.23402625798148
1778438170,5162,300.91111861636244,228.4340281365887
1778438170,5163,443.01511041002937,92.10211945563805
1778438170,5164,135.0756059408105,28.306317483866696
1778438170,5165,201.43931048269528,139.76978145836182
1778438170,5166,705.5936511466144,148.220967001722
1778438170,5167,446.56542368381093,35.73942045631438
1778438170,5168,428.6997545617677,150.59520521868842
1778438170,5169,713.2641861752904,129.94065961212502
1778438170,5170,435.80851461417274,108.28661738821681
1778438170,5171,553.1821820031911,80.53152701224647
1778438170,5172,130.7528648279838,159.99611070805312
1778438170,5173,432.3445717668413,90.09488626796852
1778438170,5174,870.5913695127114,47.41133709573173
1778438170,5175,417.340211024787,107.59882878402962
1778438170,5176,256.1668495335813,64.05232644677622
1778438170,5177,133.69112979103798,115.15247163840839
1778438170,5178,223.062710873508,57.38625280277135
1778438170,5179,190.7493785498255,51.39540263298196
1778438170,5180,349.4241137575653,71.22631871793887
1778438170,5181,194.0374475986048,78.40547898123732
1778438170,5182,106.30908736367958,27.780707748952008
1778438170,5183,277.01725029838576,46.52898791351025
1778438170,5184,148.0904329450622,52.179698427365985
1778438170,5185,331.11694348431723,296.60675226072675
1778438170,5186,549.2851531168076,40.39055737860803
1778438170,5187,150.9650440700697,45.85498845727677
1778438170,5188,285.9234531703769,83.07507359675556
1778438170,5189,760.598899303297,124.31651424576508
1778438170,5190,500.36668715276534,57.2773153084278
1778438170,5191,132.61209503293026,143.58105477177895
1778438170,5192,208.93285346277165,137.70146824931916
1778438170,5193,387.2768128228965,131.85590630236356
1778438170,5194,527.7178351794354,198.8726535135971
1778438170,5195,431.59508007471027,132.03519529739717
1778438170,5196,362.0424498589805,305.92550575294393
1778438170,5197,251.62229322910326,190.93960982180278
1778438170,5198,194.93192116867934,97.2822846105203
1778438170,5199,324.2400230216214,45.709986960829795
1778438170,5200,297.9922805357526,149.39340485674347
1778438170,5201,343.4029683979538,93.32926666694067
1778438170,5202,390.6170663940641,75.58955978051262
1778438170,5203,394.23347822303174,103.46864232900423
1778438170,5204,488.58892243146147,114.64954671836395
1778438170,5205,296.2784357400087,180.83026544874414
1778438170,5206,582.6831786815235,163.12512958259015
1778438170,5207,195.5724391635827,32.38674988800167
1778438170,5208,298.4800746294278,116.35088866881044
1778438170,5209,141.91419300806365,72.45672882136158
1778438170,5210,188.45178962068547,289.2020860126968
1778438170,5211,370.2908418783411,57.6304522182655
1778438170,5212,576.3111177007382,79.30159108626003
1778438170,5213,83.39595838411367,69.35634854686744
1778438170,5214,466.46992670146284,188.65743710735038
1778438170,5215,178.909836238851,141.93478164362202
1778438170,5216,187.99000403839509,205.7880764040764
1778438170,5217,96.82857288907677,47.1119589696597
1778438170,5218,70.80680245475644,34.289477032225996
1778438170,5219,529.6674146566279,262.91339641304
1778438170,5220,86.03054563161812,49.20754011899698
1778438170,5221,113.92351967109268,96.80236904469119
1778438170,5222,382.46310471083615,53.815753156731965
1778438170,5223,896.7470449422707,73.17670756073159
1778438170,5224,136.15127304455484,28.518525483075532
1778438170,5225,335.52208699500846,39.641029065065794
1778438170,5226,229.0565689010602,100.95582805000375
1778438170,5227,142.40053305732044,36.104265313768536
1778438170,5228,412.2102549304802,86.53876052125533
1778438170,5229,291.7429443131163,46.51345883189497
1778438170,5230,391.8823352622916,87.85612696333672
1778438170,5231,448.50203418941993,103.89264066219503
1778438170,5232,308.2688495128299,114.39643955196708
1778438170,5233,341.04548669287846,67.35305275930789
1778438170,5234,736.8513669464,75.50693092875764
1778438170,5235,353.76603118888596,54.087935759650655
1778438170,5236,726.4084732089804,89.49961215382808
1778438170,5237,311.41965067574034,27.972753991404076
1778438170,5238,315.9045166511122,115.24526599352711
1778438170,5239,273.70069928163224,181.59275453547738
1778438170,5240,869.7574560181492,126.617003444342
1778438170,5241,288.3439168325787,133.1967191135824
1778438170,5242,695.2596817622945,221.4070395312936
1778438170,5243,376.4793933178294,78.120458181227
1778438170,5244,269.5885025444649,156.72628383154367
1778438170,5245,271.2938520774457,57.922314451725136
1778438170,5246,185.04629587498377,62.6842742520327
1778438170,5247,526.1296524360406,158.17322608806617
1778438170,5248,193.24078395381446,111.83468017980026
1778438170,5249,428.2519712592869,177.13548887631336
1778438170,5250,342.2888224304393,45.066034565695155
1778438170,5251,779.8589156591634,69.96346853228489
1778438170,5252,304.29731984426195,319.5368029704308
1778438170,5253,128.0891290896705,89.25058672504487
1778438170,5254,321.1264694021158,276.1869221920756
1778438170,5255,171.5351522261598,182.4623821504891
1778438170,5256,501.1482826617313,73.64446954053503
1778438170,5257,705.8355385981109,37.15472586890495
1778438170,5258,114.065549382502,61.675544955968874
1778438170,5259,702.6785657405044,81.85948672457702
1778438170,5260,338.8875769091042,41.34692862428827
1778438170,5261,260.31917610980486,28.346014307817942
1778438170,5262,265.07210327919745,37.943815993241834
1778438170,5263,316.14968419501923,113.8781364710896
1778438170,5264,100.50781311798522,48.30038332132565
1778438170,5265,696.6217644421558,129.61382705394192
1778438170,5266,128.931533332771,255.78770148943465
1778438170,5267,283.2437233623367,312.30406828584427
1778438170,5268,183.43636898755065,228.434865100202
1778438170,5269,249.27061507776074,53.899633936435194
1778438170,5270,335.9877505202791,77.69760674097104
1778438170,5271,311.6006123564126,159.44366660554732
1778438170,5272,446.6561126000613,168.88195641818737
1778438170,5273,277.91952650862277,52.76053912372118
1778438170,5274,291.0998690842621,61.10125250909854
1778438170,5275,235.6227360915796,273.6926723747075
1778438170,5276,266.6142256987903,191.2721523819325
1778438170,5277,328.7733559809666,147.1357135341342
1778438170,5278,396.2468192724849,43.41260336875863
1778438170,5279,137.3455660487646,123.01664306375983
1778438170,5280,361.77862436225297,89.15130369386006
1778438170,5281,104.93034631179614,87.90695181833011
1778438170,5282,107.22259362241763,74.51352583398527
1778438170,5283,116.37622231827201,38.764685843456505
1778438170,5284,81.82680512005162,70.56380455189996
1778438170,5285,433.36806260993717,187.4369934918137
1778438170,5286,194.63651717465845,98.29378367182039
1778438170,5287,619.2272489513981,213.6974311489294
1778438170,5288,657.3346186936818,221.38226490778843
1778438170,5289,233.48182203921291,207.63024510962438
1778438170,5290,518.9672848416017,267.47062482342466
1778438170,5291,423.62001245108826,127.49841873479029
1778438170,5292,518.6942545215343,106.65471366767113
1778438170,5293,143.67718588846927,26.642269263353423
1778438170,5294,354.1257944033126,115.01641882218225
1778438170,5295,185.4390646774822,37.514641799929414
1778438170,5296,265.8425175940388,286.39608207833544
1778438170,5297,209.9059382744379,62.515616279031
1778438170,5298,200.08284521809324,188.39857803312708
1778438170,5299,425.4629735290841,93.59180560374155
1778438170,5300,266.5687679822053,139.08265299621115
1778438170,5301,212.46814588756297,68.34788116786105
1778438170,5302,297.02613848202134,237.7591804269614
1778438170,5303,340.3695468529726,146.60817232626977
1778438170,5304,266.56289162610597,308.89473715268184
1778438170,5305,140.70552105892892,59.25849030439948
1778438170,5306,408.4747860195655,217.24131034988818
1778438170,5307,308.27618891362226,120.81430185537788
1778438170,5308,285.4486763034425,57.7042461043806
1778438170,5309,320.6079637448897,77.8604719056896
1778438170,5310,238.80091587335286,282.5213707791001
1778438170,5311,286.29841768864674,88.12658994239972
1778438170,5312,408.4630579229685,138.68711658970005
1778438170,5313,176.2829033244885,68.30974190162995
1778438170,5314,269.7778142573273,50.8159524355615
1778438170,5315,477.4861957355598,349.4567747824922
1778438170,5316,465.8861700792189,122.39013134993542
1778438170,5317,419.1083640801941,47.093681345358675
1778438170,5318,176.3400386219021,93.90857332120693
1778438170,5319,203.49056276293175,65.32003392369819
1778438170,5320,139.84278431149133,163.23010499197184
1778438170,5321,340.4496505502419,181.512994344708
1778438170,5322,404.5765216337708,70.69373067637687
1778438170,5323,614.2437360617129,109.06610940191507
1778438170,5324,227.57317209321567,63.80005403931248
1778438170,5325,302.8155637032644,22.18901370615577
1778438170,5326,246.28232464778029,29.220288752555774
1778438170,5327,345.66361345372235,233.05527220052363
1778438170,5328,185.60205449388422,228.5978017887143
1778438170,5329,239.63296785218634,171.93747679670557
1778438170,5330,136.69109196440021,139.4772946575875
1778438170,5331,780.8753091738458,53.72725585978646
1778438170,5332,577.6808435540298,50.92408633396725
1778438170,5333,452.6578770396451,189.67975814070763
1778438170,5334,598.9302712540683,148.59500358906234
1778438170,5335,108.78368926474887,54.13619552370528
1778438170,5336,647.0944730069969,48.52960588750658
1778438170,5337,199.53574560907666,111.98842933382495
1778438170,5338,328.5178096052165,298.7415434203848
1778438170,5339,368.28687073981104,37.59570322588034
1778438170,5340,272.6801398006456,117.03667588742982
1778438170,5341,268.71044882211095,195.3431784068018
1778438170,5342,819.6434719860464,336.50721079485754
1778438170,5343,260.99709894889514,179.64487056442852
1778438170,5344,150.08841438871988,117.88053433552734
1778438170,5345,360.0162214150991,89.87866498147804
1778438170,5346,231.73873442574995,124.33303787801253
1778438170,5347,79.06719010731322,37.39968444581998
1778438170,5348,254.71849917534624,30.507313839411502
1778438170,5349,490.9953422846501,169.92673627809367
1778438170,5350,242.54268840345597,123.14198376223777
1778438170,5351,424.368175786411,69.57763986010367
1778438170,5352,221.48778720161135,187.76397469964243
1778438170,5353,288.7901233288898,80.27920462989722
1778438170,5354,369.891224085483,94.29958731572866
1778438170,5355,313.1673850442858,139.7795886874389
1778438170,5356,278.25664036449973,98.33986783850357
1778438170,5357,459.77296006231126,192.667059771897
1778438170,5358,308.97022529936856,65.55034296121984
1778438170,5359,156.90327977080707,198.38829901344909
1778438170,5360,451.39000195653,81.96520567948986
1778438170,5361,889.9175671599461,229.04357855234832
1778438170,5362,404.05427325756676,108.53167095066605
1778438170,5363,486.5728126207301,91.18593090560859
1778438170,5364,177.14850424030578,33.00799859485145
1778438170,5365,295.18364747899113,58.043802095055035
1778438170,5366,339.37021252215465,213.12361836676482
1778438170,5367,371.54157050140054,68.12118108603175
1778438170,5368,322.1023021168072,73.77138090167709
1778438170,5369,379.64921194240475,56.034455372167635
1778438170,5370,403.24319053482157,50.83192558308696
1778438170,5371,700.5393254729925,61.42229981868817
1778438170,5372,278.5839756178952,86.28228031779602
1778438170,5373,348.5223329891509,108.22240942415867
1778438170,5374,361.7411045879005,146.5306850221642
1778438170,5375,107.25161099286188,64.87362737888834
1778438170,5376,376.3381293457577,34.353190571545674
1778438170,5377,153.64169887938593,214.99625965830353
1778438170,5378,199.9067061147286,78.8113741738622
1778438170,5379,110.45656117624875,120.70667176600259
1778438170,5380,332.6057434015919,32.68132165686344
1778438170,5381,465.6744240164683,259.9803033825896
1778438170,5382,306.75168871664835,87.70940949133929
1778438170,5383,285.01656442430965,50.59130523865063
1778438170,5384,448.30312526652483,173.27926458464424
1778438170,5385,233.9475096286913,244.36244565966172
1778438170,5386,647.145123634597,82.35082013929747
1778438170,5387,502.8779580884227,305.38083978737075
1778438170,5388,306.3901351258833,111.06028876125897
1778438170,5389,190.0602432569553,110.42813246710756
1778438170,5390,221.27666205465792,48.51155150516954
1778438170,5391,128.62239533958405,49.73945329652487
1778438170,5392,160.4188994167341,81.1646549705257
1778438170,5393,98.62081033186234,30.34383574945241
1778438170,5394,309.95142437659666,97.99021484314777
1778438170,5395,349.1847361250279,221.33743477947826
1778438170,5396,142.4874620308089,182.40048536084925
1778438170,5397,276.55622565997,26.654289365086186
1778438170,5398,194.53496152397858,42.409705011096854
1778438170,5399,200.16065747580885,58.91631327117507
1778438170,5400,210.42241405304858,76.87201203630138
1778438170,5401,459.06264675565103,130.29572272835037
1778438170,5402,1434.6636647456735,192.98421119948298
1778438170,5403,569.86771877584,120.20127195711967
1778438170,5404,650.3517697549446,40.72985400213257
1778438170,5405,152.19152394437594,338.51032470880955
1778438170,5406,385.0910255754477,311.43378855885345
1778438170,5407,168.9110513530157,141.08862343391007
1778438170,5408,439.6409570147961,38.600202147890215
1778438170,5409,354.322256456926,281.44830736730813
1778438170,5410,418.09455440484027,162.72562999140894
1778438170,5411,101.84020358251041,203.8102241867915
1778438170,5412,181.94191362832308,85.22658570754615
1778438170,5413,432.5268708404417,138.94892444541242
1778438170,5414,448.921693081049,98.90864259892666
1778438170,5415,288.2262826562103,170.16999479829707
1778438170,5416,555.4868479383339,140.10824683951563
1778438170,5417,381.39162052175243,46.80779971838415
1778438170,5418,366.668384266725,140.8030408300267
1778438170,5419,578.3519582049373,211.94758762510585
1778438170,5420,314.0918825398222,19.816588371926148
1778438170,5421,412.54543891324414,243.84749644815074
1778438170,5422,200.43100630328394,73.71780033249163
1778438170,5423,726.0446627850255,210.47332936407935
1778438170,5424,209.37415131242125,131.4290272260316
1778438170,5425,388.2353886638721,233.881437734516
1778438170,5426,332.5709211027682,175.90528762217895
1778438170,5427,265.1173506366672,82.61526738222918
1778438170,5428,254.97642806676063,69.986805970067
1778438170,5429,560.3024313575685,231.28155703535742
1778438170,5430,415.3470676845816,135.38170032636177
1778438170,5431,523.5916382270361,185.04535888692075
1778438170,5432,205.21704144063256,41.384467422706976
1778438170,5433,187.46283029398708,81.33080031324562
1778438170,5434,237.62480244691218,92.54590366014733
1778438170,5435,207.98138534826327,69.76851737033837
1778438170,5436,154.88731311089387,50.16928307386305
1778438170,5437,469.9029602740902,296.89814443992
1778438170,5438,749.9444320295748,214.69234429975995
1778438170,5439,160.5797025509859,81.93437384998116
1778438170,5440,528.2967068055566,109.22951575741426
1778438170,5441,304.9141866510152,60.645841314176806
1778438170,5442,118.59506280447515,59.296975592371346
1778438170,5443,139.66197790121967,20.524184293569622
1778438170,5444,202.72762388111568,168.6992403638033
1778438170,5445,416.0803236560073,80.7834415954145
1778438170,5446,496.0686368539382,80.72166191833277
1778438170,5447,113.00154510189013,33.206548304258654
1778438170,5448,79.39808301983965,31.31908612352906
1778438170,5449,133.38157669650386,23.42580187202116
1778438170,5450,364.23446530433927,262.65366987110696
1778438170,5451,430.1073144401671,136.42845932025227
1778438170,5452,401.9830632626386,99.3867077976161
1778438170,5453,90.05258235188323,68.48320225497136
1778438170,5454,159.6667355503738,41.90020226324985
1778438170,5455,987.8448903837548,112.14437398295362
1778438170,5456,237.38838414814492,85.9911462307464
1778438170,5457,123.50218084734905,118.30466237888358
1778438170,5458,154.86394689438512,229.4574561247697
1778438170,5459,517.6930840453193,26.108821724448898
1778438170,5460,178.99807671641233,130.7047672127657
1778438170,5461,655.112033290638,68.01840787236812
1778438170,5462,595.398127369362,333.40352802489866
1778438170,5463,128.9097555105665,46.03484598775205
1778438170,5464,275.87864780142627,36.11670541806842
1778438170,5465,194.70959952638663,73.35428767415608
1778438170,5466,151.87146271730137,135.00999380954218
1778438170,5467,336.29028795844744,268.0478161676857
1778438170,5468,650.5763608819655,94.05211019759136
1778438170,5469,476.1481966468992,156.13222739657732
1778438170,5470,277.21078349131386,121.48319328407756
1778438170,5471,463.12410140838585,76.94953913272376
1778438170,5472,187.17168786092498,197.20715042765457
1778438170,5473,305.05218658996006,144.80993373630386
1778438170,5474,435.85596944108846,192.6055110801612
1778438170,5475,933.383080821976,104.05010430350171
1778438170,5476,298.5635137161143,59.98731969634874
1778438170,5477,147.10894679238464,69.54606726431516
1778438170,5478,405.1912861378518,109.52392821287002
1778438170,5479,430.3585227815505,117.93977675738492
1778438170,5480,266.5990024529118,127.22402892206372
1778438170,5481,330.49319653974914,124.29074452583339
1778438171,5482,856.3049256066246,138.89649391438363
1778438171,5483,370.97126036361254,199.14960265293865
1778438171,5484,485.972871559212,42.625221776732644
1778438171,5485,655.9377971039562,82.57115439260534
1778438171,5486,346.522491061631,124.25005824802177
1778438171,5487,461.89944245660206,60.13825490317401
1778438171,5488,298.53778322335467,67.93448456483584
1778438171,5489,517.6729918381759,151.1383641116406
1778438171,5490,135.19457735075878,161.91658317847478
1778438171,5491,555.5760206616245,70.12479238063342
1778438171,5492,238.13555769711215,60.56377142835913
1778438171,5493,279.5664424264816,29.198000668546456
1778438171,5494,258.2573957036681,28.20288344178432
1778438171,5495,451.7669056043478,46.9858035705751
1778438171,5496,371.35110728362395,125.16550762582536
1778438171,5497,639.257683977554,97.51051535371963
1778438171,5498,219.01064562595548,39.09115447864719
1778438171,5499,528.7422685389395,52.63975389265827
1778438171,5500,177.72869469444447,138.83965260964104
1778438171,5501,405.52093900223133,121.77927248102513
1778438171,5502,1435.207571513156,218.4072309182914
1778438171,5503,354.8927321757621,83.78756123371421
1778438171,5504,438.30359639679926,37.9926757913378
1778438171,5505,785.0477953180075,169.72106744919657
1778438171,5506,193.69687820226986,178.42533517436422
1778438171,5507,414.4228473451543,58.91827273568143
1778438171,5508,532.3654261509711,151.66214943067882
1778438171,5509,365.75101903919517,119.31597633550342
1778438171,5510,111.23389263516516,79.59483565571443
1778438171,5511,333.31096461688884,116.80695187230403
1778438171,5512,176.99833137751355,38.776622464284216
1778438171,5513,470.42382866970536,223.42555596326795
1778438171,5514,117.0559825675085,82.81374227196788
1778438171,5515,375.6738744641706,70.29840747755378
1778438171,5516,317.16306948222467,166.44680645736372
1778438171,5517,664.9000381998073,129.95761704204207
1778438171,5518,631.6302271635764,205.82546374231976
1778438171,5519,324.98126568739264,63.727983300927974
1778438171,5520,364.80400012584573,171.21131700021746
1778438171,5521,249.75403600541046,38.986705065062466
1778438171,5522,94.37440243606106,144.3224556502907
1778438171,5523,182.12166604514684,129.6869422693872
1778438171,5524,144.84986368458328,49.12975771410376
1778438171,5525,320.1615485256727,54.72786822638925
1778438171,5526,244.79467056518266,185.6091037497486
1778438171,5527,219.3014112319358,52.299421043067426
1778438171,5528,359.7077484883119,114.46146129475173
1778438171,5529,133.83238564803827,107.46356661836671
1778438171,5530,301.7347114369381,113.77068786259362
1778438171,5531,235.86301264114695,60.174639349636614
1778438171,5532,363.9439943114654,103.970968000813
1778438171,5533,925.5069848014604,70.4708072234721
1778438171,5534,400.30177059995606,83.3825063234805
1778438171,5535,586.1865938676254,96.01155536481153
1778438171,5536,163.5760394880766,53.95321242183515
1778438171,5537,92.83915427041364,86.58359687352414
1778438171,5538,603.2133409040401,127.65734900795681
1778438171,5539,211.39559805698585,39.270131134924064
1778438171,5540,334.87149601908465,49.261533288408465
1778438171,5541,193.00439253916957,63.61731837684538
1778438171,5542,314.6324350818409,84.1320697757532
1778438171,5543,129.7040267349139,69.54183818731198
1778438171,5544,240.33293525643091,34.20317137457048
1778438171,5545,220.1843910472566,166.67726895346672
1778438171,5546,462.49710072542695,53.22781995777777
1778438171,5547,89.85133705776458,34.383024460570056
1778438171,5548,168.42035488755215,146.63386600937818
1778438171,5549,424.3543533150746,32.106810714831774
1778438171,5550,549.083622756509,104.98489559641915
1778438171,5551,178.191988416519,60.935131960062385
1778438171,5552,103.39862888339786,128.31691346613243
1778438171,5553,345.2755078935907,79.87738040358376
1778438171,5554,353.82817119476,60.61827916966064
1778438171,5555,375.12161673553675,88.20905440066804
1778438171,5556,199.2494547734752,95.62173458941457
1778438171,5557,608.8820448273145,87.614119135367
1778438171,5558,295.81618672443983,140.19924389149324
1778438171,5559,223.8841143776109,178.20787608469027
1778438171,5560,379.41206120557445,22.08548648634891
1778438171,5561,248.0033221764925,51.715601472441115
1778438171,5562,85.46226890846815,57.410905689030315
1778438171,5563,650.9658241684537,86.50945135873783
1778438171,5564,231.94243381953976,104.53824315972649
1778438171,5565,235.9851891611001,53.502962010294304
1778438171,5566,243.5806535292282,259.53444408873685
1778438171,5567,519.3667126388617,26.321455945809234
1778438171,5568,261.5309473214071,55.72221975394138
1778438171,5569,227.6927462852529,93.71008681172506
1778438171,5570,211.04373842053744,38.95049353638573
1778438171,5571,161.07345247898934,98.62975024890551
1778438171,5572,311.9516235878771,121.90017855709534
1778438171,5573,331.57194045376286,21.863713809763773
1778438171,5574,133.40208911804152,79.96774354292883
1778438171,5575,264.89761343368696,261.75887833163466
1778438171,5576,279.32174542059573,37.43066709810068
1778438171,5577,311.3281796161133,135.55201805918725
1778438171,5578,129.10107746906758,125.69325612455938
1778438171,5579,295.8685600908327,126.95503618700222
1778438171,5580,678.3398999672513,50.17032288620541
1778438171,5581,136.9560948773636,59.319993569779946
1778438171,5582,375.9997631888733,102.1981226567445
1778438171,5583,637.5229259618982,239.56494931564723
1778438171,5584,449.40406070937354,190.35052622221738
1778438171,5585,697.8603446521557,45.23025455367763
1778438171,5586,131.0976566825796,180.73686190380172
1778438171,5587,155.76197734549442,139.57263217801435
1778438171,5588,430.91133143930824,50.29754143156262
1778438171,5589,357.35773495416686,266.09169216768123
1778438171,5590,314.90512418098916,46.283939871298735
1778438171,5591,359.1561414906061,94.04339616289975
1778438171,5592,395.51005288125384,99.49194606601814
1778438171,5593,185.9886918791991,84.04902263179603
1778438171,5594,232.95171897350568,76.60358293446723
1778438171,5595,175.88736895472013,108.0699127905263
1778438171,5596,559.5313457010762,71.77213601911053
1778438171,5597,345.6889597423934,248.8446695255451
1778438171,5598,258.5882192833155,217.77289247168747
1778438171,5599,352.017476273007,29.171299302818277
1778438171,5600,288.08431557592144,131.93033087216932
1778438171,5601,243.8570113367622,40.034198880575005
1778438171,5602,352.0304118990853,39.61618991349201
1778438171,5603,784.5419784227381,107.84409064973183
1778438171,5604,150.31846710897815,70.81899441458903
1778438171,5605,597.0760822087261,45.42436041959408
1778438171,5606,316.60896178690973,42.17920013654581
1778438171,5607,382.2256264516153,42.33639591191257
1778438171,5608,268.25514082682605,41.444201659901275
1778438171,5609,438.041926610504,26.909773483392033
1778438171,5610,315.74811142450585,90.8892511380807
1778438171,5611,281.90988924333016,77.60286270557225
1778438171,5612,243.32261667383722,48.82778245395776
1778438171,5613,261.6361823116322,160.97495033241512
1778438171,5614,192.55386381679435,88.03662981301062
1778438171,5615,247.69929354038715,46.21093807619411
1778438171,5616,1371.4328510644364,78.01321596018502
1778438171,5617,224.29974499643237,46.661839271244745
1778438171,5618,324.80386084096216,148.25285018459084
1778438171,5619,211.18380726685825,115.69823361867358
1778438171,5620,506.33433317096416,121.17656437150886
1778438171,5621,150.38527749059693,72.3195430505103
1778438171,5622,353.08467718467625,40.344205761388494
1778438171,5623,354.58718367155825,123.90102510807085
1778438171,5624,493.58268907820315,250.42307388493174
1778438171,5625,188.09460481075334,37.44953265684794
1778438171,5626,568.0055197366464,94.16573254541827
1778438171,5627,418.438570992638,273.74526656527826
1778438171,5628,312.71283162787233,55.469827538509755
1778438171,5629,375.49902220621186,211.46436131730619
1778438171,5630,188.15026773354197,147.80226195468572
1778438171,5631,297.60669077111163,33.19141357461167
1778438171,5632,282.6727439191179,87.61789972376204
1778438171,5633,403.80171634439466,91.52962625692427
1778438171,5634,366.2567281292435,56.26487913091577
1778438171,5635,248.6620997793107,116.73162304842424
1778438171,5636,860.9228597569489,98.54186267378266
1778438171,5637,703.5415615031048,96.88857550524762
1778438171,5638,343.802576986236,212.8647325907079
1778438171,5639,572.3193992057272,107.85761145595849
1778438171,5640,648.2417849483403,59.318898344248254
1778438171,5641,168.72285105490786,39.38338191342717
1778438171,5642,432.69784405077115,40.27975082866668
1778438171,5643,212.16177209011576,25.404521115305233
1778438171,5644,159.28549420720805,130.6298502250294
1778438171,5645,406.38741488361904,290.3590342497618
1778438171,5646,785.0733042612858,186.5576539693732
1778438171,5647,352.1360390950178,48.93896472887285
1778438171,5648,270.61734441480417,40.10735811439794
1778438171,5649,825.9389197867458,205.38693177730374
1778438171,5650,406.6341073866288,187.49113650181698
1778438171,5651,304.1620191422285,39.599587780314856
1778438171,5652,293.0248252800036,104.06572295388183
1778438171,5653,427.37479762312677,110.68320182129146
1778438171,5654,321.94439490196913,159.50051416136665
1778438171,5655,404.48022879654275,72.54436371733844
1778438171,5656,407.76903653062124,72.15599695952723
1778438171,5657,750.7282366858119,49.98021497696971
1778438171,5658,282.27703505937046,78.33492976168463
1778438171,5659,427.1585439493273,121.88148622617695
1778438171,5660,326.49651229079717,260.53505339012435
1778438171,5661,152.93941470028494,56.21159918212142
1778438171,5662,199.1081382217895,114.04397263726737
1778438171,5663,290.86453661498075,167.58692980341783
1778438171,5664,883.1655430511854,84.62489965104274
1778438171,5665,276.5430100517955,158.44111614377567
1778438171,5666,145.8493004139131,37.972803809538085
1778438171,5667,367.04505038511314,77.34218934678283
1778438171,5668,327.9841694266808,88.2618363852247
1778438171,5669,303.6102376264034,72.92923639166324
1778438171,5670,380.5977884045426,80.503251434199
1778438171,5671,318.69488496484735,180.34856561421478
1778438171,5672,322.66011641997613,60.365632904684816
1778438171,5673,104.12892213831698,38.5668937132352
1778438171,5674,202.98991002183695,57.06818566529178
1778438171,5675,890.6675808343963,93.97810758464016
1778438171,5676,151.87872120354174,128.17945429513352
1778438171,5677,399.2389075381907,37.60334929879136
1778438171,5678,168.41853884839807,206.5232574812647
1778438171,5679,299.06466332428727,38.32850887133138
1778438171,5680,183.44581262876227,31.36207582947912
1778438171,5681,153.53541337638723,44.98022168145468
1778438171,5682,507.31515619293793,72.13373277945044
1778438171,5683,181.717500794255,27.99694473302012
1778438171,5684,244.38497463467297,35.67502299130561
1778438171,5685,200.02636467265495,92.76811675365146
1778438171,5686,263.706062609864,151.70102380882508
1778438171,5687,425.22387645481064,63.58505581913481
1778438171,5688,584.458675771,136.62247046330637
1778438171,5689,431.90968972486127,105.12582639244593
1778438171,5690,548.9621272260815,61.11197903543051
1778438171,5691,371.1973261199543,276.2544783016744
1778438171,5692,745.8385215951871,148.82869529313314
1778438171,5693,773.6267207413497,52.565934198190725
1778438171,5694,246.57557761475883,34.822684515148566
1778438171,5695,97.21885902392661,56.44420643410151
1778438171,5696,150.1534291024568,35.52711922836322
1778438171,5697,183.5578291359931,43.06151880186236
1778438171,5698,377.12899087314696,116.75813976827496
1778438171,5699,258.55204010928406,103.67747299693464
1778438171,5700,276.81844740396446,53.5663349805008
1778438171,5701,634.3417601028505,79.01670168362678
1778438171,5702,365.0541467207689,178.96924192827532
1778438171,5703,148.82689211249888,144.74107509423044
1778438171,5704,320.3218592950003,110.47770128158596
1778438171,5705,368.4999589555917,297.79174401713493
1778438171,5706,247.5606123027438,179.56792953192618
1778438171,5707,304.2598997918081,181.36817708556052
1778438171,5708,501.6050289802263,38.167883798956325
1778438171,5709,141.43650943936916,257.63036000549124
1778438171,5710,306.2915719364236,91.52408969251675
1778438171,5711,402.4871568837932,102.43819622987733
1778438171,5712,334.68149135333,49.476936448557964
1778438171,5713,161.86900271245838,235.46322195333147
1778438171,5714,325.81747798329917,237.7948921328063
1778438171,5715,218.6658835039215,34.48535395028503
1778438171,5716,501.8203406874612,48.959579122311965
1778438171,5717,466.2753343333494,74.14462469329237
1778438171,5718,241.17661287081842,57.18088479751902
1778438171,5719,237.6584592793087,162.6098077211459
1778438171,5720,242.2948842756472,66.62825892428619
1778438171,5721,96.75004451953444,40.37266183843653
1778438171,5722,543.2831470566431,167.02493831842432
1778438171,5723,376.61565108691826,21.71722035223349
1778438171,5724,810.6115462128921,176.6002649103575
1778438171,5725,478.37311327218356,98.85001476312961
1778438171,5726,603.4905311155327,59.26417523288572
1778438171,5727,608.4903827173034,82.68509337332868
1778438171,5728,618.8166163408259,104.1285885020489
1778438171,5729,482.43103669450136,211.38377554080373
1778438171,5730,381.8236618035028,78.2002991226401
1778438171,5731,218.97575073147902,108.53093322513328
1778438171,5732,486.6267450291955,305.94464070795493
1778438171,5733,214.57536869829437,22.791271440368504
1778438171,5734,259.1432119153186,20.186140181542342
1778438171,5735,271.04216696910606,85.7032240630879
1778438171,5736,254.20191599288688,180.6765440253887
1778438171,5737,192.35291938524907,125.2768398549459
1778438171,5738,363.01090212748556,33.79262806078273
1778438171,5739,246.58774248216764,44.07815361855576
1778438171,5740,208.1989707467232,207.65712506444615
1778438171,5741,264.08389587881595,95.67206554196471
1778438171,5742,315.20865598296945,107.25711761263693
1778438171,5743,346.29788206862554,117.55389699505908
1778438171,5744,390.73951095540946,38.19777343209341
1778438171,5745,515.0946620169424,74.7700053550237
1778438171,5746,631.1648350920456,127.5876366670838
1778438171,5747,152.49260509315533,62.55361883277911
1778438171,5748,389.6422851610225,37.56680146338099
1778438171,5749,97.90801378988306,45.96919757127972
1778438171,5750,175.81149324301597,50.112623140141736
1778438171,5751,1589.8665371993268,77.66048676689522
1778438171,5752,121.10991662582464,173.46382319810726
1778438171,5753,142.56109293743884,373.97418561996744
1778438171,5754,535.7568063062832,49.99686709614106
1778438171,5755,109.45028255933845,75.77602326190339
1778438171,5756,300.34917222796673,35.69216042370847
1778438171,5757,117.19512113763572,48.50218450413938
1778438171,5758,522.0006973447356,275.05147504289556
1778438171,5759,137.48531727400112,96.71536617566538
1778438171,5760,214.12441867871905,57.777332080573494
1778438171,5761,365.56506508087455,228.19630097224825
1778438171,5762,431.99456549897377,207.88187325596923
1778438171,5763,360.39551995205375,36.48782080424118
1778438171,5764,632.6655257590587,72.16758233005805
1778438171,5765,338.2927257328542,104.74409629065902
1778438171,5766,245.23647747874674,112.92275164560607
1778438171,5767,501.4127769194084,40.87146436922698
1778438171,5768,372.40044080740483,139.30780964988006
1778438171,5769,428.6681991580222,97.46477310977136
1778438171,5770,356.8760103232671,233.21035775948002
1778438171,5771,459.94241568192297,139.80519063945715
1778438171,5772,390.2303777278661,102.41546574833981
1778438171,5773,653.8618962239134,63.258262580427875
1778438171,5774,305.91721155675253,86.38722065926956
1778438171,5775,175.31753913074212,34.73760225265859
1778438171,5776,145.89336717075204,39.492652924710846
1778438171,5777,242.170686936376,45.96647723694458
1778438171,5778,194.3953920009165,202.618731186998
1778438171,5779,287.20814121476,54.0882288552036
1778438171,5780,306.10866374007946,60.83589902348504
1778438171,5781,80.15944558575758,54.81628400234142
1778438171,5782,234.30619626323016,112.01381337301493
1778438171,5783,386.97310026688905,38.13880965219672
1778438171,5784,262.15150425912935,34.349488371853205
1778438171,5785,148.1405204291409,74.68354485982059
1778438171,5786,449.2847186187647,304.8042885383884
1778438171,5787,150.60633780074,36.035257327757364
1778438171,5788,349.7461885655051,52.653721117599346
1778438171,5789,95.85802835669303,33.072575563925405
1778438171,5790,715.0486711728305,134.85516767167005
1778438171,5791,405.0433015026642,90.85403391481275
1778438171,5792,338.184902882242,59.90843908981986
1778438171,5793,291.351495894286,109.97766657283631
1778438171,5794,344.11592210508854,74.69087874199606
1778438171,5795,419.8559842237401,91.64797674649016
1778438171,5796,415.6094344788425,91.99726799722261
1778438171,5797,367.0541696356841,37.903912006047634
1778438171,5798,353.3487625849958,92.1850124759011
1778438171,5799,390.00051215575576,58.28704871417444
1778438171,5800,396.27967880906135,55.84145739469814
1778438171,5801,283.2431985346333,39.67155060887971
1778438171,5802,188.88473534765203,171.90856890727335
1778438171,5803,558.1805121613409,149.4283458361461
1778438171,5804,354.455934349547,70.2680122988265
1778438171,5805,197.30824531839932,42.844153309177656
1778438171,5806,177.4908770906015,49.873391948649086
1778438171,5807,155.0949157652696,34.602448907558895
1778438171,5808,489.9706924685204,221.61013787956057
1778438171,5809,175.1331310465611,210.47056020546506
1778438171,5810,276.82781684678605,83.74484103369991
1778438171,5811,354.6254242387856,134.4089173306592
1778438171,5812,382.545734365831,229.02167287257657
1778438171,5813,323.53203357330597,40.19777010487795
1778438171,5814,153.58459347385622,58.6369865581764
1778438171,5815,325.56714494082706,99.54064509848801
1778438171,5816,230.24489530722744,47.42794870272697
1778438171,5817,89.3151275622289,53.81910186369281
1778438171,5818,437.8931697450165,66.67220590351778
1778438171,5819,396.26345231945527,128.8633417164692
1778438171,5820,350.3224996228058,73.75786187158077
1778438171,5821,579.4458999310157,79.9638586724542
1778438171,5822,346.475995675432,129.52509867455728
1778438171,5823,419.86667889167074,60.5978395859723
1778438171,5824,455.47417857960505,285.2061051336643
1778438171,5825,427.3709159929829,157.18760288928232
1778438171,5826,1601.7588023769538,320.756840054558
1778438171,5827,149.60515087134104,178.5236766692137
1778438171,5828,120.36452789120084,157.4911667173322
1778438171,5829,398.2502416066464,139.71797249740357
1778438171,5830,499.1326200931081,80.86263764155784
1778438171,5831,134.40233794435326,34.9752989325007
1778438171,5832,324.44842468981363,58.15361555038056
1778438171,5833,406.9582618311032,92.71117592819004
1778438171,5834,217.15098921547266,126.4628671584695
1778438171,5835,473.94706049187266,235.70309469110512
1778438171,5836,458.34120266177416,207.90365811160913
1778438171,5837,160.49516225301784,124.38876272143459
1778438171,5838,166.04387683818948,25.938354272555625
1778438171,5839,180.93804125387712,176.71840412317138
1778438171,5840,349.59422124616304,52.07699082678093
1778438171,5841,125.51164521173519,84.44639245945699
1778438171,5842,240.95505437790487,37.93006230625166
1778438171,5843,471.94565776172266,191.70675623953426
1778438171,5844,311.40724502898684,34.7557709662197
1778438171,5845,363.1487879128622,41.90816732126919
1778438171,5846,341.0141751927317,223.46380066518873
1778438171,5847,564.0996756120562,183.2188035174967
1778438171,5848,128.8476578121613,34.55648146437473
1778438171,5849,758.8709138118751,62.38000380603086
1778438171,5850,195.7764449116314,112.41899015295887
1778438171,5851,106.6678409220803,115.25372387991517
1778438171,5852,472.9053590703712,112.14371995740277
1778438171,5853,329.84765992678444,85.11980426886939
1778438171,5854,117.74437357927415,67.69052967596674
1778438171,5855,300.9393835685107,66.98508598410322
1778438171,5856,331.5164632045444,61.001519641827805
1778438171,5857,665.2836742359023,136.14865999400507
1778438171,5858,429.8752172951714,41.290018791622686
1778438171,5859,159.55429493581414,63.77451429082289
1778438171,5860,299.70209670063906,30.263946899101025
1778438171,5861,444.6145662127271,225.20393586540237
1778438171,5862,150.21238801385599,74.71025653356025
1778438171,5863,701.3143106829034,100.39824038609518
1778438171,5864,104.77672252914608,128.54070402546174
1778438171,5865,406.21935074480933,126.79659755533162
1778438171,5866,688.9639123003045,106.38966632564446
1778438171,5867,588.5994946546809,47.6224751979949
1778438171,5868,438.9506428999538,108.65752850802131
1778438171,5869,658.9058472733406,268.1827924187157
1778438171,5870,460.2642209659017,59.08695731501365
1778438171,5871,388.26251359039867,73.97215322569735
1778438171,5872,437.08300121134886,125.69331970851147
1778438171,5873,612.1929360281881,142.8261952260096
1778438171,5874,190.85261597158993,50.34912735196467
1778438171,5875,222.0372319980555,41.11742071463889
1778438171,5876,190.3014013698978,356.7073193665651
1778438171,5877,705.3864557782415,128.63804628703616
1778438171,5878,296.3883343994069,103.9408181964248
1778438171,5879,269.3859094341189,28.051675861561524
1778438171,5880,217.85641655764098,42.65208931601228
1778438171,5881,489.08103577739155,37.64986088363805
1778438171,5882,343.40317100957805,231.97338355086922
1778438171,5883,360.0452206045308,155.33899433816634
1778438171,5884,501.8341643136257,159.10868790381602
1778438171,5885,498.0285017349392,57.69448132797279
1778438171,5886,349.9611596558714,291.3156567657781
1778438171,5887,523.8499648822443,112.4309509171207
1778438171,5888,425.2574055767323,111.73193830638743
1778438171,5889,238.18740499404424,86.14496708710945
1778438171,5890,691.1993756667579,204.3307174229293
1778438171,5891,103.85645759646188,35.866318681431125
1778438171,5892,389.64772719409086,34.67949470459596
1778438171,5893,325.14980001602436,67.26005115057836
1778438171,5894,561.2532329020174,78.66800379923032
1778438171,5895,109.83856686643612,169.71031176099018
1778438171,5896,185.586059767257,46.764881358487926
1778438171,5897,319.8652751114315,188.60188299079496
1778438171,5898,429.00983933105283,30.95750616387863
1778438171,5899,293.7594608623086,82.68614669033158
1778438171,5900,267.8892816209226,65.30537891876092
1778438171,5901,720.9759665405974,141.07740616845842
1778438171,5902,489.8205362536646,123.6571333618893
1778438171,5903,522.5862235490799,103.04086079031384
1778438171,5904,367.58689081836854,100.52734199213566
1778438171,5905,1877.5685854625397,127.14064385019404
1778438171,5906,505.55865033256754,337.03659885721095
1778438171,5907,608.2187506098264,70.95531077770359
1778438171,5908,104.79249169144563,29.454346498559985
1778438171,5909,398.40133250318314,212.56517407873514
1778438171,5910,237.3330075686043,154.45386598418523
1778438171,5911,552.146436367025,85.88185472956292
1778438171,5912,541.2240673216527,221.94129248672562
1778438171,5913,561.217646279901,91.52871213687204
1778438171,5914,462.28742727342126,296.482541904951
1778438171,5915,435.2895130322747,70.63542125006222
1778438171,5916,307.4981633295558,55.95823986729971
1778438171,5917,402.30016952060674,118.16690081789396
1778438171,5918,379.6772525291049,81.4086558896245
1778438171,5919,345.784220634172,146.35638078675012
1778438171,5920,245.2026580181008,141.0854837072865
1778438171,5921,461.7886244818323,59.531393426019896
1778438171,5922,181.89159271945942,215.94509640073693
1778438171,5923,228.38058982986558,171.50828176154633
1778438171,5924,342.4732457170713,257.17587199893273
1778438171,5925,345.9966235623622,80.21518393977719
1778438171,5926,598.9662250218646,37.35153578234043
1778438171,5927,611.951464517635,54.69551731079163
1778438171,5928,89.10639997969612,91.8978750878314
1778438171,5929,371.17932753064,253.7686844912538
1778438171,5930,475.8725438685282,123.63592210661389
1778438171,5931,148.91352801444464,94.87874763875358
1778438171,5932,195.08000251780192,107.51897949716366
1778438171,5933,819.6695694142834,95.32748007743525
1778438171,5934,272.4429007133621,102.80957011660716
1778438171,5935,255.3582063039691,69.13205641460618
1778438171,5936,205.59508298865453,136.81310845101822
1778438171,5937,110.49666353818024,27.705552971540442
1778438171,5938,115.48757041653876,94.33657695458098
1778438171,5939,371.5888446119051,104.09145049154849
1778438171,5940,138.19898886474635,22.10212536991917
1778438171,5941,351.87168978802026,201.41095996813556
1778438171,5942,179.30725870588688,98.57880164371113
1778438171,5943,417.60693279222005,174.87394275069258
1778438171,5944,494.2635450823441,59.71186830672628
1778438171,5945,272.15164664132124,132.14941801773915
1778438171,5946,213.35635509759433,95.6450786238091
1778438171,5947,399.870889643896,148.59216046177346
1778438171,5948,635.9690085255384,40.29276288571337
1778438171,5949,496.9304334305949,70.47712427099032
1778438171,5950,181.64723094307533,191.79372101822813
1778438171,5951,283.29740727741796,36.81213272044522
1778438171,5952,134.13321699912245,152.78567060683298
1778438171,5953,106.54886458275573,68.21760579711145
1778438171,5954,224.2033720297807,46.51819042093365
1778438171,5955,492.5978577698995,78.13623844808153
1778438171,5956,108.59178478062714,61.767943349995434
1778438171,5957,792.6752177022573,82.79475416193527
1778438171,5958,509.3992828673709,100.12397001328523
1778438171,5959,680.8811559495102,46.856687998585926
1778438171,5960,425.39061379743976,96.81334640535859
1778438171,5961,166.36411164715832,101.348163801684
1778438171,5962,281.4515342660494,209.37329312119218
1778438171,5963,293.54651250280654,72.02235037018274
1778438171,5964,278.2883591197255,21.360959623437203
1778438171,5965,544.4476217130112,69.00155548317012
1778438171,5966,565.7071768285815,91.26313739231816
1778438171,5967,120.04906524220297,53.95331543053414
1778438171,5968,770.4134625401678,124.71079059009661
1778438171,5969,717.98050896641,193.0513349013444
1778438171,5970,411.96495431371983,146.50410187920352
1778438171,5971,417.25941884937356,213.74475141449363
1778438171,5972,335.3264587726802,190.394255996574
1778438171,5973,463.8186282343485,128.73053731201233
1778438171,5974,112.44132611522681,146.476328583255
1778438171,5975,448.7909179897734,82.12116411059088
1778438171,5976,342.8409188255549,80.04583903502936
1778438171,5977,158.23256602718922,60.08324256291495
1778438171,5978,620.5163265802504,73.73053244995751
1778438171,5979,238.26170619201685,129.67439292337502
1778438171,5980,303.0792722956696,191.29737760232845
1778438171,5981,505.9009920632876,294.07495300694427
1778438171,5982,244.77706493629097,242.74244728883673
1778438171,5983,331.2790463107962,78.35453257897899
1778438171,5984,163.53357153571287,170.43372381236418
1778438171,5985,470.30523590323185,183.15133207670522
1778438171,5986,384.5814580184943,318.3512159366506
1778438171,5987,495.98583472063723,57.69983475058842
1778438171,5988,105.55312502128407,23.855588510106223
1778438171,5989,163.29092705713683,39.48698535659553
1778438171,5990,499.82474656809836,122.60097861243965
1778438171,5991,1747.6441332724792,126.6893100226863
1778438171,5992,247.8582855698644,294.49433148376033
1778438171,5993,92.75775445858393,129.59503154706098
1778438171,5994,309.9420496570738,54.66052008117447
1778438171,5995,93.91515897145437,30.63356256996721
1778438171,5996,363.6298188920244,86.3720447754755
1778438171,5997,610.419070822816,147.0155756380514
1778438171,5998,251.46612965696022,144.25988209534177
1778438171,5999,205.76199453196688,50.889640220036775
1778438171,6000,463.53994493011623,105.01998456645131
1778438171,6001,566.9647040746893,49.14439040726346
1778438171,6002,287.36376542488495,32.02162871332892
1778438171,6003,261.7553795829351,82.6100523784754
1778438171,6004,446.784164959067,78.40616463670158
1778438171,6005,223.11787206993876,115.88221026322991
1778438171,6006,174.56051431610226,172.01109105849184
1778438171,6007,474.1807814266225,108.02012895907906
1778438171,6008,784.9191631968412,84.6412190323726
1778438171,6009,577.2703439739048,49.77918422613534
1778438171,6010,158.58551489511845,61.247745209387865
1778438171,6011,153.11069417428803,111.84079090751887
1778438171,6012,347.16195301870613,60.88299448903812
1778438171,6013,573.7823879566585,62.99203050689679
1778438171,6014,315.82877313504326,35.05296102748463
1778438171,6015,270.8431349081435,89.02092114382931
1778438171,6016,152.74292540271307,94.71475238479826
1778438171,6017,376.2957265544553,100.27237715585308
1778438171,6018,456.66114413524116,78.2769046247967
1778438171,6019,302.5527056131566,282.66876046381685
1778438171,6020,397.92979442408955,131.97636032434033
1778438171,6021,371.23943879127967,62.75833470741816
1778438171,6022,345.00776724619567,60.59949980973871
1778438171,6023,435.0815585013106,61.79844454610621
1778438171,6024,174.15358178022953,32.00960915682385
1778438171,6025,288.55988338447105,90.77968194413215
1778438171,6026,227.93900438585385,39.98080212141032
1778438171,6027,183.53438649511577,121.21767168654176
1778438171,6028,382.87607777021174,261.5489658253621
1778438171,6029,269.6516470741117,54.401122139570944
1778438171,6030,381.620108398035,138.79900061213664
1778438171,6031,167.0415036311541,185.97911229897596
1778438171,6032,379.14916626912714,91.29413047423512
1778438171,6033,182.3388950944525,196.17425280005148
1778438171,6034,206.23075387073033,105.3881482345776
1778438171,6035,199.30935095339115,125.41145029384096
1778438171,6036,240.54629742834175,90.26364333256076
1778438171,6037,459.1945798572498,63.756918059979554
1778438171,6038,247.4538464882571,33.3763121261922
1778438171,6039,313.4422127190957,140.24474393809263
1778438171,6040,135.46784103441428,199.94764143965082
1778438171,6041,217.53006105123876,137.29320268872453
1778438171,6042,591.2709104860147,116.26781973431592
1778438171,6043,320.17675479657555,87.38842789033205
1778438171,6044,119.05345232212687,53.86853932795939
1778438171,6045,531.7016187528435,143.14473845993126
1778438171,6046,256.1064287982074,54.48246752935668
1778438171,6047,138.7460609617233,48.01735048849622
1778438171,6048,233.03138409434976,114.79148590820449
1778438171,6049,750.2590100657677,81.28344224247127
1778438171,6050,82.47521107728426,45.65467807324646
1778438171,6051,193.52070735394426,50.26315106351312
1778438171,6052,177.32706755892775,88.18875356161755
1778438171,6053,360.6549269077854,135.33820166445759
1778438171,6054,585.3102694187114,57.11757419243145
1778438171,6055,556.0452771498583,286.21034332734826
1778438171,6056,760.6373941313996,141.1209187298068
1778438171,6057,283.4430284809651,64.53258604484037
1778438171,6058,462.0432221382414,105.53783016371392
1778438171,6059,244.663345110938,177.98064342531111
1778438171,6060,306.1712123121203,149.04962517807974
1778438171,6061,513.010642992059,66.64215603704952
1778438171,6062,263.9171511915006,192.3789385123462
1778438171,6063,248.24791485172284,273.3107616872693
1778438171,6064,456.7844242601042,45.16469819044724
1778438171,6065,343.2046554847889,119.96724764836969
1778438171,6066,648.3182050885507,64.29227408905656
1778438171,6067,296.91974837769465,159.96399268295215
1778438171,6068,347.935866013663,125.73885078068686
1778438171,6069,386.93536787426467,337.6431326311468
1778438171,6070,225.95590224429262,58.53191716393625
1778438171,6071,226.7465717921472,68.71033906487584
1778438171,6072,294.44870773374333,240.4536851727305
1778438171,6073,78.61434550897798,31.029821843907087
1778438171,6074,354.3745735496601,63.42537221407393
1778438171,6075,182.46748200482298,40.2036825616228
1778438171,6076,260.3679224375622,42.132229531786
1778438171,6077,268.69123883698325,110.43282859632596
1778438171,6078,533.0402505920714,294.88551466483625
1778438171,6079,439.80658515511556,97.92267831454299
1778438171,6080,146.13747532745148,43.31234027466026
1778438171,6081,397.51107807618956,145.15836719481518
1778438171,6082,164.98598336472807,34.030741976730766
1778438171,6083,392.00807895362607,182.80917208335617
1778438171,6084,878.8388165382096,85.25013054269559
1778438171,6085,246.17726361054034,124.63114925590384
1778438171,6086,620.4126679984311,298.55066695383385
1778438171,6087,154.4452002751107,59.968698757422615
1778438171,6088,288.686243029169,42.58313332759729
1778438171,6089,345.4916474320951,144.18686508899023
1778438171,6090,328.4491766964534,180.56520969831732
1778438171,6091,86.68415440553302,56.11840862296634
1778438171,6092,211.94668422510415,147.39177587921017
1778438171,6093,648.5484468090275,182.49219266156211
1778438171,6094,349.11770251478833,62.4424033371581
1778438171,6095,92.55107929184483,83.98985245273757
1778438171,6096,520.8162389000261,28.562695811005916
1778438171,6097,320.47980555602527,104.2797705509445
1778438171,6098,413.9307172990923,218.3079634147471
1778438171,6099,453.39661180916187,148.6559674170486
1778438171,6100,204.36514768917056,81.22141028594153
1778438171,6101,314.9948006049021,25.28253177628614
1778438171,6102,459.3323883719734,273.5471397183182
1778438171,6103,521.9123501033547,114.61175044931234
1778438171,6104,378.46047605826317,98.20575245312371
1778438171,6105,246.05964324663694,120.5921967631416
1778438171,6106,232.73267854398085,241.93634364813943
1778438171,6107,209.89511867967295,31.92227177076524
1778438171,6108,451.8808047713669,94.11493200888205
1778438171,6109,349.7697361612088,133.90073846624475
1778438171,6110,455.128801043781,75.50250174292478
1778438171,6111,767.1468684306981,181.18134434779742
1778438171,6112,511.1344869949808,60.9592885352999
1778438171,6113,511.0187020289292,87.55748856447805
1778438171,6114,399.6812107159279,65.1584396653671
1778438171,6115,160.59412256102107,106.95758963423201
1778438171,6116,179.61327427929217,258.1040791515647
1778438171,6117,591.8823071888785,75.61723226781272
1778438171,6118,312.962471235618,123.91467712989521
1778438171,6119,227.03074463097937,32.61212017780308
1778438171,6120,409.65549180012476,178.23047020754805
1778438171,6121,307.73427200045,184.96377252497862
1778438171,6122,238.45834594676612,34.16898805399454
1778438171,6123,85.92553614627472,31.821769804039114
1778438171,6124,97.43093149537145,91.3369645314963
1778438171,6125,294.33706963488,134.0683728032365
1778438171,6126,368.65358901626195,69.23032930969904
1778438171,6127,280.99121617758504,34.08563756853083
1778438171,6128,170.29819893866568,207.3393679212223
1778438171,6129,491.45276360094886,289.4104438654302
1778438171,6130,423.43377557510223,100.26373377322643
1778438171,6131,137.12645186328825,316.018714805172
1778438171,6132,453.9181590607848,71.36216719819119
1778438171,6133,459.27478674901994,294.4881623623833
1778438171,6134,316.3174516720607,50.026974421989365
1778438171,6135,226.38270309544083,132.80386895257527
1778438171,6136,306.6249928828049,109.9609536872854
1778438171,6137,141.48436483866624,39.30727006572976
1778438171,6138,300.63405222820717,70.02659189501797
1778438171,6139,505.6348982926593,301.38023451612963
1778438171,6140,276.603334059562,71.9170408122395
1778438171,6141,959.287139216329,77.62240410474203
1778438171,6142,233.41154691512645,90.2484317191335
1778438171,6143,466.02963145517793,76.93293826117815
1778438171,6144,666.6647518218163,110.32370777443415
1778438171,6145,679.6094265862318,61.16824340227831
1778438171,6146,424.79391691723447,68.56112464605278
1778438171,6147,80.55380931489925,70.27157539572713
1778438171,6148,429.86901003610967,83.33779208898457
1778438171,6149,317.6570923754083,49.28324656938611
1778438171,6150,174.88394243768337,43.672521976405555
1778438171,6151,518.974813915052,74.06255740651406
1778438171,6152,543.238470274894,222.49518881936606
1778438171,6153,552.5375495598192,49.09000113653409
1778438171,6154,439.06082798606275,50.62077064107241
1778438171,6155,128.2781539521707,274.9042453952696
1778438171,6156,317.3299024214713,78.61571492930796
1778438171,6157,351.8872060260435,26.280070127408045
1778438171,6158,236.9248289510244,80.93569774112517
1778438171,6159,483.91561588057914,166.39467996990152
1778438171,6160,252.59019072272645,97.74061160436686
1778438171,6161,485.2394182714599,114.34334504010096
1778438171,6162,446.7055705262818,95.51130057995704
1778438171,6163,405.1367029680186,75.64380555900053
1778438171,6164,710.1332618172972,62.1892007541377
1778438171,6165,688.3036807570705,77.88249828402704
1778438171,6166,333.21944658658373,106.30275747274207
1778438171,6167,130.31919181490053,105.59274684802921
1778438171,6168,395.0946839413887,60.239127202321086
1778438171,6169,655.644885416159,136.38159259986142
1778438171,6170,232.730519787683,131.55209345713277
1778438171,6171,403.77019840398344,224.535331932098
1778438171,6172,154.31436159797494,48.960820859974504
1778438171,6173,453.36106493401206,170.7644593184326
1778438171,6174,420.79981051810137,65.0457612251578
1778438171,6175,293.8171563737641,66.0974327383535
1778438171,6176,433.9089715772343,253.40176368164947
1778438171,6177,106.56861980684374,138.08381350045266
1778438171,6178,216.6545752316772,32.17750033428276
1778438171,6179,127.30092471859736,44.78116840967341
1778438171,6180,239.6634012891912,77.24952133311062
1778438171,6181,390.76343965148186,51.9609436480339
1778438171,6182,410.0594519204778,81.30788445976278
1778438171,6183,186.48415834026446,127.16627054400242
1778438171,6184,315.28734164959445,207.53415419464878
1778438171,6185,340.08043598350275,231.5550159596638
1778438171,6186,550.8752562504454,324.4589525256846
1778438171,6187,355.14799551417235,164.17292549363916
1778438171,6188,132.1521630139884,30.078362659158113
1778438171,6189,346.49941047482014,88.15168851095233
1778438171,6190,441.41886781016865,200.86492388510595
1778438171,6191,117.84542401425655,127.46229894843553
1778438171,6192,430.4971624116172,113.78019018832357
1778438171,6193,366.7979543070333,58.36828418160544
1778438171,6194,472.35392080838176,224.33170778922252
1778438171,6195,73.2166281033017,29.465152746853672
1778438171,6196,102.83108171154026,202.92866620014286
1778438171,6197,260.74393582671723,37.120455221747555
1778438171,6198,282.80622925729875,78.07320050979651
1778438171,6199,123.75982653097314,161.14572015520935
1778438171,6200,549.5891123864561,67.387614225847
1778438171,6201,253.26787434873722,145.78821148504198
1778438171,6202,831.2127444722637,96.5065160454953
1778438171,6203,111.73434783584155,33.23315277596556
1778438171,6204,366.3441946488567,139.39981474907574
1778438171,6205,503.88242788605504,52.151813265595656
1778438171,6206,289.7461896103046,28.779652835002807
1778438171,6207,121.78787226172686,138.04980606289686
1778438171,6208,175.78786319868118,200.83243894798557
1778438171,6209,293.2882462774642,93.32728279693532
1778438171,6210,170.83710191214243,70.31559062813616
1778438171,6211,269.42053446241977,312.7081150412477
1778438171,6212,311.3886313671857,47.649057608505615
1778438171,6213,347.27604648687844,35.088625797266424
1778438171,6214,706.5811325517661,173.45040760387042
1778438171,6215,355.9148051013277,158.52435405808012
1778438171,6216,574.9724444613919,64.07420413638985
1778438171,6217,178.54001398233677,269.4044012198176
1778438171,6218,206.78680608585898,30.807804995299158
1778438171,6219,423.27944656984374,32.35601167399327
1778438171,6220,83.74549091809537,40.61232343463265
1778438171,6221,148.41134673691502,352.87008205059703
1778438171,6222,364.2286158197524,60.74106577061195
1778438171,6223,367.75823326099965,154.04561366813158
1778438171,6224,384.13516037008213,68.37731107601904
1778438171,6225,285.28655841418544,54.15398459602282
1778438171,6226,192.85172724188556,23.336699017259573
1778438171,6227,587.4301295083646,46.23299482640773
1778438171,6228,461.4020480758115,45.567318272774095
1778438171,6229,147.21352815692114,185.46595549372347
1778438171,6230,181.57373246943575,33.30101733456779
1778438171,6231,411.88468165886894,308.04946568657175
1778438171,6232,262.2914583025268,154.18128431916017
1778438171,6233,180.72178210899423,52.935478248858175
1778438171,6234,275.6090457347604,100.10617492735855
1778438171,6235,626.4865129708619,142.96551086880615
1778438171,6236,220.6897385593176,99.73982887652126
1778438171,6237,283.48427150338307,127.29798139584607
1778438171,6238,536.1524148443046,76.55748874196797
1778438171,6239,228.24968807476932,94.64637662638394
1778438171,6240,523.4566260534367,129.62330885903435
1778438171,6241,395.9611251568864,45.97047730389956
1778438171,6242,417.79809346153326,52.086922869445694
1778438171,6243,215.59815632483958,45.027841663400196
1778438171,6244,275.0696417301355,59.39485880444666
1778438171,6245,211.76738962789153,111.33986506387235
1778438171,6246,231.01180643717277,57.02745928152411
1778438171,6247,244.50513529497286,139.26774782120114
1778438171,6248,138.73826935315722,59.103763333279176
1778438171,6249,342.3944245979478,237.65613092287887
1778438171,6250,229.81301521141384,207.64550904475442
1778438171,6251,191.55379720761016,39.18193295974034
1778438171,6252,214.5661394359278,54.48058090517743
1778438171,6253,620.776641967047,64.42428760498169
1778438171,6254,376.56119516233946,67.045684065412
1778438171,6255,353.9955534642836,90.4143860271909
1778438171,6256,435.4078196099485,94.47904943422189
1778438171,6257,731.519510664779,40.316318707069364
1778438171,6258,342.55561881790726,62.859840478942345
1778438171,6259,454.05827601601686,50.081536631767186
1778438171,6260,141.4194147726108,149.268005401745
1778438171,6261,105.39441264155543,95.12918791484155
1778438171,6262,179.24638881770537,91.10284382561217
1778438171,6263,123.64670952715402,121.10111369982006
1778438171,6264,438.7033688260695,195.44523124264973
1778438171,6265,331.1111746133028,108.92747207893038
1778438171,6266,309.2386089901828,53.65986089807929
1778438171,6267,427.6640506030634,52.316743318164335
1778438171,6268,767.7108202684431,54.66537106033755
1778438171,6269,277.8096417274017,42.09131580950771
1778438171,6270,420.4227935173676,278.7429809441094
1778438171,6271,350.5342745746961,74.50431135715533
1778438171,6272,102.00750780119527,34.62275331725019
1778438171,6273,290.62106586084064,189.11368118312586
1778438171,6274,474.28334464666546,44.7624273973882
1778438171,6275,225.83299374021334,239.9349067923657
1778438171,6276,238.137397433971,41.639978821848764
1778438171,6277,171.83361871923296,52.257278434995236
1778438171,6278,113.71898674497412,26.296208109612177
1778438171,6279,416.79814975297637,175.4085291957565
1778438171,6280,93.1949367872455,73.05691996157661
1778438171,6281,227.26551220240015,116.99277896681461
1778438171,6282,150.8826615150145,73.20618422379711
1778438171,6283,85.52823261942986,45.79582561861848
1778438171,6284,405.4032249814442,30.51694640369693
1778438171,6285,734.1986096409987,189.61514017214827
1778438171,6286,184.9743109359083,85.92804419310744
1778438171,6287,435.6495647518516,83.41323434739574
1778438171,6288,283.2741641848199,246.49433882523985
1778438171,6289,168.88403074522483,178.1599804395924
1778438171,6290,407.58998163920995,57.45360216594504
1778438171,6291,176.52855363827192,73.17875739595614
1778438171,6292,407.45203489900143,172.29384604685822
1778438171,6293,527.3474397126722,113.98040938052263
1778438171,6294,579.4349447688928,66.58642182001809
1778438171,6295,244.2526651852997,97.42980249029297
1778438171,6296,158.95341322076294,40.26981984221577
1778438171,6297,366.30854485511674,103.46952090351775
1778438171,6298,242.33349584741063,49.79458623858758
1778438171,6299,411.7117704198123,79.33123367772092
1778438171,6300,339.86540308679247,72.91159168444875
1778438171,6301,483.1500577125324,135.81572686419096
1778438171,6302,189.76384213280113,54.084026942764254
1778438171,6303,191.23319363050965,104.10116780987434
1778438171,6304,299.1778425243223,100.71146200712363
1778438171,6305,348.8650421469454,85.11431052955685
1778438171,6306,301.1347282588549,126.7313189069814
1778438171,6307,266.429382148656,64.06142927166205
1778438171,6308,402.947504684661,61.8585392170329
1778438171,6309,181.78273562291162,53.498326034045064
1778438171,6310,212.26885669479105,332.04991307417504
1778438171,6311,351.56960811793135,199.51372626659537
1778438171,6312,206.03388434801752,33.957958291674075
1778438171,6313,264.2023598230031,67.59575846462552
1778438171,6314,413.708891350888,42.212067218476015
1778438171,6315,401.0577813085994,178.30289776522844
1778438171,6316,91.76263370812566,39.55925048948447
1778438171,6317,475.0637060987295,41.72791037908145
1778438171,6318,238.65601054098735,46.22581437712522
1778438171,6319,648.5330618842167,44.55559251475484
1778438171,6320,277.6411605081277,77.95579595022826
1778438171,6321,124.70487031477207,26.015358753405724
1778438171,6322,261.40798621657166,171.10787870939257
1778438171,6323,220.64581348972825,46.61807817024333
1778438171,6324,283.7984738835749,75.12021289116998
1778438171,6325,421.99117956313506,82.56717082164498
1778438171,6326,871.8981787595835,130.04962910136626
1778438171,6327,388.66186726186635,144.52001574933365
1778438171,6328,153.08711142995017,57.286130062126176
1778438171,6329,158.5236057205365,73.02429410303107
1778438171,6330,349.26179438480557,95.61736231923622
1778438171,6331,157.0531341510635,108.64437487905298
1778438171,6332,127.37851269781113,41.94784067425419
1778438171,6333,161.45543808909682,46.996787536577244
1778438171,6334,138.0458121987539,27.082933824044353
1778438171,6335,308.8922916076381,120.93895965235582
1778438171,6336,670.9298618660442,204.1189021996863
1778438171,6337,192.96069522391792,95.87046961257155
1778438171,6338,219.16438788690462,68.48313556899048
1778438171,6339,13725.822201671308,430.17904156506387
1778438171,6340,167.59070045920862,57.92961770625034
1778438171,6341,317.03392292161624,170.2275384625811
1778438171,6342,249.51349973749402,37.416926406837
1778438171,6343,510.67034911585523,89.85006696107064
1778438171,6344,362.35959579253915,152.25503825858448
1778438171,6345,491.279735496464,148.66834088324214
1778438171,6346,562.5833143389356,47.14016277271812
1778438171,6347,280.33524690255894,306.45028518770386
1778438171,6348,379.64869150733097,134.19239203603163
1778438171,6349,569.3743781645235,40.517160086952025
1778438171,6350,117.14983985179437,31.39793204626479
1778438171,6351,410.7685488203626,211.17492397672282
1778438171,6352,391.3429275552072,39.04994256969035
1778438171,6353,154.93404895895605,170.78851364055637
1778438171,6354,124.25023643827414,83.44604469621947
1778438171,6355,585.5353157842388,77.32361334799495
1778438171,6356,462.5191962172855,282.34456805470535
1778438171,6357,192.52402633453593,113.41247503088015
1778438171,6358,294.68918171604577,51.59912823419138
1778438171,6359,211.4366832589711,40.77699485506982
1778438171,6360,272.9593370893584,140.2810821658224
1778438171,6361,349.7365762192478,145.782491663149
1778438171,6362,395.98184486212523,77.24756716314059
1778438171,6363,309.54335717403933,82.82687230087734
1778438171,6364,414.15557646509654,84.39710991170364
1778438171,6365,357.02486860993645,58.199720481440096
1778438171,6366,157.0521280999737,43.46417125433655
1778438171,6367,1795.0069034818994,99.05489709461455
1778438171,6368,136.43169910539228,16.577798264099936
1778438171,6369,185.30614060185795,181.05745723900122
1778438171,6370,178.82348785805038,39.786298868538616
1778438171,6371,304.33920303849044,161.87426681900794
1778438171,6372,241.60940312796527,112.83190723267028
1778438171,6373,199.13331061113198,55.212260751683544
1778438171,6374,83.06272307508466,44.877396813163934
1778438171,6375,383.6665376001569,74.69028664983242
1778438171,6376,199.82300484359465,106.07561864792306
1778438171,6377,455.45126711299395,208.34694343549663
1778438171,6378,355.3638709832742,64.47301749824119
1778438171,6379,418.04062754805585,74.12662342011625
1778438171,6380,332.71054616763166,64.22577543791098
1778438171,6381,441.53977161345426,68.21872646983905
1778438171,6382,84.93389963330092,41.329785162068994
1778438171,6383,405.931695662591,99.08678937639448
1778438171,6384,215.6184296575957,196.44136899493276
1778438171,6385,228.947540818476,92.83491904694358
1778438171,6386,364.15343845743917,39.80036956068802
1778438171,6387,574.4420680846052,86.91918058442569
1778438171,6388,220.59393204632048,61.30558126627833
1778438171,6389,301.21407587173564,183.9415672346059
1778438171,6390,279.5264889990638,37.955788499893124
1778438171,6391,334.35502952095015,91.99381562992076
1778438171,6392,354.6821519651996,56.24566911696285
1778438171,6393,136.14701522039806,49.38473763021917
1778438171,6394,176.86221480236256,105.28514138007161
1778438171,6395,155.85767391064135,45.65476387090481
1778438171,6396,108.4935454032848,29.44497793691544
1778438171,6397,166.94366713694612,71.91687211367302
1778438171,6398,669.036280675989,75.09913507974862
1778438171,6399,224.0997160016234,132.93929679233634
1778438171,6400,1254.144002527706,153.4548886085783
1778438171,6401,421.0812207913611,290.26067151100654
1778438171,6402,137.92728131070834,94.95908879612607
1778438171,6403,193.0180516475421,74.28905073096801
1778438171,6404,677.2686531636353,90.43826004924125
1778438171,6405,550.679078145709,120.34716213413826
1778438171,6406,482.1970613000851,66.61959282273249
1778438171,6407,187.41051666868444,29.99055340569828
1778438171,6408,145.4020896683152,52.67791252011635
1778438171,6409,265.05253521564947,67.60908769367516
1778438171,6410,530.0847493778721,121.40509425917502
1778438171,6411,583.4961658661927,114.78099459557559
1778438171,6412,272.6128049976288,46.117743661407374
1778438171,6413,448.5564053567058,53.47506819694472
1778438171,6414,840.280555450064,90.02103069440993
1778438171,6415,436.1287584479901,91.84912843879056
1778438171,6416,177.8768400239219,21.72646130051005
1778438171,6417,562.0888676087974,221.0942825134676
1778438171,6418,550.7941319505613,53.70973948647463
1778438171,6419,419.7571523501272,94.18051900109475
1778438171,6420,192.12957044306683,223.12942335697713
1778438171,6421,305.9367165433136,41.19926039108055
1778438171,6422,461.41072570133247,72.06330430140355
1778438171,6423,584.5578414871302,247.4222738612773
1778438171,6424,239.01383583277112,46.88027501845626
1778438171,6425,580.7327920432379,53.77056485871748
1778438171,6426,449.14506786531433,63.82933695320634
1778438171,6427,132.73081753641142,145.84973422599955
1778438171,6428,122.98441274822684,144.76937049405598
1778438171,6429,296.56456525463665,43.93060062426342
1778438171,6430,223.60939129009918,60.551874030256855
1778438171,6431,230.07230121275526,33.89731095776716
1778438171,6432,365.0626583050924,130.93400316593102
1778438171,6433,258.66609281601666,33.19247844328062
1778438171,6434,644.7531208895355,289.09586912122035
1778438171,6435,266.1985697208077,132.9020280406588
1778438171,6436,97.66972550747988,31.64099148213923
1778438171,6437,1483.8100080078784,141.11040734747567
1778438171,6438,345.54954228342507,70.55565832015594
1778438171,6439,177.63493493513695,75.4935498833609
1778438171,6440,332.2757111612387,43.2561935935325
1778438171,6441,466.9505200882604,252.80424727105648
1778438171,6442,113.10634996102443,125.40294323091135
1778438171,6443,666.4674441386375,226.43420317220387
1778438171,6444,555.5590261096124,37.44424023790933
1778438171,6445,188.84842791967102,85.3301650106598
1778438171,6446,520.8830597279019,51.98589765682889
1778438171,6447,479.3011735221884,27.177159408688997
1778438171,6448,450.7305701737511,33.67708780829124
1778438171,6449,301.0696750412441,193.58903882907637
1778438171,6450,251.07542143131138,63.540892046088686
1778438171,6451,145.54917098537487,185.28578442769202
1778438171,6452,497.5572075209083,41.41282065258649
1778438171,6453,185.71910277465406,36.85073928584968
1778438171,6454,460.34832922885744,57.056004330477066
1778438171,6455,83.27270682537035,72.95679750253234
1778438171,6456,450.8487120991234,89.99109228630982
1778438171,6457,108.9851147785538,64.12631990324893
1778438171,6458,168.9272165615351,35.25212138228843
1778438171,6459,267.1351665490578,64.97356514866718
1778438171,6460,163.85832862070814,107.71690287494422
1778438171,6461,532.942321617296,61.81651315096137
1778438171,6462,121.62913826978783,45.887516296891555
1778438171,6463,287.7000426921577,127.7472909502867
1778438171,6464,192.52991115897996,75.09944650600941
1778438171,6465,259.90085662722043,244.13264183829156
1778438171,6466,598.0063833324093,165.39016256257145
1778438171,6467,228.53198171439558,82.84319705007684
1778438171,6468,667.5274274393199,45.48025609205718
1778438171,6469,658.393263463152,45.95743946261448
1778438171,6470,448.1466798868242,150.67350653375215
1778438171,6471,150.72834103610705,113.11842736519077
1778438171,6472,326.7042612396391,180.17019603727155
1778438171,6473,280.0029649393564,98.26870712845817
1778438171,6474,735.5419436106678,172.10878964404742
1778438171,6475,307.9392960133029,141.1218439720174
1778438171,6476,433.50585893307345,180.92843454494968
1778438171,6477,172.40931406260825,108.10993583545896
1778438171,6478,216.7946033373087,83.49949780225778
1778438171,6479,247.3219632383928,69.44535835705712
1778438171,6480,302.17095539669333,59.00355894116631
1778438171,6481,436.8736992854341,67.6187038342594
1778438171,6482,214.67080486393272,55.162593180425105
1778438171,6483,329.2262297711748,85.13973516268466
1778438171,6484,250.47517954753846,95.43313176800078
1778438171,6485,252.0156572015206,83.32378618124164
1778438171,6486,259.70676876075595,37.14674459997941
1778438171,6487,174.31122204811632,24.73403912143835
1778438171,6488,110.79129071991053,76.9366885088685
1778438171,6489,314.0021019746625,160.33519293068514
1778438171,6490,146.74222447835237,83.14850199770338
1778438171,6491,604.9973024676224,183.0102267835165
1778438171,6492,279.3522228437535,75.621743506722
1778438171,6493,213.66390499114263,59.90791839322943
1778438171,6494,315.05109575655905,108.81691429156153
1778438171,6495,176.49213302726588,165.8400679301173
1778438171,6496,279.140865457963,56.07920549088246
1778438171,6497,1533.1111560283155,110.2201745710658
1778438171,6498,282.2678118555298,44.337329307195056
1778438171,6499,341.52457046381494,94.04576156616851
1778438171,6500,676.768476102707,198.7540750124003
1778438171,6501,372.2911835891157,111.22156145634337
1778438171,6502,250.37288546454982,184.57798787189947
1778438171,6503,98.95014388985065,49.800223176152976
1778438171,6504,249.5384802441199,67.33866092196489
1778438171,6505,143.6215666975907,96.70801528946976
1778438171,6506,378.88658159774127,40.172217407425286
1778438171,6507,123.85894414641396,92.29761334274028
1778438171,6508,210.4523419790723,75.85751806692733
1778438171,6509,330.9751191360591,50.28992517715687
1778438171,6510,196.36238301266607,38.78928070263504
1778438171,6511,313.56697471083856,101.92395803763706
1778438171,6512,253.5031841587397,137.10817964652463
1778438171,6513,433.1328527166686,79.56993760031938
1778438171,6514,166.783473245564,33.23344274937886
1778438171,6515,244.0523449883953,149.78717517780558
1778438171,6516,182.58992555598178,36.33460589214149
1778438171,6517,226.5170634285295,297.3285882759961
1778438171,6518,356.6376417443465,123.42633295868394
1778438171,6519,232.8361434707632,36.80697014617595
1778438171,6520,505.5430713151849,111.11474232437932
1778438171,6521,181.56940941366872,78.05372622244428
1778438171,6522,136.61105192659485,63.53454431741767
1778438171,6523,191.48773052715103,60.76995946109636
1778438171,6524,257.41446995681974,99.04959422165015
1778438171,6525,759.0869693242784,120.6142737223285
1778438171,6526,225.3718505190993,86.72080570101316
1778438171,6527,225.13101246644587,67.92744449646126
1778438171,6528,227.17488995495614,28.117185724036403
1778438171,6529,146.27528275517628,82.37273139982385
1778438171,6530,294.11973417436496,91.6684648525393
1778438171,6531,456.0364588866839,136.95960420426465
1778438171,6532,624.9222000404473,130.71212584282384
1778438171,6533,393.3935416546154,86.78891688121966
1778438171,6534,223.98601951894784,90.48594435579776
1778438171,6535,96.96395308817597,148.97676360703142
1778438171,6536,389.58130294100675,60.66684625004777
1778438171,6537,987.9857787997369,240.37301600135947
1778438171,6538,220.90058723514414,69.15121324627356
1778438171,6539,343.6916891978388,62.449612189814694
1778438171,6540,232.23767048428155,317.31916308846303
1778438171,6541,336.1248468451479,43.092797315766056
1778438171,6542,141.15219358243996,105.75016799791585
1778438171,6543,395.0888023150088,53.15944247058992
1778438171,6544,254.60341216981138,136.8116113312881
1778438171,6545,194.554445026739,81.49937286292305
1778438171,6546,247.9499118801907,48.607419313100564
1778438171,6547,721.4036380568223,92.68594493219376
1778438171,6548,684.2470632885295,298.0369329771997
1778438171,6549,280.25974370548255,88.14792094394947
1778438171,6550,120.64775435043617,139.67806915168495
1778438171,6551,192.8475419029078,63.317607516426776
1778438171,6552,417.53643930816395,68.98317240960017
1778438171,6553,352.80755835768537,41.321462266040385
1778438171,6554,335.4313831057755,106.00911821263763
1778438171,6555,298.55495473600627,85.76992025324589
1778438171,6556,387.14118811847067,25.072796378738474
1778438171,6557,304.03892247397516,77.10411227651403
1778438171,6558,497.7602485711681,137.0971478386369
1778438171,6559,185.03512501698955,42.974761798462964
1778438171,6560,179.47149942026434,89.46529722405398
1778438171,6561,106.5268017074484,119.04034548520282
1778438171,6562,524.8619755633174,94.823520848627
1778438171,6563,207.76410600745956,85.90938910045561
1778438171,6564,566.4238421237205,96.00627108009381
1778438171,6565,199.380778653586,88.05668962527207
1778438171,6566,178.1287207279899,57.458928986844775
1778438171,6567,427.8553978903033,153.08034937489674
1778438171,6568,214.0546064142295,175.00929275230675
1778438171,6569,300.4190166900186,52.20060495772233
1778438171,6570,473.4646257779888,146.20299638144257
1778438171,6571,122.67650225180934,76.10471363109498
1778438171,6572,308.5935064199748,130.60523885572496
1778438171,6573,253.5639342682562,28.93596510702955
1778438171,6574,143.7830071095502,51.60102078267308
1778438171,6575,408.0324270341639,106.6479913546851
1778438171,6576,293.4740220541697,81.08947836787792
1778438171,6577,371.6537729834339,46.65556837301913
1778438171,6578,279.52145635121246,71.4620642332877
1778438171,6579,262.5148436336518,156.91580680344128
1778438171,6580,128.26525620687835,227.59173456317149
1778438171,6581,474.18147391444955,46.64689168700336
1778438171,6582,340.96337268398065,71.08714300023115
1778438171,6583,149.72141241458883,142.00193515760557
1778438171,6584,285.2768308401895,267.7964388551005
1778438171,6585,138.33762949855281,157.70565877413304
1778438171,6586,716.4370023947465,161.17409178660816
1778438171,6587,220.05740430071182,174.5621528453215
1778438171,6588,263.3851874789362,89.00484030365885
1778438171,6589,241.39291415637874,78.34179001510623
1778438171,6590,333.99023512128656,106.04258700390591
1778438171,6591,496.5182575932327,246.06566453918052
1778438171,6592,365.384757232002,47.43156072628266
1778438171,6593,210.55611130477004,62.603753497696154
1778438171,6594,121.55436197394658,32.97035458056376
1778438171,6595,242.48501107089092,84.23382476148433
1778438171,6596,349.8050585327625,260.82001180615356
1778438171,6597,296.7004294469629,35.11737142711488
1778438171,6598,200.79196919089154,23.316694833788592
1778438171,6599,210.07475571499566,43.960020134403884
1778438171,6600,200.42286877840002,44.571696021833
1778438171,6601,342.289536572919,118.93118213751617
1778438171,6602,508.90231755561274,89.07360474488046
1778438171,6603,723.8931047476794,55.106293833214956
1778438171,6604,297.26086547043025,35.010359203845184
1778438171,6605,482.3940302672661,48.270623460980815
1778438171,6606,143.6428844442892,77.57764480700143
1778438171,6607,190.06837683887903,64.48470658284992
1778438171,6608,322.5933101601847,211.91906256043762
1778438171,6609,256.0513389626147,107.3711106692868
1778438171,6610,216.16694306501424,207.87221808770565
1778438171,6611,152.91311516598444,81.99680621686082
1778438171,6612,589.2028948996908,174.18433885887654
1778438171,6613,559.1168152928095,116.61579631467195
1778438171,6614,91.91424272388515,83.26011545067249
1778438171,6615,311.1908236648092,82.30946580781237
1778438171,6616,625.3191347116812,175.61290772548506
1778438171,6617,234.40094862044367,228.39957428306062
1778438171,6618,107.74945447823922,182.68496928658956
1778438171,6619,615.6044756975789,74.0639112778444
1778438171,6620,104.8831217964397,154.6550357698683
1778438171,6621,156.5342072448772,39.37692460997406
1778438171,6622,317.63402390563283,64.94031961778333
1778438171,6623,334.0296628573662,248.43066937960378
1778438171,6624,358.8245409881787,47.32453819251592
1778438171,6625,546.0371756921811,36.63573539937505
1778438171,6626,375.28733731117495,51.18304320474437
1778438171,6627,158.5018339148016,173.44732874513102
1778438171,6628,572.6908764805199,54.46744331879785
1778438171,6629,238.62300977563797,231.8371808612441
1778438171,6630,238.18968527104988,54.00476053939688
1778438171,6631,165.5307533069632,21.581665619000727
1778438171,6632,416.85608106580304,148.2142623214904
1778438171,6633,437.0782698079531,87.45440777972183
1778438171,6634,175.11719487916884,43.02177583640004
1778438171,6635,358.0204954692735,47.31617213701199
1778438171,6636,172.54541630945963,36.79086464135073
1778438171,6637,790.1804853706799,111.27460875374298
1778438171,6638,220.1183470473157,59.52490308134764
1778438171,6639,345.3418933090623,56.25367150789606
1778438171,6640,328.1604732584299,73.96980790850495
1778438171,6641,459.1292697700183,247.7255881080547
1778438171,6642,398.62219287221404,127.97922128971098
1778438171,6643,357.46646332351196,67.43177421826958
1778438171,6644,299.5717566967556,145.87932614742041
1778438171,6645,375.1984933502899,94.2024630106353
1778438171,6646,130.36760750917395,66.42873666960837
1778438171,6647,414.1993750214817,73.40527969906692
1778438171,6648,97.11636038949226,27.140733191062623
1778438171,6649,115.89786085340194,63.21114202197705
1778438171,6650,544.5065842482808,69.23297865610837
1778438171,6651,163.9049219555156,153.08408418582127
1778438171,6652,198.95611591110946,132.71766452848735
1778438171,6653,180.99884541176485,108.08489630977377
1778438171,6654,215.54800336870485,57.59867286875499
1778438171,6655,238.23287780456525,111.15009349594818
1778438171,6656,237.9368442915418,96.95860064216167
1778438171,6657,183.1458624208371,59.7333155211009
1778438171,6658,688.7997544767377,253.8204779810484
1778438171,6659,532.0802441171579,218.08552024706822
1778438171,6660,210.78978940893177,67.03796828562781
1778438171,6661,298.2280486830633,56.38346223130286
1778438171,6662,397.27143744427406,208.305481868257
1778438171,6663,169.90998054885284,284.5192511934452
1778438171,6664,808.9241412959203,65.3102242572951
1778438171,6665,291.10941235036336,31.227096100726246
1778438171,6666,202.84337294593612,315.4996162762405
1778438171,6667,370.36606138684476,51.875629377102
1778438171,6668,269.29153321384325,213.83316019085535
1778438171,6669,678.2196456762728,83.38277794150527
1778438171,6670,184.90602846286586,70.39231287036235
1778438171,6671,136.30869118091343,237.83826764688715
1778438171,6672,206.80153239075727,103.60725988947276
1778438171,6673,421.55717481905526,114.98699689507949
1778438171,6674,187.0900428495817,78.50699345298509
1778438171,6675,202.13595871533767,36.999568794811246
1778438171,6676,291.60828348590104,273.5130070366637
1778438171,6677,435.4802878643105,184.62970873665967
1778438171,6678,363.6759641409162,94.04977358519983
1778438171,6679,286.06206002010293,90.94198819569037
1778438171,6680,208.38255534432517,61.00607182507831
1778438171,6681,229.63146475516288,89.91698153748185
1778438171,6682,528.0910703206029,318.5349498184013
1778438171,6683,453.3109257287528,216.75267776033922
1778438171,6684,214.69671890348707,53.49165192003395
1778438171,6685,540.5909347844964,70.7054455743544
1778438171,6686,197.96962219501594,31.560906036094305
1778438171,6687,515.0823000642393,215.9011928435182
1778438171,6688,225.59648877608066,47.722523045902804
1778438171,6689,181.56427330381717,61.40921280782601
1778438171,6690,283.3902576880996,191.77569303839147
1778438171,6691,358.8269623827212,87.82074335057035
1778438171,6692,386.2756998458496,58.33258929330256
1778438171,6693,92.13697132852448,41.68304908737585
1778438171,6694,437.22976188833155,189.42683677478152
1778438171,6695,341.36963300584944,109.05994389785081
1778438171,6696,449.12921018768196,48.410215345307925
1778438171,6697,184.80255808976696,54.8088950134602
1778438171,6698,417.1206383905041,143.95628151699688
1778438171,6699,452.9378689429965,58.09514448431362
1778438171,6700,376.00814205943533,55.004809826708055
1778438171,6701,196.99874408495756,63.97594431058492
1778438171,6702,490.82509412234504,83.75464479840659
1778438171,6703,217.90912055821994,93.51613397817185
1778438171,6704,154.87267666160753,146.47722717167582
1778438171,6705,214.60507734447424,90.76419367773111
1778438171,6706,325.3921742169567,103.87811785990831
1778438171,6707,195.6985297125096,152.40418578976258
1778438171,6708,193.1664286133414,79.06679606254856
1778438171,6709,123.40294924490252,41.95205566267573
1778438171,6710,809.71747121712,170.97471724566384
1778438171,6711,143.25042566527927,196.62538548491958
1778438171,6712,239.7737994071041,50.23464184014216
1778438171,6713,162.27061913991957,43.52092105577481
1778438171,6714,211.37566405188807,168.55486537006013
1778438171,6715,181.0875789595108,23.21450418403723
1778438171,6716,162.36880645480727,61.332223594652206
1778438171,6717,659.59864015311,69.35751090740519
1778438171,6718,143.8676531710534,26.211317239546137
1778438171,6719,348.440651370747,194.29668628194563
1778438171,6720,280.09246714743585,254.8685917032953
1778438171,6721,116.10681702913283,31.475338648317866
1778438171,6722,135.16706005070313,60.87816986480978
1778438171,6723,124.72602066172072,41.32941937047514
1778438171,6724,619.1996920519537,83.15957802480094
1778438171,6725,279.7306350576599,185.54131618945362
1778438171,6726,184.0360844140929,28.53200297599157
1778438171,6727,261.89980928442174,94.81621938517988
1778438171,6728,761.2082690428786,210.32566922192902
1778438171,6729,280.28892656362257,111.94498565949787
1778438171,6730,395.27765029636663,123.5061473976816
1778438171,6731,124.63453037606568,201.02736779203087
1778438171,6732,170.8709165203232,30.657836076140754
1778438171,6733,83.1927069717411,39.509031040321915
1778438171,6734,120.83451343665493,55.66611616175606
1778438171,6735,481.4652624429912,267.7571601302133
1778438171,6736,500.0025659847369,67.47207501498893
1778438171,6737,180.120324797057,125.52781981713558
1778438171,6738,264.56373167517364,73.93486035608775
1778438171,6739,618.0496439080979,139.16281564172436
1778438171,6740,166.00590635349405,88.20283800244192
1778438171,6741,582.2390893892178,66.94838532809294
1778438171,6742,428.3677186104352,51.21740109642461
1778438171,6743,291.4130599394128,106.34760810958035
1778438171,6744,258.1679793075333,69.5366276805818
1778438171,6745,485.36365721041136,243.02652568810058
1778438171,6746,103.31054146824955,86.82776443906042
1778438171,6747,324.60637950167853,117.83472247248491
1778438171,6748,376.5463757335171,50.58540767027964
1778438171,6749,321.59584570131193,98.68809928534155
1778438171,6750,196.38081423116532,35.81346486111438
1778438171,6751,173.98451714208883,73.03050366446868
1778438171,6752,347.73195047313305,35.24883835233002
1778438171,6753,231.2267833153394,175.3646532864916
1778438171,6754,89.36617007155877,23.033396551203865
1778438171,6755,271.0173236101558,93.20631350341058
1778438171,6756,189.150221669495,224.2271217740071
1778438171,6757,201.52803826277565,137.2667315839624
1778438171,6758,212.3145701509728,93.5681686957236
1778438171,6759,214.06000876676234,183.09362379371856
1778438171,6760,399.0484181487457,57.350634375650934
1778438171,6761,136.80706140203185,104.95199771812949
1778438171,6762,93.60619171765653,79.72860386740129
1778438171,6763,334.1477400192897,56.2057457972464
1778438171,6764,235.55978613363635,31.959627115027224
1778438171,6765,524.6388163089025,52.83498013740112
1778438171,6766,290.5863654401493,104.48762767299749
1778438171,6767,180.18424199623274,204.1631977733125
1778438171,6768,555.1221723845379,223.74588926240327
1778438171,6769,247.72292773338353,242.0925742416085
1778438171,6770,283.24993174686426,96.68889923638885
1778438171,6771,542.623931733169,73.87140142966511
1778438171,6772,305.75881952042465,133.92992540272883
1778438171,6773,210.97599677575465,46.302825478972295
1778438171,6774,670.471628283797,38.18159805514754
1778438171,6775,166.61123631758937,131.9617600504392
1778438171,6776,337.0241343924563,141.16876795899282
1778438171,6777,149.52036201765299,47.68379237707663
1778438171,6778,347.72848559531576,112.44102988654356
1778438171,6779,89.88032621523628,75.1320085482001
1778438171,6780,109.00354675464845,165.07721039283783
1778438171,6781,351.4045785458099,37.650125772892565
1778438171,6782,541.5359019506951,67.00686865224299
1778438171,6783,316.594123308102,226.86564102552845
1778438171,6784,382.03666645299865,182.02085076655413
1778438171,6785,947.698847440554,103.8235509741979
1778438171,6786,619.8104929212353,94.01760670509537
1778438171,6787,233.04700156627996,30.699008994213088
1778438171,6788,243.50455716887527,77.4224048291867
1778438171,6789,525.1548214208387,62.82748459511837
1778438171,6790,199.62128648978864,70.91473705311842
1778438171,6791,417.05190601568677,108.94253835448546
1778438171,6792,395.1790057651012,63.26625615512481
1778438171,6793,417.40564147814,71.8639002008309
1778438171,6794,420.0558497351084,203.75905016729288
1778438171,6795,124.45718691045613,135.6596435166989
1778438171,6796,209.58860063828536,141.55597448249225
1778438171,6797,148.5101891457795,142.0039270812759
1778438171,6798,232.11275272211245,128.90198378317848
1778438171,6799,97.78362524459862,42.49010546655431
1778438171,6800,224.11843578072967,128.28872144345576
1778438171,6801,263.6917489962452,119.72991023368871
1778438171,6802,284.2370254097559,51.49091699095078
1778438171,6803,225.5199210091585,100.53535774412315
1778438171,6804,288.34684450028635,44.97815884924769
1778438171,6805,387.8738471708986,88.3083857218032
1778438171,6806,558.8569071505245,40.05557758718844
1778438171,6807,226.99698317462958,30.617257117170787
1778438171,6808,220.02842925973496,178.42533026768314
1778438171,6809,235.20612710745294,75.3855096836616
1778438171,6810,489.44029685781123,54.09369666109642
1778438171,6811,436.06923709590257,65.91293657260859
1778438171,6812,415.18337581009985,130.86077885134412
1778438171,6813,198.94869363004867,199.294013266391
1778438171,6814,463.28408200480214,31.123871089741606
1778438171,6815,427.53254450297476,117.18242992264182
1778438171,6816,418.8713889523615,122.648217209685
1778438171,6817,154.5068978980582,55.68103973799472
1778438171,6818,168.3518379281593,51.67337367263831
1778438171,6819,382.6055865990447,116.55510666701208
1778438171,6820,282.77110138294086,75.29133254492206
1778438171,6821,214.28173229387488,92.44242348611739
1778438171,6822,600.2071964262796,177.0574428006839
1778438171,6823,594.6296751886864,163.10590400511515
1778438171,6824,271.3996003383145,41.172319790762025
1778438171,6825,302.7400249964423,38.69242273828174
1778438171,6826,199.33128505560768,129.41991476106085
1778438171,6827,353.0525204174699,50.695581828460654
1778438171,6828,402.4574300595156,149.30588444932528
1778438171,6829,376.74359356771583,59.1686938604224
1778438171,6830,231.81870751258901,65.19841641612473
1778438171,6831,123.45929491269091,243.45514182541405
1778438171,6832,363.9487314851855,19.315063370539388
1778438171,6833,148.2409596239786,105.30081595829266
1778438171,6834,268.54953128527234,19.73770769380495
1778438171,6835,566.5417948922085,68.82186269066847
1778438171,6836,558.789079200288,97.80402295926757
1778438171,6837,431.79821771771464,35.352536090694805
1778438171,6838,169.53574061464087,34.61690855306572
1778438171,6839,351.9748522753666,71.21211310473834
1778438171,6840,279.08205925281277,93.50025723053018
1778438171,6841,354.2028290969355,108.7455454515986
1778438171,6842,235.82723200963798,146.8801007664858
1778438171,6843,311.418506824669,39.018449621350534
1778438171,6844,212.2452127163402,49.8762766533994
1778438171,6845,173.0244176158489,121.92079105469122
1778438171,6846,430.82491988940353,157.3673586240722
1778438171,6847,322.8825079386483,305.7034820447672
1778438171,6848,497.2707903658231,100.24239131064846
1778438171,6849,585.3332601630304,118.44430390232114
1778438171,6850,421.0066680708322,55.81397178270864
1778438171,6851,397.96706690987844,53.85369430399818
1778438171,6852,240.50703390266705,69.92525919282404
1778438171,6853,254.96336722363014,52.16596420241151
1778438171,6854,399.04712563625264,239.7910194624513
1778438171,6855,383.4209909026749,129.4030057476708
1778438171,6856,196.627529072566,148.0705523059442
1778438171,6857,380.52754568327094,127.26858638313931
1778438171,6858,243.71322253398995,180.70227706097634
1778438171,6859,389.7056953327924,103.20283774598644
1778438171,6860,357.6604565001932,185.91942423434674
1778438171,6861,442.3139255004837,68.2377524069294
1778438171,6862,276.32814121688693,97.9609339341348
1778438171,6863,200.15218268765952,124.68767549184784
1778438171,6864,155.60516067788504,77.58945411967811
1778438171,6865,305.68222453797756,133.48227913381615
1778438171,6866,120.23038885040485,37.436566579299196
1778438171,6867,311.0526607415037,69.96892561967452
1778438171,6868,555.9205697392391,110.88730072562153
1778438171,6869,203.34011079120614,110.04914977209825
1778438171,6870,304.3074348273861,188.79100176216278
1778438171,6871,142.40637950843828,182.08801398115406
1778438171,6872,399.71562772569837,67.93972892208994
1778438171,6873,467.5466602788887,182.47285994656167
1778438171,6874,182.7094691901146,50.419752269861945
1778438171,6875,174.91501206082688,32.25618496457621
1778438171,6876,531.4826969890976,93.1144534671735
1778438171,6877,573.0779713555594,66.70609663004011
1778438171,6878,154.44615332263695,69.68125583763059
1778438171,6879,279.7854590257192,190.80677085855265
1778438171,6880,530.4699189993406,54.79530879775641
1778438171,6881,165.49815786923486,254.5321797373561
1778438171,6882,112.19670804733606,38.856126143349115
1778438171,6883,563.9351718463417,191.38464837545874
1778438171,6884,685.6812315132285,86.38933182934123
1778438171,6885,198.54593811876316,100.83803838774462
1778438171,6886,972.3202622060813,88.07949104731095
1778438171,6887,474.4853506378577,50.069566306506495
1778438171,6888,159.29749689804848,244.16545964452177
1778438171,6889,277.97912154821375,89.67793287095552
1778438171,6890,120.59045561769663,90.03680011754732
1778438171,6891,358.5311188105045,56.5253410340686
1778438171,6892,598.1208061061989,172.6978329316319
1778438171,6893,257.26307934135957,95.8636484324154
1778438171,6894,236.3240907958112,24.215985577577325
1778438171,6895,161.63909137066244,30.37330642179791
1778438171,6896,243.23371113624373,25.822652341257754
1778438171,6897,240.64354882660774,270.6569294095615
1778438171,6898,353.28048186055787,38.12421348457236
1778438171,6899,616.2534284719634,134.46083960470332
1778438171,6900,412.43096098598534,34.48761598893117
1778438171,6901,480.87343664480073,111.59600794235841
1778438171,6902,230.31940275610268,222.74945287345687
1778438171,6903,505.8412509954784,102.97003690159343
1778438171,6904,395.00708124729994,31.715541567130387
1778438171,6905,683.9131959594555,226.18755750053904
1778438171,6906,140.32184434038328,202.99718713210763
1778438171,6907,732.6744497496447,207.4198088084404
1778438171,6908,311.2563109741392,125.27029951591925
1778438171,6909,472.32940347090084,172.4491221395443
1778438171,6910,167.10609300340158,31.160110606784798
1778438171,6911,188.02809128952313,59.30010061869336
1778438171,6912,487.72505338159107,53.90798254846447
1778438171,6913,409.8948671421281,295.0922858284477
1778438171,6914,258.2136425848885,124.05631005590412
1778438171,6915,462.15262217401516,59.47926887457677
1778438171,6916,173.1392147280314,74.5758147597129
1778438171,6917,219.2269867811008,129.07497868857794
1778438171,6918,422.9008518595779,30.152097022606693
1778438171,6919,339.2205253733025,120.67678846930053
1778438171,6920,529.6290387979701,267.72944311140316
1778438171,6921,219.93922449745676,84.09891840520072
1778438171,6922,409.3080486312785,74.32568456694865
1778438171,6923,80.47491163330545,28.200894348958744
1778438171,6924,546.7748164429153,102.48263093387975
1778438171,6925,428.5932527643102,30.849613182021976
1778438171,6926,337.70714090413213,18.30581139206523
1778438171,6927,307.5450028532046,76.99153003617496
1778438171,6928,272.2260961870821,194.82508637365444
1778438171,6929,135.3277919504832,24.156939022788404
1778438171,6930,655.3317319108756,229.41893829051892
1778438171,6931,387.0479345986663,116.59670056315724
1778438171,6932,305.48378907039944,123.18122132120808
1778438171,6933,214.77738486614948,299.0126779778715
1778438171,6934,281.745180769121,30.526574704826363
1778438171,6935,256.1285691480634,190.18233880087385
1778438171,6936,197.30218880741793,31.910598610545147
1778438171,6937,301.02506421833783,35.50118929016145
1778438171,6938,1790.999021582311,122.33733392230234
1778438171,6939,257.7447398466447,85.69279160692201
1778438171,6940,494.22714629670526,53.475498968805084
1778438171,6941,328.7024464862471,65.72581688103887
1778438171,6942,163.70924014210047,94.42604020824352
1778438171,6943,291.57303459297987,115.01524314404188
1778438171,6944,345.6537200784386,55.728360924772936
1778438171,6945,130.76926862256212,62.35522784496595
1778438171,6946,355.9580530880422,72.61652570211383
1778438171,6947,199.9235187028604,305.08718206146597
1778438171,6948,454.6361724741384,207.80780157641067
1778438171,6949,179.31955102916882,43.059255349027055
1778438171,6950,121.9070812126534,221.56544480912984
1778438171,6951,139.84253633402204,165.73713096880525
1778438171,6952,404.80099417587,80.51950722934846
1778438171,6953,157.98542467285208,49.426151308042776
1778438171,6954,340.27519452253694,180.84336321640433
1778438171,6955,333.44226188524783,165.492469817651
1778438171,6956,143.2515918421789,36.04262834321247
1778438171,6957,154.29038956725867,205.67466699793414
1778438171,6958,252.49368587377376,189.82289935292695
1778438171,6959,418.46204626690553,40.3885093714855
1778438171,6960,580.200243233398,59.98560553450054
1778438171,6961,478.94898181849646,32.24070978307869
1778438171,6962,449.8572376253571,97.11389443090245
1778438171,6963,205.39320723031852,31.841220050206456
1778438171,6964,424.47917965513375,39.36715319035811
1778438171,6965,227.7872596195165,52.347888875100615
1778438171,6966,565.8495317254843,72.62248252055744
1778438171,6967,401.56907945074937,116.24266406655241
1778438171,6968,345.628152593056,179.12660831077548
1778438171,6969,255.55106946954692,167.84972391135295
1778438171,6970,217.59096381284485,84.55764121410363
1778438171,6971,374.7014197054019,66.51652854718088
1778438171,6972,510.6990830688147,110.69872782809813
1778438171,6973,248.3553247132153,56.299139260461345
1778438171,6974,94.75427264086527,55.63210660685399
1778438171,6975,130.35664103628656,67.24770861762843
1778438171,6976,599.2667938212994,44.10968670449918
1778438171,6977,641.7023688960998,60.23239116720313
1778438171,6978,271.3163857965016,79.50059916116022
1778438171,6979,330.0933034441044,185.26808720784265
1778438171,6980,265.46446783786547,52.023032925729034
1778438171,6981,583.6791770213779,96.03869976861542
1778438171,6982,100.0248582041132,41.77137925129456
1778438171,6983,321.36575682506015,251.46959960854937
1778438171,6984,357.7075874732764,93.61643787620793
1778438171,6985,260.24756894798674,124.65341843991293
1778438171,6986,229.57300224717076,79.85917623174261
1778438171,6987,202.57177927982082,74.85750848854362
1778438171,6988,147.0198216934219,35.87766240411985
1778438171,6989,118.25143160404708,57.44069670292317
1778438171,6990,205.89529257532516,43.06199110055183
1778438171,6991,226.03420994623784,38.47800310408988
1778438171,6992,371.8260110081723,74.84483404542858
1778438171,6993,178.77993658558896,137.7634127035006
1778438171,6994,500.413142579947,61.23259580339954
1778438171,6995,375.5377342909059,65.44728609573137
1778438171,6996,295.2735783772264,39.181474739113476
1778438171,6997,227.94076041640386,42.93444137156266
1778438171,6998,422.87535407708754,66.86862608065358
1778438171,6999,94.22803043355898,47.17310446912879
1778438171,7000,147.44012886956918,49.79566780153704
1778438171,7001,265.7637357529263,60.99952789024568
1778438171,7002,321.8607000220383,101.60154419444879
1778438171,7003,456.6482955205456,136.29623609279946
1778438171,7004,201.62959218412269,191.92276268400127
1778438171,7005,815.6336011159638,106.46064734767518
1778438171,7006,198.63157142981746,236.44986644220674
1778438171,7007,297.48832786490624,38.95354080231616
1778438171,7008,97.83089039945104,111.90487587205477
1778438171,7009,348.2244174898219,45.383250611368695
1778438171,7010,481.33305516422973,128.98864725356466
1778438171,7011,576.0392416516199,65.74685614033024
1778438171,7012,107.26083024597989,65.10285858593397
1778438171,7013,371.3152736954988,255.22079665318475
1778438171,7014,194.35453366705724,58.0646036943072
1778438171,7015,655.2512693133224,216.68898675986264
1778438171,7016,642.8925234417914,107.17763458370936
1778438171,7017,437.88994497217925,211.93118488356347
1778438171,7018,369.79017910467417,48.01234932291233
1778438171,7019,357.49106663578794,284.5658813937219
1778438171,7020,213.91232518019504,83.70812445433232
1778438171,7021,493.50728411350065,45.7471920660287
1778438171,7022,167.84197964109822,46.47711408062362
1778438171,7023,736.0846348980821,50.04638645058828
1778438171,7024,148.92148144900233,31.885900371646834
1778438171,7025,104.6361497453264,68.29679992362405
1778438171,7026,621.7502533038695,210.62956551278089
1778438171,7027,487.3614787697109,66.4685094041824
1778438171,7028,89.44193714816132,87.22234031162499
1778438171,7029,250.04265690352096,197.0370090934481
1778438171,7030,132.49456562069247,66.92698621411421
1778438171,7031,555.706200924508,42.35675280858943
1778438171,7032,323.3804331303482,146.71520524478902
1778438171,7033,312.68343638354236,80.84384855584382
1778438171,7034,401.76411258833156,34.985381251286
1778438171,7035,220.59561804296933,60.014628514300064
1778438171,7036,333.7581512466214,55.50458626313109
1778438171,7037,382.2521475887401,65.97918639318186
1778438171,7038,815.9465946315082,81.63089093887208
1778438171,7039,80.82820103111021,30.02362303664412
1778438171,7040,652.124080718647,229.35059383824307
1778438171,7041,337.3199799634409,173.58869669563114
1778438171,7042,387.38370876657933,43.19119876081487
1778438171,7043,328.550548969918,222.75862259194818
1778438171,7044,255.5575377040993,41.67962723221083
1778438171,7045,178.03205906415235,61.63935623021886
1778438171,7046,821.7660325255663,173.97891415552115
1778438171,7047,422.53938501406816,95.90128190777902
1778438171,7048,207.40131143451075,46.831133504017636
1778438171,7049,460.0162980352448,93.73523483005222
1778438171,7050,566.730541544587,83.4052716311138
1778438171,7051,122.68790654407717,34.145335772708755
1778438171,7052,168.21876905008116,273.38092497108806
1778438171,7053,227.610786440144,66.47591397571588
1778438171,7054,113.7001946788845,41.099090727937785
1778438171,7055,437.9182954604765,36.86676790301451
1778438171,7056,468.72176658583726,34.392821573325385
1778438171,7057,97.17101495467814,18.027543767179317
1778438171,7058,299.0020848951508,124.94880579707511
1778438171,7059,300.87567691761944,91.76989914111958
1778438171,7060,193.444603058187,91.74493706009943
1778438171,7061,130.98443666480932,49.02370129497798
1778438171,7062,234.5108324108947,118.98681787461915
1778438171,7063,345.3312481439184,82.14992221683478
1778438171,7064,499.99552577515163,42.63956042768799
1778438171,7065,551.0504549497609,70.77859440737124
1778438171,7066,310.65626285175665,52.642030779030655
1778438171,7067,154.76474969245433,48.10710095099564
1778438171,7068,180.58547242886652,55.74528140981918
1778438171,7069,483.8168955334251,56.64021311540834
1778438171,7070,198.73566477776922,60.79347255196677
1778438171,7071,208.09240037855068,55.407611527705626
1778438171,7072,460.35439862136843,97.41035635054118
1778438171,7073,321.3467014293303,112.92325435367226
1778438171,7074,377.226121430927,168.85354572317354
1778438171,7075,253.79890347596856,107.24649077351991
1778438171,7076,149.84093802029957,71.54488492285685
1778438171,7077,144.29887537272148,20.529425033899397
1778438171,7078,117.751533925927,96.34845980940179
1778438171,7079,497.1327745095111,155.76264747739322
1778438171,7080,830.1737917087974,85.42300469985604
1778438171,7081,170.30232707950867,224.67298566138703
1778438171,7082,253.41403839840424,72.99817994005352
1778438171,7083,124.99047260588027,102.31871241661759
1778438171,7084,189.38524314369997,28.884685866799085
1778438171,7085,274.19638874949646,36.38359586773599
1778438171,7086,151.84293440796,62.31338939406204
1778438171,7087,278.4784050637221,63.67213852272867
1778438171,7088,121.69579367933926,153.96729457233027
1778438171,7089,357.28576484495454,241.33335477453628
1778438171,7090,306.1288168519134,145.5398168614513
1778438171,7091,340.1921152334181,118.26819958836292
1778438171,7092,182.61309706574417,71.9790748820725
1778438171,7093,115.71262612886572,18.98413904580443
1778438171,7094,78.24937500734478,79.9564660584485
1778438171,7095,233.06699100050412,43.15909700028002
1778438171,7096,217.9233330004812,96.76223608773
1778438171,7097,456.4041653790194,49.5008585707927
1778438171,7098,355.4944645819459,111.76112587270556
1778438171,7099,301.94753365375055,81.14076552534578
1778438171,7100,276.5514248529924,64.50240576739525
1778438171,7101,188.18585337136614,247.80859150504668
1778438171,7102,249.6716215283269,91.99337180056165
1778438171,7103,84.95317229793073,96.54202209397836
1778438171,7104,613.9955783310378,133.53661989824587
1778438171,7105,401.2502664516762,94.77659018307374
1778438171,7106,321.8929919590396,272.8655881353793
1778438171,7107,501.9130018739464,123.40391590178209
1778438171,7108,171.95808079246726,42.725629288403745
1778438171,7109,89.21986169481602,106.91809506097708
1778438171,7110,446.9718595677724,66.52116919749308
1778438171,7111,798.5222437662651,108.36287010799421
1778438171,7112,125.41883938087457,133.2471679058457
1778438171,7113,557.181273357043,201.2325712056566
1778438171,7114,214.79821299548593,31.123386814401837
1778438171,7115,282.47140339638344,75.2337609893338
1778438171,7116,310.5872839483539,46.05330188210828
1778438171,7117,647.2613258758882,232.26131901053867
1778438171,7118,521.880446783789,141.0812820203478
1778438171,7119,574.536552899098,231.21313928512555
1778438171,7120,231.56928775479776,131.11681051937973
1778438171,7121,400.3347122515854,176.2971215134082
1778438171,7122,315.3103901458921,219.38147119557382
1778438171,7123,187.33068513323158,53.862084976142285
1778438171,7124,578.6668698901719,61.000463529260315
1778438171,7125,114.07792877639656,141.04933143305954
1778438171,7126,222.1668510900956,50.74208978232925
1778438171,7127,428.9375259428546,201.661959361585
1778438171,7128,508.15799567513085,73.19114974129329
1778438171,7129,240.01529217050884,101.35437519770088
1778438171,7130,351.7274564637942,28.241019152302226
1778438171,7131,291.0675921610279,37.35472814323398
1778438171,7132,303.37465391906494,93.05131493186299
1778438171,7133,286.1263735128969,90.14554542713775
1778438171,7134,99.02988252293018,33.011402783385456
1778438171,7135,507.99304266843023,99.86354624577552
1778438171,7136,539.1264405557787,139.58137676416354
1778438171,7137,195.93014886113136,142.6577496764426
1778438171,7138,291.97152812808673,131.42996895595041
1778438171,7139,170.00531512167262,39.51660243431521
1778438171,7140,334.5652490701109,78.56615076413641
1778438171,7141,753.3274318423789,103.1824575964128
1778438171,7142,212.9915504465216,215.42518015238605
1778438171,7143,485.6560309418913,98.8036663634529
1778438171,7144,130.77871654765102,42.65718956850706
1778438171,7145,359.1522328358877,84.80909127086706
1778438171,7146,420.1059147603967,158.14732516169278
1778438171,7147,203.13753307214702,230.12080250359895
1778438171,7148,244.76236543532437,294.2278971329981
1778438171,7149,97.48170158986792,195.20035242652799
1778438171,7150,346.31149733129166,83.0649535775382
1778438171,7151,119.13863577279999,47.576949768291065
1778438171,7152,498.7957873034417,241.3139874193194
1778438171,7153,91.32956437864931,62.46858901134914
1778438171,7154,335.13204493894096,35.72000226964491
1778438171,7155,705.4166613852314,120.93079205572938
1778438171,7156,210.22099764678512,186.39427075082344
1778438171,7157,250.73007069110537,88.68492483398879
1778438171,7158,99.80545364385799,143.0982673861591
1778438171,7159,635.0547600223736,79.02903977226543
1778438171,7160,295.3132405388588,35.10856199443558
1778438171,7161,169.9846346888037,89.97911297460386
1778438171,7162,86.25786441084574,90.04997480971805
1778438171,7163,403.72133465360906,110.57744676778567
1778438171,7164,233.36781452846387,129.8315133688885
1778438171,7165,294.25840884338,149.63002273926566
1778438171,7166,261.87141653047723,68.39483205026356
1778438171,7167,519.6560714321078,87.43378501214845
1778438171,7168,367.51733786976416,57.707627783461554
1778438171,7169,338.4043099098456,248.70055179273342
1778438171,7170,85.53634158802625,34.617880396737654
1778438171,7171,132.29937378405097,26.51407491133029
1778438171,7172,387.472307921241,151.19893411680437
1778438171,7173,375.5683555577645,100.47519922888138
1778438171,7174,230.4590637145468,271.8185338358669
1778438171,7175,269.2487351324749,57.58665805876073
1778438171,7176,836.7634603339984,211.2331951710865
1778438171,7177,290.3608101523323,235.47883422156713
1778438171,7178,377.60475791944793,115.74218671689498
1778438171,7179,351.2206715936644,104.62381709537232
1778438171,7180,295.6973808563124,175.49072171760778
1778438171,7181,177.54395220611784,241.68803585354414
1778438171,7182,143.1283122815847,42.69877632171559
1778438171,7183,300.8383490491844,107.50255287096897
1778438171,7184,561.0401287410483,192.6917047384291
1778438171,7185,367.922323745089,160.42652904159624
1778438171,7186,164.24888243417325,88.35178309377145
1778438171,7187,154.3282281212977,32.81715490756132
1778438171,7188,266.57009040459855,116.66897619953836
1778438171,7189,609.3031945346945,102.81822641519767
1778438171,7190,591.3613655805469,84.09947511794515
1778438171,7191,295.09497860349325,149.03597815405732
1778438171,7192,394.29245394269896,156.59061929275416
1778438171,7193,274.0343110375958,27.171725473055726
1778438171,7194,613.5301413433758,86.88821837073128
1778438171,7195,526.8119968631518,141.11009771868873
1778438171,7196,259.8999224107452,67.45883311610663
1778438171,7197,679.2843295948322,68.0171698224146
1778438171,7198,433.3273089141154,97.75203580289345
1778438171,7199,137.44965687452066,103.88451796788434
1778438171,7200,386.7449094196239,30.435596125815227
1778438171,7201,708.9887302747712,129.896541062228
1778438171,7202,192.62674310848612,68.71682369558079
1778438171,7203,102.18341996297876,78.149906911213
1778438171,7204,723.1288180586056,45.07018982488962
1778438171,7205,561.7169657317659,51.76275372076112
1778438171,7206,398.917829837723,70.0917759874013
1778438171,7207,441.6038360796853,263.8453582499977
1778438171,7208,639.2666586832061,223.78653565260691
1778438171,7209,146.8390454103481,35.2032684643588
1778438171,7210,373.11483194402007,70.2551859240337
1778438171,7211,482.86173244619147,46.43700972792382
1778438171,7212,437.78765304150886,104.01292762501053
1778438171,7213,132.23973543779326,42.713499192924665
1778438171,7214,296.11604408336234,163.3957793125216
1778438171,7215,385.2440687494253,61.163043928157
1778438171,7216,244.1069549590111,134.48257620458557
1778438171,7217,411.75311490232116,28.624000625319002
1778438171,7218,404.56317654503,146.90270799773705
1778438171,7219,392.8324566002624,107.02842962480358
1778438171,7220,386.7406528332681,139.21341679887954
1778438171,7221,387.0173673196534,82.71993271309843
1778438171,7222,226.08835932517985,156.05109043984518
1778438171,7223,265.4746095395181,82.87746395140682
1778438171,7224,356.58686329495384,55.17955871045268
1778438171,7225,892.0617796790839,83.84278488580983
1778438171,7226,423.3303253440493,284.8996787944306
1778438171,7227,277.8746744601411,97.27873075465
1778438171,7228,356.280464295329,123.4095765761557
1778438171,7229,227.5146049309974,159.11514828044514
1778438171,7230,533.7190330205353,82.31678980069243
1778438171,7231,136.02606333593246,157.9088113346984
1778438171,7232,109.00315597811081,42.91461531147635
1778438171,7233,241.20580625123134,223.68447247745752
1778438171,7234,335.0010613329809,62.00245393163493
1778438171,7235,474.10473681881786,48.5948717771968
1778438171,7236,422.5379879118495,112.53260304340637
1778438171,7237,308.9107705601277,74.01860880808218
1778438171,7238,153.70081504580145,68.95421614689775
1778438171,7239,179.4542657690247,32.60559655784359
1778438171,7240,467.7244211500352,64.17550272955476
1778438171,7241,193.94058606899785,73.14663173771848
1778438171,7242,571.577422473727,107.29277213714981
1778438171,7243,214.83308231945534,169.7442471554271
1778438171,7244,478.0657613566696,150.9411193555552
1778438171,7245,132.32041718777737,134.6666270830848
1778438171,7246,271.75232653618843,47.66901267124411
1778438171,7247,301.1160056995596,33.45437490012684
1778438171,7248,236.51154898327792,51.38044130571219
1778438171,7249,109.45589224090692,36.46663622442627
1778438171,7250,343.44404531714906,86.56804393214476
1778438171,7251,437.9405056061636,31.481389541618796
1778438171,7252,110.04332182028958,278.4503921910291
1778438171,7253,133.990354891634,70.2739372160928
1778438171,7254,182.1185495986024,81.60268424613388
1778438171,7255,332.3774067505021,52.93023218542855
1778438171,7256,512.5243588057267,147.52228291746027
1778438171,7257,413.22387830165354,150.8088017912961
1778438171,7258,491.50845334067805,28.920192081936243
1778438171,7259,252.94928402186076,82.00259214737532
1778438171,7260,168.74236309627182,57.95448888117005
1778438171,7261,432.8747815059628,207.8343371964798
1778438171,7262,339.35218588001146,39.45519564474067
1778438171,7263,213.30104640052787,287.5462360111384
1778438171,7264,736.7983781364755,66.79873302703929
1778438171,7265,489.90907601679316,62.415473874642785
1778438171,7266,244.26525906786108,116.21926991536108
1778438171,7267,664.6891371578066,60.87605709908072
1778438171,7268,122.72283756699396,62.33562435315534
1778438171,7269,309.96141370250285,150.35261520884487
1778438171,7270,278.115007202593,90.59909851211782
1778438171,7271,735.6612897420706,93.93615720864469
1778438171,7272,203.21511541032007,74.37491383341644
1778438171,7273,164.65117579513355,54.21018732398842
1778438171,7274,212.32228325749318,51.0407770653395
1778438171,7275,574.0331297193152,121.43292737251096
1778438171,7276,357.50225604531846,58.445886722186366
1778438171,7277,403.4788097401708,54.19099228044375
1778438171,7278,228.0183625574757,133.80256892756861
1778438171,7279,419.6744799903967,64.79432977841118
1778438171,7280,278.03205908685527,240.87695213009738
1778438171,7281,351.85685709166887,50.55918580906489
1778438171,7282,415.14685130177884,137.25641734774516
1778438171,7283,185.3835540718451,122.64047188608373
1778438171,7284,167.6168219877473,87.54495878756337
1778438171,7285,140.71501520550365,35.99437485608178
1778438171,7286,559.0305834886244,235.82408593435517
1778438171,7287,570.0662917710702,76.6574679418111
1778438171,7288,741.7877198024355,164.53759708886042
1778438171,7289,135.159999013816,140.65022251525502
1778438171,7290,380.120224701366,25.537981528181515
1778438171,7291,161.42480361459974,43.32081649784353
1778438171,7292,346.64756026012265,71.55774965658016
1778438171,7293,631.1142042302107,131.781337569889
1778438171,7294,305.8280173383196,171.0994441234691
1778438171,7295,557.6175170208869,47.856564641023816
1778438171,7296,107.02635379672155,32.698098323509
1778438171,7297,518.7535611080109,102.53934385207076
1778438171,7298,480.91488030250446,173.41957667945533
1778438171,7299,670.9929660536416,176.4769833537712
1778438171,7300,421.84022605137227,86.25148283890339
1778438171,7301,114.18531656910979,68.05675387475392
1778438171,7302,106.62755106767705,64.95984744532815
1778438171,7303,613.8807083657985,102.05157854091753
1778438171,7304,274.4355212738847,127.66659854523566
1778438171,7305,221.89036430177808,72.13458927658141
1778438171,7306,542.6318604778551,67.04742540372105
1778438171,7307,203.67035796669802,128.67826192012183
1778438171,7308,400.2991060823883,61.23376315227055
1778438171,7309,550.1296115912364,46.94930588084307
1778438171,7310,125.68397732583219,207.34213454790756
1778438171,7311,529.3455600560519,46.84316372515449
1778438171,7312,283.28517670975725,72.0492939721354
1778438171,7313,236.09517015531458,245.40548019433837
1778438171,7314,272.50665141489355,45.13434010362881
1778438171,7315,525.4942802276313,59.67128818168822
1778438171,7316,127.31720417636636,70.85517171775409
1778438171,7317,572.37217458215,130.99922009335958
1778438171,7318,302.96630123816414,74.9343111712949
1778438171,7319,360.4267945533146,45.676722200852865
1778438171,7320,296.0540686877033,162.66898974284925
1778438171,7321,219.86455008212997,48.256144878957144
1778438171,7322,758.2228710965621,43.68268474124347
1778438171,7323,172.33177877913243,159.69190439149645
1778438171,7324,430.1791061858204,118.09774717446182
1778438171,7325,295.81274912834743,59.999398274781164
1778438171,7326,342.02344734552054,47.28185122652884
1778438171,7327,304.1683811892825,105.31050718900296
1778438171,7328,680.7026631600866,53.83935523686425
1778438171,7329,564.3373525714314,115.48450429224818
1778438171,7330,426.5609834497322,77.17946921649859
1778438171,7331,480.51856449526724,53.979561477348746
1778438171,7332,97.464368415882,124.28851616980546
1778438171,7333,185.04054615344927,280.9133956729285
1778438171,7334,545.0344055802444,45.52692692832295
1778438171,7335,213.66240711648757,67.46913505248088
1778438171,7336,213.25317031728983,113.93516488785295
1778438171,7337,296.044371977596,155.60165460048853
1778438171,7338,214.27857489869743,55.77140652164829
1778438171,7339,271.36099989176125,35.26813974392982
1778438171,7340,161.69208703184844,78.44629485541138
1778438171,7341,608.8011758516737,106.25108289156961
1778438171,7342,428.90069469614343,172.92886744085772
1778438171,7343,151.986592380642,22.916151309751594
1778438171,7344,105.10894113501935,26.490659518444396
1778438171,7345,713.2633003083628,44.96369922815677
1778438171,7346,452.635417686437,53.793257246243904
1778438171,7347,445.4214799427769,199.37483480106155
1778438171,7348,316.8373702310782,151.0318414276742
1778438171,7349,507.0900166623971,192.4027240300568
1778438171,7350,102.11322261832434,64.53291530686059
1778438171,7351,158.479757466712,36.75405396443015
1778438171,7352,128.90885267600353,30.09308631395945
1778438171,7353,255.15162772691477,39.166288252119124
1778438171,7354,220.11301460472896,77.06741785925875
1778438171,7355,254.23721670983102,213.31637456355435
1778438171,7356,605.6433694527126,69.12227039018977
1778438171,7357,653.6869749037944,79.72807053710659
1778438171,7358,160.93740470513282,81.60537679571945
1778438171,7359,654.4605239776231,104.55038798449591
1778438171,7360,640.9137293761027,37.84159817623962
1778438171,7361,143.31879972581322,46.51473882683238
1778438171,7362,117.38948506128447,140.17354057770234
1778438171,7363,185.27898232184697,86.11577904864095
1778438171,7364,357.37722747958964,183.41558601989772
1778438171,7365,110.32714921356862,57.23058873729145
1778438171,7366,178.47177541010083,42.7388351744014
1778438171,7367,194.72627679601925,68.31618815181115
1778438171,7368,680.4272290739012,143.4456577452912
1778438171,7369,96.25001305829254,36.22411474330991
1778438171,7370,204.85013201532968,30.120566060145432
1778438171,7371,327.4069352765431,52.21063144337348
1778438171,7372,585.9183067033779,27.040832472532454
1778438171,7373,564.496771600172,81.44559093929688
1778438171,7374,261.2979980666333,83.37039011355058
1778438171,7375,562.8132411411425,112.11029149248927
1778438171,7376,337.01293812048317,54.20151520085504
1778438171,7377,194.2462968774891,41.85205863760211
1778438171,7378,249.4302959763974,67.59057780573043
1778438171,7379,431.69050584236163,106.19750204790427
1778438171,7380,452.8885479785695,77.08074626055551
1778438171,7381,202.15001559856356,58.65061485225368
