unix_time,episode,IAE_distance,IAE_heading
1778363081,1,16245.318359367831,278.0414569295432
1778363081,2,18816.928114653037,586.8948430483491
1778363081,3,11951.907802817064,224.9591875978999
1778363081,4,14194.799305313878,248.9769724644339
1778363081,5,15868.368094023932,386.7924554565611
1778363081,6,23241.040003249334,255.0810717443044
1778363081,7,4353.746124772664,250.95212454471016
1778363081,8,10260.96404439599,334.60034705302394
1778363081,9,13560.279592851308,424.2049818849905
1778363081,10,13054.119110301479,256.0062602562591
1778363081,11,11295.681786245854,399.39104555282813
1778363081,12,46052.359587444844,435.32804147516777
1778363081,13,39876.93041996778,266.2417421041411
1778363081,14,11547.352828872044,461.9766898812205
1778363081,15,21097.51680988908,409.599866791456
1778363081,16,16409.24080666054,437.14662213372094
1778368563,17,3872.2147605883233,201.43458241711545
1778368563,18,21276.136982750242,473.5940004202916
1778368563,19,43252.49988222488,446.707151503764
1778368563,20,7123.869613251128,431.27832143092
1778368563,21,11640.54062066348,414.8486666061061
1778368563,22,3965.6421235352987,416.88888932000884
1778368563,23,4097.041029938695,330.10586472377935
1778368563,24,16581.37365890831,193.56072375699446
1778368563,25,1721.9196469819822,237.44696794438676
1778368563,26,2079.047961454992,420.8943316884254
1778368563,27,15995.194960966406,564.3526262818327
1778368563,28,11040.606800713036,367.898577933855
1778368563,29,6207.358689686967,330.12352585130446
1778368563,30,3331.3127794986362,509.51096610898026
1778368563,31,24337.22482706035,394.61523733064007
1778368563,32,4550.920140059753,378.97389392421377
1778368563,33,5444.253567601401,374.6733490053866
1778368563,34,2263.413949953713,304.25808199265947
1778368563,35,3294.7805605952994,282.4598044191079
1778368563,36,14429.115819277124,404.38941357520173
1778368563,37,3479.2732700799224,325.48113201042713
1778368563,38,20532.210012017273,370.4665970238434
1778368563,39,48186.04034047508,450.529958667413
1778368563,40,19287.680682453167,405.3313955924668
1778368563,41,47230.05473913494,530.2996884865249
1778368563,42,22427.96923778425,229.30674010601535
1778368563,43,22671.384357127245,305.2632697370541
1778368563,44,37501.27714269136,303.51879636677404
1778368563,45,3017.5048254237795,480.02115901580095
1778368563,46,17079.778202141413,388.4106162628419
1778368563,47,20745.675771753842,247.32617184096836
1778368563,48,19742.714225607146,367.82536791705206
1778368563,49,2406.0695934141795,421.57577809525174
1778368563,50,37305.10832383834,329.33010920449397
1778368563,51,8449.500104828361,362.4132345101939
1778368563,52,2139.8914037912136,291.98853566199125
1778368563,53,2361.507801323513,529.4357593635941
1778368563,54,9431.606550199265,320.2922672309554
1778368563,55,12050.972735425974,290.9488668482052
1778368563,56,12266.535071677274,226.30129637416513
1778368563,57,13360.724795528266,216.4115365218318
1778368563,58,2002.9118256720956,364.23697094113794
1778368563,59,13287.678388648565,262.4572896271274
1778368563,60,29759.141586850546,263.29445793190604
1778368563,61,24314.452455090184,410.10785924930536
1778368563,62,4376.927002034796,366.0652047470224
1778368563,63,1922.879205842296,294.861108712333
1778368563,64,1110.1791968259306,412.2673771184054
1778368563,65,2076.7324793801863,408.5060611274141
1778368563,66,9975.347342732362,213.373615649803
1778368563,67,19930.34834060555,374.4590081331329
1778368563,68,2319.2246773468746,348.57300257096904
1778368563,69,22691.211832796445,374.6381794643964
1778368563,70,37050.0787533068,259.4427187851732
1778368563,71,2121.8713214299837,292.75030195883335
1778368563,72,2603.3601979358373,272.9922882166756
1778368563,73,49548.9647656948,456.58837646136607
1778368563,74,28833.537421130477,402.607613161526
1778368563,75,17159.546556757312,248.3190585862504
1778368563,76,18251.877269661316,469.78249827216996
1778368563,77,7986.058584110896,337.31596377151084
1778368563,78,23684.17477617003,298.271849669049
1778368563,79,6936.3689280221915,225.7379693093117
1778368563,80,34698.78934215219,279.3247922529422
1778368563,81,2411.340711973925,343.91427737477665
1778368563,82,33591.61485715477,166.2966619389602
1778368563,83,1479.7091335462515,388.96924567151575
1778368563,84,18230.554047995458,233.5606446886998
1778368563,85,27487.949062740958,203.8593898767715
1778368563,86,1275.1177285769754,366.08397691161815
1778368563,87,32354.02601513242,185.47130473093065
1778368563,88,8285.233359532916,300.35685124314307
1778368563,89,1862.4835442446863,290.65925312505817
1778368563,90,4102.263673983736,322.024529783627
1778368563,91,6720.121169379452,203.22185105231748
1778368563,92,30339.299259486015,583.8843014993803
1778368563,93,22455.33684276894,416.3477411640655
1778368563,94,6947.331465333191,283.82766059931754
1778368563,95,39162.981446365506,263.78620998728184
1778368563,96,1119.5897272897155,308.59035939783627
1778368563,97,14449.634658556055,163.56560722475365
1778368563,98,15445.277947607343,210.15738673912733
1778368563,99,8063.091432253466,152.78898020001947
1778368563,100,9531.789548502074,261.58054404348775
1778368563,101,17631.494272342472,187.50230755682927
1778368563,102,1722.6982014362636,350.2238973179105
1778368563,103,8595.718711078041,286.3876468089215
1778368563,104,3434.305812490862,299.6965644637665
1778368563,105,10667.348728915857,232.45476682760898
1778368563,106,21682.64251542268,231.59227887073263
1778368563,107,4898.374827027047,353.45959007939155
1778368563,108,11790.384399380704,337.8187675834978
1778368563,109,18216.515224647886,337.64789801485585
1778368563,110,4066.32057560351,376.1299658215113
1778368563,111,11439.14200595595,260.1955615721385
1778368563,112,26451.38137263317,237.67194464821512
1778368563,113,14620.083235415506,326.5909523334628
1778368563,114,6226.060876918832,144.01772510355937
1778368563,115,29665.220675556397,216.51488926893907
1778368563,116,7052.4598245550405,155.5984905044238
1778368563,117,9351.212956153911,170.26730154180427
1778368563,118,2095.702030593276,460.71413895601313
1778368563,119,23301.075740403827,199.07438280025656
1778368563,120,8858.365627490579,316.11715539683314
1778368563,121,1163.727769385667,312.16326132406635
1778368563,122,2418.5225622825083,160.94229568466486
1778368563,123,12981.394761420708,321.77363696074093
1778368563,124,19752.180922769698,167.49534348409296
1778368563,125,1569.0528322682621,320.48262608700924
1778368563,126,7057.669911911232,181.44003287066198
1778368563,127,1363.5904662278251,376.9160917737051
1778368563,128,5447.207826984559,349.4886686306341
1778368563,129,1072.9390274780696,312.92756109926717
1778368563,130,17732.82735319898,246.89049544319545
1778368563,131,24655.991643099045,122.91169149963167
1778368563,132,15643.293731917702,283.2230695958058
1778368563,133,6314.0562196345145,176.83074078747728
1778368563,134,22211.20952351497,121.65717892659788
1778368563,135,3192.2074128190457,146.55691183440777
1778368563,136,9549.07165250197,102.92471364024547
1778368563,137,5515.160304494525,172.05090945061312
1778368563,138,14688.771688083842,136.5992738136807
1778368563,139,4258.685982551383,151.08524764776314
1778368563,140,2318.746593686418,326.1901528933794
1778368563,141,758.2886404961732,311.38435338556667
1778368563,142,9199.87939889068,160.07779950055513
1778368563,143,1760.813280566656,319.79045094711785
1778368563,144,1748.2725856868983,310.6471348501649
1778368563,145,18339.332052838818,127.61933059555027
1778368563,146,9152.16411895775,152.59419747518044
1778368563,147,12017.68614077432,87.78621774208528
1778368563,148,7999.083350365396,282.95215131721096
1778368563,149,21773.230150352763,125.54223450281783
1778368563,150,1612.186735323099,284.8676369573052
1778368563,151,1419.5438410488173,301.3239514731863
1778368563,152,1448.6022658047636,312.44658582268244
1778368563,153,4855.303914100787,128.45974508730842
1778368563,154,3027.5802809509605,140.092537265701
1778368563,155,1410.4555367558887,290.36389026007595
1778368563,156,1270.1333005186814,297.199678263825
1778368563,157,862.5613004662372,387.8310280977292
1778368563,158,3310.676132387985,198.94051886667643
1778368563,159,675.5617725489317,305.18325854694365
1778368563,160,7373.65917102243,121.67978885432841
1778368563,161,3604.9037528266863,124.05825347867416
1778368563,162,24041.703088949456,70.75926369423198
1778368563,163,6155.226503205413,95.98349144736929
1778368563,164,612.6799888062362,333.19378098295357
1778368563,165,1165.4497931052992,293.1976366037851
1778368563,166,754.330655213539,306.4203205207539
1778368563,167,8352.353456617619,161.70449127464542
1778368563,168,8606.524642988172,164.26215192870916
1778368563,169,2447.73955395052,205.25078122870877
1778368563,170,3700.233079510445,155.632196618195
1778368563,171,617.4629519903615,327.09028956468467
1778368563,172,22901.67995016547,104.37224294414393
1778368563,173,3948.6150111109464,117.23386470121835
1778368563,174,5268.036623426154,119.1170433927158
1778368563,175,674.0620498358825,334.08234769905005
1778368563,176,5146.95376410458,93.66947122616742
1778368563,177,11732.900614455535,83.20193348466395
1778368563,178,928.101435644008,334.9480956843747
1778368563,179,907.2118019671482,273.7582876698625
1778368563,180,6557.354393406921,85.71277711605399
1778368563,181,1588.0369307561941,144.5748904471964
1778368563,182,530.7382611119111,311.9182337691116
1778368563,183,1369.9167291688004,291.29107399865217
1778368563,184,1193.092064597254,301.27210296890496
1778368563,185,3627.625337205583,94.86908737442462
1778368563,186,4936.19319670958,133.2339837991434
1778368563,187,1900.6905452944695,188.73144856723746
1778368563,188,480.5785434452948,327.9750834667609
1778368563,189,1493.3003485701372,142.96124050392547
1778368563,190,1488.6671918175005,290.7643483834364
1778368563,191,1616.0378508054139,320.4251470718922
1778368563,192,12657.488636176919,97.23287471437432
1778368563,193,1175.2883863733682,310.0505174134258
1778368563,194,3186.824426294304,121.11806700111141
1778368563,195,844.5898767456673,280.8283945628672
1778368563,196,6247.099074285801,84.9637601128386
1778368563,197,7557.5217588985,74.26781575918402
1778368563,198,1025.4947837460847,328.32494266063685
1778368563,199,778.8982989310736,297.41332273111396
1778368563,200,1005.8589944208511,181.02682541636878
1778368563,201,654.1999395221916,317.8784593254961
1778368563,202,4092.9813953695616,98.83006976959673
1778368563,203,12804.249135436561,108.88684475623572
1778368563,204,781.0478048198082,355.8295085284395
1778368563,205,5854.8546253219365,98.38295143729886
1778368563,206,521.3468878688287,322.1488229426398
1778368563,207,617.0062297572078,329.485038267526
1778368563,208,1590.3505200450948,326.1889782914934
1778368563,209,694.5455795536652,302.2726259176455
1778368563,210,949.3258030636921,352.34801614457035
1778368563,211,10051.017264818496,84.91070059688218
1778368563,212,857.3654975837387,301.1305443645244
1778368563,213,1603.0558953179088,233.2617726243034
1778368563,214,907.4021332148518,274.1340155448769
1778368563,215,5746.485094004458,104.71405280870002
1778368563,216,7808.04591277779,88.55936782567215
1778368563,217,3982.86106765558,116.24224132203389
1778368563,218,3062.6520210589974,96.07610929193864
1778368563,219,3010.2675612059247,136.56049332236185
1778368563,220,890.0275917267348,284.01697023422975
1778368563,221,1047.6220285965437,160.2928153275393
1778368563,222,932.9755710737492,155.67189950504155
1778368563,223,3150.1394964241385,127.41893109400661
1778368563,224,2409.8526202688313,149.05478445070338
1778368563,225,1639.2748200783362,173.66297617676386
1778368563,226,3179.446673394475,173.9440965405262
1778368563,227,533.6046695153696,300.8089349224375
1778368563,228,789.6813293113717,313.85053807461014
1778368563,229,1037.892582564765,273.8159488313369
1778368563,230,1365.5493804726482,138.8046636770026
1778368563,231,1558.0887427166604,292.692856370568
1778368563,232,4324.377832442913,141.1271462488892
1778368563,233,2566.5327486063206,167.46045119576092
1778368563,234,707.9717411191408,286.57863466171784
1778368563,235,2320.516350180266,106.56628133375432
1778368563,236,3317.8026702825223,122.52047291308811
1778368563,237,8638.824191457586,142.62590045063334
1778368563,238,6994.932335338007,111.26747447079238
1778368563,239,783.0489734642222,308.60209596096684
1778368563,240,500.1698804258441,309.90858657634834
1778368563,241,1271.4963453990586,150.0382780703751
1778368563,242,2170.5866585064773,86.20334122692147
1778368563,243,647.2092424259256,283.1495639131587
1778368563,244,650.9065347093076,274.45458263414406
1778368563,245,2627.080880155619,103.4252395858397
1778368563,246,6987.276003971941,104.18817646388423
1778368563,247,11125.63657528716,117.89343403708348
1778368563,248,877.8141088893472,285.4923234946114
1778368563,249,574.6402582312281,277.21720558374824
1778368563,250,1185.2047489381323,359.41442227451586
1778368563,251,894.721080505419,299.04604842312324
1778368563,252,1663.8662210659515,137.4962855278208
1778368563,253,1978.0015763099846,132.3518113170845
1778368563,254,5898.727046967249,87.73543969678977
1778368563,255,1028.4830027570733,286.2882278507847
1778368563,256,1558.1772145961804,138.2267486056005
1778368563,257,623.9506132509209,328.8139987127421
1778368563,258,1015.2643309472267,275.8438507023007
1778368563,259,688.8848299989671,338.05416221706196
1778368563,260,1681.970423802897,128.75222272736477
1778368563,261,372.1514903173654,295.31547453591395
1778368563,262,804.2150982153688,280.54505502747315
1778368563,263,6485.9821771365,70.0797949073663
1778368563,264,805.6868313599489,368.87058021866477
1778368563,265,2719.5930452055118,75.01906376349653
1778368563,266,1017.7939844775929,293.9890586902405
1778368563,267,2460.956060606542,105.40804944683819
1778368563,268,840.1688816011864,160.55519566449297
1778368563,269,790.4228066866243,303.21069220728396
1778368563,270,1938.5103282146954,207.38061208996461
1778368563,271,2151.1622964782005,145.27727198502564
1778368563,272,2417.870481168162,90.1217347929002
1778368563,273,1093.447563612991,165.58213888106175
1778368563,274,865.51647277525,345.1655847264212
1778368563,275,642.3503460554184,284.1886425400323
1778368563,276,8590.223180634339,78.36618932188301
1778368563,277,617.9117304399389,330.7809852671992
1778368563,278,566.6325742929888,274.61143130470435
1778368563,279,400.52105178563465,325.16742546943135
1778368563,280,350.7038871659529,315.1134463895606
1778368563,281,13457.241625713792,77.23557069721969
1778368563,282,2472.881203807804,117.2798643964002
1778368563,283,1925.246507274451,106.41429788562506
1778368563,284,1338.608570375045,152.74307125720213
1778368563,285,710.6805571787502,269.42571645296476
1778368563,286,438.44884459789654,327.07744253478137
1778368563,287,860.2807937635803,268.36855782322937
1778368563,288,455.87760920305345,348.68801150132754
1778368563,289,1928.1843789524596,81.64468787650192
1778368563,290,2137.1469719377005,77.00070282238265
1778368563,291,1422.502578272998,268.4301746981427
1778368563,292,2765.2491585035154,169.93714617988567
1778368563,293,1065.8153375349818,261.60452861998397
1778368563,294,781.8372450959199,337.0657379751101
1778368563,295,4619.473334416317,67.4168686327793
1778368563,296,1603.9810202412182,118.75431792287867
1778368563,297,1172.4498311864531,166.77668114927843
1778368563,298,589.6899619581883,289.6845886009781
1778368563,299,774.8244293578712,159.70721869947923
1778368563,300,4478.283933659516,100.05795105717402
1778368563,301,4362.578358656352,95.29244051777724
1778368563,302,1582.4232746996179,266.7759703875657
1778368563,303,444.0484240090945,297.69246389045657
1778368563,304,1454.672270705776,279.8317342675399
1778368563,305,1211.4783061855383,297.84992093077807
1778368563,306,1826.9695895542527,145.705846803615
1778368563,307,755.1439856122496,281.3976223119113
1778368563,308,1306.0331524833482,111.95226278626865
1778368563,309,4643.128758535929,86.52994189444233
1778368563,310,1183.107742836402,275.9475942234876
1778368563,311,975.111201168608,157.49725437274918
1778368563,312,1093.9204312285153,161.71392070221177
1778368563,313,1007.7858735286673,262.4870088607827
1778368563,314,1923.2567626608457,205.07539030624176
1778368563,315,920.9814439807187,138.0674705189301
1778368563,316,598.7583427076667,338.54843049307635
1778368563,317,498.7058454830414,283.57484642738115
1778368563,318,4705.936742520145,76.75060066578862
1778368563,319,872.2823098877569,181.0701488810775
1778368563,320,806.89526099815,166.63660553571384
1778368563,321,1499.1451353188581,103.93998712252173
1778368563,322,2018.3859705414727,121.64679123517273
1778368563,323,784.3796256421444,259.0634525772328
1778368563,324,1045.3455701690043,139.57070759031342
1778368563,325,1161.2109228918482,150.95625705560303
1778368563,326,1186.2216518265773,271.09268375387524
1778368563,327,1241.420511439479,303.5704945461723
1778368563,328,681.7634341150188,310.7043889658944
1778368563,329,553.2196570716563,283.9077601765253
1778368563,330,665.2825550646397,301.0024754824969
1778368563,331,918.9157738876467,180.53324676259035
1778368563,332,1408.6198396956142,282.89716256688183
1778368563,333,1059.5136649570943,297.7007406804055
1778368563,334,403.970860328067,273.51832814579166
1778368563,335,508.80279118941496,280.7808864683818
1778368563,336,2841.398198154529,212.44232223079504
1778368563,337,439.82253551325454,302.747683292114
1778368563,338,1722.2925223226596,162.84148578742685
1778368563,339,1057.7103689212365,271.9615629118181
1778368563,340,477.3310788150511,283.1980190877943
1778368563,341,3925.125414789089,141.4045843317889
1778368563,342,530.4478526213421,257.5619943209611
1778368563,343,4830.451376037946,77.16522611792807
1778368563,344,1422.3346907675414,188.24847350637242
1778368563,345,2479.331901612278,117.13181818925842
1778368563,346,471.7099035546424,308.9636021178209
1778368563,347,745.0930538390008,294.0803123439362
1778368563,348,1434.2031515951046,128.97566505311173
1778368563,349,5690.042252620524,67.02922839441973
1778368563,350,4464.546400374861,57.97825139908149
1778368563,351,2699.9404663084347,144.90885670916492
1778368563,352,7722.105357316566,81.03996837553223
1778368563,353,1856.0337350453817,120.24194062098138
1778368563,354,8318.185908706899,76.41450640128505
1778368563,355,993.2060932680301,137.09178669733856
1778368563,356,1360.2463018970102,146.49492490298246
1778368563,357,2742.7989738815886,159.34963802964464
1778368563,358,1667.9766606343223,143.9496153231569
1778368563,359,3691.8711181734607,91.21238410466434
1778368563,360,1180.4428967014585,239.13286904885683
1778368563,361,441.40405430294277,301.7048056187999
1778368563,362,369.7733558300388,284.92203832473325
1778368563,363,1479.6579107437524,184.21898971776
1778368563,364,2530.586781571758,130.74126191875612
1778368563,365,756.8773925702345,281.0044490479807
1778368563,366,3603.7492656881345,102.3093401743598
1778368563,367,897.5216772686786,289.11970756293323
1778368563,368,1250.2050040207414,248.54541655196903
1778368563,369,1791.3387146408297,149.71892148847448
1778368563,370,3056.5217696176855,122.97593894272991
1778368563,371,1569.3289195528762,283.55386878400867
1778368563,372,617.0322137314901,301.3916058903154
1778368563,373,959.2401360321031,282.4096121891937
1778368563,374,1043.3948881448182,286.49273315170177
1778368563,375,1120.437620891785,134.40678548375504
1778368563,376,2030.3700105140592,156.65753554613647
1778368563,377,1126.8285537907354,299.49138644928865
1778368563,378,4849.062556789937,76.71122458373118
1778368563,379,1089.371206886004,151.69919263832506
1778368563,380,1043.7780795923036,157.7859344767554
1778368563,381,826.286772243318,245.685981164886
1778368563,382,1288.1572999773157,138.7753895918793
1778368563,383,1370.0878416520754,148.08111973352646
1778368563,384,1958.2587598551966,74.5045069234045
1778368563,385,4038.6413622854493,72.5674420689217
1778368563,386,605.1293152141674,314.30067384323576
1778368563,387,1317.3631838016931,151.75489604134265
1778368563,388,1978.2710160587146,157.26698642988114
1778368563,389,1106.3966722801824,198.85218561615306
1778368563,390,1893.8969444133306,129.0346951610455
1778368563,391,839.1607952781256,317.3169748909221
1778368563,392,1177.4709506664205,173.15991176080615
1778368563,393,1392.5889693965714,142.5917138675483
1778368563,394,4905.3063300266995,81.96346957571568
1778368563,395,1043.6788431365885,170.36492672273252
1778368563,396,1264.403807065425,226.07545311974764
1778368563,397,1056.6391890475975,378.9946652857095
1778368563,398,1660.765863942622,189.78711698965668
1778368563,399,760.5394118523598,283.41237662632795
1778368563,400,2419.0660260861996,128.7184457452
1778368563,401,3093.79261136604,151.70639907103316
1778368563,402,926.3523060433914,150.28024687561026
1778368563,403,923.3802517841307,270.3319143517402
1778368563,404,2359.9728792428855,135.25812143712116
1778368563,405,1211.3439925676505,165.5531698845068
1778368563,406,4059.320190235549,95.5438341156013
1778368563,407,3332.2841405027443,67.77116845319168
1778368563,408,741.4271604405747,168.50704005159753
1778368563,409,1180.5123971642254,131.13925599195528
1778368563,410,751.6861127835458,305.1054914710807
1778368563,411,651.838244753958,330.4050705115736
1778368563,412,1306.7251254983844,159.67310741938437
1778368563,413,1438.7065941266897,285.51764372223454
1778368563,414,979.7397363755754,143.12004231137658
1778368563,415,1319.4041820920418,306.54761781974565
1778368563,416,1082.2490955519402,178.99157779102816
1778368563,417,2443.315386677414,179.77954594215018
1778368563,418,1210.8479787193514,168.72972615527175
1778368563,419,726.3281886158309,275.4070309219407
1778368563,420,2127.072542115508,189.45703817092146
1778368563,421,626.6261626465156,299.3788949225468
1778368563,422,716.2554573154075,293.1319941891583
1778368563,423,782.1310936424426,288.6702485456586
1778368563,424,974.5400748305128,150.66388922760703
1778368563,425,720.287296800995,241.52643059108203
1778368563,426,2974.688066275525,170.60445215512175
1778368563,427,1085.7536411294964,253.76424287101747
1778368563,428,817.2897358811749,309.03676106902753
1778368563,429,910.2455032139387,286.15326235043284
1778368563,430,2414.519581287305,104.82993711992475
1778368563,431,780.53755829222,197.96126716836358
1778368563,432,1811.7097496615095,168.62589901389185
1778368563,433,920.6964189490467,269.2551328540658
1778368563,434,3069.016643324406,114.01991355335656
1778368563,435,804.5612714270957,179.85153748747837
1778368563,436,1907.8052046013693,146.0116522230855
1778368563,437,2045.251010391207,162.43458092158272
1778368563,438,1539.766989432673,180.58788278332094
1778368563,439,946.8080066512547,286.0188545171242
1778368563,440,854.1270762990187,264.301534804126
1778368563,441,2452.3725624147214,122.13939203366533
1778368563,442,491.791180412054,273.09471814634827
1778368563,443,698.3657435455669,210.87947217732847
1778368563,444,2606.0335669739766,93.57349074015042
1778368563,445,1103.3344432943854,141.90445212816132
1778368563,446,441.19551286375656,271.161808180611
1778368563,447,1535.7460698862014,136.8054469048825
1778368563,448,2657.886986437804,116.12757814555457
1778368563,449,1017.7338973271,189.30691282244746
1778368563,450,718.3807383737812,182.27881743816425
1778368563,451,1531.4860070640646,209.33928345416405
1778368563,452,458.46376601177394,286.2748503011077
1778368563,453,621.3072343752236,267.20676374867423
1778368563,454,830.1654155903917,190.93570576781977
1778368563,455,1195.059148856548,164.54585349651776
1778368563,456,826.3120587475732,281.36982323055963
1778368563,457,423.8993486842472,272.1416666495572
1778368563,458,638.1883357110428,181.37783561237703
1778368563,459,453.3659863309677,345.8920271118985
1778368563,460,658.0466987005458,314.44305976828764
1778368563,461,549.4882312913903,340.5000324581126
1778368563,462,2830.236368791458,60.19646771218394
1778368563,463,542.4136553787882,274.19699032431674
1778368563,464,484.1360312862864,312.7670667058859
1778368563,465,1144.223127886867,197.53084236075023
1778368563,466,510.5368274893688,302.25527031233435
1778368563,467,1314.079400395488,212.14366614631567
1778368563,468,920.5344144545517,274.13267250248094
1778368563,469,2062.2976146629358,137.52641389395723
1778368563,470,756.685890542275,203.57949625097365
1778368563,471,995.0879508813539,274.8263811227592
1778368563,472,627.7999165283684,181.2139054927341
1778368563,473,1117.543249540471,279.82163520909387
1778368563,474,2259.9652316276197,173.3929005531724
1778368563,475,933.2660640671583,212.95432418246244
1778368563,476,477.63410928927794,294.0669246790867
1778368563,477,840.3631964501562,245.7774053033433
1778368563,478,1408.5947003588892,155.21154546006696
1778368563,479,18482.98894684494,99.13089276897811
1778368563,480,970.6549482758775,173.8154762623104
1778368563,481,1310.0872380515082,203.63435579648456
1778368563,482,968.7107131307632,158.28239928407143
1778368563,483,661.7523360581948,184.4742902908246
1778368563,484,665.6189170149142,184.56346334750677
1778368563,485,573.4486507161721,168.89470659732436
1778368563,486,325.0929438192138,264.9308030453219
1778368563,487,4864.045616126264,69.99525035812273
1778368563,488,598.0701004243875,249.1936524107625
1778368563,489,344.2857954830113,283.6480318655309
1778368563,490,753.5521562328998,150.47041820742035
1778368563,491,854.1648288839742,211.834958055892
1778368563,492,432.1677549429721,272.0448083499376
1778368563,493,397.4904398142871,278.1279062425157
1778368563,494,1230.8543206342345,304.4199305961758
1778368563,495,2997.1755646188126,116.14406702490172
1778368563,496,466.88807259636536,280.6822797370643
1778368563,497,761.7973626875603,204.62843146363974
1778368563,498,3839.783602107133,86.6340734528464
1778368563,499,422.3614345261539,288.34897306396255
1778368563,500,962.6741108027777,209.69166241523084
1778368563,501,1207.438704792302,164.50306650750608
1778368563,502,599.6047811830714,282.6187734757158
1778368563,503,707.1842666830361,188.5747312743907
1778368563,504,675.1131941276624,295.0601870044541
1778368563,505,592.4205127000812,279.6985849483815
1778368563,506,286.8399840004594,283.02386801012784
1778368563,507,748.474990270607,172.62043536807877
1778368563,508,410.0400559736265,281.1273872783221
1778368563,509,1075.6154145789453,159.28015889867976
1778368563,510,699.0073561899577,290.0017530976884
1778368563,511,896.4021663242262,253.09897834945818
1778368563,512,820.4356260350837,235.4306681748136
1778368563,513,986.6064462597996,102.6416770437637
1778368563,514,1307.625049117146,161.83395546512457
1778368563,515,438.6815394304416,262.73793916741204
1778368563,516,1968.438174098243,138.67114281302165
1778368563,517,1763.0840951335986,161.13608399116302
1778368563,518,1038.854558678336,201.24002014662884
1778368563,519,570.3206538708101,272.15191372836284
1778368563,520,617.272887137266,199.17955599982062
1778368563,521,747.1934842194411,270.013788760988
1778368563,522,977.74801506699,174.6649701763481
1778368563,523,417.1101245644827,261.64935740686633
1778368563,524,527.0781516794008,297.7239412648052
1778368563,525,912.6746101408442,175.91850517451067
1778368563,526,638.8014707656585,208.1082635291106
1778368563,527,1011.1110719279754,255.66960793299842
1778368563,528,813.099908840369,183.6212964440994
1778368563,529,790.7265428598529,155.793583505073
1778368563,530,354.39827455990627,281.79345756699286
1778368563,531,1542.458796638148,122.42163826452526
1778368563,532,827.9914969108928,224.6030479329376
1778368563,533,586.4161617375662,201.2580505187025
1778368563,534,654.121078139081,293.1026134954202
1778368563,535,1927.362134526562,111.22483824537997
1778368563,536,2166.437789418288,117.19686849075298
1778368563,537,998.1841888847596,257.5567154883969
1778368563,538,1166.5772735041398,254.84538643192468
1778368563,539,827.5946594847387,183.11433422270616
1778368563,540,1020.9923329689025,157.63745983710456
1778368563,541,1308.962321696561,137.26009203132645
1778368563,542,2225.837804183044,152.3456269126425
1778368563,543,442.3374731435515,285.6538751257955
1778368563,544,1719.9133439103382,113.05148396968974
1778368563,545,872.33622832617,133.42314235579252
1778368563,546,528.8347701981362,233.6494938704014
1778368563,547,790.7171069838373,205.9735894400446
1778368563,548,1749.4712554934238,91.9371753600184
1778368563,549,727.2034676715384,173.8693180455562
1778368563,550,597.6591682325076,353.4848487346055
1778368563,551,963.7764165464755,244.3639152553052
1778368563,552,790.0056959191132,177.98669343990042
1778368563,553,675.436009452443,172.87162062987616
1778368563,554,965.0159847854493,173.37056394538516
1778368563,555,1197.6876963028797,107.47073374020637
1778368563,556,471.07410865913624,216.78492424186817
1778368563,557,810.550727901256,148.17263411090894
1778368563,558,1284.5591152172296,189.95313589147977
1778368563,559,437.15366700755465,285.8841071015197
1778368563,560,345.5733821317794,255.4192869181567
1778368563,561,529.4713010235055,230.78029823492275
1778368563,562,876.6955642881646,235.8656809866355
1778368563,563,900.0952333384815,207.72563959176907
1778368563,564,723.7663158382754,153.52032393438802
1778368563,565,47954.41220096874,397.6341485700152
1778368563,566,261.11935552417947,320.58837640620703
1778368563,567,1767.5789249376928,86.34083791624421
1778368563,568,710.4213397546237,213.04026112706114
1778368563,569,343.62798678367835,74.24098474467726
1778368563,570,1065.3201167433492,184.51678761805726
1778368563,571,834.4492237904367,176.92118074079139
1778368563,572,1663.1746526314357,94.45908950220291
1778368563,573,728.4816792107848,186.31634102047352
1778368563,574,1276.4198539069134,126.67361080219158
1778368563,575,1355.2228472437941,179.60150545504104
1778368563,576,833.9368179720497,183.53097538240047
1778368563,577,816.7673089509419,235.0527046854691
1778368563,578,822.2581779009496,205.85333606257262
1778368563,579,781.0971524267735,200.49371210724638
1778368563,580,2185.7072352726605,117.50069955711179
1778368563,581,556.4700782221423,274.8838414947663
1778368563,582,845.3483880612255,153.87332390424586
1778368563,583,965.0884103484065,189.07210959061376
1778368563,584,1521.4070438782198,112.26963609017967
1778368563,585,3110.4590599281246,89.32274138102694
1778368563,586,846.4647418499618,196.9935931284857
1778368563,587,389.33141267340307,260.9048498201784
1778368563,588,609.0457421825307,224.66817488915876
1778368563,589,955.1087075642333,283.35573164886034
1778368563,590,1313.3980323003134,174.09030127965963
1778368563,591,739.4091466696328,206.05975868413458
1778368563,592,920.2642121751416,169.64844684887976
1778368563,593,489.6708744189309,278.3777883987115
1778368563,594,700.8760213333345,287.30950914025937
1778368563,595,1656.4658017856607,138.21951515530313
1778368563,596,1039.8297375466034,180.90249815824367
1778368563,597,1120.0543297582713,144.46775619698954
1778368563,598,890.3909261921914,93.29191810451982
1778368563,599,844.7318712543457,195.30201967057008
1778368563,600,655.1353333660293,199.9891430630718
1778368563,601,3883.301112043492,135.65652681109512
1778368563,602,989.1306942437393,298.36837035879535
1778368563,603,821.2960853409991,295.11441214636216
1778368563,604,962.5815158559665,268.5261490309047
1778368563,605,383.3710018413097,281.8464996496324
1778368563,606,1335.4582805885723,180.6432399869076
1778368563,607,1295.5337832397101,185.54782093143154
1778368563,608,1696.5315078496185,190.27107196522698
1778368563,609,1415.8157491296524,150.89466323410713
1778368563,610,599.2389396144622,269.923143818988
1778368563,611,404.82166587091234,300.66512462328103
1778368563,612,940.0102054146507,193.3823560390474
1778368563,613,864.7058569759502,273.99057857689985
1778368563,614,490.7532774992072,274.410203076597
1778368563,615,425.6082152150808,305.5869357277029
1778368563,616,874.808681256228,284.2784137738526
1778368563,617,807.8721223938718,233.79365195951294
1778368563,618,1812.9335593524554,92.30869680295677
1778368563,619,519.119626204381,268.1050166237226
1778368563,620,680.9223125758158,285.04793117953625
1778368563,621,1733.392294288836,189.7269327180971
1778368563,622,608.5176097806365,290.25092395699687
1778368563,623,3344.717578161143,81.02717347853952
1778368563,624,615.0526539044118,169.7640961401562
1778368563,625,718.7819403575181,206.9118108238122
1778368563,626,596.3033995724018,285.2431635102656
1778368563,627,803.6041742813601,278.10581923510927
1778368563,628,971.4698674775283,273.1235344786924
1778368563,629,3018.8498820046184,80.18594068816853
1778368563,630,2190.2823828862097,138.4307566003934
1778368563,631,421.2732627697273,267.0434246086799
1778368563,632,800.2550566908789,198.32000192243004
1778368563,633,1542.73976274377,175.96129910317
1778368563,634,398.2417699436618,293.4023849820672
1778368563,635,1262.9871274820325,110.76595633401747
1778368563,636,1365.066825789202,196.57936901872145
1778368563,637,1397.0253061754302,97.44384758911406
1778368563,638,330.3729038061525,274.95064863041875
1778368563,639,704.2322406913527,217.4271149553617
1778368563,640,1487.0910868762671,157.85265499716508
1778368563,641,558.3778284617665,282.4963559982437
1778368563,642,1071.3423520136012,149.26562580484787
1778368563,643,1411.3043094903148,205.9504342843908
1778368563,644,1454.7386559927404,174.80227198401494
1778368563,645,920.4072779537514,261.46213757577976
1778368563,646,1053.8263012698503,139.42694466350852
1778368563,647,639.669877620405,170.74690229371004
1778368563,648,518.2709553820554,295.6776828043717
1778368563,649,347.07107996174375,250.83125603412455
1778368563,650,640.6669265640759,272.5893645443696
1778368563,651,932.0347336361596,163.9301587694705
1778368563,652,343.9251762687998,278.31271106059904
1778368563,653,348.56880747248596,261.7259818722959
1778368563,654,715.034020416348,216.41892400859743
1778368563,655,1095.373433075923,123.08838381433866
1778368563,656,1640.6782127120387,144.50974578073135
1778368563,657,791.0678265710908,160.73619316231512
1778368563,658,1231.275463186639,218.3572892550859
1778368563,659,524.3214143028064,186.70059972908527
1778368563,660,276.6468058170102,267.2936231761431
1778368563,661,1275.6500901764223,215.5711743989926
1778368563,662,1149.2502748748789,253.1759923659717
1778368563,663,825.5621094497923,239.77878608879706
1778368563,664,370.51117215611237,275.17591433883536
1778368563,665,946.5375514930744,187.80071427595922
1778368563,666,566.905128516196,283.46479807134625
1778368563,667,1723.1196671731589,141.51039919602323
1778368563,668,737.6533806884514,226.90722339504768
1778368563,669,409.00874780194914,292.838465153022
1778368563,670,668.4420585774006,283.3417167644772
1778368563,671,2529.682828868712,110.16839043674003
1778368563,672,838.4343404937072,190.42362607138887
1778368563,673,2193.586691480409,172.10735089446095
1778368563,674,731.1596070020569,129.12162565156305
1778368563,675,539.573715033007,187.56538046923086
1778368563,676,626.1286979112866,215.182947536287
1778368563,677,1372.3007977785048,165.87536875022613
1778368563,678,1262.4615836447908,176.00829496744484
1778368563,679,1210.8598744968922,194.04037721713524
1778368563,680,624.6812194589312,228.22608007420368
1778368563,681,680.7572381080822,311.2375900550402
1778368563,682,1598.5208398660548,185.87608165975016
1778368563,683,766.6494522292833,275.40206145317876
1778368563,684,552.8444182515178,306.7009971550925
1778368563,685,1706.6561074767276,95.80601911599874
1778368563,686,1949.0111009757402,189.03510404832582
1778368563,687,2924.1477815778767,99.17743282679803
1778368563,688,1253.4522491170553,86.66032365600812
1778368563,689,679.7909036853531,188.04641528438177
1778368563,690,1029.4716749366044,208.14814483421063
1778368563,691,3308.3329489799257,115.81282614286272
1778368563,692,757.7793721070999,302.1719269939779
1778368563,693,579.9412095400206,281.0227498628971
1778368563,694,997.507086846033,230.7170546784851
1778368563,695,1806.9889327304143,97.6928232698023
1778368563,696,815.9131249622963,234.12761574034988
1778368563,697,591.838593728254,203.80640761439346
1778368563,698,933.4583029981457,192.38758512756863
1778368563,699,792.5430176966878,165.8972714993573
1778368563,700,636.6036548492775,251.9084323926759
1778368563,701,640.6064803126062,200.37467147929067
1778368563,702,983.3536085720548,294.68656421907264
1778368563,703,2739.1877204884568,154.9394223775917
1778368563,704,1403.0464199572987,98.45373822223857
1778368563,705,394.2488808546519,306.886406810839
1778368563,706,1218.789536490289,192.85778829471653
1778368563,707,1969.9592511092353,139.76456082527005
1778368563,708,735.1251786108769,288.7761416368775
1778368563,709,414.1648630909364,286.790394570743
1778368563,710,1772.7168152357915,107.08607996812891
1778368563,711,840.2675763850399,214.3466133876582
1778368563,712,464.6796125448569,278.8524548390362
1778368563,713,3555.7357463436747,82.02551374165303
1778368563,714,635.0652818548315,235.8109014629947
1778368563,715,750.8590633458238,280.6834574301693
1778368563,716,2350.728661653733,152.91673358785863
1778368563,717,844.2111514862079,247.945628907343
1778368563,718,2593.064660844064,151.61190147943006
1778368563,719,940.5840406624789,207.96235765808524
1778368563,720,1617.3004861439922,194.71444733941792
1778368563,721,423.9721710634953,258.66409275699704
1778368563,722,481.5891462231305,320.6646623895418
1778368563,723,1607.06471499392,177.70092563264302
1778368563,724,2092.4542556291976,96.85168866171132
1778368563,725,868.5411479245929,308.61299667356485
1778368563,726,550.7850992528813,306.89737060834017
1778368563,727,900.6288951664633,275.84185972599755
1778368563,728,868.4559293313812,129.35100682956048
1778368563,729,890.2182465979496,162.29854772886407
1778368563,730,375.52156374522457,282.5954946982531
1778368563,731,766.2955212885412,124.57689309348667
1778368563,732,3057.185508777379,107.91672212521927
1778368563,733,495.7822288011539,250.15604031246596
1778368563,734,4445.099300267868,89.18015453560896
1778368563,735,570.3111466447481,192.49285555539967
1778368563,736,834.504850859557,273.3286124204724
1778368563,737,3962.7540417585324,88.3723846781162
1778368563,738,1419.2245540449699,82.35576589491659
1778368563,739,342.1626418164659,329.43158337457015
1778368563,740,2943.307468107179,88.86862623140438
1778368563,741,2107.945004646133,155.3128397286412
1778368563,742,2491.6987433533263,91.46955600095801
1778368563,743,401.6728132310371,279.06569475212376
1778368563,744,659.4918901374812,160.56019107268952
1778368563,745,584.0172809180358,259.56445768464056
1778368563,746,891.5208839958772,175.0244782813627
1778368563,747,1549.3407115035686,128.10584404100248
1778368563,748,686.7528523881249,249.97212054957208
1778368563,749,1168.470033237872,148.57963435662913
1778368563,750,633.072333392811,186.8138842114901
1778368563,751,1049.2770801512204,174.18848923530234
1778368563,752,1454.790052751151,142.1214981867934
1778368563,753,778.1874247652061,276.90033646167916
1778368563,754,1896.3535099936935,148.99626225844733
1778368563,755,791.997423127942,131.48962081945297
1778368563,756,3520.079883235018,80.88307628028714
1778368563,757,610.7360403832652,249.10550398323923
1778368563,758,654.7084299932034,171.17343810471945
1778368563,759,696.4643121663338,209.37055330142996
1778368563,760,460.1840569854737,252.0334307221021
1778368563,761,538.2333460198413,269.0572439987937
1778368563,762,580.8679275718724,173.05568121129835
1778368563,763,408.1554024166927,261.63043888742084
1778368563,764,719.1300778978423,169.08735721967142
1778368563,765,638.2343554580241,115.8155283618855
1778368563,766,513.512009435173,334.33042993472844
1778368563,767,1048.1386702133937,189.30150122917468
1778368563,768,376.4368499456833,269.0990029173514
1778368563,769,2617.487180355404,101.2528603195166
1778368563,770,1195.9561020734347,151.76175016242598
1778368563,771,1025.328342356967,172.52079545856748
1778368563,772,771.7542343067165,151.01521525283724
1778368563,773,579.1139294150529,251.2374395186049
1778368563,774,606.0184197178368,254.66841080829437
1778368563,775,1307.9658897721774,164.43147700684935
1778368563,776,1088.9470226439134,195.09799679150174
1778368563,777,1127.278089481706,156.8480587357786
1778368563,778,656.7634846128848,278.46930161477286
1778368563,779,960.5971192076917,149.08771878069354
1778368563,780,780.1302594855296,184.08442371311276
1778368563,781,673.3207862189055,169.96405496074362
1778368563,782,399.06267404834387,285.93077036107127
1778368563,783,527.5340626414561,246.96897773387244
1778368563,784,1613.0373052866944,211.6842047894707
1778368563,785,345.0440485912566,294.49376136742063
1778368563,786,642.9678783141534,185.61271519741672
1778368563,787,588.3794648207119,210.1940314160401
1778368563,788,1124.5350145412415,193.99412864267526
1778368563,789,835.190540855497,182.5962074028269
1778368563,790,491.57030783588243,292.0896562275924
1778368563,791,791.8173402833221,146.01224208167045
1778368563,792,599.9061330757196,178.35688284872688
1778368563,793,1324.8977696162574,133.81309489735767
1778368563,794,1865.1577664046035,147.39013281132173
1778368563,795,892.2058219773226,175.19212852679613
1778368563,796,1418.1822380466085,190.6403078921683
1778368563,797,1960.1798949543288,208.83968826514771
1778368563,798,383.13860872714383,260.5617874069984
1778368563,799,520.4000816545729,279.6983805177773
1778368563,800,543.7147989097025,293.24304011358083
1778368563,801,1373.920012056937,140.27847940805725
1778368563,802,975.6995508611293,284.97806951893864
1778368563,803,3066.5346057461034,90.51294588532453
1778368563,804,1540.3038492367723,155.15347955269382
1778368563,805,468.2460418737139,283.57881595060655
1778368563,806,635.0054949852113,269.8428336521557
1778368563,807,518.1075885541941,155.27985232534994
1778368563,808,1544.502767264879,84.4857204024729
1778368563,809,671.2112796968361,257.071704449566
1778368563,810,1268.193646914651,95.45914361432874
1778368563,811,820.9980611807911,252.52155138508758
1778368563,812,893.8894130742999,254.19729090366667
1778368563,813,959.3439890382518,98.84002165182092
1778368563,814,2229.7809620491566,125.05535482365646
1778368563,815,765.8870910831041,203.6355667166401
1778368563,816,950.7480867411989,166.4225807073538
1778368563,817,603.2073676226964,251.53486343790655
1778368563,818,626.5398752749137,307.1939844270931
1778368563,819,994.9295923420316,141.229042408161
1778368563,820,629.4457191284646,314.9835673366735
1778368563,821,2167.337772120172,125.97854187765562
1778368563,822,911.1091673019602,166.27698838925986
1778368563,823,667.728935947276,279.11309229011505
1778368563,824,1328.143590790987,139.2980603571304
1778368563,825,587.1357257207549,236.19881056631704
1778368563,826,281.4969625931422,92.77512189901368
1778368563,827,693.3902583785048,222.82509246047692
1778368563,828,527.7836367412211,254.68481400794798
1778368563,829,1245.4689408834208,175.90937745693248
1778368563,830,495.22822395764115,253.1292290352308
1778368563,831,1581.8511299545562,162.34171697162915
1778368563,832,460.0743240500221,241.81876746013367
1778368563,833,1061.8446891151307,206.03059904984102
1778368563,834,366.7762913675595,299.46527759754593
1778368563,835,668.7031173198342,292.3404936625538
1778368563,836,664.443340381395,285.1430598775162
1778368563,837,791.8011253392482,251.5762687078785
1778368563,838,517.3578063798382,232.58263043261064
1778368563,839,770.191798830438,291.3609963695374
1778368563,840,1309.7549386498586,157.59458198730633
1778368563,841,779.7843534439571,184.5486342410052
1778368563,842,594.3748723488058,308.7143168553687
1778368563,843,617.6461265621142,165.6390650707798
1778368563,844,2354.1898522059737,90.4121001600993
1778368563,845,1425.3448985725895,143.7451053765073
1778368563,846,939.1906350901393,183.72550194873457
1778368563,847,1449.5611327849285,164.31385278901465
1778368563,848,4367.434588250723,95.91420607213807
1778368563,849,669.2925115750493,184.161316955714
1778368563,850,1934.9528380657807,163.77191637886878
1778368563,851,2151.475965720569,103.33124282354379
1778368563,852,626.0235946223575,185.41487491125446
1778368563,853,333.39778544365436,250.665040718886
1778368563,854,1062.3747765229782,156.66307344564981
1778368563,855,512.0184272396702,168.33828268770836
1778368563,856,641.5194064101304,273.0497970649748
1778368563,857,705.724926392166,219.86857253567555
1778368563,858,536.713957896712,170.98925239358732
1778368563,859,331.9508547203282,273.36005264742533
1778368563,860,852.0174377336423,152.03127796442402
1778368563,861,3129.3547897815415,102.76463497433842
1778368563,862,675.2433948705266,193.10049845408622
1778368563,863,466.33151811297853,165.46175893722253
1778368563,864,1317.76259497574,143.01552543111805
1778368563,865,1023.7493729833706,123.42774997337554
1778368563,866,412.934782959638,241.92232133885088
1778368563,867,752.5390650286658,244.6083876252897
1778368563,868,1399.6972510313183,138.5455102239979
1778368563,869,948.6955847871471,168.91564510813097
1778368563,870,344.11964314443367,225.02894864917633
1778368563,871,605.172646896959,255.98735842574683
1778368563,872,837.1168982332846,183.99085230328848
1778368563,873,511.2438766196279,240.3956955996479
1778368563,874,488.27279115298626,251.69026894965518
1778368563,875,1623.7553964349895,150.2135474742874
1778368563,876,527.3987126715936,262.3249302301567
1778368563,877,772.9026619414905,190.13485405332597
1778368563,878,648.0614682165983,238.34537719628702
1778368563,879,1602.0477906931428,110.0997762664191
1778368563,880,331.99192933831233,260.58636232338614
1778368563,881,1204.9183432375241,183.56106343136042
1778368563,882,1728.4517446284738,93.1964717476327
1778368563,883,1100.2604253465913,149.98140546715592
1778368563,884,2381.729108893446,82.88680262786075
1778368563,885,509.74011736680785,223.0447959597499
1778368563,886,567.4800451916998,192.90488851457704
1778368563,887,1242.060282763834,156.00653652913226
1778368563,888,2571.347998389119,90.71562131809604
1778368563,889,284.8875517886311,278.7054546375053
1778368563,890,593.3796099470796,156.8529163515713
1778368563,891,876.1346100987918,115.43793933960558
1778368563,892,852.4246958670888,203.7987859810825
1778368563,893,663.6178624746841,173.14339818571517
1778368563,894,935.4988353539607,159.62096510834536
1778368563,895,530.8003471443258,267.24963150589036
1778368563,896,551.6540256448764,248.87485332809956
1778368563,897,597.7162515300557,276.22799521684243
1778368563,898,210.01660710244113,256.9635565410849
1778368563,899,327.43272372916357,105.0051186723383
1778368563,900,467.8233320850739,252.4135089120338
1778368563,901,347.36030037319046,267.242643286149
1778368563,902,298.1098996213365,235.87259957607515
1778368563,903,348.3310090228817,218.1868387956788
1778368563,904,1374.7923952577346,183.49443078793092
1778368563,905,936.9982541263852,158.37817078436916
1778368563,906,418.5807466717038,173.1317679287914
1778368563,907,413.65592717019024,239.81652314857678
1778368563,908,720.5275364771134,191.65376035312778
1778368563,909,304.902633783473,229.00930768556796
1778368563,910,813.9800065606996,110.81086041495217
1778368563,911,583.5290334250708,244.45163507261972
1778368563,912,1225.7445309202683,144.92292796797506
1778368563,913,497.0673236957328,168.44798132916364
1778368563,914,1728.505009806266,133.8557621662602
1778368563,915,1434.1236364354147,174.17672435912448
1778368563,916,605.240717654623,166.73306637042526
1778368563,917,337.6268630338234,262.49678403881205
1778368563,918,1928.5689613959248,110.67110244525219
1778368563,919,726.2132322894475,149.05692836497468
1778368563,920,503.17358642829976,229.8297380433812
1778368563,921,208.62109701349928,196.2874857756014
1778368563,922,862.7852646466232,169.471551533784
1778368563,923,952.3227080488529,135.58894462565368
1778368563,924,1573.4376857162467,152.03917776112235
1778368563,925,957.4198203675766,151.79184288065414
1778368563,926,693.2888118964455,204.85097807398725
1778368563,927,821.6074666099611,191.63075668609622
1778368563,928,1166.6326183427811,153.9454433156031
1778368563,929,764.3186671947896,180.0558358308927
1778368563,930,258.4458813134394,207.01136247502856
1778368563,931,1304.8167964367476,167.07192922117792
1778368563,932,717.686490238946,223.55607932477935
1778368563,933,2773.4503120677964,108.2641592270114
1778368563,934,3198.798191077294,97.72003316276249
1778368563,935,307.62002145379734,257.1660465043086
1778368563,936,687.3314157075358,153.61621489872468
1778368563,937,518.7714185850034,232.88041250393096
1778368563,938,519.161005697936,245.1721760789464
1778368563,939,1360.2966096215798,188.96861945021368
1778368563,940,1252.3976437270746,147.52118302748647
1778368563,941,622.6899130624336,143.8228877860928
1778368563,942,1380.0083498708864,99.13634235730537
1778368563,943,806.1714145337677,138.66511964277663
1778368563,944,909.6229844827163,143.4595757158552
1778368563,945,320.9367513247457,231.87176739473142
1778368563,946,1374.0511575438227,96.37092312209327
1778368563,947,489.66274812558885,243.34960680193126
1778368563,948,682.7028947697312,166.4260952610694
1778368563,949,730.8592397679083,244.52800631904168
1778368563,950,604.0564527175412,266.5630467449707
1778368563,951,645.1303379499287,235.8714365117023
1778368563,952,494.5926637390906,230.02526584654896
1778368563,953,724.588891194421,247.31137848905317
1778368563,954,1366.681990946566,115.95991141054799
1778368563,955,549.6699438833615,184.8428525893638
1778368563,956,417.5981958108405,238.87338564860863
1778368563,957,554.6605499989003,162.92489810929297
1778368563,958,541.3300298498865,238.676331003615
1778368563,959,603.9338411693221,236.50057571257005
1778368563,960,1428.8397714535022,118.55968842200531
1778368563,961,751.8034848759372,204.97055135204337
1778368563,962,1568.765680989957,126.02502789000155
1778368563,963,1236.1168319831747,94.84794832721465
1778368563,964,306.83391852785275,221.6630372523232
1778368563,965,757.5448358540575,162.73833247901734
1778368563,966,624.9068361586395,174.34845575270793
1778368563,967,759.363551637156,233.58857618313732
1778368563,968,521.4731755954407,181.71310889649544
1778368563,969,619.9168166867934,215.72912317599702
1778368563,970,634.7239293067486,100.55843686284227
1778368563,971,832.9585474081741,165.03085284270887
1778368563,972,535.7356181140391,228.94198226072288
1778368563,973,868.1136883616082,128.9441266979065
1778368563,974,697.8938000616898,146.88107584509766
1778368563,975,1757.0271864540443,175.9044020759586
1778368563,976,1377.4345114578584,147.47354265048142
1778368563,977,560.7628546874607,229.61765962072135
1778368563,978,982.019810499553,101.94849504910772
1778368563,979,1678.3389294771891,165.6476230701239
1778368563,980,357.6528968459354,173.88679556893226
1778368563,981,1054.3484476518463,196.11214674459723
1778368563,982,672.831226288948,164.19663998782931
1778368563,983,851.1527754642786,242.66916593093958
1778368563,984,376.87962911474494,143.39036393230262
1778368563,985,1494.5845033761716,107.1348016121884
1778368563,986,653.6460112053035,142.23375829416403
1778368563,987,1602.9481292465364,133.00464967188657
1778368563,988,2385.3236568037505,179.40786497436872
1778368563,989,360.14173057449995,158.86650225310538
1778368563,990,552.5168419756604,218.45049685801976
1778368563,991,466.2094385223895,227.78729160802553
1778368563,992,541.4755669510572,259.13441125586303
1778368563,993,257.9084591045334,220.26376308796716
1778368563,994,1410.0732344719706,137.067132340932
1778368563,995,1626.093038627252,174.5828429161583
1778368563,996,444.1873979760968,214.49151009142872
1778368563,997,415.33845264326993,215.47670094662845
1778368563,998,405.42024544794543,260.9948594772223
1778368563,999,336.8671261862001,263.7173211716771
1778368563,1000,264.5542242616294,232.16914580376417
1778368563,1001,1348.0667589663005,171.0524311114484
1778368563,1002,718.527229335302,229.4424052494616
1778368563,1003,952.2218887355309,124.65366982224143
1778368563,1004,524.0428389845154,239.6739896390476
1778368563,1005,405.44935909348635,213.9152868953735
1778368563,1006,806.8144400576183,175.72575274795338
1778368563,1007,1643.8153489159347,159.82645922028104
1778368563,1008,411.0620880434646,234.35255969397016
1778368563,1009,432.45378892656476,246.78904016343856
1778368563,1010,712.9541183207709,173.96636189311968
1778368563,1011,457.5474664498699,249.11985658885916
1778368563,1012,1855.4028511977765,137.5091366717591
1778368563,1013,666.5192619196748,195.3883993910676
1778368563,1014,619.3758660600937,153.9337065186062
1778368563,1015,604.324125770039,193.16706634204058
1778368563,1016,399.3481212164298,227.11145468519692
1778368563,1017,521.2307323228443,203.73186675132712
1778368563,1018,1936.8791072847284,134.8489459088657
1778368563,1019,943.3974964195454,183.26475494864437
1778368563,1020,563.9301794475602,151.09192342963104
1778368563,1021,526.2191657876577,206.3704565720717
1778368563,1022,632.8569483214415,220.66168045956312
1778368563,1023,609.2241335082961,200.55428373488934
1778368563,1024,882.8588390040265,185.8493788862932
1778368563,1025,584.244908173333,150.38404836521067
1778368563,1026,2660.3062261185573,101.16208766873069
1778368563,1027,596.7106548762755,226.62752590912535
1778368563,1028,373.74058239397885,90.52871755381337
1778368563,1029,313.0035842912073,211.9167411087704
1778368563,1030,2849.4764469975817,108.04822121743533
1778368563,1031,625.5632577187541,164.64368304097647
1778368563,1032,385.311492393595,190.56941375519867
1778368563,1033,1808.4666828321863,125.47083085182447
1778368563,1034,489.136244569217,267.2422029152836
1778368563,1035,651.1690641373384,213.3687754230016
1778368563,1036,566.7977793253502,177.267922490746
1778368563,1037,3657.7331772771126,111.93074948168831
1778368563,1038,1297.8858638810084,158.6232124366231
1778368563,1039,1265.8951008273846,189.33607437411757
1778368563,1040,1811.2417769429578,180.512083880833
1778368563,1041,572.9317359174524,224.9206672454921
1778368563,1042,927.0486688981597,160.56805926943105
1778368563,1043,785.5644075117696,237.5847948919289
1778368563,1044,1151.6294587406396,108.41546223002491
1778368563,1045,752.6469118897421,163.22165336758752
1778368563,1046,2043.953409144836,102.92073730624648
1778368563,1047,315.07580432645335,219.4598507560451
1778368563,1048,602.0377841183026,178.77829505694163
1778368563,1049,525.894553121757,278.837868894782
1778368563,1050,1598.459311311559,160.95597156658485
1778368563,1051,921.9964399775629,111.68306985906413
1778368563,1052,1347.1516994193933,95.68400027490738
1778368563,1053,1212.4424785080364,93.76559615971233
1778368563,1054,1548.3031156235074,124.4488911674777
1778368563,1055,413.810129857866,193.62472449211847
1778368563,1056,1406.237349300007,122.25430152642986
1778368563,1057,586.8297008886107,195.01349866011344
1778368563,1058,342.45640191286947,196.6568187831408
1778368563,1059,829.8221842788734,168.92053658757297
1778368563,1060,570.2179751359471,203.93501082325105
1778368563,1061,2414.638181001436,88.47408395779084
1778368563,1062,2870.8034538008715,92.43774564785262
1778368563,1063,2464.6501021464223,101.56730814373279
1778368563,1064,556.5204972353941,245.45281970561862
1778368563,1065,737.9898617380363,187.1923648416611
1778368563,1066,262.1888682911108,202.78488855262944
1778368563,1067,2422.502083241543,180.73303799201585
1778368563,1068,1532.308707930169,103.4000515254334
1778368563,1069,1108.9900339052567,159.66665561825286
1778368563,1070,1046.2624980954813,178.53026328002227
1778368563,1071,258.8362602555977,251.5565335695268
1778368563,1072,258.63912476646993,192.97097503061704
1778368563,1073,1557.4919054786958,170.6721756727835
1778368563,1074,326.75334042775165,128.32032218169147
1778368563,1075,277.84330006117,138.6034058457189
1778368563,1076,840.3338321707737,234.9940506100734
1778368563,1077,679.4938278578886,201.35306674387652
1778368563,1078,709.5020074126064,228.6289730320064
1778368563,1079,1555.404273337234,127.09051729138378
1778368563,1080,751.4054673959059,195.01281396923224
1778368563,1081,1820.4641427340987,168.3539196004036
1778368563,1082,420.4525925790898,195.4873288895956
1778368563,1083,705.2784653475286,218.09225673111516
1778368563,1084,842.4689378515693,188.71498687098673
1778368563,1085,279.74350638410203,54.62866776699109
1778368563,1086,703.5258029346737,199.50312842335651
1778368563,1087,201.5012622645894,232.2754805438042
1778368563,1088,1239.907460388205,188.88326636161068
1778368563,1089,1664.8450115384542,94.49171777856236
1778368563,1090,557.7308051206421,241.45190846916427
1778368563,1091,861.0177741459194,196.9874247213232
1778368563,1092,421.96155134252353,203.2588965077496
1778368563,1093,412.98784051835594,254.39271577523047
1778368563,1094,336.59634986557097,259.8688608387968
1778368563,1095,469.83860316382766,187.8317126143614
1778368563,1096,666.6238374096575,224.33201381679905
1778368563,1097,328.7888844364901,32.18842095818732
1778368563,1098,1179.4213209045201,179.27896957860958
1778368563,1099,1365.6069155934044,110.21392103941538
1778368563,1100,1309.2862088837971,122.94897745780784
1778368563,1101,998.3775925898758,150.95198524349104
1778368563,1102,430.21850489039014,236.55000127251083
1778368563,1103,686.7503305573376,227.18961955202178
1778368563,1104,602.3527916690424,177.32637596562887
1778368563,1105,364.00701256861197,232.86697283837776
1778368563,1106,181.69571035337134,114.22196719828257
1778368563,1107,1692.6711338018574,186.20630986620716
1778368563,1108,661.1186815120618,209.47193833837846
1778368563,1109,2943.6434116068567,92.71686642524675
1778368563,1110,573.3951339511519,38.72307534932842
1778368563,1111,704.6174545665885,245.66471259965982
1778368563,1112,1298.9192481825394,128.59884525837796
1778368563,1113,603.7300061160478,232.12009004002226
1778368563,1114,540.942773664426,147.3121399045618
1778368563,1115,941.1300691304126,166.3729535854405
1778368563,1116,1213.544443804694,201.38648081116844
1778368563,1117,925.3718502169492,174.8202675974252
1778368563,1118,837.6066628405694,125.61594833528136
1778368563,1119,655.6751551743027,237.40323687883912
1778368563,1120,411.5113960907184,107.30653149752754
1778368563,1121,1540.665277081178,101.91246159411645
1778368563,1122,1208.477989947146,174.4125247947625
1778368563,1123,603.2929680946918,202.9681337424269
1778368563,1124,761.9549696170462,243.30507117939953
1778368563,1125,960.2186657870135,219.70959134475598
1778368563,1126,591.0563453280389,186.66311228967024
1778368563,1127,1342.0057807300877,134.97489802662096
1778368563,1128,252.14974159057314,125.74254085323136
1778368563,1129,645.7735674675604,222.47384819140206
1778368563,1130,424.1001461585411,312.3953017470739
1778368563,1131,336.0717613859672,223.25297780848138
1778368563,1132,272.28550560557323,156.94408038717185
1778368563,1133,2198.358524001672,104.4691304093974
1778368563,1134,733.1717776748585,249.9440448261622
1778368563,1135,383.8423681100017,234.79814538289585
1778368563,1136,235.50593845552706,255.0670537981736
1778368563,1137,799.9077429264913,150.89563156406138
1778368563,1138,932.34460338159,192.91584951423178
1778368563,1139,1367.3944091005974,104.86049520784358
1778368563,1140,184.32908407399555,97.1019866823724
1778368563,1141,954.0597414936826,180.65261638919023
1778368563,1142,1982.208341186968,112.88271357863132
1778368563,1143,1573.8269454093434,98.1357737011644
1778368563,1144,956.9381847025967,191.7366348018058
1778368563,1145,461.1350062257395,190.09513704398663
1778368563,1146,515.5957696432636,77.61793703958124
1778368563,1147,704.3718112319942,189.61108893385975
1778368563,1148,1234.7759065591608,127.72548975341087
1778368563,1149,718.8646924023342,205.52551695571051
1778368563,1150,536.9340339114668,240.4197376901908
1778368563,1151,587.6145337905369,203.56863884373064
1778368563,1152,612.6959156010606,203.28849648517445
1778368563,1153,1383.0950814318,209.70441548387743
1778368563,1154,479.8024858345532,243.29426710870624
1778368563,1155,1283.050055240643,191.22202961974307
1778368563,1156,599.812053452818,219.74132065370932
1778368563,1157,228.92148876210854,145.24057265744722
1778368563,1158,1162.317956516715,90.21565606546953
1778368563,1159,491.7357788709748,154.74858801099816
1778368563,1160,416.80026382167824,86.06744584344906
1778368563,1161,1168.7375446156525,191.71768393256835
1778368563,1162,378.29589513052747,228.51612716006696
1778368563,1163,1740.439910487328,165.9673978273327
1778368563,1164,627.9020469457511,169.5825934352668
1778368563,1165,1325.9757674799039,157.79791794443423
1778368563,1166,347.90359480810724,248.75799550615582
1778368563,1167,884.3794813470417,234.1236607783984
1778368563,1168,440.0283754509072,185.32892516470173
1778368563,1169,600.1626891886831,138.94429262692475
1778368563,1170,866.9376127481434,201.23658109582223
1778368563,1171,598.9087278373848,242.8896205429497
1778368563,1172,670.1493604126549,212.13972463070718
1778368563,1173,924.29985174153,157.1352515245515
1778368563,1174,647.1389777628661,259.0712367110641
1778368563,1175,749.6036618128255,147.13560464413834
1778368563,1176,597.1304351308992,233.03330330020876
1778368563,1177,1590.240898032296,130.56846248937072
1778368563,1178,512.6007634682666,100.89494478345928
1778368563,1179,676.0637428048295,252.91536860422298
1778368563,1180,1021.6039605188214,96.51534373399609
1778368563,1181,832.0578437716703,167.57984078178774
1778368563,1182,366.0740021835192,110.75653391344694
1778368563,1183,671.2135193222723,151.35317386005437
1778368563,1184,573.9764444434286,194.55036587654106
1778368563,1185,861.213020400441,192.09812218631276
1778368563,1186,851.0285811309436,180.90301623043047
1778368563,1187,474.11643334234793,233.73168546018798
1778368563,1188,526.3041903345203,241.91238781533616
1778368563,1189,13260.250303569537,176.51828134631745
1778368563,1190,1269.4633623444392,182.1645594916205
1778368563,1191,695.5093703559085,206.38095309437452
1778368563,1192,698.8482570543127,203.41807603520078
1778368563,1193,746.4897019130576,147.43819638418188
1778368563,1194,852.9367444293622,109.67534583962664
1778368563,1195,1219.661351704737,120.32914678856363
1778368563,1196,738.0818960501404,183.03183586490357
1778368563,1197,445.3651038106862,237.71806461931047
1778368563,1198,1463.178475147488,123.84178225107456
1778368563,1199,540.058180670023,222.98831408987658
1778368563,1200,473.0150885623798,221.23376756974375
1778368563,1201,737.3488835393262,173.33709787101392
1778368563,1202,671.0741469577621,160.57324291113463
1778368563,1203,377.18672837043647,231.42138442130042
1778368563,1204,964.8575167946252,132.74091495551625
1778368563,1205,824.6051049802967,209.833439647507
1778368563,1206,618.9622511191724,179.25561182267398
1778368563,1207,2163.042698100992,133.38091217718122
1778368563,1208,589.2560563694892,202.02453944028167
1778368563,1209,1689.4671275442588,111.92095384356645
1778368563,1210,596.5368422106369,191.5948190498695
1778368563,1211,1425.3697324155519,142.73165141440225
1778368563,1212,620.6609667163005,207.83193714795547
1778368563,1213,807.078538138343,302.00858093075146
1778368563,1214,724.961396680313,202.51232818538014
1778368563,1215,1317.7510208457732,156.29188200978913
1778368563,1216,376.66642824362447,241.3443335308549
1778368563,1217,461.19889989614074,265.35289886401455
1778368563,1218,527.0815256058388,85.53537240286671
1778368563,1219,1811.133561896199,164.83606655541922
1778368563,1220,2170.7555529824226,183.24649373186614
1778368563,1221,595.1928005983767,221.88520843945216
1778368563,1222,668.7624235567606,196.2033314037117
1778368563,1223,1451.8131761217821,108.59566352730066
1778368563,1224,610.4648513299499,281.2971621226071
1778368563,1225,639.7425769942969,235.55848115570032
1778368563,1226,1036.6375898434003,95.14911430629502
1778368563,1227,413.08347640641443,183.4116404991814
1778368563,1228,603.1606405740237,178.36845240942293
1778368563,1229,482.87967884036397,274.14202887242425
1778368563,1230,438.45725839720444,68.67943791649026
1778368563,1231,522.6831465963184,168.83385482508882
1778368563,1232,1350.2906178196276,173.31925925344243
1778368563,1233,586.1187769488305,278.72871065813416
1778368563,1234,219.15312982666552,265.0221174824028
1778368563,1235,412.56947327933096,266.79610578279414
1778368563,1236,925.9128429150903,84.23125495098085
1778368563,1237,723.2889034484916,173.07371818157702
1778368563,1238,499.17035283175386,301.7860689295933
1778368563,1239,615.3880518589424,187.92412303633827
1778368563,1240,570.7822725645839,183.81705918824255
1778368563,1241,3369.581149106188,106.83695037977608
1778368563,1242,295.4697644503419,293.8610208898525
1778368563,1243,442.48666690765157,147.71316504614302
1778368563,1244,2025.8413885196944,100.3319417220298
1778368563,1245,495.8220936239018,170.68779124218315
1778368563,1246,335.36964371139175,244.47934948195885
1778368563,1247,229.4345695896505,281.6181171552725
1778368563,1248,1351.8874387274811,161.058167362961
1778368563,1249,287.95654222198004,264.6967504721788
1778368563,1250,886.292292163186,161.90373389743587
1778368563,1251,531.4507211353715,208.9557700224295
1778368563,1252,744.5847604521654,190.17955742511063
1778368563,1253,755.8552128556953,274.29679185072877
1778368563,1254,372.1253280395962,293.0436971833653
1778368563,1255,845.9265668894566,231.36554563915425
1778368563,1256,431.13889244123914,173.06666159610327
1778368563,1257,1552.801319702206,132.66638781914884
1778368563,1258,675.3851005920727,192.51654124218467
1778368563,1259,398.1642938497351,191.15393692667877
1778368563,1260,553.6846366361121,206.2244537091505
1778368563,1261,1611.4928318613522,119.24404344680622
1778368563,1262,532.0984808188366,177.4846062703458
1778368563,1263,400.36923655536407,161.6283371171676
1778368563,1264,1964.5364767409806,112.5312569730071
1778368563,1265,937.3803102400411,121.07099230337334
1778368563,1266,674.7326561750151,226.94269311756224
1778368563,1267,1279.5963607328604,101.85769711138491
1778368563,1268,1570.899878935794,130.75606110381676
1778368563,1269,303.3412474681186,274.4984896355054
1778368563,1270,2184.8647605414903,99.25856853200249
1778368563,1271,428.9927706216611,209.19061123327037
1778368563,1272,1147.698699018254,146.47000992551588
1778368563,1273,669.8944370038373,157.66555397175986
1778368563,1274,484.4265245702695,270.45483900579546
1778368563,1275,706.6477850591781,245.8962046359532
1778368563,1276,849.9070833604277,161.1443153295414
1778368563,1277,662.2105656436484,176.1865246782804
1778368563,1278,295.9383055559033,265.3125991864244
1778368563,1279,352.1568257940961,223.7938143106473
1778368563,1280,248.7303364920568,27.6918832408635
1778368563,1281,448.85902550281565,196.5308331734394
1778368563,1282,786.7907663856943,215.2309899385732
1778368563,1283,297.8897582843206,264.8814971772322
1778368563,1284,905.2546163808689,269.04329578537937
1778368563,1285,1392.2963276815824,152.45421057723976
1778368563,1286,1385.2312350956272,184.38604475445845
1778368563,1287,814.8732077119349,201.60652709719545
1778368563,1288,519.3644080826426,249.3785026505606
1778368563,1289,662.8075202671251,175.16483692299872
1778368563,1290,955.4994051767992,155.5406720953711
1778368563,1291,696.6015992019398,127.64520276148865
1778368563,1292,721.4490617473255,174.02909998099568
1778368563,1293,483.6812295668421,240.92785498279864
1778368563,1294,267.30167133551856,230.70361366870404
1778368563,1295,588.1842851466839,144.75466419263836
1778368563,1296,843.4263988323631,201.47780275086043
1778368563,1297,558.4904894410331,184.26991743236135
1778368563,1298,507.9588729823617,236.50845160863358
1778368563,1299,757.1100974535644,160.78877306869035
1778368563,1300,724.0722134474694,214.0163935206488
1778368563,1301,725.9460211522925,169.9148338637285
1778368563,1302,786.2035429424941,180.12439550083226
1778368563,1303,592.5415101120067,233.9457603678445
1778368563,1304,818.7074208846434,254.96156154102226
1778368563,1305,341.330774204958,92.8448568435553
1778368563,1306,545.289673063313,140.73661915088167
1778368563,1307,1323.530621358352,158.57624458776834
1778368563,1308,2285.3353806456353,121.19056700374584
1778368563,1309,902.6825285325442,160.42292305161664
1778368563,1310,588.4451732668014,157.50154665753752
1778368563,1311,345.00363014475175,297.62297214125107
1778368563,1312,1511.9751914504416,80.53723418140886
1778368563,1313,1405.5980636914153,177.48645029155455
1778368563,1314,176.43562847137468,158.23304002954677
1778368563,1315,884.5641565670261,161.5918494823168
1778368563,1316,360.05738744231564,305.3133616993311
1778368563,1317,776.0394966944555,158.271056127816
1778368563,1318,1809.6606176555595,120.4657482958413
1778368563,1319,338.7714481546127,297.9718445582212
1778368563,1320,983.4511880865605,186.05782578766113
1778368563,1321,677.0216189370304,144.6662295942808
1778368563,1322,427.9237867524474,298.5282416094695
1778368563,1323,1357.9402114545946,125.0317119157752
1778368563,1324,729.8337671513402,147.61784473877367
1778368563,1325,445.70182637358045,105.92552291564827
1778368563,1326,948.8958605932036,131.54736149943153
1778368563,1327,1353.3612282291608,146.2596089855754
1778368563,1328,468.85029946250927,267.60307821596786
1778368563,1329,1818.189659412286,80.20921658498172
1778368563,1330,217.76434871863756,93.84012270507144
1778368563,1331,1661.1158314325337,170.61686151449095
1778368563,1332,883.0795732448203,128.56903873873057
1778368563,1333,322.25740041042195,372.58620329067367
1778368563,1334,1209.5200166031632,177.0747569000797
1778368563,1335,563.9366095684262,196.1056383697384
1778368563,1336,585.8749550180728,286.0407300210066
1778368563,1337,426.8250847770131,97.90691286930802
1778368563,1338,992.1752355122348,215.36869335927892
1778368563,1339,1652.2569539243389,104.26745003951697
1778368563,1340,235.74299594364948,288.67787838520604
1778368563,1341,1104.368826845159,187.19260045575874
1778368563,1342,1666.7708195904984,102.05560107826904
1778368563,1343,1268.8610270844542,160.95222041302128
1778368563,1344,323.42840992201906,214.45145525775217
1778368563,1345,806.6942149400699,164.6984689483115
1778368563,1346,1113.2999626369465,145.86607585555578
1778368563,1347,592.4431545513745,197.38605265210865
1778368563,1348,17774.087932220013,254.18299861841578
1778368563,1349,2447.2833735332115,103.07527285210467
1778368563,1350,712.9124679087379,100.3305892812391
1778368563,1351,498.3325049956881,255.5744078138971
1778368563,1352,567.4787757154716,228.45475183095837
1778368563,1353,411.80328326646224,242.1796999883895
1778368563,1354,272.80261806918105,358.4528007123291
1778368563,1355,594.0430957475645,122.62800814886324
1778368563,1356,659.2233480798368,142.80453356535222
1778368563,1357,1130.5598172673879,191.71934921240975
1778368563,1358,355.8137108587794,227.0399388011294
1778368563,1359,1143.3495144983249,209.64316689129296
1778368563,1360,363.2047416520826,263.79573567680774
1778368563,1361,567.1768085032099,255.75352541590797
1778368563,1362,793.3232852536044,154.46564744809632
1778368563,1363,832.2264243060457,204.64362028974233
1778368563,1364,587.2524180132918,197.83199803309117
1778368563,1365,2237.4381975380325,91.27291685821949
1778368563,1366,653.8482403956351,172.81473258226129
1778368563,1367,2647.3242258136456,101.24276529349002
1778368563,1368,275.915468644684,279.58969343330875
1778368563,1369,1680.5852650755503,91.79859164340537
1778368563,1370,281.5274699319558,330.19529663144056
1778368563,1371,779.4604198045246,181.69157757157794
1778368563,1372,748.6540087977436,136.96460418040735
1778368563,1373,678.7845082531736,33.74591625274137
1778368563,1374,840.9413002367926,206.39312137753546
1778368563,1375,2355.613658430112,92.63206411744467
1778368563,1376,1891.6911712933684,117.69276665462209
1778368563,1377,369.863069025649,171.66165051587726
1778368563,1378,234.80430930770598,63.55841041225869
1778368563,1379,1998.3546804813539,159.2193289689994
1778368563,1380,1270.5654187307925,162.20800175650925
1778368563,1381,1349.0956611389415,192.6662747974396
1778368563,1382,1096.736786696925,181.3773874961797
1778368563,1383,537.685032420078,241.93764579484028
1778368563,1384,952.3645642144023,193.63333767490582
1778368563,1385,311.4409285588167,300.2414994022379
1778368563,1386,559.511883653744,240.01076389491007
1778368563,1387,397.3966382001155,274.1502103991266
1778368563,1388,863.6530287658095,255.0871197841902
1778368563,1389,2305.8115793707393,105.28137208142103
1778368563,1390,709.2816520007912,159.925802156246
1778368563,1391,805.5197961883248,224.50384456664096
1778368563,1392,1091.6603598293332,107.94961024353208
1778368563,1393,653.9790617738148,138.37201637667647
1778368563,1394,236.33921615068195,100.39799162890671
1778368563,1395,384.13328876291945,180.66730792609616
1778368563,1396,372.6429178857344,255.81581818774362
1778368563,1397,266.8488808560089,98.40559862183478
1778368563,1398,219.55058240272552,115.77105985392265
1778368563,1399,537.9020455810272,175.83171276684428
1778368563,1400,294.36391298428583,98.74703730446194
1778368563,1401,587.9234832709443,187.9036159825904
1778368563,1402,498.9155656309068,246.21667053467795
1778368563,1403,304.91652861452485,221.83920916453653
1778368563,1404,419.8780095437759,273.33331127229474
1778368563,1405,1070.2617297039717,172.1873290678966
1778368563,1406,615.0133824450014,147.18131551072787
1778368563,1407,941.2390160695285,146.98805825973747
1778368563,1408,273.490372113077,309.20250475136146
1778368563,1409,1682.5835628284294,150.19482149693366
1778368563,1410,452.09993734554035,281.1281799242626
1778368563,1411,1721.4242941776945,132.1652399023288
1778368563,1412,748.7107943878138,234.52390278576905
1778368563,1413,247.83087468962285,194.4305595137734
1778368563,1414,210.71952957659363,39.439649017509446
1778368563,1415,1000.6052924692558,178.39721617398527
1778368563,1416,1637.5039009781935,167.88047511198602
1778368563,1417,890.7219044311743,172.3225265129478
1778368563,1418,764.7875955146616,208.82685437290894
1778368563,1419,1267.0866199202492,179.8717190912732
1778368563,1420,1179.76629419527,209.8794433031205
1778368563,1421,163.6169720291478,66.81646768451157
1778368563,1422,497.20448781762866,175.53771559437973
1778368563,1423,1245.6989491430563,213.79525488821574
1778368563,1424,835.6912112540738,180.72549902582134
1778368563,1425,496.0083616003914,202.58970374353262
1778368563,1426,851.2406619160078,278.14392291668986
1778368563,1427,542.2609371306669,143.73287474053737
1778368563,1428,505.8333299244735,128.49103494364107
1778368563,1429,490.6544212626981,60.34922711876738
1778368563,1430,745.906109718679,208.34139580621732
1778368563,1431,493.5888358341995,123.93629433329664
1778368563,1432,300.87541564974026,224.3437553768348
1778368563,1433,320.27210378032566,184.43476171080948
1778368563,1434,504.88718188873105,212.38461179670702
1778368563,1435,594.1574911603826,57.62468044492005
1778368563,1436,830.5245977403586,122.03122114505216
1778368563,1437,525.3700240370371,155.25420971708184
1778368563,1438,652.0956748118225,171.41456249144707
1778368563,1439,1177.8191704300195,161.21646364555804
1778368563,1440,248.7482912812165,149.53835769530747
1778368563,1441,268.9058684017838,212.76794587384794
1778368563,1442,740.3955478337105,217.4309816463401
1778368563,1443,374.98302010649707,207.63952629426115
1778368563,1444,600.512281924213,59.033697836091854
1778368563,1445,582.2302715479805,205.08848288463625
1778368563,1446,233.5709616683906,169.21640216033103
1778368563,1447,433.01241514187245,255.3117760167278
1778368563,1448,382.7484445833594,306.16560848882295
1778368563,1449,1733.3095383357308,109.74185111312575
1778368563,1450,768.6414475469163,155.52573415714718
1778368563,1451,250.5610251853119,57.86832098246774
1778368563,1452,1275.4308895204467,179.8017876962886
1778368563,1453,1524.4077705744269,156.20394715017247
1778368563,1454,661.0126872270263,188.39264129585538
1778368563,1455,914.6489870155264,227.0545403559944
1778368563,1456,483.5009797027657,225.37719661454375
1778368563,1457,1489.256811024026,162.6292833053913
1778368563,1458,5579.3596544664,179.4037834742153
1778368563,1459,521.6958087651512,235.3503502238477
1778368563,1460,483.73835379754445,187.10682463909646
1778368563,1461,888.1555298086931,148.2204777649375
1778368563,1462,691.4743184370224,185.14246156057547
1778368563,1463,1654.8241598231539,114.92148706200751
1778368563,1464,781.0162526984294,206.4444851998384
1778368563,1465,616.3160553399703,169.53048714584844
1778368563,1466,342.67761809362685,278.1466399290979
1778368563,1467,726.0111611982169,183.88963084239955
1778368563,1468,1035.7223345698008,210.98069946700943
1778368563,1469,229.85149542332678,194.2953661221668
1778368563,1470,839.5860177939052,177.47539230238078
1778368563,1471,550.4072681695351,229.6835913048532
1778368563,1472,402.2086888823843,237.9160355572996
1778368563,1473,284.241683790664,49.01285314412513
1778368563,1474,771.7730831685635,189.99114100082892
1778368563,1475,438.40310641690974,172.34589972633484
1778368563,1476,796.5405136706353,300.13968990979953
1778368563,1477,381.95840453623896,351.86500708420124
1778368563,1478,1842.2385170204923,132.6243637139356
1778368563,1479,2464.2175689418987,93.22479096499924
1778368563,1480,690.0627534127814,187.65262534208475
1778368563,1481,721.0065184503007,216.9466153236876
1778368563,1482,572.0902915452382,191.69671819749763
1778368563,1483,1236.4502282092374,191.0988973912407
1778368563,1484,1435.346561138672,192.10198970923574
1778368563,1485,6849.445341254608,208.2113157540824
1778368563,1486,381.374618759529,178.50511444655695
1778368563,1487,436.69273726898695,175.9915518554812
1778368563,1488,575.8618253423647,267.27569527704435
1778368563,1489,542.7143386329644,185.55941052369383
1778368563,1490,764.1162059461773,197.30556071861488
1778368563,1491,880.8169417217188,229.87185156825544
1778368563,1492,870.2347174180231,197.34944173796796
1778368563,1493,684.0727386715961,162.62539033170225
1778368563,1494,1178.4013233349294,177.66859197797555
1778368563,1495,1331.1370645029178,181.96128376843862
1778368563,1496,1363.1823421235747,195.8655933771286
1778368563,1497,1081.6066462385083,154.74825137947838
1778368563,1498,671.4064037636957,152.75254690081186
1778368563,1499,366.93783161059565,275.6371744165795
1778368563,1500,728.5671594850706,157.8863191274969
1778368563,1501,819.9357082823576,268.1633015209833
1778368563,1502,769.0024747022944,203.48377331972546
1778368563,1503,812.7517713245219,171.70533803105408
1778368563,1504,456.5078861263102,186.21372502153105
1778368563,1505,292.47471646257003,216.2292560706579
1778368563,1506,348.18343553705625,288.2918022535703
1778368563,1507,822.8001066965019,183.7661958788225
1778368563,1508,543.6510355541375,216.2811637649748
1778368563,1509,325.7279863883926,192.183759700678
1778368563,1510,1263.594368154635,147.50275760842788
1778368563,1511,848.169133837346,170.83209858209656
1778368563,1512,334.92292789959725,250.61023532276238
1778368563,1513,497.78848028965126,230.9115837857667
1778368563,1514,158.9000495647082,93.75942247869709
1778368563,1515,1786.5416720624278,111.63378024085573
1778368563,1516,354.5598850873335,176.7720210531971
1778368563,1517,270.5096054692816,38.93619434958499
1778368563,1518,380.7835500854216,101.80903658439252
1778368563,1519,1006.3443901955246,209.8540888633466
1778368563,1520,1047.998556739505,198.55917606493261
1778368563,1521,996.2478104308417,219.83931796379488
1778368563,1522,390.3199804494895,120.36793656578315
1778368563,1523,770.763704121963,187.73062653569843
1778368563,1524,2321.1756804558077,116.58431400181432
1778368563,1525,1560.9275478918655,175.04107122309108
1778368563,1526,491.7942121369165,274.5074272170723
1778368563,1527,275.0161373877096,247.4063213457415
1778368563,1528,439.2358597743582,213.31992606330525
1778368563,1529,1280.710465487187,119.86840745826277
1778368563,1530,1361.8408126738605,157.71515832592004
1778368563,1531,384.3362087952574,247.06996934388553
1778368563,1532,999.995318639416,199.97121975705946
1778368563,1533,1134.4084747706906,181.19878929809994
1778368563,1534,447.3796776593769,264.5045935318845
1778368563,1535,1425.83632507542,114.74231847416229
1778368563,1536,457.92137865849037,230.36752408103138
1778368563,1537,277.9692761108647,275.32530481765593
1778368563,1538,1398.1709860394874,121.51220347272016
1778368563,1539,1632.01292833682,123.13127395452527
1778368563,1540,1419.009178237192,164.13672648971504
1778368563,1541,755.2379977783207,165.21708804968355
1778368563,1542,514.4723932942649,250.66831511635797
1778368563,1543,1061.976189538556,188.69588495749633
1778368563,1544,1436.7340587461392,162.2307849737976
1778368563,1545,481.4920932089567,225.13522792274802
1778368563,1546,1408.1522063268044,205.7308093509994
1778368563,1547,347.52179372256796,161.43542616336185
1778368563,1548,2806.5207559526366,123.4212800963907
1778368563,1549,215.6776445770395,50.067728377374216
1778368563,1550,411.10715547113807,185.6612639452261
1778368563,1551,476.0772452844094,171.33108245574547
1778368563,1552,282.45450873450255,278.67647243687696
1778368563,1553,808.5477822101684,172.69575265445997
1778368563,1554,943.9546951246947,206.57813306134824
1778368563,1555,504.43444308615295,149.95627679084538
1778368563,1556,3234.5657317504338,88.78107027959544
1778368563,1557,1667.400160260739,202.3237263450619
1778368563,1558,1833.862628519403,199.444522074362
1778368563,1559,408.3616125299653,192.86200100168435
1778368563,1560,1297.186084835346,134.62047144405568
1778368563,1561,2106.2965597160683,194.31615937138298
1778368563,1562,1340.1976989478362,185.4703459466877
1778368563,1563,555.2260467136672,215.14746097541766
1778368563,1564,177.53359390584052,20.4566502319951
1778368563,1565,728.706293773149,200.22724954589262
1778368563,1566,1190.3357905304704,134.3946653208778
1778368563,1567,544.2151678622314,244.4858141387108
1778368563,1568,609.0528965848572,146.63846575263287
1778368563,1569,1094.78633044458,173.5343847179767
1778368563,1570,524.5994863611702,230.92477894076663
1778368563,1571,590.8921505077112,214.82941302866058
1778368563,1572,792.5952943933868,116.67638166546904
1778368563,1573,1026.6622680489652,180.1875739255215
1778368563,1574,1553.1149678702157,172.12214352148638
1778368563,1575,471.09891386897505,268.2779191079529
1778368563,1576,2218.3071967400774,118.1484339771662
1778368563,1577,979.4087686599498,203.54740537996287
1778368563,1578,742.694211227761,198.314533023983
1778368563,1579,674.2675377942692,184.7240566195703
1778368563,1580,395.7889208008413,182.43540272146353
1778368563,1581,262.00481857628733,280.6852909397074
1778368563,1582,1472.6626129103224,198.35350067980536
1778368563,1583,215.7166969979176,248.03281213969981
1778368563,1584,1383.0066754447132,205.51002446546008
1778368563,1585,367.1300251968942,43.00283110077072
1778368563,1586,534.2620937653519,83.36607212555352
1778368563,1587,793.263594225754,257.60662576133956
1778368563,1588,883.1141929277082,238.99524423392828
1778368563,1589,550.3781488345926,159.30207458083063
1778368563,1590,634.6496834603118,98.0493502746084
1778368563,1591,339.6785476539162,258.25198897432097
1778368563,1592,488.57741104288345,90.66232214314184
1778368563,1593,1457.0637671202535,193.67882723292803
1778368563,1594,415.1401926768717,274.2638318712397
1778368563,1595,2129.781986284506,157.57831247641118
1778368563,1596,296.3170576125265,238.55361484703894
1778368563,1597,2276.678432637289,151.8999208822082
1778368563,1598,1163.2345823741887,183.44264765093558
1778368563,1599,2279.139956643747,106.09935340438032
1778368563,1600,1912.4420785976015,185.150894519323
1778368563,1601,757.2096576159407,234.62242611985906
1778368563,1602,512.8186197062158,53.99948230093055
1778368563,1603,1212.0701897382255,133.03463836086402
1778368563,1604,1373.488409495295,133.41539970178835
1778368563,1605,932.9226153684235,198.2980748353405
1778368563,1606,516.7855692898461,119.0967550140785
1778368563,1607,570.0738127559315,221.89466878813295
1778368563,1608,472.35720867917576,178.26166508826387
1778368563,1609,447.40458103267366,99.73174441869558
1778368563,1610,343.9694848517874,126.51777863815927
1778368563,1611,556.109339154672,166.33183642887298
1778368563,1612,262.1220830425793,247.8829869373534
1778368563,1613,648.5228951728974,181.3660902138874
1778368563,1614,1119.092032065888,182.9728835184144
1778368563,1615,622.5575971670851,192.4782791855656
1778368563,1616,395.3810849325792,153.86272269422835
1778368563,1617,331.11944097037446,102.99743866545916
1778368563,1618,1691.6695074901013,173.67499378485803
1778368563,1619,2032.7871631411438,175.01339098377207
1778368563,1620,263.10258256128674,180.9774957279634
1778368563,1621,1404.4541331282687,155.8187683738606
1778368563,1622,810.6644895968434,198.94430786852354
1778368563,1623,478.7754064982901,164.57140471799414
1778368563,1624,1712.2881812638896,92.16258295152826
1778368563,1625,738.9485046761066,261.4968314994874
1778368563,1626,424.7581231801851,272.1055190535141
1778368563,1627,514.8664676279118,202.4862558197536
1778368563,1628,355.07609386689336,55.917266013671785
1778368563,1629,1694.7659770369248,93.82568542490719
1778368563,1630,259.0964716811149,127.00971086708891
1778368563,1631,807.9948623579829,185.43932608683966
1778368563,1632,606.5553744327377,208.87353311190145
1778368563,1633,983.1167000162518,165.23279461983648
1778368563,1634,1087.2301750719087,159.01253837017717
1778368563,1635,561.6378398020673,116.9523872267521
1778368563,1636,361.69759539300577,232.49073317018448
1778368563,1637,344.1041506606501,40.279610534632724
1778368563,1638,569.4935554634772,51.15616975125947
1778368563,1639,661.6305954941025,162.79600419027196
1778368563,1640,255.32099322863135,318.9786782958264
1778368563,1641,795.4203702540786,221.91410244257372
1778368563,1642,240.22572350021193,167.47804912580688
1778368563,1643,1780.7774689951468,183.66245377545943
1778368563,1644,532.2943229451921,139.81480447870652
1778368563,1645,670.4210976660405,165.98834105103646
1778368563,1646,241.07805953205914,172.37880851424734
1778368563,1647,731.3195249014162,124.2527105695339
1778368563,1648,958.9114909032219,180.56167347602732
1778368563,1649,1115.8015140699515,175.84822718099835
1778368563,1650,452.0539574597659,113.2320427558854
1778368563,1651,654.9964706530724,198.43799598909965
1778368563,1652,309.0144860295557,42.30435128242396
1778368563,1653,655.8599771005953,144.28209460522245
1778368563,1654,1616.9814750088829,133.54596118809312
1778368563,1655,355.77458781678075,164.98245053004706
1778368563,1656,832.7919489597701,162.8280916434405
1778368563,1657,648.4056079125006,195.44956685124
1778368563,1658,403.43587866149676,202.68134927728406
1778368563,1659,914.6856915980362,223.0685577250672
1778368563,1660,984.4202212041646,146.76393291091387
1778368563,1661,380.81811797973944,290.344301936888
1778368563,1662,1308.9022774594994,137.07564215351863
1778368563,1663,523.3173671300406,67.26194940310148
1778368563,1664,330.7805006837349,285.63189208648856
1778368563,1665,379.45358095278937,267.39716713356404
1778368563,1666,460.57247586874996,282.7569697407422
1778368563,1667,461.7578511555197,320.2232511527557
1778368563,1668,425.4588658075586,289.85290420918386
1778368563,1669,2399.7124465651696,90.03233496994487
1778368563,1670,1473.4963339898839,128.6127350060166
1778368563,1671,442.9993515510238,77.92433551878395
1778368563,1672,2040.757396652916,110.07956850279321
1778368563,1673,691.0771200991361,187.26852921268934
1778368563,1674,2138.9221566705487,164.28673319010008
1778368563,1675,1603.8995379052142,139.28848439209543
1778368563,1676,164.4403132213831,104.18824095018898
1778368563,1677,905.4881515151451,187.1183974806035
1778368563,1678,878.6225302402053,289.4878263692286
1778368563,1679,304.7240036338225,244.60448681279775
1778368563,1680,1314.027728042805,169.144357105385
1778368563,1681,1158.8145708755867,113.42001270498497
1778368563,1682,554.7607164071514,161.4139244136735
1778368563,1683,503.56611049563884,174.15141823278657
1778368563,1684,9203.754216667681,129.78784699472482
1778368563,1685,1003.6985810308094,156.25933704755417
1778368563,1686,196.81418495348254,262.5260965593582
1778368563,1687,351.9706349605667,104.07944871848817
1778368563,1688,1255.0930861524496,194.43149181851572
1778368563,1689,205.13934313243917,276.49985740977297
1778368563,1690,1375.4383659736945,152.59748891874972
1778368563,1691,930.3474834842414,77.1040278642871
1778368563,1692,1015.2523684268997,138.15005117582135
1778368563,1693,1975.068438887376,93.5420734578269
1778368563,1694,364.5674199330139,93.70654578555825
1778368563,1695,744.1707484541944,192.89339408144838
1778368563,1696,346.72832156551146,217.72165331259635
1778368563,1697,471.43731924879046,135.1047762653048
1778368563,1698,664.849541063213,209.6850794856773
1778368563,1699,533.7039429924153,292.14315342649877
1778368563,1700,1234.3159297426846,177.05590899094972
1778368563,1701,322.08522200954343,146.26134310122634
1778368563,1702,973.8578843454751,168.265773288954
1778368563,1703,282.3046881943053,105.99172536868919
1778368563,1704,387.9202405956278,270.60862560343077
1778368563,1705,672.2623940986438,125.42726551580684
1778368563,1706,1006.5255342817875,166.50379635251767
1778368563,1707,514.8456408115939,166.40106799315114
1778368563,1708,1451.0509899825022,150.47181904103033
1778368563,1709,433.8740242588672,185.5544062423026
1778368563,1710,956.6040336457404,231.7811303892912
1778368563,1711,239.5256013861136,138.4884349093551
1778368563,1712,380.50646630206313,250.51754616506318
1778368563,1713,1687.1163981564484,168.64832618110998
1778368563,1714,441.6036250239067,305.23937997313135
1778368563,1715,1595.461925487555,127.25787007757084
1778368563,1716,1044.2718861461026,125.3639277577661
1778368563,1717,1338.7109115577823,122.90981319474328
1778368563,1718,856.520475782837,235.98237097144334
1778368563,1719,272.4957695640731,276.4912423171043
1778368563,1720,439.85439353875665,195.36874410893407
1778368563,1721,1123.5187543433362,131.22085781806499
1778368563,1722,1166.5932422934675,105.54563493927122
1778368563,1723,760.7302446002025,160.58753915169353
1778368563,1724,506.1333152129246,268.2810449425581
1778368563,1725,512.9714304407664,220.8469499192327
1778368563,1726,1192.7575029330112,110.90207556031754
1778368563,1727,1047.3208631160207,77.29426702074386
1778368563,1728,514.2247120630049,200.5146893495658
1778368563,1729,630.6158995335444,371.1337276552045
1778368563,1730,345.5791732288007,92.57624015532774
1778368563,1731,775.0009458440582,168.42705811412378
1778368563,1732,3047.487085168882,112.78724543410226
1778368563,1733,1027.1741193380903,184.64985041238188
1778368563,1734,834.2768125980897,190.84410851743868
1778368563,1735,173.4605459798369,213.78435324942797
1778368563,1736,3785.4914707816197,87.60290767593108
1778368563,1737,708.2465693813252,108.46614449055512
1778368563,1738,882.9672614435707,184.04347595399798
1778368563,1739,382.3193608506343,163.31173036004103
1778368563,1740,1682.2251366385628,105.53825050839797
1778368563,1741,361.90628277698715,274.8941535877136
1778368563,1742,915.8431886048365,192.52875164912143
1778368563,1743,1489.3262216364485,173.8052154450648
1778368563,1744,689.0496716124763,171.77881113093045
1778368563,1745,1172.671571574232,128.64030557510355
1778368563,1746,792.318317065884,91.87448140956968
1778368563,1747,949.52048826982,117.89348948874081
1778368563,1748,1341.0848724477537,108.58089461315906
1778368563,1749,1558.6781395750693,175.66418315462568
1778368563,1750,1483.962704282431,99.74941265751312
1778368563,1751,860.512118340278,176.4304495096634
1778368563,1752,1501.2603063655563,145.8621490984359
1778368563,1753,1265.109330302677,132.3420995768856
1778368563,1754,1368.5784491663048,92.17167798445445
1778368563,1755,227.86814633598914,47.95029486391498
1778368563,1756,1402.73604880056,82.82813805138964
1778368563,1757,1308.7881661124652,168.79459686461092
1778368563,1758,231.6122962829925,40.51211103675291
1778368563,1759,447.0112290440172,258.56755446471965
1778368563,1760,1535.6157045270886,163.15419004458232
1778368563,1761,340.9121797038138,29.59905898257744
1778368563,1762,1394.7137438326863,136.29115426945467
1778368563,1763,289.70587798791723,262.1793694275762
1778368563,1764,581.2482024626418,298.4250226989417
1778368563,1765,1063.175157549657,158.07025205870244
1778368563,1766,1193.7114780756337,82.8626582223326
1778368563,1767,600.762175186716,258.59631616818837
1778368563,1768,618.1278533650654,65.9237451585436
1778368563,1769,1248.7750939090192,174.32410817125563
1778368563,1770,1142.2014882492354,130.5714120035478
1778368563,1771,459.72856734441973,152.17647233519037
1778368563,1772,840.1855753419745,227.26158525352116
1778368563,1773,453.57822367959545,272.75351449217277
1778368563,1774,1645.685385527653,151.80053296151368
1778368563,1775,326.20745227295225,306.9544974587644
1778368563,1776,644.7210282906483,143.3311260267904
1778368563,1777,1054.8382531787388,131.69158074483843
1778368563,1778,1417.9409378945581,185.5400669229748
1778368563,1779,338.65722581164056,49.3889700765115
1778368563,1780,322.49980338509255,244.77130285059403
1778368563,1781,1014.2591577552344,213.8299008502435
1778368563,1782,1463.7848599913978,122.19750020143049
1778368563,1783,327.4541225953449,225.77423685043905
1778368563,1784,506.3441793226032,189.96208445084594
1778368563,1785,557.3789906078304,193.09243164931027
1778368563,1786,1480.078038236426,94.8571856177269
1778368563,1787,1127.1533494986734,111.13930337249474
1778368563,1788,404.8550217673769,158.65393677208422
1778368563,1789,1745.6883321111527,113.4071682928743
1778368563,1790,1388.5831732119507,144.68176114676558
1778368563,1791,705.7649461931788,186.47350844062797
1778368563,1792,779.6533456184789,170.26297218959036
1778368563,1793,479.12669825423797,168.79444472343863
1778368563,1794,200.11304700628955,336.3089024483685
1778368563,1795,420.5550265970665,326.0075082869656
1778368563,1796,1221.3750386491313,178.24463111845088
1778368563,1797,4862.95506988516,116.03584553897021
1778368563,1798,214.11265890530936,116.45338369978339
1778368563,1799,1037.3822840788694,207.48274841738717
1778368563,1800,790.2430498070606,145.51264147891894
1778368563,1801,585.28288205587,24.633162357610434
1778368563,1802,197.37975261840157,260.13326511238995
1778368563,1803,1093.3658914796208,207.48808405620912
1778368563,1804,198.52602003335684,22.622396909813244
1778368563,1805,877.7287420656836,277.8571269274622
1778368563,1806,910.2018400506208,155.42745615680016
1778368563,1807,7834.189331795474,102.43110330349484
1778368563,1808,647.4758888120615,221.51122777662255
1778368563,1809,222.62806595914287,117.13998316652295
1778368563,1810,192.7245892942393,402.55298341612655
1778368563,1811,888.4381372402764,214.75070025866685
1778368563,1812,3083.036363641535,82.07308318662595
1778368563,1813,483.06952157321,213.40509336172755
1778368563,1814,536.4917486136824,171.88635625314674
1778368563,1815,353.5109368139029,314.2243825756996
1778368563,1816,552.4033660689862,56.48712235028616
1778368563,1817,689.9922629873811,185.63836063103267
1778368563,1818,610.0349393303031,196.3805725414144
1778368563,1819,493.1006215375669,105.90144372521799
1778368563,1820,592.3598454772599,120.7872462652431
1778368563,1821,1741.8799131463718,188.785124870001
1778368563,1822,732.3495367721403,147.1410205496334
1778368563,1823,1470.6803553861807,97.27832219715512
1778371930,1824,322.38013550963905,331.8270853352819
1778371930,1825,3020.2160820746794,109.53630933593163
1778371930,1826,600.6807525856497,340.4999890236246
1778371930,1827,1062.7626966436003,203.77532996862718
1778371930,1828,1492.8612238859746,161.89704421185544
1778371930,1829,562.4997334504299,183.47679018745248
1778371930,1830,1430.2001784414535,175.64230050222375
1778371930,1831,380.6349431350917,358.6839163342854
1778371930,1832,378.6007284385162,313.02003809630827
1778371930,1833,431.67854430610237,199.5861651482663
1778371930,1834,1649.4809876409624,125.82601508231157
1778371930,1835,697.877690081283,196.75091076147186
1778371930,1836,1387.4933054912976,157.69923887510583
1778371930,1837,581.8015396637246,327.37643978286036
1778371930,1838,613.4320770498965,121.35762948896361
1778371930,1839,2773.250014247619,95.9267647937813
1778371930,1840,289.99292585656025,232.8113764345806
1778371930,1841,888.7836449914695,184.73246948101237
1778371930,1842,2567.979821093577,109.96714432023244
1778371930,1843,1967.1132014753935,85.23147002760305
1778371930,1844,576.464418516371,128.7715334607903
1778371930,1845,678.4362387043652,194.12476348139427
1778371930,1846,398.3011701678516,226.92490793396846
1778371930,1847,626.4620655967507,210.4436123563832
1778371930,1848,430.52062358765227,25.744463125750105
1778371930,1849,694.9236680710827,154.2003788079515
1778371930,1850,384.2537126424768,139.1491188346476
1778371930,1851,601.4999248459105,200.55552635281964
1778371930,1852,403.169436849371,239.38754010104748
1778371930,1853,590.2343873968621,193.05637307226277
1778371930,1854,1892.0178312720523,157.13499653800085
1778371930,1855,578.3409505314427,220.193144185153
1778371930,1856,1232.231844106451,122.51764657519045
1778371930,1857,831.8568533909942,199.71281817114863
1778371930,1858,504.15206674984535,199.98233673500553
1778371930,1859,720.7499135536307,162.66563211682134
1778371930,1860,1619.438492810682,116.62047210965444
1778371930,1861,652.3003375505581,145.20462386500338
1778371930,1862,4007.7926724469057,112.90501953327774
1778371930,1863,1240.9882489480449,225.82292988786247
1778371930,1864,2039.1512211213878,114.02749713885817
1778371930,1865,417.16470100197404,90.41696760421198
1778371930,1866,2749.1464474752734,121.3383164462615
1778371930,1867,356.8698596038738,192.71234230459754
1778371930,1868,1489.0899988228884,98.85130685122533
1778371930,1869,558.3749145257691,292.01952372005604
1778371930,1870,285.03169126128637,296.8974812063491
1778371930,1871,1347.7625369335701,212.6604714873338
1778371930,1872,1238.5005398664048,156.70449374583094
1778371930,1873,1652.4543778557907,201.3581811430489
1778371930,1874,269.2553763495072,21.170880431416126
1778371930,1875,2037.5825622146028,116.30808447173071
1778371930,1876,690.13994756009,118.95805235949202
1778371930,1877,1131.342593945001,182.63626201593524
1778371930,1878,634.5520281757148,136.68487258255166
1778371930,1879,1941.1359028988604,110.46058799543194
1778371930,1880,1050.8713525314026,117.12000059006463
1778371930,1881,1453.6143672429573,152.5069308125732
1778371930,1882,1089.0243501635582,153.59115195513064
1778371930,1883,2441.8338333731767,108.83264246345053
1778371930,1884,4441.726305747693,115.11940748659724
1778371930,1885,1575.6837774572825,180.14171177473085
1778371930,1886,1745.6130391645793,188.13506585636696
1778371930,1887,1517.104984385087,184.76703773254792
1778371930,1888,2619.657563047231,94.95371123833108
1778371930,1889,376.35406330703177,177.50877952764668
1778371930,1890,2367.2351920448846,90.7314550553652
1778371930,1891,3355.297582526016,127.02973269569671
1778371930,1892,1278.259036013324,108.99835723405624
1778371930,1893,274.96562319382105,174.68355824540083
1778371930,1894,661.1918477258001,187.0121799067012
1778371930,1895,684.195813961925,292.79995120107907
1778371930,1896,2307.6197157684596,112.28219791910195
1778371930,1897,479.6388930287464,235.1149056089591
1778371930,1898,495.5116025829872,235.28900836261334
1778371930,1899,479.1577756369424,198.5758060092502
1778371930,1900,531.1048256850272,165.06496901629728
1778371930,1901,688.3002455705898,189.02460794949423
1778371930,1902,761.4834071642788,160.28709521570707
1778371930,1903,2778.939261756723,93.48956459791614
1778371930,1904,1444.1521342664773,151.8991737395573
1778371930,1905,518.618848141072,200.0482424347418
1778371930,1906,533.6387005172784,201.07873641664372
1778371930,1907,1613.5406489512302,110.15123238108363
1778371930,1908,433.55465884410523,135.43888815911222
1778371930,1909,1020.8223462733039,122.06519108902131
1778371930,1910,1667.3189481949187,123.03161691056704
1778371930,1911,542.8907407712683,330.41578166391264
1778371930,1912,1213.8014604718007,180.29450066788488
1778371930,1913,1329.7386875188333,148.8516311367344
1778371930,1914,2446.5909935630234,89.72153192567256
1778371930,1915,1190.157144919951,111.32339395072154
1778371930,1916,932.8156994470048,156.9363555404427
1778371930,1917,615.489598594027,186.16903733382466
1778371930,1918,585.5946774007904,187.31023486857333
1778371930,1919,628.6701553831831,161.11607264180589
1778371930,1920,823.6613119291496,192.79862872195775
1778371930,1921,828.2151435188683,153.98349978496623
1778371930,1922,2119.1826276555266,102.79781328397556
1778371930,1923,1511.4953714143462,139.33265502331605
1778371930,1924,3799.156171859047,93.13788217680825
1778371930,1925,573.5971338895878,148.56040083796717
1778371930,1926,513.8149179380647,100.21057746252843
1778371930,1927,209.93183519067767,217.28485109802259
1778371930,1928,1119.6611304893909,158.5983115249122
1778371930,1929,1496.6179922620947,137.32733598745747
1778371930,1930,732.2511016357909,203.60431371073878
1778371930,1931,213.35614642118847,63.68116127890158
1778371930,1932,629.1315781492173,193.844952041011
1778371930,1933,775.8148929854705,155.2397621398525
1778371930,1934,752.4197263321132,210.58317721237785
1778371930,1935,948.4298336614294,217.04838759272343
1778371930,1936,1309.1313839375246,116.17300511222321
1778371930,1937,653.4267656516223,196.89099062097904
1778371930,1938,1204.030105085044,178.0155466574521
1778371930,1939,585.2811046934548,207.53577015178368
1778371930,1940,797.1766202723663,211.38548084021457
1778371930,1941,3191.6221431501926,101.79534617752832
1778371930,1942,1161.26332502716,183.6390042302563
1778371930,1943,267.1479154019472,353.0901483470444
1778371930,1944,741.0742744750366,188.5797351103174
1778371930,1945,406.4144123349326,183.88797417275694
1778371930,1946,342.1241711063081,160.1048613799212
1778371930,1947,1483.0085152927227,130.8337727664529
1778371930,1948,1922.8043335447212,96.69695758369573
1778371930,1949,206.51889544964422,160.96505479504745
1778371930,1950,728.630902720216,279.6178197100105
1778371930,1951,228.12887287851535,321.05905433174286
1778371930,1952,1266.8203648406597,165.6807131782529
1778371930,1953,953.424416706657,184.79499527413842
1778371930,1954,834.0042000678365,144.25035174623966
1778371930,1955,605.5718164668493,182.5021614881637
1778371930,1956,519.8343767434673,183.07620702707
1778371930,1957,1247.1323748243976,152.318735937928
1778371930,1958,338.59159566970214,187.36554160064185
1778371930,1959,1506.987718657132,171.8248960893526
1778371930,1960,1953.7866530634014,206.2330096666067
1778371930,1961,626.3694456532676,150.87726364956504
1778371930,1962,509.79272509785625,50.119546304609635
1778371930,1963,1174.853324264125,169.55938981552958
1778371930,1964,1763.505884365923,97.64642954620257
1778371930,1965,464.4948421311864,185.837352342049
1778371930,1966,1390.514366145069,120.1455063648902
1778371930,1967,2293.1667353997004,201.7731957011864
1778371930,1968,642.9972502201568,132.761018015608
1778371930,1969,2013.7796008697655,128.0561492707149
1778371930,1970,1914.9731582042873,105.96181934670165
1778371930,1971,762.2170043313029,125.67036328864656
1778371930,1972,2243.088972086508,104.36272992596095
1778371930,1973,291.82360644415513,157.64396506669812
1778371930,1974,1687.230854014902,167.34167543140066
1778371930,1975,853.8652512755936,163.2955043797393
1778371930,1976,117.46760701924475,56.3068568762883
1778371930,1977,571.8289127625546,188.04511083449432
1778371930,1978,581.050862631415,251.27558336428055
1778371930,1979,562.3670794354807,152.05493691023895
1778371930,1980,4469.007419777307,101.39629469735236
1778371930,1981,1808.1146124331478,187.84919594755857
1778371930,1982,479.3445681787149,175.33717923729583
1778371930,1983,1805.3506192661423,96.2775423560216
1778371930,1984,783.2987789168665,188.50624902823418
1778371930,1985,531.0999985431183,263.7972817406071
1778371930,1986,1126.5710947349673,208.3325842094126
1778371930,1987,2230.4227038986182,91.13769050380918
1778371930,1988,4281.626547096993,146.6521877898694
1778371930,1989,1276.1240184150142,111.43980410579675
1778371930,1990,219.76178659254424,84.64373245090381
1778371930,1991,753.1497895248821,189.06688332491046
1778371930,1992,816.9455700329455,146.07594782719653
1778371930,1993,413.04892554996707,182.99730377786483
1778371930,1994,1429.212308061961,175.83203005823236
1778371930,1995,519.8828318670124,234.76551592254543
1778371930,1996,489.02181123730855,174.82494782014066
1778371930,1997,703.7347680411995,205.47856324310632
1778371930,1998,691.7380533723675,213.69732563499258
1778371930,1999,383.47467140389705,229.528731328525
1778371930,2000,864.4093232965273,147.5481381752961
1778371930,2001,650.8910507566451,148.255904233333
1778371930,2002,321.26080597230515,243.18828497887634
1778371930,2003,2694.7023187171203,104.68812072110295
1778371930,2004,1575.5005467650583,110.54745195094576
1778371930,2005,479.3397910558995,231.75433227158675
1778371930,2006,491.60691045491944,189.85652568928143
1778371930,2007,708.2447400066029,124.72849543723954
1778371930,2008,412.4878599468441,171.35154404298936
1778371930,2009,492.5133002469517,152.46454059577087
1778371930,2010,1808.7166563752744,90.61894671916494
1778371930,2011,596.8244517281857,193.56312698953354
1778371930,2012,1499.4423049242896,119.82781320170962
1778371930,2013,1004.3468988143285,174.0827714781945
1778371930,2014,1652.9633233910554,182.6497359837788
1778371930,2015,1688.2950792573897,156.12787389287442
1778371930,2016,1990.4482288399738,145.04306325164043
1778371930,2017,871.3516661341924,157.93044334331208
1778371930,2018,728.0732286933071,176.81445917456523
1778371930,2019,2072.0542344066635,97.5165991389902
1778371930,2020,1028.6378318688576,202.3907917518453
1778371930,2021,939.3366647979365,164.2410014157832
1778371930,2022,688.52017508956,219.2473236903414
1778371930,2023,528.0706596214515,81.56315994466416
1778371930,2024,1002.3137944110838,156.46453317419025
1778371930,2025,1076.898633052896,137.64360032010978
1778371930,2026,2215.4911358257577,96.43264571928356
1778371930,2027,1864.137163456149,167.30500446766092
1778371930,2028,591.4454170497991,130.6932934173507
1778371930,2029,1565.3688218720995,117.20690357071784
1778371930,2030,584.3371796361145,183.0487574050941
1778371930,2031,528.0728208457391,180.68530577536387
1778371930,2032,454.03823255108364,144.83263850631027
1778371930,2033,283.0766573846826,237.05388264229637
1778371930,2034,745.5979145614178,183.6153926074444
1778371930,2035,2384.1441765030286,97.17294018104928
1778371930,2036,1318.4066834845244,96.83280238676218
1778371930,2037,606.5376918101553,188.92313231143305
1778371930,2038,975.4913126351012,241.82209442799862
1778371930,2039,1964.3811753950401,175.10756389882692
1778371930,2040,1297.7002514925214,187.2771058100246
1778371930,2041,2109.032396740669,98.20808352212539
1778371930,2042,627.9852681501748,184.46649327195772
1778371930,2043,1435.9749626896296,176.61281437043579
1778371930,2044,2291.754230416844,99.73306286196443
1778371930,2045,493.5253444146775,159.69315780634966
1778371930,2046,989.9192245849126,147.4786316182113
1778371930,2047,596.9581394796388,188.72662809279254
1778371930,2048,365.86197167033095,86.65470549121284
1778371930,2049,1403.6689996528244,182.79498822733993
1778371930,2050,420.1498421496209,77.1305768078579
1778371930,2051,711.1216926900287,135.29876245599687
1778371930,2052,1643.1680131895578,119.09577773231341
1778371930,2053,320.15759777704,151.8451038755342
1778371930,2054,536.4198071506112,145.4599896456255
1778371930,2055,681.6192063026429,190.87948296489625
1778371930,2056,563.3643658070878,130.468430509553
1778371930,2057,1156.20317367365,153.39327705663587
1778371930,2058,963.8315342880027,149.99432781665976
1778371930,2059,477.8044969840326,195.8972728795928
1778371930,2060,599.7775271407895,198.1183195860354
1778371930,2061,1930.4149825380498,128.25902213783328
1778371930,2062,453.5866525640442,174.8243303635667
1778371930,2063,248.58504801802403,313.7590362518734
1778371930,2064,2037.5218933237834,219.94493129740982
1778371930,2065,1875.356594943852,137.4944781089213
1778371930,2066,441.9834457077107,70.76019731131119
1778371930,2067,1966.28465378729,141.7208718319393
1778371930,2068,560.0173173283996,300.17735752989034
1778371930,2069,640.7325511425086,191.2267841787569
1778371930,2070,1259.7802733822075,118.08971626903252
1778371930,2071,1367.2165089562511,96.79723142804086
1778371930,2072,672.7168269959028,163.3161935749745
1778371930,2073,573.0365310714442,118.74925201281565
1778371930,2074,586.2428589525103,194.23508165573904
1778371930,2075,271.0598079522426,70.26832548396864
1778371930,2076,209.50616744437534,271.09321027223615
1778371930,2077,382.6770127170944,272.48342168637424
1778371930,2078,901.6770293758013,187.98581234000392
1778371930,2079,786.403303247005,164.24980312264753
1778371930,2080,522.4229242560567,213.4479975904556
1778371930,2081,1038.6945336471103,124.7251164639766
1778371930,2082,158.97732723578574,36.16844727567063
1778371930,2083,379.8790971222188,336.7544907537321
1778371930,2084,519.0621758737437,97.47989851172696
1778371930,2085,352.47921715675886,126.62385943911045
1778371930,2086,1926.5581415865654,104.67497938482244
1778371930,2087,1597.7259096346868,104.13155666999269
1778371930,2088,345.1658636883148,158.9662617873552
1778371930,2089,1522.4867449480612,120.60306547139955
1778371930,2090,480.97919490290633,174.1920231331241
1778371930,2091,1323.2130471609712,108.19421903051867
1778371930,2092,1103.2696183135165,143.62083849126418
1778371930,2093,1165.7703298780991,155.6241032237338
1778371930,2094,1868.2849418745645,116.39153758078534
1778371930,2095,695.3767093220785,166.09888650893797
1778371930,2096,672.049367682069,169.49370251949716
1778371930,2097,1295.57450443839,163.63213096577138
1778371930,2098,434.18275274209196,143.69276663121644
1778371930,2099,2020.48554998212,107.87386872857948
1778371930,2100,1038.5828737951517,153.3028391076205
1778371930,2101,1385.7710477093012,157.19060005465036
1778371930,2102,1229.7370043429617,203.9962689297343
1778371930,2103,901.5140026228735,177.60705200722808
1778371930,2104,853.494030383233,160.98579401085044
1778371930,2105,1454.7076008167187,163.17911037163
1778371930,2106,794.999737229469,191.02886498368895
1778371930,2107,424.2374758781474,265.4055160713077
1778371930,2108,1329.9803757015393,175.91006911654483
1778371930,2109,214.20807639275253,55.08680953893224
1778371930,2110,1609.180490199487,106.86060510853117
1778371930,2111,1164.9098408978002,106.39391737602116
1778371930,2112,425.54606353130026,117.20723254380056
1778371930,2113,1276.0793388719874,97.06050573233784
1778371930,2114,639.9576917271338,158.0804181192476
1778371930,2115,778.5259512211577,177.326908087
1778371930,2116,803.9749224316778,134.47934371297993
1778371930,2117,1311.660505170337,110.76228114604308
1778371930,2118,533.9054484172794,147.07627497520056
1778371930,2119,558.6163396617275,138.83949123086452
1778371930,2120,1331.5556056620476,169.9924840520303
1778371930,2121,619.1943408115045,160.58311741210744
1778371930,2122,3574.6143200483107,117.08496844531365
1778371930,2123,2959.850151836548,103.91471898529946
1778371930,2124,274.18469508449664,71.61531124883382
1778371930,2125,742.0598847301204,123.35331366736963
1778371930,2126,1320.8022391835366,96.97453363448004
1778371930,2127,701.1557798966887,171.85243562261934
1778371930,2128,599.8236332238328,53.35067406113782
1778371930,2129,1098.700595583224,105.97584345906492
1778371930,2130,415.59482459328393,232.53803016900744
1778371930,2131,1514.0584917402582,196.18457189384526
1778371930,2132,1736.9610431959159,98.71969366526199
1778371930,2133,330.4942396327072,43.26124529399616
1778371930,2134,1158.7658888880599,166.42570358041058
1778371930,2135,1892.2493607194779,169.72810450548909
1778371930,2136,608.0824958865192,165.52662552829275
1778371930,2137,536.1985277446471,142.86164776829654
1778371930,2138,1431.144885639677,114.48092066795274
1778371930,2139,396.9157053785946,150.19619996150666
1778371930,2140,2441.2031526410815,88.29966694451906
1778371930,2141,1330.6960961435866,89.09678894488925
1778371930,2142,864.161331249376,173.147023849471
1778371930,2143,1404.3582398101696,121.91536779935946
1778371930,2144,3385.5390202659028,78.3652448790211
1778371930,2145,195.44161756829794,74.39858434739031
1778371930,2146,1554.01261782229,161.36345360486652
1778371930,2147,1330.6907942338607,116.41709539004415
1778371930,2148,1180.140965127538,160.07229475306443
1778371930,2149,1345.4573444370164,140.66148613449838
1778371930,2150,997.546979278963,131.03190808807588
1778371930,2151,2077.0547535192045,112.06508106795232
1778371930,2152,453.49394737722037,259.3954582833334
1778371930,2153,1085.0422677254646,161.86523208220973
1778371930,2154,454.93323275352583,147.85166341240836
1778371930,2155,1960.971312659896,165.7450720686318
1778371930,2156,387.58069574948854,40.954988541731986
1778371930,2157,546.3647211045593,164.66141359478127
1778371930,2158,1528.7085378532481,121.6136457373228
1778371930,2159,726.7749266724271,166.97732257710646
1778371930,2160,359.20595312336843,138.88610892456157
1778371930,2161,1309.4592043168514,175.37670846796112
1778371930,2162,189.4054517696714,248.39093266732698
1778371930,2163,302.79307147689536,148.6889374099372
1778371930,2164,623.8995934229979,190.0640446074878
1778371930,2165,1473.4429317024405,119.2858505818853
1778371930,2166,1595.0870196421386,169.3601187830259
1778371930,2167,707.7777437621157,154.46208769014243
1778371930,2168,2066.72303207343,98.98853165793705
1778371930,2169,568.3844006704236,36.37995854591666
1778371930,2170,379.1896888165583,68.91404315430086
1778371930,2171,723.7166810475991,166.94667258829256
1778371930,2172,449.73509392744813,215.10002845873566
1778371930,2173,1048.7203111801384,131.06410377517912
1778371930,2174,2265.484274765698,101.73736683457331
1778371930,2175,1518.7053963985975,125.6424510618005
1778371930,2176,1084.9393030164367,177.49450131479853
1778371930,2177,1054.8078866379467,143.17257873021188
1778371930,2178,1700.3988689091598,160.62190597006935
1778371930,2179,390.4171915438274,251.6632859223694
1778371930,2180,561.0423594999625,167.2074065006676
1778371930,2181,1176.538798265426,148.2307362754729
1778371930,2182,1621.2664277204547,175.36001053466214
1778371930,2183,654.4230374021357,183.80568519845585
1778371930,2184,1863.9905426311113,188.34355228239224
1778371930,2185,698.201789055109,176.7086436476955
1778371930,2186,2141.5004349456385,116.55213301711919
1778371930,2187,149.760286615305,100.66035347603828
1778371930,2188,2129.7596309581972,103.49272247046838
1778371930,2189,785.9016950228845,209.0063397459618
1778371930,2190,1105.8147014396955,168.77924136540213
1778371930,2191,757.1194842009644,201.5337512419675
1778371930,2192,562.339408850798,167.61969678059964
1778371930,2193,250.14179324436924,305.452491723512
1778371930,2194,758.411480188789,119.37446010794226
1778371930,2195,1199.5807267629878,120.64461561436251
1778371930,2196,949.9339401096145,178.97930083808822
1778371930,2197,736.3123274335613,119.77636378622752
1778371930,2198,2247.411393705338,109.85302471270305
1778371930,2199,369.05683135626873,171.94081608611253
1778371930,2200,1161.3539579196101,204.26876830491847
1778371930,2201,1595.707571168854,111.14219620210629
1778371930,2202,786.4177672438749,149.72662876098414
1778371930,2203,361.12300490608715,298.9954944618088
1778371930,2204,694.2589450306294,147.64256138616813
1778371930,2205,741.4089950262892,122.900524811218
1778371930,2206,764.6096658365814,107.23826236335502
1778371930,2207,1686.1581568276274,170.75081160563028
1778371930,2208,551.5959545973191,284.0082999680252
1778371930,2209,1005.1594056668338,117.61812642755469
1778371930,2210,970.9900408161807,171.1022584924103
1778371930,2211,2963.051243689569,103.96249572452268
1778371930,2212,922.3773091684623,217.94508255538696
1778371930,2213,737.8278671012033,166.90086329418017
1778371930,2214,796.3230573924845,146.62722532029937
1778371930,2215,648.2955976404675,172.24118123062712
1778371930,2216,957.7527126092408,133.01442976440765
1778371930,2217,827.6035300681119,181.0730457276032
1778371930,2218,1386.869118081718,102.68650089267929
1778371930,2219,773.4994258833514,143.31819639679702
1778371930,2220,177.76580344171353,214.013879835345
1778371930,2221,421.4738449810796,286.32429406651414
1778371930,2222,197.36870599299326,191.38652460308901
1778371930,2223,507.38798159495434,185.01662166273067
1778371930,2224,1523.4122264641928,185.05139941014934
1778371930,2225,448.1181624124127,143.36100757556665
1778371930,2226,575.1250179380406,184.01100705949545
1778371930,2227,639.7238525332491,158.17015372176263
1778371930,2228,1636.7524727410005,209.25877784764512
1778371930,2229,1576.0892380724513,103.76831214130942
1778371930,2230,1214.7934705373666,106.89969058179835
1778371930,2231,1444.267416494488,168.0789383830083
1778371930,2232,419.0241307093453,181.06938299804364
1778371930,2233,482.57704397896055,167.0169177197235
1778371930,2234,405.8310405803385,142.41018253471773
1778371930,2235,1268.7060748845986,153.91919764565242
1778371930,2236,624.2603212303984,230.46496622464713
1778371930,2237,395.0643429438586,145.0544152867585
1778371930,2238,1343.9318844964484,170.31293681104918
1778371930,2239,1773.065148138045,119.65372814593405
1778371930,2240,380.1536919453825,166.6540138909722
1778371930,2241,623.7460214773672,133.33251330712648
1778371930,2242,1618.8941187699027,183.28177901824762
1778371930,2243,724.0599779336777,179.58771353728946
1778371930,2244,2159.0134638458403,98.62961176122366
1778371930,2245,231.745149255626,51.14491169728129
1778371930,2246,518.6701842116399,190.21558108686287
1778371930,2247,487.5139531457608,172.60869981858917
1778371930,2248,371.40023866608,268.1354468282592
1778371930,2249,662.2314502560024,163.36335267811657
1778371930,2250,651.0316317142978,179.57500914902707
1778371930,2251,1793.9861367494527,195.40260543397392
1778371930,2252,1232.069605289751,147.51075478168963
1778371930,2253,289.10274431166357,304.06627222249216
1778371930,2254,218.5898220249371,115.8831286012254
1778371930,2255,969.9619826446138,104.94275591060878
1778371930,2256,2393.9427934119935,120.37146727704142
1778371930,2257,405.1185179084018,147.974305337699
1778371930,2258,351.5434846526933,148.37517535077117
1778371930,2259,582.6946832086142,181.9975395544755
1778371930,2260,1322.1203051762282,169.20876724556004
1778371930,2261,323.63238535096207,112.06174298469584
1778371930,2262,1773.0207882751188,99.1121394462875
1778371930,2263,1232.3594202312217,160.7132736022452
1778371930,2264,320.77033146391614,165.22924150071495
1778371930,2265,864.6694383069832,133.7379092180295
1778371930,2266,747.7624614003805,167.12515516328074
1778371930,2267,1928.4586617298758,156.52384559838538
1778371930,2268,878.6644863888131,158.1934564259976
1778371930,2269,1276.3420821834134,170.9244956273984
1778371930,2270,473.74828403828224,154.07333118576122
1778371930,2271,1046.3827422274867,166.05186118993322
1778371930,2272,558.6225289317948,162.05417337468214
1778371930,2273,1598.3619849191239,115.01375725360366
1778371930,2274,656.7262461353544,189.15216579963328
1778371930,2275,698.9833833687183,190.57096518765508
1778371930,2276,1521.9722656954464,159.35286834234796
1778371930,2277,1155.6209367070508,131.573068996452
1778371930,2278,581.3382154492238,116.18259570349804
1778371930,2279,254.83432897549883,87.49083985318582
1778371930,2280,2246.010769944192,99.2123471330371
1778371930,2281,505.59451867712784,130.9791859748971
1778371930,2282,762.0305268912073,124.48307492149497
1778371930,2283,2599.85689442755,115.69365416601882
1778371930,2284,3991.2446564803254,130.00002627065362
1778371930,2285,882.8523855932099,190.6533324571146
1778371930,2286,544.0354654374207,157.76425751808893
1778371930,2287,2127.0728351840503,110.67441508913616
1778371930,2288,590.519733766191,185.60475530364204
1778371930,2289,922.8224299875394,182.42761080081505
1778371930,2290,935.3562588508722,170.69206867046634
1778371930,2291,720.570713698295,135.99149353983526
1778371930,2292,1225.9771626709535,131.87755099997685
1778371930,2293,712.3226607223276,167.26488625800766
1778371930,2294,1626.4654709846354,107.12864863783376
1778371930,2295,372.12624130080945,155.48038790116763
1778371930,2296,492.51419661063994,164.94734205926716
1778371930,2297,1466.688604909134,194.0598715093863
1778371930,2298,5046.532081014833,174.74683238262813
1778371930,2299,1856.2887844521915,130.65883497296772
1778371930,2300,958.6702556743534,169.53315150921983
1778371930,2301,374.6283530143121,234.73085179711802
1778371930,2302,634.597787406947,161.74992324691948
1778371930,2303,1765.661506515124,114.95953059715062
1778371930,2304,745.5700688739332,193.91117324573705
1778371930,2305,237.41929596387018,326.20177389339057
1778371930,2306,632.842033234655,172.3193781282099
1778371930,2307,959.5131304995396,172.80774900585493
1778371930,2308,580.5363140126958,231.9429014834798
1778371930,2309,427.977758975975,251.50885531904441
1778371930,2310,451.0722690544532,151.79210026899756
1778371930,2311,597.6180897523155,180.93136605007936
1778371930,2312,936.2885962823177,139.02244009041067
1778371930,2313,787.2180054137168,76.22776594000511
1778371930,2314,566.0540749057661,276.2570723157607
1778371930,2315,1289.508735562304,149.65440769676565
1778371930,2316,161.3390683154879,211.76945769620357
1778371930,2317,1327.399298869163,152.98697788524635
1778371930,2318,2097.6460244131063,110.48957362171393
1778371930,2319,3969.0561155809078,178.64176269897024
1778371930,2320,1903.280371312705,154.47087385544805
1778371930,2321,1784.707240093054,149.5978238080018
1778371930,2322,993.4222682737347,227.83251221997378
1778371930,2323,312.47718374684433,55.90152635027275
1778371930,2324,4536.175576234003,161.8919465634327
1778371930,2325,764.4113162508111,168.63922563418134
1778371930,2326,1855.681633392165,200.06716271486673
1778371930,2327,1310.3803588022918,125.59907074441664
1778371930,2328,889.8183409441971,172.28712735475935
1778371930,2329,1436.465418085099,137.40026849794572
1778371930,2330,704.7128973251437,170.04883014355474
1778371930,2331,750.4608029126641,165.29630850329403
1778371930,2332,787.0565843252517,150.24291012249827
1778371930,2333,1221.3100047377916,162.53732424451758
1778371930,2334,874.118288604432,194.0646852667884
1778371930,2335,1299.8059691827164,178.89149922582808
1778371930,2336,496.7946316624084,178.32351495440014
1778371930,2337,503.1010162429258,165.14369325751557
1778371930,2338,523.5132449025641,122.98615752908097
1778371930,2339,1759.5886673716025,124.25765350046551
1778371930,2340,1062.7652849126778,147.13384094589472
1778371930,2341,1423.9068503311323,187.33432203848446
1778371930,2342,624.3276794381679,199.11752994536963
1778371930,2343,1123.0061706349559,95.79350816543003
1778371930,2344,820.6026613733167,180.1594051830863
1778371930,2345,1145.2369563365896,172.69132187787574
1778371930,2346,1763.4090741093967,115.43112030864523
1778371930,2347,649.0283421694104,144.18823052320607
1778371930,2348,1146.0369240113928,167.81677067125295
1778371930,2349,408.2634484421501,128.8198380355246
1778371930,2350,755.104294881401,147.1115281743984
1778371930,2351,469.2835323991204,174.3326384540356
1778371930,2352,1035.583714622706,208.70889384293565
1778371930,2353,598.7866802853606,172.71945330559544
1778371930,2354,1384.8840222439376,154.45711412800986
1778371930,2355,1727.0446067143264,150.2161791544458
1778371930,2356,1191.3665396216782,154.67308999794096
1778371930,2357,2586.2001494645406,136.83536698332173
1778371930,2358,765.3552349858933,164.65552028138322
1778371930,2359,1412.9011644261966,192.77104580666963
1778371930,2360,2924.649944752497,109.36988203179686
1778371930,2361,655.1352370802931,140.4125605889355
1778371930,2362,1047.0379359424012,167.34298420064627
1778371930,2363,1039.176598019278,109.51482431650538
1778371930,2364,455.10530958712616,287.27920313069467
1778371930,2365,549.2352966971048,168.81900109673614
1778371930,2366,905.6123653285256,103.34456535677703
1778371930,2367,349.5550906930351,58.835462024414014
1778371930,2368,505.97602771100946,141.36204815714484
1778371930,2369,1810.531451833475,136.56759019698845
1778371930,2370,535.5100994887657,139.05891071056038
1778371930,2371,1090.7482430853572,185.68658211576482
1778371930,2372,1338.0753336159557,117.73643390939041
1778371930,2373,306.17473511941955,270.58899242478793
1778371930,2374,1699.1937885462987,152.40629779277816
1778371930,2375,624.1114310238529,158.79164801340443
1778371930,2376,364.56757457790735,124.30286202021071
1778371930,2377,314.2540498675496,100.9728605998301
1778371930,2378,883.8060395917609,110.3317899621294
1778371930,2379,264.2335554368013,132.55732971074082
1778371930,2380,373.42374599669745,56.10779994683684
1778371930,2381,1580.1983157823047,112.62056857019876
1778371930,2382,819.922522414862,184.77622492859942
1778371930,2383,2222.8795571779124,120.46823624228118
1778371930,2384,859.3539454969962,185.1604014054715
1778371930,2385,591.2665772354536,191.90832101747495
1778371930,2386,449.76337729459203,33.37959330661873
1778371930,2387,1445.9278409964677,114.95529236221914
1778371930,2388,1009.8821838732039,187.8473665436755
1778371930,2389,1326.2752687167592,114.77002125284218
1778371930,2390,2297.927443013526,117.1893894074751
1778371930,2391,497.80425113910263,76.96320077377646
1778371930,2392,1165.0415534078152,116.04514356697791
1778371930,2393,2873.2501827337255,105.2151790550248
1778371930,2394,1251.8683804492348,171.72374749389598
1778371930,2395,618.1947873355083,167.13079357568284
1778371930,2396,712.1379132246115,250.29012843190466
1778371930,2397,515.5487220650899,333.96594371034956
1778371930,2398,147.11684715095282,139.26442727545032
1778371930,2399,2491.5096551727606,144.91073397065688
1778371930,2400,1856.0936399515651,95.01269362943982
1778371930,2401,853.3146398926928,40.20276436605412
1778371930,2402,2088.356866018835,109.98069886096987
1778371930,2403,2327.10387650316,137.72658419060292
1778371930,2404,410.1998316149545,152.61758314653818
1778371930,2405,257.6454213073103,35.51827393783258
1778371930,2406,302.52807444351015,115.07269676982584
1778371930,2407,1518.2859457575641,97.89041723154018
1778371930,2408,498.57206025730943,159.6267936522355
1778371930,2409,472.24438293616976,161.17125509622986
1778371930,2410,432.1351747984713,165.15307851077628
1778371930,2411,1146.4484389016354,186.5822999501468
1778371930,2412,519.1121390613487,146.7893227272204
1778371930,2413,166.07132253114483,63.87209350606347
1778371930,2414,1407.503922944293,143.31308655877092
1778371930,2415,670.7431284797366,113.51546739781429
1778371930,2416,393.87751551130214,151.89502806756894
1778371930,2417,1377.8248733880707,123.11515635590952
1778371930,2418,615.4354559537873,178.7131681992223
1778371930,2419,268.10459958921,229.337315800576
1778371930,2420,656.7403499455736,154.49140859376675
1778371930,2421,1547.4224913035598,132.29899114283367
1778371930,2422,524.5399636103895,141.12803863890838
1778371930,2423,1091.2014023842466,130.9653716856151
1778371930,2424,1401.268925413858,177.80656401871613
1778371930,2425,4635.1402824061215,169.60366069107968
1778371930,2426,1547.3886522692085,147.41225637837604
1778371930,2427,716.579973096565,232.40788352534594
1778371930,2428,1015.027748083622,168.20522274403382
1778371930,2429,489.7811718018098,136.93491730248303
1778371930,2430,520.2472026515819,171.4591156490352
1778371930,2431,414.2167738870665,139.3219210318699
1778371930,2432,840.019155411835,224.8979658789864
1778371930,2433,1118.742807514672,138.37862934769328
1778371930,2434,641.9372334644632,176.11257632174804
1778371930,2435,2088.940605473719,115.79103145525626
1778371930,2436,1551.5811153610864,169.75104685275895
1778371930,2437,1292.5903284306326,186.95903720345186
1778371930,2438,1265.1086331552456,131.28599966973192
1778371930,2439,1483.843704294754,189.83226981853545
1778371930,2440,776.2188629318423,181.11226239146052
1778371930,2441,702.4912674790877,159.9882125452572
1778371930,2442,439.10596918983555,152.68883239870186
1778371930,2443,535.886169539239,199.80562643352923
1778371930,2444,1130.852247725655,115.78725835120729
1778371930,2445,1021.836150694058,174.81983935721368
1778371930,2446,418.84531086610696,167.49904935459455
1778371930,2447,613.6513524961282,193.01536360251006
1778371930,2448,574.1689691854626,196.12414728107322
1778371930,2449,1485.2396194824908,123.1163313986055
1778371930,2450,1885.9486020900363,128.65520342442022
1778371930,2451,1312.6789911182962,135.38917291792637
1778371930,2452,1238.1555729465774,193.64967485130393
1778371930,2453,2649.9422321799275,120.75164271252106
1778371930,2454,1583.974136670171,166.21354462265347
1778371930,2455,267.98996902183865,207.47199718438796
1778371930,2456,419.00353601015655,235.12184382057563
1778371930,2457,601.2883697692943,163.04513672865914
1778371930,2458,509.79992369036074,164.29821457610623
1778371930,2459,638.8003531608708,200.31315350321904
1778371930,2460,1377.94045852268,108.7289257708953
1778371930,2461,2629.317488465476,150.4194733545882
1778371930,2462,686.7009661326281,192.72891497804352
1778371930,2463,546.5109142092571,97.33736980169323
1778371930,2464,2746.9460292107688,128.69974212661148
1778371930,2465,612.1483781624454,346.38731324001145
1778371930,2466,459.3120709363119,203.68328923632706
1778371930,2467,583.9465367388078,157.05288826273537
1778371930,2468,2497.815966054049,118.21395846818473
1778371930,2469,208.48861188611687,97.7401967501778
1778371930,2470,165.61174685445457,42.92407601106165
1778371930,2471,741.2741757519299,220.27633237878658
1778371930,2472,1084.1883339304654,178.0289635866007
1778371930,2473,848.9525397349653,99.64126774835476
1778371930,2474,4202.160961246019,152.6837724792459
1778371930,2475,704.3594629204148,122.9234409047023
1778371930,2476,621.4219268003184,131.24726103427852
1778371930,2477,1785.1349154762831,97.14608137841445
1778371930,2478,746.9443047729453,202.2683523202696
1778371930,2479,1148.4195264982955,139.42503256556162
1778371930,2480,595.2671550280843,170.34802337168813
1778371930,2481,744.2397479901002,186.9463283403229
1778371930,2482,541.3910405624785,171.6103780870061
1778371930,2483,420.5497174738309,220.01088831607498
1778371930,2484,1119.8472089925754,166.72510042271352
1778371930,2485,410.10554179543095,268.10011451454005
1778371930,2486,336.78722830504324,146.94096219227325
1778371930,2487,780.0659247331056,200.70167193575134
1778371930,2488,845.294551241428,200.8301381414139
1778371930,2489,612.2487676716106,132.49101492789796
1778371930,2490,546.3066374547884,184.09493055721993
1778371930,2491,1527.1953193250074,132.493600845153
1778371930,2492,2693.660767632255,128.89788978648602
1778371930,2493,1490.3087677204753,114.77501864051902
1778371930,2494,575.9042998363402,146.73250545098188
1778371930,2495,1597.237216926658,143.37186223672344
1778371930,2496,810.1807342958609,264.78305077946715
1778371930,2497,763.0451723567902,141.5301454677167
1778371930,2498,292.540053031604,263.86380971919033
1778371930,2499,683.783222694297,321.3976056419054
1778371930,2500,298.5791118328676,291.0410999835708
1778371930,2501,1638.4381531807812,174.7367199803223
1778371930,2502,173.5857597484332,247.6991404004556
1778371930,2503,899.1059053414116,168.30467343153785
1778371930,2504,871.4565312032511,322.7866722626919
1778371930,2505,1640.4672273490496,187.8689854549213
1778371930,2506,780.3669601102359,213.08056679571388
1778371930,2507,750.1312138100443,188.967435288987
1778371930,2508,435.97136663313563,145.98280297014787
1778371930,2509,803.1991226963846,106.52744469792103
1778371930,2510,1174.880358696142,162.3374181271287
1778371930,2511,508.8695155259665,178.46870515417547
1778371930,2512,485.30846214683936,132.47015641985988
1778371930,2513,787.9986610343896,182.5401047723846
1778371930,2514,1980.9612636100294,203.43348368844204
1778371930,2515,1260.1929568435824,139.79435366677808
1778371930,2516,523.3250990928095,307.8283951405652
1778371930,2517,1100.389788760897,179.81572120703208
1778371930,2518,930.6963076276677,153.4492848895168
1778371930,2519,2022.0173073721767,112.93331603939126
1778371930,2520,841.1091414602497,232.05508367196614
1778371930,2521,574.3945727995697,372.9560841604321
1778371930,2522,298.68414669399283,173.54408866277876
1778371930,2523,316.6295272053781,88.24898660495819
1778371930,2524,245.9926330094243,312.7515891455416
1778371930,2525,523.4150887447958,267.26239139591064
1778371930,2526,193.4437194019783,214.63871811017748
1778371930,2527,853.234031406825,172.53034152546465
1778371930,2528,432.1186087095375,159.14520009178378
1778371930,2529,409.6466379081937,218.09064667384303
1778371930,2530,2459.1734917380386,103.16602543121417
1778371930,2531,1015.3212448191985,180.04804080893564
1778371930,2532,1275.9186663498488,205.42795960800308
1778371930,2533,615.5183691338797,64.20706974017988
1778371930,2534,294.72198716591,138.2932364533468
1778371930,2535,1181.195687327756,167.06201686098865
1778371930,2536,1537.910916780051,124.42994112851535
1778371930,2537,523.571056290842,135.67901586546964
1778371930,2538,2567.8640713663485,103.61780425354958
1778371930,2539,683.3271871828206,317.61338308314794
1778371930,2540,1814.993460653091,138.05687988494535
1778371930,2541,521.2466294770073,180.120252085219
1778371930,2542,570.2792727879901,183.67482799193922
1778371930,2543,1774.0346921322107,133.6689040513292
1778371930,2544,592.5887908686232,162.3560094545119
1778371930,2545,546.568935259352,160.00271916759027
1778371930,2546,1591.8622162319332,136.39847352391874
1778371930,2547,468.5137495033871,157.65571210867964
1778371930,2548,773.720132806713,194.5957156926271
1778371930,2549,414.6046376422494,165.76839303108483
1778371930,2550,3322.6059230083183,152.6732182699675
1778371930,2551,1094.7796733283649,186.58451554851973
1778371930,2552,994.937383386019,154.63468416737334
1778371930,2553,872.0962670986688,183.2294253734617
1778371930,2554,1573.167812486785,131.04666291170352
1778371930,2555,276.1280699091174,132.41316140645387
1778371930,2556,459.60621193691685,144.18536679904253
1778371930,2557,524.0251593211651,192.64815196751667
1778371930,2558,727.7409410464354,139.51840101316023
1778371930,2559,284.05992148669156,201.58931521274596
1778371930,2560,1014.4582260783486,185.5169357373188
1778371930,2561,275.28607406703264,160.7070356474603
1778371930,2562,1020.3276661545815,146.75018213519348
1778371930,2563,278.5694175829223,73.86503344025995
1778371930,2564,304.7373134940768,166.50950666434525
1778371930,2565,1414.1910028371071,113.98752859256678
1778371930,2566,1974.7136339859019,105.48812222135156
1778371930,2567,3240.9859926227928,119.8529223642838
1778371930,2568,1970.677221982043,108.75261595861852
1778371930,2569,212.15946979934813,247.64424452443728
1778371930,2570,291.4720173108602,308.42570282363005
1778371930,2571,1964.8313877979413,194.89238030362088
1778371930,2572,1996.8289756065778,115.04044429574013
1778371930,2573,459.358318945386,170.86691011473076
1778371930,2574,577.122963601409,281.89034658661313
1778371930,2575,477.4038112443635,128.90574427155735
1778371930,2576,524.8426117722199,89.55156757545869
1778371930,2577,409.76804116190294,151.86861289594216
1778371930,2578,336.61703340503766,161.1245366454036
1778371930,2579,615.9300360293173,277.52100307516616
1778371930,2580,1539.0338020942197,113.3879155942819
1778371930,2581,1122.5586775208792,167.457612909776
1778371930,2582,783.0131990922431,153.75900962620238
1778371930,2583,331.7760146007998,162.06206731522124
1778371930,2584,106.7482267991411,31.073400328241874
1778371930,2585,1098.35271072456,116.51094201304865
1778371930,2586,1415.4553849247673,192.70738399238732
1778371930,2587,869.6081281817197,189.2646038999522
1778371930,2588,1111.2294895879488,155.4769460411112
1778371930,2589,1917.6004109609562,115.77094697242579
1778371930,2590,1127.6471782690123,126.79975880097807
1778371930,2591,1708.2785711174786,129.51580581910923
1778371930,2592,459.82581477034023,150.8077816994722
1778371930,2593,624.5730097483466,133.0616397549461
1778371930,2594,2305.976179282158,117.71164481974283
1778371930,2595,456.56143046928713,196.46819796596054
1778371930,2596,231.63901228373612,29.08606479034525
1778371930,2597,1919.9218094628154,135.8339628381802
1778371930,2598,721.4300102707839,211.73588510923182
1778371930,2599,487.13205545614255,200.63917121283922
1778371930,2600,405.0646090070729,167.63735573869474
1778371930,2601,280.4877394303972,277.53186180918715
1778371930,2602,676.0662474377341,130.12641892339082
1778371930,2603,463.33743410272376,180.75581326239586
1778371930,2604,361.3940365440039,152.96095550809045
1778371930,2605,904.2267371260583,115.10356817336944
1778371930,2606,2018.275114017315,140.75449111962774
1778371930,2607,671.808820896126,143.41476611585082
1778371930,2608,210.4304350818199,130.8648242351361
1778371930,2609,761.114854173313,194.79942257070243
1778371930,2610,1145.8318471183293,157.27160217439248
1778371930,2611,1414.348907258059,134.80548277822464
1778371930,2612,1497.5950319125075,261.10704705054997
1778371930,2613,824.0081981206599,190.10242333960127
1778371930,2614,3326.459093025466,127.40585807084099
1778371930,2615,2101.909371112132,180.3374682525419
1778371930,2616,528.1323026659544,175.20151504026404
1778371930,2617,1225.8866614019305,165.70361304186628
1778371930,2618,2932.599422314747,139.39776738081864
1778371930,2619,401.6057558991192,197.64131533736787
1778371930,2620,616.5162983882228,66.40232717120564
1778371930,2621,1939.0335284324879,175.26877303071907
1778371930,2622,525.1640958029401,188.54578474588206
1778371930,2623,2606.326841651234,196.24371151664505
1778371930,2624,680.900989877126,180.0289546170684
1778371930,2625,1337.478109812265,177.40828097797356
1778371930,2626,576.2131025618336,188.13058986394145
1778371930,2627,692.6902433355496,220.47371455478844
1778371930,2628,1290.684409808541,118.9634351119828
1778371930,2629,1283.9155747435757,117.09629266672268
1778371930,2630,1777.6146607105368,136.15738058348623
1778371930,2631,1498.1576655236586,120.43870284928894
1778371930,2632,358.10144512905407,172.46245439428802
1778371930,2633,2015.4350007816806,192.30376524308852
1778371930,2634,975.4129273428273,208.8674964963841
1778371930,2635,1904.197822563867,166.48669724929474
1778371930,2636,441.4318693637599,155.91132112437558
1778371930,2637,1160.7020160361744,179.76487442688017
1778371930,2638,348.7469960164272,161.96033131478123
1778371930,2639,454.906869104569,42.344540039309635
1778371930,2640,898.4763854789945,145.7169577741875
1778371930,2641,491.545914275817,340.6087312179907
1778371930,2642,945.2981434988441,125.26386066559503
1778371930,2643,2186.2471762901805,196.96076948800862
1778371930,2644,667.927292355503,162.1243554100594
1778371930,2645,1476.2599133316462,210.47550287656514
1778371930,2646,606.8499866041986,187.288368032999
1778371930,2647,1300.8121265871828,170.87520013895605
1778371930,2648,817.0359717865401,197.92823150754032
1778371930,2649,1094.2576732080277,229.57921316901496
1778371930,2650,163.0211821918404,78.4537298286268
1778371930,2651,2112.631187349181,197.23840229713775
1778371930,2652,454.2684435200112,166.39732760275393
1778371930,2653,1450.9399934176388,163.91366543642434
1778371930,2654,1128.47807402611,157.21076072352508
1778371930,2655,224.5984314746379,310.35882465266195
1778371930,2656,1507.5606459569892,185.3225833053087
1778371930,2657,462.4713315686591,195.0128764253958
1778371930,2658,428.5927413240991,159.69572170049113
1778371930,2659,585.5410817892268,198.27096175959625
1778371930,2660,576.5045258119289,186.75798810524105
1778371930,2661,563.1218175721666,190.0909873453945
1778371930,2662,903.1033695495189,216.69719016932928
1778371930,2663,523.4330785232235,283.40811704800655
1778371930,2664,741.9983852007465,199.8560288536323
1778371930,2665,2617.513994824751,130.91995209791796
1778371930,2666,748.5837377790623,206.12085299692427
1778371930,2667,2936.987950584479,171.75802104543325
1778371930,2668,1553.1747346000832,93.19013050106878
1778371930,2669,216.44718437771496,130.4999496855128
1778371930,2670,511.926134664,202.49562018834993
1778371930,2671,1625.3435017288925,120.64250074096418
1778371930,2672,1294.2542213866286,161.6198990366901
1778371930,2673,512.9275459953045,119.95584431048113
1778371930,2674,458.3515098143877,129.75663742847652
1778371930,2675,866.5046714573518,259.76498915396155
1778371930,2676,868.3950311443047,198.93086434878694
1778371930,2677,428.4598485474585,114.84628931207415
1778371930,2678,1825.1390253481188,168.52867619276992
1778371930,2679,425.59477402525073,319.7759666418771
1778371930,2680,1679.992812524667,182.68742703606753
1778371930,2681,613.6530474982145,207.29078403203985
1778371930,2682,280.71635764400366,217.4957573774746
1778371930,2683,3674.71157277278,150.74708103349496
1778371930,2684,474.9052394894064,186.87946345389238
1778371930,2685,230.25980559413375,66.61719718976533
1778371930,2686,992.2428781271909,161.1909378444641
1778371930,2687,818.2981699097919,194.84527251322245
1778371930,2688,950.6782816815864,186.79649910739468
1778371930,2689,960.456054276594,145.21517098566244
1778371930,2690,1448.2378137904232,155.92960197011013
1778371930,2691,442.942388780671,267.69507873268896
1778371930,2692,1199.2945321507545,177.1855592973273
1778371930,2693,826.8916282242299,196.80934116830716
1778371930,2694,1534.49799639717,118.43518403481627
1778371930,2695,417.4599729600763,314.01532041563064
1778371930,2696,243.33890045542447,363.2528716163296
1778371930,2697,1885.9854216502758,155.57283762545185
1778371930,2698,603.4739149599238,184.6463596136123
1778371930,2699,1173.1844798531336,217.21278430512447
1778371930,2700,190.61776101962892,98.76016824595273
1778371930,2701,1038.7444577081637,131.86598804604918
1778371930,2702,467.0583856970306,67.73428574940397
1778371930,2703,881.8987878042896,159.19066691359933
1778371930,2704,772.0119551285993,161.8953949760793
1778371930,2705,2394.3655636654807,136.87509223157838
1778371930,2706,1475.1855144418862,148.1020628798272
1778371930,2707,358.51329025341505,151.68819566329685
1778371930,2708,531.2556896642225,107.00054020166198
1778371930,2709,469.4444675266194,322.3781329101443
1778371930,2710,689.9691069695663,226.30419578005274
1778371930,2711,1075.288222874882,181.1670464582626
1778371930,2712,945.9685880143478,116.7276324348455
1778371930,2713,362.97380984267676,277.5789661646726
1778371930,2714,1312.270464663998,118.70028552904584
1778371930,2715,125.50941775732889,157.08167844169733
1778371930,2716,1049.9773760956612,206.42667129115063
1778371930,2717,1932.020010376441,122.67877123886109
1778371930,2718,1947.4348609362162,118.91092301568848
1778371930,2719,2151.768200780669,139.89125512178367
1778371930,2720,312.1090431913232,234.6878936161996
1778371930,2721,406.44299544847235,85.8022868204713
1778371930,2722,774.9840480702676,124.29472491255153
1778371930,2723,1112.085518574168,96.91722615491153
1778371930,2724,1552.5486866382134,102.21958084594036
1778371930,2725,800.3980176066364,216.95242725131624
1778371930,2726,722.4554200119433,172.99836044907872
1778371930,2727,1664.4604255334696,111.11772299410025
1778371930,2728,1155.874725022375,191.55805363963816
1778371930,2729,657.6470568838274,165.76632708198014
1778371930,2730,570.0917047363497,258.1848350065378
1778371930,2731,490.12685824376695,288.9663616323222
1778371930,2732,302.8763808046777,165.92073985477168
1778371930,2733,510.93017931895616,149.80213247728247
1778371930,2734,1406.6101048224996,240.48695801099413
1778371930,2735,155.2391041830734,87.85695941757267
1778371930,2736,262.6526431847549,209.10709124716445
1778371930,2737,1558.0704542005824,166.47702363404812
1778371930,2738,1093.3878889071336,180.8589935547543
1778371930,2739,871.8849194783016,211.0824726120437
1778371930,2740,1894.8276171928344,181.6559845216679
1778371930,2741,1601.7070762060018,132.03148940005158
1778371930,2742,258.4610250482479,43.05717477516719
1778371930,2743,186.96998442598175,144.8172406503069
1778371930,2744,343.41036188807533,206.47529072007498
1778371930,2745,1591.9635224297588,188.2901496652264
1778371930,2746,1255.594669717764,182.64369694214423
1778371930,2747,502.6417684002988,75.0254437202834
1778371930,2748,1305.2909159091648,108.31731108195282
1778371930,2749,764.1647780435878,131.9395123355572
1778375042,2750,315.7058608831247,70.16411669364545
1778375042,2751,868.3917868656227,230.97536464624181
1778375042,2752,270.6632484539625,261.0719287293015
1778375042,2753,1972.3939433680002,115.16102878679912
1778375042,2754,1212.208119838276,180.2277466683829
1778375042,2755,1308.6042093406857,106.26329879681647
1778375042,2756,734.0103659714626,197.82316183512316
1778375042,2757,300.8064819848973,171.4649813942632
1778375042,2758,2199.070573230441,128.95394615787052
1778375042,2759,246.40484896813888,239.2834048642987
1778375042,2760,444.9391930270317,214.55071989231436
1778375042,2761,758.4652725737141,198.101825788612
1778375042,2762,620.0845803375071,126.61360479761113
1778375042,2763,1257.650383230735,179.01814639526782
1778375042,2764,311.30325376210095,157.8787494213341
1778375042,2765,1352.0104091768828,131.54738002315625
1778375042,2766,973.7530181036551,141.9800794972936
1778375042,2767,1678.9043387968006,180.5673902581286
1778375042,2768,710.2977261474623,171.8811804410978
1778375042,2769,3048.067916900093,112.45041905293297
1778375042,2770,325.28115634656353,201.55703195061255
1778375042,2771,1006.0605915190446,183.28529633651328
1778375042,2772,675.3057897869973,315.94722457307955
1778375042,2773,1518.737023833287,194.03388596231702
1778375042,2774,596.6398732518649,174.64361423311937
1778375042,2775,795.6666281278087,181.23804142330317
1778375042,2776,1763.0947277695984,104.91537934728107
1778375042,2777,676.8590544626262,227.89790752188594
1778375042,2778,341.7568701044054,144.71090912669396
1778375042,2779,626.9186902775516,142.34198786076064
1778375042,2780,679.046727788251,221.0876089952643
1778375042,2781,386.21577533831527,169.55422039294695
1778375042,2782,164.9891507434236,90.96204035963716
1778375042,2783,810.3034090786065,159.7808395151854
1778375042,2784,165.94602429427033,118.06996951046189
1778375042,2785,618.6173597791942,55.56349858244191
1778375042,2786,123.8883515706244,26.338158218097533
1778375042,2787,708.1659565480342,132.98416642574696
1778375042,2788,1531.2233446915839,209.8857792206082
1778375042,2789,606.236889803367,335.60455164961934
1778375042,2790,1314.5240409862497,102.46104926484311
1778375042,2791,354.4673037041459,298.2041998734386
1778375042,2792,200.22144253863203,31.006130780010903
1778375042,2793,465.4615222396019,150.88099122132817
1778375042,2794,1076.3835413217982,55.65472299690898
1778375042,2795,257.0332477820576,264.18731768562657
1778375042,2796,780.4416824244469,213.89391061397174
1778375042,2797,3822.823671158042,234.80439198903682
1778375042,2798,1138.5153557779208,109.28064775473435
1778375042,2799,1814.303736136255,114.65757588574053
1778375042,2800,623.044136617962,174.99570090281688
1778375042,2801,1260.2877730700063,180.7034543618978
1778375042,2802,820.1756526684886,284.16361092885074
1778375042,2803,320.7786944538949,156.4570077358845
1778375042,2804,496.8719608610593,64.70927464819889
1778375042,2805,705.6345816671148,185.0257178881014
1778375042,2806,446.60366152361263,148.20659903459838
1778375042,2807,1964.3742136961048,163.6168532149312
1778375042,2808,397.3216537925561,160.10557648069818
1778375042,2809,201.70430856368813,218.81003265518467
1778375042,2810,512.3735192295516,158.04124063387843
1778375042,2811,729.9761005430472,291.8395225593518
1778375042,2812,584.9474113596355,199.58749599674792
1778375042,2813,1449.0829689939292,115.88005305343829
1778375042,2814,377.22147735714134,191.07834751833312
1778375042,2815,474.0482081753413,49.1127835605014
1778375042,2816,1328.1686236245607,137.4343026626781
1778375042,2817,247.3123327563573,144.0385689267691
1778375042,2818,377.89266848665505,247.41332550057587
1778375042,2819,505.1537251681375,45.382733604606685
1778375042,2820,3046.293798507787,193.5824775780789
1778375042,2821,476.54104790329984,170.23368661734509
1778375042,2822,561.4277437742068,244.8385663932537
1778375042,2823,1693.6389964851085,191.88081300008628
1778375042,2824,355.12846587065013,227.83480139384807
1778375042,2825,805.3554844556511,133.1432904713569
1778375042,2826,399.97234222416046,154.92260944274014
1778375042,2827,1180.7134639638557,124.66138247990894
1778375042,2828,1069.9885892214534,179.66006743645542
1778375042,2829,3040.8021409707485,125.17799651561953
1778375042,2830,675.3985677774741,179.89067809735516
1778375042,2831,363.2320233226067,162.75659187685588
1778375042,2832,431.9178644902675,56.788888452679444
1778375042,2833,406.69452731733554,40.05350891286297
1778375042,2834,292.99684116126804,162.9976875266873
1778375042,2835,1176.0360996568313,166.72700864635095
1778375042,2836,587.2695584405384,140.48729640052906
1778375042,2837,3941.4960133974782,201.24545678923363
1778375042,2838,968.7352476958924,122.98455668600887
1778375042,2839,1417.3315615011772,184.15642507400338
1778375042,2840,1962.4026678565274,118.27611172560292
1778375042,2841,624.129122237963,222.11814548169454
1778375042,2842,639.3845419610022,202.15686330633775
1778375042,2843,969.1431396207232,123.10658938663931
1778375042,2844,536.5409913025994,179.4985612774543
1778375042,2845,495.4178795930822,199.25612119143244
1778375042,2846,273.1768444480726,100.58442687084036
1778375042,2847,769.0003791449988,178.62747895364132
1778375042,2848,757.8984926906946,225.9642973495366
1778375042,2849,475.5745892622075,195.71308344405446
1778375042,2850,1844.4618119628676,180.94451598390003
1778375042,2851,872.0408992050559,155.5316364330541
1778375042,2852,1004.5024176274565,164.04030437580377
1778375042,2853,1569.8437024235159,121.61403333116992
1778375042,2854,1801.741964553911,196.29678228941634
1778375042,2855,1674.9326140077574,147.61356649109263
1778375042,2856,310.5093671485539,165.38492210110616
1778375042,2857,947.8044199794662,131.5779835939057
1778375042,2858,763.4870289249019,215.53977893314234
1778375042,2859,475.43310724536786,150.5336389253168
1778375042,2860,890.0101050106374,120.38584974565592
1778375042,2861,1928.7871136110643,173.73240816433574
1778375042,2862,181.42293226197276,30.173273954918013
1778375042,2863,349.26334646848255,349.31584931080215
1778375042,2864,598.9619028844904,144.61624460350654
1778375042,2865,797.9071037219823,182.7104423647475
1778375042,2866,479.18057465558036,47.64740216232349
1778375042,2867,503.7977415278141,139.77274773775451
1778375042,2868,487.74681670406613,142.69827646313354
1778375042,2869,1038.8619172140145,162.57563353284175
1778375042,2870,1552.0015962604803,152.99480294057648
1778375042,2871,1309.0382367326208,107.46501050565688
1778375042,2872,421.29728313624946,306.4364324269605
1778375042,2873,823.7386293481619,147.73401552709518
1778375042,2874,1344.4325389888834,146.4437132982674
1778375042,2875,1605.0633350536548,115.57666749196102
1778375042,2876,228.9074972142328,131.3050225829399
1778375042,2877,560.584218099861,146.77718777462488
1778375042,2878,905.6377746208145,195.7642650399232
1778375042,2879,635.3031903659039,169.27907157336537
1778375042,2880,246.36245983276808,151.59588266794287
1778375042,2881,741.5647447046862,193.43272199965466
1778375042,2882,1077.9202432975228,159.71280842847392
1778375042,2883,410.1142254446166,195.91581085194804
1778375042,2884,889.1453335346984,116.27094201834879
1778375042,2885,302.9189408091615,217.54208627617237
1778375042,2886,346.5221943877861,249.65169667159813
1778375042,2887,3234.2755386816907,125.3853159631963
1778375042,2888,654.2346052841277,162.78773044478356
1778375042,2889,735.919653455556,150.48438995231672
1778375042,2890,3245.2744006271864,124.01941744087178
1778375042,2891,706.7025035951438,170.9823987393241
1778375042,2892,1100.5564446174837,117.00906779847992
1778375042,2893,430.2822241640073,187.90068660251745
1778375042,2894,577.8821911696162,51.47026011974741
1778375042,2895,944.5847951474242,184.00630051430167
1778375042,2896,724.4268222455194,163.17002896565694
1778375042,2897,208.99387475352944,30.9294203821211
1778375042,2898,813.5423035689764,160.8137597244633
1778375042,2899,323.4019582051349,155.50524861793593
1778375042,2900,736.294441933368,196.8395445219164
1778375042,2901,948.651414913064,201.73912939268146
1778375042,2902,3033.608754866125,110.31421399242522
1778375042,2903,738.3204253233332,131.90235127645047
1778375042,2904,667.7130624249513,189.05304951364369
1778375042,2905,1199.1415896005049,159.51610143512045
1778375042,2906,1766.0974704647374,110.47185553538336
1778375042,2907,766.412386974164,165.98372387615515
1778375042,2908,222.87043038242194,248.3583350859125
1778375042,2909,482.6550365693433,71.91300920266721
1778375042,2910,571.8497778562551,154.1227263628307
1778375042,2911,1360.158131276454,102.33611498578948
1778375042,2912,768.2750932813307,120.42439226234579
1778375042,2913,888.8829223449957,133.60006823582668
1778375042,2914,1244.2234151640941,123.0783051930993
1778375042,2915,447.7967853930385,180.55062336204577
1778375042,2916,419.56178640501764,183.8186622033354
1778375042,2917,1269.7389175894684,164.7060996282545
1778375042,2918,320.511509794406,145.92436543513514
1778375042,2919,913.9667530859664,172.5753446953159
1778375042,2920,1461.4258409720867,119.32648781790597
1778375042,2921,128.94489608713374,43.19759044832276
1778375042,2922,1140.250480637416,197.9010522032461
1778375042,2923,649.7384777480834,157.4874847868486
1778375042,2924,226.25952602840349,313.0308660068185
1778375042,2925,865.5420767173754,166.0375953359393
1778375042,2926,433.2620290677719,278.09739433733205
1778375042,2927,719.588985808254,52.612352047112985
1778375042,2928,3701.0255983509455,118.91917925370721
1778375042,2929,1189.0451201765936,116.29394431444317
1778375042,2930,1300.6543329923313,161.2688644314806
1778375042,2931,1188.5818541794374,145.70384193084024
1778375042,2932,308.61628778579023,29.664563327843553
1778375042,2933,1012.1784188190828,106.34077109530637
1778375042,2934,1312.1273634633656,110.78302855346308
1778375042,2935,513.3123350586606,178.64553695919884
1778375042,2936,714.0309209750924,165.52564398795784
1778375042,2937,620.6484559681096,169.31665810392983
1778375042,2938,317.290744304139,163.51496144680397
1778375042,2939,470.79035578129935,145.4920289788653
1778375042,2940,262.23097830774003,51.44669482126844
1778375042,2941,620.1189495041185,158.0019687458521
1778375042,2942,876.7172994472301,186.2812745856955
1778375042,2943,360.82143810126183,81.38744629416951
1778375042,2944,945.2176219931858,170.67169291345994
1778375042,2945,1555.601716264505,158.5976254989619
1778375042,2946,523.8653343984396,163.89182008569503
1778375042,2947,162.63374587491543,40.917042587464955
1778375042,2948,1621.1171296875166,127.9730280020336
1778375042,2949,981.5149704284963,89.1267537472951
1778375042,2950,411.4455301378222,160.0021283638872
1778375042,2951,737.4380065032432,173.10849858457587
1778375042,2952,796.6235149326416,131.03067172635744
1778375042,2953,684.6484200135836,154.39959909473652
1778375042,2954,448.0980564684917,221.4056583876661
1778375042,2955,1980.8210790479384,174.99264892256005
1778375042,2956,483.76981927336976,76.68603836297011
1778375042,2957,840.5313600187231,139.4658012344692
1778375042,2958,545.9137708173386,195.65456491411985
1778375042,2959,758.3661538310563,157.3621881766439
1778375042,2960,937.5764771753013,117.85135823633759
1778375042,2961,1000.951152692268,120.93639706878474
1778375042,2962,2546.6676830338574,118.26412277267056
1778375042,2963,3239.708206017174,113.19177205632329
1778375042,2964,628.8061672918187,156.5298047857896
1778375042,2965,344.4213096837943,126.93658520530803
1778375042,2966,1101.1957239849496,130.7122371059018
1778375042,2967,2267.8560947439055,121.85652050501425
1778375042,2968,1604.8262720747312,116.76717955719515
1778375042,2969,443.87039054340477,110.42351941080217
1778375042,2970,1231.9209772206214,133.79007611191946
1778375042,2971,2127.744145722842,144.03609259470727
1778375042,2972,1080.2220041016928,145.47128733702775
1778375042,2973,2434.1221803475387,116.10570795067972
1778375042,2974,877.6993510645243,181.96666045537398
1778375042,2975,476.2494772420323,206.9436106450749
1778375042,2976,1018.7877606027016,166.59454500703959
1778375042,2977,443.3555327759102,182.41532345727938
1778375042,2978,2415.6175900498506,146.94608045030094
1778375042,2979,781.6095259915853,191.0446509431906
1778375042,2980,314.4185804336994,100.18440329619145
1778375042,2981,1219.5096812320066,121.52308499508253
1778375042,2982,2316.378348950947,119.01386508369308
1778375042,2983,794.8783528169855,149.43139642503345
1778375042,2984,827.2640209303722,225.34870614462397
1778375042,2985,358.8834771585738,153.38395877457177
1778375042,2986,593.1818635582404,139.30968401017475
1778375042,2987,1259.8194755919856,124.9843078995752
1778375042,2988,542.9288208046124,163.63313777244835
1778375042,2989,1094.36333399414,187.99860979316293
1778375042,2990,648.5779446114954,140.45379157455972
1778375042,2991,1122.325415563365,130.51057810119968
1778375042,2992,315.6569778983051,160.4697007182048
1778375042,2993,1172.426790394735,117.86738538520157
1778375042,2994,242.31662755654824,93.04538154344434
1778375042,2995,505.8680866823702,188.7452703353838
1778375042,2996,569.0717194434246,195.66949281529156
1778375042,2997,721.4331477255843,179.73792203217397
1778375042,2998,364.8689246239669,189.83790579685805
1778375042,2999,481.55624953260235,138.48603939686092
1778375042,3000,1030.9033742360284,125.79713991797324
1778375042,3001,360.8766283868286,179.66187129778564
1778375042,3002,231.38271049057525,283.45317020128755
1778375042,3003,494.60529176593394,145.0102063534643
1778375042,3004,1864.6859253589382,178.2637816269881
1778375042,3005,459.5485730872511,147.1566915805084
1778375042,3006,299.5438273460989,56.941062762899044
1778375042,3007,1329.8165801949494,171.69925900327016
1778375042,3008,624.8195505693036,62.67948299596381
1778375042,3009,462.68302354773857,180.71370426281783
1778375042,3010,565.8978491792201,174.4870144166198
1778375042,3011,659.5507726524725,186.69707325639277
1778375042,3012,410.782047096807,192.20542008771753
1778375042,3013,926.8808609809557,183.99239334265965
1778375042,3014,297.2780753654885,247.93854726070927
1778375042,3015,915.1589195287605,166.9498778607071
1778375042,3016,288.1956003555206,84.04155692876795
1778375042,3017,353.1025929336953,187.8143392421152
1778375042,3018,1088.4800807179565,158.64842653276088
1778375042,3019,849.3445202651448,123.72630919253771
1778375042,3020,1499.3378077600364,118.13026761041226
1778375042,3021,574.5710921967287,184.89537463041484
1778375042,3022,431.8758282730937,95.18968307362262
1778375042,3023,327.5929843740355,330.9891706458391
1778375042,3024,605.202641670336,182.173461914806
1778375042,3025,532.6073387346395,155.66305250593695
1778375042,3026,1704.894719341158,144.49498690799342
1778375042,3027,308.19899406056163,217.01813049613332
1778375042,3028,1106.826993165621,170.87991797111536
1778375042,3029,4998.328831753529,99.26267608706142
1778375042,3030,592.9062962386935,205.9094311166196
1778375042,3031,663.7753538895503,92.1637020233528
1778375042,3032,185.24194722191527,97.82093645070525
1778375042,3033,378.6087172010183,88.38229144304724
1778375042,3034,1435.0708809860805,131.5299985080321
1778375042,3035,195.7656179314659,24.41830677224653
1778375042,3036,980.386255741966,170.54847478353432
1778375042,3037,360.1146566303494,196.77736559219207
1778375042,3038,518.2626528335829,159.72439243415084
1778375042,3039,339.4107953407194,212.6041357786998
1778375042,3040,348.56314231791174,198.16131683292548
1778375042,3041,1656.6538612309478,112.8237599157533
1778375042,3042,237.30179650393862,280.24597249221483
1778375042,3043,570.1844244414324,178.11245286475344
1778375042,3044,361.1950294596531,172.0800908038788
1778375042,3045,441.10726382348594,162.35016679846754
1778375042,3046,1065.133057549907,161.03525315086668
1778375042,3047,1021.1996845463976,136.36471205721935
1778375042,3048,447.72139459356737,188.63347541881464
1778375042,3049,498.3700878828132,178.06547764236888
1778375042,3050,1001.5009196470363,185.55767750580048
1778375042,3051,1155.5403867771204,183.07900572835774
1778375042,3052,1604.0238076471076,112.11132014612774
1778375042,3053,378.71275123379036,184.73712853467123
1778375042,3054,1918.2528446338217,172.35598951221
1778375042,3055,777.2621677011538,183.5532332569173
1778375042,3056,1368.1233485978144,124.50870219820698
1778375042,3057,852.4569878631844,169.02225156734835
1778375042,3058,388.6661547250309,180.5362135650547
1778375042,3059,499.1866219717319,150.55548864890363
1778375042,3060,1130.1312434401993,172.20232370610458
1778375042,3061,554.5896140239314,155.9529870446174
1778375042,3062,919.9183819842423,191.262228411631
1778375042,3063,444.0875325684852,193.31493408861039
1778375042,3064,524.2693587355847,134.11056965769396
1778375042,3065,1269.529349690092,145.95064058230548
1778375042,3066,407.41870918761316,129.32727504403638
1778375042,3067,958.1326458039385,223.82798320262853
1778375042,3068,766.8283699125315,187.18535985038096
1778375042,3069,1281.622866216727,192.59662001511325
1778375042,3070,1492.9081509141529,111.49407132155507
1778375042,3071,318.97730667301164,294.9777263396271
1778375042,3072,944.3608126134715,127.19810772763074
1778375042,3073,773.3308469615428,201.00691437757402
1778375042,3074,1465.0518041298267,120.80547575414803
1778375042,3075,1919.1205297251697,153.8968429074996
1778375042,3076,270.44079077907116,310.1015326694392
1778375042,3077,1382.7513459681977,179.06196685499518
1778375042,3078,491.04406596647965,160.68416451082373
1778375042,3079,1781.2717273771698,163.11265865204246
1778375042,3080,3393.4227815595623,112.87786284854774
1778375042,3081,697.2497230225009,189.28553187125337
1778375042,3082,1534.367336367032,144.92602364708893
1778375042,3083,1237.406661281581,128.68301075042527
1778375042,3084,800.4231257349276,212.07277359878495
1778375042,3085,527.1205107694785,192.0535016476954
1778375042,3086,1123.4453009795545,151.1491743040399
1778375042,3087,364.9006083226973,179.91640372248608
1778375042,3088,1678.7783331376688,127.99417255677773
1778375042,3089,619.2445728895167,178.85601462271845
1778375042,3090,1165.739051137883,208.58086022910635
1778375042,3091,670.23077254889,152.38892697730867
1778375042,3092,661.6236176973448,148.4228631056451
1778375042,3093,4101.095855779673,113.48104491867285
1778375042,3094,702.5011204700842,209.2695585360053
1778375042,3095,444.5719070069339,145.3622736130225
1778375042,3096,1236.1932375438653,121.4246392806401
1778375042,3097,719.0722273878721,171.14958664235303
1778375042,3098,825.2955475546098,159.90037301772068
1778375042,3099,412.0297990260032,179.19187715231644
1778375042,3100,1659.3106237239267,122.73652398866368
1778375042,3101,1315.7003414982696,135.22593371996317
1778375042,3102,1116.716947620494,137.35536787783107
1778375042,3103,397.0212834103959,58.88594799078497
1778375042,3104,734.8734047257315,155.32995451172528
1778375042,3105,223.72933680732984,357.6421588047571
1778375042,3106,420.32669640364867,48.26551539450011
1778375042,3107,1329.615277802496,145.07512081587063
1778375042,3108,1014.8795956659301,152.48307008039168
1778375042,3109,505.2570249492425,194.44634468586372
1778375042,3110,208.87188235632163,293.1725142714539
1778375042,3111,565.7144174390437,196.406270038005
1778375042,3112,902.2482045827163,192.99094998166174
1778375042,3113,1260.525553503023,154.2533003579229
1778375042,3114,136.55447826749398,48.26496324055931
1778375042,3115,1251.8906913538679,217.2493336039619
1778375042,3116,874.1064355943128,188.74181306165497
1778375042,3117,820.5894959966272,134.40551132040878
1778375042,3118,1609.9443894846231,154.58643467742775
1778375042,3119,605.8509451793942,242.11230715969234
1778375042,3120,864.9371181884161,138.33244550281063
1778375042,3121,1267.8064057119943,198.08472314630583
1778375042,3122,263.83879203701247,373.77775193295577
1778375042,3123,1087.5208521693646,134.34865083964192
1778375042,3124,1982.256542803235,117.14028325546599
1778375042,3125,991.4718090307956,173.08833167851208
1778375042,3126,1225.9740115670813,143.36367498644563
1778375042,3127,1543.6611954211505,119.08528169583515
1778375042,3128,875.1602780788508,142.25605527860395
1778375042,3129,1628.292141327348,133.48997560814564
1778375042,3130,1110.2386903293439,170.45590154873224
1778375042,3131,1013.6355298258052,126.50643541344228
1778375042,3132,437.18887274930023,194.3806866005063
1778375042,3133,1628.4478087583743,169.36832224168262
1778375042,3134,963.5622587262694,161.25192538878926
1778375042,3135,497.7473548786335,200.97831477619314
1778375042,3136,814.9049101746604,164.79961645374757
1778375042,3137,628.6181217506668,29.170029773963883
1778375042,3138,351.811447633476,37.043045995883006
1778375042,3139,1037.0955219865136,145.81663084464194
1778375042,3140,259.2323616111765,50.75608345859731
1778375042,3141,529.9173503205673,212.5657829499534
1778375042,3142,666.9800180231636,183.4979446501228
1778375042,3143,2158.9068864928054,120.05799611266094
1778375042,3144,827.8030721896693,179.00596696737617
1778375042,3145,638.238870708473,192.1677467830262
1778375042,3146,759.7899117275292,178.46030502125913
1778375042,3147,834.6713137424572,199.00721446218412
1778375042,3148,1098.5580464447119,157.76830039355545
1778375042,3149,1508.8207292388438,160.35348704902748
1778375042,3150,2230.6557305164006,118.56367693552635
1778375042,3151,317.4931214939334,161.57854248149138
1778375042,3152,527.6158545410777,156.886614666716
1778375042,3153,670.9742478174453,198.90359769699336
1778375042,3154,1043.441523776189,111.96234539738364
1778375042,3155,237.67532500981554,151.73441369669806
1778375042,3156,461.1222883244441,50.733750455391714
1778375042,3157,1096.7781977073348,163.44290921348465
1778375042,3158,864.4296838354896,212.8279319123559
1778375042,3159,1142.3842084159542,115.6513486244339
1778375042,3160,505.4245424555412,89.41172299767713
1778375042,3161,1702.026418505067,128.33300139248627
1778375042,3162,1460.6432883481043,147.4770175671178
1778375042,3163,1303.7054013904517,167.48098093585008
1778375042,3164,374.37661680217224,181.64307935150043
1778375042,3165,530.9310456104383,153.79664151034257
1778375042,3166,620.2070923777312,173.4753374942674
1778375042,3167,260.0039177367533,35.0527035557055
1778375042,3168,1705.3468335348625,115.37282319552983
1778375042,3169,1003.6926054537585,121.43157628142174
1778375042,3170,882.971254425814,161.9056508349579
1778375042,3171,632.6960794604075,159.67059461288878
1778375042,3172,306.13071683977705,296.22317136858345
1778375042,3173,529.7654026804751,174.06945428416068
1778375042,3174,1161.0929591507252,117.83113417025851
1778375042,3175,634.4440615674347,191.28697944703887
1778375042,3176,1703.8444343586125,139.9323569376078
1778375042,3177,1136.9869679735514,150.44299613699275
1778375042,3178,1028.2607018342314,190.52991049828708
1778375042,3179,350.0809366540758,185.64195285821583
1778375042,3180,1251.850540867375,134.07129385252358
1778375042,3181,284.5813584867652,124.94621707775231
1778375042,3182,1075.7378439574338,173.82534856278818
1778375042,3183,1613.1183997196397,127.19866356874569
1778375042,3184,320.3006151685608,156.2034077796865
1778375042,3185,463.1897367616174,150.3018674527454
1778375042,3186,2837.3817680706775,138.36080189143217
1778375042,3187,721.9324685691521,185.31959346968037
1778375042,3188,1632.8415487881173,125.19107911114507
1778375042,3189,1438.8033738882223,177.89436342945714
1778375042,3190,576.0106995693948,182.60120549175272
1778375042,3191,752.5321069172124,169.24716172722287
1778375042,3192,894.5254717096035,137.1311878957389
1778375042,3193,1559.2117886203218,104.63398679564311
1778375042,3194,229.07888188989855,17.14025432362636
1778375042,3195,550.2403258368619,162.32623514509456
1778375042,3196,1118.596530235405,180.66464043987804
1778375042,3197,1770.4229984379633,144.00814749145567
1778375042,3198,750.9488107127085,174.5109144256494
1778375042,3199,832.2791872745298,395.6973893602155
1778375042,3200,267.42089597039904,165.7210158014185
1778375042,3201,1746.5543232924908,132.79577735763408
1778375042,3202,1392.3951164296332,156.34075915361592
1778375042,3203,721.8579996867671,165.75473392144795
1778375042,3204,435.6843003660104,147.38990479798903
1778375042,3205,189.3626320820079,53.60257460933807
1778375042,3206,532.9908956734223,192.65094349988084
1778375042,3207,2187.841080320398,109.46672038293245
1778375042,3208,739.972631050158,345.4229850682752
1778375042,3209,761.7559863602752,203.67196275594537
1778375042,3210,558.3497669758233,252.57257022185314
1778375042,3211,847.530888477411,174.579776475734
1778375042,3212,401.32374357946117,148.40414048076906
1778375042,3213,1569.6649052099117,120.06868758094991
1778375042,3214,1190.030929936466,108.03516876875008
1778375042,3215,1128.0031767305534,146.48501081618872
1778375042,3216,1225.6862427756967,170.9812469781102
1778375042,3217,930.6640077057855,122.99124118173448
1778375042,3218,1337.1386449488766,173.67926253626788
1778375042,3219,468.2141303682117,109.37804895313172
1778375042,3220,755.501820320159,109.83111081017428
1778375042,3221,786.3952769174759,115.13624343946314
1778375042,3222,130.79629142391366,41.36566316482748
1778375042,3223,714.3511249544708,180.42946134205454
1778375042,3224,368.6317098795126,148.30957896772964
1778375042,3225,855.9151601105926,188.0259053330816
1778375042,3226,1144.2748780358713,108.33812799082826
1778375042,3227,846.9877380445865,127.18961740331162
1778375042,3228,402.3549509261308,194.49239574393934
1778375042,3229,669.7685176154392,306.0920272325201
1778375042,3230,871.1717198727298,125.59694562017404
1778375042,3231,1649.9100721453165,107.22010259738688
1778375042,3232,1193.4189564796436,162.50259141951935
1778375042,3233,1086.454441269455,100.37726331439585
1778375042,3234,1295.187942609935,188.44531445294416
1778375042,3235,316.4619974699224,34.521632605617604
1778375042,3236,1121.6741278740033,107.94365605268251
1778375042,3237,1278.0131626468842,125.2619325571212
1778375042,3238,403.109056402617,182.40208325847968
1778375042,3239,302.43537258839586,177.57592081384834
1778375042,3240,1067.6575288752458,156.6515028462429
1778375042,3241,576.6515021657909,198.96389811564336
1778375042,3242,242.27417655349362,312.9268849743485
1778375042,3243,975.1744524260541,126.28084547943797
1778375042,3244,1944.2515722613139,58.830551900592766
1778375042,3245,2180.594463358899,84.51316430511318
1778375042,3246,790.6717851207611,326.1164953961029
1778375042,3247,1851.5307346463467,160.64913568631368
1778375042,3248,269.9869788637443,64.46938838805434
1778375042,3249,2167.5417622148084,88.68844748869535
1778375042,3250,1351.1035727024273,168.9147617520402
1778375042,3251,929.3065080255041,25.749972250965328
1778375042,3252,658.8094299433681,184.03045679772376
1778375042,3253,969.5290555159518,176.60715074430212
1778375042,3254,272.76338475526256,310.24109210476416
1778375042,3255,741.2162605226493,169.19842099864923
1778375042,3256,355.4066213012442,357.1074169410778
1778375042,3257,950.1957321306089,129.18260145499232
1778375042,3258,435.75564265117174,133.09414316541793
1778375042,3259,440.4456668139789,155.02949626227152
1778375042,3260,876.2016892419816,163.1679168115775
1778375042,3261,410.7835083501584,156.11510645738176
1778375042,3262,542.58324468186,119.5744380993952
1778375042,3263,381.7679166908164,184.03206527659842
1778375042,3264,420.4189759887661,144.47959949840833
1778375042,3265,564.7287734773157,251.14170625182373
1778375042,3266,454.20127981998974,57.62097497675716
1778375042,3267,464.57345719639846,282.71221670386376
1778375042,3268,615.3181537492788,160.24516408186622
1778375042,3269,751.1750940743347,290.369816840683
1778375042,3270,911.9292194376728,111.47404846894732
1778375042,3271,748.4411986623727,137.3535465709322
1778375042,3272,430.0104940895581,44.64061362353304
1778375042,3273,717.5782718278176,147.48860581156293
1778375042,3274,489.71919753396776,53.657492179231824
1778375042,3275,838.8439548420256,163.29481976236747
1778375042,3276,973.3484032620311,156.8458348284452
1778375042,3277,778.7117591463709,186.54629388868716
1778375042,3278,815.6573907777657,131.28303346804455
1778375042,3279,2863.10043083145,95.87976420271238
1778375042,3280,375.6421448384522,162.37669074310872
1778375042,3281,1649.2631098664046,127.01797693592229
1778375042,3282,418.3878073521418,102.7404020967711
1778375042,3283,426.4144215317312,154.92447996587222
1778375042,3284,471.02011859023963,117.46735083863604
1778375042,3285,334.79769854009817,15.148751500191175
1778375042,3286,214.27017200760713,106.54996661178885
1778375042,3287,1149.809270482363,145.47261492182437
1778375042,3288,284.47808042346503,173.1466430717996
1778375042,3289,151.83338682515347,96.61993224390712
1778375042,3290,2000.8756147034985,144.09549364774753
1778375042,3291,964.0521731053781,59.16167918818322
1778375042,3292,207.63125552277722,114.83527962854232
1778375042,3293,1225.3570297269155,180.98667030511683
1778375042,3294,1235.8673547627359,182.4085793062252
1778375042,3295,4183.047998748695,106.31607426908464
1778375042,3296,313.27806448189943,156.27092934669034
1778375042,3297,1452.808570974708,131.45520192007137
1778375042,3298,372.60101685584476,169.51506147922007
1778375042,3299,369.85465796060953,141.32496222679774
1778375042,3300,428.62328766806434,281.45570389117574
1778375042,3301,507.10591128128425,194.03130920486925
1778375042,3302,482.45439713631896,308.95179922135725
1778375042,3303,2566.927119297883,112.49910052633906
1778375042,3304,775.9992125020566,197.53533532925502
1778375042,3305,540.0998842111973,57.73436370817403
1778375042,3306,248.56077028591667,214.54040386695948
1778375042,3307,343.49254188204446,85.30511655127388
1778375042,3308,1760.027015334851,95.06113445838707
1778375042,3309,3452.2585686566276,114.18057921635537
1778375042,3310,3632.788481341629,137.8053767688142
1778375042,3311,513.1551638186104,196.67143683720175
1778375042,3312,1664.3978785886327,139.22022288034074
1778375042,3313,426.61751392226324,100.96836189646699
1778375042,3314,601.872429360453,91.54620157392809
1778375042,3315,1287.5465896519,117.94050070859419
1778375042,3316,1359.4452734248457,102.14298413587514
1778375042,3317,1810.8149586553773,106.63232009430595
1778375042,3318,154.07206846574272,44.93294343941209
1778375042,3319,407.54992734830836,171.21314617370894
1778375042,3320,689.007634074545,265.4203630668695
1778375042,3321,1819.0471634338526,157.75898920524202
1778375042,3322,724.7193912134485,161.84834108956645
1778375042,3323,2247.366049982539,116.79225290888353
1778375042,3324,1241.1397461676413,148.09774555338862
1778375042,3325,451.99067154657166,232.44763904268984
1778375042,3326,799.7028837221895,333.5884621700904
1778375042,3327,189.80332053267327,36.45167694765879
1778375042,3328,708.9835429416651,210.34868754345925
1778375042,3329,1231.2194703463008,169.03457333557822
1778375042,3330,1235.1445608837187,160.23108733094963
1778375042,3331,742.2404311602071,143.1105601455273
1778375042,3332,421.97940480126573,181.19011564304392
1778375042,3333,526.8625443501577,208.13445109704668
1778375042,3334,1549.5850858783176,137.45889803131845
1778375042,3335,208.77572724881125,308.91773238279455
1778375042,3336,1081.3829599212795,77.00847164909172
1778375042,3337,1640.565585804695,114.71027513019183
1778375042,3338,922.3340790817077,176.3529319080033
1778375042,3339,1056.2364360123167,198.04683782270143
1778375042,3340,773.4907708091374,175.1960112352011
1778375042,3341,1092.6425238092986,179.8071752769439
1778375042,3342,703.5364691839501,214.13342548212609
1778375042,3343,253.46215425555508,123.02166056474198
1778375042,3344,1763.1860925921076,40.62342360678861
1778375042,3345,820.9330763846314,113.6777120445716
1778375042,3346,1103.8107606960548,130.57873927577842
1778375042,3347,1019.5564989639726,57.962332133166655
1778375042,3348,170.78428714520234,89.53713046281764
1778375042,3349,1372.6710412252355,171.8227255712188
1778375042,3350,1354.3158481557036,163.69093787517642
1778375042,3351,1023.1018196752372,117.31647526822412
1778375042,3352,1420.77535918454,136.04110700860167
1778375042,3353,1041.4942780363913,130.25236092268534
1778375042,3354,321.7712628438953,199.7098040953977
1778375042,3355,1587.1067586399442,141.0828871134111
1778375042,3356,381.5976752470408,138.5834405586137
1778375042,3357,537.8461740537838,160.21858640788932
1778375042,3358,246.1143497348512,276.3132102881346
1778375042,3359,341.83828115030656,218.36853810945337
1778375042,3360,736.3721319957357,51.765326253782064
1778375042,3361,835.4041759213854,169.3265672339895
1778375042,3362,428.61018402054293,172.51379647681077
1778375042,3363,1613.1756540601268,160.7503430616186
1778375042,3364,1125.940483324571,205.25113388285345
1778375042,3365,1609.6309250912702,229.77600156894871
1778375042,3366,535.400702108255,323.27312756412897
1778375042,3367,1505.6518929157778,32.452161344466965
1778375042,3368,2245.0093379081413,105.79756340189313
1778375042,3369,951.9486234151635,195.28956226782455
1778375042,3370,565.4916839739642,197.0052609926972
1778375042,3371,825.495833690736,223.61781441386594
1778375042,3372,667.3244572073484,92.23264015106255
1778375042,3373,1303.6991488331887,114.12999755403264
1778375042,3374,2359.036030472145,42.154805414508616
1778375042,3375,1543.5927320843784,160.7907778251707
1778375042,3376,891.93843356201,204.4859695091661
1778375042,3377,755.4953138226256,137.7635708452394
1778375042,3378,288.6756690782012,173.92203422004172
1778375042,3379,414.1385844079421,89.43368545649754
1778375042,3380,623.6454419091689,211.46887826088047
1778375042,3381,796.8668776142589,208.4677699808582
1778375042,3382,615.4499937563824,230.9349137875404
1778375042,3383,521.4304273530612,228.88018068611063
1778375042,3384,1158.5085221728764,132.4266508153716
1778375042,3385,979.2399657765683,159.61056862880838
1778375042,3386,3127.376207861967,181.5183706603172
1778375042,3387,772.4515620365247,169.74986922825502
1778375042,3388,306.9213562985522,163.76187596686358
1778375042,3389,940.5454595586185,102.1538592252559
1778375042,3390,551.5124519936767,222.43876695375783
1778375042,3391,1013.0256563282055,206.27333399542664
1778375042,3392,921.910698037057,186.24894687524997
1778375042,3393,1216.445339146541,74.67256172273183
1778375042,3394,2668.6194071573263,61.78839736600883
1778375042,3395,289.5910571218778,54.43655592549728
1778375042,3396,557.6444762272356,175.13261717903816
1778375042,3397,585.9389967510521,186.21215110351756
1778375042,3398,515.1256072184424,191.18871921463708
1778375042,3399,460.54597080202075,42.87218526668212
1778375042,3400,957.2717910244753,161.80264286568698
1778375042,3401,1646.3228893233636,141.29872234848781
1778375042,3402,401.05641021415084,205.48172749985088
1778375042,3403,1615.197469926268,155.66457889962376
1778375042,3404,887.8406892422441,190.02713767383565
1778375042,3405,379.3103782459982,54.75295685378307
1778375042,3406,786.1191770948739,214.85199301400553
1778375042,3407,2606.6159887550566,115.93304119988758
1778375042,3408,788.8931103574841,154.51257433764587
1778375042,3409,625.5512099347874,198.3684047983735
1778375042,3410,1023.2312131209324,120.7775629629888
1778375042,3411,1260.8704429949248,165.19782900939833
1778375042,3412,1126.4440174293857,105.75332658952327
1778375042,3413,1417.7970399345606,95.04084262410804
1778375042,3414,403.23978264061856,113.06388875753647
1778375042,3415,3340.273019763987,120.22568799948208
1778375042,3416,1058.7385998505285,139.08355741587982
1778375042,3417,1640.6130073147133,139.6452724082917
1778375042,3418,1908.7490434579317,112.49847305377803
1778375042,3419,1616.7303658397814,92.14188094825666
1778375042,3420,689.1288299573675,300.3831151265773
1778375042,3421,1241.8835200291524,112.14194530527449
1778375042,3422,1341.2217863842038,160.2697850278541
1778375042,3423,566.9207145968489,180.19864640313423
1778375042,3424,443.78983138492424,48.460446373386866
1778375042,3425,504.16701176843617,104.06364661073926
1778375042,3426,2400.7089083222013,142.70538279089857
1778375042,3427,369.9994624475729,303.07856651199126
1778375042,3428,338.78875672177173,167.43509447818926
1778375042,3429,654.5869592649692,100.42859254739638
1778375042,3430,665.3794086456356,130.1785531742881
1778375042,3431,477.6768677871781,103.76358638314167
1778375042,3432,481.2106341076447,140.39618687744834
1778375042,3433,1062.40801494101,123.61920800889642
1778375042,3434,516.8911648391169,128.85602265118504
1778375042,3435,1119.3788915239006,195.6197571846399
1778375042,3436,768.3759937368185,114.07408104385745
1778375042,3437,1500.6857958648172,123.0995745406898
1778375042,3438,449.3919933885616,169.58425207702126
1778375042,3439,1582.344904840121,143.5240991463137
1778375042,3440,493.1114462670786,164.26540386404906
1778375042,3441,599.1187045479409,184.1050208578631
1778375042,3442,650.5000917199802,128.00166456013002
1778375042,3443,386.1128025576272,147.61542165080775
1778375042,3444,1042.3504231647653,187.3488877014741
1778375042,3445,372.52334768959804,130.08067106920896
1778375042,3446,912.3692512448162,110.61135724704974
1778375042,3447,304.35384989337734,301.7237503720119
1778375042,3448,244.6834551690308,70.05230275899925
1778375042,3449,1177.179666690906,185.5057117263284
1778375042,3450,1208.0084385618886,117.3536154804441
1778375042,3451,316.49904257727917,166.1984195717901
1778375042,3452,761.8238111057848,137.77916722089154
1778375042,3453,869.4498767335299,72.88873982067545
1778375042,3454,2656.849014636416,161.2500257745859
1778375042,3455,943.5763215707781,208.34887978380416
1778375042,3456,481.5301169259666,146.24759116931602
1778375042,3457,753.2789373360253,153.83309622183626
1778375042,3458,755.31786438473,61.56075959384391
1778375042,3459,718.0771515402076,157.05831230116004
1778375042,3460,1451.4227477166185,138.35116007635884
1778375042,3461,1654.5147402050525,114.66253709286747
1778375042,3462,562.868480666268,169.44067883216513
1778375042,3463,1969.7900917282566,147.24358940016367
1778375042,3464,964.9419032172352,97.76364109942688
1778375042,3465,317.30544568966604,121.82812865032324
1778375042,3466,507.0816515507463,27.132247357892947
1778375042,3467,976.8245304286091,133.80625159479177
1778375042,3468,1035.199262778908,185.26517726000793
1778375042,3469,1816.1479509007925,104.88881707902935
1778375042,3470,364.9480231142384,85.60312658689064
1778375042,3471,746.6958811541436,211.81003227462367
1778375042,3472,1390.341075372439,131.38952293930515
1778375042,3473,921.0013055556751,186.41875577998383
1778375042,3474,541.2327966781866,126.26738188955956
1778375042,3475,840.2875523590594,77.00765686709119
1778375042,3476,2324.223735565138,148.60986955020064
1778375042,3477,803.1625886440164,168.43113281444315
1778375042,3478,1942.139203637109,86.8628305765255
1778375042,3479,956.7423054144067,118.4990107944152
1778375042,3480,721.282833537316,37.71454043724648
1778375042,3481,258.55396204715794,302.58099771484825
1778375042,3482,1269.1260658716,139.07544866546678
1778375042,3483,727.1292297621993,104.97143216159027
1778375042,3484,1079.3698583679402,142.03685737621183
1778375042,3485,220.0020845699355,67.95048789380083
1778375042,3486,4053.756076085647,123.45881167949989
1778375042,3487,810.4684951821148,84.6419499235276
1778375042,3488,629.2476768991429,120.02745300322941
1778375042,3489,729.1445530413212,83.06365348007343
1778375042,3490,1301.6887112850447,165.90897596356203
1778375042,3491,1272.9316641998967,167.98849464292866
1778375042,3492,2622.685527236549,108.55563480853665
1778375042,3493,709.741747149908,194.29906319078165
1778375042,3494,1284.8595508609458,128.0936823832501
1778375042,3495,895.496503280735,127.26258552679298
1778375042,3496,451.0478702494595,199.34347815427813
1778375042,3497,756.3741411247843,177.2945312812345
1778375042,3498,1024.1219645628485,152.7301890731487
1778375042,3499,482.01515200668615,50.61383478909148
1778375042,3500,3706.052762064292,137.1747408957083
1778375042,3501,492.2272642315061,168.43152438551067
1778375042,3502,468.1368506599047,160.69373031749888
1778375042,3503,433.17270081674667,85.59796856227489
1778375042,3504,863.429301099964,160.50240015058768
1778375042,3505,1479.6243625839688,163.59919736822434
1778375042,3506,298.3162907521732,26.966376047895302
1778375042,3507,476.7664827437589,179.58405710225978
1778375042,3508,304.6078926770591,197.1760216872223
1778375042,3509,301.7756198943968,130.76278369040645
1778375042,3510,320.87245466790887,183.44850773498027
1778375042,3511,1214.9507005559833,167.260209630726
1778375042,3512,1506.4553178585988,120.74354446449468
1778375042,3513,683.6752843238971,144.28380394903064
1778375042,3514,659.1656667431882,185.48679618176894
1778375042,3515,980.4560117171334,190.37312863091682
1778375042,3516,1278.5229759436725,147.94099974855084
1778375042,3517,1034.3122677879908,159.5725495140027
1778375042,3518,1148.5813906391907,169.2018534412853
1778375042,3519,1510.8331653643343,194.1247631633237
1778375042,3520,955.1325323544619,150.82126677123475
1778375042,3521,1556.4724482543468,112.31740574505986
1778375042,3522,339.380557169724,208.37709508072908
1778375042,3523,281.7041070916078,29.398013223261394
1778375042,3524,1568.3136507604613,176.44407361371543
1778375042,3525,1479.252682170301,155.461877861443
1778375042,3526,778.375695744471,170.26056330934443
1778375042,3527,828.9680275726237,171.4585717989957
1778375042,3528,1250.1461044187847,117.34809650536324
1778375042,3529,823.4548592251192,180.01880768907728
1778375042,3530,1826.7536729997505,163.58291176163218
1778375042,3531,388.43450898462135,28.824052500857146
1778375042,3532,1299.7563442684052,216.42576098920298
1778375042,3533,248.1546882206662,176.8923145344825
1778375042,3534,1151.8533821055994,126.76879657982816
1778375042,3535,786.3767726167679,123.17986371627958
1778375042,3536,789.5504773546701,149.51836588227678
1778375042,3537,1567.0084665440002,144.5807447311356
1778375042,3538,840.95388287956,116.7749275898426
1778375042,3539,1694.012296867306,162.02712705053708
1778375042,3540,653.866385232467,220.36891255894116
1778375042,3541,408.60366795064687,179.2739094586868
1778375042,3542,2521.0194058643124,118.52222641539099
1778375042,3543,1059.5705734878434,113.95840769718362
1778375042,3544,934.5405144981748,146.19827380408134
1778375042,3545,577.4413525920288,170.8223774499824
1778375042,3546,1398.6329846349022,181.36584648457475
1778375042,3547,649.8084199930632,81.10589592057894
1778375042,3548,1714.8283397508344,153.62834773030627
1778375042,3549,2107.9020421389405,112.405815330132
1778375042,3550,290.4276491449331,222.6460397697608
1778375042,3551,398.9885988478811,308.08594207441286
1778375042,3552,1570.3996255062373,75.96339230129404
1778375042,3553,147.00904412500435,132.9603209859356
1778375042,3554,525.2549720095986,189.6568135851921
1778375042,3555,1992.6552858439818,211.33054714340054
1778375042,3556,1192.9530754254563,39.67756919115227
1778375042,3557,567.3066330720992,23.825048181907114
1778375042,3558,609.669699943111,164.25698491448827
1778375042,3559,1845.0273791528673,102.697815746435
1778375042,3560,377.7291229778602,116.3250024525781
1778375042,3561,369.9853890564137,152.03499916520988
1778375042,3562,579.7570752961688,187.06703981836148
1778375042,3563,287.30349307702966,177.52184536266145
1778375042,3564,448.62582311842584,204.0919565627949
1778375042,3565,302.77668537194813,121.51835091216591
1778375042,3566,545.8896499279325,179.00709613132355
1778375042,3567,370.06109456769616,183.53646373060863
1778375042,3568,2966.9991295967866,40.337017814323275
1778375042,3569,4314.234716337877,121.00682464359427
1778375042,3570,801.9162108600683,146.07379172120386
1778375042,3571,348.98070746694845,102.83519395891481
1778375042,3572,929.5003983529343,106.80298107477047
1778375042,3573,1111.153038571547,83.39055541897635
1778375042,3574,1187.1478281090979,121.66694127340597
1778375042,3575,1045.8326065997687,177.64316157598205
1778375042,3576,450.77848824199975,194.0400366196397
1778375042,3577,1163.8557608154752,152.14283639419511
1778375042,3578,1433.5265361923753,107.87182055481748
1778375042,3579,2465.0679280097406,93.85642832661703
1778375042,3580,436.04898374048497,118.13592205809218
1778375042,3581,1140.8790861629077,142.01468142865005
1778375042,3582,403.4264672394431,127.02358676835948
1778375042,3583,1580.4933712634263,143.2517390012442
1778375042,3584,912.9846814509526,139.45145167041824
1778375042,3585,509.45528459307326,320.05048450291395
1778375042,3586,359.60578039925923,206.909114922247
1778375042,3587,511.8520193408799,129.97465998730368
1778375042,3588,931.0669588370915,243.57788685581158
1778375042,3589,653.530253821582,194.37547893055557
1778375042,3590,1175.1316537512691,139.5977095731695
1778375042,3591,124.14336233413506,40.136867861369566
1778375042,3592,498.61232898264143,66.43835057453074
1778375042,3593,2673.7572125500415,100.78925493395415
1778375042,3594,240.69429495174046,292.24547585232324
1778375042,3595,511.1586208727191,188.07203107767424
1778375042,3596,722.4597128382135,190.52710021009065
1778375042,3597,517.606342087308,226.28746684269623
1778375042,3598,1089.4399394300574,127.45555456872023
1778375042,3599,362.96994898075917,230.6748261883966
1778375042,3600,377.6848398769502,97.49644964034734
1778375042,3601,306.4157695580379,77.23307611662716
1778375042,3602,484.7215034889821,161.72153236212768
1778375042,3603,1882.9015725662894,148.83404235793984
1778375042,3604,1800.8966940474186,157.25879738707607
1778375042,3605,322.2810508840025,274.3911902135983
1778375042,3606,485.89168611628577,168.68280310959432
1778375042,3607,1202.922505439457,70.30561714605514
1778375042,3608,2050.540694903898,180.4014365345411
1778375042,3609,1269.3743530835181,129.495507420296
1778375042,3610,1015.1775678305145,309.05213321279894
1778375042,3611,1360.4412503813348,165.8156132721596
1778375042,3612,1033.376166779693,165.2749894281357
1778375042,3613,367.25625816169793,182.48761327577446
1778375042,3614,1299.43219075961,148.49726543793813
1778375042,3615,900.6431558849305,131.16288731830807
1778375042,3616,1389.642159076398,170.79178941604982
1778375042,3617,1818.009352953477,143.9446376698719
1778375042,3618,958.9052907808953,284.29402579324073
1778375042,3619,825.2000648456478,165.83098029259395
1778375042,3620,879.3994238814461,132.75955258105063
1778375042,3621,837.2112801821758,151.4027698242453
1778375042,3622,164.64998839148913,74.59711571191347
1778375042,3623,336.31727085830056,221.7673181934454
1778375042,3624,714.266570019171,214.94472004411702
1778375042,3625,261.60000425512965,316.6640553285183
1778375042,3626,528.746580665655,219.87047003764226
1778375042,3627,2042.5977162109582,146.72738518378998
1778375042,3628,589.9727581084983,210.02971841383757
1778375042,3629,33839.6849925783,359.38726738773
1778375042,3630,554.8765120407388,226.44761963574078
1778375042,3631,387.129347672542,205.77593287845667
1778375042,3632,330.3133183931836,308.298097135575
1778375042,3633,1267.8504166639914,156.44825605478803
1778375042,3634,561.5057679445981,231.6293041067901
1778375042,3635,809.216150005932,312.1993781074376
1778375042,3636,713.6314258617408,204.78677368683742
1778375042,3637,2221.2581634365756,132.75080261028972
1778375042,3638,649.6786556814264,151.31062119498785
1778375042,3639,552.9500429282426,196.21265563853132
1778375042,3640,1301.1978478169924,201.4942532580545
1778375042,3641,138.57767537051149,35.086785659076
1778375042,3642,486.55801402247357,285.94338438768807
1778375042,3643,520.4662049093453,152.95942582849995
1778375042,3644,884.1709668049838,159.7782808801191
1778375042,3645,1141.0573853241826,62.533534521809926
1778375042,3646,907.8263564985199,139.7103145845125
1778375042,3647,691.4316617140731,329.5775784418069
1778375042,3648,1324.56305908023,106.43237441618624
1778375042,3649,480.2885992324935,203.67659458161071
1778375042,3650,1190.9823733001845,138.43524710646582
1778375042,3651,555.6815461014876,219.59662085069598
1778375042,3652,215.09236846316728,218.58817667680924
1778375042,3653,1898.0731987687989,81.44714785258196
1778375042,3654,800.6852402755765,202.29409109111737
1778375042,3655,728.5475395078229,234.8065323026539
1778375042,3656,254.9432339448204,220.0620499871102
1778375042,3657,798.4483875626923,143.2128755842754
1778375042,3658,963.2245943290893,159.1564956401223
1778375042,3659,323.8327249123182,28.338154109102543
1778375042,3660,1459.1873111814314,142.5263670608884
1778375042,3661,993.2299990855599,132.45387381223182
1778375042,3662,1586.8206008368463,66.2522443514185
1778375042,3663,496.56152707850066,246.1603771258646
1778375042,3664,278.10860480293843,118.33789855603663
1778375042,3665,1609.8478740488106,140.3950227947348
1778375042,3666,2024.585816415715,106.07794452859284
1778375042,3667,46237.709859740644,405.4114825455513
1778375042,3668,1036.6296309679142,64.47909420105611
1778375042,3669,1380.0813643828558,121.90006907875484
1778375042,3670,683.195843230242,65.32082300681226
1778375042,3671,627.2954758788306,209.33879211279532
1778375042,3672,906.4202334055083,180.46945262703827
1778375042,3673,946.2291776826402,152.53245714831945
1778375042,3674,624.5792234427599,122.81384300732184
1778375042,3675,1308.4129865510165,167.8309982157831
1778375042,3676,1509.5589953435438,135.09183940733965
1778375042,3677,338.96539220930566,193.92335709304
1778375042,3678,702.2164400031511,213.06819404367897
1778375042,3679,860.6963717452377,213.83484278879234
1778375042,3680,738.3697303440083,209.562810330003
1778375042,3681,1179.504762006268,198.93174065940812
1778375042,3682,403.5968017144528,275.4073584538768
1778375042,3683,531.9293262142052,167.16933293703823
1778375042,3684,1282.6530931859845,143.2973401533291
1778375042,3685,556.3314202534785,194.96576827514372
1778375042,3686,2331.3990849367005,133.72194010696288
1778375042,3687,2113.1024100848567,135.43725171859523
1778375042,3688,1568.4671860714163,170.06580598546515
1778375042,3689,434.5294282160767,313.9356004296698
1778375042,3690,148.0670415080129,48.9342071943014
1778375042,3691,1924.5787229857592,157.95149872185854
1778375042,3692,1230.2870758692263,185.1289250092335
1778375042,3693,442.0434456507274,210.03585766514175
1778375042,3694,4001.056444371326,142.5638397127354
1778375042,3695,707.4669684941202,163.60363366769772
1778375042,3696,837.6486754971725,202.57513426039947
1778375042,3697,558.675344770695,185.52839109951893
1778375042,3698,807.3577410450953,166.42842230501083
1778375042,3699,1034.7435688541725,132.77844676148652
1778375042,3700,1446.1108613314143,145.50332663074389
1778375042,3701,901.243216242212,156.81001658549388
1778375042,3702,2499.9729418681763,157.03557744956245
1778375042,3703,4166.815641252463,149.7859330683777
1778375042,3704,673.5858449450366,95.09424957505311
1778375042,3705,656.0366741315878,167.09454776592165
1778375042,3706,547.5138503969929,243.71275217290534
1778375042,3707,896.6128283006464,47.82838534115981
1778375042,3708,1000.8215111655762,229.69352564806653
1778375042,3709,1299.8327733671342,150.11968437498177
1778375042,3710,816.1222033272556,225.7212329089521
1778375042,3711,1148.079730432017,139.28151193263386
1778375042,3712,1283.9385270456348,188.09032748682253
1778375042,3713,348.911194615417,57.630699137862145
1778375042,3714,643.4215877087877,131.9104143774959
1778375042,3715,318.6077774447954,62.89434158715471
1778375042,3716,214.90377341859872,180.37891552802625
1778375042,3717,331.147759568142,106.32175066841931
1778375042,3718,923.0290881981718,173.67741557144114
1778375042,3719,1822.184150293108,159.48799796112678
1778375042,3720,1114.5010844679648,134.73708490370504
1778375042,3721,1558.275467127086,186.5463752715285
1778375042,3722,204.2128800162551,94.61244160961652
1778375042,3723,836.445337413184,87.10710614018221
1778375042,3724,264.41657093663576,90.6308747218076
1778375042,3725,1200.0778278670916,124.09249049669071
1778375042,3726,1978.2609586487913,138.4443338003403
1778375042,3727,164.68059223317886,152.45224765925332
1778375042,3728,495.86616141572665,42.9452807757733
1778375042,3729,972.3316642602049,127.42125839730097
1778375042,3730,1423.151087511483,193.6892843294009
1778375042,3731,294.5783669435837,170.5334968146128
1778375042,3732,688.7623027365962,112.10681486068253
1778375042,3733,531.8035662672394,140.22763014853317
1778375042,3734,1700.6347091292303,103.99630398823642
1778375042,3735,475.721388000907,160.55386409830098
1778375042,3736,684.9763284261882,239.08179514578327
1778375042,3737,5469.804891040625,153.7509003192759
1778375042,3738,974.682846201218,160.37713006915646
1778375042,3739,534.4111398311873,264.3827181117487
1778375042,3740,1894.778047038516,80.74756763492351
1778375042,3741,1580.28241828364,153.21044225190835
1778375042,3742,1897.4630553674178,156.6860304348178
1778375042,3743,320.5822065121462,29.86414960312808
1778375042,3744,609.6116671733813,195.15836006156525
1778375042,3745,3640.2091277638833,51.52383660333417
1778375042,3746,1105.501918529811,118.35220712808191
1778375042,3747,2297.0633164073643,122.47897053217497
1778375042,3748,1172.817770228829,188.19489607541811
1778375042,3749,139.6046715627253,38.50236754913609
1778375042,3750,888.57673840005,226.3149461434397
1778375042,3751,544.6681679477817,248.76815368674679
1778375042,3752,3038.557384255542,123.77623264216777
1778375042,3753,1273.9184813040029,111.24367340087353
1778375042,3754,225.79018580088837,143.97163511169902
1778375042,3755,694.0384184091547,213.26697708441947
1778375042,3756,488.91918557173085,155.40361030152755
1778375042,3757,399.90138234891657,119.56407542623846
1778375042,3758,459.4326968912956,214.77361880485196
1778375042,3759,313.1336992426122,185.1315280513465
1778375042,3760,591.2783208422202,169.07415156440138
1778375042,3761,873.3415393314003,158.79727420158923
1778375042,3762,315.996435082912,69.70964295107427
1778375042,3763,918.0434078676697,159.8006760845831
1778375042,3764,1236.5935657841308,133.40170568543
1778375042,3765,383.91340782219385,221.40712363431285
1778375042,3766,791.6987135714588,149.06181163166679
1778375042,3767,712.802159316559,186.36404722531827
1778375042,3768,1223.999867664376,179.3312859891153
1778375042,3769,362.72080924805283,195.36888079423753
1778375042,3770,2341.8476498735017,119.33559901987117
1778375042,3771,146.6448697154037,74.52331896056208
1778375042,3772,1813.296303361202,152.1099756320093
1778375042,3773,808.395100330435,208.4239257794461
1778375042,3774,3585.7169382401453,187.01283815258432
1778375042,3775,996.6885878280879,211.42142892869967
1778375042,3776,868.1647907295987,123.75781837584601
1778375042,3777,628.7339603369516,182.4661382752626
1778375042,3778,760.2505473924749,231.29166868887452
1778375042,3779,1549.3663714966253,125.08964158895259
1778375042,3780,598.8338471337818,321.9290473252737
1778375042,3781,542.327254747272,52.04294808716449
1778375042,3782,251.33462989252598,46.43566721123181
1778375042,3783,649.8434997939703,236.30069173971418
1778375042,3784,810.3436237856338,62.861033076149376
1778375042,3785,487.08488171114533,211.61144439606662
1778375042,3786,1327.3295215696778,125.15722902105459
1778375042,3787,1268.124736612065,103.37703234111811
1778375042,3788,1147.579961128974,155.24229961745272
1778375042,3789,449.37700935940586,118.63088655480703
1778375042,3790,858.2941454741592,133.2080319298413
1778375042,3791,186.25042234713905,83.30022874235317
1778375042,3792,980.4825965937908,238.70809501701714
1778375042,3793,316.33073093151177,171.0732184460045
1778375042,3794,2505.146324309277,130.7997302570701
1778375042,3795,402.1660988586844,222.35196064307095
1778375042,3796,389.8643041776366,173.37882715889037
1778375042,3797,421.5117088109626,28.283368641123484
1778375042,3798,2411.4430719052857,152.12666492848993
1778375042,3799,328.06684726990005,298.9407784886235
1778375042,3800,1299.3154193833507,143.71803089977456
1778375042,3801,2660.3735778302585,184.42663060339376
1778375042,3802,186.92234317035766,22.647719549113802
1778375042,3803,1924.8507484459424,133.53760742329234
1778375042,3804,597.3787508524348,231.085119988527
1778375042,3805,1031.0058912154727,182.2895181748474
1778375042,3806,315.9200582968099,69.32638282975444
1778375042,3807,806.3940549323872,178.1545038689947
1778375042,3808,548.8021590473918,25.97832228747801
1778375042,3809,1610.878042184399,162.23242665207815
1778375042,3810,549.3088758868859,168.8408906685828
1778375042,3811,544.299334217344,180.96324934502613
1778375042,3812,1205.9961802541177,125.89743662238833
1778375042,3813,1113.7326301056303,138.5588802836969
1778375042,3814,5420.5189665769985,169.89148046286587
1778375042,3815,504.0625158781623,152.57487421033747
1778375042,3816,1578.7454710370246,178.12419846950016
1778375042,3817,229.33316298047757,219.00309994179122
1778375042,3818,999.2242171069928,122.95394397716134
1778375042,3819,270.4996247366883,123.64062744774846
1778375042,3820,207.00337417389505,27.618090617417376
1778375042,3821,631.388865967766,179.70001533482238
1778375042,3822,851.497825014206,88.18847304773327
1778375042,3823,1272.2660026599128,177.154465363285
1778375042,3824,809.4787997090208,70.46168450308527
1778375042,3825,199.03130624032255,217.38538294551822
1778375042,3826,511.14672643300764,75.37293938699149
1778375042,3827,751.1065027748771,209.40114648689072
1778375042,3828,1771.7167412593649,139.03920782690457
1778375042,3829,387.9949798240067,84.30329850616485
1778375042,3830,395.69093621900066,63.33081256826292
1778375042,3831,683.7951777568946,210.96109996052982
1778375042,3832,1040.4739904263106,136.88385574384796
1778375042,3833,1831.5137479532234,125.2366841098891
1778375042,3834,419.4404930240687,147.56038280145876
1778375042,3835,658.4720352771469,147.04070297237394
1778375042,3836,797.3575400249044,213.88570871659243
1778375042,3837,1494.2077845320075,161.60576053356343
1778375042,3838,318.07044276208154,162.96028723351267
1778375042,3839,1006.2860195501771,182.09986420175974
1778375042,3840,532.6256746669455,181.8606657398933
1778375042,3841,1030.2447415071856,155.22764939821542
1778375042,3842,763.8950792491997,147.22851339366932
1778375042,3843,1217.599642029004,135.16006427748763
1778375042,3844,325.8815379496637,152.45468466463097
1778375042,3845,792.7937481988607,163.1839060520601
1778375042,3846,840.5421655944848,40.908640980433795
1778375042,3847,705.7362049610646,228.56887458553678
1778375042,3848,197.89172410987933,51.022288894128145
1778375042,3849,963.3644363134675,148.23712428543251
1778375042,3850,203.23085823623975,35.34905482899338
1778375042,3851,1283.220985790987,157.20656802318476
1778375042,3852,358.800141996422,127.08306736925535
1778375042,3853,1184.5290050936385,154.59183524965448
1778375042,3854,1026.5719130376692,126.68711458280183
1778375042,3855,1090.6940201199661,212.0480190231986
1778375042,3856,642.5481459945771,254.02783192742953
1778375042,3857,513.4227198391054,253.96591628207062
1778375042,3858,4506.249285309537,149.02148133278146
1778375042,3859,342.5028107148075,39.10445609902096
1778375042,3860,512.4825057413192,202.53781872673468
1778375042,3861,648.1988962818245,58.121574057732566
1778375042,3862,150.42419851417932,74.18477320376986
1778375042,3863,1214.1279266378447,166.49121743606784
1778375042,3864,3191.2498293337217,141.9733790860307
1778375042,3865,410.35249620098665,208.516503602573
1778375042,3866,1166.423416939745,187.47987560402882
1778375042,3867,236.6287597462958,186.54019637443858
1778375042,3868,496.79910123160226,208.20822616411607
1778375042,3869,416.6557769919224,102.81848835818673
1778375042,3870,1619.7603933875066,175.26103982648385
1778375042,3871,484.67928557094484,233.35018095495317
1778375042,3872,694.6717149690302,189.9271503590077
1778375042,3873,621.719048329565,112.11401852888466
1778375042,3874,620.0051150160238,68.61198706608172
1778375042,3875,1048.8092095541606,170.60914901112855
1778375042,3876,426.79187102988567,166.59236708997054
1778375042,3877,597.046304406055,207.70546868261553
1778375042,3878,643.7674771205756,177.6025536009004
1778375042,3879,617.3982958878767,260.352896305672
1778375042,3880,521.3185630872537,186.2290442306657
1778375042,3881,151.07928608730762,65.61341497030027
1778375042,3882,284.71631474452187,166.52014459329575
1778375042,3883,1392.528017188605,157.63979103018343
1778375042,3884,896.9981291729927,144.78248635232538
1778375042,3885,731.2276512198847,206.90218282137073
1778375042,3886,4892.389449807867,141.0060504820429
1778375042,3887,55756.77538241548,429.20711926584045
1778375042,3888,366.5489448424022,40.36935465403854
1778375042,3889,442.61613461705775,165.73081297618856
1778375042,3890,1371.5765369125913,137.3457356428101
1778375042,3891,1379.100636457349,156.86146324363858
1778375042,3892,949.4245402512338,144.5395308201969
1778375042,3893,1804.2110480494239,132.72797102218965
1778375042,3894,732.3126526205033,91.91641107139364
1778375042,3895,1245.8663400603386,166.5293544719862
1778375042,3896,209.38537721376767,140.59678110689256
1778375042,3897,364.36820156115385,192.58056859195847
1778375042,3898,1053.4568656368015,187.82498935377987
1778375042,3899,656.0298274743054,169.22809601975302
1778375042,3900,904.2307818879619,189.86041405216295
1778375042,3901,371.14666088992607,173.36393967531805
1778375042,3902,1353.0870481720517,123.35219234809469
1778375042,3903,1314.7048364165432,129.6252373903446
1778375042,3904,789.9622750247,148.0751481017925
1778375042,3905,1108.5096255731169,163.61329670792145
1778375042,3906,349.60997495440273,187.25587068084045
1778375042,3907,735.6848467167927,198.42796403758095
1778375042,3908,2765.0080339823544,133.64222102997763
1778375042,3909,685.3454637128216,179.42246876096806
1778375042,3910,1565.5816631740345,131.13604731473822
1778375042,3911,454.7718753270049,103.43638440947943
1778375042,3912,394.12483148394347,186.2536115795906
1778375042,3913,1507.1646848975745,153.80658371382654
1778375042,3914,1248.038939001474,173.8706044529195
1778375042,3915,364.3196832724482,187.84209293281472
1778375042,3916,1126.8162936291603,134.59089782474817
1778375042,3917,1141.4034840849533,158.8723472953169
1778375042,3918,2169.0555515208434,166.22364263691003
1778375042,3919,794.4750973124759,127.92204929212531
1778375042,3920,297.5941460575183,182.2532759226094
1778375042,3921,1523.3489850386634,100.11758115203278
1778375042,3922,609.7225822403648,187.02445508020946
1778375042,3923,374.88394647112744,112.82880082347464
1778375042,3924,215.73441006039684,211.9096113651564
1778375042,3925,489.0129011185421,65.7989059912701
1778375042,3926,295.5303626980029,29.277519088429575
1778375042,3927,886.2586593801412,173.7096009726824
1778375042,3928,1404.3385935035874,53.24192091826478
1778375042,3929,716.2909497619813,140.85627646866465
1778375042,3930,1531.635757981952,146.0636231746754
1778375042,3931,289.18376009243224,193.58096933167374
1778375042,3932,815.4064652060797,187.17690089299546
1778375042,3933,544.5404891120551,197.39347336317937
1778375042,3934,888.6177354176742,189.22450466600665
1778375042,3935,1151.3512232035464,148.0917556181094
1778375042,3936,3036.5963158691197,119.97089580091878
1778375042,3937,891.3477285604557,142.22704380950117
1778375042,3938,417.6189575316766,34.26719970137437
1778375042,3939,1749.296637785373,166.4791463092447
1778375042,3940,817.3436818494213,189.17545182552394
1778375042,3941,685.0005455587818,164.02609916923996
1778375042,3942,387.6591126553072,160.0024589638157
1778375042,3943,981.5847010751202,125.42048585751395
1778375042,3944,1651.1883860925088,134.95927153194305
1778375042,3945,3071.5229269599786,150.63975898106034
1778375042,3946,1020.0481276718721,118.17394757898526
1778375042,3947,634.3412533970466,221.22912251226967
1778375042,3948,1226.2771055769535,141.0551330895898
1778375042,3949,1685.7517931545701,144.8657112179367
1778375042,3950,818.5308901369243,202.62969259449298
1778375042,3951,580.8905501158247,48.5262118146446
1778375042,3952,1415.3340512364318,156.33787661525156
1778375042,3953,1239.2774414757112,123.55726341452133
1778375042,3954,1193.6604779131967,179.3614193778864
1778375042,3955,1350.6116514442629,85.19081611665935
1778375042,3956,648.4394208096578,188.43727671249604
1778375042,3957,1138.4115177703031,188.64691633567114
1778375042,3958,692.3806866310423,153.65829347976356
1778375042,3959,1151.3489671684201,107.31730430118871
1778375042,3960,1428.9522066709055,171.19048833815614
1778375042,3961,660.3792543651119,180.39183708391315
1778375042,3962,1008.6723675044304,220.49611176593052
1778375042,3963,525.5898982993295,158.0856607477402
1778375042,3964,1138.2696747588504,159.84250533878966
1778375042,3965,456.891202118181,167.7637212094283
1778375042,3966,883.7925827235847,185.95537919931394
1778375042,3967,1022.697075929611,143.7526813930345
1778375042,3968,4348.783518133205,164.73304045186416
1778375042,3969,331.477384930137,141.05869236627467
1778375042,3970,984.7491806116172,172.6697918712726
1778375042,3971,268.78347637570363,252.82527633594142
1778375042,3972,400.049004952981,87.73334081873963
1778375042,3973,270.85007780031265,60.423032005054715
1778375042,3974,1611.9419645802066,133.02458937257708
1778375042,3975,581.2949132108092,139.71794308315222
1778375042,3976,660.0104265231508,52.18391904788886
1778375042,3977,498.7121372913806,76.4189564768485
1778375042,3978,954.5978127038775,137.90124198932543
1778375042,3979,790.2168438626697,192.59458907369606
1778375042,3980,1658.1404142272547,139.40138142911263
1778375042,3981,1247.1505491348278,126.93650702452105
1778375042,3982,1224.7295626848613,114.12602757782406
1778375042,3983,503.11346604085827,26.841260060119907
1778375042,3984,2155.7084040732248,142.92969764740616
1778375042,3985,1585.5523359903177,76.23374701084386
1778375042,3986,1012.8892560712598,89.3321781674157
1778375042,3987,180.42236044970895,106.30030620224292
1778375042,3988,657.305934642641,175.15433099150408
1778375042,3989,623.9192879939352,201.6318159937822
1778375042,3990,290.6612365870375,50.44194498520083
1778375042,3991,1022.4883411527694,159.0144204545925
1778375042,3992,356.22674567969347,94.48409775399186
1778375042,3993,1301.861467636878,170.9033638676283
1778375042,3994,384.06828816806956,49.03080530384743
1778375042,3995,1521.219505719968,161.00944422190616
1778375042,3996,215.0643896624216,326.1739066855045
1778375042,3997,1889.1129858087702,131.59088588814947
1778375042,3998,669.9129849306131,155.05807691054338
1778375042,3999,1167.2539065753563,156.19869874638934
1778375042,4000,227.74910712595337,137.81054714464997
1778375042,4001,652.6201162734136,195.01350615096902
1778375042,4002,38956.82219543865,436.3697144780314
1778375042,4003,2154.5414592397424,118.06159356811996
1778375042,4004,238.4507422098025,150.1322036735824
1778375042,4005,1315.7295188683647,110.0954769254803
1778375042,4006,676.9719935773762,145.35414774983627
1778375042,4007,380.5887819886925,54.59235463693301
1778375042,4008,801.2298172879312,217.60333864437828
1778375042,4009,1720.0276376017534,159.35496576622958
1778375042,4010,1071.0241276073466,93.79449990016292
1778375042,4011,793.2769235078954,175.97378560951702
1778375042,4012,972.1416896864506,120.64931425728761
1778375042,4013,1383.0440893439666,131.59290491681938
1778375042,4014,1222.7510890888711,158.8839712309595
1778375042,4015,1095.1095593867656,142.81654892258697
1778375042,4016,521.701678352001,195.9780145956949
1778375042,4017,1469.1500570344235,152.25434822809603
1778375042,4018,722.8141019787365,226.452191544739
1778375042,4019,823.2951081502318,179.8986299168724
1778375042,4020,977.982314559244,161.20474968652167
1778375042,4021,300.4170060780818,333.3965080134265
1778375042,4022,1796.3772215458057,139.7466447993324
1778375042,4023,1234.2732990327684,151.42373616210006
1778375042,4024,1020.4841778329508,154.82199042277028
1778375042,4025,1004.1638617766247,144.70382617151614
1778375042,4026,733.6425940981615,83.07890915373511
1778375042,4027,1078.8110841202601,113.8930215593724
1778375042,4028,495.47140524915886,38.10231225235498
1778375042,4029,1511.4538874993161,151.40022883166966
1778375042,4030,4761.149167878658,121.25084821787843
1778375042,4031,685.3277005079711,175.57489412431147
1778375042,4032,996.6844129896297,93.65867536630093
1778375042,4033,837.6122001203078,148.34685034678094
1778375042,4034,404.68704755768795,56.446373479872136
1778375042,4035,329.71256542122387,271.6593820243536
1778375042,4036,1338.8659600664141,197.4555058233481
1778375042,4037,793.753277157877,207.40118549495983
1778375042,4038,813.8733647792596,214.1477800320429
1778375042,4039,290.4156044082286,229.1494317386921
1778375042,4040,669.8470259718548,145.81860117275787
1778375042,4041,1084.6498043767072,141.57674519157925
1778375042,4042,634.8602793754579,66.15428592295801
1778412514,4043,468.75423741385003,136.13655807202218
1778412514,4044,530.1982042013204,221.71092512460655
1778412514,4045,1455.4882085923973,155.18673393882136
1778412514,4046,2197.9693069784785,142.1806073406601
1778412514,4047,2151.6894534163557,204.32900773397913
1778412514,4048,719.6376391125114,146.2058511078298
1778412514,4049,316.2118881877965,259.75702541796653
1778412514,4050,1505.4006197036915,151.47492046696004
1778412514,4051,696.6035440476915,87.25123875088815
1778412514,4052,768.5351756061984,211.48158765992207
1778412514,4053,1869.12057170243,182.71645295981654
1778412514,4054,1603.857500872955,137.15514094165565
1778412514,4055,1239.4430415963727,147.61019846013
1778412514,4056,1026.3778677121932,232.65919020037342
1778412514,4057,597.1030931140766,181.74767506775984
1778412514,4058,1009.9979411502617,131.18148367806944
1778412514,4059,1838.3583202705156,138.63419741933672
1778412514,4060,1670.6803058539538,120.33513683838738
1778412514,4061,1084.6417779519834,131.8210375599741
1778412514,4062,784.9192465256968,169.77075531991233
1778412514,4063,1512.2603373697802,135.0614500229348
1778412514,4064,1461.9613003364639,155.68265460029565
1778412514,4065,439.15394786784526,190.42179909317798
1778412514,4066,659.75944755194,173.28875216429867
1778412514,4067,232.50948993727832,34.62489642385054
1778412514,4068,389.5890175925882,48.50289133982403
1778412514,4069,913.7036005491815,74.70290825371077
1778412514,4070,490.69975328618006,239.84490451720472
1778412514,4071,364.7707429060714,207.30092594235276
1778412514,4072,310.5768601973661,215.63340936584808
1778412514,4073,474.4830193430431,151.9037236892253
1778412514,4074,977.0650532224172,152.21941555068224
1778412514,4075,433.3735208290497,157.0076141889632
1778412514,4076,608.3863266304267,127.68326552967505
1778412514,4077,490.55746930719243,201.39504776717345
1778412514,4078,497.54602689035187,226.60413276151684
1778412514,4079,1708.514831234598,133.8773183062515
1778412514,4080,3184.001890059844,133.38794942922564
1778412514,4081,1550.1703829740916,168.73587583951274
1778412514,4082,1591.8626352975023,123.2816675083319
1778412514,4083,813.1402441240724,231.0277980612373
1778412514,4084,1005.3170565425704,309.47035218731054
1778412514,4085,1164.0621138028616,161.73689434198192
1778412514,4086,152.54296639157556,188.50993931933172
1778412514,4087,507.02605561457153,133.7086473719707
1778412514,4088,255.507153403689,44.08096337317345
1778412514,4089,351.12669939825975,83.62030930550573
1778412514,4090,472.5509448227151,250.21609744732993
1778412514,4091,479.6188150064967,168.20866377902215
1778412514,4092,805.6251641121315,226.99632445756814
1778412514,4093,628.9699747198413,209.52894587023806
1778412514,4094,561.3520499467427,219.94238273273666
1778412514,4095,445.29792386988487,241.13841671485008
1778412514,4096,668.2281488136953,84.85119190573425
1778412514,4097,635.6955150567595,155.68930835755876
1778412514,4098,528.6018994310698,170.82342879751974
1778412514,4099,122.98782041408187,43.28547806458059
1778412514,4100,1529.0285512006549,191.96758681655527
1778412514,4101,583.6906111806819,186.15005578974723
1778412514,4102,2793.382114389142,128.7884867770169
1778412514,4103,584.7085581242459,244.91904218017368
1778412514,4104,1562.104338333728,129.57613717685072
1778412514,4105,785.5016091533254,218.33058123932423
1778412514,4106,1393.0135333838195,124.13439040917031
1778412514,4107,1416.6401114945113,189.83903929379798
1778412514,4108,410.49697493316285,220.14144956514195
1778412514,4109,634.3954740902315,235.73233782173887
1778412514,4110,2174.244633555509,174.3650119096906
1778412514,4111,1079.8349446806387,140.53354424547513
1778412514,4112,1547.90607253123,200.75121105941454
1778412514,4113,827.4386869192425,158.62025905381225
1778412514,4114,969.2085251553269,147.51086925036026
1778412514,4115,1097.1524914979418,128.71379410097987
1778412514,4116,2743.6337512028012,262.42391278743486
1778412514,4117,593.31525993064,149.3334558934851
1778412514,4118,422.9600702212972,206.45859034878606
1778412514,4119,793.8973521558524,187.21713178977095
1778412514,4120,990.8773815282774,161.36471739400145
1778412514,4121,942.7425651967178,167.91200189866296
1778412514,4122,1401.0750329554328,157.92747087149536
1778412514,4123,371.76779540283775,150.79896329314593
1778412514,4124,716.6067454451601,158.15139514552192
1778412514,4125,216.98375006220658,50.70768012365155
1778412514,4126,586.3794383785302,221.04720619611328
1778412514,4127,1010.5137624049103,317.84856997987885
1778412514,4128,899.9043609707669,151.9282202517512
1778412514,4129,1624.786700167537,143.79527483135791
1778412514,4130,2215.801458377377,231.0500918149653
1778412514,4131,633.4679814964516,38.994545515056195
1778412514,4132,1035.4363089864269,214.73266776033572
1778412514,4133,269.62699817360925,223.52786105613902
1778412514,4134,740.0691007248997,220.09147702554543
1778412514,4135,427.94971922688956,81.73804110526731
1778412514,4136,792.0317704844434,185.87801558303397
1778412514,4137,3877.5928322395584,149.83692475288538
1778412514,4138,1160.0017893719437,169.68273071013627
1778412514,4139,1192.42482468505,203.17299758810066
1778412514,4140,900.0380222208065,207.88302455604253
1778412514,4141,386.962770216644,111.42139946180235
1778412514,4142,844.8628569416724,60.289012987212864
1778412514,4143,342.28388784125355,257.4248141583591
1778412514,4144,453.01569450553836,54.277052966017706
1778412514,4145,723.498283849223,195.17569825190935
1778412514,4146,789.349258983711,256.32631907168786
1778412514,4147,162.2657348247362,31.97723928754815
1778412514,4148,231.32096373839045,21.315949676111902
1778412514,4149,2208.902454953681,162.9682852584309
1778412514,4150,2483.683403833818,148.89016869123395
1778412514,4151,351.38776438931205,27.99965508310006
1778412514,4152,651.1598929709676,93.53598418309264
1778412514,4153,531.0407023911195,212.533942257668
1778412514,4154,478.6326856956002,194.64194418660315
1778412514,4155,271.73885738049563,162.01289115540033
1778412514,4156,285.3734882966558,71.18471954524964
1778412514,4157,181.20833466395945,51.88812621049391
1778412514,4158,214.91134056721947,77.10259131973213
1778412514,4159,1076.5375766609297,175.57961200682084
1778412514,4160,533.9164814768975,212.05984867018185
1778412514,4161,672.2482809693182,156.83827082554947
1778412514,4162,212.34237216787653,52.995530919051724
1778412514,4163,321.3710299616179,101.60820874875786
1778412514,4164,775.6197845331131,179.39435668696004
1778412514,4165,1070.7945737063565,177.63799237406405
1778412514,4166,2907.382731124404,139.17108910729704
1778412514,4167,949.5355881547129,163.31720370933203
1778412514,4168,735.1748150676256,145.63737236361553
1778412514,4169,507.179997094081,240.2307123212424
1778412514,4170,806.8179648641194,191.24969703609347
1778412514,4171,970.3093101445866,136.15398493812705
1778412514,4172,722.0211556126721,65.99754320383882
1778412514,4173,235.17778725218093,199.99168369073107
1778412514,4174,597.6687903642662,221.8567740033218
1778412514,4175,314.6418895616184,132.64665086077238
1778412514,4176,2109.42241107645,135.66781769117327
1778412514,4177,1084.9527039865563,146.87573294305182
1778412514,4178,1394.6849691465948,130.27242244815378
1778412514,4179,1312.057561876113,162.755687304114
1778412514,4180,3749.031997621144,152.4311434804372
1778412514,4181,729.4280600966764,162.93736426072084
1778412514,4182,525.5659657531827,67.51698783900139
1778412514,4183,833.9539613390624,168.6353503880451
1778412514,4184,1638.0833215974856,176.29170274554497
1778412514,4185,418.29865992736455,190.86395388784547
1778412514,4186,466.23292294142004,216.9514590261308
1778412514,4187,276.1180262367803,103.30285746948523
1778412514,4188,438.1472757718467,98.38839051486262
1778412514,4189,640.9254199547773,180.47066624241242
1778412514,4190,2412.3949871038953,63.83953364898031
1778412514,4191,407.3642009821129,77.29311352890277
1778412514,4192,1612.3330084689446,170.30256516444703
1778412514,4193,439.2566786613735,220.8854931874808
1778412514,4194,779.6911985241113,198.2078270139269
1778412514,4195,875.0931695542889,188.41610319417046
1778412514,4196,990.3419627702384,158.2860633265667
1778412514,4197,1418.9851231914242,155.35019205174686
1778412514,4198,856.3939567805289,176.87312067804982
1778412514,4199,4497.39814876404,137.64191086323262
1778412514,4200,226.7384972414501,57.304003898545155
1778412514,4201,218.68460252759033,151.31112775321398
1778412514,4202,198.83729405382695,23.224333138751785
1778412514,4203,634.144357622647,175.5938155382876
1778412514,4204,1075.6359892407568,145.5286718498371
1778412514,4205,534.7119373730498,76.31299250142419
1778412514,4206,721.3964697733877,262.813457710013
1778412514,4207,1296.465312709378,89.19332374326453
1778412514,4208,1292.1011445631939,177.69570419645203
1778412514,4209,270.33954719957023,222.66215287704028
1778412514,4210,948.0853209872702,149.17571905357264
1778412514,4211,1143.8552520226115,127.36553793002837
1778412514,4212,655.2872382655273,206.44897219279403
1778412514,4213,1231.2548335144377,185.44580267742586
1778412514,4214,1907.6712666304657,149.65623196197959
1778412514,4215,1034.9466765709394,205.8742381021282
1778412514,4216,1431.2689560676326,125.89586286613306
1778412514,4217,1066.6612101062942,254.1245229270458
1778412514,4218,2110.0707037463176,148.85759207413068
1778412514,4219,838.1952123852261,161.3407446489132
1778412514,4220,1583.460169747793,148.55490015209742
1778412514,4221,694.8731268853728,161.95636205104836
1778412514,4222,1831.8779346103222,73.45828874936882
1778412514,4223,159.04896820148628,65.38358220531114
1778412514,4224,752.5830158881598,148.21698654573544
1778412514,4225,1063.627426084199,151.39909395230828
1778412514,4226,536.4372809942588,71.84454961414606
1778412514,4227,435.6257225181227,164.02902345564254
1778412514,4228,312.060859510934,262.7319028524134
1778412514,4229,425.900771864297,171.19289926974326
1778412514,4230,1289.630631325908,169.35845321494736
1778412514,4231,297.3866504548758,218.33771767036583
1778412514,4232,597.0718402848471,42.37135948102511
1778412514,4233,311.06506226733194,313.1416355978373
1778412514,4234,655.1191598181664,178.06703827985976
1778412514,4235,1693.3179170947435,122.52226474817613
1778412514,4236,1914.3407010792534,137.66527388686077
1778412514,4237,796.5523151905979,217.90448492491004
1778412514,4238,635.9685114691092,163.31852176264113
1778412514,4239,1176.3906746902694,129.19195954251643
1778412514,4240,319.5999948342051,73.30742826632586
1778412514,4241,1421.2153519079684,84.95922971038985
1778412514,4242,479.7762856744002,239.83471454230292
1778412514,4243,1611.6444173606928,96.36635667903913
1778412514,4244,451.76049764983793,121.00077125235217
1778412514,4245,560.9025689472994,246.8711652462335
1778412514,4246,2195.6235279330804,79.5105361045534
1778412514,4247,530.5324653030785,240.64651941475276
1778412514,4248,429.67428880950996,284.1102199167478
1778412514,4249,555.6472386192688,183.9464533840669
1778412514,4250,1249.1363106685249,91.03908548875197
1778412514,4251,555.1894275756089,241.19883357968936
1778412514,4252,575.962053740082,210.61997851784005
1778412514,4253,510.63516609340274,54.95827888590707
1778412514,4254,1245.9018772803895,199.6517263835107
1778412514,4255,989.8383154988244,137.9205661917145
1778412514,4256,251.30110046396646,32.87005718089015
1778412514,4257,403.63786050622,30.41457878409577
1778412514,4258,1672.676838405107,143.71755899150529
1778412514,4259,315.0841180322917,30.697717391016404
1778412514,4260,635.1632133158687,128.59814782276453
1778412514,4261,390.6278180184097,224.83839191098838
1778412514,4262,518.0913443800562,192.63485349228475
1778412514,4263,520.6871805850683,160.7497874084728
1778412514,4264,1901.0751894697894,158.1652629530067
1778412514,4265,494.7501460569658,38.528228923167525
1778412514,4266,210.53082982281737,44.95822768763909
1778412514,4267,755.0809141626675,74.78616559783099
1778412514,4268,775.9155622674135,247.25716458570992
1778412514,4269,1036.4473109844812,228.05761133595882
1778412514,4270,1791.6977961640184,165.41003859411828
1778412514,4271,1846.2815286492614,122.638961346211
1778412514,4272,906.3422300202042,67.3391387223514
1778412514,4273,579.0846510222956,158.07576246566055
1778412514,4274,1082.575068212829,110.68349452481988
1778412514,4275,781.6297033247528,120.79727146995889
1778412514,4276,544.2700083409661,77.46437427939843
1778412514,4277,1075.3422394700233,223.08169761433004
1778412514,4278,637.944871907093,168.09005266638795
1778412514,4279,703.90757970073,283.94863884563665
1778412514,4280,837.2999696309067,213.3738460048915
1778412514,4281,487.97708979988187,200.54581059621475
1778412514,4282,1277.818843944352,119.34818783073564
1778412514,4283,337.11290110439376,57.3045465211887
1778412514,4284,929.9126791466714,166.6696724622885
1778412514,4285,508.0164386228737,44.15758938259838
1778412514,4286,732.7997066343952,79.0058087353481
1778412514,4287,445.8344958319234,176.67068775940146
1778412514,4288,336.94948050626493,183.47635769152672
1778412514,4289,2774.97394401546,154.4799513475629
1778412514,4290,1233.8512610482271,151.0491201146096
1778412514,4291,760.5730829307969,237.7498904515644
1778412514,4292,1709.7430097042738,152.95125744055142
1778412514,4293,933.0605063206712,188.5083517005084
1778412514,4294,174.02313667701344,192.24639702220736
1778412514,4295,2182.5825663484184,157.02123066422615
1778412514,4296,1569.7838533771262,109.94070438686609
1778412514,4297,900.5817621444579,45.74439005047615
1778412514,4298,679.2680148780872,149.17865901256513
1778412514,4299,846.0330719782114,58.876360149303395
1778412514,4300,264.90638766052774,52.16817545969116
1778412514,4301,691.0137193646976,232.31566097560452
1778412514,4302,646.6736062901629,210.72522218295762
1778412514,4303,410.10880880905364,215.43445054826003
1778412514,4304,1077.4353711843694,145.8689843236517
1778412514,4305,729.6732398961536,195.7078901001219
1778412514,4306,646.8818256668658,28.026357063053375
1778412514,4307,449.85379475932973,185.19987167277645
1778412514,4308,1341.8917840609029,185.3109129792747
1778412514,4309,1990.824635928157,170.5675907955588
1778412514,4310,619.3309852545816,167.2077811494208
1778412514,4311,302.6410416680915,84.94841427030956
1778412514,4312,550.9999657300225,226.61427518244878
1778412514,4313,390.7664573593701,123.6416915506113
1778412514,4314,225.10860921715235,283.36298481308785
1778412514,4315,447.89906472130434,150.5873152214716
1778412514,4316,983.2854564503284,68.86689774598202
1778412514,4317,813.4531900561335,224.62157189909993
1778412514,4318,330.16190350371886,287.01649824291195
1778412514,4319,731.0861569864016,46.05774899009097
1778412514,4320,227.87780822033127,48.676186826795
1778412514,4321,223.2307658074507,199.98080244956319
1778412514,4322,2538.9234562887677,137.17550907298005
1778412514,4323,1325.1906528087477,171.684633519092
1778412514,4324,348.5347701918089,66.88479533961984
1778412514,4325,281.03255675058375,194.38800040228244
1778412514,4326,405.24175241348723,166.152264157376
1778412514,4327,408.03528726252625,198.13203722598595
1778412514,4328,1801.8484975903157,151.40465827246598
1778412514,4329,1457.6408516833176,153.36453271625135
1778412514,4330,1316.196710604699,126.27848704856981
1778412514,4331,1656.7416518526836,144.58437568422798
1778412514,4332,301.9979410197307,14.711425916993921
1778412514,4333,538.0510586732902,206.265055410271
1778412514,4334,1686.7221669505673,100.41326750563991
1778412514,4335,1098.0025611491985,167.71070759447662
1778412514,4336,563.5234066068533,179.54421321622033
1778412514,4337,362.8599955016179,68.62995862142695
1778412514,4338,612.7217664758764,232.1797836870211
1778412514,4339,403.7197881531104,205.11020706837678
1778412514,4340,757.0685607494361,239.63474370322476
1778412514,4341,1130.4369525089255,150.11571149845108
1778412514,4342,357.8520848158672,163.75293567624055
1778412514,4343,2563.2708704088113,84.57564446593484
1778412514,4344,430.42970344505835,211.16836776051608
1778412514,4345,1527.9357122831225,137.41806772470585
1778412514,4346,3169.3803910328334,105.6548466443188
1778412514,4347,318.9862074742935,177.63139014239755
1778412514,4348,1361.191603055402,138.87360240712252
1778412514,4349,332.2269322052253,256.3162608904633
1778412514,4350,441.20009505059403,229.5864640352435
1778412514,4351,682.2232913098314,239.23441021157345
1778412514,4352,1202.1185454331624,180.2797635053708
1778412514,4353,1229.7939702756094,185.28339605672022
1778412514,4354,520.2549744767816,245.0314254961593
1778412514,4355,440.61207449098816,226.19092297135694
1778412514,4356,274.23280869662335,64.40580513236655
1778412514,4357,688.7547077487288,208.24579096568823
1778412514,4358,1426.8146249407034,128.13071233935085
1778412514,4359,468.86135234779573,172.3879401565266
1778412514,4360,522.5416732996478,174.0915737760317
1778412514,4361,1538.4595919975795,171.2019426822157
1778412514,4362,666.5341716359158,33.070113342363065
1778412514,4363,355.94105161214657,172.35176312601112
1778412514,4364,517.0350341022864,220.64222856429416
1778412514,4365,597.1202662006522,122.65031737818909
1778412514,4366,384.10676385155716,266.4852223223015
1778412514,4367,758.2846246913126,184.23703292673304
1778412514,4368,807.9738926360318,152.86944835998477
1778412514,4369,806.9130171406752,273.8559598780528
1778412514,4370,393.5981418132311,187.36771437953453
1778412514,4371,1531.268127978069,153.55819406399502
1778412514,4372,1429.3400011046338,209.50342860831043
1778412514,4373,1374.39461294077,184.1155914425893
1778412514,4374,599.6832883010657,206.0647395570735
1778412514,4375,486.6684391839728,78.93437716639986
1778412514,4376,511.7809065347556,121.5362633235066
1778412514,4377,876.9146780981976,158.73558417256825
1778412514,4378,647.4089596956871,44.78883100924643
1778412514,4379,2202.336231546413,159.2100909397614
1778412514,4380,488.3053155599612,32.7160723267182
1778412514,4381,510.9969043119509,158.6383332881833
1778412514,4382,434.49793192832874,141.3686916207112
1778412514,4383,699.8953519414988,165.57934978581463
1778412514,4384,1159.2289526200188,167.26442393844093
1778412514,4385,388.21036050066294,177.32253548478656
1778412514,4386,1001.6897945283627,142.87443659670225
1778412514,4387,255.65795372825704,24.43987569244151
1778412514,4388,741.5940178936191,280.46212626018075
1778412514,4389,1216.0484106289312,143.98125800473352
1778412514,4390,1223.2614289685675,59.498574277872876
1778412514,4391,604.4294173068539,98.75808914672619
1778412514,4392,1264.6331226399786,167.11976617925595
1778412514,4393,243.1382646091187,101.57409692244373
1778412514,4394,675.5477042646627,138.85438108624058
1778412514,4395,463.6171406547246,220.7862828092967
1778412514,4396,328.36615905349413,211.7912990035666
1778412514,4397,495.3486791485074,88.43993738279268
1778412514,4398,1176.4742084662598,306.9218903700531
1778412514,4399,926.5897757338222,158.00220166099618
1778412514,4400,529.8506240002328,168.98739580183633
1778412514,4401,440.94297125865575,86.21095268223382
1778412514,4402,264.4987538840131,46.50206471713526
1778412514,4403,2047.2472731135636,212.21738771640915
1778412514,4404,2255.7985069514684,138.1016759108104
1778412514,4405,2261.5794256051413,137.95085581842102
1778412514,4406,492.70892956391725,152.84616055048448
1778412514,4407,816.0759421696154,169.84465436358587
1778412514,4408,4519.056750319222,206.59719851115423
1778412514,4409,2777.2260405010175,123.90514762639165
1778412514,4410,525.5887569283732,195.7231330222591
1778412514,4411,866.2810110869989,163.42535735476642
1778412514,4412,2109.5922109057065,119.0205643083664
1778412514,4413,406.75958833832226,200.03926302578725
1778412514,4414,1525.9488928458957,141.32134805226852
1778412514,4415,534.9811341538297,242.6147585120267
1778412514,4416,950.1215755381281,191.24633456857362
1778412514,4417,531.3542980890404,159.4664414205552
1778412514,4418,552.992374453372,162.012730671607
1778412514,4419,2311.060960539702,133.74439296698884
1778412514,4420,364.497954079028,31.02518618057488
1778412514,4421,238.70897379288547,122.74091859946033
1778412514,4422,942.8939228860733,176.36751812432757
1778412514,4423,1971.7343692003285,167.3425206814762
1778412514,4424,358.77614827162256,229.57036924912325
1778412514,4425,1486.007719079393,141.50540979881796
1778412514,4426,572.4422268080104,139.38935586617376
1778412514,4427,335.398184372261,173.80692151695834
1778412514,4428,628.2279035363638,43.427757143135416
1778412514,4429,760.7579665263759,173.5081878961689
1778412514,4430,453.87460627506846,224.88380867375292
1778412514,4431,1263.270468372818,108.74478550480318
1778412514,4432,683.1837147064675,60.87390944234512
1778412514,4433,409.50265351131804,333.1861186593521
1778412514,4434,351.10581476687696,41.7354677553075
1778412514,4435,547.2669955261046,173.58254079592334
1778412514,4436,775.4864775295199,174.62456026307078
1778412514,4437,621.8023978387984,34.827392032084234
1778412514,4438,369.31623265844144,60.923229635729186
1778412514,4439,718.0150547442477,172.28130526767416
1778412514,4440,671.6032436942235,91.02286072806065
1778412514,4441,2750.905773679807,63.133113352569644
1778412514,4442,320.94190212034215,169.9447668065895
1778412514,4443,316.41617378119145,262.5381792505545
1778412514,4444,332.8650165246984,113.9908266465716
1778412514,4445,330.19242178458,275.21657940222957
1778412514,4446,834.6157612349609,177.59913419095614
1778412514,4447,507.5319593462696,250.47454339127697
1778412514,4448,25958.775866486358,457.5864340217371
1778412514,4449,305.5626159172271,161.93375189354128
1778412514,4450,900.3891585877235,149.03258054175225
1778412514,4451,268.0195222580741,74.12462385248232
1778412514,4452,1569.3282193672605,119.86931314294938
1778412514,4453,1395.4202755679476,105.06268492004325
1778412514,4454,1384.0017125989004,187.35291551008635
1778412514,4455,884.7399003580483,42.05666346167201
1778412514,4456,825.9652886242704,170.59196915982065
1778412514,4457,105.39084248251537,54.06533581310983
1778412514,4458,247.71250297591234,69.35222809153449
1778412514,4459,849.1028882589001,163.5568514779178
1778412514,4460,2123.97660409062,168.3182674359851
1778412514,4461,604.350295650538,135.8632374646385
1778412514,4462,544.2765533441896,216.84362042743027
1778412514,4463,1155.0970591926864,153.55798297309022
1778412514,4464,565.9206303592074,172.50552649143032
1778412514,4465,359.07147249702285,105.2187108952445
1778412514,4466,472.31268645509067,180.58595442105516
1778412514,4467,824.2848569591646,202.41890361714255
1778412514,4468,275.51903511389264,36.68798538679407
1778412514,4469,689.7740320970107,177.9996508227824
1778412514,4470,295.76329505989065,161.73074902204422
1778412514,4471,1313.796898439276,131.5136617544236
1778412514,4472,300.4381917087355,241.30873766564716
1778412514,4473,516.2081312814582,167.725087193814
1778412514,4474,1636.659470651114,151.85884684337347
1778412514,4475,1620.3955939223833,135.20924111439686
1778412514,4476,547.3868306778995,212.2980359252286
1778412514,4477,957.570432473841,50.52240597118254
1778412514,4478,916.7828372528642,151.75373443552658
1778412514,4479,1029.8630511912766,121.41916508552617
1778412514,4480,525.4397240858835,194.1551570273074
1778412514,4481,645.3243377526926,188.99843308305321
1778412514,4482,991.4519562410395,79.78387568707969
1778412514,4483,378.2755415096373,110.08576699327764
1778412514,4484,1047.0579386717568,133.1158655816947
1778412514,4485,906.6647135082103,127.1744870410084
1778412514,4486,1699.7432034265603,175.59090898899188
1778412514,4487,337.5177012337416,174.16033363551327
1778412514,4488,177.77333010719923,24.412808336715724
1778412514,4489,499.7391349503103,224.05068234913523
1778412514,4490,283.132486561205,39.54746981206121
1778412514,4491,757.0763435515169,319.7355683075204
1778412514,4492,303.2501052630844,127.69504368347607
1778412514,4493,1408.1221723319973,79.26696901542053
1778412514,4494,1841.3664939291812,171.9398184609155
1778412514,4495,163.44691244806987,47.39973151702738
1778412514,4496,1384.709640257859,50.32743606913798
1778412514,4497,2481.998159060331,164.19297612781745
1778412514,4498,1266.757915419974,111.3345054673663
1778412514,4499,1045.8610006719764,180.23191775631065
1778412514,4500,1354.3178421761543,122.44567445186608
1778412514,4501,833.9249666002398,221.9388902862489
1778412514,4502,1233.7621989509778,181.81162998150998
1778412514,4503,354.26433536105753,91.86524278448444
1778412514,4504,286.7314992882182,14.16823236637912
1778412514,4505,390.9603785819032,156.13111903972384
1778412514,4506,537.8031410567676,210.7914607658965
1778412514,4507,1972.879118651196,146.63252629902527
1778412514,4508,3249.424451646738,92.88939586076127
1778412514,4509,2103.6913847765586,159.12571277286986
1778412514,4510,790.2682131782731,141.03687501502293
1778412514,4511,1113.654624642087,160.53966217053318
1778412514,4512,821.5425141104979,308.4878222896465
1778412514,4513,473.23569027576275,49.18981986716154
1778412514,4514,657.5131891550838,172.2768125825043
1778412514,4515,2326.605660077144,131.0717804093496
1778412514,4516,2965.6532632580106,88.62795839611141
1778412514,4517,447.1037648789326,71.27037825772608
1778412514,4518,486.41776681867987,177.09859823468358
1778412514,4519,457.7604781173177,14.006446224530157
1778412514,4520,434.6581739077433,202.26449985871818
1778412514,4521,615.3243235056826,206.52303579997982
1778412514,4522,719.7740394234418,181.26335318619022
1778412514,4523,1191.0762633897598,177.27701988880932
1778412514,4524,850.4786778377363,216.8132334921593
1778412514,4525,443.28079690588356,211.97021148952817
1778412514,4526,1045.9766592311407,158.9105852018945
1778412514,4527,1596.2962880240793,129.01048710927805
1778412514,4528,788.5898164996244,128.75452150193135
1778412514,4529,580.4164613415668,251.1945652082953
1778412514,4530,376.0671671779816,113.32059105396742
1778412514,4531,642.7099612395157,140.62044424423686
1778412514,4532,498.52335060626433,180.74812000823596
1778412514,4533,1422.5675137141122,171.126340123095
1778412514,4534,1353.6560757438376,198.1423875475684
1778412514,4535,891.5293382949409,84.05120125872276
1778412514,4536,701.2669355177774,94.29468477862636
1778412514,4537,280.75288418784766,73.06809506871657
1778412514,4538,1011.9128077755139,68.50115291305008
1778412514,4539,1542.6732684266065,127.96175309873861
1778412514,4540,670.3009542870442,205.06399055316777
1778412514,4541,425.2159758806044,237.13188472876635
1778412514,4542,117.44403904013906,33.937453870820804
1778412514,4543,373.28563743592156,123.01436856253753
1778412514,4544,1380.4241688174955,154.49900686307342
1778412514,4545,284.7170040486554,244.35277899044894
1778412514,4546,1958.6028615492912,189.23246164650774
1778412514,4547,511.8135461660518,126.33689227940665
1778412514,4548,360.2746698595167,185.55402139778107
1778412514,4549,1515.5239373045008,127.30576257366958
1778412514,4550,1799.4652984003105,178.78435908879885
1778412514,4551,159.34972925590426,46.88235979538346
1778412514,4552,612.8256174620559,175.81524815698054
1778412514,4553,339.5491749071915,152.82596662730157
1778412514,4554,390.1256977219793,154.32158218668465
1778412514,4555,362.0994186517923,185.90395400817573
1778412514,4556,258.2165945941653,76.78561566124522
1778412514,4557,928.3129596249186,197.1088528828636
1778412514,4558,1895.8692011401763,169.4024872484501
1778412514,4559,334.14085143258774,142.2532737327804
1778412514,4560,237.94375386398724,40.391751803013904
1778412514,4561,1180.161231049203,171.8943001565544
1778412514,4562,952.8871279461143,207.06468900801184
1778412514,4563,743.148570039026,147.27027840420243
1778412514,4564,1480.6702825831392,128.27627398566395
1778412514,4565,250.08214849840192,39.51909634889073
1778412514,4566,438.206866179171,287.31405650493963
1778412514,4567,891.3283068328125,104.06982477888447
1778412514,4568,235.66488338716752,121.28578733478034
1778412514,4569,1291.2767992499491,208.86638783497074
1778412514,4570,162.14094491315979,74.31254124768438
1778412514,4571,465.58516087302763,50.949735637104624
1778412514,4572,1283.4207994643775,164.61120855783412
1778412514,4573,566.7165892888366,261.49563020826247
1778412514,4574,1927.6880201581107,113.50762919301984
1778412514,4575,539.293255189246,189.21467717989955
1778412514,4576,1229.5935501631868,145.58903612102998
1778412514,4577,454.45539094100786,175.83136654865157
1778412514,4578,2039.9510975476078,178.0130536055097
1778412514,4579,728.9790704623259,202.69360219895202
1778412514,4580,788.9760447467656,174.68823590675845
1778412514,4581,328.60976805118634,140.51048940081756
1778412514,4582,636.1689904035437,46.678903001048376
1778412514,4583,431.3851320049309,201.61815445036643
1778412514,4584,379.7513023045998,308.44739673674246
1778412514,4585,624.0078345557027,195.7345505208604
1778412514,4586,608.7620810753839,187.5156594871487
1778412514,4587,1120.6212289310035,179.05519033204587
1778412514,4588,460.6590607378947,145.90940709985546
1778412514,4589,1117.6181871442195,146.71413828774854
1778412514,4590,519.2629238753221,150.04831602853727
1778412514,4591,2134.3047458688643,138.61898464932037
1778412514,4592,628.6665129557689,93.68806336845809
1778412514,4593,1362.9438466409772,127.5139426365859
1778412514,4594,786.5032970888042,202.96081088164198
1778412514,4595,318.581888165867,154.2810794528893
1778412514,4596,271.6713778497966,73.36932872556183
1778412514,4597,971.605345748687,154.31459091174236
1778412514,4598,191.18853171506825,75.9529174430182
1778412514,4599,250.73108172744543,276.8022209824215
1778412514,4600,1184.2417604704367,211.49654537791983
1778412514,4601,1513.3918722342344,179.37353755797415
1778412514,4602,318.379924066605,137.4228558087178
1778412514,4603,1289.4150874077384,124.40622690162515
1778412514,4604,163.06766499390528,24.611505036170904
1778412514,4605,377.24707302896576,208.66978448274318
1778412514,4606,1079.855094124971,169.32719858713403
1778412514,4607,2815.794223863329,133.29340447509728
1778412514,4608,635.9240869908253,219.815973294118
1778412514,4609,251.99648422149306,91.69202340709293
1778412514,4610,349.160143580139,211.32091397487972
1778412514,4611,430.63615415530126,159.62138333028562
1778412514,4612,1022.5890716595726,84.89655756802013
1778412514,4613,499.78052034356153,110.26202583997392
1778412514,4614,1711.7386431351995,193.18774632545788
1778412514,4615,1474.706326784022,144.61623437816766
1778412514,4616,358.76578680546265,22.665402147431774
1778412514,4617,177.58213153589912,134.56864888378345
1778412514,4618,2450.988579192702,128.04496162279898
1778412514,4619,487.16274776994163,116.38469021522074
1778412514,4620,348.61376607977394,58.771988190641494
1778412514,4621,674.5350074273632,166.19727095593265
1778412514,4622,265.60511264503083,55.82987434001534
1778412514,4623,1113.7101675887116,121.75870525572219
1778412514,4624,1249.2355649872452,150.3815707578847
1778412514,4625,300.6556632680439,247.2924170727777
1778412514,4626,350.60505450748815,67.3149872779247
1778412514,4627,1449.522375083624,181.89790457906375
1778412514,4628,516.4134939132108,167.5738307382949
1778412514,4629,386.7101358719392,203.05369814361248
1778412514,4630,762.4508244886514,113.97295806542044
1778412514,4631,1392.0422598783514,154.07036475374514
1778412514,4632,360.41785788104335,207.36648751002554
1778412514,4633,307.8299903162906,81.08591001440568
1778412514,4634,383.69876660877156,185.20828431645634
1778412514,4635,859.1688561733001,176.27757299395626
1778412514,4636,4089.3221345743264,100.62891015214491
1778412514,4637,1085.9240539846671,191.63916269436925
1778412514,4638,1314.8919161288998,115.36892327450305
1778412514,4639,485.3073224714631,30.848338579165393
1778412514,4640,1951.1908933855843,160.24375800253387
1778412514,4641,370.1178220637772,79.93718067316995
1778412514,4642,1469.7502848667725,142.54956751518267
1778412514,4643,631.7683750476505,201.80432966269424
1778412514,4644,309.466712981596,235.53998362105304
1778412514,4645,442.08705874087514,224.0696501221641
1778412514,4646,228.38898211972193,77.54204972092965
1778412514,4647,2906.0007774905966,159.5592508135589
1778412514,4648,999.5031520808619,144.14557421996892
1778412514,4649,582.2566062406726,178.32714174240007
1778412514,4650,393.96056127216997,190.4356195126687
1778412514,4651,56996.137037706394,420.46845237118157
1778412514,4652,2404.7012800644193,144.29985368506408
1778412514,4653,1616.3558754558592,126.1099239401565
1778412514,4654,895.0438925168833,213.2397950294863
1778412514,4655,1024.8646257676917,161.18161141899057
1778412514,4656,264.51173280657696,119.57693530099833
1778412514,4657,308.52859273925793,42.4988346212773
1778412514,4658,980.8928739095152,210.8816850901577
1778412514,4659,292.31848461826524,117.20533317205022
1778412514,4660,593.7067814908127,124.11049394584437
1778412514,4661,954.0555335416334,187.45477398756344
1778412514,4662,1626.6377265497424,178.97372545981554
1778412514,4663,1575.86139837074,161.95016958538636
1778412514,4664,357.3925236720445,236.63738507614408
1778412514,4665,1179.8864120005076,210.2018751773641
1778412514,4666,1829.1205500938795,153.03905151868915
1778412514,4667,1526.8285410102692,158.4009103457848
1778412514,4668,375.9811682007897,223.92717313800196
1778412514,4669,343.433391506119,183.88858859940413
1778412514,4670,115.72895797525155,83.87408027415471
1778412514,4671,580.2290185425387,192.47834057674442
1778412514,4672,406.4897670459326,157.27624068516388
1778412514,4673,813.6470141969913,115.36368370025923
1778412514,4674,660.9468234948332,206.4129876913674
1778412514,4675,871.0128980312888,201.8267282831404
1778412514,4676,183.4855770618765,37.613460779257856
1778412514,4677,825.1295599587378,144.00961391766552
1778412514,4678,252.51953216055387,91.04508589406457
1778412514,4679,1341.852654395458,150.30045320801617
1778412514,4680,1041.0244410531147,132.53090421456983
1778412514,4681,2510.7258470569864,102.96501791016682
1778412514,4682,846.0797196895305,187.52866933342088
1778412514,4683,196.74167829528264,181.98526971160013
1778412514,4684,1287.5857453215824,176.25403318136244
1778412514,4685,272.9391120641457,73.54796700464644
1778412514,4686,2041.0732164614767,217.3665854729159
1778412514,4687,723.1760461930136,49.21390389170417
1778412514,4688,1801.686034450368,148.62129113945647
1778412514,4689,300.71154691289007,33.12640035935981
1778412514,4690,1953.8694240982222,140.96801517223633
1778412514,4691,524.8690736201983,61.76457900536776
1778412514,4692,1612.210187484682,152.94533367603876
1778412514,4693,518.2607804769024,40.23991793758418
1778412514,4694,2711.4137406518435,144.2099897108908
1778412514,4695,859.6077167745275,104.21349815261215
1778412514,4696,608.1963246896761,233.27765755571752
1778412514,4697,457.5125587743645,236.360919515416
1778412514,4698,546.8981851433394,206.4248680340993
1778412514,4699,535.5705018116756,203.98153175180693
1778412514,4700,2148.8532233559795,173.94560707962435
1778412514,4701,227.59153669984974,72.22412185894176
1778412514,4702,1139.122385761069,127.29806870636469
1778412514,4703,394.4916711095321,218.3905439084023
1778412514,4704,1044.6496072694854,56.604587894699435
1778412514,4705,287.19893611752644,187.70393960502088
1778412514,4706,506.6851413206574,101.74331302318332
1778412514,4707,475.9525113391479,227.60882891514711
1778412514,4708,238.09295963470768,103.02139349046422
1778412514,4709,668.7804945851625,220.80303682500877
1778412514,4710,1486.8894751971482,145.66646855347676
1778412514,4711,280.3817700593028,177.6000498892695
1778412514,4712,1497.1562295853698,113.94810651756872
1778412514,4713,1623.691225487522,189.81574327067642
1778412514,4714,1359.2656389909585,187.0557065614841
1778412514,4715,483.4380961204338,83.94848478536639
1778412514,4716,849.3450299455521,216.54388418310933
1778412514,4717,654.9446706744578,100.14321831058491
1778412514,4718,618.9232218315561,166.39073195324787
1778412514,4719,729.437558202587,264.22250931025565
1778412514,4720,969.2786928205361,88.08456677874294
1778412514,4721,1451.8535081497764,117.31727851665384
1778412514,4722,263.27802486070726,131.22766733355857
1778412514,4723,840.1743847272377,120.03527680053413
1778412514,4724,5930.074235494543,129.3671774084586
1778412514,4725,2045.0142605667559,176.96572340859888
1778412514,4726,265.812970647842,175.8453802509476
1778412514,4727,809.6637683663893,67.64559263256534
1778412514,4728,484.79866618080695,261.29327958517104
1778412514,4729,1275.7273609038693,151.82543048174077
1778412514,4730,455.21180575103483,108.37028530000826
1778412514,4731,341.7071645324388,118.02622566509694
1778412514,4732,469.5569784732908,64.51824376831641
1778412514,4733,200.27956235523604,42.841513179662336
1778412514,4734,1207.1152138093767,46.85768379717423
1778412514,4735,150.90974030379527,47.785624537866326
1778412514,4736,2117.657980657374,180.826450764894
1778412514,4737,1799.2354821615536,147.88231045183318
1778412514,4738,1179.221477622954,134.9589476593029
1778412514,4739,430.43762211916123,168.22222238626986
1778412514,4740,1589.0853217586634,127.5326658886584
1778412514,4741,593.1484755099063,66.62000859998753
1778412514,4742,322.18666915099993,166.2476117384302
1778412514,4743,370.6195399664935,167.9904318795375
1778412514,4744,1937.5292557452199,170.17342197232747
1778412514,4745,1378.1170613950817,153.9568999803382
1778412514,4746,597.1784785359396,188.47521599353567
1778412514,4747,306.6810993289838,137.55715023854324
1778412514,4748,480.4648648957566,96.21180949229995
1778412514,4749,473.0910344308671,98.96809405291296
1778412514,4750,976.5860853475701,127.74294542975775
1778412514,4751,1116.2285024450337,200.20242851670395
1778412514,4752,884.6752670286687,151.81237272635934
1778412514,4753,460.0301283800397,76.58054000627195
1778412514,4754,600.8911238206359,236.02874246122227
1778412514,4755,6499.171083469463,160.33251034900266
1778412514,4756,336.41773741636723,32.87423081517683
1778412514,4757,371.05860253377773,48.79094530982961
1778412514,4758,1302.8418904506534,168.31005129762102
1778412514,4759,949.7314393100579,156.58148958904493
1778412514,4760,434.8627139877967,172.97238330468656
1778412514,4761,1179.5452620992182,82.28052592003284
1778412514,4762,523.1944792634444,172.5386199692256
1778412514,4763,974.3142331160282,131.50252367905472
1778412514,4764,1398.4316717746285,45.68062402373825
1778412514,4765,158.2823347021196,84.99363512076553
1778412514,4766,1004.6657817948,44.31725016876891
1778412514,4767,752.1323292983396,214.69807415213558
1778412514,4768,197.43730879332952,44.51078211523896
1778412514,4769,786.8307571401601,189.59332747709908
1778412514,4770,695.0333859365755,75.63826491712862
1778412514,4771,1728.8529099262812,159.17723528568757
1778412514,4772,710.1432779123254,167.1189162185516
1778412514,4773,522.9846698819399,162.11157776643063
1778412514,4774,848.0129522414114,167.37253686011366
1778412514,4775,1125.5159183407686,198.72702045113587
1778412514,4776,410.0200575996638,119.5961248959676
1778412514,4777,243.10925214462677,29.096614437918916
1778412514,4778,373.81313619519,253.35723764900447
1778412514,4779,441.2967691059109,218.47211231335467
1778412514,4780,1774.0013448527216,155.70299556602657
1778412514,4781,487.8665541229419,126.15819449350204
1778412514,4782,3686.701895675353,170.17219296576403
1778412514,4783,1291.5797303486756,157.92733847433328
1778412514,4784,969.5826907438408,152.1895240303522
1778412514,4785,1068.6556702052437,56.10366677150093
1778412514,4786,1275.0014663895154,190.2730095351588
1778412514,4787,405.64821861217285,206.9195682159465
1778412514,4788,696.532679307266,116.56810607096637
1778412514,4789,1427.4543401791645,184.5706306886035
1778412514,4790,207.5490829290376,68.16816449240837
1778412514,4791,878.7081206338034,234.89396074073633
1778412514,4792,1038.1387169519487,102.15700089991377
1778412514,4793,816.1937430910715,180.14402492317413
1778412514,4794,366.2695827809365,188.58962678437757
1778412514,4795,1412.9852259590116,175.50623148344934
1778412514,4796,835.923486091849,133.68587636556623
1778412514,4797,547.9298240256991,136.47493615444225
1778412514,4798,343.8149662774243,124.37152301927044
1778412514,4799,559.5884298426158,189.37827041901983
1778412514,4800,2395.3803304128996,112.30389046580743
1778412514,4801,2074.6189969685543,134.90093671578808
1778412514,4802,196.2963044812567,107.8293625725011
1778412514,4803,1202.1396991252275,147.55546284939024
1778412514,4804,1676.7271201192336,94.54335241406763
1778412514,4805,2844.8878439932737,101.81183717738874
1778412514,4806,372.8396868529226,200.29838333868483
1778412514,4807,221.97886084521417,42.4896800933575
1778412514,4808,198.57182853095213,97.95610094836455
1778412514,4809,483.578116726655,61.4416028191358
1778412514,4810,590.9275957583515,230.73061951788821
1778412514,4811,1133.9715946442689,230.657519859703
1778412514,4812,901.7458581408831,202.80616907945986
1778412514,4813,135.8869774977403,59.795564750514124
1778412514,4814,1436.4497428723726,168.22177829962666
1778412514,4815,329.198815489573,136.16052155684417
1778412514,4816,534.3626201588236,63.59418461403045
1778412514,4817,1326.0557913368118,181.44114649598433
1778412514,4818,850.2993723497005,139.29983647860553
1778412514,4819,1369.579620164555,126.29443310611825
1778412514,4820,320.7917331564799,148.01791722118293
1778412514,4821,512.2335654508832,199.29016388015177
1778412514,4822,509.2893358910156,101.96319328219978
1778412514,4823,269.5033778766927,162.2477414016826
1778412514,4824,509.41644877521077,80.50330690809723
1778412514,4825,1187.6520508444225,127.47877411532068
1778412514,4826,90.81758206127938,39.813041012118
1778412514,4827,1631.2381471901992,111.42514053244916
1778412514,4828,1016.9373845074192,143.6889526775692
1778412514,4829,580.8791127707873,53.45828869879704
1778412514,4830,969.9226051838126,207.46891588576196
1778412514,4831,893.5221815104813,94.10558785994387
1778412514,4832,1174.1947229213265,178.83371463458718
1778412514,4833,337.2695298220019,217.78691214830906
1778412514,4834,1111.098072699307,168.89975836897034
1778412514,4835,390.26213132353837,38.01470047809492
1778412514,4836,592.3395393034144,203.6233693775328
1778412514,4837,324.8810306126595,38.237764561234734
1778412514,4838,358.81961448244243,144.40542144078745
1778412514,4839,160.03737630454322,98.69332255708001
1778412514,4840,396.45407021400763,35.02291424024629
1778412514,4841,207.56113807477217,74.73986616847496
1778412514,4842,698.9545263938389,208.61588866649097
1778412514,4843,449.0958560039601,228.72628583486315
1778412514,4844,542.8530033801783,31.82577363021887
1778412514,4845,907.0481382581664,51.78496323256972
1778412514,4846,1660.7540206235674,172.96140306512427
1778412514,4847,2973.802559530774,178.68138725153395
1778412514,4848,750.3175459231293,197.50939709024564
1778412514,4849,550.7274833852259,175.80152038681058
1778412514,4850,1509.535647503896,162.49991487903623
1778412514,4851,178.12865370553848,206.9938987377733
1778412514,4852,1749.1959936279818,120.87563944588334
1778412514,4853,592.1076253496396,58.337690042160624
1778412514,4854,127.49950977959952,84.89641094969683
1778412514,4855,464.4109183323023,193.27404570764367
1778412514,4856,536.3870972829474,63.28691250828568
1778412514,4857,483.5204506808236,68.90532977877697
1778412514,4858,1594.9711262800695,52.035178172402965
1778412514,4859,850.5027816681464,230.60077370011092
1778412514,4860,210.68018334492106,41.81249955301255
1778412514,4861,302.0505907173311,210.56636196309736
1778412514,4862,363.38176627248595,184.36487098282907
1778412514,4863,423.62217323186394,135.62091422379757
1778412514,4864,1285.7881554495402,170.18495807785152
1778412514,4865,915.4351183378202,135.87452693379197
1778412514,4866,299.10049799312367,142.26644419030245
1778412514,4867,582.2135394474019,58.43307446692674
1778412514,4868,1351.5219070837177,231.6462572932815
1778412514,4869,231.780013422264,58.8927535326613
1778412514,4870,2045.8916095571042,135.91140208577363
1778412514,4871,1109.8257704013788,170.20857367553836
1778412514,4872,1295.9600828893854,146.77887355756536
1778412514,4873,515.5020254564503,69.62214017183125
1778412514,4874,335.11297342368795,36.83414017400621
1778412514,4875,511.2078263456966,213.63448708541327
1778412514,4876,1710.3727664094272,190.96811258735184
1778412514,4877,2553.0234714918483,128.696807741162
1778412514,4878,252.79388934972246,26.105319874918518
1778412514,4879,833.7946534042694,189.7437243883888
1778412514,4880,3530.302767481336,132.21140733125614
1778412514,4881,190.5766842348683,162.8321437817757
1778412514,4882,808.1621031972352,42.94160767820495
1778412514,4883,729.5834051595399,127.9896528742285
1778412514,4884,414.6283405826424,117.09367284662117
1778412514,4885,1094.5831230920292,154.4644937936804
1778412514,4886,1005.8087308911792,162.39934060119606
1778412514,4887,1132.6648695163037,190.1017659938866
1778412514,4888,1473.8636657485865,53.36005744871086
1778412514,4889,268.007301343557,38.974801586359234
1778412514,4890,138.10397336578473,32.211535323563595
1778412514,4891,341.555517305505,218.74651047989926
1778412514,4892,930.2254989646227,60.15141483988613
1778412514,4893,276.02145878471424,75.35907989859903
1778412514,4894,2173.070997401184,111.25043421390384
1778412514,4895,787.230790443265,155.47798378651237
1778412514,4896,1514.9389815942852,124.14165315338509
1778412514,4897,802.3137791076438,117.55992726219569
1778412514,4898,732.0579297327622,59.24133801224655
1778412514,4899,2842.3487382952217,44.73530451563198
1778412514,4900,667.7778523673935,249.58830101010759
1778412514,4901,183.8103890565763,96.06855705748437
1778412514,4902,473.28003527441933,179.47629903276413
1778412514,4903,496.89517339372725,183.8244163970325
1778412514,4904,399.58898563676723,66.82423890375263
1778412514,4905,274.9229259066397,83.90848001669639
1778412514,4906,1476.6140654568244,208.18704113698817
1778412514,4907,675.5292146046363,213.83142278360165
1778412514,4908,447.7427758710603,118.94074742392192
1778412514,4909,544.5332340346202,189.43369586376954
1778412514,4910,1569.1156207704541,139.89114325719305
1778412514,4911,139.17451760524457,70.35044343692068
1778412514,4912,498.1627744921926,256.468535489913
1778412514,4913,179.6772692611271,134.06366956138802
1778412514,4914,1658.0103475775597,83.38402335942128
1778412514,4915,1126.4640920977074,65.52790747466348
1778412514,4916,995.0239434768728,194.199844073676
1778412514,4917,391.07332627379543,114.29231384979082
1778412514,4918,528.9434777823582,47.45462106400026
1778412514,4919,1113.4472712454863,145.02993743658547
1778412514,4920,1313.2734763384547,51.18523690193012
1778412514,4921,1386.4423346702479,192.342258029964
1778412514,4922,3028.145710813837,129.12249079389946
1778412514,4923,309.5074758302682,238.8314272461658
1778417579,4924,430.1906725174977,56.92461861304113
1778417579,4925,1461.5219548194955,85.71567892369278
1778417579,4926,567.3749143672707,38.64916448422356
1778417579,4927,1739.1192965489975,169.6134726957937
1778417579,4928,1003.8219855636479,150.09223878182422
1778417579,4929,834.2917798797499,194.2145995710849
1778417579,4930,1346.2944625862492,179.56573029605337
1778417579,4931,204.4855113716082,197.5973646606687
1778417579,4932,461.43064234485206,253.22741205929805
1778417579,4933,4056.2866621442868,151.38064727254527
1778417579,4934,735.6378668918278,73.16229003409774
1778417579,4935,957.6125599606352,96.15422365275049
1778417579,4936,397.51371368702,136.86512300977085
1778417579,4937,2007.7106344070846,164.16473869480924
1778417579,4938,1567.1132907630533,160.25048502505436
1778417579,4939,598.5280596387619,187.5047527170079
1778417579,4940,375.3759823018701,141.94661769135644
1778417579,4941,566.498097289245,70.81284173296345
1778417579,4942,251.10106685369746,24.81121906461187
1778417579,4943,329.89901619505974,196.80119524319508
1778417579,4944,7539.451964299362,94.54806230783437
1778417579,4945,448.67234158977647,35.24338568688495
1778417579,4946,283.8781888376096,35.86160943505448
1778417579,4947,189.35309316738383,89.35371332162886
1778417579,4948,231.70658093875636,129.44486932145105
1778417579,4949,451.764545101798,104.90796841298274
1778417579,4950,811.2427623741054,47.144303510724605
1778417579,4951,302.2329865585598,196.36201221606296
1778417579,4952,1120.6094314571271,202.63974385029456
1778417579,4953,1121.4210291817587,131.37545139532486
1778417579,4954,945.7869988461938,161.30628491447055
1778417579,4955,231.71289711605098,69.44433442528046
1778417579,4956,784.0409921537766,197.16694467541137
1778417579,4957,507.5145975931552,203.39336099388916
1778417579,4958,571.6740527712846,88.73604659460536
1778417579,4959,721.938219685585,40.294990149172115
1778417579,4960,976.4124193775483,168.60954129125892
1778417579,4961,1353.4969856051248,128.0565616239438
1778417579,4962,388.13697612432503,208.72826903469985
1778417579,4963,558.0174979615095,210.93201234642305
1778417579,4964,254.64316077790292,191.92812963297465
1778417579,4965,191.72482933545547,24.229669596254347
1778417579,4966,691.229549271156,178.09930854121353
1778417579,4967,1127.512077935989,214.85424153228035
1778417579,4968,1002.5628579629882,121.20995848986047
1778417579,4969,936.6423903023268,221.5932360613021
1778417579,4970,1749.3653476097281,168.31405883395558
1778417579,4971,119.85614615009271,36.78592664704031
1778417579,4972,1494.9530431403498,152.70820240201468
1778417579,4973,2074.055028211197,121.3152318295681
1778417579,4974,569.9394216872571,34.43162256964759
1778417579,4975,1356.2575040900358,179.18425873505794
1778417579,4976,706.5001501140554,207.11775504027432
1778417579,4977,281.6173516680436,69.11126430478235
1778417579,4978,866.0156831762042,193.80820189849373
1778417579,4979,274.07492831676575,31.68516704368937
1778417579,4980,252.079285434865,63.151083860496584
1778417579,4981,569.2897763715717,203.55618963822647
1778417579,4982,609.5045485064736,233.782855697242
1778417579,4983,1303.2498138562514,170.18165067096265
1778417579,4984,2034.3331203939752,161.82112014176738
1778417579,4985,557.1014600330014,234.84697663346014
1778417579,4986,867.8207021563413,216.75632826509406
1778417579,4987,1825.4388014249225,191.20941891783556
1778417579,4988,641.7182189691442,60.60884017707785
1778417579,4989,450.74941792159615,240.08237272432382
1778417579,4990,278.43648660238773,64.98261251280586
1778417579,4991,168.5589245545855,74.59917840735706
1778417579,4992,577.6349077542751,227.76645155138252
1778417579,4993,1164.9994256628352,146.0797428356241
1778417579,4994,363.7825010968701,94.27183644881245
1778417579,4995,145.02947266939998,53.05199890399048
1778417579,4996,1783.060185763836,89.65932743112148
1778417579,4997,164.75549214262156,49.438031519795274
1778417579,4998,773.1885644690444,119.92575962465479
1778417579,4999,1547.2358481203041,177.93549667289676
1778417579,5000,1246.9121910715087,191.04357937775373
1778417579,5001,1373.987726134739,155.91603279244015
1778417579,5002,148.41832590699036,126.8810210761412
1778417579,5003,991.6705186160573,218.16858086981745
1778417579,5004,473.6878613885315,164.12844985356557
1778417579,5005,257.10708906802057,35.368444699827926
1778417579,5006,4037.1292353336466,170.58300770617302
1778417579,5007,1248.2335927926972,106.60000278915426
1778417579,5008,2186.4977534098257,206.93317744501138
1778417579,5009,358.1543172973892,203.02418159789903
1778417579,5010,388.13767522081605,188.9333663975875
1778417579,5011,1144.6310434141526,137.56204453814306
1778417579,5012,150.40516400509307,79.06629574003425
1778417579,5013,755.1196134375583,204.43840555699953
1778417579,5014,448.8292462951512,194.36785084404215
1778417579,5015,950.462725790951,200.0392476598383
1778417579,5016,843.5919547983519,65.43722730323115
1778417579,5017,1031.622952380313,150.90592467121846
1778417579,5018,714.6964019647946,200.96133878810952
1778417579,5019,371.74173487287464,199.47875519746606
1778417579,5020,368.1850012735724,129.31938213287444
1778417579,5021,2088.653370917903,157.23448113972694
1778417579,5022,1052.0526779608545,193.7911350652604
1778417579,5023,279.07994886985165,145.37884808953285
1778417579,5024,498.58241651897015,217.7313913715499
1778417579,5025,1177.36939092548,59.531206484975485
1778417579,5026,585.6506721199244,124.79912038840936
1778417579,5027,609.4561969157993,204.88113363444614
1778417579,5028,595.2834250813254,204.38305189664374
1778417579,5029,361.0029963151329,220.37556738102282
1778417579,5030,1873.5970804458675,127.73652649378175
1778417579,5031,196.391536442977,212.98340240262135
1778417579,5032,500.46907104199545,38.81495018654712
1778417579,5033,1874.8528588236136,196.8162720687334
1778417579,5034,477.8193774499935,158.83180834219124
1778417579,5035,540.7809252605628,225.12512163947358
1778417579,5036,567.9186124929901,176.51404153392414
1778417579,5037,705.1676830136108,205.296630631168
1778417579,5038,941.765556633749,45.206951223187595
1778417579,5039,444.4080898919884,63.03105884450745
1778417579,5040,542.6456718035404,154.6104543173308
1778417579,5041,1417.2062667548032,138.33414500274984
1778417579,5042,1207.2668521329965,172.20603024339405
1778417579,5043,647.4892278079956,144.54472611284143
1778417579,5044,1055.7992294474896,201.3405462578713
1778417579,5045,958.1861049650748,170.0306184023131
1778417579,5046,631.3726310342919,35.91927171183114
1778417579,5047,1129.8280485347207,150.02743810849805
1778417579,5048,603.0928974654287,180.621920403122
1778417579,5049,182.58016512007353,43.970060612361216
1778417579,5050,216.01904470731367,42.58876465567356
1778417579,5051,1161.5102253040463,143.87874596824182
1778417579,5052,235.13299269631818,116.95998371455364
1778417579,5053,1490.2085790470587,154.0819612099908
1778417579,5054,145.15963693191046,9.602300775982085
1778417579,5055,179.8725542700142,45.46444883979944
1778417579,5056,225.440752894269,200.2864769034631
1778417579,5057,1574.571279535025,162.1910404297913
1778417579,5058,692.3394244673694,241.82363959729463
1778417579,5059,1360.9006446011851,163.085666468003
1778417579,5060,755.3183375917781,126.30936923772404
1778417579,5061,232.53553076595924,31.530403730698517
1778417579,5062,1271.256012232312,159.6584699351719
1778417579,5063,246.65587514939057,137.18240235563852
1778417579,5064,771.6415779681594,120.97902028262747
1778417579,5065,485.84071676774334,24.605267719945406
1778417579,5066,1436.8488269137572,172.68837737075364
1778417579,5067,413.7513286624964,89.0657068353369
1778417579,5068,1392.9935566167787,205.3050821328792
1778417579,5069,1343.5462905253776,150.08656223137055
1778417579,5070,670.4456503767408,214.00646450296045
1778417579,5071,758.2130003865523,155.46991894415598
1778417579,5072,442.00072726056976,218.87731248626767
1778417579,5073,212.39737394659772,155.19752171001704
1778417579,5074,516.5907189560885,183.61331425534388
1778417579,5075,1036.7790186267553,112.77138938500028
1778417579,5076,743.396287772073,186.05188453343007
1778417579,5077,278.30286357090733,59.60961613875815
1778417579,5078,294.07798530181185,78.84709646242584
1778417579,5079,790.4300814866534,158.13761287177556
1778417579,5080,146.17149849678154,36.47320077521318
1778417579,5081,1533.3185918691468,135.9332795817806
1778417579,5082,575.5304647746761,159.74895405429567
1778417579,5083,769.7567415206418,29.919185667204395
1778417579,5084,3759.9636077110345,147.32578027202229
1778417579,5085,499.7574500906784,105.71685440654689
1778417579,5086,1233.485067702094,146.13398455016377
1778417579,5087,1167.4651164224497,114.32057308613726
1778417579,5088,577.2745263140769,189.40317289716907
1778417579,5089,569.3363795426737,74.95434225072009
1778417579,5090,1390.3411863791018,143.49604416883008
1778417579,5091,1069.3619202866726,134.07194824364174
1778417579,5092,341.77285435807016,63.08650994850941
1778417579,5093,772.6559087292236,134.27727303304735
1778417579,5094,1068.9301636305836,166.8891569223002
1778417579,5095,256.8856049516066,72.65020858979341
1778417579,5096,545.3337275423546,116.57224818792528
1778417579,5097,1027.4407833189186,142.88414022583748
1778417579,5098,1209.518607666877,149.94384322003344
1778417579,5099,422.3841783786483,179.31463637852937
1778417579,5100,255.94909650262875,120.94166185745634
1778417579,5101,141.83740370058578,83.99046271497775
1778417579,5102,1318.768297047109,165.97333197236395
1778417579,5103,1671.203954813559,158.25235017419448
1778417579,5104,528.8193196079814,217.80138196468482
1778417579,5105,673.6986473977635,198.53541252129665
1778417579,5106,185.31112287106433,176.36338421808725
1778417579,5107,1639.0854783627128,162.0384831882419
1778417579,5108,1295.9605444257018,144.20159450208502
1778417579,5109,291.36811473213066,72.45462395960469
1778417579,5110,2539.3625732662845,139.76868205808017
1778417579,5111,1488.8531107092701,182.90711752752432
1778417579,5112,762.2034691310462,160.49719881143747
1778417579,5113,1388.427146336721,201.13618235794374
1778417579,5114,1391.2905697347144,182.0705599887277
1778417579,5115,565.373021107046,212.07852557162
1778417579,5116,669.2417554981411,67.7910158741439
1778417579,5117,1667.6974084760243,156.68896835867696
1778417579,5118,604.784240735738,173.47217881707334
1778417579,5119,458.0777823480531,199.0419051616333
1778417579,5120,352.44524697092123,236.20746329177982
1778417579,5121,560.3007730949076,181.65546339917572
1778417579,5122,1702.8208247788662,181.63954853764082
1778417579,5123,1180.8326078244309,154.5889552179078
1778417579,5124,275.53842290157706,125.0378898943152
1778417579,5125,1799.4440697614473,173.4650989836546
1778417579,5126,1198.9429601747302,169.16936105741874
1778417579,5127,1010.1510809822063,78.98188680081229
1778417579,5128,1016.5630566688856,116.7869003818583
1778417579,5129,348.22017457874927,152.37042759175299
1778417579,5130,679.4111393318424,59.540876469317666
1778417579,5131,495.32139782757093,131.79322684580023
1778417579,5132,127.66585189393665,85.75970144780894
1778417579,5133,325.76541922763374,99.93411157590661
1778417579,5134,1485.929301217006,49.41509020484802
1778417579,5135,948.1364208129538,101.85600776588042
1778417579,5136,671.7104227418764,194.14942936697406
1778417579,5137,1114.182584438414,152.46367788162698
1778417579,5138,1709.9178473923612,87.90210857390568
1778417579,5139,478.4059289591145,79.21085542239898
1778417579,5140,632.5768440948036,189.05969322750317
1778417579,5141,520.0999758855143,35.677734800115864
1778417579,5142,900.3163642811057,95.93309558927614
1778417579,5143,484.91678760433837,130.45117105076307
1778417579,5144,2228.610990852915,99.00755889262163
1778417579,5145,329.130514481283,250.18653002633653
1778417579,5146,589.3109569478958,155.17420794670886
1778417579,5147,2501.5714241308397,171.6352513807661
1778417579,5148,598.2705218961223,192.48381841580022
1778417579,5149,1302.9052556156537,113.94930758650344
1778417579,5150,609.3660648540753,174.93402297332048
1778417579,5151,519.8423053094727,209.4581368997489
1778417579,5152,2045.6529695693223,152.9728391548185
1778417579,5153,250.8119806901098,123.06606037297085
1778417579,5154,1042.303094760413,110.47358668672348
1778417579,5155,2216.507278917404,176.71937253782036
1778417579,5156,406.33557076846085,45.664958072721404
1778417579,5157,323.5569051981569,250.72891389316197
1778417579,5158,467.3709502546582,51.746519952562934
1778417579,5159,1173.6438935205183,146.2532744224161
1778417579,5160,418.7169808682561,200.78133348494737
1778417579,5161,599.4813175253103,146.88161574869335
1778417579,5162,1147.7539555634069,57.12239971431169
1778417579,5163,1385.2352737142267,179.1961918261922
1778417579,5164,767.557565913782,235.34770928858555
1778417579,5165,341.4780764961436,37.35113759145489
1778417579,5166,621.2885597587849,190.3755857746407
1778417579,5167,1175.4296252254205,163.00824175868686
1778417579,5168,467.50185405045517,36.01154039251449
1778417579,5169,3735.9489860853105,75.487976804054
1778417579,5170,686.2552775880267,209.1412666295631
1778417579,5171,308.58273174897323,111.68329018310429
1778417579,5172,1365.2983671442485,163.03826024669777
1778417579,5173,3842.4389372417827,140.38017395914218
1778417579,5174,351.3564290323577,207.81508648395976
1778417579,5175,397.0488122431996,202.3122967728663
1778417579,5176,344.02688230365584,46.275931987427796
1778417579,5177,1118.7139510929635,117.66639361380894
1778417579,5178,1425.5902612419097,179.526666217564
1778417579,5179,3101.7976484674687,143.31647454483365
1778417579,5180,543.8520557056147,214.4261238696373
1778417579,5181,574.4596310941588,207.01449510867297
1778417579,5182,2021.704214063683,117.80453021979504
1778417579,5183,302.2840650054975,18.683290216946677
1778417579,5184,1661.8365479969927,112.22578937032027
1778417579,5185,106.96491322706781,38.78493825735437
1778417579,5186,738.1004735376822,232.83683025487238
1778417579,5187,400.8209991387975,62.966037980662534
1778417579,5188,380.2587539542423,159.99234418850617
1778417579,5189,335.5246789153159,263.5666117355685
1778417579,5190,447.6016655303431,68.0547487773188
1778417579,5191,554.7482591237182,105.32027639938762
1778417579,5192,1125.793647544112,180.8806524949368
1778417579,5193,1206.2673971918537,178.420526170979
1778417579,5194,567.319661336301,158.4773555144094
1778417579,5195,1515.664493008324,137.5858852530301
1778417579,5196,438.1613633970819,244.08494824026474
1778417579,5197,1064.0112391321193,89.23987826061062
1778417579,5198,1400.897006312824,200.71709238666526
1778417579,5199,374.55010656950293,65.04939029575488
1778417579,5200,1703.5960295792786,118.52590338518657
1778417579,5201,373.7703631068889,181.9358716110519
1778417579,5202,503.1028903314509,142.81717736243846
1778417579,5203,2445.7501191790493,87.06878153532807
1778417579,5204,1565.864013935738,126.04709711722535
1778417579,5205,2671.4399029887873,120.98022325066852
1778417579,5206,1767.2615765328635,126.70961412474657
1778417579,5207,2140.814510510158,155.69837866095952
1778417579,5208,977.7745666680534,177.00034238301828
1778417579,5209,549.7968222275183,231.73498614404798
1778417579,5210,876.2487057816433,181.12546161882852
1778417579,5211,3031.538705796691,73.73165300199199
1778417579,5212,2396.827966905619,89.47340033955594
1778417579,5213,2864.8132651881756,118.85806721665527
1778417579,5214,692.1765168231374,222.1786241450114
1778417579,5215,691.5418267292509,45.42072940237906
1778417579,5216,2080.8703011999,84.01255827059991
1778417579,5217,1262.287027399311,199.04118086138723
1778417579,5218,1415.4529475479646,124.49661544061142
1778417579,5219,206.88318997331726,251.56034687501918
1778417579,5220,1383.1814828351635,166.98601533562044
1778417579,5221,442.3001270696521,157.044859029864
1778417579,5222,2831.432415817805,132.15045875636224
1778417579,5223,759.2537664744638,214.8365885247818
1778417579,5224,334.7812574591495,227.36595366957076
1778417579,5225,783.1988114819253,209.84710208997643
1778417579,5226,156.8543904705599,43.157625025715014
1778417579,5227,268.64494539758414,290.7198447188463
1778417579,5228,5936.738858614061,89.89890908828554
1778417579,5229,1249.3793211543034,97.56309853098085
1778417579,5230,782.9185303832121,136.49175418383436
1778417579,5231,335.63027847632895,186.76831895099852
1778417579,5232,299.7224658306476,250.31463467616277
1778417579,5233,1127.0978290673827,215.46637146318108
1778417579,5234,215.39465475206566,133.16968761985518
1778417579,5235,817.7485098065151,135.5500872381037
1778417579,5236,1277.0856857713882,124.60668094431851
1778417579,5237,929.7791646070694,163.79727314343174
1778417579,5238,261.2368348014305,290.651117808357
1778417579,5239,82.26081775984673,23.59699976514985
1778417579,5240,611.7652107897085,219.5414884235398
1778417579,5241,356.07741992295223,121.10147738573872
1778417579,5242,1066.2180903355004,203.64730462663857
1778417579,5243,1139.6992055582139,154.5417017934147
1778417579,5244,232.02901038631134,102.77108959011615
1778417579,5245,1037.8172268557034,120.06423738237734
1778417579,5246,461.0048973644632,115.69854547205759
1778417579,5247,624.4096119953525,256.23647239384474
1778417579,5248,467.7547032561269,242.84797349587285
1778417579,5249,463.7978723130639,117.27966391729021
1778417579,5250,1219.506469011637,109.59739582127092
1778417579,5251,361.71409528083444,238.78067665891413
1778417579,5252,484.7134840290927,220.08137061379827
1778417579,5253,845.7300750330264,203.79538032198778
1778417579,5254,675.6379351925284,32.359693657326574
1778417579,5255,1328.1364540006628,126.44477046527344
1778417579,5256,289.39235102012185,41.071429837969916
1778417579,5257,779.7597218116807,89.23578446223107
1778417579,5258,1500.6784251623594,144.90183400118457
1778417579,5259,1177.1867904251044,89.53958762502867
1778417579,5260,271.9439897489068,45.845682994762974
1778417579,5261,206.67352047021993,188.04373391581996
1778417579,5262,546.9734126782076,257.41068344819104
1778417579,5263,564.6320061261783,39.592620910797955
1778417579,5264,355.48270075315236,138.05436977912956
1778417579,5265,638.4040287769787,226.1713786795491
1778417579,5266,465.9625351878548,138.76611891027144
1778417579,5267,607.816139039111,86.51959380104637
1778417579,5268,1541.0912361123378,175.47743312588017
1778417579,5269,185.92727075901087,52.712715556272435
1778417579,5270,825.2303144401878,207.3654798580158
1778417579,5271,1016.7037244578954,172.50281776078572
1778417579,5272,1362.4547488764583,187.55444693116726
1778417579,5273,587.4277418287447,121.76807933533739
1778417579,5274,1463.2556392893584,156.87046445395512
1778417579,5275,595.3829404114981,63.58971850244345
1778417579,5276,443.12754890382826,59.108489836452414
1778417579,5277,999.2519456108322,131.55102849729892
1778417579,5278,1304.8576218159592,177.5963113500522
1778417579,5279,580.6728094116485,197.20729685517426
1778417579,5280,1116.4534412777623,230.3745947444737
1778417579,5281,1236.9707518559294,177.27374769550858
1778417579,5282,533.8515103430359,235.21624562089275
1778417579,5283,741.2669168378544,184.16426266159925
1778417579,5284,856.3102635873568,207.41214909544098
1778417579,5285,719.545572198207,83.0106845341905
1778417579,5286,249.22375463082344,252.33784686412787
1778417579,5287,1058.913929530353,119.68198425864604
1778417579,5288,180.498176134261,23.902006409016035
1778417579,5289,667.6814809854166,173.98558466238248
1778417579,5290,282.2887358606578,124.8386001875592
1778417579,5291,891.2305736917918,182.62700799268694
1778417579,5292,624.7355850855952,62.73877706831007
1778417579,5293,714.2818885105642,206.21875182397517
1778417579,5294,1207.524949288445,196.028080369759
1778417579,5295,3756.701373166533,161.82820979978422
1778417579,5296,603.9625891751406,193.71112075997442
1778417579,5297,617.9153461000068,189.29651154347832
1778417579,5298,671.5024189238995,189.1177075414727
1778417579,5299,566.795178342617,189.06705178613458
1778417579,5300,1218.3261986142254,223.38358472133405
1778417579,5301,507.577317301326,178.88345128849753
1778417579,5302,938.0901792063822,150.07461211070927
1778417579,5303,397.1689024921939,260.9736719853474
1778417579,5304,509.1392626641366,219.9007554396294
1778417579,5305,1013.3010122590956,37.67090582754892
1778417579,5306,923.1917781939911,182.7741490959326
1778417579,5307,836.7591726716283,238.11714559729975
1778417579,5308,864.3142680989148,194.88123285121708
1778417579,5309,831.909029129292,176.66956214222043
1778417579,5310,363.85913290634727,53.20057211137276
1778417579,5311,339.9820205440638,138.70845145303434
1778417579,5312,1963.9542059802166,51.153853821471884
1778417579,5313,518.5659161712575,159.30379849443813
1778417579,5314,461.03743864412223,109.10674416065226
1778417579,5315,525.1579845293794,192.80103341542696
1778417579,5316,486.738818205327,120.46459480889092
1778417579,5317,1258.1729863360383,38.32573089823216
1778417579,5318,826.2740676771723,175.18629324914957
1778417579,5319,1510.5829197139765,99.82939121806997
1778417579,5320,1530.5811695484444,174.298977530376
1778417579,5321,544.8859807274747,49.03552052043182
1778417579,5322,471.87061910037164,193.77337061123893
1778417579,5323,1272.1042900511104,156.13574091743158
1778417579,5324,1207.9609050704332,28.36545955092438
1778417579,5325,1220.6747219619988,54.861015863814394
1778417579,5326,498.4159437950843,171.21919326487827
1778417579,5327,335.6243025703924,230.28822327392214
1778417579,5328,1153.325403236072,169.4733386078301
1778417579,5329,1839.661780902251,155.2118911444438
1778417579,5330,935.8800308024582,176.52558616268132
1778417579,5331,965.0060741097329,62.18160547057392
1778417579,5332,214.56690556899648,28.89972920350189
1778417579,5333,1242.107767923628,50.03860972256949
1778417579,5334,433.803681223826,49.70610408288369
1778417579,5335,446.545020748055,114.41493625335586
1778417579,5336,449.53921030554716,183.63403938227594
1778417579,5337,1184.4534073021678,205.76097943771066
1778417579,5338,1007.6295505999424,154.128277375164
1778417579,5339,900.5296189267252,194.8611714254561
1778417579,5340,197.36151967462064,83.90090357465589
1778417579,5341,412.66437205412643,126.91217177150413
1778417579,5342,155.94648677735907,52.00150865603649
1778417579,5343,158.10663745103867,176.7982726118061
1778417579,5344,670.9045413948733,194.11585868619295
1778417579,5345,434.30685331065916,219.92048396771875
1778417579,5346,295.45033429704677,37.127488392010655
1778417579,5347,1670.6122695511594,191.9703675629035
1778417579,5348,219.59891668228565,54.25648311886777
1778417579,5349,948.0877082232207,195.1317066213561
1778417579,5350,201.34926651272497,68.98880930296218
1778417579,5351,717.4373910824514,48.16517121555777
1778417579,5352,1479.1684727919364,187.59795953734192
1778417579,5353,2311.0207012054993,116.93406321041184
1778417579,5354,362.61611711219246,34.58515469766548
1778417579,5355,642.2085889974638,266.2252026479731
1778417579,5356,794.5348994940646,210.91247629503667
1778417579,5357,759.2546380848501,72.48557732877781
1778417579,5358,894.4276378824537,177.27379673802727
1778417579,5359,1000.5519060119777,232.64325089136773
1778417579,5360,981.7279978517605,47.90821432547313
1778417579,5361,449.55844191899985,203.94352974979427
1778417579,5362,1423.0795439810106,135.2589357189934
1778417579,5363,329.73705776902887,63.71645365758227
1778417579,5364,1493.667645228195,110.2504341003439
1778417579,5365,2193.843438480118,127.13466977905816
1778417579,5366,339.0147540085391,242.33827033660287
1778417579,5367,307.29422684021586,105.445000282895
1778417579,5368,272.5918701306137,179.85241694928098
1778417579,5369,808.6281186437643,202.5750853734809
1778417579,5370,2078.571801101259,59.55242620877671
1778417579,5371,532.2917826576652,31.23328413295847
1778417579,5372,1985.7914402138315,83.08212036825178
1778417579,5373,1131.2388845443436,39.344743180399014
1778417579,5374,712.44441669829,171.47042999653695
1778417579,5375,594.1378564807529,308.3920384479461
1778417579,5376,424.2614806511441,199.54317906659583
1778417579,5377,400.43672203046646,74.0270741148586
1778417579,5378,691.2005516385983,218.69210302558565
1778417579,5379,236.30543786012348,53.48277088920383
1778417579,5380,428.2952391192304,288.5892661190476
1778417579,5381,813.9937940362109,242.3433300459988
1778417579,5382,496.5571362658503,46.9218099074713
1778417579,5383,631.957917795972,211.91605108829708
1778417579,5384,408.51969562185303,141.11030710579004
1778417579,5385,503.6167534930343,247.79130620641058
1778417579,5386,1098.0070897963028,202.4158843104484
1778417579,5387,2330.058028452651,171.0581773033492
1778417579,5388,880.3533023232194,34.83184601320144
1778417579,5389,508.36587869053426,150.50542366095615
1778417579,5390,504.3531326810393,198.74745756370825
1778417579,5391,455.90652506427375,258.82686381945365
1778417579,5392,1308.0580418140617,76.9326904382204
1778417579,5393,213.6480719048277,108.94068935182496
1778417579,5394,476.68959480510784,114.16835715008663
1778417579,5395,1049.2265367237196,148.93502058604042
1778417579,5396,528.8250984582426,204.11010453593244
1778417579,5397,579.7271289846894,144.4935581485067
1778417579,5398,484.7614272530957,188.54662562073898
1778417579,5399,656.1935572422404,95.39968565301429
1778417579,5400,774.833358889026,45.07099215157626
1778417579,5401,1045.8817030796556,116.08859214669594
1778417579,5402,478.456587934815,136.3738708099941
1778417579,5403,369.2763168858195,113.1908160939817
1778417579,5404,215.62588982145743,96.90903997746291
1778417579,5405,706.2315778914225,243.0493589895622
1778417579,5406,403.0011741182497,222.77994765863133
1778417579,5407,839.766485040843,157.6080118618764
1778417579,5408,2447.0511926156883,110.1861121196118
1778417579,5409,505.17919061047564,245.92756804320223
1778417579,5410,383.60180898915814,20.728060878368165
1778417579,5411,574.6722547184448,143.6484039055395
1778417579,5412,138.70308258442955,47.69344740953468
1778417579,5413,466.39641539167656,195.4613043393354
1778417579,5414,1196.8756266923801,142.81385256050717
1778417579,5415,1100.9512270002685,178.7392687209321
1778417579,5416,1189.7736568716468,162.63578975801977
1778417579,5417,491.4286465410714,51.28361635790072
1778417579,5418,394.30012619903016,153.0453248042148
1778417579,5419,2300.7287031892542,38.552219179606965
1778417579,5420,781.7692405580234,150.4501378541143
1778417579,5421,601.2699105975223,255.06149608424437
1778417579,5422,411.1074398201539,62.70785578793778
1778417579,5423,1240.0576511904173,95.80220302401175
1778417579,5424,470.2694251612843,295.62444429089965
1778417579,5425,736.752496902904,184.8135783248848
1778417579,5426,1201.4687024575276,150.00177407367093
1778417579,5427,696.0903567028536,165.88071621382264
1778417579,5428,675.2085475075213,170.72620011787222
1778417579,5429,357.9003270576032,359.3189954505301
1778417579,5430,2245.7819256248927,93.53365570160099
1778417579,5431,498.85983761034976,226.78811886058784
1778417579,5432,868.065957140885,161.03750962181527
1778417579,5433,753.8637845242822,203.77884517723243
1778417579,5434,376.05029983940165,82.83126764546185
1778417579,5435,568.7785958629061,194.94308506360161
1778417579,5436,945.8723512904652,107.02728221278905
1778417579,5437,779.5198191458655,85.16381305323341
1778417579,5438,1028.7788997222215,182.79563728433664
1778417579,5439,472.7060958605499,62.47335413122373
1778417579,5440,2061.412356889197,119.25984484273003
1778417579,5441,1007.0678878654528,230.69750853882198
1778417579,5442,173.79799169021538,49.10258683748418
1778417579,5443,394.04123966468353,29.453383500682296
1778417579,5444,1435.4591682946057,206.59706467294154
1778417579,5445,802.3191125039896,212.80241899812452
1778417579,5446,1170.9442692981297,102.6749184177797
1778417579,5447,294.1836028145911,363.9478029171206
1778417579,5448,1549.0300450956015,143.6798941900517
1778417579,5449,1482.2075607584993,213.48940283418875
1778417579,5450,507.0093020895655,121.32077164360057
1778417579,5451,555.221087925815,395.41066124445626
1778417579,5452,730.3813475983949,229.19644355805067
1778417579,5453,607.5968392940422,196.85589154423133
1778417579,5454,793.1202021209085,207.11294924082742
1778417579,5455,207.18302443810563,33.054557472190204
1778417579,5456,123.8613398839089,51.32964594765466
1778417579,5457,432.50611743173164,195.82254318519176
1778417579,5458,468.17290642121156,122.64812524993062
1778417579,5459,455.62801451713364,85.97686861030674
1778417579,5460,302.3072129170186,138.35231857338115
1778417579,5461,1270.033724861655,115.03948372076744
1778417579,5462,766.80742610955,148.47309647812764
1778417579,5463,442.2677517649814,227.06082665094576
1778417579,5464,853.7648212946607,62.57493264152243
1778417579,5465,401.48682011896136,185.35177525955953
1778417579,5466,1016.0587090942365,203.74459784485458
1778417579,5467,764.4246788579641,45.01660838281934
1778417579,5468,2460.5437189964046,131.8522263515639
1778417579,5469,521.0143900455378,217.86808380300175
1778417579,5470,629.1557871630453,73.80018316750274
1778417579,5471,187.72670989987193,58.53309923674564
1778417579,5472,1055.8820908038747,145.28314938464015
1778417579,5473,561.880454376459,291.9707103727251
1778417579,5474,489.8121236725725,51.417575073704164
1778417579,5475,617.7273154127874,34.78247605062214
1778417579,5476,832.7891769274694,219.5665664178407
1778417579,5477,721.6539261187977,180.95259160651196
1778417579,5478,1298.585143756532,49.94283763129544
1778417579,5479,874.8320041913528,109.27400696915723
1778417579,5480,344.45828889481487,184.8589304107884
1778417579,5481,818.7852758834437,34.13362744989069
1778417579,5482,220.33956446733248,68.66557275015938
1778417579,5483,1253.957747450209,96.37806439217172
1778417579,5484,848.7362612266605,182.05930110302629
1778417579,5485,1588.4789328692368,75.54949393018605
1778417579,5486,1262.6145998360391,180.6813533641545
1778417579,5487,671.0190824315405,177.84325249318488
1778417579,5488,487.9781054816853,322.0726820577858
1778417579,5489,2218.536597836103,84.8317607432304
1778417579,5490,756.2458527948485,138.09540316363228
1778417579,5491,609.7228215820243,130.9327835436598
1778417579,5492,1395.3949472358318,109.30249912715318
1778417579,5493,594.9140707558802,199.03612251891408
1778417579,5494,387.6967557397666,219.31374285351106
1778417579,5495,628.8956094440191,46.50445421091521
1778417579,5496,595.858873049138,37.679142394744844
1778417579,5497,682.6355790995984,252.36537544499598
1778417579,5498,888.8087463184323,160.02719393121427
1778417579,5499,386.7486527942949,152.19253378657345
1778417579,5500,1375.5818609559255,151.5896971078426
1778417579,5501,1013.570867881492,40.639921882627284
1778417579,5502,523.2548231067437,204.27782091236767
1778417579,5503,636.6888812310134,170.37419390601914
1778417579,5504,1871.8780801094506,170.9284393795963
1778417579,5505,2278.960541325481,98.36419427468034
1778417579,5506,1325.9071948278986,176.0501111153695
1778417579,5507,1475.6456309284629,129.49523121254398
1778417579,5508,1616.9265563837098,111.13068460162374
1778417579,5509,411.04822795189074,241.45840980868286
1778417579,5510,941.1651472231351,40.97386558005361
1778417579,5511,398.27581742971165,102.96264101999
1778417579,5512,432.2694448401207,174.59426552743176
1778417579,5513,1266.9472783702317,190.18517477382804
1778417579,5514,1336.6872802831451,126.09089984457691
1778417579,5515,360.09822862555484,39.437432878319456
1778417579,5516,711.2119458331298,225.61998729457835
1778417579,5517,390.0638630302247,259.6420375376438
1778417579,5518,209.09874801762788,363.8672713800027
1778417579,5519,675.265589386068,223.6195871896521
1778417579,5520,996.1047984802441,107.72832563519644
1778417579,5521,979.0786688128856,83.94598683893601
1778417579,5522,335.3834894537811,255.65317621318746
1778417579,5523,821.2659708208597,111.52399538886351
1778417579,5524,497.21993288903445,274.91327825576826
1778417579,5525,2429.9774180594077,90.05569495066165
1778417579,5526,1243.1102545134502,148.4146919902276
1778417579,5527,299.240860716703,26.23302829848741
1778417579,5528,291.69938672097777,57.87725930712543
1778417579,5529,371.54652183080196,201.1192251320563
1778417579,5530,234.51056218341833,90.94785382567798
1778417579,5531,752.310548221669,81.73220616485385
1778417579,5532,462.5210349970069,283.3987279571471
1778417579,5533,839.3675579587226,215.77501647348376
1778417579,5534,230.87672368048723,39.96678687567639
1778417579,5535,823.699791058125,139.75608264331754
1778417579,5536,677.5074420771323,171.62630611807847
1778417579,5537,951.3811958608975,117.3074867469205
1778417579,5538,391.48851639513714,156.93092332370566
1778417579,5539,745.7350313306001,179.74003167401398
1778417579,5540,192.4667823620005,181.71748472076087
1778417579,5541,512.7842097360423,138.44113703578506
1778417579,5542,779.3241235512563,298.5845030119858
1778417579,5543,259.9742738234385,98.53698907719395
1778417579,5544,394.20959638533174,35.56746188220547
1778417579,5545,243.65584364413658,270.0736277838846
1778417579,5546,1154.7862336225487,131.80438415611
1778417579,5547,522.8796568903882,76.25119004322674
1778417579,5548,2008.2761822868267,123.50263447613995
1778417579,5549,768.5704712306103,158.48537544309005
1778417579,5550,316.1349614633929,54.6016284602554
1778417579,5551,625.3751477406524,188.0964171901294
1778417579,5552,533.9480610871366,203.30426761083243
1778417579,5553,2452.68159756726,154.61343335808365
1778417579,5554,319.1850092587861,118.92014523163894
1778417579,5555,852.4210985850904,159.911876444021
1778417579,5556,1413.6833339502366,147.77679314191
1778417579,5557,1298.5733632131496,43.75940308540685
1778417579,5558,992.6742164789143,168.3484307037279
1778417579,5559,1252.3208598366257,63.71987545801236
1778417579,5560,386.48855151822454,104.37915340550741
1778417579,5561,181.36218918378438,117.36253469647535
1778417579,5562,405.05771720519994,177.09992023879784
1778417579,5563,3889.3797310502587,74.0761824458495
1778417579,5564,1067.966251819324,156.03982045591277
1778417579,5565,860.2329160646386,205.11618003819012
1778417579,5566,221.99476953709305,20.41391218055304
1778417579,5567,994.141743690778,189.75124333709033
1778417579,5568,721.2091741927399,192.22345451110422
1778417579,5569,971.0742414578742,207.91246958121354
1778417579,5570,573.3835516334703,59.535897546877244
1778417579,5571,1730.0990557930572,165.06029713978518
1778417579,5572,1225.8714264737284,153.14508068490878
1778417579,5573,1160.3948592421073,137.20453404438354
1778417579,5574,740.7998892867445,190.2604835647863
1778417579,5575,357.10490422095603,28.116565506837357
1778417579,5576,699.8410805889318,178.73642912451515
1778417579,5577,1211.5095914848416,165.14175425102138
1778417579,5578,394.1634607542803,167.19459066786635
1778417579,5579,664.8662225313403,241.0562652842046
1778417579,5580,597.6946644307598,156.40521695605563
1778417579,5581,1881.9172102506245,111.8605817304872
1778417579,5582,505.2003298006153,194.09974812372684
1778417579,5583,298.26908385626655,233.00693143386934
1778417579,5584,481.201202630628,63.41737293432817
1778417579,5585,376.01652286863435,138.7001472337129
1778417579,5586,482.6603601032203,36.384575832997456
1778417579,5587,260.90843279572204,51.098693271839124
1778417579,5588,889.5010913789343,191.99462045662227
1778417579,5589,665.4186992364145,116.9977860336991
1778417579,5590,1053.45479842307,191.7665284176711
1778417579,5591,1038.6778812285863,115.8637460922278
1778417579,5592,1384.1794677949542,211.11624980600837
1778417579,5593,1062.3503417419527,280.9172408213435
1778417579,5594,364.5188603118796,15.321215526335838
1778417579,5595,2496.3158588054757,106.27611472769345
1778417579,5596,1565.617764793406,136.8044062597533
1778417579,5597,3401.3222328258244,85.94763705433105
1778417579,5598,690.2669264890995,157.35079302389462
1778417579,5599,935.602974172552,146.56517433714916
1778417579,5600,587.1222967221272,207.4473733691532
1778417579,5601,260.4518962273335,82.84910146911099
1778417579,5602,522.0946359704856,131.77155071907015
1778417579,5603,435.52407825313264,51.47883669672389
1778417579,5604,930.1965800870299,147.70427470155727
1778417579,5605,599.3509905339025,147.83546638501625
1778417579,5606,1421.9884943144327,105.31689876917471
1778417579,5607,1408.871739290639,119.42511071416313
1778417579,5608,1247.7575748304664,154.39369669260566
1778417579,5609,1418.1681296544646,119.42363452426368
1778417579,5610,833.9316186868153,148.5007609371756
1778417579,5611,686.0880869193194,126.74463354449473
1778417579,5612,2720.7093489154972,105.4870486615452
1778417579,5613,1018.9506894136117,189.02315064642588
1778417579,5614,102.38393109497267,21.619487170974473
1778417579,5615,509.4927182058479,203.8260714975568
1778417579,5616,1313.695077575803,179.39590575014398
1778417579,5617,318.9493755715687,131.7429268791953
1778417579,5618,613.4888154752027,104.62466710334235
1778417579,5619,551.702799123985,178.35526540360266
1778417579,5620,810.5621585161889,126.3172974672652
1778417579,5621,1246.8634039789476,146.88284742428922
1778417579,5622,918.9887486954481,195.577161987015
1778417579,5623,804.1078077911358,93.42046346830494
1778417579,5624,379.6262504560442,69.9717777479548
1778417579,5625,344.25129760528813,136.77459886614827
1778417579,5626,518.8590829973614,229.92602017671197
1778417579,5627,437.4804255458159,194.5682120582884
1778417579,5628,305.34708048749724,72.48451591066879
1778417579,5629,99.1037701878827,29.40145988062905
1778417579,5630,323.70010979051887,124.60102219392762
1778417579,5631,398.6925093763257,23.24565947916934
1778417579,5632,1445.6357692868526,215.75140569087057
1778417579,5633,509.5809062580318,226.1985287966887
1778417579,5634,792.5170103229615,154.30978208727595
1778417579,5635,382.4568333187694,218.59787575362435
1778417579,5636,492.74985622743463,189.6389470890023
1778417579,5637,155.7139462332081,73.06376287097461
1778417579,5638,511.3593522610279,185.9538230997008
1778417579,5639,545.1452934037661,163.91105911190414
1778417579,5640,279.5248994733503,62.73172722376789
1778417579,5641,481.6793928325402,292.6526853285237
1778417579,5642,1303.2968891501434,153.37474630295756
1778417579,5643,637.5846160760294,264.01829886895706
1778417579,5644,1528.019930742847,44.52062143928609
1778417579,5645,637.8540523851665,226.7326279058286
1778417579,5646,1461.1713160989761,146.9830919978577
1778417579,5647,942.373676736541,64.88242698008543
1778417579,5648,297.376133392196,368.04568252360616
1778417579,5649,2096.641737402752,71.44856528105215
1778417579,5650,3172.393724011109,148.72218047430303
1778417579,5651,688.5576045431815,214.61618040779507
1778417579,5652,400.15811896802535,32.077021863713476
1778417579,5653,420.35341781255374,90.16399801604847
1778417579,5654,549.0978633989516,240.60523473170514
1778417579,5655,201.71705590926751,178.9269748332491
1778417579,5656,2828.30980856572,147.2376635234557
1778417579,5657,723.5137946917465,122.93533752686052
1778417579,5658,156.29300928268975,132.52578250658527
1778417579,5659,670.4157205344286,92.75502944546986
1778417579,5660,438.1671609131382,32.61680416951096
1778417579,5661,244.60690522505988,69.39227604167218
1778417579,5662,840.8417305639691,227.44448044395867
1778417579,5663,649.916225683406,256.31843233159464
1778417579,5664,1528.366310495263,88.25754253790679
1778417579,5665,981.6529055190285,200.1124445853257
1778417579,5666,1077.9916540212546,141.98207898148343
1778417579,5667,1916.2720667491521,151.29492442825438
1778417579,5668,663.1471950200131,247.59920578900358
1778417579,5669,971.3349395910111,137.02562236744242
1778417579,5670,314.6146278486468,228.79638674881164
1778417579,5671,306.73935935913653,119.60465378307579
1778417579,5672,214.30219627809188,114.31099958972588
1778417579,5673,5027.055248567426,138.13506084181944
1778417579,5674,1644.194633277752,210.4218172761572
1778417579,5675,416.9087901457327,237.7079497643304
1778417579,5676,9483.804968856664,216.63642103151034
1778417579,5677,575.4750767527813,197.372112835579
1778417579,5678,408.5602503266053,90.87902852452066
1778417579,5679,493.3766619530952,76.99040106633343
1778417579,5680,389.0423708461507,70.89701258151436
1778417579,5681,548.21219775977,231.55416054600298
1778417579,5682,873.2905007404746,174.16928424468267
1778417579,5683,802.5431382179933,128.12311969686704
1778417579,5684,1254.6295118883654,140.3918567051692
1778417579,5685,1240.6245106870056,113.12534884828268
1778417579,5686,523.5864383335315,227.32453436865873
1778417579,5687,972.2451894290226,185.55029384241382
1778417579,5688,400.4363379766967,135.30613035341418
1778417579,5689,513.6221228876226,196.596934455695
1778417579,5690,127.04518557186097,150.14906735895116
1778417579,5691,911.3968658978739,210.87987758898078
1778417579,5692,450.2736597843049,187.25820172217087
1778417579,5693,522.5275751151494,114.13842947345103
1778417579,5694,1599.4838622802474,154.52381110727853
1778417579,5695,150.43224145848401,38.760218027488385
1778417579,5696,602.526736184649,215.5384518519028
1778417579,5697,549.0476201669061,248.11732557016413
1778417579,5698,242.6665372326048,134.1940261541796
1778417579,5699,750.2813819803825,82.59420837431895
1778417579,5700,1066.0180415685968,195.1992250974477
1778417579,5701,894.2121474155557,228.74685806234433
1778417579,5702,562.413313922652,215.20302776636143
1778417579,5703,1407.2188664639405,148.15832709933565
1778417579,5704,1313.17046392458,179.76504550607922
1778417579,5705,312.5435834874763,36.097818865763074
1778417579,5706,411.4366257926208,204.47772830682072
1778417579,5707,236.98251661647555,81.82062463866328
1778417579,5708,162.2585273279031,82.6291210298037
1778417579,5709,926.4289059340781,58.021016676064846
1778417579,5710,502.88420992793345,222.39147101881062
1778417579,5711,459.2901582602982,62.26952336940327
1778417579,5712,1255.5763681236751,121.8081055018759
1778417579,5713,994.8172698146735,174.14465515555142
1778417579,5714,769.3877208825674,175.39707966606392
1778417579,5715,371.2958624901563,231.24347507891747
1778417579,5716,867.2051533130883,212.58726823003235
1778417579,5717,538.2825479914177,201.6015461882213
1778417579,5718,429.3476914838605,248.57473069479482
1778417579,5719,1205.115547536207,191.8466790614311
1778417579,5720,632.9285172102907,232.11932078489667
1778417579,5721,179.28492570776172,14.281463056391434
1778417579,5722,383.7985752856393,231.1655785408964
1778417579,5723,393.55955013264804,112.88698784378975
1778417579,5724,2055.525460927176,132.81887857861244
1778417579,5725,810.4433074552618,159.60325145647843
1778417579,5726,2275.2746111576043,98.5272855660291
1778417579,5727,1202.167218576191,92.76841190385527
1778417579,5728,1113.273528375042,83.84882554355929
1778417579,5729,675.1314620446559,230.0005024361616
1778417579,5730,188.9833762406247,290.03769124619544
1778417579,5731,546.4514346191935,150.96223575297634
1778417579,5732,1382.991607715431,112.2227340236887
1778417579,5733,879.7420562955716,136.2363000082065
1778417579,5734,2354.696243964312,119.63289306589628
1778417579,5735,1994.8264675347555,185.35476623652042
1778417579,5736,316.1958686046081,112.00295774592396
1778417579,5737,206.39092009454458,60.687793725140686
1778417579,5738,1144.2728323729427,174.10355727267518
1778417579,5739,1685.633004131792,177.84244838997043
1778417579,5740,1111.6675361891648,166.2021690402911
1778417579,5741,412.53256321826353,164.18550916477028
1778417579,5742,587.4540929601944,273.4830643657248
1778417579,5743,389.1162319982049,144.88158195742608
1778417579,5744,598.8286440291313,161.85210329374257
1778417579,5745,169.506921614832,38.166326658027536
1778417579,5746,229.92915350697322,114.74462074023135
1778417579,5747,403.0122142542942,123.32582901417436
1778417579,5748,442.39579833940394,228.19593576070284
1778417579,5749,147.16176627451617,141.54998140854207
1778417579,5750,1076.6624507550355,201.6958139251913
1778417579,5751,96.07138051208086,30.19222698861489
1778417579,5752,149.19629010677573,66.04010986172403
1778417579,5753,675.9832084718497,150.88811630481968
1778417579,5754,523.614590132241,278.17450608907825
1778417579,5755,1074.5855816137923,204.30254719420293
1778417579,5756,317.04768374063036,54.78740356828995
1778417579,5757,540.2477449662055,267.014766032267
1778417579,5758,390.94525227823385,94.63409394577491
1778417579,5759,1404.150944145822,195.70773007561598
1778417579,5760,1078.4848590843603,118.01619774784322
1778417579,5761,527.4768842683613,256.1289928032574
1778417579,5762,385.8021007265085,80.48198724978099
1778417579,5763,3827.3383480786424,170.90082676232237
1778417579,5764,808.1565805951877,234.78358348563788
1778417579,5765,683.020900877858,213.23169408559582
1778417579,5766,775.6307350525865,218.15793338306807
1778417579,5767,1518.7255993427766,195.14598540329342
1778417579,5768,3395.5484526723235,184.08881138340018
1778417579,5769,631.8939517159477,230.8928978728861
1778417579,5770,1769.3921259414078,171.89330773354604
1778417579,5771,999.0508197271612,221.69598334098436
1778417579,5772,1909.1645199340533,163.6430233195726
1778417579,5773,1129.8392825847247,132.39674397829415
1778417579,5774,1083.9024675593419,144.96907032911045
1778417579,5775,2296.0722083614687,183.83894698715648
1778417579,5776,545.6046048319923,46.747374256343
1778417579,5777,313.02906236298975,223.48861575414054
1778417579,5778,1459.9071174055953,196.1592304114776
1778417579,5779,2777.8272338514507,119.49532162982108
1778417579,5780,607.4273469720177,69.73426519756075
1778417579,5781,1627.1186614722087,146.16003161380647
1778417579,5782,462.75960536076536,372.5168692082992
1778417579,5783,547.4588082351081,148.61567497221336
1778417579,5784,1086.6831335278696,60.51803179170512
1778417579,5785,49635.05607608892,431.978977863845
1778417579,5786,228.26449994233033,295.3709586136983
1778417579,5787,648.3714709909952,76.09876237497694
1778417579,5788,745.9596329978627,182.39964016045153
1778417579,5789,360.80523099208426,283.14754426007715
1778417579,5790,712.8740086151065,75.6845399624187
1778417579,5791,342.16098435545024,251.13036976927995
1778417579,5792,1004.3737299315972,204.33478524966898
1778417579,5793,728.144193974059,138.78365527196058
1778417579,5794,521.9697801872964,240.75458561161315
1778417579,5795,1448.401694520693,163.08093144458186
1778417579,5796,355.4085800393904,110.64437778233875
1778417579,5797,813.9274785645189,233.70966898867448
1778417579,5798,681.3855148319161,217.79728237348337
1778417579,5799,349.67567272806895,233.5775282041648
1778417579,5800,541.0544567273135,209.84731904583685
1778417579,5801,217.4194829029362,42.13621788874771
1778417579,5802,209.68862903375077,95.32496137470329
1778417579,5803,1436.6599509170303,169.51039655444376
1778417579,5804,1404.4297256811733,199.68639494253168
1778417579,5805,1183.8748717523717,216.15337817374555
1778417579,5806,554.2848912743012,195.2025309497836
1778417579,5807,1919.1804573518643,136.71226721423244
1778417579,5808,1619.560111748415,164.98181873066568
1778417579,5809,1011.8997832667216,171.3081202222021
1778417579,5810,741.0012000975128,126.19691092634628
1778417579,5811,469.12169764830975,261.71448092620955
1778417579,5812,929.5817701923947,166.94419303939304
1778417579,5813,404.12601370585975,223.08335989117955
1778417579,5814,326.6226742566613,289.257663963444
1778417579,5815,108.40288895828259,72.45971635882229
1778417579,5816,250.2982901146495,179.95366312024007
1778417579,5817,690.0027579861214,159.40987190555336
1778417579,5818,719.3008974078043,210.6158926270495
1778417579,5819,773.202939727927,193.28437113601484
1778417579,5820,507.13548385424167,234.43301115274838
1778417579,5821,1741.1833320321248,116.4935637089903
1778417579,5822,1033.3275242528177,163.9857052092666
1778417579,5823,1946.3231714042645,206.13315965518896
1778417579,5824,681.792019639951,35.9780934895007
1778417579,5825,977.5204260283442,30.243778723695844
1778417579,5826,530.9783522770848,201.50304396336594
1778417579,5827,724.761627106171,165.2452258142523
1778417579,5828,1523.128096422561,160.10054477851682
1778417579,5829,610.4819663811815,206.32111782543313
1778417579,5830,568.5872868574257,312.46078542239377
1778417579,5831,579.8806280652234,171.10528376085904
1778417579,5832,265.76959805641843,216.6028450522476
1778417579,5833,99.52624647358114,17.434208790916234
1778417579,5834,1053.5109755926367,48.12388754108447
1778417579,5835,1080.9589107522677,206.97740646162896
1778417579,5836,2078.1874630799193,137.35788969744976
1778417579,5837,921.2972246428279,64.72757913855104
1778417579,5838,318.3171120023251,238.41210112892307
1778417579,5839,2569.4210710612865,137.88698126515735
1778417579,5840,1535.1714488079654,184.79960896721352
1778417579,5841,1186.9817390779083,124.77256490922349
1778417579,5842,181.83651283520695,115.56844594457836
1778417579,5843,442.81241180925053,123.4774618830916
1778417579,5844,634.8966600762344,257.9403608065772
1778417579,5845,1737.762679048444,133.54516853352604
1778417579,5846,440.095584487895,189.58933539689392
1778417579,5847,514.8925802931428,190.16134310922934
1778417579,5848,1049.1406144297343,174.90578277963593
1778417579,5849,4029.8824110992414,147.90309895520463
1778417579,5850,358.06289735438986,196.6452720481955
1778417579,5851,496.6634938871306,100.04648724518222
1778417579,5852,770.9225453913093,208.5422058794323
1778417579,5853,1396.353159296742,183.1157959766161
1778417579,5854,645.5194229036313,254.96726594295993
1778417579,5855,656.2705433321668,222.00275976249742
1778417579,5856,417.3266531061944,130.42168634912377
1778417579,5857,641.4096139457636,211.44605127558674
1778417579,5858,733.7802187437934,301.8737112549799
1778417579,5859,730.8619220381452,189.04772635012262
1778417579,5860,1488.246778135228,188.45853994454995
1778417579,5861,1568.2478963214508,135.92055348110907
1778417579,5862,1575.3709277023665,180.25817871342986
1778417579,5863,832.2494466933252,199.4152746725303
1778417579,5864,386.98438860805726,49.195403392579315
1778417579,5865,1695.5989211381377,84.28872822050056
1778417579,5866,916.2155176380641,136.9169300115433
1778417579,5867,919.0689913274537,274.6800323131958
1778417579,5868,659.4362252213842,247.1035617281
1778417579,5869,763.588049010984,37.77192407883749
1778417579,5870,400.2322137687037,27.100062441509674
1778417579,5871,693.585870884945,198.32944972661642
1778417579,5872,1677.7814368505558,239.2868072693721
1778417579,5873,1133.4032620467535,252.01207186589636
1778417579,5874,446.40216603914894,185.96694657894284
1778417579,5875,263.71181530616764,27.816724058741123
1778417579,5876,693.7747528717111,162.79278948199692
1778417579,5877,1370.072048484624,185.47831651316338
1778417579,5878,1553.1110785430676,168.302602127732
1778417579,5879,1253.5725073692886,167.93416791530478
1778417579,5880,994.1380984940726,221.93606530314688
1778417579,5881,1922.138814955015,116.06827581241173
1778417579,5882,804.597841534304,191.28484166092855
1778417579,5883,680.8266124636175,26.708302829736272
1778417579,5884,544.3117292118542,260.4325226430321
1778417579,5885,476.92978424136396,33.12400759319787
1778417579,5886,1522.2458746087284,240.25337896991817
1778417579,5887,344.99235212651666,258.39247190776393
1778417579,5888,228.03847949675398,365.05283352815223
1778417579,5889,1522.938616162203,189.56530205574967
1778417579,5890,284.33993284987827,32.77783617432656
1778417579,5891,728.8277546117781,41.52762159038556
1778417579,5892,896.1849978672498,275.9009639050223
1778417579,5893,1202.2263085824927,180.20256729604955
1778417579,5894,789.4499074419014,271.40204576388015
1778417579,5895,1173.1194409104335,256.19896664227184
1778417579,5896,794.9078483417351,195.8308901777251
1778417579,5897,581.3490995741641,248.84614550724427
1778417579,5898,643.0448181528042,240.37234688740168
1778417579,5899,547.3563724230205,207.37735525946223
1778417579,5900,614.8890096815803,37.244900365453574
1778417579,5901,121.89152509547203,70.86901528230162
1778417579,5902,2111.5305659237197,146.0651933207798
1778417579,5903,935.4466052221097,201.12707561005215
1778417579,5904,1455.570703413292,136.3842989523405
1778417579,5905,810.8382120936448,216.17530618459236
1778417579,5906,512.9350788101489,279.84084975585466
1778417579,5907,1349.9378353062161,128.73489941110938
1778417579,5908,618.6891614863393,288.4875821589769
1778417579,5909,776.9786620221183,190.8662203513586
1778417579,5910,747.7735222773823,152.35993844439682
1778417579,5911,784.8190528163964,271.05719958735205
1778417579,5912,2546.143335069653,179.96024895967756
1778417579,5913,523.6543374445374,231.88341041883584
1778417579,5914,812.3367919692707,142.82849177726058
1778417579,5915,968.4310322431513,200.2290648273413
1778417579,5916,528.8643421575299,71.99190411056776
1778417579,5917,1731.8156665562126,228.47442810383055
1778417579,5918,645.9319047412325,216.35937286436672
1778417579,5919,776.6862853916936,142.95020352282543
1778417579,5920,209.093024031406,49.48612399480839
1778417579,5921,588.6412173128915,125.46333898898678
1778417579,5922,258.8116398827649,297.742450070044
1778417579,5923,2111.5218229393195,136.4931780384104
1778417579,5924,292.84929138322315,106.14790903885967
1778417579,5925,146.6506336493021,56.62357961160322
1778417579,5926,98.36208734877096,93.77380489104333
1778417579,5927,359.2643430513992,183.12374530391727
1778417579,5928,767.4288375702699,39.358672809890066
1778417579,5929,391.670637202908,244.84546551426112
1778417579,5930,198.57209576701084,34.202277156704824
1778417579,5931,934.5356633033957,141.26941796874522
1778417579,5932,1321.4515105684238,218.97198314837627
1778417579,5933,932.3969562678777,161.64871297372616
1778417579,5934,1481.1371233920438,170.95470711441226
1778417579,5935,756.0645742746962,42.19656212081526
1778417579,5936,713.6835788107483,268.3501400200617
1778417579,5937,1308.0715974426432,153.83913263893987
1778417579,5938,292.443822311279,30.20377170799284
1778417579,5939,380.2370595734064,91.69520803799738
1778417579,5940,1785.2821309653539,149.56453514712206
1778417579,5941,559.6653760530113,235.5163182746223
1778417579,5942,1476.515166530872,193.2026399492019
1778417579,5943,756.6701267106171,186.90540821349637
1778417579,5944,815.75617476478,198.67087480837543
1778417579,5945,1114.0204141660506,56.48480172922802
1778417579,5946,1707.529279847247,84.03466840460698
1778417579,5947,950.5938248972228,214.6091513446656
1778417579,5948,861.7702756610075,223.04364455313987
1778417579,5949,1501.7268391932848,152.51311725385014
1778417579,5950,1131.919181051856,174.85260264529413
1778417579,5951,800.961189160562,191.36600725430515
1778417579,5952,834.1574455975833,282.688123415517
1778417579,5953,104.11230453837742,44.91450137487333
1778417579,5954,627.3546852596522,115.56709826103985
1778417579,5955,387.3183147851166,44.60684706032154
1778417579,5956,874.9226826819597,79.34292785064238
1778417579,5957,635.1994214972889,178.49434916933996
1778417579,5958,598.6903713908137,311.70223250576635
1778417579,5959,1084.0000171985978,171.2049751729282
1778417579,5960,627.867705686221,46.710515919298444
1778417579,5961,290.5934549273622,57.64243075764873
1778417579,5962,659.7285402206065,88.63873773889108
1778417579,5963,569.2871095939373,232.67786504082574
1778417579,5964,1860.117030768229,173.16036402923513
1778417579,5965,744.140555983311,308.52196507595283
1778417579,5966,806.3391418590447,80.78855698928558
1778417579,5967,2238.429881205313,162.0347046416334
1778417579,5968,347.2041899524456,277.3986494533323
1778417579,5969,372.70816917707043,334.1782525043752
1778417579,5970,157.3800388980588,26.87021008811119
1778417579,5971,1268.026229786725,168.74946490451254
1778417579,5972,410.6110858882676,225.70399351217893
1778417579,5973,310.21708547699114,286.68162622092257
1778417579,5974,873.2920119252409,234.0490268426574
1778417579,5975,815.0613629572645,205.7436151625774
1778417579,5976,2196.201983006175,156.39866434386786
1778417579,5977,1699.7472274581987,65.08971090352689
1778417579,5978,906.0042857622846,56.05480653473618
1778417579,5979,214.02285483499605,110.61034774098324
1778417579,5980,828.8268694544001,87.25497709927127
1778417579,5981,605.9866761516557,145.1442538945198
1778417579,5982,2484.508112823004,170.72603439482572
1778417579,5983,296.74271482558817,302.91541827468643
1778417579,5984,1262.2763414227293,234.8990771139911
1778417579,5985,642.2273843591497,249.22705493158935
1778417579,5986,2081.9441741376518,181.69996337364438
1778417579,5987,1470.6727957626924,179.66167102579905
1778417579,5988,2608.6758708399975,104.18404088509027
1778417579,5989,892.8534659784065,59.92166533459336
1778417579,5990,671.3615935082714,64.89119951783343
1778417579,5991,1054.4961317436243,178.05385305074066
1778417579,5992,318.21034738520575,233.0983320402965
1778417579,5993,571.8539924147312,277.7043066503118
1778417579,5994,2764.4210739899804,155.94694459091036
1778417579,5995,2175.7512626317366,135.9743646863503
1778417579,5996,1518.681054436859,174.11684454587612
1778417579,5997,379.00478924632733,131.40829791669833
1778417579,5998,800.4226750034604,304.1961248179213
1778417579,5999,1560.0946420693695,83.38873025582956
1778417579,6000,1240.1875337535319,166.7554138805942
1778417579,6001,2106.4617984457736,158.8208829573748
1778417579,6002,149.96033163867122,53.10404879090403
1778417579,6003,933.801045941626,236.72558191175412
1778417579,6004,715.737792434268,255.1480665624623
1778417579,6005,912.8098860239072,238.07726791516257
1778417579,6006,1824.4833562735248,189.6990999878375
1778417579,6007,1748.1961504871235,114.89076653396782
1778417579,6008,319.7229041134764,152.01327332937842
1778417579,6009,803.3841666969973,308.4266943446644
1778417579,6010,313.0523116203769,98.21712351525562
1778417579,6011,356.0776184709035,226.5732245093119
1778417579,6012,2541.3278385654353,154.2343954941
1778417579,6013,2275.1137993471166,59.62468337402227
1778417579,6014,1172.4900293798087,151.61944219002078
1778417579,6015,1042.8608423129513,170.36403408878658
1778417579,6016,1741.922388959118,127.91655276620014
1778417579,6017,304.9646104767017,110.60610816024739
1778417579,6018,1785.7360872616625,155.53029626451428
1778417579,6019,467.020462982226,45.57314187732652
1778417579,6020,682.6099499829623,147.8088652336257
1778417579,6021,760.617523926576,260.4526430947759
1778417579,6022,755.7909696002562,257.09694608869523
1778417579,6023,454.88405693856697,261.22845028455623
1778417579,6024,251.1310491877756,214.97889833710545
1778417579,6025,2559.1619843693193,151.74605460723683
1778417579,6026,981.1224659454512,241.93584887625246
1778417579,6027,722.0051720048859,238.04630975450965
1778417579,6028,356.9674637138771,42.51445947683779
1778417579,6029,999.6140091449168,227.49172528244137
1778417579,6030,1701.3907490218724,163.2149437153409
1778417579,6031,338.69017492263225,310.3681552664066
1778417579,6032,611.472027183557,242.330189080501
1778417579,6033,1212.541971750391,172.30764476524
1778417579,6034,719.7625320258443,184.2666848796048
1778417579,6035,726.0901482291091,52.39652008086148
1778417579,6036,748.1615993748602,43.92473324811987
1778417579,6037,589.2654810689041,58.44203475830299
1778417579,6038,495.9625633515713,138.22286596234827
1778417579,6039,1258.9974907917097,109.31564488573235
1778417579,6040,146.70562486086527,53.927379004029646
1778417579,6041,665.3520317617341,218.92774469960847
1778417579,6042,1701.6491033878076,139.09882045592926
1778417579,6043,217.12444379528935,186.18508328743988
1778417579,6044,2921.9394446572805,171.113748875689
1778417579,6045,748.8291730991097,219.75199239578126
1778417579,6046,1076.2299239166648,228.47013077496993
1778417579,6047,556.2881447336631,221.42878114237487
1778417579,6048,304.6893493981374,123.95781461891212
1778417579,6049,518.0678103134592,218.6541268379062
1778417579,6050,121.12671515115743,51.13198287724211
1778417579,6051,563.2603596331696,129.3240441282564
1778417579,6052,1099.5105344743038,170.8537545990902
1778417579,6053,2677.8242084854915,145.81404942717245
1778417579,6054,497.974006112958,253.61603730541768
1778417579,6055,560.9379714868921,232.22467810904698
1778417579,6056,316.4162004058999,314.8468975277646
1778417579,6057,246.00470150521429,88.82793142923309
1778417579,6058,1340.9754445393646,307.9131883906348
1778417579,6059,609.242996664354,206.1452423737679
1778417579,6060,600.4064393476854,155.45392864804526
1778417579,6061,405.9240365969679,236.90791746209499
1778417579,6062,204.58487125526537,138.57034107513013
1778417579,6063,322.59165219622145,120.53136568296794
1778417579,6064,735.7201267650169,105.99869228615555
1778417579,6065,1079.9432099281667,234.33214369141928
1778417579,6066,442.65051777137325,89.59739937783776
1778417579,6067,329.71490994955604,250.5395447740512
1778417579,6068,654.3712346630714,229.3966032769615
1778417579,6069,557.6893990581514,253.94097007796773
1778417579,6070,63.46627796343522,34.45585900127069
1778417579,6071,1802.9581697713684,212.44014274646207
1778417579,6072,1038.8502496909987,239.16858493759355
1778417579,6073,448.3860309155863,56.99964111507499
1778417579,6074,982.5047728595129,202.4086447589689
1778417579,6075,550.7338567700481,228.48021460574378
1778417579,6076,383.08280221135743,243.72443792824316
1778417579,6077,817.6879316119295,273.5021610952404
1778417579,6078,588.9114067161928,216.4450167357036
1778417579,6079,196.62061148946864,38.065563888229164
1778417579,6080,1159.2731767587752,294.0313129966842
1778417579,6081,1531.3740497755944,210.8110169058903
1778417579,6082,1668.176051400823,105.59209998346923
1778417579,6083,933.8050531617143,79.6978369673152
1778417579,6084,971.8133108296606,206.07670423150512
1778417579,6085,1328.6062198351162,150.29490523169903
1778417579,6086,212.92104328038556,107.18818676355293
1778417579,6087,1012.4433011350719,195.78041098986353
1778417579,6088,522.2331892584039,369.68967035002817
1778417579,6089,746.9065357696367,218.06870635678408
1778417579,6090,1298.1290240768253,176.61843373929742
1778417579,6091,1170.1862939183188,152.38603717660095
1778417579,6092,802.9299629152948,225.80780669859246
1778417579,6093,215.37962045934285,23.612688179440674
1778417579,6094,424.8011880094033,39.41538532049447
1778417579,6095,2225.959595578051,106.82633637297366
1778417579,6096,385.98805020835124,241.44814845372593
1778417579,6097,561.7642753784636,198.38098568853476
1778417579,6098,768.3625217710386,200.77397569713125
1778417579,6099,790.6299099141335,259.26101284417643
1778417579,6100,680.9301388939664,369.74538198778504
1778417579,6101,131.81749451541054,58.18283267059625
1778417579,6102,538.0005658583113,197.87325992031776
1778417579,6103,1379.5311055313498,171.31156321256705
1778417579,6104,408.0666628553049,197.63646212855014
1778417579,6105,123.3429753718481,30.26906334805503
1778417579,6106,301.55412075690845,139.87989538690337
1778417579,6107,288.41627905175534,30.635151894899703
1778417579,6108,1242.3544520483513,190.69102191465632
1778417579,6109,618.874776091416,229.78533417813523
1778417579,6110,595.8259593266229,163.92353441036246
1778417579,6111,1088.537154089986,140.05999438665324
1778417579,6112,1258.4495093521668,57.25809897680175
1778417579,6113,1432.808731380453,169.8168862365992
1778417579,6114,1778.694249770387,197.1960058172944
1778417579,6115,886.2329586330857,192.1226727190128
1778417579,6116,582.2836736948514,44.95805257874996
1778417579,6117,656.8141517716655,225.5242498643207
1778417579,6118,2134.1229684803207,64.94574529002571
1778417579,6119,1712.1847668587338,158.27514086587985
1778417579,6120,2579.599747892947,70.44544436727514
1778417579,6121,343.9569248588752,183.94780008471326
1778417579,6122,1427.23519265957,184.20805699714185
1778417579,6123,977.0804967793448,53.74292821268593
1778417579,6124,502.98627826542685,77.81587218410118
1778417579,6125,1713.0744096969006,125.77794762681529
1778417579,6126,884.9160599846789,192.7627555307493
1778417579,6127,372.71481899244367,49.725119441855796
1778417579,6128,354.1734974412084,52.844533319213376
1778417579,6129,1323.2461903391925,160.10241734390684
1778417579,6130,742.9969177851914,154.18816232274338
1778417579,6131,486.1376359870027,398.51613988429744
1778417579,6132,1279.5536070518776,220.85347334666406
1778417579,6133,444.16647928877575,118.45269062852023
1778417579,6134,571.9068907596333,335.6923520774945
1778417579,6135,984.5434009752639,171.47369999228172
1778417579,6136,1408.927437355696,151.86046650841672
1778417579,6137,1139.4720352551976,175.83561747119157
1778417579,6138,1089.1488008456313,91.16812957925465
1778417579,6139,727.3213273666129,191.44505330099653
1778417579,6140,455.44257981797597,226.8864747777063
1778417579,6141,900.4495077054645,195.3429753792248
1778417579,6142,336.83355123209986,208.61473199425745
1778417579,6143,1123.3921190482006,194.31405686065457
1778417579,6144,535.365178310839,251.8981166555621
1778417579,6145,1275.8620877111532,187.00556862673608
1778417579,6146,788.1310123733423,187.76325178371567
1778417579,6147,1098.2257414266944,170.63980849497875
1778417579,6148,281.6708451360371,88.26009208419914
1778417579,6149,503.7626735433706,186.9747210284224
1778417579,6150,452.2474041251996,216.04932400200778
1778417579,6151,230.64424884717485,280.87036626693117
1778417579,6152,895.4176926591014,130.1514270953756
1778417579,6153,728.9253200590334,76.13009069377271
1778417579,6154,1932.3497723489697,152.06654042342208
1778417579,6155,1428.457645393549,123.34379847380639
1778417579,6156,1283.8902707802672,61.62192255148474
1778417579,6157,266.9030243617443,99.06545011750842
1778417579,6158,1699.6620801178074,131.4510028195639
1778417579,6159,1108.9173131201092,136.994670933395
1778417579,6160,1491.6320022733053,164.41816205370066
1778417579,6161,1901.7603806248835,125.40476539567143
1778417579,6162,496.2411900071583,130.7589619786736
1778417579,6163,1052.9055434383208,214.76101899188737
1778417579,6164,1326.1092563332818,180.55019827366166
1778417579,6165,1493.3632146231014,191.59311646153145
1778417579,6166,582.1827471333968,230.48564560523295
1778417579,6167,3808.2575057678364,109.47704108057931
1778417579,6168,498.97243804465006,103.22895519964965
1778417579,6169,2277.151105288694,85.38629701987928
1778417579,6170,1516.298359534138,174.88131813071715
1778417579,6171,1983.1042771885368,123.14839352727081
1778417579,6172,1244.1374771073777,185.60041561708556
1778417579,6173,1506.9342796850278,166.80037017401827
1778417579,6174,424.02565328203366,246.42529620853347
1778417579,6175,875.0388621291626,187.82416939565178
1778417579,6176,1942.8883503354361,73.2274848748
1778417579,6177,379.705392321602,171.14297393764824
1778417579,6178,858.1952779455406,138.23158620251442
1778417579,6179,2650.111051495401,63.57006143207056
1778417579,6180,347.1559161004285,29.667270848384316
1778417579,6181,1407.8311033965897,69.44122014595156
1778417579,6182,1026.3564733569124,124.4002746569559
1778417579,6183,702.9673757654049,214.23204092974106
1778417579,6184,1419.413641452832,193.12554555430253
1778417579,6185,519.6217283454871,254.38635863782136
1778417579,6186,799.5939393503367,170.07348763422686
1778417579,6187,506.85682081215725,195.37940497980424
1778417579,6188,572.3933452880727,220.82200562233834
1778417579,6189,3775.3481289515516,91.98146925498635
1778417579,6190,165.44530720340572,43.2467642149677
1778417579,6191,803.7151158176423,74.62643789642505
1778417579,6192,2279.056268263562,148.88782203965997
1778417579,6193,960.8538554905156,219.0659653730643
1778417579,6194,1055.2720472073145,126.22634875966375
1778417579,6195,279.37231072406115,260.6319911386662
1778417579,6196,1602.2344852784752,125.71934463082914
1778417579,6197,221.26009878426262,61.091485148511374
1778417579,6198,603.4002267912022,216.81267334424288
1778417579,6199,987.5805764872435,118.69472947498333
1778417579,6200,455.1963862079278,74.22178090622602
1778417579,6201,2048.6156483257755,145.77128368498006
1778417579,6202,845.5371230844144,217.70418116758142
1778417579,6203,426.1224369808772,139.46456985722762
1778417579,6204,356.3172929576729,59.30680467586554
1778417579,6205,603.1682575205431,36.200759922583366
1778417579,6206,237.76478399929113,107.9177471313799
1778417579,6207,273.3488316947694,170.20009830758383
1778417579,6208,581.2855842066572,208.1790330285464
1778417579,6209,835.9430791709433,213.13386477667254
1778417579,6210,979.7952129801985,142.8954452476683
1778417579,6211,585.5351105780908,36.69658023168564
1778417579,6212,706.5218129241401,221.09906041033025
1778417579,6213,530.856928021733,227.77800253796062
1778417579,6214,447.2759695488357,221.1939280219716
1778417579,6215,703.2989515928256,240.80161585595144
1778417579,6216,149.28876761617735,454.72647815628335
1778417579,6217,2344.4718777859875,177.75169736366757
1778417579,6218,1423.2999852440998,151.72673501747238
1778417579,6219,450.93025212939875,223.0677098754749
1778417579,6220,619.7625974823253,240.13487380575572
1778417579,6221,297.47067018804614,102.527143660684
1778417579,6222,422.3485082755361,249.28896430332523
1778417579,6223,510.19806934972144,53.398841882160106
1778417579,6224,302.83463267804956,160.4034980993019
1778417579,6225,594.4697324293461,31.73950188448871
1778417579,6226,498.7544013309235,237.0512311274136
1778417579,6227,429.6165143876889,228.79028328060255
1778417579,6228,1801.412619087403,61.17952090332896
1778417579,6229,573.1349445352741,282.47451982414634
1778417579,6230,281.8830040111365,35.06468510015687
1778417579,6231,464.89085010785925,242.26111094332734
1778417579,6232,540.6179753161234,75.82948239565238
1778417579,6233,339.54609150733586,36.355085721686955
1778417579,6234,257.8695696925965,85.27165514924772
1778417579,6235,1126.6344031181452,192.8065144283442
1778417579,6236,1915.1223797059458,139.7710595051496
1778417579,6237,923.96027014423,229.06699487590006
1778417579,6238,1189.7086443408434,154.77730680596545
1778417579,6239,589.6326435406687,21.074714165214562
1778417579,6240,659.3850432308105,27.48088033912666
1778417579,6241,367.2595112018784,100.58816903830314
1778417579,6242,676.3948345011125,294.1250830414591
1778417579,6243,1321.874453848862,210.26606148582718
1778417579,6244,1211.1494481003444,199.31713175485245
1778417579,6245,557.4067491785094,90.24110385534148
1778417579,6246,1647.828079216533,81.93900775440898
1778417579,6247,644.8726243414336,66.27800865059436
1778417579,6248,931.9003523356331,80.31067066829016
1778417579,6249,658.088188969203,157.14937723945067
1778417579,6250,942.703591771032,180.53427264965728
1778417579,6251,721.3202096048766,279.3724561654426
1778417579,6252,914.25625643893,82.09128009056809
1778417579,6253,1445.6873249267,141.3314933405821
1778417579,6254,486.2845271973539,237.8861830001425
1778417579,6255,716.6685781080907,184.128355855597
1778417579,6256,380.9356802990804,254.49795600931242
1778417579,6257,345.6583729356273,269.96767441843593
1778417579,6258,1729.1714195450143,140.03275943689138
1778417579,6259,1527.8463873265125,77.85725269109356
1778417579,6260,1909.912766845957,88.42099691701888
1778417579,6261,1344.3445265184341,219.34636602526624
1778417579,6262,575.4186734645148,218.49678289960414
1778417579,6263,1755.377696765786,61.307192275771506
1778417579,6264,450.5948605162542,29.369494742746223
1778417579,6265,930.6916391024668,71.24026254491174
1778417579,6266,481.043520000182,259.33076915033394
1778417579,6267,494.1858145395304,249.67399056306735
1778417579,6268,570.8410274404318,205.80457077940966
1778417579,6269,708.9922322992544,210.14571284424767
1778417579,6270,664.5866207175168,248.49063941092285
1778417579,6271,691.9614426381822,241.49952193930693
1778417579,6272,326.6312530720055,180.75888526822396
1778417579,6273,393.1885747680077,237.5851211053313
1778417579,6274,629.452812804648,34.29566521559071
1778417579,6275,520.2242536441614,104.18144817607055
1778417579,6276,1274.2318554248125,123.95011159331959
1778417579,6277,1684.593039202721,118.44926199000382
1778417579,6278,1416.3690602281995,71.18966825603503
1778417579,6279,1703.2109316611293,164.14434448577194
1778417579,6280,159.29083472146726,39.86763331584722
1778417579,6281,406.1949708980583,241.7041761516312
1778417579,6282,356.23473762165236,83.42710813061525
1778417579,6283,1327.6297690925362,180.35187524335598
1778417579,6284,410.06018865779794,241.00807293293352
1778417579,6285,460.4948173127026,258.51849000933237
1778417579,6286,364.2658374387325,236.2128080433162
1778417579,6287,614.5536294446024,141.77715052465015
1778417579,6288,2453.5158981883387,131.37572262971224
1778417579,6289,389.5821531241567,33.262111906407355
1778417579,6290,188.46614747927813,119.15868389137023
1778417579,6291,700.1819918737591,232.88511496007
1778417579,6292,1414.6334624672497,135.27834222560398
1778417579,6293,440.7175295549377,104.95540162350277
1778417579,6294,193.0438180302718,56.40914363631203
1778417579,6295,202.8558390931051,71.02875247281827
1778417579,6296,668.745127528113,86.77460995150747
1778417579,6297,236.9135423537892,33.04911839792788
1778417579,6298,745.4846424851463,161.92176432964396
1778417579,6299,457.62447225732996,81.05473936780542
1778417579,6300,480.81027108780256,116.8134089251128
1778417579,6301,75.70422601264896,54.575377847441715
1778417579,6302,399.5029489312244,95.24938433069654
1778417579,6303,479.4111488813087,206.29295918386322
1778417579,6304,350.7533033596782,73.22420187724937
1778417579,6305,1176.8068493719427,207.33718394641866
1778417579,6306,527.2335917997694,60.62411724560206
1778417579,6307,316.0024348755451,56.821583790675696
1778417579,6308,775.4847009255441,77.92806293822296
1778417579,6309,110.17686060420819,70.17119437839817
1778417579,6310,284.16605139281444,256.1501915976856
1778417579,6311,723.1743439458862,179.18863614726504
1778417579,6312,449.44858622540784,97.85097683379125
1778417579,6313,842.4475541220606,214.94576732063032
1778417579,6314,774.2110497236139,52.438403085200186
1778417579,6315,771.9018749177404,134.40017858326758
1778417579,6316,628.9306258799062,219.51694719221146
1778417579,6317,489.26153313497684,25.350505936271315
1778417579,6318,493.8629659155743,44.34791866491903
1778417579,6319,345.1581965718095,42.47794803050321
1778417579,6320,1299.3444869334903,208.77774530080612
1778417579,6321,713.5293041321936,66.79962560519421
1778417579,6322,472.7093042959627,63.82825171457163
1778417579,6323,307.8716112890071,17.147109132268334
1778417579,6324,195.27974761354523,163.41634386442976
1778417579,6325,235.87162304093167,46.349218195064495
1778417579,6326,490.0671757551015,72.2704821082468
1778417579,6327,934.0648504754209,148.59178652308714
1778417579,6328,152.93414494333717,33.74049513214246
1778417579,6329,180.9351346553501,71.60700657977083
1778417579,6330,1718.251530606916,164.87163669878726
1778417579,6331,1293.623602520214,224.79560210008862
1778417579,6332,1625.1254931179583,54.339244952777285
1778417579,6333,254.6457347541049,101.28997877304694
1778417579,6334,544.1133025582641,215.85194933682854
1778417579,6335,306.9139138419058,316.9769106823991
1778417579,6336,3492.5611030604473,171.30273604456002
1778417579,6337,159.42701751877442,47.998156971886345
1778417579,6338,239.51817947021289,175.42838955116937
1778417579,6339,515.6630787972132,278.2243832865934
1778417579,6340,1105.1240391210902,186.277543257175
1778417579,6341,1694.68697932961,87.16303259325484
1778417579,6342,1234.167979795605,184.62897108750167
1778417579,6343,1013.5639062231667,198.38400393639668
1778417579,6344,316.46687700739966,72.3937896752905
1778417579,6345,274.5559624688096,38.51379865403051
1778417579,6346,278.7235493736388,45.826403646701685
1778417579,6347,500.9487460638027,177.9215633429501
1778417579,6348,363.29521888061134,30.486689186363357
1778417579,6349,827.1980757320139,86.99250895441678
1778417579,6350,1607.3397451618266,189.60327146140284
1778417579,6351,1658.9426609180332,99.21723085214028
1778417579,6352,361.08338043541033,333.38743687683956
1778417579,6353,265.2705279703803,37.72609672550787
1778417579,6354,123.12313307341813,79.30978236442746
1778417579,6355,681.4120641885999,229.90835075541477
1778417579,6356,1234.2509862623415,169.1285378044524
1778417579,6357,1577.9901758438898,51.333822825042354
1778417579,6358,1617.922123605712,169.36624333539788
1778417579,6359,1335.3174981250813,71.69328227854031
1778417579,6360,323.46866390762614,112.11731545990325
1778417579,6361,594.2848406189887,180.6811182178475
1778417579,6362,372.49441436304255,387.8702029411281
1778417579,6363,608.8582380621824,219.6501378464798
1778417579,6364,153.9433032174471,65.8361205548437
1778417579,6365,2172.655507894606,157.1093499721541
1778417579,6366,172.73401099149083,39.09620090779769
1778417579,6367,877.262199051497,154.2111360154008
1778417579,6368,233.82201867103694,86.16945609114462
1778417579,6369,543.8107235655526,302.9956897153245
1778417579,6370,870.642982897482,59.83146862516038
1778417579,6371,613.4691419295212,25.3238980218828
1778417579,6372,481.1286748346043,60.60654479406748
1778417579,6373,832.4706709239291,181.45254488782157
1778417579,6374,1158.0847856805874,62.65955293506113
1778417579,6375,174.60923144710694,80.58699391181977
1778417579,6376,981.1955221993495,188.7225274424254
1778417579,6377,1385.1915076716919,179.13337635785402
1778417579,6378,420.30374423067497,215.26126464832757
1778417579,6379,597.9171853034809,117.78444808454488
1778417579,6380,1027.8587209208526,82.69973787581468
1778417579,6381,2310.0896556286875,74.33984311834155
1778417579,6382,2602.4566706632468,148.09122565706727
1778417579,6383,615.7593444306508,86.37029719008821
1778417579,6384,701.9788060834569,216.50725090617203
1778417579,6385,1531.3284979544767,119.92838588570699
1778417579,6386,1527.449111371459,148.18704688696525
1778417579,6387,175.07163244948634,109.49568221413674
1778417579,6388,1266.3925870234957,176.9593225958659
1778417579,6389,334.1965045763914,121.770006256775
1778417579,6390,732.7148593231011,191.95497017841194
1778417579,6391,1360.7741363738064,139.08712755063195
1778417579,6392,320.3853622224654,59.54572867522917
1778417579,6393,723.3021603332393,132.21000629470987
1778417579,6394,208.42611594352263,61.55938979999241
1778417579,6395,1309.809498202762,84.1818479554191
1778417579,6396,795.2988825477762,162.97478464113453
1778417579,6397,366.0413219467552,41.51878312561966
1778417579,6398,1024.4649207627822,174.47550965329182
1778417579,6399,328.4246753420484,67.81675184894186
1778417579,6400,438.3143369042818,165.40655833517704
1778417579,6401,1758.1229083089968,149.1896740813386
1778417579,6402,453.15862714778257,243.02538800002245
1778417579,6403,811.453009960717,137.62626615355668
1778417579,6404,442.40964947761194,218.79208292803474
1778417579,6405,368.00629902868224,80.63993513017186
1778417579,6406,1230.6799054677508,54.349454060136345
1778417579,6407,1063.8513522587616,193.16817583938973
1778417579,6408,415.00298972086523,20.33664268947138
1778417579,6409,2354.479164901116,202.62478540874986
1778417579,6410,459.67331458876816,147.43185871789058
1778417579,6411,504.55120401559935,196.20981794162623
1778417579,6412,1350.6462533328847,122.49031530355029
1778417579,6413,172.23463421485258,27.740522404032493
1778417579,6414,214.23050203476868,40.80200271284522
1778417579,6415,1008.825373232241,182.6183053996192
1778417579,6416,1545.602529954786,149.31744380524893
1778417579,6417,356.85971599729487,102.32355539255018
1778417579,6418,866.354724940857,162.4501037674745
1778417579,6419,568.2811056855015,223.42967006255537
1778417579,6420,776.9405801222523,184.93400862218755
1778417579,6421,629.0163238719157,207.4433313551567
1778417579,6422,526.5472022916224,351.0622538920173
1778417579,6423,535.5877920375979,200.85363992115745
1778417579,6424,1678.540518627329,143.45470388793774
1778417579,6425,1104.1477187423689,147.35760878601369
1778417579,6426,1674.584862087347,133.87337614785025
1778417579,6427,547.0017542626234,193.30698041129804
1778417579,6428,1048.5603968549483,166.87249957435955
1778417579,6429,613.1287002537348,199.28038598426625
1778417579,6430,456.5722005083542,193.4228975872383
1778417579,6431,715.3522408375607,78.19970303949188
1778417579,6432,610.3276506624675,245.79902634491583
1778417579,6433,637.9880129680897,83.11415913307552
1778417579,6434,260.5317607480659,22.249548547923133
1778417579,6435,656.8221175075444,98.66773848476488
1778417579,6436,763.2911123243236,252.37110755362195
1778417579,6437,821.1293367254311,153.64296112499173
1778417579,6438,526.9828154662696,43.93835650129393
1778417579,6439,2029.4823648634053,193.18329613277575
1778417579,6440,511.6570589632147,17.25758771821602
1778417579,6441,1199.3314912655555,192.05555610919882
1778417579,6442,898.854783621284,150.97461227387709
1778417579,6443,1189.4737360477768,80.84954872865792
1778417579,6444,753.8561846745312,212.7516800325685
1778417579,6445,1124.6670095427194,208.27097882409623
1778417579,6446,652.0441446975107,258.3454807364319
1778417579,6447,283.56388520396087,174.473102158755
1778417579,6448,362.6147500778402,209.43539950266376
1778417579,6449,147.87065616715705,74.30635624440292
1778417579,6450,834.5202353265153,167.97268824809643
1778417579,6451,1051.1842784527503,201.31118310623523
1778417579,6452,800.2819497833171,61.478096424049504
1778417579,6453,1986.381529309254,42.72656608130191
1778417579,6454,436.1372943063008,211.0863511829603
1778417579,6455,1400.576912544161,169.16361067413976
1778417579,6456,848.5657329766824,131.78129738121987
1778417579,6457,1133.502517448111,96.03062506737142
1778417579,6458,1584.065451889255,128.84083677197071
1778417579,6459,909.8579659796059,180.926932043948
1778417579,6460,188.19196966951108,55.98192588031027
1778417579,6461,2270.7801411554888,37.816588794087615
1778417579,6462,319.61010266779124,95.97704681537914
1778417579,6463,103.7367900097646,71.3083188189022
1778417579,6464,201.6292620502248,89.24013360155901
1778417579,6465,275.6751656140128,311.26494650042736
1778417579,6466,685.3079086820169,46.31104093143534
1778417579,6467,524.9649582528166,173.14939209504658
1778417579,6468,729.9353777058592,212.14278721060606
1778417579,6469,217.72506910463846,117.62828359821177
1778417579,6470,568.7625543972467,149.5480119522319
1778417579,6471,294.7155832777462,197.19919692414203
1778417579,6472,533.0504143390954,48.165536064200246
1778417579,6473,521.417618743027,73.45459250626156
1778417579,6474,2484.6274471315733,95.96545952645079
1778417579,6475,442.659151014275,221.3218044800492
1778417579,6476,391.3276766060714,268.9325048435501
1778417579,6477,1386.634373018434,196.04956219294982
1778417579,6478,1465.1352120026274,129.88306704965274
1778417579,6479,558.3205711315201,259.3874354173131
1778417579,6480,560.2031761092477,63.850352165510415
1778417579,6481,608.5663125051761,224.43355445545993
1778417579,6482,253.98035201734243,80.53153565465566
1778417579,6483,783.1884427435194,215.57253682705425
1778417579,6484,671.7367952019764,231.16990966384654
1778417579,6485,593.4220633957613,226.044981876132
1778417579,6486,1093.791707381819,31.08534524648584
1778417579,6487,1068.94699486429,112.7291804677992
1778417579,6488,402.32150399696576,393.54876890042016
1778417579,6489,536.216908819253,196.3686226217111
1778417579,6490,361.72366674677596,167.1521960875134
1778417579,6491,1302.631658934007,104.22281869818
1778417579,6492,519.7653495808852,102.85701662142425
1778417579,6493,430.9667034431729,37.16689905508922
1778417579,6494,267.3247047467187,110.65811620455653
1778417579,6495,573.9431445366156,145.77507285383268
1778417579,6496,552.8453386637984,223.61992399861072
1778417579,6497,876.7566486395262,208.91804391630362
1778417579,6498,2139.178534992693,123.86260107563436
1778417579,6499,744.2839064570135,188.70563246981047
1778417579,6500,1837.422704811722,65.52694010796154
1778417579,6501,2510.180919189514,162.8495354399976
1778417579,6502,698.3497265030448,120.21021845731102
1778417579,6503,648.5655709710956,174.57811468767594
1778417579,6504,1474.3796694873845,173.5490584221658
1778417579,6505,1516.7922644994326,142.43565050852328
1778417579,6506,288.6651677965876,108.99924180955054
1778417579,6507,312.4745433453439,41.37656233612153
1778417579,6508,561.9355660557333,224.03973999903803
1778417579,6509,328.21030161313956,41.81091588818832
1778417579,6510,118.56787915921042,27.699500816995396
1778417579,6511,576.7321067630121,336.7735781910588
1778417579,6512,306.2622007157202,47.645239466373276
1778417579,6513,4097.585607248381,212.20797974058905
1778417579,6514,2130.3390654899226,47.02159126786505
1778417579,6515,229.70880743939315,128.88316509393314
1778417579,6516,809.7938704889262,239.57055820866347
1778417579,6517,287.72184812595464,78.30773564827163
1778417579,6518,806.7683321078345,215.06002419567884
1778417579,6519,2147.7046594632493,153.7780542252858
1778417579,6520,848.2419587022541,134.38424409000876
1778417579,6521,816.7799868872315,187.02776922785807
1778417579,6522,1125.812714565299,122.13322032783566
1778417579,6523,384.1735977606454,67.80526975984488
1778417579,6524,297.12191801615234,72.38420692493493
1778417579,6525,463.10380120511826,213.20275856760364
1778417579,6526,327.64905496679415,45.43837620951616
1778417579,6527,1506.1377751835687,184.50478663516444
1778417579,6528,288.01096820856,54.77262244886838
1778417579,6529,678.0031389008624,187.3328693061245
1778417579,6530,851.005068956967,129.91008501798797
1778417579,6531,953.8836129185886,167.0398225982232
1778417579,6532,1261.3622399386222,131.48294057256933
1778417579,6533,1227.6837773090647,103.37669084406156
1778417579,6534,1079.38692568871,149.2211795675014
1778417579,6535,342.3072241123361,75.0060448414756
1778417579,6536,1229.3197521529935,171.20080252305382
1778417579,6537,1893.7626781708275,167.41821281841106
1778417579,6538,146.69050531292032,28.610641653883164
1778417579,6539,912.2706705350341,58.01359846348977
1778417579,6540,900.3122673271572,171.86068494475091
1778417579,6541,902.8225307416174,161.39692410330804
1778417579,6542,275.4296108963556,203.9096134225972
1778417579,6543,434.61415236162634,240.85623153228838
1778417579,6544,160.07657158683045,49.28218954218502
1778417579,6545,466.86235259821746,214.50980255411267
1778417579,6546,471.67999804934584,223.171267093038
1778417579,6547,694.1696471251748,190.1825352977311
1778417579,6548,780.4356297891712,34.48278171877012
1778417579,6549,447.409022773605,272.9925791630725
1778417579,6550,554.6775916156271,75.37627833947965
1778417579,6551,1348.682417854671,226.1992048124117
1778417579,6552,494.90912370985984,61.618317190307806
1778417579,6553,1499.8533349823851,138.49654622300886
1778417579,6554,1405.2196150732093,181.6916486871624
1778417579,6555,1523.118040204242,171.53269890297474
1778417579,6556,2244.6989685057024,191.33383941770416
1778417579,6557,438.135243068771,25.474928498947147
1778417579,6558,354.1503845492215,89.470560906602
1778417579,6559,608.5930360883767,244.4456712615615
1778417579,6560,830.1336766441274,200.68392561032638
1778417579,6561,388.82421119734073,283.97902105487753
1778417579,6562,994.3728659510988,86.89576434538249
1778417579,6563,405.30676819346843,130.579885254807
1778417579,6564,1602.3427313985985,232.62908915408792
1778417579,6565,1200.1928797526652,34.07292442004432
1778417579,6566,126.83122962669202,37.810550099966385
1778417579,6567,1004.3698695408821,248.26289355377793
1778417579,6568,582.0524376168548,218.5236277053876
1778417579,6569,1567.7205791106041,187.59764886487443
1778417579,6570,847.4147565937714,198.3254760167591
1778417579,6571,421.1190997147565,189.35633242988388
1778417579,6572,913.5908631315691,154.43573347459096
1778417579,6573,487.6143809022002,228.33680361723464
1778417579,6574,228.51513158695425,364.88621900712536
1778417579,6575,193.5927624241104,56.842758311721546
1778417579,6576,1991.6105402009405,67.7723760597671
1778417579,6577,635.6966382360595,235.854202229618
1778417579,6578,486.4416556688232,246.0587521444856
1778417579,6579,416.54680161177976,214.21213319518657
1778417579,6580,614.7074133769582,238.78625216439295
1778417579,6581,1406.366628928075,59.22658918779172
1778417579,6582,2481.8342475201,109.50224825402246
1778417579,6583,900.7807905160487,231.6626824107984
1778417579,6584,1086.6604954332588,172.88870705109554
1778417579,6585,388.8321781156586,20.437868179283637
1778417579,6586,830.6145762441716,66.520710602605
1778417579,6587,1629.3937324227957,149.080006706223
1778417579,6588,626.7400710386565,312.2345022587959
1778417579,6589,566.2578424954659,58.0623135119852
1778417579,6590,300.98165025454796,31.263893086590876
1778417579,6591,1147.0155573047687,239.95031220807826
1778417579,6592,423.69434491896703,215.6708581428164
1778417579,6593,671.8138178833667,163.30624379108838
1778417579,6594,926.2591820071143,130.4434881649163
1778417579,6595,1474.9779699235694,162.70933893836053
1778417579,6596,468.00414361665565,212.5604880453764
1778417579,6597,738.4399159629609,189.62631852130045
1778417579,6598,733.3419149760348,201.63099441263478
1778417579,6599,644.6507231616491,210.43214024064434
1778417579,6600,263.138690817051,75.46774522418578
1778417579,6601,525.0359991364788,388.6975380720316
1778417579,6602,1087.1515554118234,209.65736628770998
1778417579,6603,447.1472912161183,343.9100889746523
1778417579,6604,1320.3843800817199,39.680690005627625
1778417579,6605,396.0082083599588,245.62899201387705
1778417579,6606,148.44271316213477,74.32837488801913
1778417579,6607,1375.4212748552718,184.49776114436224
1778417579,6608,546.321629350471,190.75129857648443
1778417579,6609,1431.4863214142365,85.63858502864103
1778417579,6610,1802.0001349564773,131.27419968358367
1778417579,6611,972.2214667664675,100.14232995625048
1778417579,6612,294.3270256167112,225.0152688329841
1778417579,6613,300.4400761553963,246.1620800458487
1778417579,6614,2795.483431792638,146.91780775175528
1778417579,6615,563.1507151472821,358.44729800518115
1778417579,6616,1784.7617157096636,54.06958973393825
1778417579,6617,422.2129369407016,235.15770314636524
1778417579,6618,124.30382237384995,14.963301116864384
1778417579,6619,580.8485598626211,83.64445705178026
1778417579,6620,513.3327238488329,54.169799599422085
1778417579,6621,1819.0706773327734,184.92725353891132
1778417579,6622,1510.405478390732,97.49096944118324
1778417579,6623,598.6727260234331,107.94662425747629
1778417579,6624,165.3121118932142,41.5594068568249
1778417579,6625,1137.8597210040566,197.45883701390315
1778417579,6626,647.5010757974541,74.544141709364
1778417579,6627,416.0662766758048,190.12297101927945
1778417579,6628,82.8346463948248,37.790633582954406
1778417579,6629,677.3304187736627,257.0759259260174
1778417579,6630,1076.628532528589,141.84243032782697
1778417579,6631,741.1840019113296,177.81904470244183
1778417579,6632,279.5371265366481,39.07947118039524
1778417579,6633,425.94735066353013,34.220445579896904
1778417579,6634,1415.2866015633203,121.09919394916209
1778417579,6635,631.7340066940432,108.18204161054813
1778417579,6636,450.00124892659034,344.0447109814987
1778417579,6637,700.7818179001489,227.30689602461143
1778417579,6638,606.8328030916306,224.76119676284935
1778417579,6639,630.3951749394811,213.46693922997457
1778417579,6640,357.6702814931389,153.13206254237738
1778417579,6641,491.05523582820933,124.56115979015188
1778417579,6642,409.18523369330075,182.88282822018715
1778417579,6643,397.05322127521066,176.2997742570906
1778417579,6644,1460.0969393903176,160.59775140877684
1778417579,6645,449.60625419321565,210.39700926138264
1778417579,6646,333.6441806018355,55.99418489606792
1778417579,6647,598.8157510187672,184.1596147415895
1778417579,6648,395.70122706196247,101.31591383130016
1778417579,6649,1452.7749774044119,173.28581402064103
1778417579,6650,929.0291036644345,170.59351329908793
1778417579,6651,1298.8262888918587,114.38550853707534
1778417579,6652,640.489688051993,188.74736811418845
1778417579,6653,261.19475853170826,61.29392424011969
1778417579,6654,2315.784965756517,130.55962598896582
1778417579,6655,500.89810630467497,204.18914693321867
1778417579,6656,1496.4165054360421,214.64278979882576
1778417579,6657,538.2686900361933,142.2864197186437
1778417579,6658,1630.0985473698652,153.56493714712764
1778417579,6659,225.24285826518673,64.22303675401105
1778417579,6660,413.4048842295196,119.9950270925447
1778417579,6661,760.4636005162922,53.63840669797894
1778417579,6662,1431.9723977579572,141.4620806032311
1778417579,6663,1928.1074016276427,128.72611524781487
1778417579,6664,452.2427976933302,217.0552559598868
1778417579,6665,1063.9584664162858,162.13746747194304
1778417579,6666,457.25594307025284,240.4592566551369
1778417579,6667,1323.524960374568,137.74429817812904
1778417579,6668,222.67532833058988,23.792892371448193
1778417579,6669,1086.0985395655607,188.1691897867824
1778417579,6670,774.9433135464076,228.27594603253178
1778417579,6671,1415.1329103803591,167.52958058381049
1778417579,6672,456.19006417201484,242.3098924242289
1778417579,6673,1010.6711340843016,175.29874233119895
1778417579,6674,1403.952884571255,186.5256710424738
1778417579,6675,1164.5171347025414,161.4619083043501
1778417579,6676,1156.909839336462,141.4025250393631
1778417579,6677,263.25545244937075,127.20476921028097
1778417579,6678,548.5952829438917,235.8599425679922
1778417579,6679,290.1757756331607,212.6390542585731
1778417579,6680,1134.051050751516,161.6712413745545
1778417579,6681,1306.9265950206695,136.23724907741735
1778417579,6682,1291.1230263175298,179.2610330435958
1778417579,6683,417.4862984334613,125.48752185328351
1778417579,6684,369.8355029977638,235.59600320180394
1778417579,6685,652.1789386723426,117.76278612080438
1778417579,6686,1076.6535917570368,130.58565562649466
1778417579,6687,428.6875843271611,92.6114462879591
1778417579,6688,1075.7778683477395,175.26426397206833
1778417579,6689,576.9902788812759,239.2652886065439
1778417579,6690,1016.4484982317588,155.61363655777345
1778417579,6691,549.550895830958,85.3774314532218
1778417579,6692,968.6776355681245,124.76708402675416
1778417579,6693,1403.4764301743874,149.10041579110919
1778417579,6694,239.48643647633338,79.80241353609357
1778417579,6695,233.28244482856215,111.13599675140524
1778417579,6696,576.1290525371012,65.37356829846446
1778417579,6697,942.467058082611,34.19325176283433
1778417579,6698,754.5703102221353,72.91665424579541
1778417579,6699,243.10559102782364,39.76905446981591
1778417579,6700,728.2188018012504,70.00957094534397
1778417579,6701,396.1075578342782,54.45397777935423
1778417579,6702,585.3291110176781,227.32634418786512
1778417579,6703,574.9858348192091,162.38407291052394
1778417579,6704,1803.9116855203822,216.3838320054522
1778417579,6705,1779.5591354517442,141.61116419273264
1778417579,6706,2316.1766365253266,131.68119550423245
1778417579,6707,1065.8189477885521,171.5947016231124
1778417579,6708,964.9827402375327,127.63208749504044
1778417579,6709,669.3038988969782,224.91042765491306
1778417579,6710,1047.5521326538667,181.4664753429572
1778417579,6711,848.2804743608659,229.39706600912066
1778417579,6712,210.25553922736506,100.86273700332993
1778417579,6713,1206.1207730810133,178.46200614977428
1778417579,6714,1147.7168360138073,170.63693582508873
1778417579,6715,1196.980457958665,138.68488569735254
1778417579,6716,681.5691174712243,50.161375296640216
1778417579,6717,2765.300531532183,47.05325294135094
1778417579,6718,598.4842413639266,184.67936440379975
1778417579,6719,423.3691796413332,111.75019091304922
1778417579,6720,1012.3526977761807,164.8911104863634
1778417579,6721,1810.728219410495,157.0232483467578
1778417579,6722,493.8598716983929,102.18250655597458
1778417579,6723,1557.5597594166863,121.48098950548352
1778417579,6724,1107.5203428606683,128.97263783427374
1778417579,6725,651.3765688668853,44.85037170184853
1778417579,6726,496.24058664371705,135.365310865051
1778417579,6727,526.0685872158843,281.7715686432134
1778417579,6728,778.370735819272,193.91081594594777
1778417579,6729,462.3501428388704,196.7550771409619
1778417579,6730,266.90067309849815,40.57532208573713
1778417579,6731,1644.8127139320673,175.28100710303212
1778417579,6732,2351.000547332417,132.77684597350373
1778417579,6733,750.362905236002,41.86908642989269
1778417579,6734,556.7701342856815,80.33468805443839
1778417579,6735,616.2322063208603,185.1131531311842
1778417579,6736,634.7898643398381,30.437618687643344
1778417579,6737,1651.0063754277535,142.00287133686857
1778417579,6738,854.9567678232595,342.0652429515517
1778417579,6739,1310.1034198616098,181.67737816904847
1778417579,6740,512.6511338080775,223.19658533102887
1778417579,6741,433.1880324374758,253.11054662754725
1778417579,6742,1372.8928115298684,196.3593823649805
1778417579,6743,2911.7295254739415,119.40440204476688
1778417579,6744,515.1534640311387,38.99196467900813
1778417579,6745,1710.254969033157,140.92226411895913
1778417579,6746,570.3829229769665,65.13885847144394
1778417579,6747,418.8077617794357,217.92556430369174
1778417579,6748,1962.8910534184668,151.11787563714122
1778417579,6749,974.9561347601111,153.86352484663013
1778417579,6750,212.92630438149695,21.560590858855566
1778417579,6751,192.02829923028239,98.09314313587213
1778417579,6752,816.9878274580107,270.78302245170823
1778417579,6753,238.1202565401646,345.79051595170284
1778417579,6754,262.14273189573004,166.49144135848806
1778417579,6755,239.99917068687907,48.96751879169203
1778417579,6756,279.6742046010366,148.86221853650838
1778417579,6757,73.39237277935062,30.175609839420087
1778417579,6758,529.8056353135909,186.52008767526598
1778417579,6759,190.0774964738677,58.12263882727997
1778417579,6760,1825.1281107365596,94.33157557264961
1778417579,6761,1754.1630160651614,145.2701630322957
1778417579,6762,444.52537298438125,125.55964578703646
1778417579,6763,721.3454657762444,197.09322120035432
1778417579,6764,243.19991822791735,146.2785278009516
1778417579,6765,411.559723247399,56.39805205938648
1778417579,6766,476.08805132736967,52.54048666051932
1778417579,6767,245.0700488671415,60.65402430272919
1778417579,6768,571.8735873691563,253.19849792236008
1778417579,6769,327.35981093345146,217.30087674627845
1778417579,6770,394.91031921384183,375.38489175539524
1778417579,6771,265.54287606927,196.04001030619798
1778417579,6772,993.9725299429093,120.8938700953654
1778417579,6773,208.461205198609,42.89578937410301
1778417579,6774,1367.6049464932248,180.01871080550822
1778417579,6775,403.71584171288015,241.65805023662872
1778417579,6776,371.18353198763003,53.68180872325462
1778417579,6777,1613.7270913422517,155.2394317787525
1778417579,6778,170.592788404264,44.51986889799715
1778417579,6779,554.2483432311102,183.60975554361994
1778417579,6780,949.9759091971639,242.74410865529705
1778417579,6781,607.8888873893403,213.8959562483065
1778417579,6782,758.2621655370598,46.05477150338521
1778417579,6783,1668.0005050454324,167.3089143410304
1778417579,6784,286.62635892284106,61.51405720195436
1778417579,6785,863.3916292046764,248.57477337152693
1778417579,6786,858.3707903515399,264.2349428622937
1778417579,6787,1370.3150225992283,170.92535345247268
1778417579,6788,437.04404967753675,255.50126010298
1778417579,6789,1216.5966092095591,279.8145040518123
1778417579,6790,886.1295399570439,81.97696960917652
1778417579,6791,419.535653460594,213.4299413068466
1778417579,6792,1026.0961215500881,166.78645075215172
1778417579,6793,792.8069761951446,197.95649953256907
1778417579,6794,678.7763620687878,195.57864446970322
1778417579,6795,228.90793768611954,82.40910350641751
1778417579,6796,2316.131752733498,148.62830076505082
1778417579,6797,466.85594847172536,250.74736484668435
1778417579,6798,1062.966639478673,148.65233675212454
1778417579,6799,231.39865314408345,82.54478789352062
1778417579,6800,1363.3077176748538,156.3308656962954
1778417579,6801,826.0017045413715,330.34262920939693
1778417579,6802,3759.673959743065,144.97570210785432
1778417579,6803,258.40526799772306,149.97195481968942
1778417579,6804,1791.3957771126927,176.54665539201986
1778417579,6805,111.81227743965147,48.26100726607651
1778417579,6806,1962.5929710491703,139.88938732455634
1778417579,6807,104.17543804521281,38.53297428156557
1778417579,6808,1740.519541795271,179.37237710852503
1778417579,6809,633.0779159163822,195.4008793666277
1778417579,6810,755.0052883917391,217.2129603256177
1778417579,6811,752.9532047281008,191.67157400040102
1778417579,6812,538.1058745045281,217.68381740282115
1778417579,6813,928.3464645680746,238.25834313264698
1778417579,6814,1186.6621408924725,261.9988570034553
1778417579,6815,1198.2973694139614,124.75585304551913
1778417579,6816,514.3486491445825,170.5482759464857
1778417579,6817,562.1263188237103,149.98147835620992
1778417579,6818,397.0475287941247,175.2825179046371
1778417579,6819,590.1021540776024,234.88651650106053
1778417579,6820,534.4425171580983,221.92325163292173
1778417579,6821,1101.8242183567918,153.79380686260288
1778417579,6822,522.3432110759102,82.64959158707548
1778417579,6823,925.0212968452321,128.73383228836337
1778417579,6824,562.9344381390592,70.46208821871309
1778417579,6825,1266.7100713106536,144.79757688793308
1778417579,6826,127.89600377181979,67.04699680049853
1778417579,6827,843.4972254234106,188.9300476332705
1778417579,6828,129.56285628799063,47.475393694205984
1778417579,6829,551.4528242415366,354.04997697704334
1778417579,6830,948.6558008852522,198.11124511657312
1778417579,6831,482.1098212724643,176.76613567876268
1778417579,6832,408.92010869536847,222.52752679855436
1778417579,6833,830.0271392690204,118.93263713576076
1778417579,6834,1030.7918262224139,182.6787694005157
1778417579,6835,540.3984390528615,222.00733295698393
1778417579,6836,3535.8382036470643,130.1744626335812
1778417579,6837,695.6629634517351,251.39620766366968
1778417579,6838,1973.363787301035,154.6684740686444
1778417579,6839,1570.1997971183287,113.49661178133002
1778417579,6840,736.6781886487885,209.13821940132664
1778417579,6841,394.9938280768099,53.89813352923504
1778417579,6842,1330.0621819708745,73.83871895801528
1778417579,6843,926.524674883105,214.4020024130658
1778417579,6844,330.88862069776,156.6907380622006
1778417579,6845,544.9833353327967,227.4421318740406
1778417579,6846,272.4219279553148,59.49369091983501
1778417579,6847,1719.96203927136,129.61405890074528
1778417579,6848,247.45822427074606,48.18317965333996
1778417579,6849,1554.7187113694542,215.2231778308777
1778417579,6850,272.9229824319384,76.23495357181103
1778417579,6851,972.7985030082574,200.60104583409824
1778417579,6852,1376.4649535484189,136.82247022081975
1778417579,6853,1314.1201404107474,121.02327945065194
1778417579,6854,973.206596574097,188.96907332900724
1778417579,6855,232.6307362655919,49.579551150732065
1778417579,6856,633.7999503366585,187.61482358030543
1778417579,6857,257.33823848892047,59.518537924765354
1778417579,6858,414.6404022864266,193.0109494448274
1778417579,6859,502.9437908557265,58.90969253849561
1778417579,6860,824.2858958720959,207.20642411717054
1778417579,6861,511.0543720848885,220.35135354008426
1778417579,6862,457.07591646245993,133.36310845091816
1778417579,6863,603.0760645346846,194.462876750981
1778417579,6864,604.2820932510434,129.2581622731852
1778417579,6865,590.7172937199878,50.95363503337557
1778417579,6866,3069.781410681839,102.0803673676033
1778417579,6867,519.0049547730971,185.99190432149368
1778417579,6868,545.2983319256116,195.54125092025848
1778417579,6869,604.8596333288934,41.97755612849133
1778417579,6870,1824.1873744269647,59.33194846669299
1778417579,6871,1987.5186696655383,154.07455843891412
1778417579,6872,404.7336146657351,102.4375425025353
1778417579,6873,1355.4485236526466,79.9449717475492
1778417579,6874,1820.293012224104,49.290010188304514
1778417579,6875,553.732913649715,49.80843004208873
1778417579,6876,595.7579097456355,146.99740625550317
1778417579,6877,212.37403025197744,201.0973681633423
1778417579,6878,507.30457887654006,208.68031439330724
1778417579,6879,416.0532459929402,163.33266170396118
1778417579,6880,406.85737718924327,66.01517482632791
1778417579,6881,1070.3207999917256,172.15646822655108
1778417579,6882,329.29383332074127,30.99482721783286
1778417579,6883,487.17206503260877,186.04060388136332
1778417579,6884,297.08039329338703,103.12348559492479
1778417579,6885,604.1550639063465,251.6615780430177
1778417579,6886,436.3037031820994,217.68190757117722
1778417579,6887,306.73383322088705,120.22607481437547
1778417579,6888,1475.2941446913906,154.4809449686304
1778417579,6889,934.6355822372652,215.62916683205597
1778417579,6890,872.6560557249385,180.33831186283868
1778417579,6891,1207.8371620392327,157.34093576548244
1778417579,6892,680.9162136546746,163.34540119415072
1778417579,6893,1659.1245863954935,78.79693252902267
1778417579,6894,436.56462756623205,100.32159969471391
1778417579,6895,819.9564522439837,223.0049601318373
1778417579,6896,398.7895484185812,120.82901720829607
1778417579,6897,337.37849828623104,68.5116742160793
1778417579,6898,2026.1425163909669,124.44202905213606
1778417579,6899,97.74622393029873,56.78723694037635
1778417579,6900,414.4711787799299,90.69008971504134
1778417579,6901,769.3401095535098,168.9349478116943
1778417579,6902,277.22397526185523,37.771885329619465
1778417579,6903,789.2255163535283,141.00531129758733
1778417579,6904,982.4054112814098,156.92174695727016
1778417579,6905,543.2251557422326,221.8980153331978
1778417579,6906,615.182494916354,192.94415178913755
1778417579,6907,1137.4851895289228,150.4166377779805
1778417579,6908,879.5710873147077,183.5353366322313
1778417579,6909,1058.4352979840642,78.50817797861424
1778417579,6910,3290.9871306466366,106.95477650728344
1778417579,6911,143.93239088755135,58.31462494746734
1778417579,6912,935.6004575238076,186.20669020393672
1778417579,6913,741.1841085897729,157.41507286550888
1778417579,6914,1458.4305365281928,152.67238364359517
1778417579,6915,144.3185186430079,29.448984465020033
1778417579,6916,200.70923420445416,54.3134904280432
1778417579,6917,191.0589240546266,263.0139184302151
1778417579,6918,284.1177808262947,35.6022670409129
1778417579,6919,621.3642554962867,169.87082780521487
1778417579,6920,1007.7933683915282,178.80305433081693
1778417579,6921,492.58457716948516,159.01136763732686
1778417579,6922,294.5138547172367,86.35689938351412
1778417579,6923,3090.930762218548,126.54215935465731
1778417579,6924,395.93022144321685,17.458195638731432
1778417579,6925,571.6976216284095,38.43927147373401
1778417579,6926,1241.2003188691904,163.51877320234345
1778417579,6927,698.9224039477028,183.2188332988699
1778417579,6928,1113.2543143715156,133.44241966697203
1778417579,6929,2629.9782177076636,137.33249386979804
1778417579,6930,847.5975364719433,187.73645015079015
1778417579,6931,371.18865918056537,59.827347450343595
1778417579,6932,1854.8740963305543,124.66898912336191
1778417579,6933,315.79712560726506,30.6905840678456
1778417579,6934,590.575650611007,102.44661228407377
1778417579,6935,596.2982355287817,168.28410832866797
1778417579,6936,660.39482203706,174.3376190000627
1778417579,6937,696.641639636693,138.82437416392477
1778417579,6938,1459.7719867292167,163.21235769793182
1778417579,6939,494.79052513251713,165.80017080590727
1778417579,6940,692.4402182696615,52.80891036132182
1778417579,6941,784.5596495501596,151.8856714177467
1778417579,6942,653.1422776199722,117.21742583677627
1778417579,6943,221.46201802449752,67.12906571890986
1778417579,6944,554.3126873271622,121.81151243889437
1778417579,6945,210.00105619343915,52.298401587755286
1778417579,6946,188.63083050474114,37.42796508498291
1778417579,6947,699.1904722506125,199.75329788422127
1778417579,6948,1356.0470363142501,153.44673519924942
1778417579,6949,794.1644290127009,154.41608261167246
1778417579,6950,1392.6107685440377,182.5091330599884
1778417579,6951,330.30445148248697,211.2204739499632
1778417579,6952,656.3561196416041,150.71111755908106
1778417579,6953,934.1556534276108,132.53780470615615
1778417579,6954,439.74636042643544,210.76303684672624
1778417579,6955,1273.3797183700297,158.874055941039
1778417579,6956,1050.4083496484059,64.2185518823265
1778417579,6957,208.98912180332476,29.412814898852314
1778417579,6958,1139.4427392461798,121.30065857337812
1778417579,6959,1825.2130960975262,201.9409087343052
1778417579,6960,899.2337528242514,72.05783079555037
1778417579,6961,751.5961910666512,104.59372818572913
1778417579,6962,321.12269018860394,43.08694163143769
1778417579,6963,211.27515128216098,22.870811369951625
1778417579,6964,190.15348477835528,81.17132528643282
1778417579,6965,771.3032812977602,141.68903023113245
1778417579,6966,933.0849254685622,129.266638746717
1778417579,6967,141.75364844697472,51.47980409569934
1778417579,6968,1575.3810826245847,95.61039495837915
1778417579,6969,1892.3211484822018,159.72689378764326
1778417579,6970,848.3911024946741,159.91527826393778
1778417579,6971,3189.799054117463,67.63144416128058
1778417579,6972,2232.0670883393504,126.4063034044599
1778417579,6973,571.7437171369805,209.32684111210799
1778417579,6974,2876.947956193957,110.67845061296241
1778417579,6975,354.46282590118415,83.73656007748336
1778417579,6976,1662.89363021351,162.06626626512502
1778417579,6977,489.4663785837707,118.76612624392382
1778417579,6978,687.9864875366883,163.6727153963067
1778417579,6979,1199.9793096446247,127.97518544386074
1778417579,6980,566.7965274738395,54.71885642321113
1778417579,6981,1584.0676432526298,140.44120983978775
1778417579,6982,325.49392006995237,277.57911981960166
1778417579,6983,530.7890701568602,163.4830698378486
1778417579,6984,349.2434845121087,186.94353653321255
1778417579,6985,297.46126507355035,19.22778818377951
1778417579,6986,1074.1857574726548,179.50272516956736
1778417579,6987,436.26176303420357,193.70973112067736
1778417579,6988,369.42473272229836,27.897377991859656
1778417579,6989,319.1151392869109,247.2403213494915
1778417579,6990,373.56866597837035,89.31991436824858
1778417579,6991,539.6144010291285,191.27109937174663
1778417579,6992,1568.3249927805439,172.2907873084558
1778417579,6993,890.1125530929235,188.52770231732936
1778417579,6994,572.2782458248903,182.7317340262381
1778417579,6995,416.7489390965628,237.4911286954402
1778417579,6996,761.9183727622052,195.7244060092526
1778417579,6997,525.7540601237972,190.1006339599048
1778417579,6998,563.3324000049879,184.43061045318595
1778417579,6999,471.04782594177215,78.42066186572613
1778417579,7000,1373.1343284752843,133.27184494052517
1778417579,7001,384.0912159628872,293.0303188663704
1778417579,7002,1284.3028174939736,134.1089602659585
1778417579,7003,1074.2992118825257,130.00664604548624
1778417579,7004,288.3324724136703,79.63436935263752
1778417579,7005,1342.2006673056226,73.39381246860344
1778417579,7006,444.55000130591884,235.42444495342116
1778417579,7007,852.4821687155704,87.6324596951319
1778417579,7008,1452.3741491269013,179.5551637299466
1778417579,7009,1098.900976698287,131.9977166270038
1778417579,7010,661.5058192093072,203.78063714080707
1778417579,7011,589.3896572557014,291.9511076716281
1778417579,7012,150.43890679401073,55.78846543408699
1778417579,7013,1145.698140208538,113.42807761810086
1778417579,7014,993.7655212961118,95.38077845159727
1778417579,7015,372.06506359597216,178.08064154081603
1778417579,7016,1172.381292057406,148.04862984273578
1778417579,7017,369.43166112784934,22.357334821348896
1778417579,7018,3349.662270059343,126.3535987895211
1778417579,7019,1655.636379179575,132.56424569906434
1778417579,7020,590.5521345770464,193.72030510413435
1778417579,7021,1833.8539376716817,117.24905310587073
1778417579,7022,554.2442521397548,241.62598323782632
1778417579,7023,1696.9109919340717,155.70688029154698
1778417579,7024,165.0532998094191,74.7423291182522
1778417579,7025,1518.3313740247627,98.59046167517666
1778417579,7026,1402.1216083949269,183.3835654174843
1778417579,7027,925.4763202679468,168.102502598242
1778417579,7028,1209.8488953565334,200.5707985445094
1778417579,7029,584.1510507669655,77.2932412267118
1778417579,7030,2605.5440393598487,149.23149588498697
1778417579,7031,311.09263529088815,194.84870918982296
1778417579,7032,581.8620089235486,196.12242485385605
1778417579,7033,675.5092483670036,33.47947998564299
1778417579,7034,819.0775844733473,139.4789465260863
1778417579,7035,934.0666931015105,163.57713389068616
1778417579,7036,300.2737198399029,37.987127273403274
1778417579,7037,1552.7507172585424,147.71120451307775
1778417579,7038,1357.8426669010155,154.549512902074
1778417579,7039,1547.8971058887287,229.97860036932988
1778417579,7040,715.691603455305,154.8260817133731
1778417579,7041,640.0119342165726,134.6765539956203
1778417579,7042,404.8197246007686,256.98677416209273
1778417579,7043,1054.484078168626,85.15517579641077
1778417579,7044,405.9853602399488,45.71409664600735
1778417579,7045,474.2913201124322,218.36132526987086
1778417579,7046,1293.914064328406,171.79702074277992
1778417579,7047,1146.8663011434155,132.42217081255507
1778417579,7048,540.502960980569,60.151700197853714
1778417579,7049,414.33462162149675,156.687453158542
1778417579,7050,685.0652008449904,181.61040804531345
1778417579,7051,340.93265303516364,34.06551619894139
1778417579,7052,502.3395131605436,168.00048046081812
1778417579,7053,527.2092577411005,218.9219552219591
1778417579,7054,997.0399289708212,82.69983511580487
1778417579,7055,154.1268445094046,15.460678680077814
1778417579,7056,421.10633900037874,208.2364447367815
1778417579,7057,1469.4486794782947,195.6030097184486
1778417579,7058,1979.0741116288973,148.0606405686926
1778417579,7059,826.1972695981107,210.09632131310676
1778417579,7060,196.63559181067305,67.27743198485548
1778417579,7061,720.0267179512691,212.51782515643373
1778417579,7062,1965.437235874274,141.50315954560142
1778417579,7063,128.26299697740544,42.11931355575442
1778417579,7064,824.8005721749398,172.9637577315183
1778417579,7065,391.96482230008434,215.20887269596852
1778417579,7066,1472.8370610462864,154.52628116319437
1778417579,7067,427.88879125836587,236.92826550853056
1778417579,7068,507.22926296980467,68.32095002912703
1778417579,7069,1317.7695015979996,170.49072331678244
1778417579,7070,613.1529331782091,81.76975438336953
1778417579,7071,1236.9210704325637,153.17215881619435
1778417579,7072,672.1217696398243,185.04115187296557
1778417579,7073,485.4517984758905,80.09306810491837
1778417579,7074,826.503234301323,108.26985919358438
1778417579,7075,879.0561240079361,125.68638620173634
1778417579,7076,463.89392048559415,184.86469137377523
1778417579,7077,752.0341325135623,205.14473418977965
1778417579,7078,592.9453220712842,192.52667736929473
1778417579,7079,1368.9210155636215,57.893845023753826
1778417579,7080,984.5352979796804,71.59167687539981
1778417579,7081,891.0907481843501,136.8121440265863
1778417579,7082,277.1035731012115,25.956631924103554
1778417579,7083,192.67376915435528,119.34574008043572
1778417579,7084,584.2136246946716,216.1542293158226
1778417579,7085,279.200585917929,23.915846549873716
1778417579,7086,266.6079312676722,23.33334301057451
1778417579,7087,412.14325018842345,348.81030251248484
1778417579,7088,486.88749953432165,122.98848681033269
1778417579,7089,1756.5738187093243,146.36424556835462
1778417579,7090,631.9020853733341,170.2066126907513
1778417579,7091,914.5495431574503,122.54140493336567
1778417579,7092,1159.4478230714267,191.00870864398152
1778417579,7093,1034.4601856359027,141.72531188543564
1778417579,7094,920.8210619693679,167.48094576984914
1778417579,7095,574.964955083041,201.40486874165154
1778417579,7096,1450.6262481595732,151.6385188363739
1778417579,7097,697.7438689585952,156.52160274176828
1778417579,7098,2495.829992663157,159.3846673849308
1778417579,7099,966.0819182248305,193.9457418360221
1778417579,7100,785.9390470929517,127.75349302188994
1778417579,7101,459.6649576576198,210.8671633786796
1778417579,7102,345.11921712303644,217.07669874946617
1778417579,7103,609.1081210191467,194.4785395073196
1778417579,7104,1970.82526438674,185.21228909943008
1778417579,7105,1395.9147857085852,147.48285473030018
1778417579,7106,165.49511955543244,102.08450375152917
1778417579,7107,235.46642215145374,103.7208333029753
1778417579,7108,321.76497178111526,50.695141390209706
1778417579,7109,426.57106670422553,70.36488530773262
1778417579,7110,1663.0992122445693,39.89033127724917
1778417579,7111,468.9078329297092,173.6502675507829
1778417579,7112,474.48694222136123,176.27699731699647
1778417579,7113,1798.2860474145887,141.954789806187
1778417579,7114,754.4947133120745,157.41293681540435
1778417579,7115,725.3252782317425,63.95725563802409
1778417579,7116,109.68646534359019,70.65323567727042
1778417579,7117,390.389526501578,36.834391288424385
1778417579,7118,2298.5270963986927,204.57790214551358
1778417579,7119,312.2826308095701,91.79523024988798
1778417579,7120,1582.830851107685,146.76093990812825
1778417579,7121,1675.6064806647762,147.3977336837944
1778417579,7122,317.0074939568679,197.6501484307941
1778417579,7123,883.0873447984088,202.5525162716428
1778417579,7124,528.5907369498466,224.98690801575438
1778417579,7125,393.820926544487,49.93405515647172
1778417579,7126,440.43361713596767,199.1612568242409
1778417579,7127,874.9230563522798,163.44770459268705
1778417579,7128,452.4868777480937,61.9866000567165
1778417579,7129,491.1504580380173,226.3843282604877
1778417579,7130,184.7308683995502,259.08440684196216
1778417579,7131,894.3708005889278,200.2831630378158
1778417579,7132,2346.776269353277,149.73294886780613
1778417579,7133,519.5263062063011,194.13276773063518
1778417579,7134,971.5024265897061,137.26229485083272
1778417579,7135,74.81604599693081,29.71781916324655
1778417579,7136,1812.8675076335392,117.96948440435524
1778417579,7137,456.340120135028,196.34775144151237
1778417579,7138,332.2714627690833,36.80334071397734
1778417579,7139,251.14222190783366,46.04403041391251
1778417579,7140,1984.981841782119,77.71313644812321
1778417579,7141,262.65559299643024,49.69206291180002
1778417579,7142,335.68997896945405,94.08064961519162
1778417579,7143,502.78260527276814,215.79961315677457
1778417579,7144,197.81428028199662,100.19528232544948
1778417579,7145,1188.545196699801,184.95696137647982
1778417579,7146,1735.5514592636466,94.96362689649746
1778417579,7147,794.0299970917699,60.72329925062382
1778417579,7148,713.9419083355327,208.04866806543907
1778417579,7149,228.36771602883437,74.91947961160734
1778417579,7150,670.6873447038726,198.14364442547023
1778417579,7151,794.8919362821802,89.85128031184328
1778417579,7152,1866.5764816162664,75.93499163194302
1778417579,7153,274.59730188493666,134.65167717235335
1778417579,7154,219.68229693180677,65.34577505705383
1778417579,7155,3509.73894710287,152.74402099373083
1778417579,7156,175.34875478474595,57.41420913099202
1778417579,7157,466.06815108122527,197.88137681306523
1778417579,7158,1605.2669024688955,200.73643355242507
1778417579,7159,514.9421140560531,199.1777281558955
1778417579,7160,886.3315348900708,29.58015447497197
1778417579,7161,625.4193885678809,67.12916244146236
1778417579,7162,103.60936905045368,16.667314255867627
1778417579,7163,201.52172335730447,45.776620040916576
1778417579,7164,1306.737064929183,160.88826842953583
1778417579,7165,372.79913125182867,200.58110810059006
1778417579,7166,488.16721592185417,217.50746272137548
1778417579,7167,296.97886817731745,42.61621229717858
1778417579,7168,1637.7048642337093,157.2249230878543
1778417579,7169,291.5746031550914,32.71235361362069
1778417579,7170,769.5290279174199,37.623621211586496
1778417579,7171,131.95977077848195,167.83731227047733
1778417579,7172,275.4716014730822,108.38522334032497
1778417579,7173,767.136093980436,111.02044873458549
1778417579,7174,349.21117523943394,209.87379583423294
1778417579,7175,190.4086694925933,174.24045803185007
1778417579,7176,669.1006858745693,208.88159542309361
1778417579,7177,1745.5499430675911,139.57047214284356
1778417579,7178,477.8646424854614,192.63467867234777
1778417579,7179,719.2157271255653,202.67589803638828
1778417579,7180,571.1836118563697,182.6096152531415
1778417579,7181,759.3492470768122,203.80426060228498
1778417579,7182,769.3393348122903,244.84887750088436
1778417579,7183,1085.3659684208335,128.3869832572689
1778417579,7184,1632.7243722187688,102.02843955211758
1778417579,7185,1302.5569291370005,168.34436439820973
1778417579,7186,1115.1024682456016,198.85714516030853
1778417579,7187,662.5371276801442,186.10891482520748
1778417579,7188,797.7715837032115,165.49970977039627
1778417579,7189,717.9315831028872,212.11462053309307
1778417579,7190,2644.9080758806813,106.72864830054976
1778417579,7191,420.6590678936018,132.86567944595598
1778417579,7192,2002.0801763294576,48.728859582556154
1778417579,7193,1369.2423790135606,155.90125957037958
1778417579,7194,1004.8410449633246,150.35992802696134
1778417579,7195,670.5425125233829,185.05991682026777
1778417579,7196,257.7717924997099,59.255834042924555
1778417579,7197,878.9295999972447,159.78069320184267
1778417579,7198,532.0182592410591,227.2551445064119
1778417579,7199,924.9347301967546,190.916084627071
1778417579,7200,869.3925628431974,161.81684848365435
1778417579,7201,3520.6863640038496,152.3226256592894
1778417579,7202,393.024248394434,214.1509808967353
1778417579,7203,431.6101834068794,78.64950160619672
1778417579,7204,278.5560039528173,264.9108827490691
1778417579,7205,1296.2213021884108,170.25029674023068
1778417579,7206,545.7812529968039,226.70187505487016
1778417579,7207,513.7307412410487,198.70681797655473
1778417579,7208,3121.2080132088563,41.591274029675205
1778417579,7209,109.64971880297232,40.841810792485795
1778417579,7210,1233.9796165224836,146.88759624184982
1778417579,7211,198.15923138484257,68.08258416920171
1778417579,7212,569.8525475382531,217.91089586735364
1778417579,7213,1084.807626452744,167.66191974536721
1778417579,7214,600.2028412940937,180.9636373716893
1778417579,7215,1510.1718246271632,182.54069183661417
1778417579,7216,212.71817070519228,124.56386105722996
1778417579,7217,671.6727073439985,174.37832777143575
1778417579,7218,210.36681279511615,132.28294105641623
1778417579,7219,1956.3320060335218,93.57439279953066
1778417579,7220,166.3727697733074,28.63298172345794
1778417579,7221,515.1985135841909,57.561557549685105
1778417579,7222,135.66539235741436,51.98256150648603
1778417579,7223,201.42027140838263,67.86248150892189
1778417579,7224,1994.4848371709331,84.56335278132548
1778417579,7225,219.95223893642208,82.01071584103613
1778417579,7226,964.468822044086,49.249870183534966
1778417579,7227,472.7549530222655,45.43939449090876
1778417579,7228,1781.670251966874,161.89972893798708
1778417579,7229,471.9961848248631,227.4338059003009
1778417579,7230,342.42182797938364,70.23386183652327
1778417579,7231,494.48869273724364,192.25951666991014
1778417579,7232,536.2943414223213,198.81008256733256
1778417579,7233,1206.6555993499649,188.8106987737655
1778417579,7234,369.9327928098788,258.58431494135266
1778417579,7235,783.35329042031,124.13962069026695
1778417579,7236,1881.3815874140973,142.52551865169193
1778417579,7237,1761.1115165873289,167.69192233436635
1778417579,7238,289.4229220860321,356.59845720489244
1778417579,7239,1585.3573899132896,91.65720936186425
1778417579,7240,803.2934728030713,62.57302719396374
1778417579,7241,356.41334910246303,156.65166138506513
1778417579,7242,596.8968942242559,190.78267508168855
1778417579,7243,307.3278033677366,44.498170162164335
1778417579,7244,629.4928802700342,180.20677917790923
1778417579,7245,2050.7971847491417,146.74572062344083
1778417579,7246,1582.7841756143328,201.49190565803715
1778417579,7247,743.3959984089466,33.85986271404385
1778417579,7248,632.1500829510433,156.08137191201354
1778417579,7249,499.43835046269857,54.04910206292733
1778417579,7250,554.1413092630224,229.79481752640208
1778417579,7251,401.04521282623256,15.05175144885083
1778417579,7252,1590.7523581015214,118.22451761036572
1778417579,7253,409.10115267267037,156.6687121562658
1778417579,7254,461.5021722831534,14.053066778273006
1778417579,7255,685.7714514487197,192.55438389163837
1778417579,7256,153.43980479012194,148.9702463041088
1778417579,7257,49448.56235393772,433.11982435376166
1778417579,7258,115.61019214264842,39.28508165978434
1778417579,7259,721.9188620695742,190.31209106795885
1778417579,7260,1133.2696855694269,84.18341289989823
1778417579,7261,3335.2973812430864,146.33442245292707
1778417579,7262,1549.4898757936796,160.2572609916784
1778417579,7263,466.64308751335983,209.24157066097655
1778417579,7264,681.7885703923259,181.1388581291967
1778417579,7265,528.5650217919946,59.26751160386178
1778417579,7266,545.3883327629583,175.37879898644775
1778417579,7267,5008.720424885601,116.87989469567889
1778417579,7268,593.9298713062674,176.57131395724187
1778417579,7269,1268.5496572299596,165.56555430252595
1778417579,7270,1182.03642921937,193.39350233932294
1778417579,7271,1447.443811566583,146.4611785363927
1778417579,7272,677.6925148766386,146.07600995011188
1778417579,7273,790.299109824409,118.48470706043851
1778417579,7274,220.49529793994935,63.610816600682355
1778417579,7275,996.9979107271826,184.29053305599854
1778417579,7276,764.0415413864283,110.11774179179409
1778417579,7277,346.236167544165,106.21873313824014
1778417579,7278,910.2913452020124,95.84119500138674
1778417579,7279,399.8013543229308,221.96751488439799
1778417579,7280,256.48267924834715,121.20908220006189
1778417579,7281,1053.9601139191066,79.66205766890175
1778417579,7282,855.7094815863169,159.84306849773822
1778417579,7283,896.8798057347939,196.60255017797638
1778417579,7284,984.4549313069175,190.5723446224075
1778417579,7285,1431.3083517388793,50.130985959978936
1778417579,7286,886.8023437891412,187.66331252716697
1778417579,7287,426.28005535512455,55.77809998914448
1778417579,7288,622.7945780224842,177.76024995263765
1778417579,7289,1426.260277146623,147.7675786101763
1778417579,7290,17706.14311020408,142.12054439540572
1778417579,7291,276.65014812467876,75.16609588570901
1778417579,7292,194.2962397739972,85.01685882682585
1778417579,7293,143.33176065195948,151.9704145647362
1778417579,7294,315.08901641549926,74.72648968569791
1778417579,7295,191.87546664098042,43.565020317075
1778417579,7296,1045.5063474441947,127.8698006512631
1778417579,7297,525.3191865477212,209.39450313855644
1778417579,7298,1607.5599391723276,135.95634269068387
1778417579,7299,541.944254336446,197.73243148164192
1778417579,7300,985.5148086056374,161.67263264449335
1778417579,7301,97.12205256392917,22.66618814448702
1778417579,7302,410.8156607175591,49.50192874679833
1778417579,7303,622.975321112336,168.6203720697681
1778417579,7304,896.837127876558,241.17484426559764
1778417579,7305,149.20061344231533,133.37193878758706
1778417579,7306,1322.0994926372912,158.0832850927291
1778417579,7307,467.56487371473,216.33965565009495
1778417579,7308,708.7670669645403,158.5311408536943
1778417579,7309,1110.6159915770531,186.03643855121987
1778417579,7310,1903.9435631144213,188.39078372850216
1778417579,7311,132.26624066111702,14.650554301729787
1778417579,7312,121.20760085193314,39.34078381356772
1778417579,7313,266.01374009091626,164.22200332232447
1778417579,7314,275.4774648522157,50.32949217150972
1778417579,7315,891.9425774312463,69.39550864389837
1778417579,7316,519.443715561088,158.78563002325026
1778417579,7317,801.6283303513364,170.7040471573457
1778417579,7318,419.08725853850075,62.71024098378016
1778417579,7319,581.8531121256943,142.75407306232924
1778417579,7320,299.83222004475647,99.76017317451767
1778417579,7321,262.23178735339656,141.50615369477538
1778417579,7322,325.61086055307464,107.11730931356394
1778417579,7323,572.1489481549071,91.25965073374608
1778417579,7324,743.6643583985268,182.37010378909127
1778417579,7325,664.2313605728989,197.51303102306753
1778417579,7326,2318.6111451615993,57.54578337432465
1778417579,7327,1123.9146262684555,124.18466993700765
1778417579,7328,331.8124863760315,91.13557616518084
1778417579,7329,1088.4767965906449,133.20015014115006
1778417579,7330,623.6797063775659,34.07147308022736
1778417579,7331,986.6179925874139,159.75820270075198
1778417579,7332,756.8585589260751,199.14167728195744
1778417579,7333,774.444056722759,53.30379070189157
1778417579,7334,552.2043711563269,135.71196827920636
1778417579,7335,543.0698493998771,178.48080296535332
1778417579,7336,1508.6926541579032,168.69865592568317
1778417579,7337,460.9553636223885,83.68929663026866
1778417579,7338,103.19373283193467,17.08366529369666
1778417579,7339,335.84026285726986,132.43454822304338
1778417579,7340,1198.6619015999888,150.18815515705293
1778417579,7341,1615.3445344881957,148.19758933735196
1778417579,7342,1468.9756071172549,124.84315291118179
1778417579,7343,731.7415402510784,190.96858322739243
1778417579,7344,1569.8889388080677,122.92142633764419
1778417579,7345,580.2780604407557,164.6977993552702
1778417579,7346,1719.1590145194896,36.49795318623847
1778417579,7347,3120.0440220895866,127.88469015435165
1778417579,7348,488.4147369497551,62.67095671558937
1778417579,7349,156.91265945940012,100.69070594618657
1778417579,7350,709.1742589206816,218.04202778226932
1778417579,7351,1195.4795216628286,135.78300490508812
1778417579,7352,527.9311055977807,170.8328769478061
1778417579,7353,848.0213391562795,186.27110759950682
1778417579,7354,634.487935875875,184.27747121470802
1778417579,7355,855.4261937716476,155.3018212839947
1778417579,7356,297.67895410750987,134.37740116637502
1778417579,7357,421.01538635837716,100.14458369909282
1778417579,7358,505.29737377724257,178.6154858595208
1778417579,7359,416.48634126430244,221.72490640456428
1778417579,7360,906.4606094052328,163.0227914997524
1778417579,7361,269.1686642006519,102.04520919905339
1778417579,7362,539.142193697415,234.6468388531102
1778417579,7363,252.78547419157445,243.22092422010292
1778417579,7364,829.6978848486694,138.12928274687604
1778417579,7365,1626.906069066536,186.50225651924643
1778417579,7366,1363.5824026583073,203.43546304298883
1778417579,7367,365.1592974419046,96.97320898793924
1778417579,7368,529.2483232631225,183.8593048729232
1778417579,7369,225.25282531938097,128.42140692805103
1778417579,7370,555.2506634593452,121.05212460501212
1778417579,7371,189.16424455743424,62.53944135194244
1778417579,7372,2112.4770171053938,110.3509994970809
1778417579,7373,645.153576734659,188.90934518106758
1778417579,7374,1247.8143035094445,173.30198300039305
1778417579,7375,506.54706814170316,218.6882790911554
1778417579,7376,1083.121374447526,176.07500017822582
1778417579,7377,2227.983891290807,133.60570694747855
1778417579,7378,947.0074088963928,158.15281522569077
1778417579,7379,304.48249622452863,42.31855148324385
1778417579,7380,420.66933102911383,229.9109473232523
1778417579,7381,192.8530393692493,281.1157832920045
1778417579,7382,1938.5880632971623,127.49416218801638
1778417579,7383,1259.655282124974,91.07900300254904
1778417579,7384,589.3492540198014,152.06697714436208
1778417579,7385,460.7892129974734,49.641056018046754
1778417579,7386,1211.824728956645,107.45879081385016
1778417579,7387,988.5052318494706,79.8702416529604
1778417579,7388,1606.089203622261,137.4794541357915
1778417579,7389,1620.9298328214275,148.07796454930443
1778417579,7390,2241.4474053313515,186.75087918846506
1778417579,7391,2956.191629717577,59.950388322461436
1778417579,7392,1604.624893191066,134.00519189302207
1778417579,7393,286.98763403293196,84.13833481581588
1778417579,7394,485.2522914216134,225.1498869588291
1778417579,7395,1268.128036373018,31.983720106376328
1778417579,7396,978.7352990113213,196.6758602932938
1778417579,7397,2048.898330949911,135.90582010558
1778417579,7398,262.359904730677,22.81209733432828
1778417579,7399,617.5527594818965,180.92581635851116
1778417579,7400,1381.4093384976566,174.10643989268192
1778417579,7401,1614.7769458704952,46.54846449104993
1778417579,7402,413.7232333138402,21.19172266006843
1778417579,7403,662.5026946759299,196.01128114663499
1778417579,7404,500.37780358372976,100.56128167313076
1778417579,7405,309.21992860742404,16.808566574568776
1778417579,7406,749.7731981676247,94.80345541143731
1778417579,7407,565.8646239439502,89.36102453231348
1778417579,7408,912.9651992554352,261.41175548455647
1778417579,7409,728.7300916247674,166.9115279482895
1778417579,7410,1107.6302990729846,132.12547575037397
1778417579,7411,132.35026710772618,59.93007233406291
1778417579,7412,1088.753844132951,104.49492873561937
1778417579,7413,285.73518308129024,129.6459767931128
1778417579,7414,556.0737995065914,222.01506851188873
1778417579,7415,877.6192103978922,47.355120402106614
1778417579,7416,366.8914746164792,50.158517701079774
1778417579,7417,1853.1209561424055,142.33394225550094
1778417579,7418,214.6382042883175,40.85513532781757
1778417579,7419,726.9210019711625,127.74724862693292
1778417579,7420,286.5320464075801,33.04709089360651
1778417579,7421,381.956156929219,41.65046547521084
1778417579,7422,1350.3758063445339,36.39066564928826
1778417579,7423,2172.91308877299,89.75612886156114
1778417579,7424,1210.8667996576912,155.60258902966402
1778417579,7425,356.5558335558565,127.5520841063348
1778417579,7426,283.7001076917086,29.715011960754172
1778417579,7427,981.0072789058652,145.06371800295858
1778417579,7428,1027.3584561780142,164.11552678201923
1778417579,7429,668.147608496449,60.83953903111203
1778417579,7430,879.749745901211,203.13198570786636
1778417579,7431,149.41716664396063,33.14891614816154
1778417579,7432,446.7041784369745,27.749804911279295
1778417579,7433,1040.1969416326504,160.22038392250448
1778417579,7434,791.4543441661543,205.1146516572516
1778417579,7435,204.26938302589718,59.840790230891876
1778417579,7436,1020.3685166942963,181.9957393209382
1778417579,7437,2330.86431912405,178.3917882587722
1778417579,7438,255.22924856198284,64.23493133710166
1778417579,7439,854.1748811999748,156.03269629276693
1778417579,7440,719.1895642907386,182.40336472746736
1778417579,7441,1102.91914804242,186.01886972898038
1778417579,7442,1198.3690069939473,56.75601868642904
1778417579,7443,1309.229658866443,201.99534263915564
1778417579,7444,1611.3262513984312,182.55816886008145
1778417579,7445,410.8980592357393,233.36189749579918
1778417579,7446,1398.8204802396917,146.0998944736877
1778417579,7447,1647.15037694918,145.84444733408884
1778417579,7448,975.4055697247678,170.56556374047094
1778417579,7449,1036.85826029136,179.5537616418039
1778417579,7450,1392.317697202352,176.85880801380424
1778417579,7451,359.6121791575664,154.2819159182061
1778417579,7452,496.7816781904605,182.7280721202284
1778417579,7453,878.3665344485566,160.56709700404622
1778417579,7454,416.41253402837515,88.6447963980778
1778417579,7455,545.3099681794869,149.62809141530664
1778417579,7456,1618.352149010599,75.23453327400333
1778417579,7457,1437.1533185658832,45.7636823133369
1778417579,7458,374.03303358633417,219.7141195995605
1778417579,7459,379.5880471875095,24.729300088841867
1778417579,7460,327.5750990350468,12.772763662831444
1778417579,7461,543.6595927904738,172.80331237520096
1778417579,7462,760.5710359018034,52.11082006865038
1778417579,7463,603.761950047295,205.3512424278567
1778417579,7464,227.51026471133443,68.44950995576825
1778417579,7465,2099.982548871708,65.06449732401785
1778417579,7466,603.3117293763771,81.57123635276692
1778417579,7467,819.9695544247372,76.1474224197252
1778417579,7468,139.13139977932016,88.497737148127
1778417579,7469,534.8631146611812,165.24843964471
1778417579,7470,250.0324314108077,42.260737371404446
1778417579,7471,2123.511999469062,52.20337425438101
1778417579,7472,177.14992618171584,33.46230724105486
1778417579,7473,321.02402200798286,43.607723022446464
1778417579,7474,1200.5014866521553,150.40259709540408
1778417579,7475,342.16582499321333,28.926444563138894
1778417579,7476,1946.7678545208412,101.49688103189953
1778417579,7477,277.1546944941089,57.16078543394522
1778417579,7478,1092.7685279603697,206.56333586418353
1778417579,7479,575.9016405836358,51.19027638898503
1778417579,7480,316.98323262666474,31.70322511041427
1778417579,7481,2175.0879897847954,72.70965988554903
1778417579,7482,271.5881491068387,179.9961543407594
1778417579,7483,1225.839744986326,98.0022343337516
1778417579,7484,1115.0747911230067,164.38640614529604
1778417579,7485,340.16032004846113,165.70572434153004
1778417579,7486,594.6195673630948,221.261992561093
1778417579,7487,997.4120666829576,38.150276576069686
1778417579,7488,878.4239787131131,166.24934432138005
1778417579,7489,646.3053620481277,181.08731718673616
1778417579,7490,384.88363629774767,31.574315081848113
1778417579,7491,275.9579098036319,44.75265655261617
1778417579,7492,724.2900802020155,129.1279369593844
1778417579,7493,938.389892667593,90.9103169174861
1778417579,7494,255.10194893963288,67.70865392851759
1778417579,7495,377.42754674462617,166.31843248458827
1778417579,7496,312.728532696821,112.22852305060934
1778417579,7497,614.590660825933,160.4029177717194
1778417579,7498,615.6325402324856,71.70683282409651
1778417579,7499,536.6749300745718,182.465797856062
1778417579,7500,612.0570223889133,47.12612576691779
1778417579,7501,3544.1891247127323,130.18387211876097
1778417579,7502,1514.8468892218239,149.95970498352276
1778417579,7503,273.3839774368901,85.14300581868996
1778417579,7504,151.59945160018805,57.42638188708225
1778417579,7505,185.20358695747987,43.48720418193293
1778417579,7506,1074.8825099016206,180.1727082037367
1778417579,7507,417.68817239600645,99.71545063002672
1778417579,7508,1447.3000502883494,170.97436216421826
1778417579,7509,83.26931693499563,25.96283384475724
1778417579,7510,355.3059657459206,45.04575763269724
1778417579,7511,383.33480161689454,189.4554434397423
1778417579,7512,1673.1211665164778,160.59839283635807
1778417579,7513,234.79901073777154,46.69686649338922
1778417579,7514,1126.7711795786138,54.04895240530741
1778417579,7515,486.6524501027904,165.40817407559229
1778417579,7516,479.0937322465005,38.6878007420549
1778417579,7517,440.385489443629,183.51030833101237
1778417579,7518,665.1559242528916,161.82501769419835
1778417579,7519,221.3458156552395,61.6865436086936
1778417579,7520,533.2864219972919,201.70887927573813
1778417579,7521,1361.3917679690621,40.55401079351969
1778417579,7522,1384.6962311423702,140.89177610474295
1778417579,7523,229.3369554987643,50.064990527307216
1778417579,7524,168.58716713700818,33.51542334422081
1778417579,7525,278.93020603455926,81.18412547100299
1778417579,7526,245.80360150867705,84.0167076015876
1778417579,7527,421.60076737375226,191.40832675829182
1778417579,7528,667.311846927144,168.05950786063994
1778417579,7529,592.1066403087073,161.46054702866738
1778417579,7530,516.5559496968057,115.21615872472172
1778417579,7531,895.5704034963823,174.81504405068793
1778417579,7532,449.1934090292258,273.9113639447459
1778417579,7533,967.8705640419865,147.37025091374812
1778417579,7534,241.7934734462632,60.53266163530045
1778417579,7535,255.58988233999844,39.50296707140922
1778417579,7536,295.3069778647782,54.38743974083117
1778417579,7537,1268.6960567409824,82.838531671855
1778417579,7538,1059.7450207904194,162.2994859277769
1778417579,7539,477.73922755264226,152.27151541115123
1778417579,7540,390.28479929316546,45.90212530752627
1778417579,7541,626.4900624260191,168.90537902651363
1778417579,7542,160.91959570538225,93.82766255065138
1778417579,7543,730.8845704636582,194.52386581328386
1778417579,7544,910.8580024465773,59.72574965949667
1778417579,7545,213.91237733448494,56.04458707606835
1778417579,7546,621.293813659397,223.96944457444863
1778417579,7547,815.1723136087243,174.90161612263518
1778417579,7548,152.28991229958257,28.96776099361777
1778417579,7549,573.4001552186677,220.42322546673876
1778417579,7550,290.99693120968084,36.889771103473244
1778417579,7551,189.41339203750763,56.22096582703736
1778417579,7552,1191.9614902918117,155.2749370564808
1778417579,7553,709.8183831274545,197.83629790525367
1778417579,7554,405.34965945443247,53.95942614773401
1778417579,7555,315.19929623382654,96.07275394780012
1778417579,7556,2596.7299453137953,155.44946689871674
1778417579,7557,686.849175126759,186.38160094717176
1778417579,7558,1466.9297992999611,175.92144222922946
1778417579,7559,532.75975507893,185.67548267055582
1778417579,7560,679.1203703161236,26.660356825047582
1778417579,7561,1013.1969515697256,60.79283942740195
1778417579,7562,1409.32799696895,113.3025679935862
1778417579,7563,591.4586128199088,189.671007530782
1778417579,7564,1860.8221178441684,170.86592702305495
1778417579,7565,242.41399180656677,103.59628305496017
1778417579,7566,753.959322947223,149.6377319500061
1778417579,7567,377.48886302477257,170.90824060406334
1778417579,7568,615.4980870547301,159.45805788182457
1778417579,7569,540.4584199644063,195.45765279270785
1778417579,7570,500.73266629368703,124.81717612184326
1778417579,7571,529.2460984835177,151.25399881165464
1778417579,7572,503.8958890591597,190.47012514916577
1778417579,7573,1373.5204980549527,140.7417851113028
1778417579,7574,1590.1398972958843,156.2734800182238
1778417579,7575,477.92034958137543,110.79023927127386
1778417579,7576,1370.645916516236,141.33144589115628
1778417579,7577,1007.0926391662982,127.74584686214898
1778417579,7578,333.70260899403246,48.58060342956428
1778417579,7579,690.6928243430274,166.63935735053693
1778417579,7580,1182.2361892207223,151.32143532223344
1778417579,7581,667.9052180327093,35.01136610911025
1778417579,7582,815.7781150043571,176.35330114493786
1778417579,7583,117.09325560864265,17.230777574720175
1778417579,7584,618.5621978067792,137.26609625999606
1778417579,7585,612.0613389419908,170.329189062821
1778417579,7586,936.2523089665025,203.61122724434324
1778417579,7587,338.1856147126064,93.75841249951529
1778417579,7588,885.3504791718386,80.01532710081226
1778417579,7589,1127.2261179135958,40.60584040475741
1778417579,7590,570.9264828675164,192.43967812150024
1778417579,7591,459.43234642410516,184.82879539669872
1778417579,7592,709.0787762627903,176.97882169564969
1778417579,7593,849.2681995798652,174.90071046256625
1778417579,7594,394.4611206109028,103.3833051817147
1778417579,7595,365.6094137387295,207.67089064902117
1778417579,7596,442.5065597430139,63.97046294643269
1778417579,7597,264.05491880192915,20.964118523222815
1778417579,7598,180.68208020356008,50.64864602706632
1778417579,7599,636.1484237283358,187.59340223090237
1778417579,7600,131.53460218022607,111.71801493698341
1778417579,7601,613.3627128892991,188.53310854401485
1778417579,7602,1711.4199284420133,83.54138979646218
1778417579,7603,435.9911151916796,23.223011534638307
1778417579,7604,940.922772084854,68.85794044309017
1778417579,7605,435.640206189615,196.62572834901957
1778417579,7606,230.87663340362738,39.92592748299139
1778417579,7607,421.8836609342847,168.3758171754146
1778417579,7608,317.95579495263854,80.47241667845313
1778417579,7609,1666.4391958589201,132.29157776770853
1778417579,7610,718.3265507001502,36.74841947286593
1778417579,7611,592.0306287593621,77.71744690408056
1778417579,7612,1434.0072562497903,143.37094235832524
1778417579,7613,239.56696195157105,78.04332444862861
1778417579,7614,1809.4592570819325,84.34610863212522
1778417579,7615,261.7916375845134,54.23888516035383
1778417579,7616,339.06092300008623,60.530694248862154
1778417579,7617,1400.540984306973,169.39879662931315
1778417579,7618,538.9851934530519,123.20653486902155
1778417579,7619,1786.56227440318,86.9559963282614
1778417579,7620,464.1242718947676,84.37890321775899
1778417579,7621,423.707783152911,188.12493273296332
1778417579,7622,84.19772035311951,38.134010452512904
1778417579,7623,294.73964796184896,142.01755596667303
1778417579,7624,399.11487577911345,127.76531973939764
1778417579,7625,395.4187529943746,72.7773113284676
1778417579,7626,309.3280254340048,25.06378064284694
1778417579,7627,3628.88151750708,147.91796590573725
1778417579,7628,723.2718856511592,65.51656829304645
1778417579,7629,262.6594452137392,42.71328996301275
1778417579,7630,661.4111901635778,127.70816902815875
1778417579,7631,505.1761208393245,92.83292827507628
1778417579,7632,602.8875939979342,192.94879829460388
1778417579,7633,506.58857032648075,151.87569925958178
1778417579,7634,592.9495033733073,76.31790975652498
1778417579,7635,1085.7584165998521,42.71384416809496
1778417579,7636,906.6400828042963,199.16088876030136
1778417579,7637,689.2288763427076,164.2614820110516
1778417579,7638,1567.3779034549061,60.991949319846576
1778417579,7639,477.2457156493339,201.19039804100711
1778417579,7640,406.7159348040005,197.12805020810515
1778417579,7641,533.8576201000184,59.25425631167243
1778417579,7642,262.8921623609416,35.704046838315755
1778417579,7643,298.1170373612307,49.03289605004102
1778417579,7644,704.2642182847414,34.95569383439438
1778417579,7645,620.2493604626245,170.21237182495943
1778417579,7646,313.2841391249951,187.39315783903734
1778417579,7647,440.8849687935964,122.60630270423064
1778417579,7648,594.7125689427171,35.227498224988906
1778417579,7649,1203.7005027130963,167.15889644864873
1778417579,7650,1076.4328157173406,102.79234472926123
1778417579,7651,1157.087170622388,139.45602106862395
1778417579,7652,85.48942310762251,30.72432312354177
1778417579,7653,1301.6451290683215,140.7557720751501
1778417579,7654,392.39698372561315,31.06643595845981
1778417579,7655,755.5416570007362,54.47592947013731
1778417579,7656,1313.6619690697896,128.48836891015094
1778417579,7657,243.86802087058615,39.77409777046461
1778417579,7658,254.11439950450477,197.59149608725068
1778417579,7659,642.3618842535252,239.59010508790823
1778417579,7660,703.5404675494776,77.35808050249632
1778417579,7661,948.4911517907177,161.20070055371485
1778417579,7662,342.99077158643917,87.89178011930538
1778417579,7663,247.1633364984776,134.53855623274475
1778417579,7664,1004.0968473618606,163.79305880529327
1778417579,7665,832.398812651281,147.55271987020282
1778417579,7666,644.4384070665782,223.08052115231763
1778417579,7667,1167.4971545400574,106.88682045672896
1778417579,7668,588.8007541175193,210.86668310101828
1778417579,7669,551.8635071694274,178.2664662779268
1778417579,7670,474.4887559380154,44.69318858812463
1778417579,7671,661.0323694654044,31.725608332736698
1778417579,7672,671.4831573628029,185.62893470162098
1778417579,7673,467.7301925049945,52.104216075299284
1778417579,7674,240.51959106088103,229.6625285622224
1778417579,7675,264.36478683722254,82.7164342568069
1778417579,7676,305.35116338720866,62.27115338643573
1778417579,7677,891.5614614856004,94.27957485544658
1778417579,7678,415.03966916554765,23.714260106398847
1778417579,7679,1730.0268121604813,121.33838250525338
1778417579,7680,168.02206272169025,28.61183218976586
1778417579,7681,575.635854669669,81.79048848475483
1778417579,7682,333.0285488153819,210.31351469654902
1778417579,7683,442.3705450810565,34.495621078336015
1778417579,7684,998.3189118892108,135.60677000149167
1778417579,7685,649.4672721516985,182.53662084119767
1778417579,7686,934.9156484449057,165.3080030564343
1778417579,7687,1124.1231618053828,187.35314602589187
1778417579,7688,472.0129784562093,64.55991742506478
1778417579,7689,1309.2652642700825,133.08477999040574
1778417579,7690,802.1652504204261,181.2105461606336
1778417579,7691,1136.9267870434621,91.30669042951945
1778417579,7692,472.9460768421186,76.88241569967825
1778417579,7693,1191.4122185707388,45.77463660152297
1778417579,7694,381.2818869450768,174.79466238798017
1778417579,7695,391.2626473248565,199.59002618578558
1778417579,7696,608.570024336512,179.22229008023072
1778417579,7697,532.5485729987352,184.25954507557617
1778417579,7698,444.09706271248814,219.32530924430338
1778417579,7699,1105.3066203242192,187.7026123013726
1778417579,7700,715.9600372798476,191.95738349045644
1778417579,7701,382.25810950988097,47.0048072041593
1778417579,7702,244.7409325359847,22.00728844952367
1778417579,7703,1121.3715127753132,165.16979611830297
1778417579,7704,426.6302869847187,218.21450769460498
1778417579,7705,867.548627952313,115.65396626988507
1778417579,7706,389.3973497372411,128.12104582278673
1778417579,7707,599.2516652569691,45.654249129943544
1778417579,7708,1122.239681122898,148.1975451901121
1778417579,7709,361.4528641729382,144.83207975001974
1778417579,7710,667.9829106376078,227.6842166537222
1778417579,7711,494.85209555522897,109.97272004061178
1778417579,7712,260.4976893120863,50.14777493774915
1778417579,7713,1121.4913441658705,190.16677916860078
1778417579,7714,1094.1266823754493,116.08488270329056
1778417579,7715,1615.1388181083914,154.36907519039977
1778417579,7716,631.1312062217463,227.044145915454
1778417579,7717,453.28039675887277,91.65312054871205
1778417579,7718,187.66355256457393,110.63644453196314
1778417579,7719,494.69188138029307,73.09099462336812
1778417579,7720,485.2354063136301,27.868214947796968
1778417579,7721,1452.6748417962333,34.939938473677266
1778417579,7722,260.32385962118894,55.798282561062145
1778417579,7723,1831.5611830253213,176.08969305410545
1778417579,7724,390.7586436309754,51.46483500426166
1778417579,7725,520.4206427241254,173.2466628651879
1778417579,7726,407.39055742552216,144.48339521319366
1778417579,7727,5306.326345941628,141.67973445233233
1778417579,7728,1490.5157364140293,190.09518074623412
1778417579,7729,1000.6161087858748,178.60054897207704
1778417579,7730,717.1350543415234,53.73733340239867
1778417579,7731,408.73255315384876,161.511015717991
1778417579,7732,135.23971209534386,39.573858382743616
1778417579,7733,540.438177746337,202.62448590574812
1778417579,7734,396.6052227124345,219.61139569244733
1778417579,7735,525.9916559320142,247.09608415442978
1778417579,7736,474.9197449318895,188.09287741529116
1778417579,7737,1129.9960909616843,119.57492995828498
1778417579,7738,481.54951367492225,170.60984568319182
1778417579,7739,529.755128390147,205.48212762306446
1778417579,7740,1359.973777807639,221.2729279333036
1778417579,7741,540.6817536907415,198.5592467970776
1778417579,7742,365.4009155119994,94.01590233172543
1778417579,7743,945.4566798836694,166.20361718342716
1778417579,7744,1096.4861700481463,178.0814564220982
1778417579,7745,740.107435999647,144.64829782120702
1778417579,7746,983.4665226486053,181.22550322765048
1778417579,7747,404.00683139231484,30.3491232356153
1778417579,7748,1088.0653354049393,155.94778294004917
1778417579,7749,2737.510115392371,88.34438331517028
1778417579,7750,870.1580993198288,135.00874395161892
1778417579,7751,336.42400331497504,28.072948676701216
1778417579,7752,491.68468758094974,213.1018272273691
1778417579,7753,2345.250955602292,90.14261226940805
1778417579,7754,1570.314739400012,106.19798983953412
1778417579,7755,437.1726073972155,147.2426481724651
1778417579,7756,876.3924303217447,161.523103634475
1778417579,7757,790.6714223078258,139.52865954740136
1778417579,7758,786.4502564469124,248.30036001131106
1778417579,7759,782.7286647526661,199.0167750673713
1778417579,7760,985.6436819207833,128.77318789714835
1778417579,7761,687.3217760676822,197.68032374747455
1778417579,7762,830.2262385770624,201.8475772444432
1778417579,7763,244.02149300470361,142.39811468378548
1778417579,7764,582.7665152136386,246.56425520084792
1778417579,7765,260.0049252046038,38.34305215489921
1778417579,7766,470.86794116856424,158.27128409478578
1778417579,7767,1070.9315421497893,203.05074473269556
1778417579,7768,1429.661469585841,49.97000051063307
1778417579,7769,2379.5789871946126,69.42824539940301
1778417579,7770,267.02005395291656,42.459113979727654
1778417579,7771,423.0682920130498,37.907936655184805
1778417579,7772,860.5075433123842,146.81458801670573
1778417579,7773,1144.4468671243735,148.71275742259013
1778417579,7774,1664.8946325171682,175.834127257359
1778417579,7775,360.5138809437629,246.7905335901639
1778417579,7776,494.3613030963977,202.86142791563438
1778417579,7777,253.73095266131293,130.76611572117648
1778417579,7778,676.6350370284686,152.81190360295622
1778417579,7779,709.3221430599946,130.96492474933063
1778417579,7780,270.211590191457,65.87456964960109
1778417579,7781,293.32041900752597,105.37022483629832
1778417579,7782,1615.787671417319,163.2113848573786
1778417579,7783,368.2614333360948,301.0921119010772
1778417579,7784,1270.3276038772597,153.98883047813098
1778417579,7785,350.12439015745446,231.4316744896028
1778417579,7786,435.0244342048649,114.40290188734853
1778417579,7787,258.85248760030527,65.54788954911407
1778417579,7788,155.42496656297814,25.27672983954504
1778417579,7789,293.97813505127044,198.85608779748594
1778417579,7790,566.6138810416153,235.4173280319419
1778417579,7791,1100.4846661833083,191.01862432821804
1778417579,7792,2193.4849358833367,43.40605125697312
1778417579,7793,719.8169572386338,66.58660387217336
1778417579,7794,389.04730393492264,67.99018992515559
1778417579,7795,657.6835097528622,180.7227534926066
1778417579,7796,139.3305926957514,51.825000356572694
1778417579,7797,456.61927479436275,218.85082310955397
1778417579,7798,2412.118474372655,41.4083412655885
1778417579,7799,428.40836374476754,222.99136591782678
1778417579,7800,652.6659143263406,196.82943751944123
1778417579,7801,583.3721486241873,205.2824964085755
1778417579,7802,684.5948922802053,104.19362145882411
1778417579,7803,420.4781868495338,51.952189769102375
1778417579,7804,719.7979362484447,205.84986214962808
1778417579,7805,611.5440192745673,146.21576394271892
1778417579,7806,736.9773216158976,161.54773377852473
1778417579,7807,1098.3695152578491,172.9161294202841
1778417579,7808,695.2976972752508,203.6089175281213
1778417579,7809,526.2026076184652,178.3650687167839
1778417579,7810,1090.0978966909822,172.48404894462678
1778417579,7811,114.80795080431429,12.670087949610902
1778417579,7812,177.52854757884865,116.92755403722116
1778417579,7813,1026.4353381457877,74.77597391066236
1778417579,7814,936.8886063297093,169.72318512042452
1778417579,7815,835.577829787226,155.07645024165492
1778417579,7816,795.0130317335471,233.22827182728813
1778417579,7817,421.89430030679466,144.92396023710418
1778417579,7818,212.71521165757147,121.3127038823351
1778417579,7819,460.71399254356095,41.91993828373814
1778417579,7820,643.059072240683,172.25280641759596
1778417579,7821,213.02262070561582,39.61603637931686
1778417579,7822,2011.3216577643595,70.42170608254706
1778417579,7823,1780.0350166545427,123.23153921758761
1778417579,7824,629.8427295055187,200.26129494512568
1778417579,7825,289.94683017342317,144.80293282791675
1778417579,7826,599.286436625775,82.1754459884737
1778417579,7827,671.7944452847681,181.9461745051517
1778417579,7828,342.0291035721363,45.330070188487895
1778417579,7829,579.6876677890385,33.481060746494606
1778417579,7830,674.7183754108461,136.37528143584333
1778417579,7831,363.36882529969665,28.405180814556932
1778417579,7832,1804.6232074205202,173.19895275380878
1778417579,7833,784.8545846634753,109.38522871321945
1778417579,7834,404.46255174368923,130.28685633972796
1778417579,7835,495.90939196511454,198.3344435470038
1778417579,7836,695.9885396119878,178.13925628691925
1778417579,7837,745.652356146252,147.84924764795554
1778417579,7838,753.5160692300909,188.76668716857515
1778417579,7839,181.90467838808812,63.35127920506689
1778417579,7840,511.20436425350624,66.94072666542282
1778417579,7841,1708.5124652300462,73.76418800856688
1778417579,7842,334.82498044090494,119.60306361047314
1778417579,7843,415.95641278011624,29.566292340978826
1778417579,7844,1419.0923452561094,218.54678481578821
1778417579,7845,1048.3583226190917,46.1746691946496
1778417579,7846,159.4034975746485,25.436840406574028
1778417579,7847,1131.9366475737625,161.95651506659436
1778417579,7848,913.3150060449049,37.79418952815954
1778417579,7849,503.8381406194741,27.73670629698696
1778417579,7850,792.8798724391976,109.6946421931073
1778417579,7851,2027.969777481315,147.73860133332403
1778417579,7852,421.5660638840371,60.2798218188004
1778417579,7853,593.111395712499,151.40129421938232
1778417579,7854,1433.1697896209491,183.0655776900303
1778417579,7855,433.2651998341503,133.7922211380324
1778417579,7856,887.495322649969,169.19001096718887
1778417579,7857,486.99656093648747,204.5309182259444
1778417579,7858,278.23490599075217,99.93768068157941
1778417579,7859,309.44426565004346,308.1482354853894
1778417579,7860,627.4829800436886,168.19549593491556
1778417579,7861,187.16800287900972,98.21472154848763
1778417579,7862,1316.2790903495577,150.70120812098438
1778417579,7863,175.40731024789088,81.65571149577038
1778417579,7864,479.0944301790843,215.31439578226457
1778417579,7865,1142.3712721298516,208.96361872288804
1778417579,7866,6831.755123904406,133.87296047896396
1778417579,7867,379.9030215410309,132.16674134740617
1778417579,7868,614.6392645624734,56.995362015062284
1778417579,7869,602.0910110493978,57.14809934858097
1778417579,7870,1083.292517683511,202.03608898999576
1778417579,7871,349.86523952448925,57.9819029892439
1778417579,7872,112.40978171650202,86.23522838082488
1778417579,7873,671.9089536941783,128.65126550769511
1778417579,7874,170.8388497841457,133.087373034827
1778417579,7875,1475.107942234609,61.22450622942141
1778417579,7876,416.72402299744306,62.85531074381497
1778417579,7877,279.2070766032768,22.05629643221548
1778417579,7878,1205.9231190429207,143.5474335082273
1778417579,7879,749.8806430917109,191.9479644140118
1778417579,7880,317.4640444118128,24.173984194403303
1778417579,7881,821.6082596379164,141.40943396909356
1778417579,7882,306.1506522092356,130.5394507597883
1778417579,7883,755.0562911413593,159.7874043688955
1778417579,7884,961.1129544885667,154.46897549604634
1778417579,7885,1850.0421777698127,169.80806618838645
1778417579,7886,522.2055416435762,115.60750196188748
1778417579,7887,288.56368452480496,97.07316836532233
1778417579,7888,1262.7374308170197,178.76250083208245
1778417579,7889,401.7719097471844,29.392464060821585
1778417579,7890,834.8662087363329,104.15589197898286
1778417579,7891,501.7788814367256,59.969045355940004
1778417579,7892,1021.7029460902952,148.72377809017237
1778417579,7893,1186.7723047328352,118.22138298718156
1778417579,7894,3187.750788982041,76.73384924147847
1778417579,7895,210.90462461083376,83.34046001583457
1778417579,7896,310.9037594454727,92.66216103651809
1778417579,7897,384.1937628065706,248.5919679733987
1778417579,7898,435.35480899925744,217.4167464251727
1778417579,7899,422.3790806333658,15.930029408518594
1778417579,7900,1039.3434522737546,40.31775435271561
1778417579,7901,993.8095626758949,161.28841571685447
1778417579,7902,157.1354605944131,153.5922817105671
1778417579,7903,295.1548450972404,119.20348435928764
1778417579,7904,105.45645751824095,33.24657601364281
1778417579,7905,418.3224588349037,156.11730717570686
1778417579,7906,674.1144003825084,184.02464214359816
1778417579,7907,354.9492897364883,35.605102576339874
1778417579,7908,695.1517582650393,184.92391583570893
1778417579,7909,475.01000256793236,246.67465245705407
1778417579,7910,2156.654890018093,147.017652898691
1778417579,7911,1071.6336448314592,173.84056139841485
1778417579,7912,279.43543695779397,59.351685087173706
1778417579,7913,338.2521106961734,287.13009066254386
1778417579,7914,2569.7937053568794,138.31447137620725
1778417579,7915,841.2556746844961,164.97352156973267
1778417579,7916,793.2118615328949,270.5818040838521
1778417579,7917,559.7161773907061,198.20503625247943
1778417579,7918,399.84944914320624,247.69703428450538
1778417579,7919,778.9044139701755,180.93823237890547
1778417579,7920,257.13593276116444,108.59852765606655
1778417579,7921,1283.9067189845305,64.72095721974829
1778417579,7922,131.62083399651615,35.14663874440911
1778417579,7923,1385.4439095882472,156.59300130117725
1778417579,7924,288.9064295392907,25.355768765680907
1778417579,7925,1991.0786248653003,159.93600866896614
1778417579,7926,1368.2598442875803,167.86122692280952
1778417579,7927,726.4646792662385,232.98805332610522
1778417579,7928,530.6154549968799,234.72877176300642
1778417579,7929,182.25641412982398,110.55470294551083
1778417579,7930,874.3638214328058,236.95256502195383
1778417579,7931,1387.821556175825,144.3321195403424
1778417579,7932,289.1782404975002,26.026447637405525
1778417579,7933,618.1122596205615,253.1935700137773
1778417579,7934,151.44846198661492,65.8378479987392
1778417579,7935,98.46676666788998,105.24711122272292
1778417579,7936,173.9645573381798,145.48325243801557
1778417579,7937,3321.5834647228758,148.560340469563
1778417579,7938,603.7651993640584,208.3373715290565
1778417579,7939,538.4657687554818,138.35541100688826
1778417579,7940,1529.7146759253983,149.3325911924146
1778417579,7941,1778.2830938291675,162.54123581030404
1778417579,7942,1129.820287468597,213.8900764793231
1778417579,7943,199.84900906268606,61.41041010270332
1778417579,7944,929.596658398259,165.26147095307158
1778417579,7945,279.3345129920263,129.9104942443656
1778417579,7946,365.40945423381953,59.77412328930727
1778417579,7947,529.8820449182521,135.43894105929394
1778417579,7948,591.6905863807588,40.828853847607014
1778417579,7949,529.5484017589577,246.61694228611947
1778417579,7950,176.91899205897172,27.747996786970788
1778417579,7951,1420.2578063110532,82.33619332763483
1778417579,7952,799.6934468511162,216.07528011592504
1778417579,7953,1303.5637389311485,155.35549495122677
1778417579,7954,241.27572597921068,21.542507235147568
1778417579,7955,395.13218668745475,96.23300948300245
1778417579,7956,602.7440975127041,168.294573176484
1778417579,7957,939.2528884633052,171.79759880393243
1778424355,7958,1434.023608890436,75.74698393431112
1778424355,7959,735.0958760127205,180.58789995882665
1778424355,7960,627.0252469131639,104.68644972908618
1778424355,7961,323.30799366312374,51.650705873562636
1778424355,7962,1212.8656537327213,214.0859403950165
1778424355,7963,1442.5146435571673,151.71004235641087
1778424355,7964,1422.962018881247,154.2672053915123
1778424355,7965,1007.8175359430667,238.53055709398313
1778424355,7966,1441.471381236447,125.06410446697029
1778424355,7967,202.04314342867508,139.4565526840087
1778424355,7968,390.9875165721844,66.4271683544145
1778424355,7969,528.8607451137616,83.1913207354129
1778424355,7970,308.37957112441904,101.8425518092169
1778424355,7971,671.5538306212457,328.8173451611285
1778424355,7972,489.6952812078189,196.26582054045278
1778424355,7973,496.4090593825806,225.37152189258444
1778424355,7974,2349.2234607205805,156.62847958009
1778424355,7975,892.1549643912978,218.2205740175021
1778424355,7976,402.9572092351908,254.20313087450862
1778424355,7977,820.9470281857193,153.82838937270773
1778424355,7978,685.6827548757132,197.9228336974511
1778424355,7979,275.7757165828785,68.15732324906928
1778424355,7980,890.4759428955425,246.69596023205975
1778424355,7981,375.68185834924697,23.92221266841328
1778424355,7982,384.21913276062236,69.36707497754841
1778424355,7983,480.5599187217889,96.868999509113
1778424355,7984,212.56484752387448,344.80117535961193
1778424355,7985,452.8795474159465,406.1841450472404
1778424355,7986,428.4103298947069,258.33373937152083
1778424355,7987,1350.31925956273,152.6975794310219
1778424355,7988,1181.9685753001295,145.92797943959496
1778424355,7989,180.44628723290296,89.7308765124418
1778424355,7990,148.34148950465845,132.5315229909905
1778424355,7991,629.149500626586,195.30047137635722
1778424355,7992,1020.5759582532831,205.97910463796302
1778424355,7993,1211.0972266074502,162.51790658883706
1778424355,7994,1219.3587229683299,150.69470142795706
1778424355,7995,158.08836777671632,101.76689201762491
1778424355,7996,312.8742936074084,88.2079751698157
1778424355,7997,503.4418736520587,27.387265241573807
1778424355,7998,188.86435862510285,87.17970117197129
1778424355,7999,1056.9946556938376,148.3591228043556
1778424355,8000,192.73644095470735,70.29631034457579
1778424355,8001,1282.6117374653156,156.33124892832708
1778424355,8002,1314.7239050959647,86.00462857266864
1778424355,8003,451.62606774899933,232.27273544381913
1778424355,8004,2220.1549325935694,175.68349820957272
1778424355,8005,308.6569040739158,284.84634410278846
1778424355,8006,1004.3393884413696,146.49118024504705
1778424355,8007,1132.5671074236143,190.8882388232295
1778424355,8008,643.0646595831003,245.24710180422514
1778424355,8009,2623.3140139143425,135.9336018463421
1778424355,8010,317.9050897252755,15.651701796773166
1778424355,8011,685.1482830895923,128.70282430196121
1778424355,8012,1461.4548281231725,154.54635227480426
1778424355,8013,1142.6652136462355,138.8936286199463
1778424355,8014,2077.76308090716,143.03017739186834
1778424355,8015,573.3066946561196,203.97758819888372
1778424355,8016,1294.900576505432,160.23167400235985
1778424355,8017,1769.1500360869431,43.45170567196176
1778424355,8018,559.9098066137409,95.13677498694759
1778424355,8019,574.2971167577892,136.20736171709038
1778424355,8020,416.3336696642718,83.91257210324069
1778424355,8021,874.9815017098124,304.1310039894808
1778424355,8022,394.68984340556057,121.77517583559437
1778424355,8023,506.677635650783,117.38220525707892
1778424355,8024,389.47882230233046,223.66251668314987
1778424355,8025,810.579308817015,117.64402746860429
1778424355,8026,611.5023305400026,174.25830286434717
1778424355,8027,284.0451374557545,39.40930332205712
1778424355,8028,1135.7437599137852,196.05498059970967
1778424355,8029,1182.8810095270767,134.67412091433096
1778424355,8030,493.07725202240886,58.868581500762026
1778424355,8031,296.4086189978069,100.93089548719627
1778424355,8032,410.10597142645446,90.53852026918992
1778424355,8033,997.5670645789289,148.6700255685228
1778424355,8034,1597.0036666208882,91.0571495013999
1778424355,8035,309.0556176533986,68.46583794327478
1778424355,8036,509.40320681783135,260.4121959300273
1778424355,8037,288.3013718737842,187.79926076349423
1778424355,8038,838.6451791940892,187.21118972110105
1778424355,8039,353.3662593774634,53.891747082796755
1778424355,8040,843.2653419361908,214.47044099558917
1778424355,8041,226.5759849995206,41.24593573278339
1778424355,8042,693.1530581264612,223.73985073930783
1778424355,8043,703.0180270676565,204.82702979042935
1778424355,8044,677.4356137933601,227.5667696433609
1778424355,8045,409.9610585931893,86.15805660431516
1778424355,8046,251.54309382780687,67.7792597596798
1778424355,8047,995.3851361567083,244.23182093716485
1778424355,8048,773.7852630707869,305.53588405255334
1778424355,8049,1388.6296397048602,138.26026678208714
1778424355,8050,256.84593210767156,156.46964180397057
1778424355,8051,473.3326400212132,78.51079037919277
1778424355,8052,347.1296549162241,274.03735430325276
1778424355,8053,429.9798309741061,157.76103554416383
1778424355,8054,595.3231005809024,140.67275117044744
1778424355,8055,678.5453885130205,209.7961113106012
1778424355,8056,646.1166014248703,200.7868037605362
1778424355,8057,6008.125974829451,151.40689116930284
1778424355,8058,1962.7114337942933,52.36261841673266
1778424355,8059,1240.9349005214083,124.8073678977519
1778424355,8060,121.81622064573678,72.55164643264746
1778424355,8061,761.9831316731817,123.24062055524506
1778424355,8062,585.8163370849295,194.94264034114792
1778424355,8063,984.6068265231658,74.5694881284259
1778424355,8064,1143.3094662443762,144.61477554849404
1778424355,8065,364.6757530724101,129.18018437302726
1778424355,8066,819.4289841979642,194.8768802423004
1778424355,8067,1642.7614336275424,134.4175885416689
1778424355,8068,862.3544098619191,102.56636175777302
1778424355,8069,789.7287316969827,218.43342160126517
1778424355,8070,812.00829662622,78.80971253752756
1778424355,8071,816.3000419100124,190.24933121417794
1778424355,8072,579.5599095548022,182.97569372465298
1778424355,8073,1266.0147417437204,180.13270935964897
1778424355,8074,823.1800554193195,151.82619160840508
1778424355,8075,361.03832748984405,33.90745004991046
1778424355,8076,710.1096268004378,108.95944427944501
1778424355,8077,847.9553089969343,195.2711944032058
1778424355,8078,231.63200350433166,132.87640276337277
1778424355,8079,1467.46042686684,189.12489159445192
1778424355,8080,908.8518777868109,139.4149350575179
1778424355,8081,716.8112987090329,162.5974845646384
1778424355,8082,861.7842131573934,51.01483322800338
1778424355,8083,1832.9095515910724,123.95218785555303
1778424355,8084,473.9043854628528,82.20597760308432
1778424355,8085,618.8982292538393,23.717819656018218
1778424355,8086,416.8989313949434,207.04398128182757
1778424355,8087,490.6001400993632,48.85081972222622
1778424355,8088,2076.941857327132,46.09877763285842
1778424355,8089,720.316358116602,184.3131459895232
1778424355,8090,483.9547949599603,236.98503958072638
1778424355,8091,277.1995308721027,112.18241521726375
1778424355,8092,556.9436682291389,108.36068151511051
1778424355,8093,606.7684712696479,205.14681633399977
1778424355,8094,267.42481430357026,49.29557158108647
1778424355,8095,443.64933249663517,143.6810195641733
1778424355,8096,443.9770366715708,120.61236270267057
1778424355,8097,505.09313125810166,221.4620774630976
1778424355,8098,307.44246143596763,133.59102607082778
1778424355,8099,1523.7046472949228,152.41100958839263
1778424355,8100,473.37430640288846,152.17885787397574
1778424355,8101,820.9240302237674,166.8587833973262
1778424355,8102,477.66421283629114,217.46552298035064
1778424355,8103,1774.600656092043,156.80562687049232
1778424355,8104,376.23098586295407,49.914665477680394
1778424355,8105,1011.5056602006982,193.2758963351968
1778424355,8106,51.241550232668494,15.02990352449692
1778424355,8107,331.92715252114175,108.13094181224079
1778424355,8108,172.83162938794723,146.47974031577368
1778424355,8109,210.06985998082993,68.34589234380618
1778424355,8110,217.229401088102,38.54900111966478
1778424355,8111,248.614513709099,120.9074811618266
1778424355,8112,914.5278254807629,126.75186078139744
1778424355,8113,398.90758000438063,155.49093581545657
1778424355,8114,760.6992770053531,205.42487742112385
1778424355,8115,286.5586073750168,72.45590882917867
1778424355,8116,191.39189077913525,81.72552045954968
1778424355,8117,138.76299086294654,56.645368672610196
1778424355,8118,124.17589050544191,101.90822729986174
1778424355,8119,649.5790069246148,161.6275486616598
1778424355,8120,335.12758163436246,78.71126186875007
1778424355,8121,745.3981030231093,159.11973747145137
1778424355,8122,701.7006427189696,173.90607664279776
1778424355,8123,823.948170999603,145.5831186689037
1778424355,8124,1690.9855547477039,127.21511727926307
1778424355,8125,2005.8531811360215,160.35801717964094
1778424355,8126,1022.968019831013,132.0437759610334
1778424355,8127,1756.2534295642185,151.78065111722063
1778424355,8128,479.9156176545254,238.44080673519113
1778424355,8129,454.891595531197,101.73791818244666
1778424355,8130,658.127624911238,19.760443526197683
1778424355,8131,368.9905542275797,33.630182473804865
1778424355,8132,546.6900615680732,244.90462847427162
1778424355,8133,522.9053521261815,56.194710957425016
1778424355,8134,903.9230011939021,120.53376173659527
1778424355,8135,770.8732164844306,214.5838889952494
1778424355,8136,147.05464108576928,133.24090310164945
1778424355,8137,1714.1066674179656,38.88941293611793
1778424355,8138,268.4135093083756,54.91829485643016
1778424355,8139,325.0348958654853,205.69639225769723
1778424355,8140,248.55611254551698,136.07523190743993
1778424355,8141,652.0350050009148,182.34787346480093
1778424355,8142,437.34504170626354,217.08652042032867
1778424355,8143,574.4364810324919,58.61887605855143
1778424355,8144,2007.0830663311401,62.336148091170415
1778424355,8145,341.2573968133991,69.13959522865396
1778424355,8146,330.5091231119085,111.41675229765066
1778424355,8147,624.0337538706316,172.2364540552299
1778424355,8148,1009.0366305926455,136.88552024201528
1778424355,8149,756.993101627593,125.33654651659539
1778424355,8150,776.8246156539196,69.10147704076317
1778424355,8151,349.23147323091,149.5812905917171
1778424355,8152,1239.2430812978043,163.49297825936807
1778424355,8153,1182.5247308893702,38.712452497497864
1778424355,8154,1319.445985165754,166.2137396542844
1778424355,8155,174.8813981192707,21.94064060410883
1778424355,8156,1139.0717192632171,106.96162974369635
1778424355,8157,2652.5679233524966,56.05392617867352
1778424355,8158,662.9829095084363,83.3374438423955
1778424355,8159,1714.160052742313,151.69941866573987
1778424355,8160,1285.0022660838974,56.683812612683944
1778424355,8161,1261.1079925327797,130.58969588034404
1778424355,8162,749.7257366235033,228.86159938060476
1778424355,8163,1858.2742064781655,165.69204081567003
1778424355,8164,203.4112712560864,31.796694084120936
1778424355,8165,691.5462530620206,205.7724235629128
1778424355,8166,4475.689645932691,130.2774680668891
1778424355,8167,796.5439092918313,239.68076626058252
1778424355,8168,226.80119107225104,29.179390502446104
1778424355,8169,1125.819060159405,39.08348440982024
1778424355,8170,112.34296102920943,34.639671353651146
1778424355,8171,410.82355193791267,96.53372695712815
1778424355,8172,3129.7722231202056,107.19630001832105
1778424355,8173,168.99072271920213,18.832758059130178
1778424355,8174,293.47712275802337,72.30842841353532
1778424355,8175,719.9996336451801,20.582080735087793
1778424355,8176,1648.9921957955496,152.93025430336215
1778424355,8177,598.106961365561,81.59163087032816
1778424355,8178,438.1739505416066,32.14162222874449
1778424355,8179,1275.5238559063503,40.79279531227068
1778424355,8180,280.3205239376272,24.969318798613152
1778424355,8181,1439.4319474791262,125.05464007489476
1778424355,8182,351.7753243101456,39.762300245778455
1778424355,8183,586.7207010613813,215.31625878180796
1778424355,8184,4253.390695565248,135.30079609240696
1778424355,8185,1643.5467035124382,126.18208516865022
1778424355,8186,578.7495668913667,191.83138050633403
1778424355,8187,105.75549333056215,25.491563182430063
1778424355,8188,1015.9980480822713,55.93365638890529
1778424355,8189,232.16169916396876,149.4574299730637
1778424355,8190,363.9675932172532,41.68288569046042
1778424355,8191,462.29265156935554,44.57042676514017
1778424355,8192,411.54794180884625,124.46137430894201
1778424355,8193,277.06905902711736,93.13598861142911
1778424355,8194,783.4759148577531,75.05484749917069
1778424355,8195,351.1306186047617,162.9953297169413
1778424355,8196,716.088821454655,168.01137134177674
1778424355,8197,790.8713794943253,136.85900241462733
1778424355,8198,894.8481004463076,201.63200132789973
1778424355,8199,1632.9679830988277,138.9222776796427
1778424355,8200,1274.4134888403335,147.2302285336191
1778424355,8201,234.71711507897052,49.92421293688196
1778424355,8202,1388.6045559369513,171.2852459482571
1778424355,8203,153.1500398929343,81.66315610249643
1778424355,8204,836.7259942060651,206.0651274311696
1778424355,8205,1385.4016903086613,121.44701744179075
1778424355,8206,450.25156151022475,203.8068975638493
1778424355,8207,193.9125868431392,43.38866589713795
1778424355,8208,1166.9503919560689,161.35789503146276
1778424355,8209,456.92370746545816,209.9717787469079
1778424355,8210,115.67244870500804,35.07257380918047
1778424355,8211,111.26573503279502,37.84595524905387
1778424355,8212,566.1664547209493,52.81888452366435
1778424355,8213,2757.4065579818193,88.65592694974299
1778424355,8214,325.65386888158423,56.83933361172058
1778424355,8215,812.024097735743,125.77092966601401
1778424355,8216,3216.541322140405,138.38488469168658
1778424355,8217,845.3724771144318,168.35221797686904
1778424355,8218,411.74683909385,231.88222860778046
1778424355,8219,263.49018757613675,211.7370113584304
1778424355,8220,502.2006927214298,194.94243058164466
1778424355,8221,190.97430180128458,108.50636828973407
1778424355,8222,778.134582148315,158.93627332588702
1778424355,8223,2346.9461350587944,56.31605819761179
1778424355,8224,600.020308799141,181.92255393002617
1778424355,8225,937.9873032243773,151.81465896512768
1778424355,8226,626.2371074280154,244.20333600767538
1778424355,8227,474.9751879834369,288.670897749297
1778424355,8228,407.44655067428727,94.23618897512758
1778424355,8229,493.910110155465,178.42844718178634
1778424355,8230,574.8798484228969,228.5638192157095
1778424355,8231,1131.8279106087857,74.06256693438897
1778424355,8232,613.631733636021,155.62786188790665
1778424355,8233,544.334799709092,214.2972221506974
1778424355,8234,2296.092541549467,142.86615722616355
1778424355,8235,283.4710419733561,39.415580566544705
1778424355,8236,140.8365496104324,27.194103681990217
1778424355,8237,1045.155663238506,207.62518925134611
1778424355,8238,625.413945286261,214.0210153763235
1778424355,8239,328.76742112911813,84.30638860970303
1778424355,8240,389.41865495690087,238.1991976467977
1778424355,8241,545.1478695658649,168.48722055024749
1778424355,8242,983.7780286801276,209.87386980944612
1778424355,8243,1811.7227534294932,148.21041773079108
1778424355,8244,399.10594809437634,211.14944897582163
1778424355,8245,337.87050480092756,91.05815033036399
1778424355,8246,740.1348826442822,179.65016898842558
1778424355,8247,531.9894439912196,53.65823791743631
1778424355,8248,1021.4872769911531,136.82461143658105
1778424355,8249,1109.0599958817147,125.19652856242757
1778424355,8250,195.12752283437135,61.59880837088378
1778424355,8251,155.98353140760452,60.77699213760515
1778424355,8252,923.8399541881314,128.5666743255056
1778424355,8253,808.0522838830426,242.21265064238975
1778424355,8254,725.7713018312612,133.4787321505884
1778424355,8255,250.49276334731806,31.003886981123898
1778424355,8256,775.3633934741538,263.65287635030234
1778424355,8257,926.8011394370042,146.00419850155194
1778424355,8258,995.8833393072495,193.90083259058247
1778424355,8259,171.8147146475441,101.5355430229796
1778424355,8260,1520.2635240604434,63.09151377084194
1778424355,8261,428.02516670230784,230.60027294052006
1778424355,8262,1105.298028579619,145.6373312444936
1778424355,8263,588.0156034536273,143.47759159747164
1778424355,8264,625.6837993287443,207.9418534340266
1778424355,8265,616.3627610498095,229.3994097933709
1778424355,8266,454.9249328163096,74.48736540601399
1778424355,8267,287.99001215450346,118.44075357218179
1778424355,8268,502.32323832883145,175.10925447440175
1778424355,8269,987.3971233096632,31.35576836986335
1778424355,8270,520.0190341356287,40.44443420968069
1778424355,8271,779.8534039916208,171.51877965848533
1778424355,8272,2317.8732442001456,126.50206855903207
1778424355,8273,1485.9819687368752,154.50940873396277
1778424355,8274,473.5022437119114,198.50505071060124
1778424355,8275,159.59942757523262,34.51009771976844
1778424355,8276,634.1103927634425,214.37943157060835
1778424355,8277,447.12590945319647,138.21536214231168
1778424355,8278,655.8069690357568,42.28794507687369
1778424355,8279,211.0758998118206,37.677992024046546
1778424355,8280,3276.3987498710426,120.99161197102272
1778424355,8281,379.27143076225605,145.362002066433
1778424355,8282,535.6609116633978,25.0121259737234
1778424355,8283,581.7370638604324,242.1369891036046
1778424355,8284,526.9075734577876,49.23722791099052
1778424355,8285,559.7874525370876,49.64890551671191
1778424355,8286,895.9603651136674,34.95623648580113
1778424355,8287,1276.2767413163858,155.54631637303729
1778424355,8288,316.52485475811136,95.00148573888625
1778424355,8289,557.840234980122,241.05087655137052
1778424355,8290,412.49319676798393,228.26444213043646
1778424355,8291,1167.5118920429418,171.68782022281414
1778424355,8292,524.5031074705129,28.736378392430858
1778424355,8293,182.7115721513453,199.14438419872513
1778424355,8294,1713.4715947055763,128.86232993823276
1778424355,8295,701.3357656471477,213.72418905712908
1778424355,8296,471.80343139299174,230.01489889921257
1778424355,8297,198.3380681599198,69.15028997809092
1778424355,8298,1729.5221452633723,139.81306817232388
1778424355,8299,419.8245527789309,20.738412931433764
1778424355,8300,1538.3106322629728,174.6615412204986
1778424355,8301,409.9032048298173,84.57351151440821
1778424355,8302,1054.8164781949365,168.3970242299103
1778424355,8303,650.5600704300609,47.10879882684107
1778424355,8304,506.72293397154067,131.9001325577741
1778424355,8305,1315.07880064623,166.76707151972914
1778424355,8306,657.5778178068649,100.8392235652746
1778424355,8307,2056.2633115053804,144.94669843735974
1778424355,8308,216.11051270828764,57.537506162910844
1778424355,8309,655.4059541087187,256.82582599380453
1778424355,8310,455.305173771834,213.454421290966
1778424355,8311,797.6190565142847,152.10517601083777
1778424355,8312,491.14828003978533,86.98086299573616
1778424355,8313,1354.3541030763306,166.64824824121473
1778424355,8314,670.1691366325849,51.79718946487302
1778424355,8315,428.8182294033904,248.3501492902791
1778424355,8316,146.13997268571845,53.24777551530781
1778424355,8317,449.73188192524594,86.49057325868522
1778424355,8318,957.7786516056518,169.5478343381524
1778424355,8319,501.6506955552255,297.1658859275006
1778424355,8320,1180.0844012299367,98.11813029961074
1778424355,8321,1397.27452304002,139.60010572538687
1778424355,8322,97.89072190764314,16.241710864748384
1778424355,8323,1251.4448854489913,184.94908842623562
1778424355,8324,625.5481444625149,166.4047473268682
1778424355,8325,291.06838493138156,219.9433875910998
1778424355,8326,1618.8588276079902,112.58646608534383
1778424355,8327,135.37016956652585,64.1257483006028
1778424355,8328,348.1484662885042,72.37450490110027
1778424355,8329,218.7707237772257,109.01383006417943
1778424355,8330,899.4363970286316,160.62476789597167
1778424355,8331,730.8407977437655,171.01641980500503
1778424355,8332,470.7903660725941,120.82537204691579
1778424355,8333,899.9742375182656,178.8969408637149
1778424355,8334,302.82051849968184,148.98762283719012
1778424355,8335,874.5022781881963,164.1915430530925
1778424355,8336,1746.4178026630007,150.72724604023324
1778424355,8337,216.12262856568552,19.868867314083914
1778424355,8338,404.7074847617502,131.49605214544158
1778424355,8339,229.84587473909042,108.86056076215395
1778424355,8340,1943.4916185084976,142.23347064620611
1778424355,8341,777.1911852834215,176.6673496956759
1778424355,8342,1119.4885629362989,188.0401788270609
1778424355,8343,1811.2560684515865,135.17272576541154
1778424355,8344,299.49908080880004,53.80243279788929
1778424355,8345,1017.8362379294776,189.04338771785697
1778424355,8346,857.8274149187449,159.50802220668902
1778424355,8347,620.2578241876907,182.296351373707
1778424355,8348,1701.8807982911103,154.50771206761195
1778424355,8349,1044.6098023166332,80.87674417856284
1778424355,8350,881.4418022074399,80.38271768604427
1778424355,8351,203.45341955099383,61.608550556480026
1778424355,8352,583.5526942773138,209.120028051278
1778424355,8353,538.4141565285635,167.34352979790071
1778424355,8354,565.426602828627,232.8719688909844
1778424355,8355,791.0848636386287,248.30418114442105
1778424355,8356,986.3727278873138,144.4321632608842
1778424355,8357,350.1487848807769,56.07953063752407
1778424355,8358,390.0741618165141,158.26709109656022
1778424355,8359,1153.9026918448344,107.24165555500792
1778424355,8360,575.0126083989832,193.14692116308333
1778424355,8361,686.9567011369196,192.84617291028243
1778424355,8362,1568.318271279997,150.58359972271367
1778424355,8363,1337.237467323428,157.9368719346377
1778424355,8364,674.9258633916579,22.43141188345624
1778424355,8365,277.97838253883145,61.3819339532034
1778424355,8366,924.08847376191,165.72022970253195
1778424355,8367,613.8602328258744,151.2625583786388
1778424355,8368,4199.475491375751,137.2220037826838
1778424355,8369,967.3410703900927,187.72885865178677
1778424355,8370,694.0286738923322,36.223403241520714
1778424355,8371,378.3226978246003,33.1657420733867
1778424355,8372,468.31592260805314,126.1753463158889
1778424355,8373,449.4477085086849,183.57501707145934
1778424355,8374,742.1154944982356,93.66537150906434
1778424355,8375,1734.3795972958308,150.89303088854444
1778424355,8376,335.42546490590513,109.71261130994321
1778424355,8377,795.785801432525,184.42984713145285
1778424355,8378,931.042002467067,159.25999320149097
1778424355,8379,1381.6597623685648,218.31482060328332
1778424355,8380,1337.8779330360292,163.06981553189368
1778424355,8381,1185.7184948719048,55.51760765728516
1778424355,8382,403.96312892553686,89.71760556199617
1778424355,8383,172.5955755831811,15.020468374679659
1778424355,8384,551.5310766235822,205.00849666458987
1778424355,8385,262.0642182416973,144.96716364932075
1778424355,8386,479.8420140599421,245.07146870266422
1778424355,8387,445.31894621226473,171.3863228846986
1778424355,8388,1213.0303515084731,195.5082573447985
1778424355,8389,337.88770170081875,53.879510134578915
1778424355,8390,151.798516161423,53.69402974536889
1778424355,8391,317.31343437591323,302.76951449540337
1778424355,8392,557.3464178505891,221.85518675297462
1778424355,8393,1649.6653631644833,119.27668862531716
1778424355,8394,246.47476101447336,63.56040413459149
1778424355,8395,1206.3627142674604,140.99217853763213
1778424355,8396,536.640538947583,186.4176780495226
1778424355,8397,738.0576289338117,147.3089022245052
1778424355,8398,1578.0541465995507,97.35919708969435
1778424355,8399,570.1772573531974,74.41417506432933
1778424355,8400,535.9069622976749,78.40048692010254
1778424355,8401,236.2663516393709,58.773870947808426
1778424355,8402,595.3186303167164,159.4878279501222
1778424355,8403,237.15586165784515,221.64857215324827
1778424355,8404,579.1085896002526,186.88961042145098
1778424355,8405,1221.4085231552097,188.66343862102113
1778424355,8406,276.190294302638,24.931806160177214
1778424355,8407,177.81083939900563,26.1934332274547
1778424355,8408,793.3542014555086,54.553524216264805
1778424355,8409,742.0342599471876,146.9621193194567
1778424355,8410,1408.7002253993167,162.39414093949782
1778424355,8411,232.76447121233355,13.720199246265512
1778424355,8412,223.59991430353568,54.90142343416396
1778424355,8413,776.9251088089546,237.35352552154092
1778424355,8414,496.2832283161046,76.33299013401967
1778424355,8415,267.47489585744137,61.66649561233947
1778424355,8416,666.3914109874869,53.79740189099816
1778424355,8417,808.5265630627848,145.87897126111253
1778424355,8418,839.299869005881,286.43194536678493
1778424355,8419,669.441293964441,102.15989165704161
1778424355,8420,468.57899728801954,71.08590686120193
1778424355,8421,1019.7421966493313,143.13366650306548
1778424355,8422,181.90758449412428,160.0288125275267
1778424355,8423,380.02414942275715,174.50923846600102
1778424355,8424,1490.132911321826,42.12860111387823
1778424355,8425,243.84807383567536,165.633710294151
1778424355,8426,642.5297109472455,163.13786238776672
1778424355,8427,1217.7215353811544,35.93370800595756
1778424355,8428,2548.6110122778105,102.40018541505083
1778424355,8429,776.8247070478593,184.5820797162801
1778424355,8430,913.2076901390471,88.58993541551975
1778424355,8431,638.7114395668569,74.35610309057977
1778424355,8432,339.4194441978158,29.934802569684255
1778424355,8433,251.76157328353472,31.775664569295014
1778424355,8434,634.0167812275957,104.65972256085338
1778424355,8435,110.78720537598879,67.2366266920396
1778424355,8436,465.3459391848625,188.9084656190818
1778424355,8437,459.5639785463139,205.8333014154866
1778424355,8438,1960.846717603018,194.77492647251484
1778424355,8439,491.05914571386353,240.2127844997425
1778424355,8440,1168.9088184947445,47.212339449740746
1778424355,8441,981.6035164805618,164.45110424235656
1778424355,8442,1105.8602451554102,183.50291640077782
1778424355,8443,375.05675405144854,44.91316703129816
1778424355,8444,987.0442349492648,184.58332908705088
1778424355,8445,351.85246909757285,90.41091597601887
1778424355,8446,826.040569613571,186.247828518244
1778424355,8447,1237.6500197215946,169.7562328416276
1778424355,8448,1621.8284251201912,198.95422052154154
1778424355,8449,444.51844159621726,58.84301965274893
1778424355,8450,311.63872659727105,53.049249112837295
1778424355,8451,331.7806340607856,38.58852906149883
1778424355,8452,3185.4730276583973,148.8050643278416
1778424355,8453,62.691880899984675,33.78784077107782
1778424355,8454,679.5017112127088,164.580419501432
1778424355,8455,1308.2558192529389,150.48259164339726
1778424355,8456,756.2395392957105,188.35803364743688
1778424355,8457,324.3586675747142,114.6389703067724
1778424355,8458,965.8061092533618,223.66843975502397
1778424355,8459,430.5531693390118,86.34255712756293
1778424355,8460,459.32700572110616,103.98958643620286
1778424355,8461,828.9978433329275,180.42672278978128
1778424355,8462,169.73168171687013,132.81400919242174
1778424355,8463,4277.871889772893,77.3417685567531
1778424355,8464,481.229342353401,117.49392275044615
1778424355,8465,610.3701292454444,23.980417024690333
1778424355,8466,746.9164620390329,141.54473603065125
1778424355,8467,223.4396908739625,81.61011586891887
1778424355,8468,488.229355016101,251.85487635126555
1778424355,8469,368.4261171351378,173.17433588894244
1778424355,8470,408.0814715139133,120.89588712027835
1778424355,8471,690.9752140377711,192.22094734393778
1778424355,8472,1058.1892632777149,96.76273258992121
1778424355,8473,317.30392704832843,49.32062276128681
1778424355,8474,1262.9002310577573,163.83993003051228
1778424355,8475,783.3252985494966,226.3974573625023
1778424355,8476,801.3964084951065,201.09056089160674
1778424355,8477,108.26447210853854,112.9358438307301
1778424355,8478,146.29759275404768,50.37985679000566
1778424355,8479,693.7630551679563,214.00076006746946
1778424355,8480,1781.1821044335109,179.436922093095
1778424355,8481,200.40829130150092,27.57017354278825
1778424355,8482,431.3559604110968,45.36826887797799
1778424355,8483,520.9696659926924,185.30421627694227
1778424355,8484,600.4500949618354,100.99672882618069
1778424355,8485,425.9434054371915,260.2007889716831
1778424355,8486,339.6912368029403,17.14080468099491
1778424355,8487,292.73943633905185,242.4296310195389
1778424355,8488,848.9907358612003,138.89830262340547
1778424355,8489,208.98035101189276,66.59242172584426
1778424355,8490,1055.7140832910168,124.847189227709
1778424355,8491,264.33484420013036,52.25249189278806
1778424355,8492,216.6870937607079,30.601903034416573
1778424355,8493,461.85210789688847,248.94983937206482
1778424355,8494,1300.7173768941902,170.29156155020544
1778424355,8495,273.4891839597765,73.5793419680078
1778424355,8496,338.9899661568608,269.0877429873054
1778424355,8497,1644.6211022474247,143.0937751571415
1778424355,8498,575.0103718665424,50.57898175669652
1778424355,8499,252.36705208260148,38.47834137244705
1778424355,8500,893.3393781246798,44.091513930098245
1778424355,8501,944.0938184607421,191.310941163104
1778424355,8502,426.2952124430051,174.18185904507925
1778424355,8503,478.9405567667317,123.65235721125711
1778424355,8504,502.62505909400784,214.0134417343364
1778424355,8505,595.7074526104911,55.68979626523706
1778424355,8506,356.43268290116896,202.10178760325073
1778424355,8507,602.7790842859193,187.22442585753228
1778424355,8508,418.1373930971217,170.52299886612
1778424355,8509,647.4771505938149,222.87700964216756
1778424355,8510,617.4609151997735,17.458348799903536
1778424355,8511,212.81073082304223,38.73765482237714
1778424355,8512,270.5238516440157,53.02528916275137
1778424355,8513,712.7334630306364,154.13384621498736
1778424355,8514,742.7511512539986,91.33428147720885
1778424355,8515,981.5012433853731,134.82586394416626
1778424355,8516,562.6071249506102,163.96177560536938
1778424355,8517,192.72956267509363,54.49068202128052
1778424355,8518,1572.8555249792732,132.77081758136478
1778424355,8519,1563.9050754826185,147.46105567213795
1778424355,8520,1382.2288220036878,140.27117061961874
1778424355,8521,616.564525047392,207.36779010940901
1778424355,8522,1035.4996522557117,222.97818191976558
1778424355,8523,518.725826267083,71.13222878263335
1778424355,8524,229.062159849212,155.2066256624215
1778424355,8525,218.93214961451991,95.3339830085007
1778424355,8526,1126.7962884848448,144.70495462014162
1778424355,8527,494.4048661208351,339.5978189720729
1778424355,8528,1819.75316375439,48.69703203974747
1778424355,8529,509.53743887609215,266.32130275556267
1778424355,8530,257.348512504571,216.56358542130482
1778424355,8531,431.1319661240085,67.30807419928153
1778424355,8532,248.069407923942,148.84732843937653
1778424355,8533,429.7066658683681,232.83799660449114
1778424355,8534,874.8114842126481,43.9889715754829
1778424355,8535,586.971989252086,241.51885710726847
1778424355,8536,2349.928960905234,84.08339947108472
1778424355,8537,1117.8715556816676,149.70264673251847
1778424355,8538,329.9764760468405,51.73772236588346
1778424355,8539,976.551905202363,161.68693884407006
1778424355,8540,516.977973535628,259.7138944308232
1778424355,8541,673.7244306358857,185.2273702965556
1778424355,8542,682.5629348794396,193.4089128330586
1778424355,8543,843.3375328837502,171.52424902719795
1778424355,8544,630.1282039336339,95.31844232593355
1778424355,8545,136.6656726100877,73.4916296338435
1778424355,8546,293.0121620517448,280.64595628359024
1778424355,8547,303.9195168523386,163.6281487766201
1778424355,8548,589.8103242237315,174.65611999521613
1778424355,8549,357.0587871118578,180.87224066837678
1778424355,8550,574.5206454608318,24.844892573303042
1778424355,8551,374.3491122391387,336.8775177911881
1778424355,8552,603.8147477186884,221.82654415875248
1778424355,8553,481.5965569429817,246.97169932324695
1778424355,8554,759.5044368186682,87.53719240604143
1778424355,8555,671.4569703483799,226.29944068372137
1778424355,8556,403.4938219967176,93.9779619437058
1778424355,8557,360.37359814578053,33.72816837873322
1778424355,8558,516.8708735830992,215.38607212851804
1778424355,8559,888.6634764045142,194.15967208055528
1778424355,8560,321.63356426468744,20.02132267830923
1778424355,8561,570.8314944411952,197.66840265145524
1778424355,8562,863.0779923434735,279.0846771706763
1778424355,8563,971.2330051428776,141.16441164013509
1778424355,8564,1524.5861574862497,191.94913919720034
1778424355,8565,1554.6231458665661,163.12099028194206
1778424355,8566,716.7179158436717,169.79794321210642
1778424355,8567,693.8263160976446,228.71200244332155
1778424355,8568,320.0879647460831,81.28213927104983
1778424355,8569,453.6714412578146,100.01207617769752
1778424355,8570,1069.931189781785,141.25059840335118
1778424355,8571,1545.9688090932884,145.26045116802732
1778424355,8572,588.5402026679241,80.27831556926466
1778424355,8573,1584.3252746639919,185.4351909589772
1778424355,8574,348.24446326096347,20.18537217807976
1778424355,8575,849.371752308518,188.4543319042642
1778424355,8576,588.814891427499,117.20142452427174
1778424355,8577,901.3432128669863,197.53675505602834
1778424355,8578,1116.5165917717266,126.65923641916322
1778424355,8579,219.59142294347538,137.367691935073
1778424355,8580,450.81189906924243,78.61339562242367
1778424355,8581,188.33970705053423,85.02847459580947
1778424355,8582,1526.995218329947,172.81210380576752
1778424355,8583,904.6195779686008,56.26347242429833
1778424355,8584,157.16741984247423,63.62518214239644
1778424355,8585,1737.077980859114,146.36373245870485
1778424355,8586,1455.706972359634,144.85491151491613
1778424355,8587,325.56597123715255,183.08620453980632
1778424355,8588,427.5148916715048,53.05800179235466
1778424355,8589,823.9515665597181,83.12357790862924
1778424355,8590,1349.0615765214081,104.31963902724434
1778424355,8591,943.9356028266425,152.7813274711689
1778424355,8592,831.0672799535404,157.0646900283395
1778424355,8593,1287.0276252024948,130.94047495857373
1778424355,8594,1529.1658341303616,186.02065633016142
1778424355,8595,414.3576266252156,54.45871079941912
1778424355,8596,607.9678106578153,230.17318720479125
1778424355,8597,655.2340816968588,90.75249582514783
1778424355,8598,1195.057900110818,169.89660949515797
1778424355,8599,302.64181947657437,107.08066242200138
1778424355,8600,638.0250994805047,70.26091934575467
1778424355,8601,876.5861097516769,180.18208982909516
1778424355,8602,1707.5225993520817,208.6747282087323
1778424355,8603,528.8197942569161,51.78257859575208
1778424355,8604,758.3879570624649,239.80940548314152
1778424355,8605,1375.8473914569058,199.67208569710874
1778424355,8606,475.2580900521785,95.81084074421767
1778424355,8607,553.6451769633358,228.00971868799138
1778424355,8608,906.6233941965069,47.4781838465423
1778424355,8609,323.2908442919271,77.57478949605343
1778424355,8610,267.42759869384525,78.46240459271955
1778424355,8611,548.2123310191807,100.1584540968365
1778424355,8612,436.11304830754347,108.31489256724018
1778424355,8613,503.9296139320423,188.3094144246263
1778424355,8614,1526.3069752807828,135.47275296376318
1778424355,8615,394.79074458616776,159.08702756556215
1778424355,8616,1178.5886324788157,173.47868169109606
1778424355,8617,330.8371851696862,78.2605613761097
1778424355,8618,1816.704093678585,183.96560023284002
1778424355,8619,595.3084541924802,55.27301616614447
1778424355,8620,330.78357720089025,193.6839889215951
1778424355,8621,561.196385004895,216.76970185189256
1778424355,8622,1078.3333341689536,171.4844834647845
1778424355,8623,1689.5373276406972,219.73970516603308
1778424355,8624,1392.56090541764,163.49713679270323
1778424355,8625,969.8057139659254,163.37428504961048
1778424355,8626,773.8314288574451,129.69390386650062
1778424355,8627,328.8782466423097,263.4959495631367
1778424355,8628,700.8880994290407,87.21480742960729
1778424355,8629,428.39938862385753,107.36450468350087
1778424355,8630,314.1848931364098,17.141954650774597
1778424355,8631,215.14876889269482,153.1277753949823
1778424355,8632,1184.8422065432135,136.97372513193707
1778424355,8633,337.0621175858409,171.4422953598106
1778424355,8634,503.3771878851053,169.22727184257496
1778424355,8635,1262.8126809373018,165.01858903908035
1778424355,8636,1028.4908177824946,191.14899576602295
1778424355,8637,274.4458842430647,191.2578884339773
1778424355,8638,677.9106359070719,227.88173129421207
1778424355,8639,628.5193735897691,223.55654752098286
1778424355,8640,1373.0515626713275,154.06625880866082
1778424355,8641,221.36501639472752,199.30526106028046
1778424355,8642,152.69322616144117,83.0424284157667
1778424355,8643,2898.673201138113,149.97242005848898
1778424355,8644,622.739413975365,195.6804895263035
1778424355,8645,764.0596572568137,239.4392637243493
1778424355,8646,337.9909239291294,161.6282150803133
1778424355,8647,3049.682800182196,128.39066664966785
1778424355,8648,907.1435243752757,191.57451067742787
1778424355,8649,267.0759028279841,39.909651353518036
1778424355,8650,304.30841504467264,84.69223193581456
1778424355,8651,369.05707848997935,152.2434833429202
1778424355,8652,776.3236737177452,151.21124098374224
1778424355,8653,376.3062311168056,165.47621359160198
1778424355,8654,562.1694335780388,188.6246144271273
1778424355,8655,270.6669432663909,78.4318568569295
1778424355,8656,453.6358226799769,197.48972618084346
1778424355,8657,1316.1656155872984,143.4483732006639
1778424355,8658,288.5176032273383,24.992902525607306
1778424355,8659,417.27445861569754,152.43723223896473
1778424355,8660,539.1523106660782,149.9792064174633
1778424355,8661,947.9228546790146,176.8296348406459
1778424355,8662,587.3321488132649,193.227306094897
1778424355,8663,470.1860376854069,209.2774859260987
1778424355,8664,1785.0223000547037,148.56919761773383
1778424355,8665,262.39370468125543,19.772657905562784
1778424355,8666,180.64583857835862,139.31953880251325
1778424355,8667,339.6451084095,54.02290382294512
1778424355,8668,309.00994092923685,101.20347037318929
1778424355,8669,2485.0790438190197,70.32589950893646
1778424355,8670,3002.1367328943447,110.29179797005929
1778424355,8671,915.1305837843677,179.51920807244295
1778424355,8672,1407.5582143955962,170.23568148844146
1778424355,8673,182.86514631551935,52.192634719204435
1778424355,8674,751.7457609442987,210.351632662788
1778424355,8675,158.22179569709246,37.8771922104868
1778424355,8676,1840.4780810891184,89.692127896072
1778424355,8677,389.76161486713744,59.22932600968814
1778424355,8678,961.2983607332967,182.99520375741125
1778424355,8679,161.91990306646846,25.84151566505133
1778424355,8680,191.4962528586739,34.73550391700936
1778424355,8681,376.81935389769507,139.61099352444614
1778424355,8682,1166.0594046158246,168.11676890300302
1778424355,8683,3695.753187505546,106.82992614776751
1778424355,8684,662.6289667874549,61.53853532665983
1778424355,8685,690.9846831782247,221.8605023484175
1778424355,8686,1854.127165874011,152.91499614785172
1778424355,8687,335.4785799816648,136.69482282261654
1778424355,8688,400.61631749575747,249.7400447827424
1778424355,8689,494.6176326565624,194.2499025753737
1778424355,8690,166.28533675127034,44.151074205656435
1778424355,8691,265.9420708996854,117.67727370368105
1778424355,8692,463.5511205425204,156.80513204875177
1778424355,8693,362.02353021220836,54.741509514885124
1778424355,8694,229.40400403691905,101.53155335721682
1778424355,8695,222.44874572510935,79.80711205740056
1778424355,8696,652.8256278602101,37.21707707651552
1778424355,8697,222.6783390412075,171.92675414437593
1778424355,8698,1870.9288010285077,89.0128538175295
1778424355,8699,299.38058424157214,83.40570894534301
1778424355,8700,1653.1423288946014,213.73629622539335
1778424355,8701,3757.276195489741,141.82803388634565
1778424355,8702,690.2507909001469,75.81543072494651
1778424355,8703,157.13333926860392,33.155944827505564
1778424355,8704,723.646325454372,212.79083216932705
1778424355,8705,198.50814573957248,73.5624051828212
1778424355,8706,924.973346611542,159.31900486964688
1778424355,8707,189.90706270209472,338.0536114790628
1778424355,8708,1002.1969443197422,202.86923556302398
1778424355,8709,636.4367634498385,53.720922123700106
1778424355,8710,472.2329601797216,31.696585420852138
1778424355,8711,1533.3643552480778,164.0865450452918
1778424355,8712,816.4200163430999,210.94955505078994
1778424355,8713,435.94810964583445,71.81903156865799
1778424355,8714,1100.0014189849576,79.92872266069865
1778424355,8715,665.6246442563104,198.16325415125473
1778424355,8716,1410.3610662299468,82.05574463670163
1778424355,8717,328.3797055277801,142.25531200256466
1778424355,8718,1202.5787955916132,168.2160511679392
1778424355,8719,520.2371131739181,24.20253490196781
1778424355,8720,354.9223462653872,137.05206356527185
1778424355,8721,1546.3038139700038,102.59741631886617
1778424355,8722,227.5922066325618,54.005994236905835
1778424355,8723,412.7239008212664,22.865986516569574
1778424355,8724,830.5228659975206,212.0909559305253
1778424355,8725,939.6245759883718,211.0121776943598
1778424355,8726,1173.1391531784163,188.8175790505079
1778424355,8727,780.2149607955304,55.06903933617123
1778424355,8728,336.9372086628112,25.37170004616738
1778424355,8729,779.3957491872084,195.820258827276
1778424355,8730,1273.5987889338737,173.0004993425353
1778424355,8731,277.59230633670893,320.94339538709573
1778424355,8732,285.3613082081757,69.17933266431487
1778424355,8733,710.0218148878993,98.31622812338053
1778424355,8734,264.41648226389435,53.888219762826516
1778424355,8735,508.4802903107327,27.657745759034597
1778424355,8736,247.89876016459584,59.57210679560047
1778424355,8737,189.98543960536617,92.3072339187502
1778424355,8738,532.0950571607302,223.33087114107227
1778424355,8739,291.2563391207246,55.42049959170631
1778424355,8740,314.903436878798,203.94551843588337
1778424355,8741,1784.1049975672772,168.5841741331586
1778424355,8742,88.86731476449143,35.43234255274598
1778424355,8743,996.415783682112,120.74515508693733
1778424355,8744,340.06236233485413,19.355301557451966
1778424355,8745,409.06384474209074,222.66419936287193
1778424355,8746,302.3821515290072,392.257151163127
1778424355,8747,902.2425888645402,59.8610113220913
1778424355,8748,348.3745412823739,47.12727571940327
1778424355,8749,3064.5017158668693,97.16634120674233
1778424355,8750,1678.9470265421073,189.03676899226053
1778424355,8751,664.6801421879522,209.1342043064171
1778424355,8752,502.5251564437688,296.3611642662173
1778424355,8753,1063.648876458875,200.91065783290207
1778424355,8754,806.2181797790249,191.26410544797918
1778424355,8755,458.5189357705629,204.0924419503577
1778424355,8756,2027.4098728293795,197.03041372779919
1778424355,8757,343.279646454352,133.05797765795157
1778424355,8758,759.6955955935413,130.86316092794198
1778424355,8759,411.793749200251,32.598560715616095
1778424355,8760,341.2440676568444,54.660005945008564
1778424355,8761,673.9243905757041,152.4009147724454
1778424355,8762,438.01619599802837,209.79413838550485
1778424355,8763,351.25889886015773,69.35020923745853
1778424355,8764,253.423103583372,227.43871932791066
1778424355,8765,385.08441049013226,214.80391665088464
1778424355,8766,902.3916997867489,160.9306309325398
1778424355,8767,324.6010255388182,70.81055652348668
1778424355,8768,891.0087642537168,50.77487846707888
1778424355,8769,523.1989759034706,36.20587690532308
1778424355,8770,664.6403592353946,227.91058153717756
1778424355,8771,2226.431236257764,148.7546345563763
1778424355,8772,1744.1457609652741,102.57248784650719
1778424355,8773,627.5410875697278,171.14752611086456
1778424355,8774,796.4851262078936,121.73091132201793
1778424355,8775,261.798664110741,61.27597231275107
1778424355,8776,216.906810155709,44.52139958984152
1778424355,8777,610.4850516067786,211.69616559893365
1778424355,8778,657.5569713984108,50.441033456287265
1778424355,8779,1148.4355751822968,106.32139994766229
1778424355,8780,383.13544722903845,50.80869120564501
1778424355,8781,1193.8997043538698,210.201980374946
1778424355,8782,1065.9151675581859,137.2355298590774
1778424355,8783,454.03592831505097,77.88668821558173
1778424355,8784,1674.7049130679782,196.5751599554461
1778424355,8785,2221.215577340451,78.83798138107147
1778424355,8786,1258.104685697811,135.04576433236176
1778424355,8787,492.51271933308084,155.48549708146018
1778424355,8788,806.6063439655653,177.3183720344722
1778424355,8789,561.0856663314847,198.2578414989976
1778424355,8790,209.569910384926,62.8337130362484
1778424355,8791,1264.9681671005023,217.24297499955455
1778424355,8792,461.87822296211107,63.329383517808196
1778424355,8793,2464.7427666534722,187.05925862875145
1778424355,8794,279.71180501552726,106.42927995786125
1778424355,8795,606.4339771327863,214.40318640623232
1778424355,8796,890.1186024455661,161.1656279582998
1778424355,8797,559.5272085486922,234.50620742619992
1778424355,8798,238.15808728826082,43.102593794328634
1778424355,8799,201.7989490885106,46.340401371097066
1778424355,8800,1256.4790651532608,161.0547795517686
1778424355,8801,352.57368944711465,65.86618433878594
1778424355,8802,841.8735580291217,153.75257971714797
1778424355,8803,3408.566561751787,134.31225860960097
1778424355,8804,400.598215553094,83.60145023553359
1778424355,8805,743.0305758511995,157.93765673088444
1778424355,8806,677.1171715376154,65.60094842879843
1778424355,8807,119.14914636347805,79.03138169774749
1778424355,8808,356.87396621231505,120.45714475810094
1778424355,8809,557.6119245917664,147.6916123644089
1778424355,8810,489.90670328191703,43.56958022056755
1778424355,8811,1127.2939459730414,232.16111344384004
1778424355,8812,938.7556600073423,75.87052360091094
1778424355,8813,1117.4194421387579,261.737008732921
1778424355,8814,382.1974080347047,27.6972503888968
1778424355,8815,515.1390338709451,231.2703723816821
1778424355,8816,315.7582114949846,38.943926038212396
1778424355,8817,554.3843820872185,111.70490679062215
1778424355,8818,472.8517855497551,92.56336542477014
1778424355,8819,378.5738561689442,282.9774822701127
1778424355,8820,505.010242298015,69.13909815577455
1778424355,8821,526.9725960271935,181.84789120681268
1778424355,8822,720.5597812400702,229.99879953235651
1778424355,8823,813.3869236233163,68.43441575180378
1778424355,8824,322.54804014724107,90.78745463522604
1778424355,8825,743.4521616393021,201.14937006969384
1778424355,8826,359.28430547280306,20.505162023534957
1778424355,8827,1298.5063020878574,90.14982572294775
1778424355,8828,177.73251099752827,40.37178474433887
1778424355,8829,1904.761852362653,121.11565728927712
1778424355,8830,344.984500160935,179.9483107062396
1778424355,8831,1015.9423809060052,163.9376202577272
1778424355,8832,681.9348291965138,132.39587134637142
1778424355,8833,276.5635994737058,35.995353979742795
1778424355,8834,437.67042975082774,249.78610912259214
1778424355,8835,1304.1870029029817,152.19809007754583
1778424355,8836,163.55356786672826,17.698216121751628
1778424355,8837,399.61252109040885,69.29486755155709
1778424355,8838,2358.213100108283,84.09607907027943
1778424355,8839,1234.935900715486,154.85118413492154
1778424355,8840,320.60405312248815,133.3912317501457
1778424355,8841,419.0060655710082,230.0398487664608
1778424355,8842,884.8452606821032,69.57284055287406
1778424355,8843,1047.426973599482,132.4108085442811
1778424355,8844,172.91100636662273,50.62447715257292
1778424355,8845,2792.636976876584,166.6630237375052
1778424355,8846,863.1006083236723,228.48084737245935
1778424355,8847,127.88740895597955,35.82904683271043
1778424355,8848,289.21642948429997,49.77541238377013
1778424355,8849,1156.7878124691952,154.35848425776697
1778424355,8850,1071.2766989222907,186.7770317757927
1778424355,8851,1141.1871027353736,161.16580814741226
1778424355,8852,1070.3863833369383,185.40271642372397
1778424355,8853,444.55252898994416,237.853522744982
1778424355,8854,1019.0690202695238,184.78694508514494
1778424355,8855,659.9263110199911,203.38584525559628
1778424355,8856,329.46301515588783,121.66826952428669
1778424355,8857,241.49794467828795,52.08262017811752
1778424355,8858,352.4767236238242,41.349182975771654
1778424355,8859,413.07041779691497,167.3794634751938
1778424355,8860,155.6232574564416,68.14333102867162
1778424355,8861,469.0410130877863,59.53260086400768
1778424355,8862,447.6639500502461,47.20232819535033
1778424355,8863,270.6429509198276,44.98756378099761
1778424355,8864,622.1120489685414,74.26175629899723
1778424355,8865,804.748713346841,90.72816768429537
1778424355,8866,193.03858378065615,91.10933499809494
1778424355,8867,230.96356085899893,129.69959174515512
1778424355,8868,170.56151856629464,38.70188955499561
1778424355,8869,985.4232462901667,150.08189804042166
1778424355,8870,1345.8190156979265,225.06790190392573
1778424355,8871,302.63045284849113,52.883091107558634
1778424355,8872,484.4247923129946,160.22719420272875
1778424355,8873,1015.3270547470865,89.984952822969
1778424355,8874,518.1774799545067,274.8778506179102
1778424355,8875,1093.4676939625515,179.67405085443968
1778424355,8876,194.58730138803287,77.6268625923006
1778424355,8877,911.8214110685595,165.4169503192902
1778424355,8878,216.07861706183382,133.07392782771274
1778424355,8879,1009.9045325482507,38.664748005428144
1778424355,8880,474.5280695412431,212.6523263663563
1778424355,8881,575.1088326199675,256.79986749279277
1778424355,8882,1291.761330328971,257.03123877151245
1778424355,8883,1139.4502663550745,191.03151605307258
1778424355,8884,1374.596010008833,188.56158857163317
1778424355,8885,998.2807004489509,185.1178904354306
1778424355,8886,221.2568555682753,220.0452277631452
1778424355,8887,213.59031818151254,50.02375908415875
1778424355,8888,346.6103790221602,117.06198165059122
1778424355,8889,3286.0566781894536,157.96784085454584
1778424355,8890,293.44947015222004,112.71421952572669
1778424355,8891,290.6761223587225,32.06937210136352
1778424355,8892,644.7953454795227,263.2548088625591
1778424355,8893,385.23924288541804,241.33099838788746
1778424355,8894,370.0090376094771,248.1371911512403
1778424355,8895,443.3725766797383,73.41896093035905
1778424355,8896,501.00876772011145,142.85260899068803
1778424355,8897,1647.0986419737528,178.69355373516754
1778424355,8898,814.1999209225414,156.2197380137294
1778424355,8899,719.0804920704718,181.15584254088245
1778424355,8900,545.1050246691645,260.7938171766815
1778424355,8901,599.1920088245887,261.99592668846935
1778424355,8902,521.1917273798501,85.73213685324626
1778424355,8903,418.1513581558789,305.2782566229484
1778424355,8904,1228.0963276191458,189.27173700512964
1778424355,8905,196.79912981827528,58.6204075090488
1778424355,8906,128.5480137299408,79.7824925778278
1778424355,8907,159.5514072069474,110.65339607714256
1778424355,8908,1459.4890530366488,160.8936901471946
1778424355,8909,1360.2998142396357,153.25534552350382
1778424355,8910,200.5271529035064,39.94598448870901
1778424355,8911,402.7048112366329,202.33926138995244
1778424355,8912,433.6732793369462,254.03477458631002
1778424355,8913,365.6327333635217,43.29535287688631
1778424355,8914,200.02868258344452,27.308230853274317
1778424355,8915,1003.8897140308427,147.58358532158093
1778424355,8916,332.7534834168931,81.10440838047064
1778424355,8917,726.1717343122274,219.4642006432352
1778424355,8918,917.6019844297806,141.99289321475646
1778424355,8919,230.52821827150595,121.27585321212406
1778424355,8920,689.7842600729946,197.50734535484386
1778424355,8921,1270.6370219227513,137.45731255442757
1778424355,8922,468.73113114622714,284.9229981008257
1778424355,8923,261.86219410030003,325.3505435843784
1778424355,8924,962.4866146891238,107.75645835488586
1778424355,8925,412.20790055149195,177.46331850959524
1778424355,8926,437.5516076630446,301.7578674934563
1778424355,8927,744.8218735913749,156.3583156285646
1778424355,8928,542.6320406790502,210.67107749837305
1778424355,8929,2549.4280935249985,162.55998531850722
1778424355,8930,202.38197012120634,103.4808370342697
1778424355,8931,163.3885788650425,37.6734931512294
1778424355,8932,366.32838613584136,218.39410980937097
1778424355,8933,319.71499337044037,58.6193127911623
1778424355,8934,684.6101728147758,205.70974835847832
1778424355,8935,461.3530327627158,201.18885132392168
1778424355,8936,720.5359810104692,234.79572380344612
1778424355,8937,694.1196469737627,181.86060774959293
1778424355,8938,1789.2692144207742,97.0110702406296
1778424355,8939,441.70330102790484,44.758405962452905
1778424355,8940,732.4345545573585,42.82093970095021
1778424355,8941,688.705088131841,174.90332469114824
1778424355,8942,987.293517926798,209.770926348704
1778424355,8943,875.1610856076104,89.64934563443295
1778424355,8944,1101.048674722869,188.00140911350604
1778424355,8945,605.0641112652562,179.45048283415807
1778424355,8946,675.0033723730409,271.87870164565317
1778424355,8947,273.80400947386255,17.52177061820929
1778424355,8948,1165.6925649741572,151.35063990066735
1778424355,8949,920.2238013690139,41.546467078043115
1778424355,8950,253.6950679257636,49.01486994716368
1778424355,8951,1220.778331561056,73.38804519995064
1778424355,8952,484.7288171481683,224.1215105350147
1778424355,8953,717.8984352005104,287.22768713482145
1778424355,8954,2492.8378543520803,143.54237295027804
1778424355,8955,367.5513722503105,193.6699980361605
1778424355,8956,441.11774299754086,246.38684698283382
1778424355,8957,494.777004822542,27.098520156055695
1778424355,8958,661.6507862531143,37.787096380493814
1778424355,8959,822.8320713155194,194.246787597525
1778424355,8960,115.08695964152857,62.200337764393645
1778424355,8961,2001.2638466563797,198.88086633423418
1778424355,8962,1213.992224276139,42.94164324118617
1778424355,8963,1457.7982024469377,178.0700875483008
1778424355,8964,356.9946947646118,99.28296020733137
1778424355,8965,288.58257488195477,120.22334535128556
1778424355,8966,288.91295795523996,244.82895357355082
1778424355,8967,245.7352176256766,62.48135803706194
1778424355,8968,1287.95776856557,113.9542445893138
1778424355,8969,784.6217963089432,154.48143912567147
1778424355,8970,302.9386102792776,136.64857994303583
1778424355,8971,667.9605527279053,39.37616713443003
1778424355,8972,642.8779514463939,216.21726186397143
1778424355,8973,263.11322667075467,147.83396237728982
1778424355,8974,368.43339646239156,71.11106738717694
1778424355,8975,291.83104411737276,248.22199165880113
1778424355,8976,1782.9507008502544,105.08814375123404
1778424355,8977,888.6075643696137,214.4099140003786
1778424355,8978,150.3651921049214,11.232506503043545
1778424355,8979,894.7968350470547,192.4009997174039
1778424355,8980,357.79297388282237,119.23244788525695
1778424355,8981,2403.4928559148557,167.1085942221122
1778424355,8982,741.4992820877147,213.49984022319893
1778424355,8983,377.3381315650687,58.592018423166245
1778424355,8984,428.28807590772084,159.8140974238933
1778424355,8985,1060.362922590402,163.94083986677808
1778424355,8986,485.540394542173,245.154833899442
1778424355,8987,691.6284158967848,282.948392134274
1778424355,8988,669.4017561800096,152.8059151278721
1778424355,8989,876.9353115164425,176.92020672673564
1778424355,8990,514.6687816246383,279.9385765430067
1778424355,8991,188.86337007410185,77.69397469258129
1778424355,8992,342.0127836869459,84.61062790596621
1778424355,8993,440.57534146371427,211.62519844996257
1778424355,8994,350.8556288833988,16.48457603339367
1778424355,8995,727.0598999060279,214.6911357782603
1778424355,8996,430.1785789597899,239.40758305372023
1778424355,8997,471.84745462402145,175.01988400967159
1778424355,8998,324.841825898106,116.25953445953773
1778424355,8999,1911.0260766927624,63.301664178519
1778424355,9000,244.29697046950534,69.5472658526497
1778424355,9001,916.6244098583373,110.55356832983479
1778424355,9002,1343.9686001992698,162.61008880397296
1778424355,9003,1650.9641916999703,109.38934943348038
1778424355,9004,390.98569778516656,203.0706324298545
1778424355,9005,254.23856852465957,28.032636028810117
1778424355,9006,231.81161904596598,108.0737836143771
1778424355,9007,1218.0611213897223,243.5938185659847
1778424355,9008,420.2478048262134,72.17089005226711
1778424355,9009,1273.95366715456,193.3328425432824
1778424355,9010,233.87712444148903,61.98876336646149
1778424355,9011,1192.0307199452136,155.8274489295064
1778424355,9012,240.91160798066232,51.397534209722295
1778424355,9013,562.5622614213381,35.08714460158659
1778424355,9014,381.58820955932424,50.414748094401745
1778424355,9015,564.1475128494344,31.924639771282187
1778424355,9016,2021.870763070927,154.7202729601524
1778424355,9017,858.0859522195959,178.19078690939915
1778424355,9018,425.0820757077379,161.37627161558424
1778424355,9019,519.5930545171017,89.03893495017026
1778424355,9020,892.9537336331867,197.31722671613565
1778424355,9021,1092.8926097719936,141.22337672384856
1778424355,9022,388.3566360682663,42.85967231329028
1778424355,9023,481.3805067579476,163.4423597847517
1778424355,9024,1152.3595004693746,113.27140316093336
1778424355,9025,307.9896975499156,293.7900191247394
1778424355,9026,431.2188240110077,51.60372101582697
1778424355,9027,626.1780723871645,221.5817301809286
1778424355,9028,380.4563679136429,233.1863822213138
1778424355,9029,358.2737533797584,273.15608832805594
1778424355,9030,296.4835524306764,95.30807627081404
1778424355,9031,323.4984351748642,125.85526907441313
1778424355,9032,1716.087299456919,79.20172957506114
1778424355,9033,401.0393797674436,109.63512772092186
1778424355,9034,795.2348191256957,189.10527783283703
1778424355,9035,434.02100603675274,178.08278621569244
1778424355,9036,386.25382255625465,279.43638765180594
1778424355,9037,430.5809089520818,182.78632821904216
1778424355,9038,495.85911311122214,159.5596086862656
1778424355,9039,663.645906922665,44.280039726773566
1778424355,9040,1863.1226907357818,167.97863479350286
1778424355,9041,2308.0090382672274,136.55180863498597
1778424355,9042,521.9581155175714,31.669622035828745
1778424355,9043,1339.883041672676,109.27807487742723
1778424355,9044,244.35506679390807,47.40608511463491
1778424355,9045,309.87955873252355,57.05465526672836
1778424355,9046,2603.4885937701774,112.17546935218259
1778424355,9047,134.1581708325449,35.38737731401149
1778424355,9048,616.8657145941116,218.72072701659567
1778424355,9049,278.6518452647167,17.51428483573373
1778424355,9050,252.34067232506703,62.646187376403056
1778424355,9051,2547.7348534248554,172.6641736615424
1778424355,9052,289.863741086094,30.200920758847914
1778424355,9053,1199.841064651309,39.53784807683708
1778424355,9054,504.8176576609655,89.1491693751916
1778424355,9055,1394.3604558886468,63.008710317661496
1778424355,9056,443.5801842522891,76.66250267671191
1778424355,9057,1051.9160563332402,107.66232952778587
1778424355,9058,1279.5767809479444,193.55919155324057
1778424355,9059,647.644327685999,64.34746503225077
1778424355,9060,157.08789140738983,90.32851970156374
1778424355,9061,266.2320330213551,192.74723088000215
1778424355,9062,557.1073587247433,245.6575125430791
1778424355,9063,193.70896073202633,122.20567098900301
1778424355,9064,1397.0016668776357,141.59935295947943
1778424355,9065,927.1720415567871,118.01355814863834
1778424355,9066,392.88241159914907,174.62380456118052
1778424355,9067,1101.6833406463873,140.97231666421757
1778424355,9068,680.8523901646505,195.23836321356103
1778424355,9069,1875.970020613351,189.81651951728136
1778424355,9070,1310.2006209715653,178.0338076975753
1778424355,9071,180.76929713017938,25.23365366012834
1778424355,9072,1187.294141300596,199.24545051225854
1778424355,9073,1197.313618832839,179.23122989317994
1778424355,9074,382.1869529038698,235.162612013603
1778424355,9075,230.94741480386824,43.389072500334265
1778424355,9076,138.33507527563188,94.63057838862852
1778424355,9077,334.9813372052708,22.997915112938898
1778424355,9078,574.309332183314,59.87025100617515
1778424355,9079,200.84179221541822,48.4554523508312
1778424355,9080,1196.9244761500458,122.94094334347423
1778424355,9081,774.066467607833,202.92884148071187
1778424355,9082,239.2070560228589,110.05174407486737
1778424355,9083,357.72198210154596,159.4704509439135
1778424355,9084,435.8096176382037,59.17538794378578
1778424355,9085,2724.204888922573,134.8994657147812
1778424355,9086,844.4910235263882,39.56685040718517
1778424355,9087,3349.306871410311,124.95730350061356
1778424355,9088,542.8687460830231,55.7174142014368
1778424355,9089,877.3497825316244,238.6827692396575
1778424355,9090,436.1884024706916,238.9678788814133
1778424355,9091,397.66454009163317,223.30109651793254
1778424355,9092,321.19653986929137,263.1861762245049
1778424355,9093,306.8976031383992,133.53245642796765
1778424355,9094,318.7009501537036,168.8549843012395
1778424355,9095,296.7157064359341,96.22097052269498
1778424355,9096,777.20066381668,99.81861845469066
1778424355,9097,1016.8784549270131,173.53941044582132
1778424355,9098,509.7896838138004,182.30749841698767
1778424355,9099,701.7439812275534,207.43833181995063
1778424355,9100,644.712124820264,212.85035637549936
1778424355,9101,1088.555952321961,188.01880172561525
1778424355,9102,217.043149332346,116.70056122531678
1778424355,9103,400.13551176702515,75.02382391191144
1778424355,9104,1142.3062358061732,144.12661518596175
1778424355,9105,646.4519256200849,222.93732619125336
1778424355,9106,613.8052041297915,30.52616813045145
1778424355,9107,530.8433831147701,94.54058673675355
1778424355,9108,183.15284694854824,60.94754757030227
1778424355,9109,149.76335862567623,67.57074080298949
1778424355,9110,528.5980208707489,100.61588966088381
1778424355,9111,621.1046799291835,287.5233476583344
1778424355,9112,1381.3277138057358,162.4620218702937
1778424355,9113,343.8961097661205,50.13525211330146
1778424355,9114,1398.887756433675,79.64008408706013
1778424355,9115,835.5981646470439,258.68583403596557
1778424355,9116,499.2563931402248,192.1986438854017
1778424355,9117,279.28460619559075,35.414387901779406
1778424355,9118,2235.27586567416,155.79960862048716
1778424355,9119,226.67880451158533,294.28712816280176
1778424355,9120,1677.5990963183683,80.9945906503391
1778424355,9121,383.8401636809297,180.01089453205356
1778424355,9122,653.2552851689566,169.35367143315952
1778424355,9123,686.7651824315271,254.62773584070388
1778424355,9124,531.7717705137275,163.2415027023727
1778424355,9125,425.32422658557977,23.537330817064824
1778424355,9126,547.0800518254687,206.66056170085977
1778424355,9127,351.3709648113208,108.65598988739309
1778424355,9128,709.6809969737192,205.05402065209748
1778424355,9129,802.2464091921383,48.601181156510556
1778424355,9130,856.3381228185567,205.94910069387126
1778424355,9131,2379.9597547087424,172.0242350840476
1778424355,9132,244.69187044044475,274.1337462535423
1778424355,9133,436.7821569557035,239.58632273100363
1778424355,9134,602.1060406708722,140.39165438878817
1778424355,9135,367.87963780459637,172.4773132685367
1778424355,9136,189.1493295875516,59.510864120080434
1778424355,9137,178.39433846496166,69.64162531635789
1778424355,9138,264.79490372251996,159.52355388900966
1778424355,9139,808.8545585677052,140.06166633611406
1778424355,9140,893.7669878433047,137.38444236260597
1778424355,9141,433.3957873234763,168.30452401778933
1778424355,9142,391.9714868530197,128.92669873789484
1778424355,9143,2067.786528112843,146.02311841648964
1778424355,9144,919.4394447214524,107.33989830932589
1778424355,9145,1499.5867132173823,136.44290276354275
1778424355,9146,3560.6020898867696,107.81574108805526
1778424355,9147,586.7388984202321,63.329211239541614
1778424355,9148,378.94513796436723,141.2536430060619
1778424355,9149,720.590349210469,137.08334588542203
1778424355,9150,802.534382067708,223.6211757417211
1778424355,9151,455.34235610029896,278.94804388538256
1778424355,9152,808.2506695347173,231.29160783323036
1778424355,9153,406.6350841647165,52.0186335848738
1778424355,9154,684.9382614413,199.94145380688198
1778424355,9155,238.48902997026545,86.56795569608428
1778424355,9156,183.7142386448203,83.29248644341462
1778424355,9157,784.1341052299967,172.67603375234458
1778424355,9158,759.643830009611,202.3604762920009
1778424355,9159,187.8049292712876,102.8967090795959
1778424355,9160,159.5783692487628,80.18436489039573
1778424355,9161,2227.6892814993034,76.96045757810515
1778424355,9162,1416.031871688927,165.33400139875678
1778424355,9163,451.24296402010765,56.70412379473506
1778424355,9164,595.7187822594865,236.29585009559278
1778424355,9165,206.91503871356798,116.03797598675898
1778424355,9166,228.12912415509265,133.12299744315166
1778424355,9167,101.91734798655962,29.57263237837355
1778424355,9168,88.25238838421167,43.245432210995695
1778424355,9169,399.3631835640164,25.14600829451526
1778424355,9170,595.7231446699975,247.9508463279977
1778424355,9171,393.5390033631758,145.66068336161814
1778424355,9172,1426.1280537883122,151.3126082031365
1778424355,9173,1541.4905570599894,166.71271955251007
1778424355,9174,307.3539409381707,137.97358676165496
1778424355,9175,494.54570185575875,231.84648445337126
1778424355,9176,368.1793993922211,196.5758795764604
1778424355,9177,299.7772916664001,17.98390093121107
1778424355,9178,731.1922790522972,45.150672710228434
1778424355,9179,958.6839620219339,47.447981407389896
1778424355,9180,378.9771490653878,220.9701311312008
1778424355,9181,798.9614619309334,163.49864809150378
1778424355,9182,246.3538007435173,14.23504796764909
1778424355,9183,724.5961753073043,156.12071418184576
1778424355,9184,2107.291370657856,157.95593727480818
1778424355,9185,580.5487716067565,242.2257972655396
1778424355,9186,397.4155795205683,62.3119974553061
1778424355,9187,414.78541348269835,47.25826054238807
1778424355,9188,413.64949581035364,139.457702894077
1778424355,9189,594.4200605312332,66.31817571710934
1778424355,9190,323.4213587993416,127.3118387547486
1778424355,9191,98.55922847231034,56.545862341805424
1778424355,9192,228.01412982267414,145.77737521840788
1778424355,9193,380.95858686350374,91.33662623830605
1778424355,9194,1059.246982969287,152.883598205158
1778424355,9195,3017.585304899987,155.15718858331522
1778424355,9196,255.82143358727936,191.12634832687098
1778424355,9197,707.1386261525888,36.52945880345634
1778424355,9198,551.4299916444835,114.18476070873406
1778424355,9199,152.50143178891378,29.959919202658217
1778424355,9200,234.4624472850201,61.83568095844364
1778424355,9201,162.20757366717118,95.7333242552365
1778424355,9202,958.9408698583834,180.27945959302605
1778424355,9203,234.22054715888933,37.3750458174152
1778424355,9204,409.3198534436851,183.79132694194408
1778424355,9205,169.89023003358992,43.73738271840857
1778424355,9206,423.2007460413982,50.53054997056907
1778424355,9207,1267.0882378696906,155.5442054254803
1778424355,9208,531.9006287230042,217.63344587084072
1778424355,9209,1516.339206903909,175.1109550140573
1778424355,9210,380.78918550251376,38.47770262102824
1778424355,9211,763.8454454308808,167.9882110994514
1778424355,9212,122.51257965441374,19.138596327279327
1778424355,9213,396.6571306895532,44.796980856232246
1778424355,9214,502.5331673676739,202.2883723358956
1778424355,9215,3768.462942471216,145.16688540815417
1778424355,9216,480.327313225783,76.39847324945148
1778424355,9217,881.0255512381257,192.53732285415956
1778424355,9218,679.9543013901499,194.7487401059346
1778424355,9219,404.1206626932775,47.4883180551446
1778424355,9220,319.8558393661606,196.36242055708902
1778424355,9221,193.29519412429443,35.46273946083849
1778424355,9222,165.24774403938298,23.958798492688025
1778424355,9223,798.540069463443,253.73357919525213
1778424355,9224,1221.8825166442145,165.10613582733197
1778424355,9225,388.936122462465,36.69974485524893
1778424355,9226,997.1206795582914,186.51690586687224
1778424355,9227,142.3642373187581,116.3052836030067
1778424355,9228,223.81371249285183,262.8496518437335
1778424355,9229,442.79734422328863,19.11210317509164
1778424355,9230,225.8605578738148,64.81574422297662
1778424355,9231,74.33749135145419,54.727501454072126
1778424355,9232,501.61345348137246,215.87720926281656
1778424355,9233,364.8773040223334,216.0604221656944
1778424355,9234,764.9316460670289,111.23567916443335
1778424355,9235,857.0908962234622,111.00495228153665
1778424355,9236,1088.9825618214677,160.05084061704113
1778424355,9237,89.90911542741819,44.60071159157795
1778424355,9238,173.72917863676173,52.63295505008051
1778424355,9239,415.4949766216699,239.0324713759523
1778424355,9240,688.6969138505485,60.622705152651235
1778424355,9241,480.0336982540889,261.5655595485187
1778424355,9242,1297.6903457625635,164.9620223643509
1778424355,9243,324.30671060136325,42.71314651564023
1778424355,9244,1115.344576261669,179.85150899497506
1778424355,9245,1171.971829183443,190.64565002496553
1778424355,9246,523.8843314030855,162.07348120066158
1778424355,9247,285.77840336830394,53.89053913146279
1778424355,9248,1133.3622772907945,243.8264269479802
1778424355,9249,760.2402524612036,226.02798742453984
1778424355,9250,360.1472092287282,191.57355460899086
1778424355,9251,1661.4425426605899,121.99401536908105
1778424355,9252,714.0686016500979,70.28149906586661
1778424355,9253,1889.706065316675,139.3389623437398
1778424355,9254,926.0574804365395,50.16455939441285
1778424355,9255,103.34264173262696,81.25309520234134
1778424355,9256,3826.6346369951,131.8114717545476
1778424355,9257,275.98382901454534,79.17076172295721
1778424355,9258,604.48788791913,142.9504030360352
1778424355,9259,229.72224253825308,28.297520616281673
1778424355,9260,177.74387147014514,199.44995090891734
1778424355,9261,329.24287052026057,190.63723426988557
1778424355,9262,991.5137965327824,218.31596263266917
1778424355,9263,947.4104396614715,211.61362577012886
1778424355,9264,828.0350493950182,175.87170186046683
1778424355,9265,1190.479037148018,86.99846439806004
1778424355,9266,421.01527904535305,42.50018335135869
1778424355,9267,1176.5666237677153,136.30060602799907
1778424355,9268,772.1454123548137,93.55322306110475
1778424355,9269,203.358352704364,48.3567301638223
1778424355,9270,2458.084503461922,105.5501385960516
1778424355,9271,903.8508698560909,92.50311222942358
1778424355,9272,2157.666468147287,73.04750699681327
1778424355,9273,267.9080275947511,108.23050035389058
1778424355,9274,480.8545781722346,226.05027626667808
1778424355,9275,1195.8062953696988,144.14667628596868
1778424355,9276,536.620144585039,36.10978200238618
1778424355,9277,521.0351330138182,40.439082508759896
1778424355,9278,819.2781329548279,120.54876471004174
1778424355,9279,300.4171436541128,82.71953799626306
1778424355,9280,143.87948051641396,87.62866495398012
1778424355,9281,532.9098924719389,50.67575769388766
1778424355,9282,1319.5764880624115,149.46739386310333
1778424355,9283,351.978950805797,201.16337604323752
1778424355,9284,449.95647999685724,232.87834208260983
1778424355,9285,410.9361825631719,45.73193549382172
1778424355,9286,4183.8565584359485,173.7696622094784
1778424355,9287,376.2543872754003,305.37758365446484
1778424355,9288,857.6315286386352,169.35004060200956
1778424355,9289,434.8708792129879,168.9359186840945
1778424355,9290,237.26430394728476,36.24097000412013
1778424355,9291,220.38593496825067,42.766712982605455
1778424355,9292,1336.9337063021565,156.79919812401917
1778424355,9293,346.21254065060447,271.45391665702186
1778424355,9294,1931.7225022801877,143.41509716592742
1778424355,9295,1876.941011489656,189.40932660361955
1778424355,9296,975.0220064531723,138.70084947983733
1778424355,9297,784.5799560846813,183.4521514810643
1778424355,9298,469.3994583524605,243.2845790468992
1778424355,9299,274.66088793886144,17.852820299128005
1778424355,9300,666.3021547022109,55.16537077519681
1778424355,9301,278.42650708712983,25.01486129922797
1778424355,9302,724.2845886954946,173.24527771060838
1778424355,9303,648.4046725410532,262.5091848656139
1778424355,9304,412.07917749898155,54.73110910268851
1778424355,9305,47230.27759633398,418.66273364677863
1778424355,9306,485.8151920945739,279.95878905596135
1778424355,9307,201.3309246924568,44.35996544761449
1778424355,9308,798.6291635062332,220.42467646767673
1778424355,9309,951.6614682897499,86.27998446691826
1778424355,9310,675.7098490564224,209.9040386697825
1778424355,9311,1319.2611956385188,169.60500530958402
1778424355,9312,208.56114661656954,127.09251068950124
1778424355,9313,815.276026382914,276.19371326630323
1778424355,9314,298.4550017926157,82.22162208000564
1778424355,9315,220.61735071181545,69.30617068483033
1778424355,9316,311.20137059977066,217.48930687261117
1778424355,9317,405.0585560496473,85.07416232776542
1778424355,9318,173.8523653118951,27.2058381443491
1778424355,9319,1137.9663841308682,184.971130131917
1778424355,9320,884.8932901031329,195.91697581872776
1778424355,9321,838.1545016394833,233.6429253123285
1778424355,9322,1437.8023818720176,169.8646336640112
1778424355,9323,484.17166513050125,40.55195928606469
1778424355,9324,1069.492220365011,78.1724470859745
1778424355,9325,1215.2415616594,177.54813748485714
1778424355,9326,893.4318591173262,226.94354383368625
1778424355,9327,202.85283554834606,103.79192809539141
1778424355,9328,406.99210693635104,160.11926684398316
1778424355,9329,263.2302213246492,44.98693980115085
1778424355,9330,1281.5290259741464,159.9432285906839
1778424355,9331,435.571722297647,114.08248934118663
1778424355,9332,741.0771279163359,105.81831111268849
1778424355,9333,356.20352359272675,214.8202810751992
1778424355,9334,162.1425394083163,56.82840500943935
1778424355,9335,1615.685750063516,183.0733134846785
1778424355,9336,469.76549597479334,91.636793754834
1778424355,9337,523.691336927611,117.37637674972643
1778424355,9338,415.4524235414222,105.27065635266489
1778424355,9339,200.69956200658928,99.41988817358973
1778424355,9340,1136.9277902480803,167.7466372084695
1778424355,9341,304.22360999049425,51.76243025519694
1778424355,9342,1285.1995907706387,236.9714598435322
1778424355,9343,524.3772775680548,196.3259084532629
1778424355,9344,297.3982807667424,90.91575759996817
1778424355,9345,938.1311556650892,204.1653558353914
1778424355,9346,606.5526740207338,245.2228232492601
1778424355,9347,251.72390010357876,15.077794835719097
1778424355,9348,994.1782695265613,184.9095131615892
1778424355,9349,520.1590258677903,119.62577591007586
1778424355,9350,660.1559156730707,258.5693293257512
1778424355,9351,712.0032105300478,176.2430411094355
1778424355,9352,720.9775947423025,189.05910841298314
1778424355,9353,486.33231688259434,63.13508848884716
1778424355,9354,605.1833595048779,40.781783468014126
1778424355,9355,547.6863229729619,140.2947231264372
1778424355,9356,1675.3756615426184,162.47415768570474
1778424355,9357,611.5808644518888,233.26600972952386
1778424355,9358,390.04294253107474,119.75444988516963
1778424355,9359,92.24818585663145,92.03763215689051
1778424355,9360,782.7497241743907,247.98714573865593
1778424355,9361,536.2562190350105,136.73856560321036
1778424355,9362,2259.816263479787,214.0377603675463
1778424355,9363,1871.1736922278112,143.23771249503548
1778424355,9364,1111.4640421206561,153.7454415502569
1778424355,9365,646.7640960985254,199.36118923056992
1778424355,9366,245.13519316897288,34.61227670648366
1778424355,9367,91.26649307515517,21.70023978947631
1778424355,9368,588.9230753933157,86.83809570608891
1778424355,9369,160.64809148957494,94.79013593177204
1778424355,9370,868.5168779240518,162.62622023499063
1778424355,9371,2161.797762010436,99.11890982217847
1778424355,9372,399.4712250127222,220.18330620751695
1778424355,9373,108.50604387552208,21.211602939427166
1778424355,9374,525.8542370809629,67.0257220524182
1778424355,9375,295.8624325977055,64.54706038024258
1778424355,9376,536.935291912389,212.01820276738638
1778424355,9377,1371.4972253107608,179.52296554094895
1778424355,9378,304.38563373070536,82.36968614299487
1778424355,9379,387.38517267989414,72.0335626684661
1778424355,9380,1920.0254754242628,157.61047434648603
1778424355,9381,821.7779390323894,105.73476321733689
1778424355,9382,170.1381501675223,65.48413521092948
1778424355,9383,2406.8743224559576,116.06289112072723
1778424355,9384,212.73928297909487,150.25840239435774
1778424355,9385,92.94403380271933,21.407841441950158
1778424355,9386,276.2065904933391,130.10047139070116
1778424355,9387,186.75367686349665,26.46023040803162
1778424355,9388,897.2528529898887,250.451126555983
1778424355,9389,277.8516579729678,159.09427414685183
1778424355,9390,1813.787237810327,134.65348060851025
1778424355,9391,371.6723232091402,90.37136716534287
1778424355,9392,150.00255159969987,35.52750503995414
1778424355,9393,1294.828679402084,92.38079692442652
1778424355,9394,758.4952220870254,254.3604510841102
1778424355,9395,1417.1066293248189,157.79385528368007
1778424355,9396,136.21506335142013,85.88917163352751
1778424355,9397,92.0320124985334,52.18475041479267
1778424355,9398,153.04834940939688,117.44065188074867
1778424355,9399,1151.8915105295869,151.6717253954992
1778424355,9400,373.2614511488731,102.03617790957016
1778424355,9401,171.1833779658273,57.77291726708128
1778424355,9402,178.29869455326946,124.59625361293645
1778424355,9403,486.8728372813349,36.69661968976418
1778424355,9404,544.6976876013101,293.6939281577255
1778424355,9405,580.3499409874357,173.44867937343625
1778424355,9406,137.5529958200025,93.18882401587749
1778424355,9407,432.7998122937384,44.43376617882496
1778424355,9408,897.1802171132389,132.00692875146416
1778424355,9409,352.04027199828255,174.03798780716932
1778424355,9410,1299.9893052135005,168.09052724900505
1778424355,9411,1337.264236873839,217.6845105695264
1778424355,9412,265.914170990991,168.6997269482317
1778424355,9413,1254.777891879982,177.9693033546467
1778424355,9414,2052.0415184429708,168.42476175815148
1778424355,9415,638.3668732491964,195.41803220106755
1778424355,9416,323.1007392797538,38.50805107780542
1778424355,9417,304.9071787555493,42.13910193290059
1778424355,9418,649.8212501014862,213.53211429447865
1778424355,9419,1409.2135637225886,149.64799394411506
1778424355,9420,606.5875432847503,189.3594628874816
1778424355,9421,1076.9603819516844,97.3055491798641
1778424355,9422,303.47073212599446,183.46644429411052
1778424355,9423,1094.9847094222087,163.55435466878382
1778424355,9424,635.1785992480618,186.6680729979098
1778424355,9425,411.0043162744277,276.8239489825009
1778424355,9426,572.2521118367414,63.38893165432015
1778424355,9427,1465.967109301539,181.93288104514866
1778424355,9428,438.29523211002856,161.4336317617192
1778424355,9429,1133.2849990464474,147.7173915673163
1778424355,9430,183.35995254387794,20.38467407334814
1778424355,9431,1225.8821155655496,131.35404530442054
1778424355,9432,5300.847944160349,129.8939891708255
1778424355,9433,874.6605265922166,234.8651530517149
1778424355,9434,622.3801302979911,236.0721664206212
1778424355,9435,98.39061725798871,91.16366622090564
1778424355,9436,673.889516578507,189.43407278214457
1778424355,9437,538.9116930099416,108.2384272793733
1778424355,9438,804.7492299234206,233.90586492121236
1778424355,9439,1970.4919728831264,169.1226600967245
1778424355,9440,160.28123921675612,35.42666956345473
1778424355,9441,321.3001920746975,170.7406184378613
1778424355,9442,596.6836034369792,249.87585656960587
1778424355,9443,312.8559765975882,242.5700946086501
1778424355,9444,394.35304984158813,50.45231931217302
1778424355,9445,910.2168140766908,192.34107219059152
1778424355,9446,152.91246857105202,32.669171675518996
1778424355,9447,515.5671171953884,230.0860945587853
1778424355,9448,696.5146745927888,70.45150540219171
1778424355,9449,329.4438232677244,105.95143851129953
1778424355,9450,956.9513280577402,174.69998069808952
1778424355,9451,543.6742803660475,259.73693465012303
1778424355,9452,2088.8978231233414,134.67011108150388
1778424355,9453,682.2091978799875,109.71668283012124
1778424355,9454,2813.381408662649,111.99959453658984
1778424355,9455,421.3284509325529,259.32142852828355
1778424355,9456,916.6686244711321,150.60113547285496
1778424355,9457,525.5737041737921,101.68136054730428
1778424355,9458,2653.6943655905975,162.3491362086692
1778424355,9459,343.09298874820325,98.99602849085488
1778424355,9460,641.0864557364093,51.57072409886088
1778424355,9461,183.3323397057636,139.13348761305073
1778424355,9462,389.4477911878094,203.48530485313222
1778424355,9463,610.0278708555538,66.69193733249534
1778424355,9464,789.3629192611035,224.37507262047103
1778424355,9465,698.3578506710363,44.761202837022545
1778424355,9466,609.4533616313172,201.82757848697105
1778424355,9467,154.85965105997892,26.98156819780218
1778424355,9468,774.5509864723635,241.99608547149253
1778424355,9469,837.0152820345633,96.20517216005382
1778424355,9470,501.37382069782166,56.79159928958305
1778424355,9471,329.81072386199776,64.08072218038659
1778424355,9472,1370.6144996579715,159.60259487787772
1778424355,9473,173.049213108552,22.913454673678856
1778424355,9474,300.0311557973402,34.162202363695194
1778424355,9475,1001.1155959757939,178.02110450318358
1778424355,9476,2637.087522491793,140.040029625103
1778424355,9477,588.4521983030801,105.01609794303373
1778424355,9478,1854.8552257007839,152.17317171346872
1778424355,9479,361.55750710100295,47.67067956451719
1778424355,9480,1702.745669416013,167.79789210149573
1778424355,9481,1219.1147748245894,37.52156911838087
1778424355,9482,536.5992549147023,203.57332862757156
1778424355,9483,898.1303770190752,67.85458466215913
1778424355,9484,1264.8537485497197,42.628748320560355
1778424355,9485,967.2940747680808,91.85974273508516
1778424355,9486,727.9853193590579,178.8480281502495
1778424355,9487,150.82708258102363,68.72719970800887
1778424355,9488,187.45438104664868,60.8467712576406
1778424355,9489,525.5741372812929,268.8320939708227
1778424355,9490,1051.9288987468858,187.16383372889655
1778424355,9491,1797.675482400914,197.1279424099251
1778424355,9492,150.94244476170766,68.96458715346205
1778424355,9493,324.55350747255187,24.169349754956514
1778424355,9494,542.1050109366515,264.5953370324084
1778424355,9495,173.9709081896889,126.53404784460028
1778424355,9496,417.48071888908163,83.47255343533855
1778424355,9497,2085.6269918306184,127.07657231046024
1778424355,9498,408.5535411329231,69.18313653367893
1778424355,9499,669.5666143798317,248.73605450498914
1778424355,9500,133.28861356068367,15.904315735281608
1778424355,9501,529.1533376506056,225.90194218796984
1778424355,9502,526.8598974816266,191.00491267468746
1778424355,9503,539.0670847363817,54.930361749131265
1778424355,9504,971.8093880838886,212.76898911953018
1778424355,9505,250.54035841670924,60.606186205542826
1778424355,9506,1221.4108545437086,132.19697943839964
1778424355,9507,406.2660524417559,32.94926125720745
1778424355,9508,711.8603635869049,178.13834379059034
1778424355,9509,1675.2892772418556,167.9357782274322
1778424355,9510,743.5309390936817,237.23164758195873
1778424355,9511,120.0244456784315,25.266006897560647
1778424355,9512,302.6340565435311,203.6203505113318
1778424355,9513,1915.5294261756148,124.1358138970404
1778424355,9514,559.6272229905338,258.17541085393077
1778424355,9515,1668.1685171483657,76.16350692504409
1778424355,9516,888.1132845275773,194.12403405031958
1778424355,9517,407.3614986213674,268.8934321769852
1778424355,9518,147.07481390700318,108.84201774450348
1778424355,9519,555.572718352667,227.57488332947548
1778424355,9520,470.8000282555508,248.41645431094076
1778424355,9521,398.3061399210576,149.36210082142546
1778424355,9522,249.71024227275967,66.1087892610648
1778424355,9523,162.99364251008373,32.93369458080331
1778424355,9524,1766.2420297511514,185.51236782778813
1778424355,9525,136.4092201967082,225.62024135434083
1778424355,9526,389.6986345536346,52.663932009380396
1778424355,9527,102.46441928177164,79.1497303720872
1778424355,9528,531.5302842702514,197.8232547921506
1778424355,9529,1213.4122351354831,142.71978710436397
1778424355,9530,313.63025748282513,82.56535916215608
1778424355,9531,352.402625013408,233.40668092703183
1778424355,9532,923.4248794388741,237.2749872586727
1778424355,9533,756.635721372597,164.52676094604027
1778424355,9534,788.4658785812017,71.1589183815874
1778424355,9535,228.79620060064488,36.79488908669524
1778424355,9536,266.16968563454367,188.07859604672052
1778424355,9537,611.0173408107315,212.30214647553427
1778424355,9538,735.1869943511523,72.07975756104284
1778424355,9539,179.9372210378673,54.41676924270435
1778424355,9540,538.0729809409243,250.22186488189794
1778424355,9541,647.0793197742679,269.627059189746
1778424355,9542,768.249615537474,175.00813793952184
1778424355,9543,1163.6541588848952,208.6161052573956
1778424355,9544,1521.0099254613704,126.48051066746022
1778424355,9545,177.66315577033146,98.16031744797297
1778424355,9546,505.57307363153456,211.9424972743195
1778424355,9547,810.6360970604795,143.04119099948477
1778424355,9548,156.62478328838694,37.33235722070719
1778424355,9549,1072.5039278471452,206.9600964069274
1778424355,9550,140.87121500576836,49.28372099913474
1778424355,9551,278.9345263847017,55.547356209026034
1778424355,9552,273.1861273051654,55.11376193712512
1778424355,9553,368.73682062192864,203.4576089383439
1778424355,9554,1052.082035841477,195.98881176324127
1778424355,9555,262.2981444050394,33.84819393733428
1778424355,9556,711.935732924651,244.06631875023874
1778424355,9557,292.4805961228172,93.25376011197449
1778424355,9558,864.0476581035766,242.52059729109735
1778424355,9559,782.9864459248626,211.21173834619177
1778424355,9560,801.840511349806,147.85054053776332
1778424355,9561,623.5047880341551,80.05736641124952
1778424355,9562,526.1921132141139,266.5736625511229
1778424355,9563,681.0649181988347,245.7557619590782
1778424355,9564,992.2074030145897,184.2315676302149
1778424355,9565,1138.4194587465838,162.8747204587133
1778424355,9566,967.6978968263078,140.89577698224372
1778424355,9567,1262.418383824225,184.21442480243425
1778424355,9568,770.110609870096,56.76637658535688
1778424355,9569,877.2808615358476,209.7717437557468
1778424355,9570,1469.9850152664642,67.49272011425872
1778424355,9571,439.40353434437566,138.4132865146288
1778424355,9572,243.46048670365678,24.59254224126563
1778424355,9573,724.1628958014221,148.56453849072454
1778424355,9574,1173.1252849045618,241.17770579147464
1778424355,9575,707.6213683047915,137.68901278620336
1778424355,9576,255.55946277824862,22.038226953956553
1778424355,9577,1333.1936805969558,156.87302571193607
1778424355,9578,407.8621937408951,113.01500504640603
1778424355,9579,844.7637630891078,86.33590773501021
1778424355,9580,304.01526017552413,28.401983820374582
1778424355,9581,444.49234896337606,271.31963470840515
1778424355,9582,843.5191152642863,162.97239086230903
1778424355,9583,1092.4968557314528,182.12265518850143
1778424355,9584,1747.066797161218,179.8842182239093
1778424355,9585,392.9822232195998,274.49019910230777
1778424355,9586,417.5633739543222,81.95270222850542
1778424355,9587,250.6040200433184,62.858669480002845
1778424355,9588,902.2041534834749,155.15763828210615
1778424355,9589,554.9870378190125,31.029619667666207
1778424355,9590,365.0706002995649,94.3822871389604
1778424355,9591,403.71462869826587,32.782962239192834
1778424355,9592,318.91339643100423,158.75989348242027
1778424355,9593,1945.7666540798305,189.29975951632454
1778424355,9594,434.1724461938393,276.88021584695707
1778424355,9595,696.6937159889771,226.50221230352224
1778424355,9596,348.3961490362105,275.94896908878036
1778424355,9597,711.9699407053988,92.40545721612816
1778424355,9598,314.97750416546506,34.96896752743198
1778424355,9599,600.9586173065583,245.69793029078403
1778424355,9600,825.2477772388555,236.20660971728174
1778424355,9601,247.91012657647636,132.65527951009923
1778424355,9602,566.8559363253273,279.7714411130693
1778424355,9603,722.6091156138033,54.31767025675062
1778424355,9604,280.32545677128553,82.42688785816719
1778424355,9605,1268.8937192964718,160.9835799416128
1778424355,9606,2555.7260536562685,175.6486266980812
1778424355,9607,368.26286448812687,139.83570079537733
1778424355,9608,389.2555807942487,268.87702981839817
1778424355,9609,788.1950248771734,124.08063415204924
1778424355,9610,283.2996678146742,183.435361822247
1778424355,9611,280.2053514375938,133.53277813017993
1778424355,9612,991.2733783685635,228.26235347613172
1778424355,9613,149.9913903393347,71.10183099512307
1778424355,9614,262.0351800676103,70.92739712008965
1778424355,9615,591.7705705423301,203.50601032016095
1778424355,9616,990.4899700281268,176.98043635057826
1778424355,9617,1420.4927150981223,133.1477145964463
1778424355,9618,1095.747181635213,169.10464333988983
1778424355,9619,365.1766549506093,184.55953453367167
1778424355,9620,344.87669667075716,178.00338075562863
1778424355,9621,1108.4210255434928,164.76720770329155
1778424355,9622,1648.4161077978185,143.34352461910706
1778424355,9623,317.2499943950484,206.33871117450116
1778424355,9624,1410.4615002794171,160.10257388368163
1778424355,9625,2325.2047584829775,132.44259663616202
1778424355,9626,490.7032070081321,250.216547443313
1778424355,9627,1272.087698888509,187.154461849734
1778424355,9628,472.55712544302406,209.3071417279976
1778424355,9629,948.387765885084,158.79390144120637
1778424355,9630,587.8534380636047,258.24345944112673
1778424355,9631,1384.4983031315098,45.22634565365422
1778424355,9632,281.7348373002867,29.58319056252809
1778424355,9633,1249.6965329076013,168.61943648806323
1778424355,9634,495.19414273281643,307.6979446501871
1778424355,9635,1806.7511641816736,167.40264248049726
1778424355,9636,480.4432243920455,241.23127666667085
1778424355,9637,727.466629178829,233.32962849553408
1778424355,9638,455.24698519108705,31.312997953527155
1778424355,9639,342.3287168840138,85.03746104783674
1778424355,9640,962.3218969301788,184.8585878785852
1778424355,9641,1412.851093610951,175.34126824760835
1778424355,9642,524.590291921445,216.9965959375076
1778424355,9643,479.0724599180436,65.57952181887295
1778424355,9644,696.0384870833715,226.02893404729593
1778424355,9645,445.2576028312357,265.51647352922447
1778424355,9646,395.7361199335582,75.15905680729195
1778424355,9647,593.9281753383872,196.49498861973905
1778424355,9648,577.1640259523577,164.14543184438898
1778424355,9649,56.59978363047034,42.95402919127768
1778424355,9650,1017.3374293909933,197.99512066033506
1778424355,9651,640.5903371304821,156.74125754430733
1778424355,9652,116.92329058914147,91.94486905825109
1778424355,9653,224.05754626138187,39.605975009784316
1778424355,9654,741.5316031057384,304.51422703604226
1778424355,9655,132.75704159901514,19.822270670278094
1778424355,9656,538.6250440837306,245.70080433791387
1778424355,9657,6395.204307525229,231.00551191504496
1778424355,9658,5253.122151326599,128.49583143668642
1778424355,9659,802.6400133821985,193.4187181589979
1778424355,9660,487.92184102369896,202.46320752228775
1778424355,9661,1262.2142058071206,161.95714440621774
1778424355,9662,783.5155345018752,158.26722759850028
1778424355,9663,279.45053541600936,83.30712115490411
1778424355,9664,349.3365512701363,143.85333832493535
1778424355,9665,258.69641741354627,118.47169563037843
1778424355,9666,197.6734455483166,41.925351485102766
1778424355,9667,949.1099686912014,182.77717566432779
1778424355,9668,943.5176592521866,184.86175578792282
1778424355,9669,1660.3007293310259,175.01911531154897
1778424355,9670,316.45824959131835,311.2014428492764
1778424355,9671,685.0858489653388,28.801278457737748
1778424355,9672,373.40749015459994,206.6087529725236
1778424355,9673,229.51913232818114,122.44277249867916
1778424355,9674,1080.4091055747926,54.362096867350736
1778424355,9675,436.1417660424084,38.558901726483114
1778424355,9676,535.4237620979744,192.16182772937202
1778424355,9677,864.2322603526133,150.9024044080541
1778424355,9678,1873.5886323607017,144.588365562334
1778424355,9679,316.6823529299311,109.35590345426371
1778424355,9680,999.3640146794633,256.828281784045
1778424355,9681,416.92885378613323,210.17835894280913
1778424355,9682,548.3929373786484,273.48871203251525
1778424355,9683,608.7573931716413,72.88789113187107
1778424355,9684,807.034541799813,190.15833445814587
1778424355,9685,1056.2688717117628,198.9498805699193
1778424355,9686,459.1930160394785,217.36365909972042
1778424355,9687,335.63992994491315,91.96817770728642
1778424355,9688,3438.514822985271,179.2756361751646
1778424355,9689,194.21234409956298,67.59472314610001
1778424355,9690,389.6775090095481,73.38832693857923
1778424355,9691,934.0853362613069,140.29299511368032
1778424355,9692,492.05787045270404,142.08282212033222
1778424355,9693,633.1755095391312,200.6611371213051
1778424355,9694,510.47712805511736,235.38251207931503
1778424355,9695,203.10998049387192,106.42328601059204
1778424355,9696,247.5174752328263,108.79560981900985
1778424355,9697,477.73550557693375,179.48621165253311
1778424355,9698,291.9718603406572,232.35156829713566
1778424355,9699,915.1860511190681,197.93813641405774
1778424355,9700,377.0266431965285,85.488087592636
1778424355,9701,184.84294288122328,31.05016060342549
1778424355,9702,394.6989955818361,43.6130254322615
1778424355,9703,170.52734814879952,75.01559166925679
1778424355,9704,563.1382796787803,67.75151445514467
1778424355,9705,358.447559234834,263.39572965176035
1778424355,9706,149.19869715781107,39.7221051084489
1778424355,9707,414.97310367905715,124.11259601001308
1778424355,9708,649.1905636954302,258.71152085905675
1778424355,9709,474.04719392089396,87.71610563013733
1778424355,9710,701.3244260348253,69.55232322734147
1778424355,9711,258.9487430590906,58.20870334160921
1778424355,9712,1029.0257700014245,166.5794807879027
1778424355,9713,837.3856696960593,232.26869738545994
1778424355,9714,368.5118233399271,56.922246522715504
1778424355,9715,946.4373025390712,199.37467465495666
1778424355,9716,137.16291914316037,62.54061259524127
1778424355,9717,274.7954921888691,84.25415735659554
1778424355,9718,121.73791437653622,152.76011696184028
1778424355,9719,255.03234851477825,134.38067872445646
1778424355,9720,507.1382761742969,148.53428086354526
1778424355,9721,940.476149212029,232.78944872178704
1778424355,9722,550.5331431584355,54.60154096085512
1778424355,9723,382.53631050324964,32.874467220541796
1778424355,9724,533.7709940609401,248.17444606141132
1778424355,9725,279.09528673706745,124.14690344662297
1778424355,9726,734.4365293156465,117.15693846067545
1778424355,9727,622.0638528497274,242.44433370044248
1778424355,9728,577.0079227668479,139.33563207721957
1778424355,9729,2759.0381413989544,180.05979779525734
1778424355,9730,214.24060997917252,31.83409631297053
1778424355,9731,1280.1849467409036,170.27677453026635
1778424355,9732,851.820712919539,257.66205308706634
1778424355,9733,1187.7264105489778,104.02211790896207
1778424355,9734,412.6340823614173,144.11530917837587
1778424355,9735,374.42283607909746,52.56503630501019
1778424355,9736,1166.9459801544185,140.00290081140926
1778424355,9737,1908.9730179986668,58.48559385314164
1778424355,9738,502.033855557634,121.4286630765357
1778424355,9739,984.1071748738899,232.41995336544437
1778424355,9740,1095.394022805836,225.39853792250815
1778424355,9741,783.2432923917236,166.31573350062493
1778424355,9742,583.1463784983291,248.90809329388
1778424355,9743,1341.4359586901985,171.22451008645967
1778424355,9744,422.41058709296016,150.50997057483937
1778424355,9745,561.1863895197284,210.47563677112043
1778424355,9746,2041.336509310987,156.82772145520732
1778424355,9747,1296.7664218527284,164.6687992111395
1778424355,9748,1524.60649754764,169.61791767554723
1778424355,9749,164.3882337635152,51.07614097854388
1778424355,9750,980.9761263722658,193.2110668297636
1778424355,9751,367.6102475149517,194.4540545607837
1778424355,9752,326.6659530275397,233.7892903552513
1778424355,9753,630.9131978935645,127.62848308270522
1778424355,9754,1338.2676104320708,175.88057862200708
1778424355,9755,233.28176798910405,17.504855104061054
1778424355,9756,1088.0976780467274,92.46758782844061
1778424355,9757,632.2404257507195,201.4959297985414
1778424355,9758,1120.7208630248638,244.8507454959641
1778424355,9759,440.72968480505574,187.84159549541926
1778424355,9760,1441.720457393668,138.48977693946628
1778424355,9761,274.2310544617552,254.4914940310063
1778424355,9762,1196.273843598057,185.6510498331167
1778424355,9763,263.8295206305027,231.15828695311566
1778424355,9764,1285.316276241875,138.97627397940906
1778424355,9765,1425.4865349371269,135.90753968274996
1778424355,9766,1155.565047485202,101.18888789281534
1778424355,9767,825.1172257403935,207.6591519742302
1778424355,9768,259.8037473105316,140.4622683704592
1778424355,9769,1532.9708488862855,206.1849099433724
1778424355,9770,178.04121771755837,20.470773621185742
1778424355,9771,816.4369204315395,184.1693283836652
1778424355,9772,1197.8925952351974,170.2919404524256
1778424355,9773,1185.524733202098,172.52243086116584
1778424355,9774,868.4755914272971,214.06605580775502
1778424355,9775,757.5033402968513,244.78542176220017
1778424355,9776,397.43620083580674,74.94247538026198
1778424355,9777,1156.9253545624695,152.63851853053163
1778424355,9778,1076.1250001054916,177.5694884068386
1778424355,9779,1172.1815501516385,200.76053721441176
1778424355,9780,1022.3124517163851,57.8752635534698
1778424355,9781,6258.189037238839,108.7342929383682
1778424355,9782,1459.6791399096635,184.52953608100995
1778424355,9783,429.8610245339073,283.9871613386041
1778424355,9784,592.8120869554486,284.4489319784085
1778424355,9785,625.5183255323869,241.0051645651704
1778424355,9786,847.1505313205644,190.08430711071242
1778424355,9787,545.6695112869235,107.95064012901548
1778424355,9788,794.8797670368937,168.67937473758906
1778424355,9789,546.6831127276394,259.481262472199
1778424355,9790,369.53580476917926,41.98645667156846
1778424355,9791,771.305837496465,99.23253776479376
1778424355,9792,227.3927560214002,27.24373619604466
1778424355,9793,493.0002060965257,272.1278816633621
1778424355,9794,686.405356285315,257.43092752637085
1778424355,9795,384.7616126450328,76.44328977054096
1778424355,9796,696.7289287610167,96.92020830599185
1778424355,9797,487.09721713784677,151.1030522761107
1778424355,9798,162.43612703740388,34.7661759440487
1778424355,9799,1243.627016816547,158.58056158866515
1778424355,9800,484.9198089287335,127.628386643356
1778424355,9801,397.93351557174555,67.8294537134569
1778424355,9802,325.0078736094383,233.4918185685291
1778424355,9803,1910.1195470273342,188.91237466932057
1778424355,9804,715.0482635390371,213.63418615383193
1778424355,9805,411.27606985487427,81.83671103323717
1778424355,9806,526.4924880384071,262.91905612837957
1778424355,9807,207.580961043941,38.55648253997967
1778424355,9808,1109.5232411769202,155.58154212319903
1778424355,9809,781.9135703801767,245.63533108449528
1778424355,9810,1247.5686803928947,170.9181734243664
1778424355,9811,1580.5268457856018,153.10729938875917
1778424355,9812,1227.1889318080005,239.8954345336337
1778424355,9813,1739.3141287527262,134.69322379821284
1778424355,9814,1686.1468215342138,135.67049642290826
1778424355,9815,305.57190276703506,159.1784839679132
1778424355,9816,433.27301124147306,207.30970866047687
1778424355,9817,425.7999500733811,231.44510596065268
1778424355,9818,220.75888958082984,107.47468821866022
1778424355,9819,516.059336969221,250.89370825722463
1778424355,9820,936.0179794246619,286.73195854981054
1778424355,9821,1452.6819925555324,178.19597470516044
1778424355,9822,684.4273076747617,153.1454415027319
1778424355,9823,326.196412113981,259.08906477388825
1778424355,9824,186.62241547544184,112.9159555650024
1778424355,9825,568.6551682682162,250.66678636753684
1778424355,9826,1442.141754672429,154.90804806934662
1778424355,9827,2871.629113640132,71.2754194167374
1778424355,9828,305.53332008620646,137.59555165776692
1778424355,9829,346.18081986452853,92.34967752496185
1778424355,9830,1444.5761979410545,139.28168560612292
1778424355,9831,1279.62090125116,197.35205421678575
1778424355,9832,566.1576291881681,194.07390609325728
1778424355,9833,879.4601528048901,219.93141809007156
1778424355,9834,420.88425148505064,224.85126013828568
1778424355,9835,1262.349992580894,199.0609960119914
1778424355,9836,1024.993082259942,183.73849647865856
1778424355,9837,469.1958238245386,32.29168093598423
1778424355,9838,403.94994748398665,141.0554161566069
1778424355,9839,933.1402053177285,206.18818510425788
1778424355,9840,925.120383258194,136.4904801312873
1778424355,9841,526.2098581612594,151.2828960275971
1778424355,9842,138.7135901247427,64.66786173356782
1778424355,9843,616.8942614250849,218.99733980682163
1778424355,9844,252.11995050710166,155.02461868905817
1778424355,9845,1052.4393560947271,221.00349392556654
1778424355,9846,884.0093514308046,239.96280102406007
1778424355,9847,814.2829676839981,184.93093347114484
1778424355,9848,497.408948766192,296.16396937892154
1778424355,9849,234.28850789896833,23.220352895717653
1778424355,9850,688.6038087201105,228.93619473644154
1778424355,9851,602.7801709933864,197.40097018901758
1778424355,9852,983.7883089921152,172.492026999767
1778424355,9853,1166.4105998935222,178.35314048488428
1778424355,9854,1935.6463101604124,168.4060149268144
1778424355,9855,981.3231923762172,177.41256635348887
1778424355,9856,1333.1378391091387,169.22037829378618
1778424355,9857,163.9675385849308,42.60180847402316
1778424355,9858,444.6145392535951,118.31264729448546
1778424355,9859,850.801672117707,58.94576262922445
1778424355,9860,915.654823169521,148.19320536784124
1778424355,9861,404.542156671575,127.14218902363808
1778424355,9862,1418.1225297498693,65.17641664426475
1778424355,9863,482.63486779611486,126.48840924591516
1778424355,9864,106.66216713921351,102.85470038486653
1778424355,9865,658.9302417839878,241.7954418548463
1778424355,9866,775.3710489698525,47.11190179981617
1778424355,9867,382.49977613468764,35.46399439864568
1778424355,9868,514.2930729321472,270.030799758856
1778424355,9869,882.487003425123,221.19799507028318
1778424355,9870,859.0905771452346,190.9932750044678
1778424355,9871,685.0860119509363,228.74358460621593
1778424355,9872,814.3619945421383,263.2639861883269
1778424355,9873,960.4331890833837,173.5407291907029
1778424355,9874,1054.8490945172325,172.2382242399874
1778424355,9875,656.3243026489289,75.49159308808788
1778424355,9876,480.53616505658374,65.90694291304459
1778424355,9877,512.9588656553816,176.9513009715729
1778424355,9878,347.59738299870634,246.3449753901491
1778424355,9879,907.5797080750252,154.4433327752273
1778424355,9880,172.9884811743979,51.64352335507504
1778424355,9881,1497.9480297769528,66.04781646593423
1778424355,9882,476.11379778643146,222.51351856087012
1778424355,9883,246.93255278936334,140.4847572440629
1778424355,9884,1226.2992607831409,154.71225506464725
1778424355,9885,397.4892127440153,86.74735568822965
1778424355,9886,348.2611203099749,84.45940785666869
1778424355,9887,222.93045569790007,305.9551377700762
1778424355,9888,1186.5219897041452,186.72022599773516
1778424355,9889,995.2544374094904,94.99474821503317
1778424355,9890,618.8301766907177,229.54784537484423
1778424355,9891,441.12685711348894,94.04689175349179
1778424355,9892,460.3553936136454,230.09787058903797
1778424355,9893,1516.0857470404196,171.5447993326317
1778424355,9894,699.7507294944149,206.1194645629849
1778424355,9895,900.2857690105486,111.1384892323021
1778424355,9896,227.29961457180428,96.57472271223295
1778424355,9897,1403.5823531334277,139.06450861453882
1778424355,9898,687.2579842916447,38.5718554215275
1778424355,9899,359.863197735807,55.94444034141474
1778424355,9900,493.14589655049423,55.471394389734876
1778424355,9901,741.4165133133542,232.32731189774995
1778424355,9902,378.4266365240372,244.7741468681601
1778424355,9903,137.13541298805066,168.96388510857076
1778424355,9904,632.6451404824201,170.22964712030654
1778424355,9905,1139.8650852092694,63.433406209609274
1778424355,9906,931.8783204890941,207.4841625169868
1778424355,9907,1076.9141310913908,141.1370170646621
1778424355,9908,307.51058843225,33.81895932909246
1778424355,9909,181.72638869697707,49.478918425151534
1778424355,9910,543.6583133299652,231.39061108833386
1778424355,9911,270.7840111445206,56.1686592795019
1778424355,9912,704.0460410524357,235.18184740783235
1778424355,9913,1234.7259574100983,144.27408202865757
1778424355,9914,312.611325264942,203.388051559773
1778424355,9915,1275.052739694295,191.04693993398837
1778424355,9916,552.9859274925135,204.02392380979433
1778424355,9917,434.7762800671212,26.777082720496654
1778424355,9918,302.93350293895656,293.12838249519086
1778424355,9919,438.8581715222194,144.76361844322577
1778424355,9920,542.3303872303984,272.82437745303656
1778424355,9921,491.51398872478296,149.09857458229533
1778424355,9922,425.10991667585034,32.44217361995702
1778424355,9923,442.03748846611427,250.335665574465
1778424355,9924,45589.73756812901,303.58283032640213
1778424355,9925,1962.488495633206,169.03432014857407
1778424355,9926,569.2862894995601,53.9935933047794
1778424355,9927,952.512724704443,162.53424832521722
1778424355,9928,3067.340620088836,144.51870137525128
1778424355,9929,1126.761662565319,200.72635611270408
1778424355,9930,1027.210065382081,182.29120771799293
1778424355,9931,431.9268785404818,34.14604983951189
1778424355,9932,1024.6976006108182,151.4022138979339
1778424355,9933,139.82965379881716,243.07156853259522
1778424355,9934,272.5602538415168,249.07820318648461
1778424355,9935,346.78918315569405,71.03536760606966
1778424355,9936,607.4545523348046,260.493535364009
1778424355,9937,469.36963068177306,229.91502826125694
1778424355,9938,760.9168860800263,110.98462907295755
1778424355,9939,801.8326683371057,194.04332356459753
1778424355,9940,330.26525136438306,251.68508434232342
1778424355,9941,1412.5243476325322,188.44296243581405
1778424355,9942,228.82928099115094,26.599399976215967
1778424355,9943,676.8072117126469,251.35048186179012
1778424355,9944,575.4178540083878,73.40859315220197
1778424355,9945,526.9280536477056,247.08023604582493
1778424355,9946,155.09903400624836,70.6736356459804
1778424355,9947,533.6248135244027,66.72877864265595
1778424355,9948,335.0717678508255,252.00823062842423
1778424355,9949,488.53377464119905,272.23280046140496
1778424355,9950,494.65241477072635,268.4115499964834
1778424355,9951,1866.5112109099418,77.71341902483788
1778424355,9952,967.5630707672597,108.20443518040403
1778424355,9953,545.3564856259577,242.8766549009029
1778424355,9954,568.270185346995,225.84480046850493
1778424355,9955,639.2539434600055,240.85214229825417
1778424355,9956,794.4478605305476,259.0013698280009
1778424355,9957,95.00344952456982,80.98833094372799
1778424355,9958,421.5075876960034,94.908682619024
1778424355,9959,153.59058602645572,58.162926522996365
1778424355,9960,383.468657517861,96.05327376419719
1778424355,9961,404.701118405155,269.0753950094872
1778424355,9962,475.73947159961625,307.64063538885864
1778424355,9963,326.2962958459826,202.18141755173065
1778424355,9964,1298.2705187441106,214.22904694953783
1778424355,9965,1124.7487585540532,123.67991938623555
1778424355,9966,182.89831325131465,38.03311137876756
1778424355,9967,1360.1829847809247,176.29416843137201
1778424355,9968,447.498268539175,44.51976959680375
1778424355,9969,1773.8704702657901,149.54365465369102
1778424355,9970,961.7227916304613,153.506092381258
1778424355,9971,1252.2003610128763,161.59239331283965
1778424355,9972,399.4473210884375,264.02479295833507
1778424355,9973,454.7475599310987,297.8735767790422
1778424355,9974,828.4173665030526,50.138965373940465
1778424355,9975,1518.0144987063647,176.73357942635255
1778424355,9976,504.7275520628069,246.2532783499306
1778424355,9977,144.14996734463148,46.618288566378375
1778424355,9978,752.0488386793403,213.03625841360642
1778424355,9979,367.499634136621,206.81471436441657
1778424355,9980,189.26988866523584,42.46698698519827
1778424355,9981,104.6689245346139,57.57847265522905
1778424355,9982,619.9017449213329,272.21777754626174
1778424355,9983,772.181309041157,36.59178284745422
1778424355,9984,643.8154548087666,205.69626889514223
1778424355,9985,198.6863038302301,112.50866755766363
1778424355,9986,1132.118761036106,114.16468014604285
1778424355,9987,347.49856063149565,96.5681363133323
1778424355,9988,1965.7392689071316,178.86826046752452
1778424355,9989,773.9813823039344,206.6486752331451
1778424355,9990,1454.71294317721,164.71116771044726
1778424355,9991,1184.0832877443224,144.56648591942397
1778424355,9992,307.59916426361804,225.4369581798075
1778424355,9993,698.0533424537933,286.9830928338178
1778424355,9994,1096.361339901758,46.54312223064669
1778424355,9995,308.9747021907289,188.06037233951653
1778424355,9996,1567.065217621774,69.02760977245636
1778424355,9997,509.1625761616084,217.29473803421513
1778424355,9998,542.2463735163257,196.6345980440606
1778424355,9999,935.6220073087209,155.7436668072067
1778424355,10000,1006.0285332071753,101.15975558516709
1778424355,10001,134.34935938430834,134.2475844285188
1778424355,10002,467.8208570219561,182.06802389892985
1778424355,10003,210.09712497748663,178.75315801465808
1778424355,10004,955.4167491921439,156.7780323240632
1778424355,10005,306.0534999998219,248.16593735084095
1778424355,10006,427.2405223550806,216.32555108005647
1778424355,10007,390.1256252974303,254.65270504290768
1778424355,10008,321.6464370359693,62.701057197371455
1778424355,10009,627.3398555051583,302.4723305775959
1778424355,10010,650.3358323947887,248.17352982122995
1778424355,10011,697.8159192625526,183.99615162520652
1778424355,10012,401.7477477653434,92.00367969274544
1778424355,10013,647.5364459454312,62.279174447281065
1778424355,10014,2215.5616883611747,176.27227409728323
1778424355,10015,990.6838044533854,177.98613880892734
1778424355,10016,113.56657250555762,13.777768018550523
1778424355,10017,423.91261735605167,236.0283373783321
1778424355,10018,426.36473024283936,40.318571775802894
1778424355,10019,209.62385190748608,172.59478968636793
1778424355,10020,1436.185827614758,59.673800119681715
1778424355,10021,899.0202541126106,170.23125877639845
1778424355,10022,696.6933736934219,268.299705468084
1778424355,10023,354.1725609963081,80.4733888555411
1778424355,10024,196.563275544609,109.73372122217403
1778424355,10025,224.40744053412385,31.803823472418653
1778424355,10026,288.4280356856986,283.9109878902934
1778424355,10027,382.75596441397863,72.31482240813942
1778424355,10028,2850.6015681708263,162.02885727750748
1778424355,10029,1567.829677989291,161.158812854779
1778424355,10030,570.9323206924615,39.164830363498844
1778424355,10031,802.922583482266,287.0829618822707
1778424355,10032,215.53850364808426,85.32960946592677
1778424355,10033,178.3190316446028,26.732448003787365
1778424355,10034,1643.7756195841446,147.52822512476655
1778424355,10035,1371.9591048965792,130.6890859316778
1778424355,10036,520.8139503662253,57.03436863235889
1778424355,10037,530.9051451727743,261.9393820957491
1778424355,10038,167.0519561501283,65.14243540171485
1778424355,10039,243.63508424457638,22.21854369853022
1778424355,10040,153.5199845150817,340.6684195631598
1778424355,10041,289.34735839291017,70.47537933041619
1778424355,10042,77.25860624811465,35.23713755054434
1778424355,10043,409.07488980207455,99.97329283040705
1778424355,10044,194.86754390190077,42.92048759121069
1778424355,10045,944.8447399357431,96.84280320336482
1778424355,10046,958.5809158896469,176.02140046183422
1778424355,10047,119.1974868312113,103.33847401773399
1778424355,10048,636.3690700579438,200.20268837516048
1778424355,10049,1910.3327564434228,43.119277279818135
1778424355,10050,2352.667896087113,163.5855885008907
1778424355,10051,457.4915132765119,25.17683939181644
1778424355,10052,197.83852888680264,55.41424322156563
1778424355,10053,495.0816089597523,85.1257567609512
1778424355,10054,913.0661201491428,39.510828220377746
1778424355,10055,829.6461314687025,138.81270998604617
1778424355,10056,701.2198186392261,190.57098707894437
1778424355,10057,487.74276008133995,201.02860544883546
1778424355,10058,2110.0170939979494,116.28786526346893
1778424355,10059,163.01053326929326,99.26693277514913
1778424355,10060,340.9990764896568,242.97738584943914
1778424355,10061,1762.6353157888843,156.28364274608333
1778424355,10062,986.5792343744532,139.2109798924946
1778424355,10063,622.9054805534687,204.4004161471194
1778424355,10064,1651.7443594984504,119.26694593980093
1778424355,10065,384.2916727531806,159.93604736973333
1778424355,10066,182.86784098288015,24.056775980381275
1778424355,10067,865.7420756715435,72.71068922746213
1778424355,10068,833.5568703647426,257.79452436897475
1778424355,10069,401.92954856506014,138.6701094592632
1778424355,10070,101.19699105736119,43.024500602386524
1778424355,10071,387.763715455728,119.9611857036817
1778424355,10072,615.9790579000032,225.6264470322417
1778424355,10073,202.22327433362696,135.48129479473147
1778424355,10074,425.5996558545828,68.70562775332826
1778424355,10075,1823.1750574142743,193.1450835593896
1778424355,10076,860.8632990236288,198.37748922941134
1778424355,10077,1093.3963466428293,184.7930814275767
1778424355,10078,1379.237750085881,157.50584850575405
1778424355,10079,540.0146430569553,231.789490294209
1778424355,10080,210.19173153707447,46.13358188447464
1778424355,10081,980.0631887955027,154.11043630287125
1778424355,10082,282.7663011568462,15.422869217722075
1778424355,10083,184.41297775349798,26.04961566052519
1778424355,10084,1532.948055064923,104.80923514610024
1778424355,10085,314.39905741302783,133.13145455107454
1778424355,10086,260.24211578610164,143.6846333293098
1778424355,10087,1086.2931558996397,81.56823975093059
1778424355,10088,313.9067670726029,100.25448727842591
1778424355,10089,248.4375860271981,51.48866264454314
1778424355,10090,1293.680838007273,175.24702113517995
1778424355,10091,880.0694654359329,38.89334311780531
1778424355,10092,642.6023095659444,46.540369734176785
1778424355,10093,1036.8125903669,165.43297779111333
1778424355,10094,973.2524748169888,30.466002172820637
1778424355,10095,347.0286553456416,127.26037544506639
1778424355,10096,485.2620976137462,43.53431612423904
1778424355,10097,463.85203491817356,217.3787831108385
1778424355,10098,834.9196532315867,231.2059184863048
1778424355,10099,320.80989431080945,29.707489104324928
1778424355,10100,544.3937042489781,75.16736270119799
1778424355,10101,1073.0154206371924,81.76583193850006
1778424355,10102,573.5491728976231,145.11930566013922
1778424355,10103,435.4017790995322,94.93192420402734
1778424355,10104,1088.6259467122502,184.56180424016503
1778424355,10105,2036.8133768222665,199.57430528624397
1778424355,10106,695.4973848773361,234.19572380343544
1778424355,10107,442.680089547976,202.64120751527855
1778424355,10108,236.19678743816573,164.7948799342447
1778424355,10109,937.5404698058168,60.21822773526228
1778424355,10110,358.3535295935762,19.4110480386169
1778424355,10111,1338.8214453263404,82.9707159889302
1778424355,10112,1014.147560207027,102.43291621086216
1778424355,10113,386.1382925177454,89.1911520988429
1778424355,10114,866.188125536192,82.02055069648836
1778424355,10115,703.1963180641736,58.426160645276816
1778424355,10116,611.5836518055202,223.19906014507166
1778424355,10117,485.2837716975059,19.40244363446322
1778424355,10118,962.7788016675069,192.47557878915686
1778424355,10119,346.1556390544579,129.64099394615468
1778424355,10120,151.99873333823322,82.1558542661401
1778424355,10121,267.10202991594304,28.4887372816204
1778424355,10122,537.800376480717,249.05062401097612
1778424355,10123,1346.14848791279,170.66029070262655
1778424355,10124,360.6204474180184,41.55761645574394
1778424355,10125,743.094895628687,34.551304565843814
1778424355,10126,713.8688346500192,187.268862287487
1778424355,10127,127.05442397966894,105.54208638165136
1778424355,10128,725.8919044792638,176.9632982062853
1778424355,10129,613.4643690951269,179.45806468302504
1778424355,10130,1335.9981942204893,186.5190874557476
1778424355,10131,1108.165539121096,110.27233495799403
1778424355,10132,2184.9332233543682,142.56258027790304
1778424355,10133,1008.6500795663966,158.36727067352317
1778424355,10134,1926.2832445182764,156.1616860244655
1778424355,10135,135.88910889027628,180.04925152846187
1778424355,10136,113.96869621181013,35.309361496985154
1778424355,10137,448.8024977257218,198.78572388994056
1778424355,10138,892.6160049635321,242.33046242733062
1778424355,10139,133.52197050696907,58.173859941516454
1778424355,10140,841.3202728449769,181.20486808845405
1778424355,10141,487.068505649537,49.306112276177444
1778424355,10142,425.0936878276476,211.11847810913557
1778424355,10143,177.03325033138213,122.13649370005868
1778424355,10144,392.50670360008314,244.7933274655538
1778424355,10145,99.63058659461275,15.22748532052653
1778424355,10146,240.47269736916576,241.06243791842377
1778424355,10147,634.0518122841253,163.27707176782667
1778424355,10148,762.5034870574249,110.82726502828996
1778424355,10149,926.6531272368395,235.53414667688736
1778424355,10150,885.2067072932394,41.953013037994175
1778424355,10151,375.104197929101,123.6103051931816
1778424355,10152,472.04580523412477,33.40195951229163
1778424355,10153,326.785901666188,59.338022349549654
1778424355,10154,366.97283406715377,50.076537141713736
1778424355,10155,653.0767962027948,250.40771422945173
1778424355,10156,616.3292620348512,200.10194759040587
1778424355,10157,2793.2077060066654,157.482906254198
1778424355,10158,1367.037218541577,167.9969389277498
1778424355,10159,371.8992921985794,107.93142056900736
1778424355,10160,189.61241463421138,192.547463528461
1778424355,10161,865.1758997550437,267.65004201550715
1778424355,10162,362.2015231441809,49.865271253495195
1778424355,10163,862.8084700028271,105.57591661777687
1778424355,10164,579.7335458193207,27.100249265616483
1778424355,10165,418.47363398340104,38.694948896307146
1778424355,10166,531.5734331986428,35.47187858535439
1778424355,10167,241.75619340952463,67.74134658851877
1778424355,10168,792.7074474045576,56.842028318004935
1778424355,10169,929.5103145397244,178.24544558224378
1778424355,10170,1130.465278562318,153.94751831884733
1778424355,10171,204.372612252418,182.90388740942066
1778424355,10172,695.6219644629776,216.52896759185523
1778424355,10173,314.00868720875354,81.24467136397394
1778424355,10174,1099.8161429366146,159.0500057320251
1778424355,10175,929.4264141934693,153.37624197781653
1778424355,10176,350.21658471630633,35.35025467546679
1778424355,10177,296.47022607188273,128.88856445482293
1778424355,10178,763.0223423415952,215.68328440382254
1778424355,10179,788.969588853346,248.69791874672416
1778424355,10180,158.770092259691,78.16195810653896
1778424355,10181,115.03039405051437,100.46999249342227
1778424355,10182,1047.5083849586015,108.04820596856402
1778424355,10183,428.60386635801893,210.4147919033461
1778424355,10184,251.04371607013664,109.84380343670733
1778424355,10185,194.81056315693448,132.03014644205516
1778424355,10186,1089.807157615957,204.62488784869646
1778424355,10187,1407.5675061281484,164.27214441525794
1778424355,10188,1217.1911018056767,143.49056293830805
1778424355,10189,504.7901394297309,153.88817401490434
1778424355,10190,244.66855475271018,177.0813892824182
1778424355,10191,581.6822200798002,242.79800468744904
1778424355,10192,306.5294441208548,35.60195343758841
1778424355,10193,322.814802906399,135.28522244384888
1778424355,10194,342.58813754951495,109.83928112409484
1778424355,10195,429.56840949960326,266.68258078518704
1778424355,10196,1394.1215316000764,90.37322073428706
1778424355,10197,358.1857646909893,135.29948626166933
1778424355,10198,2599.9548817977875,148.2077291904104
1778424355,10199,413.4595204493591,276.58725846606046
1778424355,10200,688.8241622470841,145.75646211329607
1778424355,10201,54.80991883815993,17.499686295652328
1778424355,10202,489.00427930341107,228.52801562324964
1778424355,10203,245.36714565283052,48.19087060066825
1778424355,10204,661.5183500508157,194.73666742011346
1778424355,10205,2903.119878792093,52.67263488898095
1778424355,10206,575.8844573544369,291.56321650248
1778424355,10207,1237.3072794960744,160.1804136839142
1778424355,10208,315.28143064510186,223.8034736206951
1778424355,10209,1011.792149942718,172.9105828796543
1778424355,10210,703.8529368793204,89.69945637518059
1778424355,10211,1550.8029734894371,147.73681338973358
1778424355,10212,369.35868385845913,259.29114201974653
1778424355,10213,793.4544158523623,198.6309181877796
1778424355,10214,1114.3548685336145,94.487715006661
1778424355,10215,527.97817892005,69.63630274124978
1778424355,10216,975.5373362355596,186.0168211245574
1778424355,10217,624.1004766511703,129.71887429017147
1778424355,10218,1604.7874465110883,81.14526134451233
1778424355,10219,373.840839880979,167.94974698318913
1778424355,10220,121.93023869730013,33.818804886855936
1778424355,10221,2351.5065733393985,60.148728299012845
1778424355,10222,192.61278284900177,152.5427674080797
1778424355,10223,483.4162425015196,234.88308543979596
1778424355,10224,73.98289325959949,19.23716308065233
1778424355,10225,550.2626008962812,218.54849223500705
1778424355,10226,392.2894412090725,225.18522925777435
1778424355,10227,1371.1378391989522,160.45382305914725
1778424355,10228,1331.7891832463536,116.07546782264747
1778424355,10229,415.8765080513779,156.4627482807476
1778424355,10230,383.5541410667028,89.96961873491935
1778424355,10231,636.1775843648113,217.23242295070037
1778424355,10232,421.1514862249239,187.74457375750518
1778424355,10233,631.6837795130784,238.65394146172488
1778424355,10234,561.6565895399309,34.7839350002233
1778424355,10235,1835.232686609809,167.82313994355943
1778424355,10236,2508.2438637267956,150.59722412766013
1778424355,10237,452.9520532808792,202.4682787933569
1778424355,10238,197.18989348236477,49.712873547778415
1778424355,10239,740.3950135677047,222.28863591443212
1778424355,10240,881.7092937664163,41.65545545294598
1778424355,10241,1153.3502398290507,166.0272221651247
1778424355,10242,1887.1648238828745,161.53637522315537
1778424355,10243,959.1941157836787,180.41361774701485
1778424355,10244,567.1377533542637,211.81575074907857
1778424355,10245,465.1062544015308,195.92854599489922
1778424355,10246,302.8888437691388,227.3524345734649
1778424355,10247,2808.609016150461,64.7552145004881
1778424355,10248,1033.995675300441,57.56339319040824
1778424355,10249,287.3687552019911,34.97259262205746
1778424355,10250,1225.2053151527812,44.83590252244425
1778424355,10251,311.26042805387266,44.862584144827906
1778424355,10252,529.7657472909046,119.3774841507984
1778424355,10253,186.0460907922556,71.27719772146615
1778424355,10254,234.81564871815377,91.51203932170128
1778424355,10255,1279.0860800899482,112.3207504770193
1778424355,10256,1968.8709676494723,196.98682934143181
1778424355,10257,863.5135420126089,176.7939696813056
1778424355,10258,271.7835697992071,168.7076434660111
1778424355,10259,485.9553366784005,189.82789057640366
1778424355,10260,992.6469220103395,182.5901655103763
1778424355,10261,1187.6245395336257,171.79933456516002
1778424355,10262,798.8765223504713,188.89729582463656
1778424355,10263,228.23527185430115,33.87515668338977
1778424355,10264,1164.0565919050866,147.41003848802762
1778424355,10265,727.2635914354726,229.5388871666029
1778424355,10266,352.1006620955729,21.335159511322964
1778424355,10267,1361.9968157333974,140.00150943913562
1778424355,10268,189.27051118736426,133.1026781425003
1778424355,10269,450.98061993616056,184.3629430172815
1778424355,10270,459.9293751684132,141.13929241296435
1778424355,10271,682.3293504767119,233.56390098853723
1778424355,10272,570.419163217384,206.6929922160324
1778424355,10273,1426.7208213802055,148.99218217403686
1778424355,10274,1271.5923189878586,195.87989512350876
1778424355,10275,144.39975777896197,163.54627294929296
1778424355,10276,1047.367418525017,137.9485497311825
1778424355,10277,540.2335448960138,34.70515906612067
1778424355,10278,534.7451540374368,38.608871784138124
1778424355,10279,116.85269077409994,69.58333576735197
1778424355,10280,166.43975423455234,37.817888256544336
1778424355,10281,2152.2032969026036,75.332335114275
1778424355,10282,254.75652294353733,97.156719833983
1778424355,10283,487.1192495873142,104.18815897196843
1778424355,10284,441.92270037954484,31.393281821302672
1778424355,10285,442.6290426532627,171.40233907771542
1778424355,10286,888.5632271462978,191.30270176664737
1778424355,10287,591.0606260880426,42.719330402490755
1778424355,10288,312.8931913939307,108.49657690307271
1778424355,10289,555.6942071073463,227.29861591703812
1778424355,10290,654.6483230701311,27.561571228065723
1778424355,10291,378.64758664164754,167.9512588094505
1778424355,10292,1395.3743391707974,61.605768910409665
1778424355,10293,452.71452060411883,257.1781449891622
1778424355,10294,353.37979569966274,93.09473872718073
1778424355,10295,1249.8603549080867,220.2194077128901
1778424355,10296,2887.968170332816,145.7806002517907
1778424355,10297,553.6438863848784,100.70591767906735
1778424355,10298,1075.669759701169,212.09882877352578
1778424355,10299,1429.3766250279346,150.95515203477225
1778424355,10300,380.31117198887114,35.81633296780912
1778424355,10301,939.4164634222911,200.1720969123536
1778424355,10302,477.82421677793786,123.19261021590731
1778424355,10303,866.0725192140304,274.7000169389294
1778424355,10304,631.9509583662725,81.16316615493639
1778424355,10305,576.0431560561317,52.00974940382557
1778424355,10306,605.9620551538222,81.438217458671
1778424355,10307,974.9838293430465,174.55790454404033
1778424355,10308,320.24162620219,101.50893571801389
1778424355,10309,715.933269674285,196.25981481332954
1778424355,10310,169.48403676201616,31.83935767363384
1778424355,10311,591.3106529739664,234.70240254444695
1778424355,10312,180.6965424669785,62.72076601661159
1778424355,10313,755.9604144677181,25.885862129146666
1778424355,10314,267.1276795708719,98.82760631313239
1778424355,10315,281.15253269556337,81.2948178706752
1778424355,10316,506.30282350273757,257.14945504762613
1778424355,10317,1080.7393732795347,176.32703057916046
1778424355,10318,510.8935617662019,295.93345255987026
1778424355,10319,564.9581486854505,157.21936703953796
1778424355,10320,578.3223364187626,44.60988346962971
1778424355,10321,396.9426632088818,271.4467587217583
1778424355,10322,879.4625152291367,48.3787263966304
1778424355,10323,309.637941961493,116.79976482461439
1778424355,10324,252.12179062652652,44.53304416600356
1778424355,10325,1337.3992730092286,153.35113481960087
1778424355,10326,1636.3130674103738,93.98741047117508
1778424355,10327,607.0684972830725,166.973453349382
1778424355,10328,509.24893999923637,51.35201375424308
1778424355,10329,352.8972398005904,96.27616466253026
1778424355,10330,528.6171266725539,138.46583122200258
1778424355,10331,779.9571289597503,210.07766376069384
1778424355,10332,217.15555886389672,140.62227252557125
1778424355,10333,1599.5838477748125,152.63763727033324
1778424355,10334,154.42594943649055,53.29951099609564
1778424355,10335,279.1112755518446,101.64918168154014
1778424355,10336,345.40983813569324,120.81668243351204
1778424355,10337,576.4151017056205,87.02909551260349
1778424355,10338,1148.2306814528888,176.43301006341423
1778424355,10339,94.05746414555553,64.22488175476103
1778424355,10340,676.9810145097163,244.96886584684677
1778424355,10341,700.5358707085842,198.54979402644017
1778424355,10342,498.0423230810178,237.538498804307
1778424355,10343,324.8597649967871,73.73544499813593
1778424355,10344,890.0108425885046,194.949551314478
1778424355,10345,399.0827436858395,225.54377410774268
1778424355,10346,829.983943345766,70.66113333883288
1778424355,10347,746.5850068377168,247.70862849586908
1778424355,10348,565.349962571018,36.01333426776607
1778424355,10349,1919.9110825504051,130.34704096525053
1778424355,10350,281.3170946262902,104.3507098093147
1778424355,10351,1144.8255500257947,46.4240276721771
1778424355,10352,858.4295151274654,213.8159401058945
1778424355,10353,412.6067148215504,177.7079258109508
1778424355,10354,312.47401556976,34.53022600904843
1778424355,10355,379.88411867024786,70.04181041761694
1778424355,10356,320.9229085260774,148.9560667448221
1778424355,10357,923.8694463416178,52.04815892366167
1778424355,10358,450.1125213791957,245.00062691843806
1778424355,10359,1803.1383743205117,162.60825061337664
1778424355,10360,356.2069893474369,62.13377997803339
1778424355,10361,2621.1785447724096,127.07617658196965
1778424355,10362,1294.6419537794989,181.3009982059175
1778424355,10363,165.7979019583893,114.7323451038927
1778424355,10364,346.54771280733354,37.641851809234886
1778424355,10365,409.18739071337046,53.08923838931046
1778424355,10366,855.9695254316632,194.7701387825093
1778424355,10367,400.5120305221263,166.33676967711432
1778424355,10368,475.60785207211416,254.22286098148567
1778424355,10369,302.1237758846725,116.23962981164836
1778424355,10370,1516.6513479623138,142.12914118633853
1778424355,10371,653.1713217999159,190.86980785047436
1778424355,10372,641.6226687994165,196.7174915220028
1778424355,10373,773.8612311069619,193.687427698625
1778424355,10374,144.74880965438587,187.50640286078539
1778424355,10375,529.9803897429498,157.34454135184467
1778424355,10376,2392.425219569067,154.8608243803183
1778424355,10377,329.4887002268645,36.44672183989977
1778424355,10378,461.16977590926643,239.43530866595106
1778424355,10379,938.2354861270605,182.6407172196541
1778424355,10380,371.47889272327035,60.08794969732062
1778424355,10381,306.52181810864664,80.63727067412442
1778424355,10382,826.3512841901771,112.53214122728853
1778424355,10383,158.6909371729637,22.127723494913727
1778424355,10384,211.7488575819528,150.05839974728883
1778424355,10385,1160.2948540278624,168.98848082701184
1778424355,10386,269.4907455124765,77.73383785365402
1778424355,10387,405.3013672392837,109.56507375426101
1778424355,10388,521.5153014525389,220.85071238938465
1778424355,10389,158.6062895183027,112.44383482987632
1778424355,10390,1475.3176151312225,183.83718615992353
1778424355,10391,1259.7777277807452,63.52679393911983
1778424355,10392,399.9062255307414,243.7837115564663
1778424355,10393,1520.3162307322161,144.53705909513485
1778424355,10394,438.91709258506717,198.6166178019612
1778424355,10395,657.5785517448872,216.87793892190706
1778424355,10396,335.64597443382786,96.18492866300306
1778424355,10397,1780.5782262868518,173.33105252529052
1778424355,10398,535.2223374739406,72.52404930821875
1778424355,10399,1212.1970478332655,134.5268261867582
1778424355,10400,2027.4942836412206,130.591243055859
1778424355,10401,660.4497577944481,145.94405776566018
1778424355,10402,1156.9180478757473,175.66361807121848
1778424355,10403,1054.571857443817,188.72047892105837
1778424355,10404,1327.8317314534586,217.40524226780826
1778424355,10405,345.61850301055193,43.245623344600794
1778424355,10406,353.526927576841,218.87269796000822
1778424355,10407,2411.636031661783,149.30092742025866
1778424355,10408,785.9529613059826,160.37912563009715
1778424355,10409,490.5280958128324,240.52041744774644
1778424355,10410,253.0183022707394,138.07659573561824
1778424355,10411,1015.3607181268765,120.34076165919673
1778424355,10412,644.17276629504,249.12709321877102
1778424355,10413,197.60086597316376,62.01607533458438
1778424355,10414,762.9918644838905,205.1977201198773
1778424355,10415,296.13236930472846,232.68410665522225
1778424355,10416,979.4348063259855,138.8108346803174
1778424355,10417,504.808880810884,79.32963500474695
1778424355,10418,657.2999205706925,185.73557648752052
1778424355,10419,446.5267010612624,275.6389656940816
1778424355,10420,691.8199087755156,53.54814821995788
1778424355,10421,1420.7806613590776,68.69167718678507
1778424355,10422,783.972637788885,120.3006996090961
1778424355,10423,1218.8663053713426,214.04990125352103
1778424355,10424,462.5476220650295,209.3985226339789
1778424355,10425,486.3208620660576,283.14830770122603
1778424355,10426,768.0786490969516,58.66181691010938
1778424355,10427,449.5055911066035,53.40123825348721
1778424355,10428,1432.710728752785,191.59870329434207
1778424355,10429,667.55966077718,127.63427401044947
1778424355,10430,668.644855639046,238.7816027296382
1778424355,10431,689.6140239669049,204.5851906445984
1778424355,10432,286.94724462470555,194.6499284393103
1778424355,10433,1077.9763044875326,148.47227672213378
1778424355,10434,815.6880428426585,109.84324512117409
1778424355,10435,2594.056680176097,171.43299622871766
1778424355,10436,1325.106825189113,181.90459198105117
1778424355,10437,264.04483869916515,31.126042712304812
1778424355,10438,1414.8628035121876,203.36665632715773
1778424355,10439,1344.3275008476564,184.11455922387248
1778424355,10440,935.2544339366624,105.60850732887106
1778424355,10441,2490.738087961819,137.12313347589642
1778424355,10442,1335.2967303104354,159.05790815280943
1778424355,10443,1208.758111266316,45.94957465430917
1778424355,10444,2230.958022955589,142.18999193561302
1778424355,10445,622.3139262004742,203.3630131936133
1778424355,10446,476.91851886855574,85.04771447423245
1778424355,10447,756.7635475565454,93.98329046989781
1778424355,10448,137.19215341160432,41.70219011432607
1778424355,10449,844.3311035221744,76.39535352239915
1778424355,10450,262.3234679791344,246.79681794108515
1778424355,10451,360.99025717983716,47.22254071693337
1778424355,10452,901.6449074838938,154.74418791287215
1778424355,10453,1261.2918822189547,85.30405385775693
1778424355,10454,722.6581365799411,288.0808238842696
1778424355,10455,560.9342360575555,243.62189202289025
1778424355,10456,1039.0059568945887,161.43524178635752
1778424355,10457,815.184952058645,189.4052223692208
1778424355,10458,600.7228463108041,101.92444059535559
1778424355,10459,1015.8263782720188,213.29259479915885
1778424355,10460,325.61002607832484,156.41384928894172
1778424355,10461,1044.564050713732,66.38379001077361
1778424355,10462,350.5999246699312,252.87257227905522
1778424355,10463,1375.998721902423,213.33602021796762
1778424355,10464,873.2118807757593,216.35642607542133
1778424355,10465,1165.9240465173286,162.1047750610433
1778424355,10466,292.45648177943,126.38631418844253
1778424355,10467,446.95286367318664,52.63821080613059
1778424355,10468,300.52004166313895,295.35842151431746
1778424355,10469,334.02791616830615,34.791133501112185
1778424355,10470,521.644210689181,58.15766921034108
1778424355,10471,651.7248534650075,227.51926102466075
1778424355,10472,1099.5127099214442,108.18157116734993
1778424355,10473,434.32538175050996,105.58894235947665
1778424355,10474,318.58206094267524,52.739623457826546
1778424355,10475,759.8125872945142,141.30819510841113
1778424355,10476,1388.2831935004863,173.75321993807935
1778424355,10477,964.192669187275,175.2952328146913
1778424355,10478,667.4219493900127,171.8462225935942
1778424355,10479,602.7033962080442,37.02937254555484
1778424355,10480,389.10437907101067,161.13205823080818
1778424355,10481,1703.2336406160327,162.381849631669
1778424355,10482,353.15621597266454,253.54156646390055
1778424355,10483,243.36965467613234,199.68847090556523
1778424355,10484,389.46075450609493,247.05948982047045
1778424355,10485,126.80237524026154,18.015604341925158
1778424355,10486,1252.0604213345134,180.7933058197942
1778424355,10487,798.8020375869567,106.15200252046745
1778424355,10488,791.393309526467,187.49245365300476
1778424355,10489,181.42387779097356,17.424361631392753
1778424355,10490,53.74232443606375,26.353226277176923
1778424355,10491,346.67430622803874,70.32512535172573
1778424355,10492,532.1087157581285,275.2744769213725
1778424355,10493,257.695637075452,244.81402019394577
1778424355,10494,453.75964264578676,195.51536880013543
1778424355,10495,731.2262030796061,249.6896671335574
1778424355,10496,734.5372958062193,86.89438248888955
1778424355,10497,562.0063339874125,233.2111173391488
1778424355,10498,1238.7249776847013,171.12526679181434
1778424355,10499,980.8698864939561,75.91518730445999
1778424355,10500,348.3580354052483,63.71830728382456
1778424355,10501,421.0442849306491,209.7243225084577
1778424355,10502,261.5991221064734,33.55390606163331
1778424355,10503,1175.1851802672404,80.52544482410919
1778424355,10504,591.6685026640329,272.9739465354632
1778424355,10505,608.6859255801356,137.2711027368136
1778424355,10506,2153.5816604177926,191.12193463443043
1778424355,10507,280.7185501739034,271.4250385183452
1778424355,10508,643.1470723791188,81.64528194699616
1778424355,10509,1591.6445109339572,156.8974160658319
1778424355,10510,532.8020671570634,214.17670283210862
1778424355,10511,652.8185133864844,26.57458355658771
1778424355,10512,1141.0992939989553,141.2007925560808
1778424355,10513,1026.0017958855224,187.50742116632372
1778424355,10514,182.51694843890323,36.87867014602073
1778424355,10515,569.8714731269313,239.8796792883147
1778424355,10516,273.24017141513826,192.1842287906631
1778424355,10517,534.2274864755561,46.67982466643258
1778424355,10518,116.2424155132595,37.13595184237353
1778424355,10519,600.7497208607058,293.50493195600615
1778424355,10520,756.3139454608623,251.45469623678846
1778424355,10521,826.061048785794,117.62253064084206
1778424355,10522,715.8379621605031,293.54708560957295
1778424355,10523,296.59669033637647,67.73148064768878
1778424355,10524,1064.586986978005,200.68290809319308
1778424355,10525,70.57392950790653,20.166054942199167
1778424355,10526,1128.0042389449434,232.0067205795773
1778424355,10527,748.4605258244646,170.87545065453364
1778424355,10528,209.52026057067644,80.98572707765783
1778424355,10529,1238.6510125596417,69.82416012127769
1778424355,10530,771.1191092280676,91.55776008858241
1778424355,10531,466.4918679246959,78.79983825093163
1778424355,10532,451.521424432397,258.726500477233
1778424355,10533,365.346705666213,56.145696571820544
1778424355,10534,362.5037499098556,51.05472795717209
1778424355,10535,151.1828191671707,58.9920080103802
1778424355,10536,1858.4787288583632,153.05526174839488
1778424355,10537,311.0393141238719,55.89494258096606
1778424355,10538,1666.3162379298458,179.85214514689213
1778424355,10539,5065.025502387476,96.76556309480846
1778424355,10540,858.2651578125226,166.9914378041059
1778424355,10541,518.3915890848492,24.883883936417217
1778424355,10542,358.20209375827903,71.57427012660878
1778424355,10543,194.19703448586003,64.36515690969429
1778424355,10544,1346.721673420115,177.3412347242624
1778424355,10545,369.1451478143955,124.87488726918033
1778424355,10546,659.939140903037,250.5370910022264
1778424355,10547,2190.2839474791003,151.00799619480986
1778424355,10548,1351.5965587845744,39.45589741914777
1778424355,10549,622.108973611034,290.58461483306934
1778424355,10550,368.6812919561386,123.44542417030476
1778424355,10551,291.18578276469117,181.71806179699718
1778424355,10552,518.5929269490271,202.502315387911
1778424355,10553,530.4531541272327,198.1866200966123
1778424355,10554,558.7626133747519,229.55365028750234
1778424355,10555,1132.4614780601719,187.70752583301683
1778424355,10556,336.85208416633037,265.34463814831895
1778424355,10557,4438.082240557581,118.7019774260743
1778424355,10558,452.7186385390112,123.65361794352981
1778424355,10559,261.0676151825965,47.53743934445514
1778424355,10560,207.55167722469318,29.309528015275312
1778424355,10561,1970.6429237132302,51.50177691309068
1778424355,10562,371.9816496387702,141.94489307880414
1778424355,10563,174.64346603037808,119.70041810737972
1778424355,10564,2173.467436673508,144.70544918227242
1778424355,10565,355.2160910124723,103.9614098712708
1778424355,10566,1023.0798984383403,225.07969079360544
1778424355,10567,494.80920388775104,238.83354198375983
1778424355,10568,1021.4212738878032,191.06961627615405
1778424355,10569,1435.768197872068,199.58286944553063
1778424355,10570,835.9466372312223,192.8139046373862
1778424355,10571,440.87016365971954,246.7247659905385
1778424355,10572,1401.340418310978,150.54780982641935
1778424355,10573,663.4470753363989,240.91941073780217
1778424355,10574,868.5880212750095,291.61423119141693
1778424355,10575,559.6588865325594,57.35987449203644
1778424355,10576,146.70144219919874,49.22408436133278
1778424355,10577,1157.0091642600821,254.45633948631757
1778424355,10578,244.93788710646734,96.43744447321242
1778424355,10579,2109.1783935950302,162.1071830311658
1778424355,10580,281.1176221603779,82.00969006652312
1778424355,10581,1574.6703862321567,36.13082362155732
1778424355,10582,145.78717686259048,102.82704854686247
1778424355,10583,240.39190822298175,57.18265032581253
1778424355,10584,320.9468173611862,238.30512910153027
1778424355,10585,413.8592964348481,36.906136515415646
1778424355,10586,176.66209226646097,40.648036970796014
1778424355,10587,1202.8500380415605,204.84881305093379
1778424355,10588,1243.7805805671417,151.3856916604118
1778424355,10589,215.19486688899696,42.01999126255974
1778424355,10590,3466.2110153945723,147.6393800000281
1778424355,10591,845.973310830504,208.897409475775
1778424355,10592,559.0002592846887,42.86763518684111
1778424355,10593,1172.6250876600845,160.0286884847335
1778424355,10594,935.2652239812763,192.54461385818308
1778424355,10595,345.16934709437646,17.57313468119988
1778424355,10596,489.2188982251349,205.68195006774332
1778424355,10597,1573.3228997286851,79.12321906881452
1778424355,10598,679.28081262294,223.20878142865678
1778424355,10599,132.7972394442546,15.663568544551822
1778424355,10600,671.5468333894258,208.03374697859655
1778424355,10601,286.8731124688183,53.07252259413387
1778424355,10602,690.678823573192,232.32071684970785
1778424355,10603,518.0670296133953,83.27700652895442
1778424355,10604,539.4116814418488,99.45244862284702
1778424355,10605,356.4163901794868,156.06486463291057
1778424355,10606,789.1174450439871,162.93416367571666
1778424355,10607,410.78553108886564,36.5699825087414
1778424355,10608,1370.0544666894084,138.51329413099396
1778424355,10609,781.6354194642032,165.3628641733348
1778424355,10610,418.56419547225664,69.74897253316455
1778424355,10611,1462.9312077984432,170.67374097446248
1778424355,10612,199.93446674702528,65.24708716470184
1778424355,10613,437.66571619052405,200.60441864996102
1778424355,10614,1141.6233981516261,196.3877943112858
1778424355,10615,1363.18638585386,56.368614625548304
1778424355,10616,1209.9584624658478,68.49948183660982
1778424355,10617,730.3417494427252,49.46989744029584
1778424355,10618,824.154157677234,137.47766265419065
1778424355,10619,960.5789699031934,186.146300011999
1778424355,10620,735.1028696148444,202.13727433086171
1778424355,10621,1691.0120156819805,101.80722595692271
1778424355,10622,1418.0744551839286,46.12004188865155
1778424355,10623,1835.1017613870974,172.7727826002474
1778424355,10624,1282.770517896855,91.73791361641092
1778424355,10625,512.3838043481112,162.68018357306886
1778424355,10626,498.12100292110904,276.3189687922798
1778424355,10627,1442.700391470302,178.41244152324632
1778424355,10628,659.0942350744493,229.36034802208127
1778424355,10629,146.403075096418,13.81352106528522
1778424355,10630,328.9811287770005,56.80772359748478
1778424355,10631,1970.6270342676466,183.07022878112016
1778424355,10632,1468.0184316506286,120.73083595190704
1778424355,10633,791.050445864176,109.75293880889623
1778424355,10634,277.0093885708222,35.48494219339298
1778424355,10635,158.31325347302825,60.497478454600916
1778424355,10636,307.1889657833789,278.53193205997286
1778424355,10637,2332.7877737810472,157.09839330371764
1778424355,10638,768.3429170304582,187.31440935045572
1778424355,10639,573.0525275201743,182.85307019826425
1778424355,10640,332.1667183426075,101.0965386353354
1778424355,10641,1218.6415423561634,65.94755313032087
1778424355,10642,1282.4746967495673,184.40581845241195
1778424355,10643,227.57861037638193,122.17459739416914
1778424355,10644,594.7618130346368,36.131432203822364
1778424355,10645,1090.0470867267138,132.76262565973474
1778424355,10646,1187.9032213539867,137.39371360253642
1778424355,10647,1919.1201435349258,170.19343960260895
1778424355,10648,1302.591171930649,166.91460578567754
1778424355,10649,192.46671642295306,82.50084653013133
1778424355,10650,797.4125165829987,217.52641196559404
1778424355,10651,216.3703002334605,132.42317829142556
1778424355,10652,169.60132024386516,121.44453072239428
1778424355,10653,211.1355695403351,80.56058175173476
1778424355,10654,256.1941909092372,27.854358207198747
1778424355,10655,359.4828164711246,46.23719350975371
1778424355,10656,562.6792619716966,181.05427792469467
1778424355,10657,535.5057666873429,255.31795270552053
1778424355,10658,1162.204297617721,167.59037965936
1778424355,10659,285.7439029424234,44.26781357193617
1778424355,10660,531.6923263095118,116.09597298084543
1778424355,10661,1100.3417524388929,70.41799351037483
1778424355,10662,1056.6901231200914,228.97833468222476
1778424355,10663,361.7627224209533,25.392707058210014
1778424355,10664,435.89612353441254,197.79230001648048
1778424355,10665,296.17106389292377,170.55889103654772
1778424355,10666,424.0742437395357,46.87395587047017
1778424355,10667,343.7427917486917,45.959420950646845
1778424355,10668,192.37179727799037,91.98726255767457
1778424355,10669,736.8171382402943,210.89312690433593
1778424355,10670,230.82893132492194,85.43128066545808
1778424355,10671,1039.527242419731,136.23149613501084
1778424355,10672,300.29890423431493,257.56424495521395
1778424355,10673,598.534558826606,222.14160841026694
1778424355,10674,229.88898765601053,27.418835515017896
1778424355,10675,443.9501277304353,56.57070802526062
1778424355,10676,336.43247145182306,34.43204157486662
1778424355,10677,431.60330982226657,102.04682613979259
1778424355,10678,306.24358222291625,71.41600121194712
1778424355,10679,1137.7461121566387,138.4626301591078
1778424355,10680,606.2815419733106,28.97115453420847
1778424355,10681,524.2867488166229,30.229932193454193
1778424355,10682,1065.9774721867077,223.2068148730234
1778424355,10683,1941.3217660263247,162.54545254697473
1778424355,10684,830.1500268047615,78.31142669503622
1778424355,10685,587.2809832506463,49.83027873779297
1778424355,10686,1760.1375841958643,181.14030678525677
1778424355,10687,483.91069437194597,168.32546280483527
1778424355,10688,525.9308398073164,236.3203200106344
1778424355,10689,244.20023558098282,111.41409432831627
1778424355,10690,1780.9616595466873,54.855561916959786
1778424355,10691,1204.1674800082171,104.53150341435364
1778424355,10692,517.6479657721551,137.42818345253997
1778424355,10693,142.64721050920497,182.24352115423625
1778424355,10694,271.13290196764626,62.70936690987047
1778424355,10695,468.5273219699911,186.46260778573762
1778424355,10696,1504.1262359436917,174.42797584751895
1778424355,10697,1844.2855021690145,65.5659207978582
1778424355,10698,363.2862931604992,120.54841609021231
1778424355,10699,465.30164619072326,40.407559125696146
1778424355,10700,372.18217288604586,105.24815629808344
1778424355,10701,804.4879791361616,194.980377212321
1778424355,10702,979.4393837591052,197.09475221447107
1778424355,10703,380.3295451003881,214.5072591300527
1778424355,10704,524.6311861170694,187.95992434189165
1778424355,10705,1715.172543561536,159.67760182867696
1778424355,10706,457.46917014659454,19.91769729952907
1778424355,10707,1808.3100147664968,133.89271097760874
1778424355,10708,867.5530602821643,202.8545897273037
1778424355,10709,147.81414092469143,56.10169975460958
1778424355,10710,4087.566204312313,145.4367797669029
1778424355,10711,940.103193231491,251.63349734996876
1778424355,10712,416.78971183241833,123.33979239679734
1778424355,10713,690.70695671357,68.2806286449121
1778424355,10714,139.4513330363616,50.79239440052725
1778424355,10715,1177.9668624578806,149.56312070943073
1778424355,10716,235.5413005841088,91.31640573833226
1778424355,10717,1769.1805504550714,50.59856411342537
1778424355,10718,1219.6769276357327,131.17756935125718
1778424355,10719,858.458963301882,71.53985267377959
1778424355,10720,1963.632018136604,157.31247133814338
1778424355,10721,530.1125273290572,52.858193457058796
1778424355,10722,1226.9881061331203,224.1950066337285
1778424355,10723,345.68427272744185,41.009824939682765
1778424355,10724,341.01588349890375,40.08882256363256
1778424355,10725,772.4614700144099,45.50518924298351
1778424355,10726,381.3670780593528,59.26354300507809
1778424355,10727,588.5936869684263,240.84748455467397
1778424355,10728,2138.7041154055028,184.46137784467243
1778424355,10729,1181.2833672306836,177.50950025297445
1778424355,10730,430.2666141047069,216.79201363796435
1778424355,10731,868.1914944892505,182.80097343251614
1778424355,10732,340.0048624695637,250.62154684100128
1778424355,10733,932.2115046333729,70.69978732991602
1778424355,10734,337.60214898555864,30.78419695450773
1778424355,10735,221.09840185102152,88.57083931794705
1778424355,10736,689.4230876208647,179.98211993195287
1778424355,10737,241.15332725045772,19.40662828080835
1778424355,10738,250.7980675601413,214.77163214068707
1778424355,10739,247.67715103636147,137.8215806665188
1778424355,10740,660.81893956775,233.43388855566846
1778424355,10741,332.83810416470897,258.4890729162647
1778424355,10742,206.5635895270363,33.50304836429188
1778424355,10743,892.4830576655112,64.61574478367926
1778424355,10744,1005.2240366079416,145.845865416351
1778424355,10745,492.4646515423356,312.4162908064012
1778424355,10746,581.6707561310054,231.0234235137337
1778424355,10747,812.2276953045874,77.04090925966686
1778424355,10748,940.3517471537592,69.70431394474015
1778424355,10749,509.8413834261701,105.57298468679656
1778424355,10750,242.42612057941622,65.92789708161128
1778424355,10751,309.66095590391257,41.69710856706021
1778424355,10752,422.7495643478253,83.81130493179374
1778424355,10753,412.1763356747472,32.614812269165036
1778424355,10754,1050.5349769470079,68.40320300661814
1778424355,10755,301.91479040686323,216.44575257735502
1778424355,10756,1083.724883213049,158.76262518073474
1778424355,10757,1641.8181551689772,145.43621441438862
1778424355,10758,331.9801188831169,159.71163235478798
1778424355,10759,436.34734142144816,60.13556722760958
1778424355,10760,734.059709989732,170.2297110918452
1778424355,10761,1235.1622322502224,150.6569657766279
1778424355,10762,890.4696568299487,80.95082332890927
1778424355,10763,897.9043144599633,263.7949430229078
1778424355,10764,413.96883326582076,27.54836186300395
1778424355,10765,498.76149115450136,71.96538014675573
1778424355,10766,1634.067440063215,165.73886086465956
1778424355,10767,103.04862622939069,23.498685999029995
1778424355,10768,1453.9145167512638,146.64400351717114
1778424355,10769,1245.2566476340485,190.4841857772665
1778424355,10770,331.2732711076113,124.37272953590902
1778424355,10771,879.3175490703279,274.41893250318134
1778424355,10772,1651.0580979396325,56.1557313277859
1778424355,10773,203.79422875392257,56.46478493192541
1778424355,10774,740.160067974108,47.42414588099737
1778424355,10775,268.0868994809322,72.00503669264535
1778424355,10776,263.47626286901897,30.649956265185324
1778424355,10777,348.64333486457593,77.75255519470903
1778424355,10778,723.4471117633193,209.63101016708472
1778424355,10779,1552.4032038147911,182.02025921993757
1778424355,10780,1113.1011572883513,181.75150721551643
1778424355,10781,131.38448492505782,57.94637539259305
1778424355,10782,872.6595697324007,236.39752487685806
1778424355,10783,1073.2513977022982,55.1594498927684
1778424355,10784,167.19223410349886,22.536737103675254
1778424355,10785,262.07014750261254,237.8316140682085
1778424355,10786,1220.534359556635,117.40862230558326
1778424355,10787,192.8703384501384,96.93698708758068
1778424355,10788,1734.2887441303396,173.26172582800535
1778424355,10789,775.9841471304965,265.494832958076
1778424355,10790,1346.8675635799714,146.4608679746667
1778424355,10791,633.7218962658516,233.6288433348006
1778424355,10792,670.7849871382497,227.882451334013
1778424355,10793,805.8700165470801,59.71619191946725
1778424355,10794,661.6650214813891,195.33029227112235
1778424355,10795,603.6944433048604,245.25524481873353
1778424355,10796,340.25854063452374,68.6402708744653
1778424355,10797,1339.7762338814405,103.66082132333185
1778424355,10798,624.835283532847,216.90730846402826
1778424355,10799,940.7364253607064,174.67042939510253
1778424355,10800,858.0113508377767,116.20464877657845
1778424355,10801,228.45221120253814,235.3538733399772
1778424355,10802,969.8933719298205,169.64032930621985
1778424355,10803,1106.4226716593355,95.99794271222477
1778424355,10804,179.32009106029267,72.6175643486223
1778424355,10805,151.21802238669036,274.2043451647465
1778424355,10806,1295.710995071474,188.35975059283214
1778424355,10807,675.2016451182241,42.50370486152946
1778424355,10808,259.28903888920007,73.85613496791713
1778424355,10809,434.4344720836141,46.81557203155073
1778424355,10810,955.8019170358988,181.40775704092843
1778424355,10811,542.0456311297075,299.3374043221531
1778424355,10812,114.29565538354504,49.95927182971172
1778424355,10813,1204.2875362754155,177.8230459501515
1778424355,10814,87.17919631709405,19.76864190925552
1778424355,10815,308.6415301490133,91.03899906691716
1778424355,10816,430.818757764193,31.137947642176044
1778424355,10817,990.9116448004366,129.12919024118042
1778424355,10818,217.61506122938437,207.88117856318675
1778424355,10819,239.5160923894582,314.79255263036424
1778424355,10820,681.3767895390552,78.6764228617914
1778424355,10821,283.68716305862415,141.0507817240738
1778424355,10822,290.2119520147849,33.63097146103051
1778424355,10823,572.3821521192857,146.73840576795428
1778424355,10824,471.15125278356123,199.11837898185814
1778424355,10825,602.9840800202583,51.949964658182736
1778424355,10826,586.0618030357756,55.2821144927208
1778424355,10827,359.12493211818065,109.70752488863842
1778424355,10828,468.31507608998777,256.8520110724292
1778424355,10829,1079.525936580489,98.9573740107474
1778424355,10830,856.2815678871564,134.30938527443945
1778424355,10831,1316.7479115159285,184.85088909141118
1778424355,10832,180.79474821451794,259.3474566348151
1778424355,10833,342.70238001774305,112.12275726286697
1778424355,10834,831.9503067983226,184.43569114705792
1778424355,10835,281.92029213190347,125.49903932742909
1778424355,10836,446.8934693666861,164.6968584167583
1778424355,10837,365.87485114572604,96.10361373348158
1778424355,10838,226.44410270299903,110.26357754754515
1778424355,10839,400.38922497204265,110.48917472938672
1778424355,10840,943.47441258098,198.03006979895488
1778424355,10841,176.8828236414364,24.4878923944883
1778424355,10842,573.2958176971331,92.3649686132338
1778424355,10843,688.638107151077,227.47697133162333
1778424355,10844,1213.69623620197,170.80127464842965
1778424355,10845,1610.41852704803,69.19066839457444
1778424355,10846,1133.128566679839,184.24094691898136
1778424355,10847,158.35241257983265,61.179256464622114
1778424355,10848,770.784850384069,149.2771076838121
1778424355,10849,1739.5702486067626,177.51260322974878
1778424355,10850,126.88935013406899,145.26651076053486
1778424355,10851,1753.4309192883911,170.88508929030087
1778424355,10852,756.9057653889048,98.26248454557069
1778424355,10853,660.3780111988041,172.7611530887356
1778424355,10854,785.1119020437035,206.03223339800542
1778424355,10855,1091.6311550071189,82.08746922811693
1778424355,10856,212.38243295150278,111.55060234286448
1778424355,10857,2094.232890602954,129.76112653203268
1778424355,10858,1229.5454211171161,177.89355089954398
1778424355,10859,990.7565960490779,108.95481078582308
1778424355,10860,341.1483721965262,83.86914026896193
1778424355,10861,1052.2942999861382,107.24791147257271
1778424355,10862,324.6203695625803,73.86282775345985
1778424355,10863,566.2891095278259,144.45831744936814
1778424355,10864,1209.319778007877,165.52042944036313
1778424355,10865,319.8397861484568,38.684336339944785
1778424355,10866,297.8485721378944,105.56762537936305
1778424355,10867,628.7426342207501,282.5812001273441
1778424355,10868,202.1779765595486,48.996766981211344
1778424355,10869,1124.636951787877,47.95117542700537
1778424355,10870,185.71084238760358,42.49870344136628
1778424355,10871,551.8162321165913,170.16675302829555
1778424355,10872,990.1984683249433,188.44317489960812
1778424355,10873,592.4454486926016,197.7469638405954
1778424355,10874,375.3787776455347,231.64850952706283
1778424355,10875,371.34133227008857,33.9394472214099
1778424355,10876,94.83368124805628,45.49959959774043
1778424355,10877,165.1527155102814,26.349323652228062
1778424355,10878,1081.1391869201032,183.7339182854378
1778424355,10879,131.81788806302882,26.641789287705294
1778424355,10880,191.71812794983657,84.70914184879997
1778424355,10881,284.8748723814589,152.68409678900653
1778424355,10882,825.9240631106243,199.51311566775405
1778424355,10883,1332.70156480926,152.37359956700507
1778424355,10884,733.5314856361739,67.6421872522672
1778424355,10885,1582.6218939350263,80.55192341892518
1778424355,10886,232.18708877687718,31.910604248472914
1778424355,10887,845.2028535021113,170.21546809872726
1778424355,10888,844.2937176907709,220.1798324168684
1778424355,10889,200.51272080639416,204.06933978051876
1778424355,10890,76.53653324172983,17.717390566874066
1778424355,10891,1183.7634083091734,163.56286542998006
1778424355,10892,865.2060074489887,82.68253014578953
1778424355,10893,967.3951759258485,167.74868100724527
1778424355,10894,198.15777358298828,28.209342354821796
1778424355,10895,356.5255650287296,54.80762329845828
1778424355,10896,468.62166402375124,39.39275707115538
1778424355,10897,574.8965013552536,228.86993149970567
1778424355,10898,345.82579371354353,89.43115533777177
1778424355,10899,1619.0993612783063,186.55690179419403
1778424355,10900,1301.9964972109042,187.5637629642291
1778424355,10901,1136.4360790292967,91.84280435598804
1778424355,10902,1125.3711132695712,146.56033062100514
1778424355,10903,474.8091038169471,130.67665140013864
1778424355,10904,716.710357281546,176.96851398500357
1778424355,10905,96.31010555098065,18.510309661476153
1778424355,10906,312.0802964070064,126.77620649558018
1778424355,10907,992.4690592066381,203.96786642982778
1778424355,10908,1208.8965502684348,66.58355554766668
1778424355,10909,838.1145365192508,192.22634477523832
1778424355,10910,606.4739012506857,135.33819978998056
1778424355,10911,212.93701987006125,62.264236350035034
1778424355,10912,1175.9346821775653,47.39723956521035
1778424355,10913,97.13033168764397,18.729357538738665
1778424355,10914,477.96291660292144,45.006010411108726
1778424355,10915,125.87389910284811,14.898907098628923
1778424355,10916,191.7425546767271,52.36912922640677
1778424355,10917,627.6613274879387,168.5982632184138
1778424355,10918,241.6050149109846,81.53579929620709
1778424355,10919,298.49328362727874,65.03853750666684
1778424355,10920,230.59329517789908,151.87644513904343
1778424355,10921,381.0412109141337,12.19762030745262
1778424355,10922,1205.6417226902427,159.93782606247836
1778424355,10923,182.2009596305232,45.45607751511862
1778424355,10924,763.6339183348176,245.6877119451482
1778424355,10925,163.45438605443096,91.16257637967652
1778424355,10926,696.6187731075037,272.4037321344504
1778424355,10927,788.1925343703701,151.11207193565036
1778424355,10928,200.6627710838151,293.56839031851126
1778424355,10929,894.6768390248633,61.209726406881025
1778424355,10930,801.0434404503005,72.69004824818734
1778424355,10931,240.48743794323377,50.64026721356142
1778424355,10932,693.1307525721694,20.48453749839547
1778424355,10933,234.56684027264234,169.05798778270804
1778424355,10934,463.99017157315905,283.33228038264195
1778424355,10935,266.2286474545509,124.03548120861745
1778424355,10936,1054.6681551402983,131.94085611964553
1778424355,10937,495.3880971936507,56.5026366283259
1778424355,10938,2888.976118888075,93.76086594739266
1778424355,10939,144.12417080433121,42.624788175445794
1778424355,10940,464.2448827800447,37.745418648644026
1778424355,10941,332.91615481194543,114.51794273389952
1778424355,10942,169.40124185813778,83.95154380090986
1778424355,10943,214.2830625111915,24.91201963556251
1778424355,10944,1250.12474669502,214.86458932691917
1778424355,10945,689.3516721967891,139.01564208361637
1778424355,10946,2285.6985856705005,60.68616009650178
1778424355,10947,783.4151173996697,201.97460117739246
1778424355,10948,413.2988403842152,169.24886793687935
1778424355,10949,356.6574738681351,162.96813860367126
1778424355,10950,627.4125118532569,156.4108674497877
1778424355,10951,334.43918465362486,61.66239041908535
1778424355,10952,725.7613973804513,215.68963136560677
1778424355,10953,693.8125550554045,218.8389213344855
1778424355,10954,544.6983350616597,39.85572186785753
1778424355,10955,715.1237310832186,34.460175375440095
1778424355,10956,1487.186055205452,163.01937406563056
1778424355,10957,801.5931909891567,235.0218200862947
1778424355,10958,444.2824129593609,175.49002543718805
1778424355,10959,1232.4586049670102,62.82351392423267
1778424355,10960,424.98012969006595,264.0141651694762
1778424355,10961,244.2453022304745,50.89230883480784
1778424355,10962,533.1462618015189,207.97055575307354
1778424355,10963,349.7168312644782,150.8173458897559
1778424355,10964,743.2612342599068,53.24815311540939
1778424355,10965,404.1161428052546,172.61790858438988
1778424355,10966,706.8312876207385,65.07609917160141
1778424355,10967,566.5100204847292,248.98659754545054
1778424355,10968,900.4379839930854,219.24283504506704
1778424355,10969,1510.743996332551,87.1201503015086
1778424355,10970,1069.7062912966235,70.88759925091844
1778424355,10971,445.63678584043305,20.545916594931448
1778424355,10972,546.8184037773146,185.46431215570553
1778424355,10973,374.33858411418794,269.80088550218136
1778424355,10974,244.42871006361648,71.50114184935747
1778424355,10975,476.584986509427,95.94952997263228
1778424355,10976,327.17793138436554,133.60774887617188
1778424355,10977,727.5436448554794,203.5657343750585
1778424355,10978,664.4028809195079,152.1336321353293
1778424355,10979,245.9835923484282,81.98981215278648
1778424355,10980,940.6830034350528,202.6563248732859
1778424355,10981,460.2483091797555,216.79087495075908
1778424355,10982,256.4738428452745,96.48258620899011
1778424355,10983,1532.2882390066975,49.149285728216604
1778424355,10984,932.635732166631,158.6048876092367
1778424355,10985,151.87934865141926,39.80137535965618
1778424355,10986,483.4658983672013,25.211850614130967
1778424355,10987,597.8639764913213,212.88893445465123
1778424355,10988,609.0180631496112,164.10918642450017
1778424355,10989,528.9570152797431,214.22436816633962
1778424355,10990,920.6071843380768,256.7268070167841
1778424355,10991,1230.720204071784,66.05486392850571
1778424355,10992,292.2509286539166,31.502013293841532
1778424355,10993,916.497376753875,172.00324579562698
1778424355,10994,199.32899399286572,132.05392584161257
1778424355,10995,2061.3683453758426,91.65163626979992
1778424355,10996,135.52789949623008,22.86604629883252
1778424355,10997,1572.0614192694404,169.38583685610917
1778424355,10998,86.41309436356615,57.066679921376696
1778424355,10999,461.6950425390274,116.19859559410133
1778424355,11000,354.73456578813324,261.72914925922913
1778424355,11001,114.79523945851885,60.1338452489276
1778424355,11002,760.9313883570427,48.7337133601735
1778424355,11003,2660.339960396199,59.41598958514252
1778424355,11004,430.65044278139703,173.46888545882726
1778424355,11005,952.9333881460292,133.33644713343654
1778424355,11006,1012.8697375967887,171.437895800855
1778424355,11007,2809.504928440896,146.2393531042703
1778424355,11008,261.88850599390196,112.59544215073795
1778424355,11009,1317.297408878714,231.90520658359736
1778424355,11010,446.7685634873144,86.76498087597304
1778424355,11011,598.6541005989793,85.52661382638756
1778424355,11012,1231.8860138180864,142.29448461972652
1778424355,11013,250.65466480816477,20.751273935277492
1778424355,11014,700.5760237361673,131.26860093541598
1778424355,11015,1073.4054625269046,244.19694285074442
1778424355,11016,496.37797575429835,105.14548866852634
1778424355,11017,109.06537045081308,103.8269420607842
1778424355,11018,509.60351197825213,261.7056386975802
1778424355,11019,249.1495403448557,211.58284347800992
1778424355,11020,196.94342008122956,57.786012661575626
1778424355,11021,972.673131716096,93.86981716621096
1778424355,11022,1558.8970238061881,155.43074967183995
1778424355,11023,500.26820759935976,229.7058468220753
1778424355,11024,971.1822188895632,170.8258343997206
1778424355,11025,807.9765102011972,116.59794416454888
1778424355,11026,727.8820835408794,126.19830206587716
1778424355,11027,501.86093160587933,180.17004549726994
1778424355,11028,281.66561632316166,39.88327933876039
1778424355,11029,464.4614437916451,125.82613728957865
1778424355,11030,292.0846499067634,18.801814715355576
1778424355,11031,798.8335140000298,223.4515656964763
1778424355,11032,247.49957960420127,100.73812622599232
1778424355,11033,745.4965891664365,234.91563248766852
1778424355,11034,1404.6846250704903,136.7209590550737
1778424355,11035,413.32315681631985,90.16089532017845
1778424355,11036,870.7215553238279,176.88371268401002
1778424355,11037,798.8507664516891,156.3985496780654
1778424355,11038,90.75770027774998,27.753041529619267
1778424355,11039,586.7285013208331,240.06702929904048
1778424355,11040,203.19902635380672,136.7845595278334
1778424355,11041,133.21635589092085,93.5652935643705
1778424355,11042,289.24521075502764,79.39679582771527
1778424355,11043,821.5556763572067,36.43703109196812
1778424355,11044,1687.9906777367778,133.67144597414307
1778424355,11045,878.6923845184023,191.7615615625565
1778424355,11046,780.9484283186147,205.0503420934437
1778424355,11047,246.60557102966334,21.4622386818081
1778424355,11048,356.92699711443515,37.88624329198221
1778424355,11049,177.63601702216698,44.90574818355977
1778424355,11050,1119.4897950791756,184.49189270140033
1778424355,11051,1118.956319740792,230.16690858411545
1778424355,11052,300.5314077266546,268.1146251040804
1778424355,11053,311.71653831462714,23.92366224183041
1778424355,11054,1007.6914469623157,72.81546338334878
1778424355,11055,161.77373138627337,69.72117281699161
1778424355,11056,160.25017258424762,126.11683952793081
1778424355,11057,327.4747962567434,209.65138113314154
1778424355,11058,357.97279322554704,133.57755394859618
1778424355,11059,301.1231497385407,40.80996550380107
1778424355,11060,1335.0111592326834,190.4267965740945
1778424355,11061,1295.7789992455264,157.4816283664228
1778424355,11062,693.8396526332143,50.17303877307155
1778424355,11063,272.0509065796629,64.87863576973061
1778424355,11064,624.0865961453575,83.18321421975882
1778424355,11065,578.111681940023,176.49685472943975
1778424355,11066,1636.9700223136256,68.8708603624448
1778424355,11067,1047.8651003183788,172.8194956899404
1778424355,11068,1333.901812157227,41.3706819734688
1778424355,11069,501.96297295429326,44.05617964415966
1778424355,11070,1155.1676473572122,223.88525781064905
1778424355,11071,484.20093566113604,208.5492871140937
1778424355,11072,1306.0417505187527,181.39310732361187
1778424355,11073,1038.4165208987754,205.4871713481347
1778424355,11074,529.4106616592866,257.988800034107
1778424355,11075,493.909026891358,109.64582482687882
1778424355,11076,525.3855051080308,177.3453447443816
1778424355,11077,1071.306241253982,63.396133333499776
1778424355,11078,295.3018336873542,67.18502178775465
1778424355,11079,570.0068835114478,220.9614581843058
1778424355,11080,1925.189729826729,92.92622323551376
1778424355,11081,203.72676238788438,73.76358578648396
1778424355,11082,1294.1863404163892,79.68525037254572
1778424355,11083,1216.964073608118,152.51910797439785
1778424355,11084,851.741356172342,117.8027697136171
1778424355,11085,210.4299640544753,68.39376661285067
1778424355,11086,196.31574839107842,25.59305163409754
1778424355,11087,278.88276967644555,182.53964767843482
1778424355,11088,713.4953983577437,234.40007744622088
1778424355,11089,141.96947711971546,143.53850021715456
1778424355,11090,891.6512278957193,48.4138808122118
1778424355,11091,496.25944797119155,238.5659349694295
1778424355,11092,336.5666868636871,112.27964807025577
1778424355,11093,300.8952157022763,64.69583612200331
1778424355,11094,721.4641871396072,208.803896925271
1778424355,11095,172.21295063617376,31.315875259293946
1778424355,11096,1442.9927954263944,191.05768384200377
1778424355,11097,446.86542716928216,262.84725194694295
1778424355,11098,955.5765816516121,252.51785786140695
1778424355,11099,561.8859917601534,213.7859400213673
1778424355,11100,69.22080775356335,24.12792823974722
1778424355,11101,284.59419165432934,60.439581158188176
1778424355,11102,589.3499534509751,28.170451996390867
1778424355,11103,472.3130437836664,271.9675019665203
1778424355,11104,759.629924309958,219.8546773027443
1778424355,11105,1585.2027205302636,120.936500441721
1778424355,11106,624.254100918754,111.13313794054895
1778424355,11107,1377.220628707359,160.54046552183655
1778424355,11108,1077.9425458804774,164.82320106665654
1778424355,11109,705.3979680139076,220.6450701677787
1778424355,11110,161.57777612496875,55.035280271851505
1778424355,11111,1027.7672822203729,164.76929774824555
1778424355,11112,458.4969628321443,214.20125110127552
1778424355,11113,223.4391259690713,88.19730060947127
1778424355,11114,387.43420460984595,48.24022654875402
1778424355,11115,1498.0838373985468,196.01668950278022
1778424355,11116,927.8345063774331,193.99688829533056
1778424355,11117,562.7249362410328,61.13200741699471
1778424355,11118,810.067386965203,194.96733182722477
1778424355,11119,1454.3698093709168,113.68389336136991
1778424355,11120,334.59299882517433,183.72205078277216
1778424355,11121,806.9050395124846,219.36698650261346
1778424355,11122,330.6104880827731,267.923859351678
1778424355,11123,987.5678077460036,152.21374436631115
1778424355,11124,2383.079676400637,100.22208154283511
1778424355,11125,664.7964616451745,41.00650268099686
1778424355,11126,511.91480447108796,189.5179538807103
1778424355,11127,398.76347130161196,120.39994342687744
1778424355,11128,599.1986645979521,269.9718309294447
1778424355,11129,306.0177479648551,46.10720962259498
1778424355,11130,409.4625374038989,226.32647292124602
1778424355,11131,297.55332985368904,28.95837985564404
1778424355,11132,509.41335523485276,152.48282482882956
1778424355,11133,1162.5432416075503,179.15206954954104
1778424355,11134,561.5238880010896,227.91079017209054
1778424355,11135,438.84605700964374,116.010256221021
1778424355,11136,1159.9465187502049,213.3932706617753
1778424355,11137,2847.0148330806733,112.45942640007964
1778424355,11138,400.3380551879687,22.18881662903527
1778424355,11139,287.141171347526,40.70323223390889
1778424355,11140,1078.1893054420023,181.90769672103562
1778424355,11141,347.8847028558847,25.238893808386685
1778424355,11142,858.3248501292343,141.8861662504679
1778424355,11143,2626.9982392281804,144.552285975691
1778424355,11144,1847.8037714507907,129.34261167931427
1778424355,11145,459.14524206579785,209.00063249410258
1778424355,11146,327.65448305409564,54.053348042561886
1778424355,11147,1387.251393915055,161.05613248898473
1778424355,11148,1314.1729994690666,222.5686743504879
1778424355,11149,165.22856214575356,125.71907802268012
1778424355,11150,1387.054850574853,196.2013756706056
1778424355,11151,263.5570626726319,109.94949108814235
1778424355,11152,1225.275538587048,177.62974233888983
1778424355,11153,323.5032250604852,80.87004496187275
1778424355,11154,649.3419296588887,204.8773731709994
1778424355,11155,1192.0127797386046,157.95804470659922
1778424355,11156,599.8404801845276,192.78724383245418
1778424355,11157,561.3271411514044,126.78389852391169
1778424355,11158,1048.9884286743504,164.40666274779977
1778424355,11159,1123.4999196196973,165.0128484701509
1778424355,11160,264.75110019003756,91.79422727817196
1778424355,11161,114.7185904470989,93.53793254084982
1778424355,11162,976.6871961317545,191.6561316232697
1778424355,11163,1189.5141171141117,189.97215592523563
1778424355,11164,850.2612191174585,82.2196266059796
1778424355,11165,357.16978309256575,168.6345915533703
1778424355,11166,358.0337432490248,115.61378887584961
1778424355,11167,343.10665305434776,197.8268465827329
1778424355,11168,862.2074251848929,77.80213400265417
1778424355,11169,721.5222278856103,71.74952838792635
1778424355,11170,1096.7969886550898,130.7005968784729
1778424355,11171,117.52349755107277,51.92815302434179
1778424355,11172,425.97624076954776,78.33591182888009
1778424355,11173,1052.730564282592,136.1129598690911
1778424355,11174,919.4273187599922,173.80887222370632
1778424355,11175,1253.7229325685403,162.8650075183395
1778424355,11176,1786.2785608555278,86.07883593130602
1778424355,11177,580.0429821891569,219.5329132234933
1778424355,11178,731.8517629773438,203.9347608463988
1778424355,11179,478.5076626263903,215.2480358503858
1778424355,11180,271.75197088487045,146.0691612585316
1778424355,11181,658.4570344457042,240.7344328867757
1778424355,11182,213.50396038275747,122.07776340372327
1778424355,11183,246.77195389057098,208.30996243174928
1778424355,11184,909.2097396599778,128.99483782722012
1778424355,11185,236.21913744257583,64.72885908066804
1778424355,11186,300.86597561629065,46.96595160066897
1778424355,11187,621.9340183947555,187.39904598769857
1778424355,11188,339.3169338047059,107.1077535302412
1778424355,11189,144.11190153105693,35.10968282974909
1778424355,11190,438.4594047162289,101.76489372732198
1778424355,11191,583.7168293207491,206.88139785999954
1778424355,11192,639.184187977536,122.96780135527258
1778424355,11193,673.4917099353141,257.1668935356337
1778424355,11194,1292.815634364868,98.36488296223003
1778424355,11195,554.7259957233354,252.8404566474722
1778424355,11196,683.0871033541961,189.56167686696227
1778424355,11197,927.4344451646238,141.8270562737704
1778424355,11198,183.13734275902274,140.70322078306236
1778424355,11199,877.2573633199822,130.4544654465872
1778424355,11200,2426.9926774363075,94.7082346667352
1778424355,11201,498.3260278161449,102.14285761435328
1778424355,11202,124.92483872079995,46.748658990210544
1778424355,11203,165.97478943489267,26.321872226837108
1778424355,11204,497.57863055959484,188.09556548836744
1778424355,11205,138.3941207283725,39.47423435862717
1778424355,11206,1695.266764561089,153.0035894456073
1778424355,11207,1144.4348939090194,206.46681409660712
1778424355,11208,519.3517295621126,198.1605897762667
1778424355,11209,561.6496328380015,118.81248741837409
1778424355,11210,542.0664872295532,202.04464944507268
1778424355,11211,277.38002751796245,27.850040954623708
1778424355,11212,1157.0224214218808,29.15984545064099
1778424355,11213,141.66830060021502,21.961508579589633
1778424355,11214,259.70090405875976,152.5121614330152
1778424355,11215,249.7060955383163,95.59498167850063
1778424355,11216,179.58885399096872,89.0069332021622
1778424355,11217,1407.8617679706842,137.93323941651735
1778424355,11218,267.831587766809,276.7679288015875
1778424355,11219,689.2589964409597,81.2250797284328
1778424355,11220,753.2475405679371,223.98053645985303
1778424355,11221,936.2530502189899,132.40465330794146
1778424355,11222,350.84067696037266,61.670830389425014
1778424355,11223,356.12148618532393,89.9896320333408
1778424355,11224,1586.603271415693,37.83526459483263
1778424355,11225,798.3982736276208,223.77254027744561
1778424355,11226,3116.6133173121093,67.41146361165954
1778424355,11227,346.8224928909194,56.224095321465704
1778424355,11228,290.24901571719556,50.5582569194869
1778424355,11229,992.2292956934693,38.715456500139624
1778424355,11230,272.69965949450705,93.65733483367433
1778424355,11231,667.8923969306866,50.564576772308726
1778424355,11232,2208.982224690029,148.94815325949818
1778424355,11233,1824.2654454573565,213.64299245310224
1778424355,11234,1152.1859557389578,173.8664501888561
1778424355,11235,430.501743133786,84.83515438551304
1778424355,11236,142.44983943166935,85.56594526059489
1778424355,11237,452.317655704698,212.226108971979
1778424355,11238,1365.6983243852212,107.03644500952359
1778424355,11239,1094.3731705977664,138.44916210198025
1778424355,11240,142.4128044251466,48.96497938014935
1778424355,11241,779.5476919603736,43.70427574969482
1778424355,11242,251.94677390602115,32.630364786594285
1778424355,11243,441.18542367641743,263.4768342093994
1778424355,11244,470.80427905777935,90.54939152743201
1778424355,11245,720.4812844135379,133.02863870256968
1778424355,11246,122.829585153,14.054504816632077
1778424355,11247,408.47260411310026,216.2490600413555
1778424355,11248,491.8179389685983,236.20035553492914
1778424355,11249,3410.950951506721,169.5950296672726
1778424355,11250,257.8781026449256,25.64119342307324
1778424355,11251,708.5787428623978,27.141873392367145
1778424355,11252,149.96641927295033,249.19075516407082
1778424355,11253,423.25961057756274,43.69687951363584
1778424355,11254,480.82214080422614,62.24313017537515
1778424355,11255,245.22546468077522,113.17910179515546
1778424355,11256,178.70307634796387,107.31511397264048
1778424355,11257,306.36901130554725,137.9607591618579
1778424355,11258,1473.3737509727762,146.34022564425757
1778424355,11259,397.27164965684983,69.95443139890408
1778424355,11260,173.3938682433702,33.076044217587466
1778424355,11261,206.72878202928254,57.50074257400674
1778424355,11262,343.264092590833,192.00697864035612
1778424355,11263,928.8860268337288,41.33239973439568
1778424355,11264,690.8962355154963,63.0788572454377
1778424355,11265,462.49375856606673,145.24316963494633
1778424355,11266,356.02947829197115,89.69736903494817
1778424355,11267,229.44163615486738,114.17341311156011
1778424355,11268,197.84651476288496,59.44549449900069
1778424355,11269,676.9678834638142,228.03519591835948
1778424355,11270,265.65501189257503,49.279605519221214
1778424355,11271,1454.7700544128902,140.3902324502361
1778424355,11272,606.1911494913828,56.26264441362393
1778424355,11273,1821.9056912460344,58.703960676671926
1778424355,11274,329.90857094193194,207.69747615168544
1778424355,11275,1609.1590591920956,199.52220290432348
1778424355,11276,362.5138808700708,49.2380077336112
1778424355,11277,194.10402813837024,79.94572508915229
1778424355,11278,163.4687310693797,185.9768654826203
1778424355,11279,77.0702893800723,26.2611369667211
1778424355,11280,1355.6370682863994,157.0497679086978
1778424355,11281,603.012513700194,211.91599348220151
1778424355,11282,935.4124155615772,144.4703754107591
1778424355,11283,495.73203054267856,226.4589157274553
1778424355,11284,1309.6160409413362,197.22837132456118
1778424355,11285,545.8168938254041,23.98785811861928
1778424355,11286,692.6741559381994,100.30747475593962
1778424355,11287,1532.1877900676084,186.063534675213
1778424355,11288,744.1311971461934,19.57243425497985
1778424355,11289,666.7781980690177,48.29068914777075
1778424355,11290,248.23477519441326,251.2746074205436
1778424355,11291,1175.730102684273,169.58702408792885
1778424355,11292,143.6470215243511,142.33892176326324
1778424355,11293,797.9721706339561,122.12656660243563
1778424355,11294,1912.281927278863,41.85774427866639
1778424355,11295,1406.0089895202163,54.034824126094676
1778424355,11296,469.1820237701903,242.577525947303
1778424355,11297,490.71105825576836,188.0332585814179
1778424355,11298,711.9301317315796,70.35994700075089
1778424355,11299,890.4745292361932,49.61532326857634
1778424355,11300,1038.452344380855,198.99231300385608
1778424355,11301,429.7698601159715,115.23875736424685
1778424355,11302,875.8098507560774,154.1975983885841
1778424355,11303,489.91984834425733,230.45649946617962
1778424355,11304,1106.1452980804638,84.7817009516418
1778424355,11305,666.6648801433466,52.63643476992418
1778424355,11306,525.8149424647983,251.34826849089276
1778424355,11307,769.0185192472061,84.66753689215157
1778424355,11308,441.4682654699347,90.91976406005496
1778424355,11309,250.18258446057447,21.339231764975317
1778424355,11310,301.4798450076389,53.709397872401254
1778424355,11311,409.03249352777516,140.4265959612147
1778424355,11312,419.17829695683247,33.03987305080809
1778424355,11313,1372.5116844771019,216.19736230864987
1778424355,11314,720.8682219349777,78.57875699349071
1778424355,11315,414.03026621922334,118.30362690359652
1778424355,11316,148.13233931417545,37.06899259353241
1778424355,11317,1860.5012148083272,130.23711181835185
1778424355,11318,370.61981269036943,86.96720526817985
1778424355,11319,858.9284434551412,72.29835216804415
1778424355,11320,252.20587116624853,117.47695407878665
1778424355,11321,1357.2865940659328,126.43119082604845
1778424355,11322,1332.755469315555,129.98669649761138
1778424355,11323,455.45653710372255,154.998406840219
1778424355,11324,382.6776520288433,175.799878302093
1778424355,11325,614.4714175803207,213.33922404717475
1778424355,11326,557.9753391804812,48.214891258152754
1778424355,11327,271.9920556602054,40.31088004540324
1778424355,11328,67.50121457172088,12.650641661338533
1778424355,11329,173.46192638847938,68.54651038162406
1778424355,11330,699.1896954827758,164.86376594917067
1778424355,11331,800.872720324978,61.11784608940205
1778424355,11332,603.9180916265925,51.67579552280603
1778424355,11333,235.35802309335054,38.52472301541215
1778424355,11334,172.52770679048436,61.506715184727746
1778424355,11335,1952.367772484763,122.61588446578078
1778424355,11336,511.8460074073323,210.52388858680627
1778424355,11337,759.5178996752898,62.218423175674374
1778424355,11338,1113.5626977843833,170.93472088418724
1778424355,11339,410.82024331775597,33.39885801691268
1778424355,11340,119.47033657498005,57.1557430291596
1778424355,11341,526.0603877626,240.26025702116007
1778424355,11342,1744.6865968720172,87.79533653104507
1778424355,11343,551.6981062704921,90.47024203419676
1778424355,11344,930.2179249893784,129.86404776511424
1778424355,11345,946.0311713181037,189.56919230120207
1778424355,11346,860.8297351261342,59.59029833089754
1778424355,11347,1169.0916609341334,76.6160663890687
1778424355,11348,78.34775178379807,17.55081804356159
1778424355,11349,2821.3096177664083,138.21486276475582
1778424355,11350,114.68556894924316,14.862945722914475
1778424355,11351,147.17067025056573,67.5434743077082
1778424355,11352,775.1779884765076,162.63892872413746
1778424355,11353,602.6249225257969,211.41084755293917
1778424355,11354,1761.5081599847017,160.69030114985773
1778424355,11355,711.4101082900916,119.62944405262425
1778424355,11356,374.82897145419594,244.31048857704099
1778424355,11357,326.0104075109068,148.48385157138827
1778424355,11358,935.9064907826584,245.41708826783102
1778424355,11359,2126.7202670924107,112.80826554592744
1778424355,11360,135.0313066602727,14.04787854964178
1778424355,11361,1223.9311307295097,142.11714744351045
1778424355,11362,331.8674721958255,274.9640881875346
1778424355,11363,912.6339079836241,70.12193046676313
1778424355,11364,117.31489692218875,45.45089820145535
1778424355,11365,562.2921361706967,226.9008906901729
1778424355,11366,1006.245763830249,25.283343901760528
1778424355,11367,523.9199992208864,199.5090974564854
1778424355,11368,1055.1005017803561,128.706540346746
1778424355,11369,156.49453851210478,80.60516055580004
1778424355,11370,3750.1437853265143,127.67855669101483
1778424355,11371,1144.7016367783478,127.16188377503252
1778424355,11372,612.6087141816929,196.1396272875346
1778424355,11373,756.7514222491478,184.997708621379
1778424355,11374,2521.413498265598,70.64732531378743
1778424355,11375,714.698468250335,39.613712235221044
1778424355,11376,1965.781435715054,181.5755613088828
1778424355,11377,274.9055501665839,129.66429095836435
1778424355,11378,118.15022239622951,42.817058193064575
1778424355,11379,1166.9671448424845,186.99893189803998
1778424355,11380,397.6569658713666,159.47994869213662
1778424355,11381,761.9445445429368,223.53768805127055
1778424355,11382,1054.2895627806122,241.6785495049086
1778424355,11383,2237.776703154195,82.34534562446038
1778424355,11384,1179.2092118142461,64.54005092811158
1778424355,11385,366.4327611415096,20.046992236940216
1778424355,11386,1722.2607927429165,159.55936702667435
1778424355,11387,511.9092637907841,118.00145705994748
1778424355,11388,88.79166662538029,27.196355403145986
1778424355,11389,724.7435319180254,84.8262752608352
1778424355,11390,543.1454010495779,259.9774274548385
1778424355,11391,788.0593555727522,40.21082080178063
1778424355,11392,2104.0347551055047,134.4590081736173
1778424355,11393,700.7432126887037,68.87750180272806
1778424355,11394,393.0344384746155,34.04993072825671
1778424355,11395,104.37164988043111,68.30019110729144
1778424355,11396,1112.3627285507503,47.983232600049945
1778424355,11397,387.44411585067115,256.23812737923316
1778424355,11398,349.16891843202177,179.95063123552055
1778424355,11399,332.5765731218135,55.22492811803405
1778424355,11400,1141.0492473944207,208.7389488497853
1778424355,11401,908.4384689021224,128.5570209518581
1778424355,11402,579.8094076875099,52.153058397802425
1778424355,11403,710.1108583473293,53.72970835509367
1778424355,11404,323.8896693369309,61.119282975215555
1778424355,11405,305.2300911575689,77.20824613663662
1778424355,11406,522.6174597165317,162.04309931264356
1778424355,11407,1350.042674003457,132.17332925357988
1778424355,11408,361.6461384389836,231.4402689674314
1778424355,11409,372.3446796520419,51.14565486577854
1778424355,11410,403.0184805887039,193.9547044897141
1778424355,11411,493.0198239289169,125.43927602046732
1778424355,11412,1459.503513429829,121.1995451261657
1778424355,11413,456.7538120308418,180.31511190631636
1778424355,11414,3295.997398164132,120.97670899376418
1778424355,11415,186.75932138645572,74.25306419086763
1778424355,11416,1479.7520862418235,166.59787910103122
1778424355,11417,493.47525864041114,233.98283920298113
1778424355,11418,1270.4335911944602,167.0268741043824
1778424355,11419,370.83816152021615,37.68488042548359
1778424355,11420,314.23768616985575,83.70969178366575
1778424355,11421,1255.9074354806603,111.26712550663241
1778424355,11422,1281.7960545192138,154.2668525771478
1778424355,11423,1453.828065863624,91.08723076001343
1778424355,11424,1457.6326735266744,75.07437216937413
1778424355,11425,486.83777280435356,36.118833122848486
1778424355,11426,251.65124534606363,96.16839539265717
1778424355,11427,270.5431455610291,56.000226838633004
1778424355,11428,250.97693544650969,101.11805992447916
1778424355,11429,305.93177418718915,38.22142200131948
1778424355,11430,200.47876066271127,68.91081754044477
1778424355,11431,979.6307346936219,171.90651940987075
1778424355,11432,99.46052177230376,15.181556544879996
1778424355,11433,279.50645334357165,66.0782211420377
1778424355,11434,671.4276863105806,40.51137193059204
1778424355,11435,230.01831273305007,99.40178837285582
1778424355,11436,1782.022848694599,134.1379118372932
1778424355,11437,1287.129458124048,120.731466388877
1778424355,11438,687.9179041637074,196.60425676145323
1778424355,11439,768.8571565290194,194.5430830408039
1778424355,11440,1368.8247083181022,112.39909859573132
1778424355,11441,681.1404121964936,78.62228524456253
1778424355,11442,480.77322486726626,229.62276834945314
1778424355,11443,1951.3689480686116,40.669241756850454
1778424355,11444,552.496726075545,105.65573852236258
1778424355,11445,1154.417849341091,195.36381258060763
1778424355,11446,572.4067321419607,78.56477576575524
1778424355,11447,290.8853071071071,50.87979446227557
1778424355,11448,391.3236624865878,48.894102747719174
1778424355,11449,464.62578457926907,222.20998591725967
1778424355,11450,770.9223607461129,207.63922997500148
1778424355,11451,1207.730346217151,174.49045422598044
1778424355,11452,1521.8294564425723,62.957324533535285
1778424355,11453,1652.7241243726596,138.1994877534616
1778424355,11454,760.0635509674187,191.59971410415088
1778424355,11455,68.48734599023888,34.22768352927557
1778424355,11456,1302.7764493254115,183.71227644687332
1778424355,11457,432.7718378256386,186.9832445258584
1778424355,11458,624.8115398497142,114.53072744145652
1778424355,11459,235.0903513074807,54.637928822043705
1778424355,11460,1295.6525456362053,196.3617785315713
1778424355,11461,747.8640720418317,86.7692570961067
1778424355,11462,215.39466114687062,77.36347214939116
1778424355,11463,1276.1492580927159,55.745698558944696
1778424355,11464,1715.3652053325447,133.8440049030445
1778424355,11465,404.9288938888317,70.98497643210567
1778424355,11466,2048.716854177198,173.82016862435387
1778424355,11467,162.33549802995265,96.77666477407183
1778424355,11468,586.1829126461652,157.47233949768255
1778424355,11469,1287.7219482878445,178.898147181429
1778424355,11470,541.5801228028945,45.487066470714666
1778424355,11471,875.2590065338725,239.8256342193214
1778424355,11472,429.9649844107667,228.23036265328213
1778424355,11473,549.9561305915141,211.78577422270956
1778424355,11474,167.0557271957425,184.69310817461061
1778424355,11475,779.1943522576131,117.57101068928843
1778424355,11476,964.1283930756742,205.8400430815601
1778424355,11477,2344.4217225812695,56.90276263638428
1778424355,11478,301.0151662849065,47.00062115341844
1778424355,11479,258.91705961132885,23.62909027517287
1778424355,11480,1832.6281511853067,120.04008638106563
1778424355,11481,856.7283715291808,203.69347020646777
1778424355,11482,653.5739431195677,38.43289305988701
1778424355,11483,179.73274123928425,110.42071839907564
1778424355,11484,497.0893625164901,86.7793927595764
1778424355,11485,442.2442891864348,110.94856143475714
1778424355,11486,546.7684240244228,49.371329965325735
1778424355,11487,1074.4703589230994,176.7009486863585
1778424355,11488,805.3880714484002,69.48046918995001
1778424355,11489,703.6350290937454,184.0581441542341
1778424355,11490,1074.0262294455208,147.27364215386254
1778424355,11491,789.8203100385581,120.49582991767889
1778424355,11492,302.8810684819393,93.75280035759252
1778424355,11493,317.9004072703838,177.28922463184188
1778424355,11494,854.0073231985695,102.11823070810034
1778424355,11495,1270.876465844021,51.30309268388995
1778424355,11496,295.166742303896,128.50426377611402
1778424355,11497,491.1342736512684,220.902516430963
1778424355,11498,992.6032005532244,189.27638326261004
1778424355,11499,876.4882095592927,57.19699782059045
1778424355,11500,219.9133870132442,71.96367168219045
1778424355,11501,786.9091412149239,131.87624574994575
1778424355,11502,412.9771739416447,90.89854369375271
1778424355,11503,295.1166781868232,208.37646211457218
1778424355,11504,672.8053114949842,207.095909513426
1778424355,11505,465.92680529592906,191.6422744696314
1778424355,11506,1390.3721348,187.73771029842945
1778424355,11507,1650.6917380607779,165.17759279724942
1778424355,11508,164.91893999575478,47.30667332192866
1778424355,11509,1108.3748052443555,166.04163520463513
1778424355,11510,172.85546227007438,49.31353308385149
1778424355,11511,940.6710541986533,239.69913761970975
1778424355,11512,726.097855152664,23.864126224483915
1778424355,11513,261.5061975510186,137.1688430318268
1778424355,11514,430.6438686423727,169.53679647405602
1778424355,11515,1125.57039928619,55.398810834760255
1778424355,11516,348.4330981185594,25.812148119881687
1778424355,11517,2000.0831154778693,53.99237690794922
1778424355,11518,261.13814892778964,69.99188952068673
1778424355,11519,214.0398139847726,110.33063341365819
1778424355,11520,541.7946116979466,115.65081027299087
1778424355,11521,377.6568957301656,315.8568436276506
1778424355,11522,1935.4437945386826,51.755026720923276
1778424355,11523,177.57116838382902,77.1762581650088
1778424355,11524,1001.5953314311702,235.49120648357385
1778424355,11525,295.6788992443656,56.24471314443252
1778424355,11526,1041.3111109619813,233.40914958474488
1778424355,11527,745.8858297442363,209.81369455145727
1778424355,11528,577.4487185886425,238.07301185528308
1778424355,11529,1428.8274774768965,46.38143421222328
1778424355,11530,1043.43920709479,97.55580880847677
1778424355,11531,419.0987070982933,51.87329963698523
1778424355,11532,1129.3631742392722,46.37747710367955
1778424355,11533,2012.6109022850312,107.54809238568116
1778424355,11534,1012.5555675319341,198.78384241186953
1778424355,11535,259.9383633090144,77.97947440680676
1778424355,11536,359.6368346413313,105.20188548845688
1778424355,11537,1033.8903468698659,52.27511814113576
1778424355,11538,843.2370521719897,168.18648725761994
1778424355,11539,1189.6955170296903,189.10586460728686
1778424355,11540,1270.0223819178843,179.16522633527495
1778424355,11541,1346.1783812961098,127.84604844053881
1778424355,11542,224.75436287481247,83.90629886593663
1778424355,11543,232.05739869076314,36.24348684723213
1778424355,11544,215.84892236503407,36.90123868154934
1778424355,11545,686.1024598476753,122.64731780897957
1778424355,11546,2295.545015755465,39.15402847586928
1778424355,11547,1598.0422080878484,100.86606781345859
1778424355,11548,1316.7344541650796,152.14647433020056
1778424355,11549,384.65045693374583,29.982737402478833
1778424355,11550,205.50398676404447,78.96751705699005
1778424355,11551,359.254979843301,46.84156634310681
1778424355,11552,825.3070225162728,212.46707630620855
1778424355,11553,201.45663648087526,63.4232740458114
1778424355,11554,575.9915977375751,211.27926844086005
1778424355,11555,216.04350898640251,169.96441447758116
1778424355,11556,209.29996970029484,32.05173617750143
1778424355,11557,1615.0664928128188,41.469115568599
1778424355,11558,331.0451863380824,57.19205106598551
1778424355,11559,1575.6611629768056,173.3871917573108
1778424355,11560,220.06057058304134,114.14015329542289
1778424355,11561,1717.4398899811881,144.10367756221547
1778424355,11562,1659.4239490334755,115.35506986250553
1778424355,11563,825.6144199634729,201.0923819253884
1778424355,11564,569.0364033190227,239.9582752512777
1778424355,11565,833.6673277695133,194.84552134883552
1778424355,11566,780.6410728906633,171.28650301590613
1778424355,11567,875.4946655166027,28.467194926667194
1778424355,11568,1316.5337188774124,30.436207824316345
1778424355,11569,465.3787430931571,197.59402486800448
1778424355,11570,913.2273038637818,151.67473215780413
1778424355,11571,405.2551406820816,78.79335673322252
1778424355,11572,417.4721704949661,85.88798855473622
1778424355,11573,115.14343934831122,57.43022307430815
1778424355,11574,982.0978851057077,133.99732732431752
1778424355,11575,693.8753803147343,174.13409826717336
1778424355,11576,254.73170308571926,14.98798911713571
1778424355,11577,489.7421576067676,172.30528999445372
1778424355,11578,900.3275051014688,51.25422715215911
1778424355,11579,264.18360854307133,48.134206426063365
1778424355,11580,158.36177324686645,47.19716682141608
1778424355,11581,485.71309917184965,280.8514423858012
1778424355,11582,424.987411902736,105.28388855156965
1778424355,11583,340.15244835349455,67.34355919332963
1778424355,11584,281.7657895863492,96.65914819744742
1778424355,11585,859.8635704441105,176.4118527352776
1778424355,11586,502.02841727349505,46.19864239193475
1778424355,11587,660.6092783923694,50.59231826063865
1778424355,11588,1849.6273968352525,37.940003970951096
1778424355,11589,621.5061512466651,141.12396557250494
1778424355,11590,423.32248204874963,137.42787654406177
1778424355,11591,574.4260229546136,114.94772596748473
1778424355,11592,799.9416013413804,205.43249647320332
1778424355,11593,389.40531996666743,58.00308450440614
1778424355,11594,938.8866277310315,191.13050545347264
1778424355,11595,1332.6071110721916,152.12756572305713
1778424355,11596,312.7271490922331,190.33044746899213
1778424355,11597,400.34262730838816,28.561264985930414
1778424355,11598,898.6019785502882,56.36878631663599
1778424355,11599,224.12183782586345,147.053955202015
1778424355,11600,226.52845634268886,239.0177679180999
1778424355,11601,155.61868292433184,162.66286983013586
1778424355,11602,720.7028345264094,171.72717415719373
1778424355,11603,825.0242299108514,102.55611721944807
1778424355,11604,392.05192584228007,24.056385217500434
1778424355,11605,864.2239804718976,239.94084504460469
1778424355,11606,1381.3049830104485,166.82074748777418
1778424355,11607,168.84190683400178,69.338917400769
1778424355,11608,969.5402530381515,168.01946800001738
1778424355,11609,1390.0001233538492,166.92963780551767
1778424355,11610,405.4717640885935,256.4176371035869
1778424355,11611,302.01863822036375,33.497998639242795
1778424355,11612,324.54622391569666,214.47855585272606
1778424355,11613,794.321621929791,44.45517702828405
1778424355,11614,534.6007951109018,258.9577903560312
1778424355,11615,696.3672279080234,194.66366383439396
1778424355,11616,353.0538593823208,47.82455613168197
1778424355,11617,1030.1669628883285,183.25769393680443
1778424355,11618,1687.5286876205348,184.94647031848297
1778424355,11619,2464.3043266682944,127.6261140041253
1778424355,11620,453.8407504998523,116.5405906134184
1778424355,11621,109.63267713621055,23.29473302032867
1778424355,11622,1768.6562325224527,157.61610035643622
1778424355,11623,1626.045773576791,63.982008550876685
1778424355,11624,226.34425993420504,150.33228445723293
1778424355,11625,516.288370744748,242.74205771327337
1778424355,11626,95.80898784738135,35.16597989130244
1778424355,11627,2649.682332933694,118.68705884196156
1778424355,11628,1265.7087403639725,172.94629077715203
1778424355,11629,217.47787878909014,41.45840999350481
1778424355,11630,224.89534174970325,106.43448537904742
1778424355,11631,343.22072143363073,277.2845312504253
1778424355,11632,1266.1168342822336,33.91482582044604
1778424355,11633,320.3428088754169,113.11537124826438
1778424355,11634,125.62711633281549,31.390442526293253
1778424355,11635,611.9969613603733,98.40792755504977
1778424355,11636,1033.430069416253,165.74426529515904
1778424355,11637,890.5443828719268,134.06046351761583
1778424355,11638,735.0815088857481,45.01069681741511
1778424355,11639,1084.6079594090497,155.5107897652928
1778424355,11640,927.4283098922263,178.51409421717506
1778424355,11641,426.3608413791389,48.760043518551434
1778424355,11642,1025.282227579158,185.28262171981646
1778424355,11643,272.9345057215861,51.550993051634364
1778424355,11644,579.3319835233608,141.20826810079149
1778424355,11645,775.1468893670392,91.5942659884242
1778424355,11646,1878.4240551693958,156.69744294867434
1778424355,11647,418.05126844131365,289.34997370169594
1778424355,11648,289.60144137942143,318.46716982133415
1778424355,11649,852.7914458374033,214.58769053458727
1778424355,11650,570.3783866493844,250.93913749844515
1778424355,11651,235.6799953671203,51.504342752092946
1778424355,11652,453.50302886768685,128.50456847365257
1778424355,11653,419.7675973743181,145.8879906954192
1778424355,11654,477.5531568267653,135.58485265733196
1778424355,11655,685.466881815212,201.3764414540394
1778424355,11656,903.7102194890966,202.17813117008106
1778424355,11657,708.5373126570879,166.2875847530381
1778424355,11658,626.3911734594785,139.59486670766654
1778424355,11659,339.12619333211296,45.135556955012405
1778424355,11660,284.1304357366286,41.02066990661237
1778424355,11661,170.9060806652661,18.993261591242167
1778424355,11662,1905.913961479823,137.88453170495524
1778424355,11663,464.3216845108474,93.83257065699722
1778424355,11664,716.6853597117563,135.92895097076263
1778424355,11665,1897.841538781771,133.0044456941739
1778424355,11666,261.7894352439646,262.45208699846063
1778424355,11667,88.0871296137189,21.33049303274458
1778424355,11668,292.2214655638604,26.824702938391795
1778424355,11669,2287.2106004564366,94.96489881361222
1778424355,11670,282.6449408346802,29.558053639727085
1778424355,11671,308.90705790751207,54.15346251751436
1778424355,11672,517.9624760161572,232.11619811068354
1778424355,11673,730.2571800624473,35.997708929810834
1778424355,11674,684.3208237383493,235.929129672575
1778424355,11675,778.798620830361,192.75074456587953
1778424355,11676,148.39316970487675,48.57780764712136
1778424355,11677,688.4256787604139,244.91940515142554
1778424355,11678,456.1018199974025,59.22440597766255
1778424355,11679,416.28386237343346,183.96133634994595
1778424355,11680,1013.3295583495697,224.23025325694874
1778424355,11681,464.3702389418532,263.6803651187804
1778424355,11682,376.68511319131835,222.87050010107694
1778424355,11683,399.48664987645174,127.35569546041788
1778424355,11684,365.3931224912704,136.476335247147
1778424355,11685,635.573535281546,215.99332316396195
1778424355,11686,945.5584027920858,86.03832004790817
1778424355,11687,343.9456269088014,113.21833603309248
1778424355,11688,627.493759173179,239.3480252218056
1778424355,11689,449.7294850887628,228.5202579140924
1778424355,11690,1194.7948574723464,20.218013074330525
1778424355,11691,433.5961775928569,221.47678424622873
1778424355,11692,459.7385773582732,61.397356801076874
1778424355,11693,434.9727902692312,61.61278911764199
1778424355,11694,1611.493650963027,172.73401820087918
1778424355,11695,106.51721776444914,95.84041349682636
1778424355,11696,412.16084320215526,50.546937129806395
1778424355,11697,957.5034038322094,208.7100866921989
1778424355,11698,1437.5568611005856,180.19254169028093
1778424355,11699,261.7555476892165,108.13549139316918
1778424355,11700,1097.8059570472767,187.17786320626388
1778424355,11701,1261.1420236723243,33.385373994569626
1778424355,11702,340.82530230770686,269.1912647197333
1778424355,11703,962.819353787943,149.12806140244962
1778424355,11704,172.31968129139506,72.99450982248742
1778424355,11705,127.24517063841957,19.407614316789967
1778424355,11706,1577.7801870181997,154.72641938433682
1778424355,11707,678.0036038680663,241.45599785064567
1778424355,11708,542.3968021685662,232.5498937456189
1778424355,11709,513.8547978107626,214.24120011166858
1778424355,11710,644.089126385267,47.30773184664981
1778424355,11711,369.8013057733094,128.03093208539315
1778424355,11712,493.98841081064364,195.95969893514754
1778424355,11713,533.980561120662,299.23347763170716
1778424355,11714,1268.2927184888595,184.87453691806348
1778424355,11715,2576.205524920274,60.85499723014056
1778424355,11716,397.7838738137013,155.26520772536534
1778424355,11717,638.926157554005,73.30281177419725
1778424355,11718,273.9500659564405,19.74574072594351
1778424355,11719,611.740224794119,175.8326556372628
1778424355,11720,428.4458070006929,236.65431623710813
1778424355,11721,238.04898707372038,67.95876451987911
1778424355,11722,431.0637101449523,58.74904661823364
1778424355,11723,144.71131034830762,73.19079504123862
1778424355,11724,664.3743119091414,27.571738851388655
1778424355,11725,2478.766240778674,51.513948383377326
1778424355,11726,897.5144359301393,132.888030899296
1778424355,11727,332.5219512569831,82.66963805106596
1778424355,11728,6462.576138310392,74.57163082661332
1778424355,11729,1530.9245816438172,136.51222168890897
1778424355,11730,1344.921683090483,190.5983363647901
1778424355,11731,1179.4419560481613,167.92423847008172
1778424355,11732,1135.431947400413,171.8579710676287
1778424355,11733,401.4826672225068,269.29601557714176
1778424355,11734,1526.6481907374475,48.01946510577044
1778424355,11735,561.8122860730703,140.61860845709765
1778424355,11736,509.4945502108385,185.56952382472278
1778424355,11737,359.78678689483803,120.9912655619334
1778424355,11738,346.99022613748446,16.914402135452132
1778424355,11739,345.0844023173993,63.179216688301615
1778424355,11740,1821.144986435002,45.29408121595701
1778424355,11741,182.36306489870296,20.2570207376145
1778424355,11742,1797.2084936895026,112.56942559027524
1778424355,11743,257.8432310388437,31.035374844025654
1778424355,11744,121.80571029820487,44.05691947431604
1778424355,11745,472.67091212203405,258.0079570954678
1778424355,11746,1224.7868897910016,68.15210865377082
1778424355,11747,549.7321852693997,142.3079318296947
1778424355,11748,471.72062727052065,80.45165102301229
1778424355,11749,2008.0908854967006,118.13583449599462
1778424355,11750,841.9228124769467,160.97157124002362
1778424355,11751,408.97078157699565,152.40605389611886
1778424355,11752,393.302568239983,46.637693873961624
1778424355,11753,207.54456920008622,256.27069109658424
1778424355,11754,147.72699305024165,47.26534449490059
1778424355,11755,155.94455284237915,103.00576710600988
1778424355,11756,326.5005563425739,100.73127625156937
1778424355,11757,735.130996858261,106.36609424520489
1778424355,11758,1134.9099480770508,115.62647719103755
1778424355,11759,520.4458884062661,113.153135078734
1778424355,11760,313.4846176903821,121.43856636682038
1778424355,11761,46326.49060862297,540.7956201876667
1778424355,11762,1144.2398876367438,109.54800201951721
1778424355,11763,149.83729563406595,56.91040357953586
1778424355,11764,1235.0033187058857,179.6360132562102
1778424355,11765,1120.921585493627,131.69578554924433
1778424355,11766,562.1194816217402,172.00284086128374
1778424355,11767,1031.1443980330769,57.78531404061715
1778424355,11768,1674.449511496387,160.35314050686492
1778424355,11769,296.9666978786652,122.21940857371658
1778424355,11770,298.12432369069745,155.7678681087949
1778424355,11771,721.5113765410074,223.6815966438044
1778424355,11772,191.8532579519897,29.943497667282408
1778424355,11773,896.3132908413615,160.54570453087996
1778424355,11774,488.4676073229734,90.29125803854454
1778424355,11775,626.5399095521277,111.23633260923563
1778424355,11776,797.6153834238786,87.73435329482406
1778424355,11777,671.3403923583692,265.4410658923509
1778424355,11778,668.5334003974677,43.67949332234868
1778424355,11779,176.00564919059826,226.03631654354484
1778424355,11780,182.72816026294223,22.03811188807065
1778424355,11781,326.7187295884951,28.404550569375772
1778424355,11782,113.97339254815188,76.31520564782652
1778424355,11783,146.02110160790255,124.95958263552075
1778424355,11784,397.2875931076446,77.52840131548564
1778424355,11785,749.444470549078,229.4079349541859
1778424355,11786,1333.5613069999404,141.8915930651658
1778424355,11787,1612.9639836407694,149.28848949274334
1778424355,11788,859.376521313252,189.37632582936203
1778424355,11789,975.3823934386323,41.51119748600854
1778424355,11790,1795.1641912626858,72.02921084946247
1778424355,11791,773.9308934832827,52.15376371918015
1778424355,11792,316.14818698897363,104.21665924458925
1778424355,11793,338.44355848125343,32.01448067465373
1778424355,11794,196.00412631612852,98.07306537391746
1778424355,11795,614.0851276427129,120.73772048856182
1778424355,11796,354.6936002365744,32.15510019508234
1778424355,11797,607.403939633465,183.03195225396757
1778424355,11798,403.47434496022527,291.79485119926244
1778424355,11799,1014.7156469516511,215.82610970335247
1778424355,11800,2153.7529451181363,115.92904014864128
1778424355,11801,383.25149643929046,68.38097174510551
1778424355,11802,352.3096325130943,209.7013156652148
1778424355,11803,89.4931456259988,25.285823312156015
1778424355,11804,241.8136468734129,182.10647225324203
1778424355,11805,247.5886283922894,18.129090554866337
1778424355,11806,312.5146789634429,66.45434448175384
1778424355,11807,586.4539186987965,94.67783972580413
1778424355,11808,1088.3136675508276,141.1580612443568
1778424355,11809,304.8217337931995,45.513022159211815
1778424355,11810,585.4531067638515,211.02750010511969
1778424355,11811,211.91693681116186,119.25011369588826
1778424355,11812,563.921878485505,49.11411425640977
1778424355,11813,521.124608712548,236.71968089726593
1778424355,11814,305.3310631876502,304.70325627085293
1778424355,11815,779.6328981529391,154.87941951641474
1778424355,11816,1345.1637364404219,75.68710907003829
1778424355,11817,716.4270305510901,177.6781955828825
1778424355,11818,602.5483930872559,47.554367955776705
1778424355,11819,475.1462738952156,234.29469544620966
1778424355,11820,816.5532737748154,161.14288521252635
1778424355,11821,1073.7660546586633,176.21062835556367
1778424355,11822,491.4952329014032,247.98582988317852
1778424355,11823,808.9677682616002,19.126818227930485
1778424355,11824,653.0159211571214,127.7595749558953
1778424355,11825,1796.8887543767569,178.35857154282098
1778424355,11826,905.0784523950999,117.68259035420287
1778424355,11827,253.89364739345544,31.123614710522144
1778424355,11828,437.861886889379,254.9302780417429
1778424355,11829,232.26756737162188,106.1833773426927
1778424355,11830,2656.0994711585554,133.242792544598
1778424355,11831,687.5357771050142,122.14986563550514
1778424355,11832,959.2758372130494,102.37513092884178
1778424355,11833,1339.6013705698326,34.47023052416826
1778424355,11834,751.5408098443868,195.05536121417245
1778424355,11835,552.5239991848225,54.950748889282096
1778424355,11836,1250.6182869085565,150.9934447982272
1778424355,11837,381.17090391947653,248.92921295025394
1778424355,11838,1843.6104279197489,42.45382710785832
1778424355,11839,498.05762118626564,188.84464832681465
1778424355,11840,321.2363330087754,81.89559574161586
1778424355,11841,161.22894142757082,130.13656279467347
1778424355,11842,466.72703726651764,125.86894247128424
1778424355,11843,638.9761966593491,171.49762112657052
1778424355,11844,1516.3141227302895,48.55283261353869
1778424355,11845,1271.8048683205886,205.373484868606
1778424355,11846,903.9490313424324,180.43713431504113
1778424355,11847,1322.657125493833,158.60143837684006
1778424355,11848,1728.8594481596604,65.09106084791051
1778424355,11849,780.4793463355846,159.69826894477694
1778424355,11850,227.26952461517084,97.80362759471329
1778424355,11851,1128.4374739626676,125.71569823306956
1778424355,11852,1546.2651186888838,64.76267436232621
1778424355,11853,760.2623120546863,191.78273443327757
1778424355,11854,207.28777351052835,59.5102566283387
1778424355,11855,457.2165112332048,107.06952269304065
1778424355,11856,357.82112073443045,59.99657587185273
1778424355,11857,1495.768094100319,161.6737237151366
1778424355,11858,322.72950724991045,242.02864411602803
1778424355,11859,363.5471602286534,155.98326941810407
1778424355,11860,139.00392849312166,82.98179186671202
1778424355,11861,3579.561265216177,121.9111346461972
1778424355,11862,678.832710211701,217.0038113329107
1778424355,11863,547.6402617249803,215.17943388114705
1778424355,11864,794.4029305510704,133.37827994303555
1778424355,11865,222.47806439583158,28.155618794142494
1778424355,11866,221.45728644346005,125.41847666517491
1778424355,11867,622.1869684752552,251.98611131853025
1778424355,11868,704.687687132537,36.78704324006428
1778424355,11869,98.55859836126295,27.79045670703335
1778424355,11870,366.9349485320617,126.89262568880771
1778424355,11871,464.2430587986922,176.11627425659012
1778424355,11872,388.41683561404676,105.12826311457445
1778424355,11873,977.2686721093459,148.18155723362048
1778424355,11874,746.6297078442527,177.55881058037914
1778424355,11875,1063.222338802988,71.93736971631704
1778424355,11876,119.56710976523371,112.8406104941104
1778424355,11877,473.1126037766621,141.38125431463408
1778424355,11878,886.8105858673471,217.13114131824162
1778424355,11879,1354.1153511058596,178.1016322795973
1778424355,11880,405.54247607908724,218.3561477604098
1778424355,11881,508.20173132279353,12.414615527729593
1778424355,11882,1414.022604831705,135.39922745582032
1778424355,11883,325.4891615530716,266.8659300875654
1778424355,11884,306.40414535814807,269.13942699604775
1778424355,11885,315.31900142338884,142.42986803396866
1778424355,11886,2089.391599656131,29.15189503073671
1778424355,11887,445.67526631543586,259.4054687542051
1778424355,11888,911.4427635228127,61.23445615661461
1778424355,11889,1049.8433520928131,146.97188135732782
1778424355,11890,243.15490098131633,59.23110370069932
1778424355,11891,1549.7754134481895,178.1817810410258
1778424355,11892,398.7618697897797,49.80701122118425
1778424355,11893,531.9711734319782,63.42983135048505
1778424355,11894,498.9574077171078,262.22684188535425
1778424355,11895,336.16290900173675,192.44880064523656
1778424355,11896,659.566545111181,70.84056015020909
1778424355,11897,420.4626815069691,281.9487191366148
1778424355,11898,189.85583474600458,22.55218107609906
1778424355,11899,241.51642221285832,31.21285454722658
1778424355,11900,410.38341551888453,253.601482290382
1778424355,11901,397.2291934379968,126.03654373434965
1778424355,11902,470.94173948874106,229.68853604396622
1778424355,11903,202.62367540751475,36.2117629264936
1778424355,11904,365.16347963075066,255.65293588834416
1778424355,11905,540.2338725743186,244.85052500004082
1778424355,11906,1861.934500911409,52.70815362753013
1778424355,11907,1611.7509700942048,40.685750046687005
1778424355,11908,1384.1066077192831,152.48024003403043
1778424355,11909,1384.8911529553918,135.27733178914767
1778424355,11910,2015.5625299442004,184.14225707734428
1778424355,11911,581.7651059979743,26.13398536942381
1778424355,11912,276.0485924120168,26.252606666806507
1778424355,11913,365.94217272703963,80.60991123981955
1778424355,11914,817.5946810057397,243.16456621528346
1778424355,11915,1220.5489718611584,176.64411995112005
1778424355,11916,814.3094032399916,217.4537237591532
1778424355,11917,780.2596379373379,207.51506101949286
1778424355,11918,2072.7696896665752,65.69975310026231
1778424355,11919,1594.270320509516,117.21785632064511
1778424355,11920,1032.2080636017035,33.710770246638226
1778424355,11921,608.9111333918141,185.4321039523774
1778424355,11922,485.7361333312306,166.9708695785339
1778424355,11923,447.46888362583906,149.61431167059624
1778424355,11924,542.5318274294181,49.81331342706478
1778424355,11925,215.1774442944694,274.58282596469
1778424355,11926,416.6313345528002,148.23347560279527
1778424355,11927,547.0304864873993,83.46929303392353
1778424355,11928,410.58747973575134,31.129555285950392
1778424355,11929,685.8973083895781,91.66238182711155
1778424355,11930,676.3163425796745,52.94617612770591
1778424355,11931,414.27262687372786,158.85001038140018
1778424355,11932,1260.0700793633107,32.85184626409281
1778424355,11933,1417.5790893222443,142.4648548330633
1778424355,11934,681.5901895502668,42.92479597992698
1778424355,11935,1057.1209890060964,91.48714717886297
1778424355,11936,344.14325427208195,122.58321227801964
1778424355,11937,475.3265249886948,117.77660479307522
1778424355,11938,529.539857874044,150.20577081927408
1778424355,11939,522.9495373756182,221.56116623914897
1778424355,11940,197.04554422392786,20.09164460239958
1778424355,11941,484.6164286209789,217.11594463583126
1778424355,11942,138.66343646081742,25.667328461935586
1778424355,11943,481.6466410697532,246.51973113077185
1778424355,11944,842.1760659883065,139.71128254516339
1778424355,11945,250.29400873784493,27.25912190967825
1778424355,11946,978.9539679222818,45.56453592376187
1778424355,11947,1795.4204217844724,100.75566855310514
1778424355,11948,996.1714088898326,52.13017269501245
1778424355,11949,779.7782058341849,75.35157152855231
1778424355,11950,189.44596278067957,153.10492316135205
1778424355,11951,1970.1713392676775,192.15491512517124
1778424355,11952,164.2164046298826,31.13329095889578
1778424355,11953,170.3275032150752,14.01746579919958
1778424355,11954,973.6959365461544,183.32934587561635
1778424355,11955,1785.1314619960428,77.31367929450515
1778424355,11956,181.769722144429,22.872099206810194
1778424355,11957,88.10434606236095,32.54612490527191
1778424355,11958,482.44255711113334,245.09398248756088
1778424355,11959,1564.9081410154145,146.34786691482597
1778424355,11960,87.12087855248463,18.738849314874805
1778424355,11961,1034.4219244037795,232.3273642554986
1778424355,11962,1778.9392880863295,104.98714262366981
1778424355,11963,925.0486474350015,71.69618527546406
1778424355,11964,534.4207350676381,116.08617602894773
1778424355,11965,1329.4332302838413,163.95411651480498
1778424355,11966,180.2407611545719,63.088686212985166
1778424355,11967,411.2913996316505,30.21521193139089
1778424355,11968,97.73794573432045,24.482661368162944
1778424355,11969,510.3337757346227,27.84823455476952
1778424355,11970,834.3533089264987,175.54084593498786
1778424355,11971,2047.9746052715661,119.13934188751763
1778424355,11972,808.8254828541609,203.75576940882073
1778424355,11973,256.3972548430476,189.39350115217601
1778424355,11974,677.1660229985151,138.8868603502005
1778424355,11975,417.9365780649127,82.24141958010202
1778424355,11976,655.5281885720658,162.1294607758175
1778424355,11977,1838.680429228093,132.2370801025056
1778424355,11978,239.75072495576552,90.79409228414441
1778424355,11979,702.2457163281745,67.80438852620328
1778424355,11980,133.48049227038516,49.494257889034074
1778424355,11981,744.5089639532455,135.54309929695629
1778424355,11982,205.21919701416144,14.041358372004543
1778424355,11983,416.03223903444126,57.92971485502101
1778424355,11984,1467.3626946974136,22.751277079380213
1778424355,11985,866.5035612997124,77.68637477224817
1778424355,11986,176.10628337164022,152.32725552866353
1778424355,11987,960.7912005939535,117.48743148914795
1778424355,11988,1042.6196063687937,143.4110524715706
1778424355,11989,1362.3071736529437,50.19494983828854
1778424355,11990,1288.8049212506155,191.50764803354673
1778424355,11991,809.7509520496061,190.0277303047108
1778424355,11992,64.08654536420423,36.00188941367658
1778424355,11993,1053.7287830384234,136.7186529682498
1778424355,11994,250.63430169956624,126.49913532554709
1778424355,11995,156.77371645180446,107.30809263097218
1778424355,11996,186.8139022863696,140.81587193278935
1778424355,11997,178.54073208267286,72.83486983891224
1778424355,11998,243.74066320578265,13.730937026613285
1778424355,11999,580.5274060507736,200.66282877905417
1778424355,12000,580.2456937523643,42.805462206944895
1778424355,12001,926.5665941356838,89.02658325786966
1778424355,12002,126.74544318505278,50.10902477168061
1778424355,12003,1063.5304240645007,167.8799037429232
1778424355,12004,1027.1936900198666,223.38714520915323
1778424355,12005,1068.0813725368587,150.0215579785179
1778424355,12006,339.6825029253638,100.8469948395914
1778424355,12007,560.6628638223057,182.6984756267672
1778424355,12008,737.8607839022548,185.6934304369985
1778424355,12009,1085.3601174841672,120.93135868030578
1778424355,12010,109.59825982002162,32.61822656857591
1778424355,12011,480.06435456054584,51.98300857692299
1778424355,12012,187.63511432764145,174.13688334449515
1778424355,12013,431.5418508341409,212.6436328077398
1778424355,12014,460.9435119380022,68.94005621353121
1778424355,12015,582.8094399670284,224.08830663706684
1778424355,12016,778.4723114678836,65.87500950104132
1778424355,12017,467.7378564220151,216.49275773554322
1778424355,12018,1475.650004338792,176.22073554373267
1778424355,12019,591.8213214716162,48.233876593906096
1778424355,12020,243.99872774397235,61.81891412639057
1778424355,12021,585.5138840666973,182.47061354591742
1778424355,12022,850.3554175439939,168.27799056739477
1778424355,12023,861.7690991634139,27.94047482134949
1778424355,12024,921.128315553761,179.3527685052849
1778424355,12025,1900.1282286397889,190.73347792982727
1778424355,12026,1744.196046965918,130.48431212544634
1778424355,12027,3255.8327311844237,136.61636982192786
1778424355,12028,464.0648285590894,240.3625322947118
1778424355,12029,845.7149819073646,207.2819397002348
1778424355,12030,464.6458168713181,35.60650242126407
1778424355,12031,772.5466934695434,204.99168808335182
1778424355,12032,617.6843760279751,49.56756553738784
1778424355,12033,313.40650637413086,75.86638382711357
1778424355,12034,1391.0487354171867,183.85570982592563
1778424355,12035,988.5815633526971,51.583471471855894
1778424355,12036,158.36640675789653,49.876046470659276
1778424355,12037,352.5163276766282,164.41588155490118
1778424355,12038,1065.3775886035296,198.72406551981206
1778424355,12039,435.77155004554197,224.72351540422156
1778424355,12040,780.080401097417,192.4427702366119
1778424355,12041,302.90521551480975,132.78827594336602
1778424355,12042,387.2893870187505,210.41379459731237
1778424355,12043,428.6784762367664,37.05830375362319
1778424355,12044,1067.5030242356356,62.608108130875834
1778424355,12045,1167.4621558183248,178.12070835075554
1778424355,12046,583.9937283905871,29.489657687398577
1778424355,12047,214.35752116347487,72.47257636348229
1778424355,12048,1308.344399030048,47.59396149993926
1778424355,12049,1105.4217799692526,34.61318745432657
1778424355,12050,235.67965152911123,20.685175926977603
1778424355,12051,492.9050741903249,227.58000100929186
1778424355,12052,1269.434586207092,117.08324357267757
1778424355,12053,228.07495143349948,12.754905805504935
1778424355,12054,231.23498592858832,28.39772829708523
1778424355,12055,238.55248215931854,71.57278448153829
1778424355,12056,1766.5621018322624,28.785014475567657
1778424355,12057,963.581562625117,69.09286964441827
1778424355,12058,229.4035481728039,74.27122963402644
1778424355,12059,1113.9703655396618,89.5966378690586
1778424355,12060,426.8062436749293,203.0666328052884
1778424355,12061,1364.2313504032384,148.346619193248
1778424355,12062,358.34745297490247,17.913019475781972
1778424355,12063,330.70898089636694,46.48873287130082
1778424355,12064,282.1393310768515,48.14855453489325
1778424355,12065,339.20058688347075,197.22862171605473
1778424355,12066,530.3214322781976,240.75578710562306
1778424355,12067,118.092119809114,68.72288867964451
1778424355,12068,823.5885797241866,31.21377380593245
1778424355,12069,458.7146313819178,114.91107839301218
1778424355,12070,1376.5144670638,35.722702118721045
1778424355,12071,220.1695620618193,20.50408387136958
1778424355,12072,390.4419830165899,21.533556465641333
1778424355,12073,623.0393658210173,186.46299731185727
1778424355,12074,733.3276356856888,46.41271690090741
1778424355,12075,150.57110906279098,44.19546168823432
1778424355,12076,487.1308064341763,141.98723778434604
1778424355,12077,3063.7885723348213,111.80890253132387
1778424355,12078,823.0260593980012,91.6407395366903
1778424355,12079,785.6529183529705,160.7448810133152
1778424355,12080,1629.0940576849275,52.792221436793994
1778424355,12081,476.5100612712183,118.76119076436595
1778424355,12082,1352.9228165775355,135.5883794935688
1778424355,12083,1086.4105215835903,225.0616706028322
1778424355,12084,224.1424060475924,146.84597583604418
1778424355,12085,255.35748883350877,53.55202738905353
1778424355,12086,1036.1321357673767,65.61036992997118
1778424355,12087,415.3731622487369,131.871020145296
1778424355,12088,449.4111147621689,167.05388043537016
1778424355,12089,377.1747799591744,94.05183328999534
1778424355,12090,840.3786978128334,107.29157254889228
1778424355,12091,502.2276471049377,188.67458404664876
1778424355,12092,560.0244482345964,298.1188679496707
1778424355,12093,369.90032634415246,195.0172422699333
1778424355,12094,1272.62373126195,158.21223143167535
1778424355,12095,415.72719834075053,25.725001719673195
1778424355,12096,1744.7162404523292,163.30247527739863
1778424355,12097,841.8808994261626,196.69833423308174
1778424355,12098,414.25480243508173,84.4913965042963
1778424355,12099,613.0737314672126,173.21456218330755
1778424355,12100,1583.8405623767255,54.01688909047011
1778424355,12101,302.76529650294856,67.36635634850154
1778424355,12102,706.2769867891202,263.5173470452161
1778424355,12103,766.8908459881378,64.7178529212405
1778424355,12104,219.31606013272776,67.9575925072173
1778424355,12105,493.7989679483034,244.95757566433304
1778424355,12106,1674.9672361698163,28.8792894039724
1778424355,12107,2102.181405561436,110.48640255065301
1778424355,12108,622.7434145391196,76.24734075495758
1778424355,12109,369.5058170586979,15.477769819798677
1778424355,12110,137.44412160261524,293.12392714776126
1778424355,12111,788.4848801640672,144.28109746226247
1778424355,12112,167.47761211959795,45.47694402528765
1778424355,12113,192.983085987248,35.059074909876074
1778424355,12114,296.9117172527957,56.5002577836833
1778424355,12115,440.30414500904334,82.40686582079687
1778424355,12116,1488.0604924130678,170.5720988910092
1778424355,12117,2422.036158038979,30.293775231606183
1778424355,12118,1570.6643284469128,68.97359752018917
1778424355,12119,1386.8646505892025,164.34130100699147
1778424355,12120,989.0095647805747,152.904728638668
1778424355,12121,1014.3672474822528,89.27323627000744
1778424355,12122,506.0995555677634,57.98625093299895
1778424355,12123,665.3398333854655,217.0445937769497
1778424355,12124,1026.8989478943563,65.22761494811749
1778424355,12125,437.85335299150097,192.8853118413575
1778424355,12126,190.7810647890072,49.75095102843588
1778424355,12127,588.2983897515302,213.27333324544614
1778424355,12128,374.21130966280236,28.79929984710871
1778424355,12129,1118.556043588382,36.201855744678596
1778424355,12130,213.79783866351525,86.33907207330336
1778424355,12131,594.1069533940208,159.69752296483773
1778424355,12132,317.97673941324894,35.26758394716539
1778424355,12133,1492.154445051276,114.9912507496259
1778424355,12134,276.6291773479473,242.7305473861325
1778424355,12135,462.65734792530833,119.71560695279895
1778424355,12136,325.26849127045284,99.23813686511882
1778424355,12137,1248.7863249867087,135.53692914454413
1778424355,12138,180.00695080076122,78.48060097350394
1778424355,12139,425.03795232204624,38.96288797325753
1778424355,12140,839.5765595927822,191.64000513815446
1778424355,12141,232.36862014652806,162.0557878923322
1778424355,12142,286.1291467664946,196.84359283353308
1778424355,12143,1051.7413880376118,155.8394800680507
1778424355,12144,677.9991065321293,60.78113049930744
1778424355,12145,292.9335130038037,77.16780521088333
1778424355,12146,1368.6524408602056,149.34920568220574
1778424355,12147,1947.4522790078117,104.95941496694378
1778424355,12148,436.1088266565743,149.23557557055378
1778424355,12149,1169.3969455183346,47.462821636756416
1778424355,12150,267.5247044505491,62.67342979184302
1778424355,12151,49729.053663584455,392.0146260352352
1778424355,12152,224.17429708749435,37.53553858478537
1778424355,12153,1101.6973670040552,175.197120504063
1778424355,12154,1296.9256134537454,144.68574903902862
1778424355,12155,374.8651311212065,267.9602985938657
1778424355,12156,1128.0820517758566,178.32855559407042
1778424355,12157,688.8406007598188,144.83035249819739
1778424355,12158,931.905025560524,40.74905486548381
1778424355,12159,651.8466716846436,158.98135808601486
1778424355,12160,639.2196530549294,228.34792706737875
1778424355,12161,1019.9453897104787,213.7002605482153
1778424355,12162,747.8093668928406,174.61508539505618
1778424355,12163,462.90167411249035,32.80096410793958
1778424355,12164,662.8265410159072,50.239727513360606
1778424355,12165,1079.7081910698862,162.1267266552895
1778424355,12166,160.23101521668926,95.01711913259754
1778424355,12167,720.543772050481,39.53818925027843
1778424355,12168,187.97531015310042,36.71182387496913
1778424355,12169,145.28128510028222,52.92171182756361
1778424355,12170,720.4285248916307,217.3647664392528
1778424355,12171,791.5502980397077,155.0559209776519
1778424355,12172,403.75347409224116,123.79369537031936
1778424355,12173,982.4128250478603,178.4764844971066
1778424355,12174,102.82287737634826,58.791288251595425
1778424355,12175,1903.783906762079,51.62911894949358
1778424355,12176,482.50597632256677,238.31276153364564
1778424355,12177,409.0075333476363,112.84984220734476
1778424355,12178,360.63201370821963,90.20284540334492
1778424355,12179,1099.4537509476331,197.08137326707006
1778424355,12180,749.6982868429435,217.66182696846744
1778424355,12181,755.7262732446592,80.2814902059905
1778424355,12182,367.7152214109437,163.14749586671158
1778424355,12183,1314.789324806336,166.0998078756303
1778424355,12184,855.8086485551225,107.98966886004717
1778424355,12185,286.79829033347477,275.43443689848704
1778424355,12186,1238.8473033452267,168.9635775028934
1778424355,12187,604.8893185082193,218.74178374103022
1778424355,12188,342.5608099351556,214.81154134872895
1778424355,12189,850.476241905191,163.97394274812694
1778424355,12190,309.9073052661838,78.95053774659999
1778424355,12191,705.6454221123317,155.38123219492792
1778424355,12192,695.0515882016721,261.9137335782185
1778424355,12193,1211.1450873980993,150.8384028003467
1778424355,12194,1218.6453736510941,35.15316759866162
1778424355,12195,714.7432740650937,208.88577617365854
1778424355,12196,1615.256891255418,57.7654154645744
1778424355,12197,1089.4094067162239,197.79411053631569
1778424355,12198,557.6288926794471,261.7102555059396
1778424355,12199,353.8376355004702,108.14130113431071
1778424355,12200,225.83433308016515,138.6628092467957
1778424355,12201,1039.0098235731741,158.2954165082346
1778424355,12202,292.09766120226607,245.6011472320017
1778424355,12203,244.1410979725129,76.66606748314105
1778424355,12204,439.364841733956,47.751245808412435
1778424355,12205,224.84596947606923,18.804009205272482
1778424355,12206,1239.5832213509204,164.88281923479718
1778424355,12207,283.5389145979431,83.18738170956047
1778424355,12208,540.5465642421719,41.699231987718086
1778424355,12209,790.040636790926,106.46705698104081
1778424355,12210,186.48017017450232,89.95922546469079
1778424355,12211,779.3837235609813,148.83353037111004
1778424355,12212,806.3228843219571,204.15153086656656
1778424355,12213,468.1230349090707,162.32378043226993
1778424355,12214,563.2437198117992,175.78995153082172
1778424355,12215,2850.3493319487006,56.09722096306433
1778424355,12216,248.97269754792683,110.65144825664612
1778424355,12217,455.19729022204683,229.31067422540576
1778424355,12218,319.8488303362793,46.566858686682664
1778424355,12219,902.8324989066709,79.8244514954306
1778424355,12220,537.5448038234641,26.695355747450723
1778424355,12221,2491.026314786804,100.59744643857044
1778424355,12222,974.6061020371918,150.6352792460412
1778424355,12223,438.77344425824094,209.72448569481176
1778424355,12224,331.97142502853734,73.486050594809
1778424355,12225,2002.9555666377005,51.399389489804776
1778424355,12226,520.4641701787064,131.4725838194741
1778424355,12227,169.38357093653454,21.472763772955815
1778424355,12228,776.6214147289032,21.177355290141485
1778424355,12229,580.6280896062577,212.90619001791788
1778424355,12230,249.55207874112844,40.775857439241065
1778424355,12231,486.467467776481,88.29410281872818
1778424355,12232,287.01605016829757,114.5959296635441
1778424355,12233,755.270364994534,46.991935423135864
1778424355,12234,442.34155124977065,25.947179560632883
1778424355,12235,459.1216313572792,241.3777962171356
1778424355,12236,662.4769391217754,17.877995141983316
1778424355,12237,578.3596757415963,165.514248563698
1778424355,12238,288.5093335538397,205.49590365648427
1778424355,12239,155.42207337539529,65.36724880686108
1778424355,12240,524.9443106585002,246.37082936172283
1778424355,12241,293.42493973351304,153.82003041113435
1778424355,12242,471.89439282190483,49.826732210902954
1778424355,12243,799.6245833276926,41.12641550347338
1778424355,12244,284.65715134008286,49.61759770133451
1778424355,12245,456.5953525732195,211.537350951531
1778424355,12246,1048.6755839426357,127.28839810051998
1778424355,12247,300.09264914148565,26.160979509433417
1778424355,12248,344.09081164310766,129.4533513173453
1778424355,12249,1139.641911044079,73.8936284510203
1778424355,12250,512.5519980548769,71.84884667200194
1778424355,12251,338.58348183726173,243.31995437926773
1778424355,12252,642.3748084843,122.01224106083033
1778424355,12253,273.9689471530875,84.73599548106138
1778424355,12254,455.52198772785465,246.15961847472087
1778424355,12255,792.7572274625436,202.7901292506111
1778424355,12256,124.62107345287806,36.263755062913376
1778424355,12257,2240.070750303709,113.32529229108614
1778424355,12258,1169.4972283636714,98.47249687443815
1778424355,12259,294.33893478003733,79.52044168636598
1778424355,12260,816.0035979073692,255.24305043161675
1778424355,12261,521.1112087920218,225.52559355508762
1778424355,12262,1244.0809044870675,149.18662519464712
1778424355,12263,210.91721656401694,125.05697992580184
1778424355,12264,1076.6023746841277,181.81654660763832
1778424355,12265,346.0264107301556,43.70979021479001
1778424355,12266,709.4630378785315,251.84712070035863
1778424355,12267,622.231741853762,150.2635741883094
1778424355,12268,1502.5578071863295,170.85439346165
1778424355,12269,460.8005863613724,93.42734884409076
1778424355,12270,1250.7596168800474,148.74511736184306
1778424355,12271,219.19039660076467,66.6833515234568
1778424355,12272,814.0988001813618,207.6858613161649
1778424355,12273,929.2706126261328,156.47716524183954
1778424355,12274,916.8208772281845,182.0317188744018
1778424355,12275,450.9886090508483,58.102737882327645
1778424355,12276,1271.1833942018911,186.7510096927313
1778424355,12277,269.99213636435167,30.595708225126373
1778424355,12278,893.5116679540542,29.577096405415947
1778424355,12279,296.0373422404892,38.284672714779084
1778424355,12280,1228.519751657795,83.31635835274899
1778424355,12281,197.42418461289304,168.14514380848854
1778424355,12282,367.98313036729064,52.24583843638387
1778424355,12283,1286.9695660660295,72.94652812754374
1778424355,12284,101.84977714526305,35.66497390018176
1778424355,12285,264.2947913874993,28.11123763733699
1778424355,12286,724.4253143982389,94.65830405735117
1778424355,12287,125.96325382616584,62.425937516587766
1778424355,12288,391.9024372786096,133.49105504235936
1778424355,12289,1738.5002480663825,53.095713690012104
1778424355,12290,215.56774855662897,67.32213330280258
1778424355,12291,535.2883830386286,120.07834927637835
1778424355,12292,335.1169801093885,180.84965045452978
1778424355,12293,485.40582006951405,97.77371678118334
1778424355,12294,992.1009545320378,139.7703896887963
1778424355,12295,383.30124865893345,222.70578985307446
1778424355,12296,443.89164400281805,62.0708405187853
1778424355,12297,933.0290064241067,180.9636646733163
1778424355,12298,742.3338498743555,177.34589130796724
1778424355,12299,494.33940116023365,239.0989969582932
1778424355,12300,206.75741710420837,84.10942535388627
1778424355,12301,1176.9562097066917,156.7323767481473
1778424355,12302,408.31474679130224,67.99600657552563
1778424355,12303,120.93479895247054,73.4039548945542
1778424355,12304,1835.4674232651194,68.40091132574688
1778424355,12305,360.29625670264977,114.9479459415164
1778424355,12306,267.56107389881186,122.05547599743991
1778424355,12307,454.2958960841344,53.527640169431855
1778424355,12308,324.5697044120553,120.49183140197867
1778424355,12309,231.53673888545927,123.35858610924143
1778424355,12310,306.00666632397724,107.83879562485829
1778424355,12311,740.4473060437449,153.18965154475032
1778424355,12312,701.8544075145672,104.8237706250652
1778424355,12313,329.627038724576,90.48195768641253
1778424355,12314,423.9778371721037,136.21338831971818
1778424355,12315,1442.2679723599813,131.41803890591873
1778424355,12316,551.2324698870021,153.64713021114815
1778424355,12317,793.0896091392791,89.98559779279984
1778424355,12318,413.6686785013535,29.421081697135936
1778424355,12319,985.987161244894,180.1873022476258
1778424355,12320,246.17906064365815,62.486939388777614
1778424355,12321,198.0531760241321,175.72814549604428
1778424355,12322,805.8332513972591,107.01940750222224
1778424355,12323,306.9339032488337,63.4490927159568
1778424355,12324,2167.144769297474,168.29456057260842
1778424355,12325,452.0977599581139,213.50962588273853
1778424355,12326,473.30662433104754,22.08075636951744
1778424355,12327,1141.9617687837333,126.84232766676902
1778424355,12328,453.00625153527386,51.14572840339944
1778424355,12329,270.87564464638086,53.2487783904394
1778424355,12330,476.4006918870566,88.62124339539179
1778424355,12331,304.3396675449692,28.339179275500484
1778424355,12332,641.009735267143,182.05848181351863
1778424355,12333,919.8484690911406,96.39844644957627
1778424355,12334,149.59508929108006,23.137833054911816
1778424355,12335,277.7886040594509,126.88048901317254
1778424355,12336,824.5409456029595,124.62507494649446
1778424355,12337,1917.486552045519,168.3540513788838
1778424355,12338,593.0428618719465,182.769787388266
1778424355,12339,174.137707011263,42.67050184321368
1778424355,12340,432.1436421953667,169.93157262340014
1778424355,12341,162.98334038554432,35.29272333174632
1778424355,12342,314.4501887235119,245.79492809066997
1778424355,12343,673.5751757203612,168.2510393389869
1778424355,12344,415.4630540405972,46.633239464783834
1778424355,12345,1082.7605984552633,110.52157182175281
1778424355,12346,1814.987137594141,129.7610182597702
1778424355,12347,270.98459908862264,21.230841089687598
1778424355,12348,307.9669818744272,44.96216708427288
1778424355,12349,184.8959882876284,29.827342006108815
1778424355,12350,860.3713937183554,40.14566790127527
1778424355,12351,149.21859052757503,11.657532355502456
1778424355,12352,761.0153994225393,43.254419076186494
1778424355,12353,467.1030473056364,233.70870235289155
1778424355,12354,875.0384591769484,76.17062863159084
1778424355,12355,2243.1780874435767,92.91150952929354
1778424355,12356,134.8943684237558,57.48525212892228
1778424355,12357,284.01307846988027,18.44241586671661
1778424355,12358,1077.5361249737584,112.3821568822654
1778424355,12359,1848.9252942546277,121.76633349155725
1778424355,12360,358.52048836390713,247.1923707968579
1778424355,12361,300.7082897440607,38.861277317310005
1778424355,12362,399.4090392842674,50.92254653766758
1778424355,12363,273.1015925460494,46.72714332467297
1778424355,12364,619.5682878541369,232.32236312301575
1778424355,12365,929.2595167671626,118.09681108340541
1778424355,12366,184.3437934159324,29.231195905787914
1778424355,12367,1249.332034513961,79.80366762423564
1778424355,12368,660.1167329078183,172.62137337944742
1778424355,12369,1394.8230991998157,184.04522155629596
1778424355,12370,810.8531439958083,184.21254715189
1778424355,12371,732.8009980540113,195.55147381711902
1778424355,12372,1271.0476144497418,132.5003902672177
1778424355,12373,362.8761438506862,77.69450815189475
1778424355,12374,469.054132997139,246.8902659202082
1778424355,12375,1132.7443924606102,171.49111355027517
1778424355,12376,789.2018836356281,161.6260430747217
1778424355,12377,438.81223948616116,64.55374079475227
1778424355,12378,237.2718309999738,38.59292316033884
1778424355,12379,754.9795719957161,60.5218961518801
1778424355,12380,1379.2550206337157,91.54963005243124
1778424355,12381,528.6052978887469,113.24034699386404
1778424355,12382,811.8119439184595,145.77026979267256
1778424355,12383,498.9571608330135,36.14290890993903
1778424355,12384,477.1762804145431,253.9632093005036
1778424355,12385,318.2846556772143,254.862167403006
1778424355,12386,392.0616128929853,25.91343560999685
1778424355,12387,693.7807687402269,129.9070443195533
1778424355,12388,359.5755724307756,129.74317254632518
1778424355,12389,631.1198325618444,174.76327087324063
1778424355,12390,439.91868785490203,78.50916406380136
1778424355,12391,327.9950330670485,50.76888562326759
1778424355,12392,1627.8103358113874,84.44590819877024
1778424355,12393,886.2988432553426,177.77435534722864
1778424355,12394,115.29314788244005,10.633972721384968
1778424355,12395,551.3569318743313,57.20259046603676
1778424355,12396,547.7191172813621,243.85125269453607
1778424355,12397,1790.5698970818605,54.821063914420314
1778424355,12398,575.5984602496602,184.01726430449577
1778424355,12399,1135.071396483621,122.22013920371639
1778424355,12400,721.9028852733452,119.4475782807498
1778424355,12401,1521.0596095950111,44.15750177740098
1778424355,12402,1274.9499960120336,170.1912361299873
1778424355,12403,2166.296876129644,180.0565991956708
1778424355,12404,750.5992924673438,182.4446331242494
1778424355,12405,305.7791247598596,205.37575227519488
1778424355,12406,1331.7476148221751,156.60833181589294
1778424355,12407,478.7763779238873,229.91127962503222
1778424355,12408,130.84984734994998,46.578404121785574
1778424355,12409,394.6382810624813,118.53731715010113
1778424355,12410,1324.2129605741225,58.56146343217405
1778424355,12411,756.7240271709528,164.03463861210503
1778424355,12412,463.96913054924096,57.60857055106463
1778424355,12413,1146.0126180659142,128.91574921460673
1778424355,12414,250.91321879595503,101.79938855653184
1778424355,12415,220.11606796490184,234.73926754221597
1778424355,12416,1170.0594762447915,171.30986344573083
1778424355,12417,301.6804011463897,95.93461706664225
1778424355,12418,276.42417352744644,139.25533753574803
1778424355,12419,495.9514112134749,217.31456766585447
1778424355,12420,1908.5951450747764,153.31676044528402
1778424355,12421,430.8351862366352,92.09807761704401
1778424355,12422,1635.4331896094445,131.69644278394475
1778424355,12423,118.43125898588576,79.44286416495004
1778424355,12424,150.5900117150536,88.74155772041416
1778424355,12425,419.1865977407751,75.43168465069012
1778424355,12426,1160.688348587865,141.48960771730367
1778424355,12427,779.6316893180654,201.5464808127684
1778424355,12428,882.9506206748963,183.9956994828369
1778424355,12429,1018.324811916786,32.46580894855697
1778424355,12430,213.37845265959703,221.35157553336165
1778424355,12431,433.4901722546084,223.83765603281
1778424355,12432,297.70363720064876,211.7083505794373
1778424355,12433,544.2305992802842,239.5631102824168
1778424355,12434,442.4797017247186,223.39083421235514
1778424355,12435,1027.711793318578,106.3272562279845
1778424355,12436,453.7166545571284,248.87423996128382
1778424355,12437,403.4356090119273,229.19215477443802
1778424355,12438,312.90805213352,229.21094110961735
1778424355,12439,1727.4892086636396,171.48449019904012
1778424355,12440,1065.2435936248778,63.93041624556346
1778424355,12441,223.00489578471982,48.43600419821223
1778424355,12442,1664.22917376579,31.623866252461603
1778424355,12443,227.14631563834737,41.74681544277134
1778424355,12444,917.2896583713435,206.65914259306064
1778424355,12445,478.0463238510621,129.79345448689313
1778424355,12446,329.0999324825724,244.48953313451466
1778424355,12447,736.900105348948,169.7237445093763
1778424355,12448,245.88424807839422,78.84198993245025
1778424355,12449,442.11369427136515,120.44640516441737
1778424355,12450,693.0089710378194,91.584835359934
1778424355,12451,505.6199618158333,77.27544915490925
1778424355,12452,1021.8689725117958,66.7613688126726
1778424355,12453,1171.5782403756023,38.80261083830513
1778424355,12454,855.8894438020276,104.49938412832053
1778424355,12455,389.3265508276571,32.49294049615838
1778424355,12456,455.61465815635125,130.6177478268002
1778424355,12457,954.4824724156008,227.7195020499866
1778424355,12458,672.2875038655269,234.87488234104876
1778424355,12459,456.01355214403407,236.4621171142532
1778424355,12460,1530.9502374268727,157.2587110868366
1778424355,12461,1070.5071036539098,155.01800416194325
1778424355,12462,874.5422970885709,12.153393508646023
1778424355,12463,497.4631725545149,179.23368567039213
1778424355,12464,1046.2718473010716,196.57517118172942
1778424355,12465,1083.183053091523,156.27560048140987
1778424355,12466,489.98170895365547,198.33280049939867
1778424355,12467,1240.5331090881004,141.36508721431827
1778424355,12468,470.517274214157,180.64216239607984
1778424355,12469,1439.8438860874098,56.84451425554405
1778424355,12470,133.54593441575545,74.83311839455648
1778424355,12471,1330.3239867216967,35.88505819452866
1778424355,12472,192.2509346863258,22.569759879628673
1778424355,12473,748.5404763016614,101.56411685737919
1778424355,12474,1869.1312808601162,164.29678146568153
1778424355,12475,969.253671016268,172.5612795249083
1778424355,12476,312.56291686604385,93.36463182723439
1778424355,12477,684.1960597316421,223.85587653319038
1778424355,12478,209.84325651633833,197.0990569983596
1778424355,12479,251.80480024733103,208.91292529947117
1778424355,12480,1453.2977301404019,144.88636278897326
1778424355,12481,1339.4591722428456,149.9773726684452
1778424355,12482,1377.966625100585,149.88312356314884
1778424355,12483,873.6556716103551,92.12668474038992
1778424355,12484,683.305030246355,142.58185091085357
1778424355,12485,681.1657328792602,54.969591247167834
1778424355,12486,468.4834875660147,183.234430535364
1778424355,12487,519.4869259990977,44.85242940285774
1778424355,12488,450.2785547487269,55.23051572918412
1778424355,12489,224.45411054658865,153.7193653165086
1778424355,12490,930.6996981282242,28.310820388170733
1778424355,12491,392.9321693165185,142.28721943762767
1778424355,12492,474.49826863691834,167.86393615651977
1778424355,12493,1016.2523455915593,121.91251323376999
1778424355,12494,683.6697770055558,164.70345803428836
1778424355,12495,480.49260383121776,303.41181732281353
1778424355,12496,1789.1496529265053,137.85610252632785
1778424355,12497,2472.1273585896756,104.11132977905231
1778424355,12498,747.5362626654232,217.95959345007077
1778424355,12499,201.5300923669153,119.37526927284179
1778424355,12500,1555.3291870302821,152.86533314774084
1778424355,12501,401.07661001293553,71.22264777368449
1778424355,12502,559.8488963749048,199.7578066421069
1778424355,12503,723.7248589166588,213.2196287144839
1778424355,12504,280.2265902587636,185.06280282349084
1778424355,12505,976.2563142416433,162.43586575854488
1778424355,12506,263.5528916864322,140.77743317066808
1778424355,12507,863.7128466487959,190.950802073022
1778424355,12508,2565.8386649779227,62.48491502352295
1778424355,12509,381.69027513346185,65.22869328210342
1778424355,12510,579.3483562971013,199.99125126819055
1778424355,12511,1325.968055695209,155.39753233156387
1778424355,12512,500.98367617607096,106.07530798772407
1778424355,12513,420.077255883351,156.27411799285207
1778424355,12514,1469.1315564999559,75.63554616120915
1778424355,12515,1434.2766252486485,43.94183926295335
1778424355,12516,323.8824913785509,152.09804625198836
1778424355,12517,196.5545035922423,118.9664834226793
1778424355,12518,1766.402914753495,40.75758919007511
1778424355,12519,294.4770829094008,97.5395201380791
1778424355,12520,254.96350449691724,163.77374491312534
1778424355,12521,914.2321123000391,139.74033306262413
1778424355,12522,421.75772823473534,66.85241311271983
1778424355,12523,1454.1105789788403,150.90012080989814
1778424355,12524,1260.1727029628678,205.69223103827272
1778424355,12525,1114.8788966380034,104.29416630863892
1778424355,12526,279.38884203861875,112.09190926036824
1778424355,12527,432.0411702817047,293.73529793041365
1778424355,12528,567.9161963528294,260.37399156764553
1778424355,12529,1270.3639263217742,206.72005649644063
1778424355,12530,2119.57692542878,128.38840690204097
1778424355,12531,1423.403853518313,158.07821278496553
1778424355,12532,433.752344536541,74.5634328201412
1778424355,12533,823.839330415409,222.75996178113337
1778424355,12534,696.0929419633604,195.88964121928564
1778424355,12535,280.4666383274368,100.24733971994787
1778424355,12536,344.1898461954484,113.62470499821464
1778424355,12537,416.68798045705086,155.7106114268075
1778424355,12538,809.7555120283953,200.14449501620493
1778424355,12539,207.69113692586953,39.52339830931063
1778424355,12540,325.64458831045005,236.0162939494033
1778424355,12541,696.7817855641048,74.97516820484279
1778424355,12542,575.7086811203271,87.43313975891381
1778424355,12543,953.9632622849659,145.17165001018162
1778424355,12544,371.8407231314656,258.82547219178775
1778424355,12545,209.7136074206305,153.64725303104788
1778424355,12546,1099.2999166261798,236.186537748382
1778424355,12547,1189.0699070692249,109.48968108360434
1778424355,12548,500.18784180986614,244.4679340864057
1778424355,12549,1356.696005302153,170.60872235536928
1778424355,12550,712.3492695515338,225.1481113539137
1778424355,12551,1494.8761396067036,60.80157414875847
1778424355,12552,258.7985238604432,32.59723115321642
1778424355,12553,557.5160806385737,211.58350370321332
1778424355,12554,1134.742057400999,178.10424680037852
1778424355,12555,654.4522837277964,190.37239658333752
1778424355,12556,912.6349533771178,112.90433041168747
1778424355,12557,506.85731425765914,209.30450127069048
1778424355,12558,1398.127771003678,165.8395787510669
1778424355,12559,1332.8215736543955,25.030025231553946
1778424355,12560,222.09401299803065,71.58412912521023
1778424355,12561,1268.9680010703814,138.80312622485675
1778424355,12562,228.11001621275923,27.919490262291827
1778424355,12563,242.7234350294449,43.16030412424234
1778424355,12564,681.9759891686782,91.94655059768931
1778424355,12565,1686.8757127371057,118.78115164033154
1778424355,12566,1825.5988673290838,186.0465505515262
1778424355,12567,597.9162968199939,237.31900840106147
1778424355,12568,1095.536758679483,105.45792277705785
1778424355,12569,445.0241878207389,50.165414497307246
1778424355,12570,966.0395364360495,204.59919835908923
1778424355,12571,713.1188278084954,112.52756122306825
1778424355,12572,557.2178001470103,235.84587319433965
1778424355,12573,1195.3874126037797,110.4239616633006
1778424355,12574,1354.7701251774904,156.83682975612209
1778424355,12575,782.3342020536285,178.47036947162832
1778424355,12576,378.75615612838675,138.10802470975523
1778424355,12577,1822.5559886089063,205.03100858834586
1778424355,12578,444.2263363214181,25.09187273797737
1778424355,12579,216.8017985931531,133.94292361251934
1778424355,12580,588.726806042108,159.25810299778396
1778424355,12581,238.68631838607317,33.20435784459192
1778424355,12582,532.9682513886908,139.27225242501493
1778424355,12583,222.48852172736576,105.90922037110343
1778424355,12584,1207.2057343959393,161.76457493502926
1778424355,12585,424.7730508779972,63.2574936061993
1778424355,12586,706.0223718619515,230.2039071621574
1778424355,12587,1138.2284351837702,178.69751268755715
1778424355,12588,630.8799514399949,46.19544777876437
1778424355,12589,274.55785106683663,178.63404701423656
1778424355,12590,132.42009448734902,23.49211918141593
1778424355,12591,184.53604546782228,89.07203109421286
1778424355,12592,135.35223146786768,38.89398394798427
1778424355,12593,444.7782460738274,170.32781162923942
1778424355,12594,790.357036353374,98.96827178713066
1778424355,12595,2345.064167376302,86.91396903983026
1778424355,12596,309.3690121147529,94.44984298182116
1778424355,12597,1012.4420874331878,140.30441988674775
1778424355,12598,272.67885101152854,87.8606936206222
1778424355,12599,134.03739068651862,42.56222866505063
1778424355,12600,664.0936536175175,207.13497621809321
1778424355,12601,1120.4162910689256,80.77277838094409
1778424355,12602,1260.6917810304162,147.82476207869016
1778424355,12603,430.2076552371591,50.65495138845764
1778424355,12604,1210.865090054497,25.435165819961092
1778424355,12605,596.8272992756398,227.30724058361102
1778424355,12606,186.6616062576499,19.93284107193551
1778424355,12607,3472.4658744753897,54.60277203930793
1778424355,12608,509.8092337317252,234.61569735117126
1778424355,12609,323.80206217898024,167.59026349735785
1778424355,12610,1452.39692891527,82.64971657658037
1778424355,12611,117.83571362290391,16.002314349650092
1778424355,12612,326.6623834877237,71.54237007848901
1778424355,12613,546.8886464409691,189.9776178757369
1778424355,12614,1358.4470245982075,107.21387386017261
1778424355,12615,1993.4150339187465,115.33901437920657
1778424355,12616,279.8511945942117,10.789850318643763
1778424355,12617,177.79788985620158,27.73475428186163
1778424355,12618,1226.5594545086087,143.70648219208215
1778424355,12619,184.03121548202637,26.28664253843437
1778424355,12620,258.29678169323734,198.2601476663889
1778424355,12621,935.9293096733893,170.9062507313446
1778424355,12622,348.6513333435041,164.35894371670673
1778424355,12623,562.8967075672698,69.71933656945633
1778424355,12624,1055.5071789119509,162.3975886669336
1778424355,12625,480.4161830901016,189.28142946607977
1778424355,12626,388.6095444173489,30.39560515190185
1778424355,12627,756.0734833681187,199.50436109826808
1778424355,12628,228.02544222452997,74.79803823714963
1778424355,12629,732.5772294973016,202.99874603652796
1778424355,12630,594.3252965241911,128.96975261507342
1778424355,12631,1175.225730967714,150.4301140506946
1778424355,12632,1115.5868253511453,166.38232647863532
1778424355,12633,1474.6836655403106,171.21306874456144
1778424355,12634,490.33776992550406,208.48974694230185
1778424355,12635,314.0212472359614,198.35758570068649
1778424355,12636,182.6713369244235,21.279832452352434
1778424355,12637,1364.539744162278,181.33283358865629
1778424355,12638,506.4520236981772,154.73967156489556
1778424355,12639,2348.27538587595,121.80288934203601
1778424355,12640,260.16792236669755,161.51071103019154
1778424355,12641,1093.3256188007872,83.4380177132259
1778424355,12642,801.727927737078,119.14532315400363
1778424355,12643,2216.1633782551226,68.00575773835399
1778424355,12644,2054.7217294390625,102.43113362633555
1778424355,12645,412.0851289195075,182.80771509908956
1778424355,12646,551.6042082739,190.18358656145122
1778424355,12647,528.9270414304854,63.724048038949704
1778424355,12648,716.3846353685236,212.21502552584326
1778424355,12649,1143.9941213557665,186.05836649174486
1778424355,12650,2021.808354474691,108.35919240746298
1778424355,12651,531.0435301227593,43.8215004923829
1778424355,12652,274.0939825207163,117.82713621850533
1778424355,12653,1042.7741292842006,46.43147063193281
1778424355,12654,251.55808205239842,144.5409018609893
1778424355,12655,547.9729571036938,136.0712904730137
1778424355,12656,308.98983768786167,41.237099688309684
1778424355,12657,3573.7689325859856,107.90702814701177
1778424355,12658,921.4147160886469,174.92519814683385
1778424355,12659,654.0412240935518,77.23844683206025
1778424355,12660,1228.9874791834063,139.97790382225526
1778424355,12661,1605.1822423985227,59.9652564219174
1778424355,12662,481.5387981701303,20.3551362522136
1778424355,12663,1260.967468705215,194.1658159477546
1778424355,12664,485.2906577136277,153.12715653019924
1778424355,12665,551.5039945428517,156.67575451816043
1778424355,12666,577.1052591390967,60.11436730512816
1778424355,12667,545.7450437013993,32.93711401428492
1778424355,12668,1363.192978584815,89.2937166268322
1778424355,12669,254.3301785725828,83.55733477427651
1778424355,12670,869.5542809391436,29.444987840965798
1778424355,12671,301.00034019541874,67.60725800695005
1778424355,12672,1532.0766966170847,45.13840898203937
1778424355,12673,1501.11327762932,163.76629390103855
1778424355,12674,530.3626575339993,194.43363793928359
1778424355,12675,739.4191290776781,202.39405086487872
1778424355,12676,671.5905281228789,44.61766527681819
1778424355,12677,999.9513887483566,153.92047896273922
1778424355,12678,867.0056389139878,42.475041629612
1778424355,12679,270.9861317784166,88.03926940478469
1778424355,12680,313.0959828989943,46.41112101011602
1778424355,12681,408.4236917525582,103.02018520534826
1778424355,12682,2034.235413821712,41.21160817343501
1778424355,12683,213.70977186752074,64.0098215336172
1778424355,12684,563.0765446736225,277.8290512055617
1778424355,12685,622.4867322004959,84.9096444417353
1778424355,12686,511.05686378491663,239.01549780615463
1778424355,12687,715.3660446351624,150.04495299109863
1778424355,12688,132.4520555653604,30.158135908555025
1778424355,12689,1646.4300703448812,150.8092445968443
1778424355,12690,357.18514432119173,89.4942029170432
1778424355,12691,408.3632460960941,76.12136040767072
1778424355,12692,981.0520918525002,38.08394017448685
1778424355,12693,752.0828507949623,144.60871947013598
1778424355,12694,933.8640199662028,189.78169692815453
1778424355,12695,412.35370445013933,205.662431400196
1778424355,12696,728.3373415949075,190.45692417437806
1778424355,12697,609.7540365094912,170.5571515666053
1778424355,12698,271.4687532098867,151.4884500215182
1778424355,12699,865.122788925839,180.18656168530185
1778424355,12700,2386.874955746019,59.513910695769184
1778424355,12701,665.8079143530896,47.2734494361287
1778424355,12702,318.7221384633893,42.532109446437374
1778424355,12703,545.7049275499263,27.090709768917392
1778424355,12704,1967.2702077297986,93.82370452693888
1778424355,12705,193.2647339684562,39.04077286302921
1778424355,12706,1262.930804401793,112.48494815441985
1778424355,12707,511.98894485582036,52.34359920712051
1778424355,12708,1170.521829323809,134.87622143344691
1778424355,12709,86.05228215293859,45.950515410139445
1778424355,12710,969.4662600447114,32.27111051238581
1778424355,12711,144.3868614695834,23.451325424848367
1778424355,12712,280.8304265491377,74.0548470056142
1778424355,12713,1259.322409491408,52.36683523851683
1778424355,12714,318.8344469667347,32.394346847514335
1778424355,12715,1481.534622569735,192.78791135962376
1778424355,12716,1554.1945851997887,148.95515348603485
1778424355,12717,974.8060756281467,121.03718281646714
1778424355,12718,156.0391757362308,32.03477434842307
1778424355,12719,1299.8305712655317,117.63711878876472
1778424355,12720,720.7192542660936,73.16577890877961
1778424355,12721,228.15695882683139,192.06580298012656
1778424355,12722,471.37405665440275,194.8944760361581
1778424355,12723,391.11158187038944,181.69727449539525
1778424355,12724,215.52894646754524,26.792023442586025
1778424355,12725,383.4263728729735,83.1848093164445
1778424355,12726,326.09498325036736,245.00919238608063
1778424355,12727,2136.5218652157746,42.206660473009904
1778424355,12728,436.6054261508859,94.23795302291275
1778424355,12729,1585.065284073542,148.21859943930744
1778424355,12730,478.6141432911284,193.53099099472112
1778424355,12731,471.235359925304,227.6910860951323
1778424355,12732,998.9323521481024,99.2387732997117
1778424355,12733,1192.9805031989872,146.17580695345913
1778424355,12734,659.0209422015174,168.90534652093137
1778424355,12735,812.6576897483405,139.92330277709254
1778424355,12736,149.83195059922687,52.64636429810916
1778424355,12737,435.38912867368856,47.58958390156936
1778424355,12738,349.02890538632005,82.87725916655681
1778424355,12739,1074.338750362234,105.69239184465933
1778424355,12740,1592.847956100139,122.44082318840059
1778424355,12741,874.2249519546995,206.62081733527677
1778424355,12742,235.34617995510598,63.95152400465284
1778424355,12743,230.72375818436709,109.25670725328568
1778424355,12744,344.79407782932805,238.12248667099962
1778424355,12745,503.12443957383107,86.73267674005477
1778424355,12746,1431.8342010175527,181.75161301562483
1778424355,12747,865.5049622068167,191.58853415338749
1778424355,12748,752.4122756093328,197.3552262639035
1778424355,12749,1963.0356306583453,35.23254487772334
1778424355,12750,256.01006664784455,83.43874646544567
1778424355,12751,227.05648240754368,46.15590761710328
1778424355,12752,756.0315488511574,163.39082035122897
1778424355,12753,518.0660760369244,151.70692211713072
1778424355,12754,663.882071484046,33.54340575131289
1778424355,12755,871.5621935958443,98.41575225110704
1778424355,12756,368.80338761164455,118.12469526740718
1778424355,12757,307.54398110346466,17.27484062644108
1778424355,12758,781.1607463192616,107.54513967905974
1778424355,12759,1138.3655045759542,174.3039175373183
1778424355,12760,485.89145028272395,33.08602953633088
1778424355,12761,299.00886162316266,91.52163398130985
1778424355,12762,794.3110419581244,35.36607874751304
1778424355,12763,463.80345078260365,26.69869268686026
1778424355,12764,846.1779540770056,79.62949850322295
1778424355,12765,67.87723659664262,35.410338252660154
1778424355,12766,187.63121298883567,63.64202453868936
1778424355,12767,1311.5508230780197,167.00970897422667
1778424355,12768,211.98130670725058,27.466352926997654
1778424355,12769,158.96364481548667,29.216228517752462
1778424355,12770,226.08928649027246,46.620979534289106
1778424355,12771,472.4584828770979,106.21687160428587
1778424355,12772,121.7901110031796,50.84571093186102
1778424355,12773,1102.9358543444246,146.26614415412467
1778424355,12774,680.7590817389591,189.64962971342877
1778424355,12775,2118.2184182158135,40.42241238041112
1778424355,12776,112.23584705381079,28.336876889078127
1778424355,12777,460.3182453022379,35.784175158641325
1778424355,12778,1164.2531518886485,160.44565464967008
1778424355,12779,2992.10450276789,112.0731212594626
1778424355,12780,296.81465560481166,397.51269708338367
1778424355,12781,1614.2659536122155,117.36741796574894
1778424355,12782,403.0306831988996,116.00578059281756
1778424355,12783,810.8903573128733,157.1817480209643
1778424355,12784,415.00922067818215,86.77842956950784
1778424355,12785,1071.22340598362,183.9501852965056
1778424355,12786,327.08108373821204,110.6507778829047
1778424355,12787,540.0107124437798,189.63108521425605
1778424355,12788,687.6671019093321,131.1709532777806
1778424355,12789,564.2752784927645,79.00228925327752
1778424355,12790,142.55053057989414,28.912721743559395
1778424355,12791,448.8594259110359,145.7438934651031
1778424355,12792,366.16297782921407,33.5531008635633
1778424355,12793,1174.6324742285938,175.0546584788239
1778424355,12794,727.8418876500729,122.70015633609582
1778424355,12795,287.83792327896225,75.37609991239103
1778424355,12796,678.5278544947333,47.55136913202122
1778424355,12797,239.9634377597957,42.1789616609601
1778424355,12798,413.4174434961265,121.24713390064377
1778424355,12799,283.4757046512139,92.86527207105146
1778424355,12800,434.24931268992674,197.8561601813081
1778424355,12801,600.840075217797,195.2993085550274
1778424355,12802,442.9651219149573,50.98058516975066
1778424355,12803,322.20446797490285,35.80616971614998
1778424355,12804,293.5831907223893,65.35093133282078
1778424355,12805,410.31498902480195,122.49261043624182
1778424355,12806,1543.6307729386676,39.23992203788025
1778424355,12807,243.5072771004568,139.50187638417265
1778424355,12808,564.8103471092504,49.5238675021626
1778424355,12809,332.4938764180697,55.71531581701385
1778424355,12810,523.286491382231,157.41979688682625
1778424355,12811,1373.1584803049545,126.88771786009521
1778424355,12812,591.7944700072438,75.82035014079234
1778424355,12813,687.466013201723,82.9845017095633
1778424355,12814,1477.5082482592957,137.3383601295911
1778424355,12815,648.1719317453815,218.3975665170853
1778424355,12816,1546.363560347592,112.37288394714541
1778424355,12817,268.05453852415786,43.93020839277429
1778424355,12818,634.1949468114428,162.01376513740252
1778424355,12819,245.2300119603022,17.506742522826286
1778424355,12820,405.3978114020825,34.39852545092187
1778424355,12821,272.94382618608574,248.08054654636973
1778424355,12822,789.9521154661124,149.0444694880279
1778424355,12823,266.73955133296397,31.871203168404076
1778424355,12824,261.1757148788486,58.203393611420765
1778424355,12825,349.2808702514683,155.45430431249338
1778424355,12826,252.09387301555802,121.82464507397195
1778424355,12827,370.3578435678213,74.93906817046806
1778424355,12828,621.1505707709242,34.55415420498208
1778424355,12829,1362.5408262738845,177.9692989544463
1778424355,12830,133.3065901766854,66.25183934281627
1778424355,12831,1076.6524587726058,164.51959016872638
1778424355,12832,902.4369362130459,124.74992066965673
1778424355,12833,686.2875628156494,151.66497104754262
1778424355,12834,380.1486474238832,51.52733952469347
1778424355,12835,441.2571992434792,72.10050140543399
1778424355,12836,330.25154518496237,171.2498797756514
1778424355,12837,435.6326194735662,140.7449265450838
1778424355,12838,2655.0717112801076,90.05858088296799
1778424355,12839,1502.8067248493626,84.53494611837385
1778424355,12840,285.2545033128821,169.690417121698
1778424355,12841,987.5653884154859,141.01761475471673
1778424355,12842,350.15948467020365,108.97757594330734
1778424355,12843,201.19376394539387,47.75522624904688
1778424355,12844,534.6007261162803,36.57030906837586
1778424355,12845,594.7302080949346,154.56905643555402
1778424355,12846,288.5557083292244,128.24154036029316
1778424355,12847,1769.314957977153,202.79796603773715
1778424355,12848,3419.6059000221103,39.87742796321547
1778424355,12849,1284.962204308223,148.39935531172148
1778424355,12850,369.63964552132353,13.657288185578006
1778424355,12851,857.3242120239989,75.8344085494214
1778424355,12852,93.29349225950713,72.15163930657754
1778424355,12853,202.97905349703547,69.41427173168533
1778424355,12854,614.733630134198,276.1267982909418
1778424355,12855,594.4761722703938,31.397483233172547
1778424355,12856,3830.1973444680702,145.9199237799542
1778424355,12857,892.9524193420813,230.75680668410843
1778424355,12858,409.16396407423855,52.77978505104912
1778424355,12859,102.7286827839281,29.762982718906734
1778424355,12860,675.3927728547478,122.18046780582384
1778424355,12861,731.352692633136,80.47197598292037
1778424355,12862,1243.9244103643894,168.43736401984998
1778424355,12863,545.7173728361915,231.83905635862408
1778424355,12864,1578.7751971637806,83.0904452216786
1778424355,12865,543.3638377865686,112.36612013931287
1778424355,12866,961.7398726801315,148.22980456402527
1778424355,12867,335.4930885214116,105.26116563294838
1778424355,12868,621.3058401345988,253.18716605955856
1778424355,12869,1490.7369311892332,173.28200158570448
1778424355,12870,170.974849200964,42.987522914769585
1778424355,12871,996.5144358414566,174.2016221267101
1778424355,12872,876.6964011706222,176.51378153658243
1778424355,12873,105.05665677209964,28.576883781774782
1778424355,12874,419.7022622493319,65.81957793532203
1778424355,12875,1406.524053987588,162.08611942121115
1778424355,12876,1363.2109519304918,110.32260599590204
1778424355,12877,995.6835353643677,121.20067095743303
1778424355,12878,1307.1908584329638,151.99124354691983
1778424355,12879,756.7219568545285,198.94471671601286
1778424355,12880,725.122852142218,36.42945050130891
1778424355,12881,330.48584791769866,74.1733355467272
1778424355,12882,557.4786102240918,203.58462207401556
1778424355,12883,1605.9929929284897,115.1606098403944
1778424355,12884,209.77084436565093,107.85151235658381
1778424355,12885,1075.2453346504578,155.0470560265533
1778424355,12886,72.75273883556046,35.89724955299005
1778424355,12887,1513.9221372099594,184.33105444709742
1778424355,12888,357.214261655947,275.4356853355714
1778424355,12889,1362.2043643764039,41.39107440662051
1778424355,12890,546.6025593504668,252.6602421085724
1778424355,12891,273.18199342995706,38.57189934562508
1778424355,12892,614.264296257957,168.3277043328068
1778424355,12893,310.4498590969888,59.19151195356251
1778424355,12894,156.21950574579432,148.7478847222603
1778424355,12895,458.4617430930889,77.33160196976921
1778424355,12896,1018.738341089232,124.29202009688674
1778424355,12897,456.1146997592493,191.81718619688084
1778424355,12898,942.0987253422902,164.53632115466354
1778424355,12899,332.6364795977636,281.29873015000305
1778424355,12900,682.1894519713568,237.96166902868518
1778424355,12901,346.2707559199598,44.45067411965445
1778424355,12902,283.83503939948395,84.68330102651716
1778424355,12903,690.1027558574003,35.28817313447701
1778424355,12904,952.898153379133,92.74145246938613
1778424355,12905,1542.1880196389984,165.70397220871146
1778424355,12906,671.7565936093284,296.87966160696806
1778424355,12907,416.87641689494995,21.452936672266574
1778424355,12908,228.33955690867805,17.228385935690856
1778424355,12909,1659.7734161777194,144.389332155055
1778424355,12910,690.3380684634888,151.55738605194844
1778424355,12911,859.937322330568,160.26318504101107
1778424355,12912,224.45341076897884,44.86032529091897
1778424355,12913,113.76530693224981,13.762082196441765
1778424355,12914,1245.192115020916,197.80884167593715
1778424355,12915,248.528057093255,76.7027266931504
1778424355,12916,3156.594247947443,54.66529827422958
1778424355,12917,801.2806505663729,189.15420267231673
1778424355,12918,274.42084463189946,94.88781961242834
1778424355,12919,495.7129728323057,102.92314468118853
1778424355,12920,79.14735467453028,25.492530299870285
1778424355,12921,823.1310026825485,96.3528319222106
1778424355,12922,411.8360393968242,242.87752262572772
1778424355,12923,1801.533270701765,85.52710103019557
1778424355,12924,548.084838202824,271.44442268507925
1778424355,12925,448.5632410072396,29.552168822034627
1778424355,12926,544.9994883403918,130.34947547362535
1778424355,12927,1249.8317551853988,47.53240410542968
1778424355,12928,790.0501946776631,26.74998770880672
1778424355,12929,429.7734047318321,65.12490147828582
1778424355,12930,1697.9175040203181,120.23901073553938
1778424355,12931,1196.5535565753823,168.42529069018855
1778424355,12932,1558.6392429183186,142.62672997057462
1778424355,12933,674.4987524044909,86.12727302321132
1778424355,12934,828.2958410645342,180.74766649633125
1778424355,12935,818.2566240508907,118.60178233769543
1778424355,12936,63.612302383203904,19.09493855850192
1778424355,12937,330.9532756935778,157.05011339724854
1778424355,12938,240.839662530058,100.55440432482813
1778424355,12939,899.809535909212,162.90285845320255
1778424355,12940,220.86231177233964,121.45671858448375
1778424355,12941,539.0625153283369,54.9474783714566
1778424355,12942,1154.1284960449584,49.01087358153208
1778424355,12943,424.453716401647,204.38215724858418
1778424355,12944,540.967096406168,220.29080162367416
1778424355,12945,848.9071629495531,36.38982182900491
1778424355,12946,546.1487485154853,29.972796756073866
1778424355,12947,1587.138634705862,161.45117800778868
1778424355,12948,154.47957739436168,61.949915702383116
1778424355,12949,176.45233250133958,21.596346922463756
1778424355,12950,326.8782580187178,205.757648464369
1778424355,12951,1389.2801223258923,179.728822396541
1778424355,12952,1369.6409006844035,219.82293176312527
1778424355,12953,230.84974903931837,184.0480826749334
1778424355,12954,106.7318147871209,37.16411825018748
1778424355,12955,570.6552135456456,209.59408255113888
1778424355,12956,448.91049735635454,30.31651622252252
1778424355,12957,623.2711176876493,211.75883666049916
1778424355,12958,1059.6511776007442,194.10366071989208
1778424355,12959,171.30378497693368,52.92677832262799
1778424355,12960,313.24745464293335,269.55865664446907
1778424355,12961,479.74652076277573,187.83505807915688
1778424355,12962,430.4454627119727,173.72160087639742
1778424355,12963,430.269161573364,56.025561421941035
1778424355,12964,828.6689002984508,44.28405505797729
1778424355,12965,778.1108321931916,33.02775294745948
1778424355,12966,189.67741174576315,70.72857699122004
1778424355,12967,595.8594302258899,175.60102736131873
1778424355,12968,427.25714896382465,251.20132016148946
1778424355,12969,491.0840692153629,31.586803410706732
1778424355,12970,200.54336246752854,35.81860646108855
1778424355,12971,538.9428288875328,113.8311387122417
1778424355,12972,1020.8947008507225,176.73208140421093
1778424355,12973,174.46165586669198,43.17478487417803
1778424355,12974,461.01923730408186,58.72661476895213
1778424355,12975,962.5639537261961,178.42098299545765
1778424355,12976,213.31216426028473,91.45754689906944
1778424355,12977,395.90668459338855,189.7503263813471
1778424355,12978,607.0198495605857,195.75003865971095
1778424355,12979,1391.2498096052639,127.7850994003537
1778424355,12980,1654.6273823813874,98.27594258194655
1778424355,12981,781.9489856994358,166.74114901787738
1778424355,12982,351.46391765774246,79.80771296479621
1778424355,12983,1128.0536459155237,159.0773872963362
1778424355,12984,3171.3260117341815,60.56671287022046
1778424355,12985,307.24185790142604,170.69213280298445
1778424355,12986,474.8236879678596,135.43661762791325
1778424355,12987,234.27308120459722,40.47909675676319
1778424355,12988,301.3706934524206,49.0539500021175
1778424355,12989,216.80797792603823,55.9938849887557
1778424355,12990,456.7216952590313,215.72618143631098
1778424355,12991,1762.5235997649734,55.66157487697716
1778424355,12992,355.5053416890954,208.11026259294104
1778424355,12993,399.1763661342751,19.18621705714667
1778424355,12994,630.2220540037359,226.93834099379185
1778424355,12995,364.46884430965576,44.08192727324668
1778424355,12996,263.6109539145205,123.98221422375637
1778424355,12997,1085.575628670404,154.78748562268427
1778424355,12998,203.7700230825617,27.565176799007485
1778424355,12999,233.4970601892912,68.40408044619421
1778424355,13000,606.7108596504813,173.76318840392466
1778424355,13001,481.7300123793529,44.15547980292814
1778424355,13002,800.6359047634523,171.647856533602
1778424355,13003,275.5841118466995,129.444506901988
1778424355,13004,753.7233576620167,145.0094295329604
1778424355,13005,1045.947299601121,118.29374731408392
1778424355,13006,374.0038453158308,67.23485336994936
1778424355,13007,516.7251494339616,221.2871648393338
1778424355,13008,193.89539608809807,65.42351529879284
1778424355,13009,163.35246938387164,68.41245573730227
1778424355,13010,277.2020008667352,64.31979318301833
1778424355,13011,871.9121917116765,203.26613858761294
1778424355,13012,1034.6053205391413,145.11312658195382
1778424355,13013,974.5338582439521,190.61765760164496
1778424355,13014,405.77708198394384,254.96097509877492
1778424355,13015,453.385781769629,145.8855711690224
1778424355,13016,675.7650354210267,138.04009305500472
1778424355,13017,1044.941632712267,171.69915312698674
1778424355,13018,812.2117860193188,62.41519910092822
1778424355,13019,434.3763872279162,153.21486661062923
1778424355,13020,1052.112858936761,135.9624058595052
1778424355,13021,709.2898006734372,32.18972398608663
1778424355,13022,254.97702266122323,84.38110443091915
1778424355,13023,2011.026985748344,129.29391804878946
1778424355,13024,228.05045562117337,110.7214937327556
1778424355,13025,829.0740689947296,62.30266383034468
1778424355,13026,923.6476215093647,147.29454784899625
1778424355,13027,148.4688910805029,41.886915617848636
1778424355,13028,2090.057156647552,171.51379689087372
1778424355,13029,291.113463357966,31.116119212083213
1778424355,13030,175.99237631876485,90.44194618187962
1778424355,13031,867.7378636347632,126.90062638847533
1778424355,13032,1492.123247745486,140.69668732677542
1778424355,13033,1204.3831775006602,44.791461873996596
1778424355,13034,391.17961814340424,243.76903967598167
1778424355,13035,407.9113187441352,81.51080916696866
1778424355,13036,1285.2236367100384,136.09115959656182
1778424355,13037,358.9106966220221,224.45344121352989
1778424355,13038,265.51105878738196,237.1450097232068
1778424355,13039,509.27968817157324,327.0425315957427
1778424355,13040,840.7299973279202,189.69832589238644
1778424355,13041,142.48608800804996,57.24186530750333
1778424355,13042,1541.9828375227655,104.99606641190607
1778424355,13043,1694.0112779699605,98.62233893570307
1778424355,13044,651.785690190171,50.386444208417075
1778424355,13045,894.6276132484203,34.84658674947758
1778424355,13046,497.69445981447785,147.49936427292425
1778424355,13047,172.9254429844927,17.42294006342007
1778424355,13048,2197.6804666517796,34.033922663562315
1778424355,13049,394.29510192275393,23.874259956565954
1778424355,13050,600.1896867258865,46.34743370131423
1778424355,13051,1415.759104537348,127.20537717333771
1778424355,13052,630.2299733500364,234.55830199773501
1778424355,13053,396.31160249456246,185.0621198500262
1778424355,13054,759.6615099056345,155.0186545211171
1778424355,13055,357.4766159273933,88.56420793287151
1778424355,13056,249.72535524974194,32.86060437104452
1778424355,13057,156.31673160565546,27.329629159031143
1778424355,13058,691.2546257959661,147.8845195835711
1778424355,13059,400.4315704456992,52.795893969156914
1778424355,13060,1128.2034530819305,114.6198302448877
1778424355,13061,918.7793218358339,199.79313907241243
1778424355,13062,317.43325677909877,224.3324392787862
1778424355,13063,902.6236252814655,153.04969984816623
1778424355,13064,325.7731592903697,27.010717762914798
1778424355,13065,365.2422531481927,252.17372593549103
1778424355,13066,1456.0570867100453,108.4921613536392
1778424355,13067,255.9753756206846,51.89564888637609
1778424355,13068,183.53894785289194,97.46715241142539
1778424355,13069,121.16040296653708,67.65428621810261
1778424355,13070,738.4908693110758,163.7484088107644
1778424355,13071,918.0058479721694,213.13047652245746
1778424355,13072,1203.3308013167803,126.80890838891489
1778424355,13073,764.7200291149294,72.2313557688132
1778424355,13074,485.5516305112454,79.09304047938367
1778424355,13075,246.79706563374708,47.11718820713744
1778424355,13076,732.6556233476326,31.007070016011316
1778424355,13077,275.27597373179395,65.33727362700527
1778424355,13078,645.0765602243872,165.79589216165064
1778424355,13079,542.9025215022506,64.63439699430987
1778424355,13080,578.537220913578,109.72278080549735
1778424355,13081,1091.2824783413416,141.80148004846265
1778424355,13082,571.4898359261257,218.7080674548376
1778424355,13083,339.254847967162,191.4253506128624
1778424355,13084,922.1003866357943,155.79149099970724
1778424355,13085,1654.447384681822,170.16973278465863
1778424355,13086,1998.8939409862637,42.77130848085474
1778424355,13087,1417.3255645786353,171.8788627520689
1778424355,13088,293.988840755173,42.913763252438834
1778424355,13089,646.4929061090683,203.4179238561299
1778424355,13090,540.2415182389451,110.83817878087119
1778424355,13091,3245.510701241855,131.55136470109545
1778424355,13092,411.27570322757555,79.36816000671358
1778424355,13093,1065.9271732329444,168.41418782860444
1778424355,13094,245.74872255712782,27.620776695291877
1778424355,13095,219.5209287803787,108.28705390921145
1778424355,13096,85.97411299797811,33.702157987963915
1778424355,13097,580.4343816756092,233.02016065893844
1778424355,13098,1075.8052386141,188.44196227571413
1778424355,13099,200.6309457431374,58.70397046373107
1778424355,13100,412.49978967014346,193.07784287430925
1778424355,13101,229.010759042972,14.747591582200256
1778424355,13102,592.5008507912917,99.68152200325977
1778424355,13103,307.76186425424174,204.17260711520998
1778424355,13104,414.7851852010774,68.63200466580196
1778424355,13105,1490.770039377165,192.83499595131565
1778424355,13106,239.34342679991997,10.934457239082745
1778424355,13107,937.2714463073983,219.20074764080252
1778424355,13108,735.3957571300925,211.87502803230677
1778424355,13109,575.7480337457066,83.13194278671247
1778424355,13110,564.9930779996164,45.38946513158092
1778424355,13111,695.522312235678,76.16013036374247
1778424355,13112,222.02891081082063,98.14139807768295
1778424355,13113,174.14340006772449,67.58214082668408
1778424355,13114,116.40192522648101,16.266087034475348
1778424355,13115,1235.8696895808328,42.37840461757302
1778424355,13116,416.77172696986776,207.44068193401478
1778424355,13117,1630.5607129961563,107.51530554360205
1778424355,13118,1393.8276724520829,44.7806476650214
1778424355,13119,603.5211272695961,266.00720310047114
1778424355,13120,325.1133845852599,20.047138208731212
1778424355,13121,130.46711110976872,22.957028612687832
1778424355,13122,842.7472020305861,177.48216241419732
1778424355,13123,869.1936354851218,39.18664770323294
1778424355,13124,333.4085719898371,62.09954286898903
1778424355,13125,715.2255537759414,98.3074846193894
1778424355,13126,772.6183510025728,79.60087928835917
1778424355,13127,2752.382116928762,87.79904622376293
1778424355,13128,429.0033465924217,142.02599329339466
1778424355,13129,1035.8090571308303,188.7676419664309
1778424355,13130,300.9942718501814,69.73217444231867
1778424355,13131,713.0311853695123,192.20353471381833
1778424355,13132,629.00654455825,197.5178342932764
1778424355,13133,1070.9777049899187,163.68617143506034
1778424355,13134,709.8901573137991,251.35233435397
1778424355,13135,4696.341071537632,90.69840913442385
1778424355,13136,713.205119895224,96.48602276706231
1778424355,13137,1505.9973565537775,92.44463403885355
1778424355,13138,1082.5818295894455,142.8514372637735
1778424355,13139,272.3904734199902,27.357257148054465
1778424355,13140,561.1539533141997,234.06694255657274
1778424355,13141,1034.259320167979,124.5549990810193
1778424355,13142,810.1265605105457,180.89856347842584
1778424355,13143,703.0584833426427,41.72915603434781
1778424355,13144,807.6199595550862,162.30241922224292
1778424355,13145,136.20468016334624,112.93290099681627
1778424355,13146,795.874779111202,104.72343008193246
1778424355,13147,298.5515950726531,42.686785522695715
1778424355,13148,559.3812210856098,122.33592546018713
1778424355,13149,414.0444571646705,39.24841963894056
1778424355,13150,623.3718443468563,242.0831074390628
1778424355,13151,297.33670661395234,115.80244727728483
1778424355,13152,1730.2618563818787,38.17782786801517
1778424355,13153,250.97367953136444,213.93491392387952
1778424355,13154,646.2556062283351,42.31043272210348
1778424355,13155,444.49835662470565,227.7401746431988
1778424355,13156,803.861660348848,208.38767673390032
1778424355,13157,990.3887037203449,43.33055163043978
1778424355,13158,1197.398270585132,165.24707298970077
1778424355,13159,485.3213038932856,92.66566442024414
1778424355,13160,1571.2508151084294,186.460880961747
1778424355,13161,647.333767585482,238.2762149255386
1778424355,13162,303.15558425280557,49.714356882745356
1778424355,13163,1047.1738680839474,166.52847143245594
1778424355,13164,480.4413682033139,240.00168935736647
1778424355,13165,579.4776396914104,206.77705104627756
1778424355,13166,1554.4600864468473,147.73481421329208
1778424355,13167,1814.08898098247,30.70094121997858
1778424355,13168,261.5017532121124,87.42262656450899
1778424355,13169,994.0055923652807,58.90181186646968
1778424355,13170,341.0283965490159,43.45883327674716
1778424355,13171,1672.956261733555,33.88491302765437
1778424355,13172,1766.6657532309996,47.558990661911956
1778424355,13173,404.91218136986015,52.16366541830504
1778424355,13174,1209.0957094589126,66.0397487090834
1778424355,13175,446.3141273543574,166.6776064732247
1778424355,13176,193.03471986553635,32.624401443027246
1778424355,13177,210.00919109910816,38.90021793723243
1778424355,13178,248.31343423287498,76.06816730767147
1778424355,13179,165.28296898684573,32.195817768011146
1778424355,13180,537.8871735431745,161.8680618906848
1778424355,13181,422.9641186997329,213.0817011398241
1778424355,13182,1159.1177669004676,181.24949025894273
1778424355,13183,115.89400271412256,14.047196830812055
1778424355,13184,279.20332333601675,36.21388925585314
1778424355,13185,224.57469329647444,72.41107989722359
1778424355,13186,722.8929335930262,191.56654075112525
1778424355,13187,214.13765225303797,77.80886942887074
1778424355,13188,741.2442021178232,65.55015550481723
1778424355,13189,593.2477212354489,107.47137265479122
1778424355,13190,247.84832734383602,38.81231609369439
1778424355,13191,2479.0405883238773,123.3631208265724
1778424355,13192,1551.2665429710048,166.32896681637564
1778424355,13193,1029.5370990046667,169.9895285286787
1778424355,13194,694.3880461645854,133.88063175681071
1778424355,13195,1516.1165288509565,139.74831264183797
1778424355,13196,431.39990826891005,60.1852467795087
1778424355,13197,2061.456886439126,50.67210958060603
1778424355,13198,308.632395125416,230.678560654225
1778424355,13199,978.8667487043499,187.91995492458048
1778424355,13200,328.574905371362,63.90388353961498
1778424355,13201,721.9559564340565,217.16616503738925
1778424355,13202,753.4724586054675,218.12324144846312
1778424355,13203,525.1335146980147,32.340681323182736
1778424355,13204,334.86800483474724,74.61279682935606
1778424355,13205,1144.8471688338036,160.0284458910876
1778424355,13206,564.8514984128051,272.6178712412827
1778424355,13207,539.6210970794995,16.544195218873735
1778424355,13208,2098.268813119082,103.41046083450212
1778424355,13209,216.21149938457012,13.635343413336498
1778424355,13210,468.3372361208204,92.53227854739299
1778424355,13211,273.0410256605008,150.5396186501947
1778424355,13212,1154.3522637393003,204.9646380197143
1778424355,13213,672.8229114567697,232.24271133874737
1778424355,13214,498.2457171013092,171.13732259380615
1778424355,13215,1270.1849759567701,128.80154553170095
1778424355,13216,2371.3697450586346,181.44453019205974
1778424355,13217,225.1662544518843,27.451766500137353
1778424355,13218,680.8470616322358,246.3996565539715
1778424355,13219,77.9032544768701,42.461321744371084
1778424355,13220,1608.955157180468,150.76416489391443
1778424355,13221,225.7324069531742,39.37638252650996
1778424355,13222,379.31188556363634,72.39101206650125
1778424355,13223,731.0258659692049,141.07924751831658
1778424355,13224,519.5714611478819,177.89286099654302
1778424355,13225,844.9521037958203,36.771864362451375
1778424355,13226,251.93931600325604,217.8200223909804
1778424355,13227,428.11974458969496,276.6409308765359
1778424355,13228,468.024364654024,156.08047014211698
1778424355,13229,646.7613102337295,60.23784805556795
1778424355,13230,934.5076872595655,153.7893318287526
1778424355,13231,575.196227333323,18.08832059759479
1778424355,13232,222.50243952363607,35.22984938110005
1778424355,13233,1576.3502753361947,172.03239204043635
1778424355,13234,543.9337576413403,117.7337805078542
1778424355,13235,593.8800506082488,221.65719933038494
1778424355,13236,462.37280857183555,246.97160863269028
1778424355,13237,275.8868847104511,44.271964670020694
1778424355,13238,1628.4646461879415,154.1569407894242
1778424355,13239,464.93501532506184,31.418273010510553
1778424355,13240,345.96081240618383,15.753942600171168
1778424355,13241,894.6525023317838,87.54559496656582
1778424355,13242,1262.34915157196,161.79796644298457
1778424355,13243,2848.17563944768,98.22626355345139
1778424355,13244,501.9921141859075,124.94994684833097
1778424355,13245,977.1879795937158,56.805939625350085
1778424355,13246,1897.9800597486199,114.68763396559868
1778424355,13247,1563.2840309485396,156.03703289198697
1778424355,13248,125.75716166154245,30.436361252601515
1778424355,13249,452.0396013348768,148.47263816177417
1778424355,13250,577.443511558376,198.40041991556967
1778424355,13251,568.6512622294833,83.81299695157709
1778424355,13252,378.9306150532113,77.40088345077099
1778424355,13253,257.1934518918265,138.0027271961403
1778424355,13254,307.5976378130599,27.985445524683946
1778424355,13255,285.5377669040158,106.48214275466464
1778424355,13256,784.2577796998845,148.73600246014772
1778424355,13257,237.90610834394394,75.509367510722
1778424355,13258,1231.2305010688265,154.78656124538617
1778424355,13259,386.26154471310633,52.24530785110953
1778424355,13260,896.1613248151945,50.514594872421675
1778424355,13261,1035.8056861907198,169.60634567695598
1778424355,13262,220.02822530184358,42.18939717612293
1778424355,13263,1074.5364780047285,195.73268510086712
1778424355,13264,289.6549724357289,32.641395006167436
1778424355,13265,567.3636182713534,20.17282451452995
1778424355,13266,954.7780867727959,166.7857817906989
1778424355,13267,1053.8692426668597,170.08646224429597
1778424355,13268,695.5302216972905,220.1647127078145
1778424355,13269,356.4311384005205,112.45316192331913
1778424355,13270,694.3710904484168,162.86539218220247
1778424355,13271,214.38915182941986,180.98191758552602
1778424355,13272,1021.3032113668987,180.6559063470516
1778424355,13273,783.4146668685102,27.890200022820054
1778424355,13274,739.9304210195271,256.1482612142518
1778424355,13275,808.9687966218995,67.10938467757198
1778424355,13276,1004.9758361688995,29.71552975478816
1778424355,13277,435.9820260434559,164.51779899008704
1778424355,13278,1464.1283664695434,132.8858875697695
1778424355,13279,330.2206256240035,34.00654410469284
1778424355,13280,164.11113540180872,80.79929120118257
1778424355,13281,522.5324249412415,200.64516009387725
1778424355,13282,1349.7551619905744,49.42928030803339
1778424355,13283,422.16503929078806,106.17259000048931
1778424355,13284,1099.4855859276106,143.96524170849906
1778424355,13285,175.04020614965268,264.75629871072624
1778424355,13286,376.69653935565964,28.119452072463307
1778424355,13287,340.87851151740836,374.15265111670624
1778424355,13288,687.9876450253953,85.53202126227869
1778424355,13289,2832.08110136409,83.19900570278662
1778424355,13290,1327.5623322729705,152.4003117322969
1778424355,13291,704.5946027215471,91.53035546978188
1778424355,13292,891.1400783929523,179.83792183072913
1778424355,13293,1421.0897650751929,181.6132992835602
1778424355,13294,1102.4596932881984,162.70931567701334
1778424355,13295,235.62996549466283,105.30761728111622
1778424355,13296,620.6188461198346,80.91540304303709
1778424355,13297,661.6764146013677,211.4791311232506
1778424355,13298,1712.851684872396,127.96263899477147
1778424355,13299,853.7000813432563,263.34878160282483
1778424355,13300,407.11947063292763,59.00948018372504
1778424355,13301,595.8586217004388,307.27993604492434
1778424355,13302,1202.236570789055,173.19222191112988
1778424355,13303,909.1701152877988,199.5828529275276
1778424355,13304,1664.6106529991603,168.51843929031608
1778424355,13305,729.1525567752858,192.32942756635467
1778424355,13306,232.356880588872,57.45990681173773
1778424355,13307,772.1445746036716,132.4983577304093
1778424355,13308,447.6308305397605,55.53760513836672
1778424355,13309,403.02469260219175,262.38171601170205
1778424355,13310,750.0438362189514,70.2184898847893
1778424355,13311,560.4825238104078,137.61624535605935
1778424355,13312,191.99389391880806,255.34667929406754
1778424355,13313,599.1004027602598,159.19202419431042
1778424355,13314,2133.8493634555666,37.270146102789006
1778424355,13315,512.8412272613992,33.431235021644376
1778424355,13316,969.3706101352158,141.0011134964645
1778424355,13317,472.1305524145878,206.98414581306358
1778424355,13318,1147.851225889646,120.48690970458564
1778424355,13319,924.1623985906328,138.12397937139474
1778424355,13320,397.09665551791704,49.67955132678268
1778424355,13321,674.7538492158051,202.2614750824152
1778424355,13322,751.9581895895406,203.98132580132355
1778424355,13323,2450.7980310435755,156.50767918396764
1778424355,13324,147.01141627690504,18.188113073130843
1778424355,13325,277.90386319430837,93.57820264900013
1778424355,13326,2002.6395079384604,56.15661651051285
1778424355,13327,45896.600244959336,498.95328456393105
1778424355,13328,1376.626999897578,78.8635694269105
1778424355,13329,268.2860629057071,51.580848144405316
1778424355,13330,201.40588449740665,54.550093344537345
1778424355,13331,368.43718939501593,137.01448642636524
1778424355,13332,687.8796756099316,230.42889984956088
1778424355,13333,447.92773756749614,268.0153366781458
1778424355,13334,184.1552360841213,47.01068155199273
1778424355,13335,284.1107980964145,91.30920353403916
1778424355,13336,654.8026167439825,234.22766181085998
1778424355,13337,221.09165472519385,120.03729676584419
1778424355,13338,608.294774099215,205.140460349084
1778424355,13339,442.86403228316965,36.69072818041665
1778424355,13340,810.4111286034207,145.44301078812094
1778424355,13341,627.4896056123242,173.2382119769729
1778424355,13342,517.0317149074634,117.28933777516092
1778424355,13343,903.0206984019966,192.0892977124486
1778424355,13344,1081.3576945911702,172.18525732852257
1778424355,13345,767.9995949956865,204.11924494535475
1778424355,13346,1840.0713508722508,186.2928061740966
1778424355,13347,652.7795063341779,239.99645846015898
1778424355,13348,266.9045501470024,251.92912831558507
1778424355,13349,594.0195732249455,96.84178125098354
1778424355,13350,799.7293087388092,162.06497222498578
1778424355,13351,364.8922582643904,134.40968873310092
1778424355,13352,625.48819206337,104.85070050524719
1778424355,13353,1634.8556630366163,157.01758720436962
1778424355,13354,851.1274933030041,52.68188401611979
1778424355,13355,669.3223602727992,158.34633489320396
1778424355,13356,146.33793335582592,45.386723218341665
1778424355,13357,1465.2803590399242,178.0226168686455
1778424355,13358,313.49582486034626,90.29074420127523
1778424355,13359,424.1621341030691,236.93078787170506
1778424355,13360,746.5162675850407,46.27621028339353
1778424355,13361,261.3872187539965,58.27408786125619
1778424355,13362,423.36193355907295,206.63132927714904
1778424355,13363,1282.8268513121618,175.62002537693246
1778424355,13364,829.7204095458401,233.4684096950714
1778424355,13365,1439.6349374053816,108.20094879527335
1778424355,13366,543.7629588102841,152.54797570497163
1778424355,13367,1818.3027272266602,61.05892821354849
1778424355,13368,474.1454304619386,55.377926570422936
1778424355,13369,1180.8879098792884,145.9176244051082
1778424355,13370,1002.2076890229716,34.88192470280837
1778424355,13371,412.15361125158165,27.914297967118802
1778424355,13372,522.174108062735,167.32642454595336
1778424355,13373,109.06265438589858,82.6101413108234
1778424355,13374,1453.6853249476808,168.2141378904219
1778424355,13375,277.0369452964838,64.29498687512482
1778424355,13376,4836.820940236439,264.99792445184977
1778424355,13377,1899.5018561570803,90.40852579428108
1778424355,13378,1109.5440761941861,156.65975508457495
1778424355,13379,153.03206583326283,104.91415608530419
1778424355,13380,1321.7944693359082,143.12585833058677
1778424355,13381,578.8513783027107,213.27108097599097
1778424355,13382,409.3893724533892,160.12242651256958
1778424355,13383,937.0718431469086,60.56990314194828
1778424355,13384,452.8427456936751,317.31103869205066
1778424355,13385,305.98998954353357,46.7115034236133
1778424355,13386,832.4551383356469,30.83134721724349
1778424355,13387,344.9271275435607,65.96086000629164
1778424355,13388,632.4461905433525,304.63089835108093
1778424355,13389,641.8615258329496,251.5429343195376
1778424355,13390,654.1164532162562,121.05116882375893
1778424355,13391,1317.785499604871,200.0882294566116
1778424355,13392,334.83366456104613,55.684543355807584
1778424355,13393,140.86821187922666,68.86664078516333
1778424355,13394,745.1139548703655,187.9385375780481
1778424355,13395,1211.8060239768993,238.0119421814651
1778424355,13396,1248.040711413233,159.39636367144186
1778424355,13397,599.4319310941768,38.03503962941648
1778424355,13398,624.2740077933591,200.07407476054192
1778424355,13399,312.4509436785796,89.34333392754088
1778424355,13400,728.3442088951118,46.96181834246725
1778424355,13401,375.2757452588653,161.98679721870033
1778424355,13402,712.8502008524223,58.53852140822504
1778424355,13403,676.2911796262778,50.786816073275546
1778424355,13404,522.8026132585996,214.20561161123737
1778424355,13405,371.6784537555955,28.662779263511194
1778424355,13406,1826.3927233210495,153.2378151465175
1778424355,13407,616.8664088623369,261.80701181044606
1778424355,13408,3423.4073681019936,86.90670417425285
1778424355,13409,908.16614555772,44.82125538491691
1778424355,13410,273.054209718551,73.43075568198141
1778424355,13411,168.715133426901,146.289324666585
1778424355,13412,3567.7045305170477,80.52050484352696
1778424355,13413,1333.5559308195884,64.36008795492313
1778424355,13414,1582.6964099799388,146.79610806344584
1778424355,13415,246.3372955426982,168.27804675379946
1778424355,13416,537.1614913551638,182.9573512478013
1778424355,13417,835.7725676340269,186.94259377138258
1778424355,13418,1467.8858508155154,154.84461023014853
1778424355,13419,631.1964365294066,156.97980985446125
1778424355,13420,1157.1986498855983,90.33771583042063
1778424355,13421,3465.5437688935613,33.3828343806718
1778424355,13422,1127.0263446957765,145.97764853114757
1778424355,13423,1181.5084325090445,146.0816554567902
1778424355,13424,881.9917892655067,164.655555480231
1778424355,13425,547.002765526692,244.3117729994798
1778424355,13426,629.3075248449903,100.3653209136735
1778424355,13427,487.40686189375543,230.47923939289223
1778424355,13428,519.9582506237091,57.00060983618151
1778424355,13429,496.2744721036257,166.3438145878068
1778424355,13430,471.10436816840945,64.24066736731044
1778424355,13431,1808.2330674745403,129.29538106210026
1778424355,13432,324.5074299335898,98.01876870173876
1778424355,13433,3437.4785610811814,121.84556857412042
1778424355,13434,321.9787341028599,56.846803645455054
1778424355,13435,503.0819554623327,33.768669625494496
1778424355,13436,178.8866128573316,66.01033654166315
1778424355,13437,299.4783448749814,158.1620056637737
1778424355,13438,1737.1352031521878,157.9851433101165
1778424355,13439,80.09917357239681,23.849727840226834
1778424355,13440,1201.0984959140371,165.36627203094582
1778424355,13441,408.57636633402194,203.0779063222568
1778424355,13442,906.5503340724155,119.90525769454116
1778424355,13443,728.3134204589935,69.27362169815709
1778424355,13444,494.227716996725,64.40637594495564
1778424355,13445,438.10610407301704,61.858934489504875
1778424355,13446,382.4833396486871,80.96290288939663
1778424355,13447,2572.9096140252814,125.46559817096737
1778424355,13448,517.449523998646,196.80245735293818
1778424355,13449,402.8275536266016,214.27633678354627
1778424355,13450,139.78578748421916,34.93416763113467
1778424355,13451,1047.4897635502587,178.13128302658237
1778424355,13452,1644.3859645494817,151.15076326315494
1778424355,13453,1780.7188245756133,169.58310387638153
1778424355,13454,3741.704833392104,95.32967405620568
1778424355,13455,333.46291503985367,235.64192504776508
1778424355,13456,197.53443492961947,87.16527539272572
1778424355,13457,577.7587106395872,190.12781817817245
1778424355,13458,656.47432279447,171.96258702226794
1778424355,13459,389.2753179142751,200.24141443901095
1778424355,13460,113.09829828845855,56.31400040391239
1778424355,13461,368.8065828152207,90.85801189670076
1778424355,13462,202.92781073520942,110.33534704691876
1778424355,13463,275.2538497220555,36.58625712850437
1778424355,13464,2168.1273534554543,107.69898682671831
1778424355,13465,1130.2098911909368,37.85696087858391
1778424355,13466,652.528788725995,37.0214746799432
1778424355,13467,250.85589940398222,41.79453091958516
1778424355,13468,327.3482303181234,70.91281605627853
1778424355,13469,97.71663414545246,23.294770510164852
1778424355,13470,1960.306592709241,134.3890671783327
1778424355,13471,1107.8529577823836,192.24208940004655
1778424355,13472,1746.8505006002265,45.947916975646905
1778424355,13473,1270.0070971065968,122.5752002167596
1778424355,13474,292.37039617455287,219.24878066138407
1778424355,13475,228.14017559370072,15.442644606556136
1778424355,13476,914.6023633686217,43.63568731047552
1778424355,13477,1203.7062214105115,155.51389385061506
1778424355,13478,293.55760453013096,38.718787672106146
1778424355,13479,325.44261876097494,81.61875426325716
1778424355,13480,401.3686765066841,26.88315729929829
1778424355,13481,329.8694531134768,63.69245810124011
1778424355,13482,1340.735582693544,125.08509556232444
1778424355,13483,137.45058690496512,84.68538457591588
1778424355,13484,139.01713684492697,64.66446087258402
1778424355,13485,473.44056664655267,18.941563242442125
1778424355,13486,660.1178769846849,46.23868902720941
1778424355,13487,486.9622937257778,242.3923753388037
1778424355,13488,530.6859925160476,77.13159601758562
1778424355,13489,1298.2683433472487,42.08906313939141
1778424355,13490,432.1809038013194,70.24070816283316
1778424355,13491,205.638350528122,38.27720034497865
1778424355,13492,353.33957485141747,146.25960514281837
1778424355,13493,1010.4837121083439,140.7597620211727
1778424355,13494,163.84676974810372,80.98599429654352
1778424355,13495,449.68513563641176,204.2521987780833
1778424355,13496,104.20787273860867,13.569700727305923
1778424355,13497,624.431826433411,172.4180115491493
1778424355,13498,226.13643373531715,40.78255574811729
1778424355,13499,783.3070475480675,179.67960171712642
1778424355,13500,271.41433502304835,105.40153923759073
1778424355,13501,237.48384677604088,32.41260301432011
1778424355,13502,522.9314563793023,133.41983923709995
1778424355,13503,207.86410366938256,191.27955726445091
1778424355,13504,205.75252038936415,122.70113579623849
1778424355,13505,880.899991916633,178.46394245409627
1778424355,13506,714.0915990130193,220.47742282604423
1778424355,13507,185.33398639655502,79.04266175644568
1778424355,13508,1341.6143825842996,183.75228186036685
1778424355,13509,386.20178101298944,56.5259305889668
1778424355,13510,570.4115041940584,201.1686442381898
1778424355,13511,527.0568990162516,185.76629838095613
1778424355,13512,758.068066971679,66.2656863406533
1778424355,13513,210.51691693903828,79.12695942225095
1778424355,13514,233.85010352289876,54.51115851659868
1778424355,13515,1551.0235264646726,169.450829045519
1778424355,13516,1156.7100280125746,192.75207793153092
1778424355,13517,407.0307628331458,74.98082922999791
1778424355,13518,179.00542285647592,56.284584655410555
1778424355,13519,2110.705120854227,174.95894601104163
1778424355,13520,1688.4897083963078,134.09677015636305
1778424355,13521,354.0456417439107,182.40780218999816
1778424355,13522,276.3198767609207,119.58661806187638
1778424355,13523,362.8429926925071,54.48331538208274
1778424355,13524,995.5925698634593,48.85567476597556
1778424355,13525,338.53451862538225,134.527223521912
1778424355,13526,795.984071393657,71.82977487277645
1778424355,13527,848.8477452465211,221.77701994521016
1778424355,13528,594.3622221660365,170.1454658263787
1778424355,13529,726.0592841597555,33.873989082223524
1778424355,13530,170.9662737344454,84.77362932190066
1778424355,13531,663.6333003998142,75.8043562427147
1778424355,13532,972.2427945895885,178.94080361224118
1778424355,13533,899.849387495253,252.44590536575276
1778424355,13534,420.68411911346425,104.74736347029625
1778424355,13535,220.627809363866,136.42614210149682
1778424355,13536,1052.3790132834276,166.95896419868413
1778424355,13537,1109.578281456406,195.2891146340389
1778424355,13538,1615.3119617635402,144.22008299519626
1778424355,13539,848.4065908620743,32.18042794191716
1778424355,13540,389.2420960763174,51.64562311337996
1778424355,13541,717.901255595624,55.771411782368425
1778424355,13542,10399.197922611766,207.22835089131843
1778424355,13543,1291.9339395708148,191.87111210656846
1778424355,13544,777.2382954123417,68.95891226705058
1778424355,13545,450.3060773269939,125.23790869268953
1778424355,13546,902.0212931580791,200.26364497250745
1778424355,13547,642.516409750449,227.55155318596672
1778424355,13548,1066.2050646291384,218.2606015146502
1778424355,13549,703.0277826743319,200.79590554881935
1778424355,13550,599.9796316421445,208.48725577774835
1778424355,13551,550.0527664239779,249.4609963596007
1778424355,13552,919.1908719457047,162.24971682597393
1778424355,13553,660.9404345151803,196.2425867443087
1778424355,13554,1317.4044498257617,154.58359500824224
1778424355,13555,152.5020183199218,24.26706907629935
1778424355,13556,782.5801302481419,219.48931783743222
1778424355,13557,884.7858828952993,236.5877595959612
1778424355,13558,355.6392496161609,213.21349030215765
1778424355,13559,429.22536744971643,179.40535424614853
1778424355,13560,1635.3056068613046,48.50454585595583
1778424355,13561,477.14181484470544,95.6358577916356
1778424355,13562,3055.592681869459,64.78828637260617
1778424355,13563,242.20545216729786,29.552210123279327
1778424355,13564,2268.3205259769957,120.96006734693242
1778424355,13565,288.0053320145588,32.96299944349826
1778424355,13566,1261.121428143014,72.90891526507065
1778424355,13567,938.2716486959815,172.61394352074905
1778424355,13568,496.8237379190108,100.36427220834275
1778424355,13569,1668.0909992075276,156.0309195103597
1778424355,13570,1014.2863622802298,157.53529442067222
1778424355,13571,441.13261803565865,19.17415135748492
1778424355,13572,1153.5194433066965,136.4619831269532
1778424355,13573,590.7618668651328,19.220623949921247
1778424355,13574,1569.64346042752,152.2655015037967
1778424355,13575,208.285072613866,85.4020553674928
1778424355,13576,679.1563700042435,235.49576178797034
1778424355,13577,1783.7570781146242,239.05740985228653
1778424355,13578,654.0084086487786,165.67424609815072
1778424355,13579,684.1465398809321,76.2169475643078
1778424355,13580,605.1967553531673,197.83834915514683
1778424355,13581,943.6626291068341,182.46170551629234
1778424355,13582,209.1626540651089,78.63694027622132
1778424355,13583,1257.3546441916978,170.64904032200093
1778424355,13584,359.37134848656956,86.95230145012331
1778424355,13585,275.30070884314176,35.08857862566397
1778424355,13586,422.40357431652984,213.33128109041382
1778424355,13587,838.6670639409643,155.78664222533
1778424355,13588,1207.7758567012913,39.18798580958236
1778424355,13589,824.9014889734391,81.37997698358943
1778424355,13590,393.5156807054798,22.754935627275824
1778424355,13591,845.7741846812115,109.78911223353168
1778424355,13592,420.0983917841602,52.87080928403032
1778424355,13593,507.0428710075603,54.7397953286685
1778424355,13594,713.0471013194049,202.42192634605289
1778424355,13595,472.5862207557622,214.35989875799288
1778424355,13596,1082.4469603512612,133.09399341662453
1778424355,13597,285.71604142809076,159.91782535483063
1778424355,13598,948.1291260309323,45.016267960315204
1778424355,13599,1019.8863468125646,132.4776844314225
1778424355,13600,451.62331906886897,185.28778277722904
1778424355,13601,1396.669059679878,48.64442549199109
1778424355,13602,883.6337876298421,203.51805532255793
1778424355,13603,478.8497893694906,180.45973882175866
1778424355,13604,1148.8138277189457,164.73023836858755
1778424355,13605,1367.5835530172299,165.72044552399373
1778424355,13606,233.86254028846295,86.21820725046712
1778424355,13607,1326.5566686077998,74.34278907395247
1778424355,13608,2886.6411483184693,136.36870259912777
1778424355,13609,265.91448038598077,70.05157103214215
1778424355,13610,876.9078447570034,192.28185319646548
1778424355,13611,1433.5823328896029,156.07559409310159
1778424355,13612,443.6699537025542,201.54079548683126
1778424355,13613,716.9505765085112,216.5027041143607
1778424355,13614,296.69807648812764,70.64886158549056
1778424355,13615,846.9309430686542,244.489442615951
1778424355,13616,142.3343391206572,24.027588244438288
1778424355,13617,798.185669515376,195.85155420631875
1778424355,13618,391.0753729899118,219.3724623829836
1778424355,13619,997.4488413061403,66.5372381068684
1778424355,13620,172.89649421168096,17.675895354966976
1778424355,13621,875.850795073514,185.65971250798754
1778424355,13622,1876.2336432442953,148.1346233270292
1778424355,13623,409.3681749979982,169.37459450631755
1778424355,13624,1076.1771664936223,198.1875092968126
1778424355,13625,355.522752556882,84.767217263364
1778424355,13626,287.29464755816684,86.18532097442132
1778424355,13627,1168.4244177758185,54.340251870128846
1778424355,13628,803.8044644527612,247.12619623671807
1778424355,13629,532.2524389588382,246.0050565029684
1778424355,13630,642.238351374446,137.53193055947239
1778424355,13631,529.408450414176,18.171430265392157
1778424355,13632,532.8478428260224,210.34073090155985
1778424355,13633,257.7860351686368,201.4117452520217
1778424355,13634,258.3400942783,61.69948916030377
1778424355,13635,948.0598704911789,177.69222133239722
1778424355,13636,761.9528574042802,190.84956645238353
1778424355,13637,140.88929535713865,42.68225539825208
1778424355,13638,635.8419099128623,216.62488494388995
1778424355,13639,179.97991637888884,21.700199710338175
1778424355,13640,803.6310686222915,177.97852072678145
1778424355,13641,824.8909580193821,185.50183332077617
1778424355,13642,653.2639315989697,208.3161008155098
1778424355,13643,1154.0066630583087,161.6118696928091
1778424355,13644,280.84507001085376,151.07580984267602
1778424355,13645,387.5833696584119,64.49993295033705
1778424355,13646,436.3328594086343,39.5436334267632
1778424355,13647,2451.7402280206384,48.030318412365794
1778424355,13648,521.3737216520625,221.53016666095297
1778424355,13649,2532.7375629574767,41.30398336309889
1778424355,13650,267.1435153103872,55.30524697078468
1778424355,13651,1052.655664794938,195.7319095507623
1778424355,13652,970.8626876323866,82.39634186857005
1778424355,13653,1352.4543529618215,137.80075830373102
1778424355,13654,861.7762319948464,128.31207062670217
1778424355,13655,752.6570957250584,15.820437218844317
1778424355,13656,441.36856800349983,218.31408747750416
1778424355,13657,1410.0224992809426,190.2134925835753
1778424355,13658,978.9506305468508,50.229156545190364
1778424355,13659,1235.9633709114885,158.55779027492684
1778424355,13660,843.3295188980749,190.54611355018443
1778424355,13661,2139.457944029149,157.47787296906068
1778424355,13662,252.94176009399885,60.93834745628503
1778424355,13663,231.52420233968053,24.989080792702357
1778424355,13664,170.04485892824704,177.72116698744776
1778424355,13665,1285.2530353565028,56.210718478940365
1778424355,13666,2142.1675820139167,131.25215329184857
1778424355,13667,1412.4308023254232,144.60862657989128
1778424355,13668,2680.5383801046355,150.3115428884281
1778424355,13669,1516.5020741212998,176.69404320106898
1778424355,13670,968.6134262626396,181.07532461668254
1778424355,13671,320.72642552284174,145.78052610392663
1778424355,13672,1061.0036770001616,137.49753258598957
1778424355,13673,1422.6643189540432,105.2501608065761
1778424355,13674,1128.2538066553686,137.1965720727823
1778424355,13675,1311.7669737935882,210.1467753532552
1778424355,13676,453.67250376872727,35.666169203875725
1778424355,13677,1394.9947529217548,106.48492841048942
1778424355,13678,254.34583363510356,28.717189022440675
1778424355,13679,260.87428066482994,265.19370687380973
1778424355,13680,270.39245631340236,117.23897447063587
1778424355,13681,377.3076183054897,233.7090322493493
1778424355,13682,135.95143884044307,39.59555741490669
1778424355,13683,828.4042942505704,63.188490216605466
1778424355,13684,1219.2206886248566,133.2465662728238
1778424355,13685,554.0614349754959,35.14252615305007
1778424355,13686,445.2755116340954,105.06648898960874
1778424355,13687,372.46660976499584,143.5674327861625
1778424355,13688,200.97455723938972,50.930267895128104
1778424355,13689,219.77741524384447,29.85786545462376
1778424355,13690,269.6068926342571,42.60361157553528
1778424355,13691,1216.898206185846,113.32021662554504
1778424355,13692,989.3071944434199,189.17679145846455
1778424355,13693,721.6749654364318,168.28265737745036
1778424355,13694,509.33094796704205,197.61499629637686
1778424355,13695,527.5141003546382,91.88008816303744
1778424355,13696,1517.3467483621857,81.40686577985228
1778424355,13697,1186.9864630527325,196.3162793948821
1778424355,13698,603.7401325282989,140.48353093958866
1778424355,13699,452.5086014018894,235.872286347968
1778424355,13700,734.0807702485341,106.78013841215576
1778424355,13701,181.91686712086064,42.97964679229459
1778424355,13702,236.8565881526703,149.20768111057362
1778424355,13703,372.54140586160145,29.092026388194846
1778424355,13704,361.25928408305356,242.57282945014728
1778424355,13705,1299.435547845868,170.22997453288673
1778424355,13706,374.96238336365553,51.8042976918966
1778424355,13707,536.1519130864066,197.33439565353675
1778424355,13708,831.4566663515213,248.84608810271473
1778424355,13709,1358.814557675593,173.0810501541631
1778424355,13710,711.9705089630517,211.95876615694382
1778424355,13711,299.28618530201464,230.93651096889272
1778424355,13712,1253.9859170384102,175.46683282114088
1778424355,13713,1268.7452469429538,175.38656104626787
1778424355,13714,424.0713448382885,43.2677562819626
1778424355,13715,1000.7561321245528,147.62274302938607
1778424355,13716,834.5135368685417,178.46016168171894
1778424355,13717,331.53471652283343,31.25041855023851
1778424355,13718,656.9367038676859,217.29301533646205
1778424355,13719,557.0063174504483,89.57804631864443
1778424355,13720,138.04455907600584,68.51148837263716
1778424355,13721,203.1799448321978,75.33357374561518
1778424355,13722,1025.8520556681497,130.12219813374486
1778424355,13723,120.32241163710903,15.719430994446252
1778424355,13724,1047.9230061273129,127.51054790095299
1778424355,13725,2792.2897584250754,156.82613795377105
1778424355,13726,410.6449320783619,214.264747571026
1778424355,13727,1550.1501239008562,163.2416009409978
1778424355,13728,546.0716689856073,42.753784739969966
1778424355,13729,603.3209706712761,98.57266162515565
1778424355,13730,703.3958596818799,216.4754459538256
1778424355,13731,246.36569888985912,19.730322539733024
1778424355,13732,193.97933121816934,65.59994057791906
1778424355,13733,1867.9242950060893,133.3396433171348
1778424355,13734,1301.7914457736438,177.95248236982474
1778424355,13735,250.77547763111087,105.39725121769679
1778424355,13736,624.6554352835198,195.22101151584104
1778424355,13737,560.6076759251526,142.8306833800526
1778424355,13738,347.0282387746799,112.95630090112049
1778424355,13739,456.51734120997554,212.69780176633768
1778424355,13740,1714.8039288288398,52.76616116951514
1778424355,13741,204.4369517672683,60.984031599530184
1778424355,13742,688.055975398812,163.89477264132964
1778424355,13743,337.0781043220229,24.35378603781411
1778424355,13744,297.93314976466417,24.58984240058249
1778424355,13745,1515.5246724221504,152.2889336912133
1778424355,13746,487.51549457822415,198.11624288496535
1778424355,13747,244.82822521607523,97.30878743513716
1778424355,13748,747.7821196461456,157.78308919827583
1778424355,13749,584.7240636451443,157.01918415234547
1778424355,13750,387.1897447022798,65.39919927038706
1778424355,13751,931.8637418208932,56.438638858752796
1778424355,13752,852.666037812176,189.66298063136614
1778424355,13753,217.41702130466925,48.38372243574629
1778424355,13754,350.5305199443359,167.94929819337517
1778424355,13755,643.114330256964,159.03796297278632
1778424355,13756,549.0035910206997,140.96201180493304
1778424355,13757,400.65457867554977,68.67218197802654
1778424355,13758,681.6030950005121,234.67757603175636
1778424355,13759,409.01052333325896,208.53413543061805
1778424355,13760,212.37839355345517,51.26722256422898
1778424355,13761,299.43642111602475,182.10144032097608
1778424355,13762,315.1901732968166,70.52081700532874
1778424355,13763,257.16526812704024,107.07790647549528
1778424355,13764,395.3027195232328,215.45969582468106
1778424355,13765,499.73408568699716,14.250012056494384
1778424355,13766,1316.813845337312,159.36511895137133
1778424355,13767,522.5332568086128,163.60675062495423
1778424355,13768,200.80018652622783,29.39899372091417
1778424355,13769,240.29916464916,18.888194243794555
1778424355,13770,1344.0216390128483,124.7139901736109
1778424355,13771,668.9286782510464,171.4711759848395
1778424355,13772,355.6829468583185,276.07089931668884
1778424355,13773,348.67806909476707,202.3546633583153
1778424355,13774,179.57295532904746,19.588069105483967
1778424355,13775,316.8430517135159,83.69245287497299
1778424355,13776,180.59502409575487,230.10526563462247
1778424355,13777,540.1525636525736,192.46007684042027
1778424355,13778,197.48784967414568,15.973892390728821
1778424355,13779,1350.365424730234,180.84949252786896
1778424355,13780,364.9965413447381,59.770070071429636
1778424355,13781,1664.7079071055755,173.74574304439534
1778424355,13782,572.2248189676916,121.08716296239412
1778424355,13783,901.1734120875554,138.51818927793784
1778424355,13784,1541.0194718052207,121.54744616858406
1778424355,13785,741.3779384903748,139.02112310997327
1778424355,13786,499.25609420086937,270.3308237126772
1778424355,13787,669.7996715678419,189.17758890227176
1778424355,13788,352.8619122167187,209.76184473996258
1778424355,13789,492.15623941328334,88.95466434740794
1778424355,13790,531.5969360316758,54.416175899922465
1778424355,13791,1202.7196760327706,135.05439604228366
1778424355,13792,219.08326374067462,15.390960315176688
1778424355,13793,248.00342474609027,44.49390682966933
1778424355,13794,1064.8406134019478,28.424784520209215
1778424355,13795,659.5231610118141,178.06997833845773
1778424355,13796,1790.786184552699,45.36251689798406
1778424355,13797,467.5003419247219,241.50768065392973
1778424355,13798,1365.1236504510582,35.148489097154254
1778424355,13799,318.7684962228836,26.62500011979825
1778424355,13800,191.7830360711517,27.781980782827763
1778424355,13801,729.0412694521555,229.28960349559281
1778424355,13802,639.0731635866621,285.905749262692
1778424355,13803,751.3793684392456,160.90357263017927
1778424355,13804,610.0825976565623,241.10689814323024
1778424355,13805,351.75999763570184,29.705413231535022
1778424355,13806,1745.3738683805154,177.39262730885608
1778424355,13807,501.6211274131437,167.04237578974838
1778424355,13808,433.27096549665623,152.15990306922646
1778424355,13809,164.46736267131098,57.80388972081761
1778424355,13810,1089.429179472478,133.42041445410874
1778424355,13811,1226.463054335098,163.34362446963058
1778424355,13812,1789.6976453826514,99.46198002448808
1778424355,13813,535.8813031537426,36.85922032629877
1778424355,13814,443.34802686889236,241.03101379409895
1778424355,13815,262.2114268169486,185.97810046520058
1778424355,13816,421.84656783581636,64.2011827832308
1778424355,13817,442.8020217158508,183.19636043201487
1778424355,13818,717.557024291799,75.69712889305434
1778424355,13819,221.12613126818164,25.429952212391616
1778424355,13820,169.06670795368265,157.09184158176262
1778424355,13821,573.5806782996855,238.69815652184286
1778424355,13822,1170.475765592805,50.27647294261616
1778424355,13823,626.864779888347,32.91149864404304
1778424355,13824,276.1389005344834,134.7620767703958
1778424355,13825,915.5707343344704,183.42417859328594
1778424355,13826,459.09746603709993,40.64612057484461
1778424355,13827,622.0022855560463,177.03062879854966
1778424355,13828,583.6098926107278,208.53265617390852
1778424355,13829,690.774662011251,87.12191771959797
1778424355,13830,1023.1762801520191,154.8968910488419
1778424355,13831,408.666919973883,53.42456701998536
1778424355,13832,852.440948372784,169.53691838678265
1778424355,13833,208.78513231602906,83.78212516155956
1778424355,13834,3497.277415055062,128.0986954810136
1778424355,13835,134.1215639583729,27.274796359185423
1778424355,13836,975.4531467991463,38.40295853373191
1778424355,13837,681.0943955626403,256.82371936282317
1778424355,13838,735.5161302273993,165.31673437898348
1778424355,13839,300.29252858466225,54.93864522339117
1778424355,13840,580.3387614343741,251.565757637067
1778424355,13841,623.077537500111,64.89241379928768
1778424355,13842,161.60049922463608,100.81382991106183
1778424355,13843,433.10241648380685,114.7868201820525
1778424355,13844,496.5123726751619,200.83580133557123
1778424355,13845,2444.0321663896525,45.22635442131216
1778424355,13846,514.0077912381972,40.8115838064386
1778424355,13847,196.763224803758,49.70467323930956
1778424355,13848,660.2220872391979,190.63456681886265
1778424355,13849,1110.3393234468815,161.90243902614606
1778424355,13850,645.4337670163808,24.112190679139893
1778424355,13851,116.52091212403693,142.47560842324452
1778424355,13852,240.9974148611123,92.16391924856033
1778424355,13853,298.3632289819854,114.79433604191486
1778424355,13854,947.8738913516338,79.39769118547163
1778424355,13855,106.50203407075584,34.25781466577133
1778424355,13856,745.660242639209,115.64046220875075
1778424355,13857,253.0415723104264,50.87575133350816
1778424355,13858,160.4368252926278,21.559266765033477
1778424355,13859,748.6975764605935,216.60025888743803
1778424355,13860,1126.7845480702729,70.54510737184694
1778424355,13861,995.8690686824915,83.58144767339185
1778424355,13862,492.12516077700036,228.95172141970428
1778424355,13863,1217.4649881125347,61.55268547394215
1778424355,13864,590.8727878630746,308.7172906078185
1778424355,13865,665.146458758439,130.31875212952423
1778424355,13866,1173.1627951049213,39.720113278065
1778424355,13867,512.0487623650713,28.691452822902555
1778424355,13868,150.55947151142206,77.49390241971372
1778424355,13869,288.04666537860095,122.9386261129161
1778424355,13870,416.4614533032862,295.90411283579806
1778424355,13871,460.7238849293256,75.47718635508163
1778424355,13872,1044.0530303499193,134.1307268408397
1778424355,13873,200.4913108370736,28.03754004235797
1778424355,13874,876.0231475761701,248.801647229323
1778424355,13875,576.196816112403,138.143660994064
1778424355,13876,107.03174340566582,34.93890627050685
1778424355,13877,570.1949371356477,24.466603247466065
1778424355,13878,1377.3695569718861,45.60338928604046
1778424355,13879,359.4377183714285,144.83999745878842
1778424355,13880,427.7345877013786,253.63151943401243
1778424355,13881,379.2394388026973,36.85998348495468
1778424355,13882,680.2463165691352,294.6009816090803
1778424355,13883,1580.9374257914374,53.83190112467088
1778424355,13884,615.8652214488883,90.76514333684148
1778424355,13885,1030.2502998736845,132.10277192847764
1778424355,13886,358.90891283016623,129.05011733586636
1778424355,13887,1425.4707275257285,99.2282895306773
1778424355,13888,210.61413304003892,150.17849683157962
1778424355,13889,383.2886093465548,242.66374643489502
1778424355,13890,934.9660457910222,187.0194830415492
1778424355,13891,659.2173212237022,266.3990559143325
1778424355,13892,372.93985003075704,46.949157948071765
1778424355,13893,167.84417231241412,102.76608143907076
1778424355,13894,601.1462011148111,187.00016382016963
1778424355,13895,1208.2467909240327,35.44405842428121
1778424355,13896,344.75994549938144,176.17336117168554
1778424355,13897,147.24205529004595,65.96756314049546
1778424355,13898,114.73709109305186,57.53128119211953
1778424355,13899,475.1831587238337,35.076872676523415
1778424355,13900,320.50643812557075,93.55869669621958
1778424355,13901,510.92246109228944,80.38206614785248
1778424355,13902,426.94351639002275,100.76577727194574
1778424355,13903,571.7161730350291,263.07217036030187
1778424355,13904,599.4292293043748,126.63361068463604
1778424355,13905,4093.2758024246455,55.162271407118986
1778424355,13906,434.5411225245771,91.99320688434679
1778424355,13907,777.6761694037364,192.99137938760046
1778424355,13908,593.0063822565369,189.29255539675145
1778424355,13909,159.70058468036586,27.33749345129192
1778424355,13910,243.05822105335636,81.01163580055423
1778424355,13911,200.30580555109552,65.75590030340523
1778424355,13912,306.2588971149351,266.4660735373123
1778424355,13913,540.5551964290637,49.74061181722405
1778424355,13914,391.3760764827927,44.67633077218821
1778424355,13915,713.1640696744712,121.82546019255855
1778424355,13916,112.19832303963533,104.37741621323522
1778424355,13917,222.25469685982975,66.29871321963196
1778424355,13918,172.86099033528563,124.43568325994015
1778424355,13919,187.53517306634927,61.616794262734196
1778424355,13920,430.3212518656629,47.54530205764286
1778424355,13921,686.6874349949246,207.63246264333404
1778424355,13922,705.8625272683241,58.26598809911081
1778424355,13923,945.5922138047374,170.62964823060938
1778424355,13924,172.82460243649533,63.27777009400435
1778424355,13925,3517.9580545990893,115.21254467912567
1778424355,13926,298.71300597021474,14.911861462674834
1778424355,13927,999.4149625344058,100.57718336190909
1778424355,13928,1070.4925046681535,226.0585869920302
1778424355,13929,401.17068033340973,161.42223760053915
1778424355,13930,305.2738800275525,26.97025440763573
1778424355,13931,1075.8436914778026,62.65459514421448
1778424355,13932,770.9184325129121,162.01393550065703
1778424355,13933,143.862850078254,14.139397795983204
1778424355,13934,1370.6762146317003,81.71101694808183
1778424355,13935,260.96291849553353,157.25435893900027
1778424355,13936,629.3695771118283,287.8224969127617
1778424355,13937,566.2738598624,146.2301501275836
1778424355,13938,468.934292069127,239.47100156860228
1778424355,13939,1067.3073222727612,74.56447067668945
1778424355,13940,476.98502242728733,33.01075422591094
1778424355,13941,1510.4611078481807,56.03306546627982
1778424355,13942,485.4431737274522,160.89811987283068
1778424355,13943,1561.8533030297792,142.25213883984824
1778424355,13944,352.89504648030845,70.87744209369359
1778424355,13945,509.750256746495,24.94829310658071
1778424355,13946,136.24908026326978,27.464147802822104
1778424355,13947,187.62288003221028,14.086104145258656
1778424355,13948,453.1327698063279,26.780594294783917
1778424355,13949,563.7076187652787,186.36820495478437
1778424355,13950,223.34972994248324,91.31310033858216
1778424355,13951,1057.463410084527,225.66131860115158
1778424355,13952,457.9968453141512,95.02618250706419
1778424355,13953,152.53868302623846,19.091590427309924
1778424355,13954,442.01117482582225,34.2998624720962
1778424355,13955,117.23350841963298,54.338248905472035
1778424355,13956,610.5169703133405,120.41289503151597
1778424355,13957,174.12486613452475,13.292056410252664
1778424355,13958,271.3049730114767,24.26353971885797
1778424355,13959,99.3595500611773,33.17043851926862
1778424355,13960,1116.0674520216446,105.78103752183316
1778424355,13961,466.29298094805574,33.72689551032707
1778424355,13962,579.028873290915,217.86502457800475
1778424355,13963,1597.3211821097461,141.1443689170932
1778424355,13964,641.7066947702358,206.3353329179337
1778424355,13965,853.1332558449348,103.09517575804774
1778424355,13966,507.76669873529926,130.66890914158515
1778424355,13967,490.7951694370028,255.8651580604857
1778424355,13968,1666.0639839291177,109.62304644748804
1778424355,13969,653.7422019571684,199.19264526668422
1778424355,13970,222.77250299579447,86.09305564090049
1778424355,13971,324.61213810609496,62.56984171338539
1778424355,13972,1227.4806076463008,177.18061793775675
1778424355,13973,109.72689914034352,21.503141414948846
1778424355,13974,1736.9264246962427,65.74065216978768
1778424355,13975,398.9578561555316,153.15275442716566
1778424355,13976,607.709486274837,152.7557123368574
1778424355,13977,223.78969686321923,35.07166513253159
1778424355,13978,798.6133161430614,29.530803835217117
1778424355,13979,411.2031266211253,39.79147733525334
1778424355,13980,408.5676624634288,48.0418203973422
1778424355,13981,384.12634691703096,61.58173602936988
1778424355,13982,693.8805588526128,219.5801853982147
1778424355,13983,471.5757580742366,71.42046798669853
1778424355,13984,713.9512719207619,268.1797724012604
1778424355,13985,238.51766447175808,22.123891216532073
1778424355,13986,1223.7438691321242,181.21788557296208
1778424355,13987,228.50278121131726,88.30207283488019
1778424355,13988,291.40535027466257,181.01259786097705
1778424355,13989,806.4306596696871,203.28394055459654
1778424355,13990,2749.2723591960034,153.29215356387314
1778424355,13991,988.8072356743074,106.03468664544636
1778424355,13992,707.461210674534,185.90095327134307
1778424355,13993,1173.0660420146983,175.39430046115677
1778424355,13994,602.1393164567513,157.95253191754838
1778424355,13995,1152.0158576233036,72.34948808904912
1778424355,13996,168.1508475206452,50.00983085248969
1778424355,13997,229.11319126596817,39.008765163700765
1778424355,13998,417.9077467213415,135.95237651864832
1778424355,13999,242.70709269680876,84.48056338711304
1778424355,14000,843.8926837691735,208.87008681187615
1778424355,14001,367.654309478682,78.08474763703506
1778424355,14002,333.4017113328738,102.71448370129991
1778424355,14003,2201.012376027864,54.14593885450209
1778424355,14004,741.8405537198181,353.0916945648916
1778424355,14005,912.0115956151949,233.22246522701982
1778424355,14006,593.1056970030813,188.78437877041605
1778424355,14007,986.5929805923652,129.69512397227047
1778424355,14008,534.9685718930618,274.5440924786011
1778424355,14009,1190.2620683470252,146.7520033250489
1778424355,14010,402.37247497254157,226.25507269616517
1778424355,14011,1125.5290897928553,120.3927941452579
1778424355,14012,618.2400390598832,147.54523202143122
1778424355,14013,967.0179605825049,166.83271494386554
1778424355,14014,506.1717580429156,266.05237413719664
1778424355,14015,1114.3806359362968,53.38901748929473
1778424355,14016,147.01083094215795,79.45506247497657
1778424355,14017,146.67854886548614,35.23239796802038
1778424355,14018,672.5663056991851,176.59428367392982
1778424355,14019,58.11373464994875,15.265857565283016
1778424355,14020,130.5617611775282,33.96552759732272
1778424355,14021,378.19382745602246,25.65550504324732
1778424355,14022,1452.2600697205578,178.91603316132887
1778424355,14023,961.4746020870248,60.5251518236928
1778424355,14024,2090.792957245029,156.08923742410803
1778424355,14025,353.1181860470457,120.11980586756624
1778424355,14026,1136.7062304051512,160.1278637160471
1778424355,14027,696.0346371613349,243.77127238222945
1778424355,14028,1435.717886628877,164.8369750452289
1778424355,14029,309.55746189222936,30.09990866408108
1778424355,14030,325.78491197897984,30.97711217702201
1778424355,14031,253.36461613628214,59.2168884023321
1778424355,14032,292.5997831620848,58.42616496797553
1778424355,14033,553.6141204246208,143.52811751559082
1778424355,14034,1417.66467169111,167.07330231181746
1778424355,14035,615.7923233985206,209.20182823746842
1778424355,14036,368.74457556401296,112.54541095593972
1778424355,14037,790.7894730884701,164.18656012637408
1778424355,14038,167.36376778592017,97.73316202422048
1778424355,14039,429.5756092688508,34.043926624406375
1778424355,14040,377.03842982551686,72.83412932559845
1778424355,14041,1485.893744713501,116.22178000223057
1778424355,14042,331.6855836851393,63.71370434663834
1778424355,14043,1412.4746603638002,155.1719067076725
1778424355,14044,359.02293688306355,65.71044230603238
1778424355,14045,596.269247007918,198.43768467425787
1778424355,14046,179.97085881104385,52.70300982883374
1778424355,14047,393.85054875001276,249.98521965177386
1778424355,14048,860.7508686837974,192.6992574953929
1778424355,14049,228.5237437992483,44.512685659556766
1778424355,14050,206.17198204820536,83.04590152449705
1778424355,14051,910.6637743147203,177.66725590237405
1778424355,14052,1586.5127344040407,147.66276884564033
1778424355,14053,364.21977807728393,21.419003171701714
1778424355,14054,271.68326496920696,69.07908481363398
1778424355,14055,1906.9075215277576,153.53368959575582
1778424355,14056,478.5298577591733,108.36293042198477
1778424355,14057,196.88544374909702,77.41945967964539
1778424355,14058,486.7115858017172,34.34030137560549
1778424355,14059,136.0356127496522,16.25984195527308
1778424355,14060,753.4880626344216,65.54949286342058
1778424355,14061,903.4786801002012,145.01820090687139
1778424355,14062,1104.904216739425,213.7812307655295
1778424355,14063,936.2438966635129,126.51676660764117
1778424355,14064,170.49759509830213,63.57207511081464
1778424355,14065,1021.0120773104172,174.82101601812565
1778424355,14066,260.3919115582505,89.66069998081434
1778424355,14067,808.3826008106075,33.11181873839786
1778424355,14068,265.1895037531987,48.355693699489
1778424355,14069,334.4910192134757,23.973181752097165
1778424355,14070,1881.9886869097177,188.86270287700296
1778424355,14071,1419.167611227724,140.4827237406625
1778424355,14072,292.55247698653534,62.49050135259408
1778424355,14073,999.7378653521633,48.98078067697521
1778424355,14074,1497.7488895043925,180.50302948482633
1778424355,14075,421.0036661851798,258.4662216854861
1778424355,14076,455.23579154591323,257.50504395323077
1778424355,14077,1323.5156853892806,179.3999775829897
1778424355,14078,1171.7523502466315,170.38824634472712
1778424355,14079,1158.883604976328,173.31412339518664
1778424355,14080,870.8064949609804,138.24674495915198
1778424355,14081,744.0397629355876,154.68482634262244
1778424355,14082,1057.683016549836,191.23281824945684
1778424355,14083,740.0159591890123,151.10044641077715
1778424355,14084,2378.5430115514696,50.290973894341406
1778424355,14085,688.6970337327939,34.69125297403572
1778424355,14086,1145.8586231367717,68.79085667321377
1778424355,14087,238.6315957205318,150.7114757942897
1778424355,14088,343.33082163831136,261.8215855375871
1778424355,14089,1031.1878183889141,145.45540472324194
1778424355,14090,464.4171116766246,75.12158471823652
1778424355,14091,427.6867790602657,78.75900299408761
1778424355,14092,843.7763474160693,210.6912642509395
1778424355,14093,1091.9833701817756,72.926589905416
1778424355,14094,470.80688879589053,168.328007009219
1778424355,14095,134.7224408485045,57.8857647910377
1778424355,14096,477.36312563487206,99.9140280072888
1778424355,14097,549.9977553561134,152.47228739929074
1778424355,14098,554.979094554479,54.15088714925386
1778424355,14099,492.5621353987775,202.19315545555457
1778424355,14100,403.282376294774,49.03652368092926
1778424355,14101,195.99372715610275,49.10486346984339
1778424355,14102,555.1505811544196,69.22580542620223
1778424355,14103,805.6288370509321,131.9512584226941
1778424355,14104,406.28868014068405,157.02180247633044
1778424355,14105,849.8678769635856,189.33117001173204
1778424355,14106,1822.9151202696294,87.27690705997404
1778424355,14107,644.385289403003,194.25033517353742
1778424355,14108,595.5965171333152,194.55940508929265
1778424355,14109,499.9732046861503,92.60429881201298
1778424355,14110,839.858322055969,82.84116985399744
1778424355,14111,467.81337015218526,189.58506866413174
1778424355,14112,862.6551839891886,133.97995422664184
1778424355,14113,691.6313001732462,170.3561981532708
1778424355,14114,492.3454613924686,111.78655909586841
1778424355,14115,728.5467177822372,119.64926564461905
1778424355,14116,1028.5517250036037,134.1789679289961
1778424355,14117,234.8268068936389,235.80051031566
1778424355,14118,1255.9569650354806,115.28542754900319
1778424355,14119,708.826808086863,37.257555441471744
1778424355,14120,676.6706647040592,259.57746426798246
1778424355,14121,964.5969571087318,56.57284202799009
1778424355,14122,1786.1959565840693,46.57637368271824
1778424355,14123,1960.7107009868118,159.13743874439749
1778424355,14124,507.88206756178994,30.41062751854004
1778424355,14125,904.5377961704507,180.2274549629819
1778424355,14126,374.64345625352416,270.89117550139656
1778424355,14127,389.7486291378598,109.75143816657143
1778424355,14128,653.0044204454717,66.80252655635714
1778424355,14129,727.5314679359415,200.13072672288368
1778424355,14130,1367.4243612442658,109.15439825549157
1778424355,14131,1519.9829781485457,130.2110224846774
1778424355,14132,788.6913869412333,152.0707593492294
1778424355,14133,360.73574872077864,15.268985274341079
1778424355,14134,1113.5278544263494,135.08131682776565
1778424355,14135,856.1254963106546,198.85898569200054
1778424355,14136,300.1567049639733,34.679670983644904
1778424355,14137,2340.621122432798,130.84691798434358
1778424355,14138,359.87327986323487,109.02984453380574
1778424355,14139,190.41041800542206,141.61053704155253
1778424355,14140,414.6299689130286,40.08293534891577
1778424355,14141,987.4682128474838,198.26586525505653
1778424355,14142,335.4268507891499,224.98543571443352
1778424355,14143,342.92544800971626,44.330238005704445
1778424355,14144,281.5414741694594,27.174825043513586
1778424355,14145,522.3929134888186,265.0909024997286
1778424355,14146,713.4757787986199,180.2335352629565
1778424355,14147,551.5705477500303,191.21600923572618
1778424355,14148,300.2938229999127,32.556816241265366
1778424355,14149,118.53390719692852,37.776305233266584
1778424355,14150,2674.648480850916,60.80280274573571
1778424355,14151,218.7134808918883,62.850842462820964
1778424355,14152,1031.2120121917155,137.1645275361506
1778424355,14153,929.6273838808113,176.3137363808699
1778424355,14154,431.4028675623772,178.29177983613968
1778424355,14155,641.4287567611613,22.305740985363183
1778424355,14156,225.0381936288473,140.82257306666347
1778424355,14157,1130.116843991534,84.9665898898082
1778424355,14158,571.9422836828356,41.48864104553586
1778424355,14159,555.150992310196,39.75614432959042
1778424355,14160,1482.8353493445452,130.87592834559226
1778424355,14161,383.6602481598519,102.53051241448084
1778424355,14162,1247.845533848008,170.81462799499954
1778424355,14163,562.4222280216964,30.144820412946007
1778424355,14164,198.04606860002704,145.34547975725388
1778424355,14165,255.33545509966737,45.383224787753015
1778424355,14166,420.52739031949534,47.99633655551302
1778424355,14167,476.65648023050176,55.72000311435295
1778424355,14168,1140.428263112398,214.13384529668272
1778424355,14169,561.5824569193566,206.44719145126513
1778424355,14170,1446.7601839599592,85.00283601038849
1778424355,14171,2081.7965664972603,49.0269541426327
1778424355,14172,709.5678030051798,223.41033820669242
1778424355,14173,495.2233029681236,180.79373115265764
1778424355,14174,761.2266066756367,226.32662366645653
1778424355,14175,427.2201647771643,183.22494976570346
1778424355,14176,600.5474657715566,259.93163704334717
1778424355,14177,501.25699978850236,201.8834649523195
1778424355,14178,127.40712811707759,96.28687779825385
1778424355,14179,392.5957668859723,53.03367921101794
1778424355,14180,148.52615085529735,187.3233263676221
1778424355,14181,490.17974909906263,222.48494212734437
1778424355,14182,582.7920654623389,241.39735503682755
1778424355,14183,537.16015612317,203.0095594313651
1778424355,14184,356.6612266243721,148.57277845625163
1778424355,14185,697.1253754467199,24.244499223304874
1778424355,14186,332.3537675462991,38.483812385349566
1778424355,14187,466.49710725926025,286.3691658721283
1778424355,14188,431.6295358789755,44.40392954196338
1778424355,14189,1831.9695381784145,121.34161527718223
1778424355,14190,1094.7063162583768,39.71838016690049
1778424355,14191,846.7294073588927,169.77458787429552
1778424355,14192,1303.1160194612794,163.06522804434934
1778424355,14193,393.8919104452935,47.76967556907406
1778424355,14194,586.4953003963126,135.5022614298041
1778424355,14195,2367.454332657028,63.10672948974895
1778424355,14196,992.200115130927,98.61420439183472
1778424355,14197,357.2665004465865,293.5903156929896
1778424355,14198,192.30009952745667,33.15327724162162
1778424355,14199,843.0713355933808,187.22675432024778
1778424355,14200,509.0157279535374,211.82722447884439
1778424355,14201,738.6044659511982,266.89721760336516
1778424355,14202,1341.999861332625,171.3229570314712
1778424355,14203,609.9632402793015,60.70242785391895
1778424355,14204,509.6518859258819,42.72731553521312
1778424355,14205,677.3361699309056,79.35474519835398
1778424355,14206,1194.6150230015294,116.40917993327469
1778424355,14207,1561.5054156762253,133.52152214492864
1778424355,14208,312.3365107902936,190.09033971232998
1778424355,14209,407.5780591996153,267.3221885802587
1778424355,14210,1229.0509597130208,94.88732884479876
1778424355,14211,1014.6211934784982,28.10642200360939
1778424355,14212,306.8732422062586,54.827393774077514
1778424355,14213,596.213621860771,18.129792518601068
1778424355,14214,798.4915590616279,211.88415930498527
1778424355,14215,434.75563126700655,376.7300171428631
1778424355,14216,484.4121338023013,166.40921079708977
1778424355,14217,1064.9604046833344,186.6607885492268
1778424355,14218,155.45288271819146,40.886096225139084
1778424355,14219,121.5692400310699,38.562937643699236
1778424355,14220,882.9334601974132,174.47956583520394
1778424355,14221,943.3037924261691,59.26428204559752
1778424355,14222,859.7343349500704,173.06796993140205
1778424355,14223,788.8340944868812,74.40512604069703
1778424355,14224,886.8326016417607,59.475351993117265
1778424355,14225,296.5043215887136,97.46283812592385
1778424355,14226,577.3672582751052,234.3293322172967
1778424355,14227,257.72555655761903,88.78790338161558
1778424355,14228,385.205839757009,212.43842083496656
1778424355,14229,377.23436605417476,47.46099110671782
1778424355,14230,622.7250626700915,61.73473160372532
1778424355,14231,716.8256341826028,249.98863054248204
1778424355,14232,946.5080971286172,163.87065040466322
1778424355,14233,834.6755645822064,189.5464422590953
1778424355,14234,3925.0651997479304,123.64440158905349
1778424355,14235,527.8348929322117,170.37389969715585
1778424355,14236,1224.688907022758,76.35751269397814
1778424355,14237,789.876166510028,186.44125492260608
1778424355,14238,712.7564955466935,174.37863284730017
1778424355,14239,727.9686410811807,182.18958516836764
1778424355,14240,485.41379534005836,57.059039665935416
1778424355,14241,1491.8195164478764,170.28813627302117
1778424355,14242,320.62006378581714,116.61296474051717
1778424355,14243,905.2200010592072,140.28074735772623
1778424355,14244,491.628011500017,43.846410733121935
1778424355,14245,1349.181524799836,158.2733869633935
1778424355,14246,382.16969388180104,61.45679983703145
1778424355,14247,355.0619124395155,201.5549597888866
1778424355,14248,1883.8725035810332,115.73047922164824
1778424355,14249,399.4904787231274,230.00872462506126
1778424355,14250,188.3554936866285,22.08415144483897
1778424355,14251,1418.7594934925262,143.22765135086848
1778424355,14252,672.0356548060298,143.16671329257343
1778424355,14253,440.64394432885337,222.171521891281
1778424355,14254,167.98751464708715,31.567933696986564
1778424355,14255,532.7231341610689,237.76441826398116
1778424355,14256,826.1445299838649,199.41721773585414
1778424355,14257,383.83687442953186,167.81191677799254
1778424355,14258,1153.5725258108394,215.9617125587177
1778424355,14259,713.2254923629038,180.923993601337
1778424355,14260,1862.4683807895772,110.6317932283725
1778424355,14261,890.7126688221892,157.9339263928273
1778424355,14262,435.45779697342664,224.61967409540196
1778424355,14263,1018.0838519938682,168.68594290712622
1778424355,14264,1802.0164867251203,38.58194138121754
1778424355,14265,1127.675014304136,186.44543311722776
1778424355,14266,749.4849864856582,221.1237827207942
1778424355,14267,368.1607924041625,40.55848521952071
1778424355,14268,373.8202227996824,110.7163482784687
1778424355,14269,396.09636493338587,19.356787503519495
1778424355,14270,961.5361458033672,205.0787033320833
1778424355,14271,1030.9918010793604,27.333241466651547
1778424355,14272,482.217020192011,218.3638825275183
1778424355,14273,168.11010946906592,26.37008498063807
1778424355,14274,869.5474734523832,40.98455610074081
1778424355,14275,397.8367593533032,52.34412476079365
1778424355,14276,1065.3597835294581,32.44573699035833
1778424355,14277,349.7875454219509,328.29593935633415
1778424355,14278,1724.1944673636008,182.13097395681905
1778424355,14279,599.7370405961403,101.95982663126799
1778424355,14280,1500.052824140754,140.67717166928912
1778424355,14281,426.9758314487794,47.23998699567288
1778424355,14282,460.59132518735765,47.33514060017908
1778424355,14283,744.385391831929,124.92819603203839
1778424355,14284,808.6200933642041,210.7344999059122
1778424355,14285,872.9107015627256,136.73203470207793
1778424355,14286,326.01397881176035,35.98206818848293
1778424355,14287,530.8757775662586,205.0802366433424
1778424355,14288,821.4306173979134,200.66450653670168
1778424355,14289,419.4532530562517,111.32876596239053
1778424355,14290,2788.904627698908,141.40921380984136
1778424355,14291,750.2001026841052,28.82774069338677
1778424355,14292,682.4306773884822,103.02936453428842
1778424355,14293,571.7549975027864,159.94226397767707
1778424355,14294,824.0621408874057,83.95317245570644
1778424355,14295,1085.7229657959701,170.4945960636144
1778424355,14296,481.2286285051684,84.78201647316202
1778424355,14297,153.82641725939988,33.84415860185525
1778424355,14298,401.9144579893102,94.55418048173637
1778424355,14299,465.21967183329,17.373471259933847
1778424355,14300,300.7884487896634,230.2371706565795
1778424355,14301,2649.7845584339916,72.24332829358194
1778424355,14302,718.5083052814437,147.8045443793586
1778424355,14303,1002.9764123202881,64.22339142923255
1778424355,14304,310.8444204161606,121.99387297116387
1778424355,14305,258.91664890668585,129.25124640378246
1778424355,14306,1494.1939614600813,45.77410289117259
1778424355,14307,721.2198287527398,254.05522481450325
1778424355,14308,1328.6003883537035,169.4005377901119
1778424355,14309,475.6021351579382,133.38519108292704
1778424355,14310,347.46730508924077,83.34870052222172
1778424355,14311,265.3832576789166,119.99136665003702
1778424355,14312,89.58740194180069,45.37775084974214
1778424355,14313,320.8341715441366,131.15672873931945
1778424355,14314,376.735004132716,57.28241285757056
1778424355,14315,2005.4523459327042,146.56856751128925
1778424355,14316,374.394356319144,159.10454843487312
1778424355,14317,1304.3739383160726,168.78123442108122
1778424355,14318,1044.3625937298757,178.82650779145482
1778424355,14319,434.7751070173295,198.43237907404549
1778424355,14320,1231.1990821299,201.3892087146348
1778424355,14321,169.64829912787565,53.23101778059947
1778424355,14322,786.1464869031577,367.8274371462857
1778424355,14323,1613.2498809592612,31.87952941769072
1778424355,14324,387.8927624079224,74.63913315686877
1778424355,14325,539.5638742180673,87.69302893657104
1778424355,14326,679.4359326554786,203.7266493148533
1778424355,14327,1030.6975777373361,146.6724722597416
1778424355,14328,830.7403461298993,90.65080873903952
1778424355,14329,343.0072167092164,282.8665055748211
1778424355,14330,1426.0532202670927,111.49203561757749
1778424355,14331,1778.6514514396094,114.02763898661182
1778424355,14332,2114.4553475570383,153.75308631204484
1778424355,14333,568.5668917977782,63.51574506621214
1778424355,14334,692.9503300784904,18.856495104705136
1778424355,14335,152.99548840372813,96.52488142237051
1778424355,14336,1272.5409112608183,144.41916626330436
1778424355,14337,676.2644625340421,197.83711338255824
1778424355,14338,415.42715468543383,70.95874062007935
1778424355,14339,1114.3996375827135,56.05382040838116
1778424355,14340,1295.0058655294526,175.01107716881623
1778424355,14341,625.9436540082997,263.77058229638493
1778424355,14342,562.7788212325535,352.0976753088895
1778424355,14343,491.0530557151759,179.44836367052883
1778424355,14344,902.2992703672055,43.828353781435034
1778424355,14345,910.9740696177082,116.44752206420472
1778424355,14346,445.0952215149717,19.370466237045157
1778424355,14347,723.4246142416508,134.21454738567542
1778424355,14348,941.3086979053465,215.1820346169791
1778424355,14349,109.72628442921376,73.30002831025747
1778424355,14350,569.6942547288301,56.02083719533656
1778424355,14351,572.9563152933108,53.77188964696359
1778424355,14352,1084.0940706086978,213.69868961247514
1778424355,14353,1024.3486964423744,98.39550025921739
1778424355,14354,293.8915291094204,85.72560777391325
1778424355,14355,248.86438556495153,39.971157457936535
1778424355,14356,1063.7398763691815,159.6918674046632
1778424355,14357,782.6383371204246,63.68297840251762
1778424355,14358,1466.0719213974528,145.71270843860873
1778424355,14359,551.0877878201193,89.58991965686573
1778424355,14360,111.03871728970192,55.9070012877245
1778424355,14361,55464.49736064369,429.7196669107665
1778424355,14362,1012.6837176209107,153.67552303831536
1778424355,14363,404.10677393068113,59.26396126633429
1778424355,14364,863.04665240905,270.56749408927976
1778424355,14365,1595.3417724045044,116.69588209834558
1778424355,14366,741.3026477246859,162.52650155195002
1778424355,14367,264.09711759470855,139.61457400310252
1778424355,14368,403.0400196359975,135.9122484481929
1778424355,14369,1525.3065886581335,167.19325027862195
1778424355,14370,361.39311850756684,406.9069444639871
1778424355,14371,183.63520737555183,26.324513186284776
1778424355,14372,155.36240679965934,182.47735800402072
1778424355,14373,867.022431691282,203.67261825386652
1778424355,14374,673.3799995627721,193.6033471768978
1778424355,14375,282.133242662957,78.79479811823538
1778424355,14376,1349.5169648915685,201.4791875502535
1778424355,14377,464.8407934126772,263.22808375469066
1778424355,14378,1675.476700131071,44.310225624661825
1778424355,14379,1462.308698283134,124.67829756304548
1778424355,14380,568.7779092184563,236.45209839069153
1778424355,14381,131.75456034711985,31.62504224007283
1778424355,14382,1723.4285287763753,93.7400466655954
1778424355,14383,739.8118435048182,190.61684080382122
1778424355,14384,814.1328700037742,258.4502077402054
1778424355,14385,466.4663627609727,84.40862048068381
1778424355,14386,473.72784418679845,278.2510114061666
1778424355,14387,208.56079420870833,59.52839732786772
1778424355,14388,744.7969591156791,229.74950499613132
1778424355,14389,1422.9591544032355,174.0764258322076
1778424355,14390,130.99702486899224,25.866632996793165
1778424355,14391,180.22661951416137,69.81110821175008
1778424355,14392,535.6838473147061,286.1771475191194
1778424355,14393,366.24540169819727,47.58331705510573
1778424355,14394,1105.2029616604582,160.14190851229404
1778424355,14395,525.6653816545817,174.3492928825092
1778424355,14396,298.5852952148619,240.07911992878851
1778424355,14397,1336.1778268867763,43.829075369300035
1778424355,14398,328.65961986079014,23.513382081687062
1778424355,14399,130.14088563921857,58.837506260800026
1778424355,14400,102.67326579393253,40.293708537559354
1778424355,14401,396.28335636005926,370.6032007847308
1778424355,14402,908.6504535216178,201.94043695060566
1778424355,14403,263.89169066971937,77.68374498000244
1778424355,14404,665.4077599265746,254.6966919337592
1778424355,14405,1461.4016047984542,154.9392245514584
1778424355,14406,1281.4824424847393,181.97993342083956
1778424355,14407,761.6577569927887,240.6933270748017
1778424355,14408,1903.1756965383668,44.35502436171745
1778424355,14409,627.4891099176376,261.0155509735526
1778424355,14410,564.5515679922445,328.5236949764173
1778424355,14411,501.46867448659503,378.5521816170095
1778424355,14412,625.0392286763165,274.9639568354461
1778424355,14413,530.6131498847944,270.34041347054034
1778424355,14414,1186.1780981501834,161.67265425877437
1778424355,14415,132.2607540531816,64.04212583900085
1778424355,14416,450.01443177410374,115.13984487158157
1778424355,14417,254.9741404391311,353.0026337306458
1778424355,14418,920.1265656997846,36.774898353572794
1778424355,14419,691.7341445292338,166.71744098288252
1778424355,14420,211.93466508713428,50.39246606599146
1778424355,14421,264.9385518909855,34.528275999618536
1778424355,14422,1372.8351727972367,33.89880699487287
1778424355,14423,1013.2431899919543,169.7621594436462
1778424355,14424,733.6770441395666,47.32827874131121
1778424355,14425,430.95226608009233,125.8023406759896
1778424355,14426,564.071989224422,134.12103937872791
1778424355,14427,747.6080625412033,115.02128233735745
1778424355,14428,217.8475244540121,77.75552561195497
1778424355,14429,523.6408722254497,32.54796477819177
1778424355,14430,344.2553046252339,49.65428640020963
1778424355,14431,377.2482120015102,196.00448822906068
1778424355,14432,477.9772632888479,288.6187785474224
1778424355,14433,1142.468517583749,40.5658798473077
1778424355,14434,800.0937248547034,111.92328363434154
1778424355,14435,1610.0133540142567,83.37653333859826
1778424355,14436,725.030324841751,272.23210321222257
1778424355,14437,809.2665558730909,159.3255198932107
1778424355,14438,495.37059393208074,70.56844657953907
1778424355,14439,147.06863156226237,30.64499435865172
1778424355,14440,349.8576827119616,70.37145865509571
1778424355,14441,1236.699248473109,184.5637997638961
1778424355,14442,1321.277253696341,30.813748970777993
1778424355,14443,979.0513171443138,42.8881254753504
1778424355,14444,717.0027992590627,235.46900080165554
1778424355,14445,339.13902620021594,66.91991534995485
1778424355,14446,1750.3439558483465,58.46631314232735
1778424355,14447,587.0042934028869,192.2368222206634
1778424355,14448,378.84201722605275,376.1455404353599
1778424355,14449,1045.7066048421107,73.9851789181793
1778424355,14450,963.6386853462913,121.1466645370571
1778424355,14451,963.2328047571887,183.98883627188104
1778424355,14452,335.4946191430273,37.45312346247217
1778424355,14453,1527.0260027991499,115.0867437839135
1778424355,14454,639.9345914277326,178.45244792046452
1778424355,14455,1530.1146113509894,115.03239299444168
1778424355,14456,221.2452638429449,338.8033243220337
1778424355,14457,1233.4936937047528,28.487823190841727
1778424355,14458,583.1583887926911,211.66064371512593
1778424355,14459,1047.0354172331238,61.86148554410985
1778424355,14460,681.4154935644233,286.37025365761747
1778424355,14461,853.04711380171,190.3446008139193
1778424355,14462,555.3928904419508,240.8449435190815
1778424355,14463,1464.8714544875409,173.81846502597196
1778424355,14464,442.4119522923776,273.0907065244209
1778424355,14465,1013.2255027279898,46.69175253958046
1778424355,14466,992.5342735190582,169.87429526756986
1778424355,14467,429.3519166648373,279.7102338649787
1778424355,14468,1030.5715796388095,41.47926201811111
1778424355,14469,757.5285614923346,58.16225416622574
1778424355,14470,735.0645087440635,166.00276725243262
1778424355,14471,565.9565585013896,217.9717367288729
1778424355,14472,963.2105004251707,474.9520379929933
1778424355,14473,723.9761702188163,337.1767608564076
1778424355,14474,462.2960220833506,253.39715830879942
1778424355,14475,3888.3463336468117,137.65822652936308
1778424355,14476,1684.502905627094,149.90170618319928
1778424355,14477,347.7817076429,189.36451388956283
1778424355,14478,653.231597492313,78.93190065062885
1778424355,14479,1172.5741336106048,71.19546944833974
1778424355,14480,400.9923338741793,52.602996365406405
1778424355,14481,165.21073522085973,88.79133616054762
1778424355,14482,65.45825449170574,26.572697792886824
1778424355,14483,214.70020267083484,28.34949715839705
1778424355,14484,989.8499328452589,229.6928441059054
1778424355,14485,580.0558558858352,376.6156583981507
1778424355,14486,474.89890357124057,282.63643345369843
1778424355,14487,226.76276316659786,334.6897358199513
1778424355,14488,1682.5176288427524,31.631636968115043
1778424355,14489,1035.655310488819,143.9737256043254
1778424355,14490,624.9481210083544,217.40572972166345
1778424355,14491,2274.323334150611,36.923904426799915
1778424355,14492,412.64493577325356,32.096121978997076
1778424355,14493,396.418412185882,117.94295857869145
1778424355,14494,213.63213225524555,43.45501821286868
1778424355,14495,293.22979348984904,36.655726606725665
1778424355,14496,2153.125544793173,76.99966447041398
1778424355,14497,1593.860171053502,102.79851058864647
1778424355,14498,628.0436184640334,190.1649867169279
1778424355,14499,1022.7112317159258,176.66610856872975
1778424355,14500,621.0261617658167,45.54009717257598
1778424355,14501,329.85827112107035,30.34500934294622
1778424355,14502,1302.7431705017352,172.83128694403072
1778424355,14503,1405.6147116206819,50.651331803284066
1778424355,14504,2112.286390827101,53.15131885107207
1778424355,14505,571.1110524116432,139.42139072082702
1778424355,14506,698.0948135259216,244.93699506619222
1778424355,14507,215.76218245156468,49.229213750361794
1778424355,14508,828.2073000365413,29.162085567667756
1778424355,14509,1296.4527195013254,191.45135051722403
1778424355,14510,1804.9684377328317,142.19430906119894
1778424355,14511,1291.554851244332,180.2310388875332
1778424355,14512,142.5880741082464,150.8662726659228
1778424355,14513,2560.4929720498685,84.82057235716697
1778424355,14514,1283.9731507875542,57.110860726246926
1778424355,14515,333.352030577157,65.69455003077132
1778424355,14516,1283.4470135277156,194.21070313086153
1778424355,14517,794.0991802356369,203.71828566642955
1778424355,14518,626.4763742597861,38.576830964482035
1778424355,14519,1239.9834117264522,157.84489879517372
1778424355,14520,447.21936867752055,14.705745514950232
1778424355,14521,591.7601281618302,194.82111270407256
1778424355,14522,340.7150618592607,43.33143654580524
1778424355,14523,1173.3663021684292,194.25504376675025
1778424355,14524,179.46002449949432,23.239768428451946
1778424355,14525,630.2655284986179,248.94432013417466
1778424355,14526,365.5440866032086,45.111221613074036
1778424355,14527,908.4618443023796,89.01212198334805
1778424355,14528,459.60825046850243,146.5519346730729
1778424355,14529,467.1607895499918,87.95736102097973
1778424355,14530,407.6362567593974,199.68084105169785
1778424355,14531,3191.438958841429,45.859869013051856
1778424355,14532,340.82255551165173,59.06807003386713
1778424355,14533,305.53786785342857,288.91778599946383
1778424355,14534,155.37325815985713,45.83857549245622
1778424355,14535,1043.115297603737,197.35913063768183
1778424355,14536,332.9104970156301,127.84493777587168
1778424355,14537,680.04879653854,115.09013799776322
1778424355,14538,540.3368627183073,38.01004404192439
1778424355,14539,1009.375554414694,34.10009343630687
1778424355,14540,475.3361181883857,43.88746440054843
1778424355,14541,1112.3796376578603,167.41822149053985
1778424355,14542,1046.3000017401396,42.347543753147036
1778424355,14543,937.5883642190995,50.70133971424955
1778424355,14544,325.5045072154856,26.44066856715059
1778424355,14545,439.7385065367105,218.74908596638204
1778424355,14546,1168.8636994329888,185.92779693017633
1778424355,14547,432.9949029585526,134.75821412743738
1778424355,14548,770.4269458890584,78.07123874178333
1778424355,14549,228.6835085681687,103.14127342909461
1778424355,14550,538.6684058930257,128.23502601972177
1778424355,14551,295.9916881744336,60.25173691356798
1778424355,14552,548.0595219355733,113.61098684216002
1778424355,14553,221.02977303141117,96.88816762098276
1778424355,14554,1461.3150902562722,110.21335182148698
1778424355,14555,804.6391050715691,172.8319373335931
1778424355,14556,2681.5959413675005,83.95077165013805
1778424355,14557,1644.8132046873409,40.931741275288026
1778424355,14558,1196.2450625957385,178.58090835491598
1778424355,14559,1015.8012966916948,137.53680368303407
1778424355,14560,2948.97317862495,102.55353853665164
1778424355,14561,612.0638550987211,256.10848061224345
1778424355,14562,372.6849029740121,39.94206020374852
1778424355,14563,960.7360233183265,183.93132207965752
1778424355,14564,382.631663456938,31.913480922456085
1778424355,14565,835.4535453828717,182.07810369787194
1778424355,14566,436.75705277656704,73.71238668029872
1778424355,14567,738.9588830801615,257.5920044999835
1778424355,14568,360.4952967366664,39.54093835508399
1778424355,14569,2553.934579517299,164.5508040666511
1778424355,14570,112.79347338212725,60.00027246634352
1778424355,14571,497.9663625982222,98.29803375838122
1778424355,14572,585.8738133580363,181.70281474249333
1778424355,14573,1094.4043692023847,200.58090184440226
1778424355,14574,1584.52910420357,47.419089699936706
1778424355,14575,193.94034827740802,14.392606579828493
1778424355,14576,510.15236388677266,69.76673836349582
1778424355,14577,980.4494417821543,80.02092604031768
1778424355,14578,948.6442582436515,94.65520471325046
1778424355,14579,1751.8956647433529,68.72441348373036
1778424355,14580,478.35730784902194,19.807437376761314
1778424355,14581,1721.3959512383688,50.114829057030796
1778424355,14582,268.67505071935534,31.61014330750097
1778424355,14583,386.1996416523168,51.01480937061121
1778424355,14584,812.8912756812499,175.7031614038685
1778424355,14585,351.50014356272015,40.25707134003606
1778424355,14586,1414.069988901429,147.68451662192737
1778424355,14587,1296.6730013258405,239.36419520512342
1778424355,14588,1849.474973705558,30.06397401605318
1778424355,14589,1748.5510253267844,116.17205459349218
1778424355,14590,311.64367996598327,77.29496582376032
1778424355,14591,649.5681647757068,174.3739448337502
1778424355,14592,380.57782064057983,266.86798229431196
1778424355,14593,751.8388256965633,170.15957445851558
1778424355,14594,167.73732014587293,57.29168441893169
1778424355,14595,1172.4413595435487,167.0505415286569
1778424355,14596,1697.9802867931035,181.4365265221702
1778424355,14597,395.3684032578673,55.04818160907746
1778424355,14598,454.71097848108553,86.5023454633917
1778424355,14599,1090.049703622214,169.1225003291703
1778424355,14600,931.1352404254394,160.6057426644253
1778424355,14601,915.1291854737453,71.74919221988725
1778424355,14602,2266.80468858159,53.89817215814136
1778424355,14603,433.5301016966692,46.28649893216845
1778424355,14604,693.9771118060107,193.38428291623737
1778424355,14605,222.5138638525039,71.50656289775866
1778424355,14606,288.51135031301055,75.21852681766386
1778424355,14607,343.36669983124835,52.042366814738934
1778424355,14608,424.0274232541717,114.01830117721292
1778424355,14609,1026.2699089855926,185.95454260550719
1778424355,14610,1633.4035306594544,142.78768251532614
1778424355,14611,414.5330471365178,151.16984083163157
1778424355,14612,338.6505174135595,121.84412106211022
1778424355,14613,1093.033371991444,95.77202737729638
1778424355,14614,223.68573257541945,24.383544421446974
1778424355,14615,225.12732233937598,62.5914765824585
1778424355,14616,860.4613522971907,183.87486369521355
1778424355,14617,311.90471111112186,35.00271545450523
1778424355,14618,610.7542434023679,44.812101320486384
1778424355,14619,578.3235410801775,120.2307138411672
1778424355,14620,667.0125684003261,280.93715707745605
1778424355,14621,182.27984737677846,31.92364984958624
1778424355,14622,598.6218288520806,271.59454790288595
1778424355,14623,767.3388225140375,259.2731495702504
1778424355,14624,859.111634109541,186.43505735322032
1778424355,14625,399.91035047993654,36.07616236959071
1778424355,14626,1470.7611654128168,212.0349506424053
1778424355,14627,3597.2278234447035,85.35171173004342
1778424355,14628,471.2242326237038,248.42811190067135
1778424355,14629,289.44023617928485,33.15565791821844
1778424355,14630,284.12036070069985,98.94719498849011
1778424355,14631,1319.1781426214268,132.96471012933284
1778424355,14632,599.851994839439,212.97507344225707
1778424355,14633,486.83897658773793,214.57336008329906
1778424355,14634,506.71904454705066,24.03122438042637
1778424355,14635,344.27220943617016,67.48498749805985
1778424355,14636,746.2561784143171,96.89376875797957
1778424355,14637,1029.913161434429,151.86426926345862
1778424355,14638,554.3358997549115,199.98863965918602
1778424355,14639,3036.740807673751,63.54037803471816
1778424355,14640,407.50448122462024,255.44763435734095
1778424355,14641,584.0344426898745,49.5906395527675
1778424355,14642,224.3916908540121,24.017625910361403
1778424355,14643,223.96911598555792,189.50072969483378
1778424355,14644,1463.0658931728872,206.4146310641908
1778424355,14645,1525.0420620639002,110.89165471450765
1778424355,14646,56687.597653104676,435.88554553716546
1778424355,14647,1539.31084397803,173.70946959863352
1778424355,14648,2385.8056999155683,130.06039352687827
1778424355,14649,371.7334889669257,61.91908243182714
1778424355,14650,146.2019900320305,40.94579194579661
1778424355,14651,677.2141255389981,209.49239740550436
1778424355,14652,356.49782837593307,77.40448783732892
1778424355,14653,582.0770790651733,62.174373551657894
1778424355,14654,369.2752600504401,39.91614737630652
1778424355,14655,1357.5379242999845,161.39423004252222
1778424355,14656,1078.0114534815905,182.20468977589266
1778424355,14657,178.65439830691582,11.799406256868512
1778424355,14658,284.27057691848375,34.26776041015333
1778424355,14659,145.79731141345258,37.39156374634044
1778424355,14660,135.8599674555308,37.266338633555705
1778424355,14661,905.9208419329289,131.32331276569624
1778424355,14662,889.7386782968028,138.31176341370013
1778424355,14663,333.05848168116364,96.15553697055023
1778424355,14664,668.3691513384304,127.40936102540613
1778424355,14665,452.7052178838483,292.00523246129313
1778424355,14666,599.0239566084808,260.0433031020543
1778424355,14667,671.5630596234128,285.75064266404735
1778424355,14668,505.3546122968607,113.13760179490514
1778424355,14669,536.7179298156358,54.75922023651772
1778424355,14670,3374.271589044889,59.538590739365674
1778424355,14671,527.00795931552,418.5812206086538
1778424355,14672,1827.5617969725063,142.04274590073675
1778424355,14673,240.82275550342723,83.39237177164526
1778424355,14674,611.4979113406229,150.1779136985751
1778424355,14675,735.6000302585898,286.5120640046463
1778424355,14676,1090.2784394914304,205.66812514756458
1778424355,14677,275.5261233572451,288.6408981698163
1778424355,14678,363.89485340547344,294.93174081287106
1778424355,14679,539.693706064206,204.118954855033
1778424355,14680,472.41591979150377,141.72423089553158
1778424355,14681,283.075334549738,68.64415363689635
1778424355,14682,361.31767625416273,158.44137247465764
1778424355,14683,1004.4017438854588,65.27184867894844
1778424355,14684,289.51854302235563,102.842636432827
1778424355,14685,428.64113523103816,93.33005793768818
1778424355,14686,290.0190909914035,303.2315159821393
1778424355,14687,875.4313872486105,308.95232905489945
1778424355,14688,1547.9830462763114,166.5139468696486
1778424355,14689,1357.0739797674614,90.2044571682453
1778424355,14690,536.158792251472,31.556491855424774
1778424355,14691,729.8606093068395,218.29193991519816
1778424355,14692,482.1028669760676,123.27162017141323
1778424355,14693,1194.2710414479463,123.67723098482249
1778424355,14694,1109.9035404740582,163.60896862704507
1778424355,14695,169.55315760993236,22.032124165630904
1778424355,14696,795.8872732166354,333.19157243552235
1778424355,14697,694.900834677418,101.27137477760016
1778424355,14698,557.3784592774759,129.26072666427828
1778424355,14699,459.7008327192661,78.2800732540486
1778424355,14700,530.1270068894672,208.84538334518925
1778424355,14701,330.4125335222639,151.4098705737889
1778424355,14702,855.2166252072292,52.87490786717308
1778424355,14703,387.22815051673075,75.73134724208101
1778424355,14704,273.0170894368235,22.85210297057891
1778424355,14705,1530.9270194743963,138.1958382405225
1778424355,14706,725.5185523829759,178.80121344309086
1778424355,14707,389.5586479632479,300.8545320304768
1778424355,14708,3487.4515642783736,105.83985144013499
1778424355,14709,1391.303660422841,184.7152716024469
1778424355,14710,4224.703272068965,122.13648280162127
1778424355,14711,2034.1692714934436,118.07998789662598
1778424355,14712,2981.831343901534,106.32276338644085
1778424355,14713,366.77389495826714,66.92655298149806
1778424355,14714,533.7419555916485,35.567053745920134
1778424355,14715,879.7414930057352,173.98796260830625
1778424355,14716,637.697926297489,167.07545136546582
1778424355,14717,999.092457045169,150.16737793741774
1778424355,14718,229.93363233015359,61.589747151827346
1778424355,14719,206.63807229196092,48.15139067404259
1778424355,14720,389.16047729729695,30.84397369607852
1778424355,14721,823.9368205892001,138.65687701268808
1778424355,14722,201.04757783175916,76.9058655529705
1778424355,14723,830.441679907082,175.6753930074379
1778424355,14724,835.5111690238301,24.50885627036662
1778424355,14725,1166.4460299658906,170.9763823101329
1778424355,14726,126.61745777294645,87.68580860064195
1778424355,14727,1580.8894674863031,135.7893603809717
1778424355,14728,1060.776263559667,194.03734201536255
1778424355,14729,445.07498871511365,240.53342471602596
1778424355,14730,402.61700256066314,21.713759181707108
1778424355,14731,441.18312280818503,271.87766899664075
1778424355,14732,275.77036489094303,297.50786288422177
1778424355,14733,456.6066942704584,200.83058192153226
1778424355,14734,1643.6028766144036,85.96641311984659
1778424355,14735,260.2403533178862,78.02468618633807
1778424355,14736,395.31778209462937,295.8571856249468
1778424355,14737,1269.0276616189421,155.8850589774393
1778424355,14738,351.390028681059,342.5611255940994
1778424355,14739,823.3711638094719,36.747134209093375
1778424355,14740,164.46810490831191,62.1594521942177
1778424355,14741,343.5868123545978,150.17831638881677
1778424355,14742,74.51405627654833,25.12565008299502
1778424355,14743,1030.6347237848984,197.77983458762463
1778424355,14744,658.5816086252267,18.784828915704374
1778424355,14745,790.819599516088,228.82398825131474
1778424355,14746,879.593023597407,198.60214304657077
1778424355,14747,544.7254894602758,65.97699679447122
1778424355,14748,1766.0567202974655,185.20664792439723
1778424355,14749,593.6260250577011,41.4455899574269
1778424355,14750,844.9898263227827,282.9178264980278
1778424355,14751,1069.0211139379255,48.121932330085215
1778424355,14752,1184.247327067943,186.30219599246396
1778424355,14753,355.0148567234967,334.6137713693844
1778424355,14754,323.0594281130521,109.46320106971196
1778424355,14755,510.81436344537065,221.60197872509406
1778424355,14756,647.6018538858748,90.69429224111252
1778424355,14757,623.1888209295219,237.85606110861877
1778424355,14758,1612.6568601796655,79.66676019514206
1778424355,14759,72.29571220549785,19.60988621855533
1778424355,14760,193.99044822213995,62.411700568404605
1778424355,14761,2695.8517893232356,54.78984038807722
1778424355,14762,434.13051978138645,162.2106534300371
1778424355,14763,951.8817026686023,171.68153066076653
1778424355,14764,585.6583663970812,100.21814760175019
1778424355,14765,600.9014666018635,193.41784555872283
1778424355,14766,393.1568385755498,52.045258732232476
1778424355,14767,311.31868387378034,25.512747809640885
1778424355,14768,371.8328773963133,139.2926507912907
1778424355,14769,948.4731671270582,35.43536804495002
1778424355,14770,202.32918240253477,65.51271409814744
1778424355,14771,1099.6252640930707,215.13201620267344
1778424355,14772,463.748253759743,228.11389379822455
1778424355,14773,160.02146516353125,17.889708954742296
1778424355,14774,311.6163217058414,56.145165267004984
1778424355,14775,1896.2883240323108,181.33943749559015
1778424355,14776,493.428690908249,248.81520292516404
1778424355,14777,1541.0625139106673,162.7584001241523
1778424355,14778,1299.1674185596507,116.48592148290025
1778424355,14779,325.58990638327987,134.27123608236295
1778424355,14780,871.6722773218679,36.07578253933931
1778424355,14781,1296.036470404968,127.85793619845522
1778424355,14782,238.49341960629184,22.458364211134466
1778424355,14783,932.1889907849504,399.0108731352668
1778424355,14784,603.2125682169087,296.60122414991525
1778424355,14785,645.4774116865269,387.02849982370793
1778424355,14786,460.1084529728567,316.1141133251517
1778424355,14787,219.3294897930529,69.80573010932319
1778424355,14788,630.3571130053338,208.11960121296775
1778424355,14789,882.985186289269,208.1134156023053
1778424355,14790,931.7618222037763,44.55882954281568
1778424355,14791,1076.490360455163,66.80414593790009
1778424355,14792,216.38903481314685,49.13642626645967
1778424355,14793,692.1851806715347,292.9015747804346
1778424355,14794,898.7063229605145,341.0112047815721
1778424355,14795,589.3857278846433,98.97503337013615
1778424355,14796,1368.7075352100148,200.00159900797544
1778424355,14797,483.6859493465009,275.4538379731403
1778424355,14798,167.6858120434223,94.44822799954255
1778424355,14799,311.35913653321694,142.71460855392047
1778424355,14800,278.64480432998437,192.5344274713235
1778424355,14801,647.6894309923769,119.43809658067066
1778424355,14802,302.21605194501166,36.235019950195635
1778424355,14803,1098.1711253554577,203.20860939553495
1778424355,14804,256.58696403165277,171.63222289337378
1778424355,14805,745.4793610931067,37.2269630049616
1778424355,14806,1430.3629468271197,161.1779916137414
1778424355,14807,1218.1243678840638,165.39670128313966
1778424355,14808,977.5495877183652,32.821287600078676
1778424355,14809,693.0080382185265,183.17916855734055
1778424355,14810,262.5366373864718,143.93437685533067
1778424355,14811,567.546124790011,201.31676232078405
1778424355,14812,126.9001018740662,23.10549854931461
1778424355,14813,1866.5393077512801,195.63832574786343
1778424355,14814,356.3255772457511,57.96866085548775
1778424355,14815,454.40955313151784,267.12898848718106
1778424355,14816,229.6779597859903,22.83657489162152
1778424355,14817,2649.155527741711,110.6265918244053
1778424355,14818,873.1566227989479,189.9973079269333
1778424355,14819,1015.6854625870919,212.54537397376444
1778424355,14820,872.1782109094862,325.1486615589946
1778424355,14821,391.32131437940524,87.2551707437448
1778424355,14822,655.0778384504387,173.7277781633469
1778424355,14823,1105.0119078480247,80.4002429953709
1778424355,14824,1670.7545630976979,161.8800425726302
1778424355,14825,679.8912002906527,181.8986020876397
1778424355,14826,895.6413434973687,133.8556072334144
1778424355,14827,301.92621235915135,44.24762680599123
1778424355,14828,1494.5647019410703,70.1833840300286
1778424355,14829,285.7468372346468,322.8549044890122
1778424355,14830,704.9123526950871,119.82013166448516
1778424355,14831,497.42342943993356,153.72698369609
1778424355,14832,612.9435349943369,214.52073529864757
1778424355,14833,571.6761494075337,269.0528222280911
1778424355,14834,549.1910176306168,115.7492657294872
1778424355,14835,1030.4342921005039,43.53193990812999
1778424355,14836,376.3074225615941,37.6145818524876
1778424355,14837,540.660200318949,259.50583322175623
1778424355,14838,657.5448020365465,293.72097192206195
1778424355,14839,296.43876110436065,64.24078910388137
1778424355,14840,538.2831808460628,302.38335845525705
1778424355,14841,799.8680237197406,167.64968226699992
1778424355,14842,1566.898392707046,166.5965766915905
1778424355,14843,596.961493513935,71.8471931319891
1778424355,14844,163.47900814753353,37.46150219020026
1778424355,14845,413.495607132736,194.95455090467001
1778424355,14846,1115.896672043251,200.70290785810352
1778424355,14847,277.5767715696855,19.253111447007065
1778424355,14848,198.1110857032715,40.57698938146256
1778424355,14849,535.2992436781462,259.40590315900994
1778424355,14850,618.1578233187164,297.8990392269745
1778424355,14851,609.4121520685776,286.8149116770419
1778424355,14852,458.642197837095,269.3008913727192
1778424355,14853,1233.3924960369864,164.8273142446513
1778424355,14854,1162.5788131981158,220.95141006888556
1778424355,14855,988.2796969003894,144.36026459779725
1778424355,14856,967.777419785542,233.50931071426587
1778424355,14857,487.1923588959543,60.44615985187888
1778424355,14858,310.4582152770787,52.88575937891092
1778424355,14859,96.71294609184328,23.28002345400334
1778424355,14860,158.87611218451906,63.06266712990011
1778424355,14861,2015.8493165721002,127.31793351323148
1778424355,14862,496.73959547805117,58.64200867405135
1778424355,14863,966.3569386766612,182.017856527672
1778424355,14864,1657.0526041325725,100.61486705311323
1778424355,14865,294.19717278637165,77.62478007648718
1778424355,14866,739.6611956299772,156.33877761306962
1778424355,14867,1139.094115373822,186.03690939568858
1778424355,14868,228.53605160090055,73.23184189966321
1778424355,14869,1514.9271229315598,125.05049180051564
1778424355,14870,230.42785751560695,21.337534792984613
1778424355,14871,267.65771844009095,28.121334674230898
1778424355,14872,1108.6182086853205,93.95392789518702
1778424355,14873,377.7460714325302,345.35046774442503
1778424355,14874,299.9164673296931,57.84564378829762
1778424355,14875,287.7998320290255,69.99466425152923
1778424355,14876,1178.5871864178087,138.75442422561377
1778424355,14877,1158.8051418837251,40.0709121429655
1778424355,14878,221.19641508196355,103.66722969290122
1778424355,14879,1076.8223335846528,43.37156570810428
1778424355,14880,510.92720673375663,216.57525844673694
1778424355,14881,336.7284553440156,40.77063752044696
1778424355,14882,522.6544559866904,200.8014395681401
1778424355,14883,322.5368837727096,328.1237828400843
1778424355,14884,221.1232371014872,165.26125387977748
1778424355,14885,626.8630800934645,90.21139276491418
1778424355,14886,415.5850832606247,19.743711593674817
1778424355,14887,1377.2796923451965,68.25862381308919
1778424355,14888,270.92716930909836,38.16002878742799
1778424355,14889,95.41808940687321,30.389240296192302
1778424355,14890,335.0999604564843,59.151171804482956
1778424355,14891,907.0934166790258,189.81402126789172
1778424355,14892,1765.754781974551,154.4688305365761
1778424355,14893,462.8289210715127,102.8263847185832
1778424355,14894,283.37066879123483,254.39496124692545
1778424355,14895,399.9744329303541,71.34123609966836
1778424355,14896,218.28187346765452,60.62033334555843
1778424355,14897,120.25572639261212,23.182102752156062
1778424355,14898,867.1515817743468,28.648067971095376
1778424355,14899,550.4318753999236,201.66788053205752
1778424355,14900,510.24050988826014,87.45914516989143
1778424355,14901,194.23073671896395,98.89332775381732
1778424355,14902,341.0922361199218,138.2212453153896
1778424355,14903,242.26712001149642,16.7855229375313
1778424355,14904,1305.1894431944163,155.15264500296615
1778424355,14905,625.1506852303905,52.915532546477735
1778424355,14906,863.5007749313261,28.68156736611543
1778424355,14907,380.9782777894104,28.189285498961823
1778424355,14908,136.58427877874954,91.31409539303891
1778424355,14909,1315.1259987782462,151.52600206414485
1778424355,14910,524.3458212265912,204.18704976273932
1778424355,14911,499.8017397747523,77.4733910952928
1778424355,14912,356.8451320950803,148.1552621347345
1778424355,14913,500.6695618319146,245.59311387545534
1778424355,14914,748.4388638374521,293.2258002245478
1778424355,14915,896.8854123700834,162.29896671345466
1778424355,14916,622.8248942761346,219.45669960790508
1778424355,14917,342.38554504616076,98.38531637616656
1778424355,14918,101.91180495544022,53.41016405401684
1778424355,14919,567.5384140687332,37.99699232972891
1778424355,14920,270.2418921437482,153.2606426959658
1778424355,14921,241.1359925804689,281.0991003885981
1778424355,14922,955.1203035083975,177.69434917005515
1778424355,14923,323.7248820688276,310.08227170038367
1778424355,14924,926.5384805209665,190.04169659870854
1778424355,14925,413.95092617163135,83.86813141958164
1778424355,14926,134.26412169859393,88.1281037022664
1778424355,14927,1148.0381851850366,200.16437904858864
1778424355,14928,2063.085092461081,80.52755605221041
1778424355,14929,356.5651182329623,55.8399416167574
1778424355,14930,344.2029674105098,94.77789204170278
1778424355,14931,520.9344511152489,189.2850083628579
1778424355,14932,414.3788924411949,26.59108259059706
1778424355,14933,294.69589121706844,27.718768489099165
1778424355,14934,396.9842850378873,172.41834672606626
1778424355,14935,696.919057211096,277.8345431766512
1778424355,14936,795.6919977732441,227.26975404435984
1778424355,14937,732.2823730518305,357.3149851684809
1778424355,14938,653.4488569161183,45.08007616046595
1778424355,14939,240.4107190104713,66.46785311877875
1778424355,14940,1981.3720227434305,76.61558982602227
1778424355,14941,251.40206050463973,24.635597358456927
1778424355,14942,347.6436888603467,28.754312770127374
1778424355,14943,166.2381222635093,74.78462988932488
1778424355,14944,566.0042467296976,117.95763388949878
1778424355,14945,682.8600572674452,244.69669872230622
1778424355,14946,248.27051501997036,169.32665172027507
1778424355,14947,331.00863278725404,226.156680048161
1778424355,14948,846.7916137112295,368.07348605714037
1778424355,14949,358.2102203003062,403.1204226327613
1778424355,14950,672.1215491539757,31.811099256735528
1778424355,14951,317.24388957511485,34.48237129848255
1778424355,14952,161.19570700865762,113.79773867008885
1778424355,14953,453.9940631178857,37.24348359841282
1778424355,14954,243.09042889638795,40.50129347859881
1778424355,14955,360.7531234502379,241.08598510139169
1778424355,14956,939.1164331208356,52.673902409421174
1778424355,14957,560.9251298521796,392.22262330252005
1778424355,14958,903.7978735786212,435.0133156517122
1778424355,14959,794.359768046984,117.65935799607213
1778424355,14960,545.7748999596753,83.8437592069381
1778424355,14961,951.0264876610522,169.9858115243835
1778424355,14962,1012.0301631262079,120.75509089023637
1778424355,14963,1742.464075379329,173.10267807856408
1778424355,14964,117.08940901566491,35.988930854191246
1778424355,14965,1060.5139313095658,80.54677384971632
1778424355,14966,657.8762595305728,102.72293114537207
1778424355,14967,773.2939486621667,216.22855179278653
1778424355,14968,1013.4672822300281,58.63977666984887
1778424355,14969,926.6767269244879,94.56122722707653
1778424355,14970,1143.1353682151369,193.57435936108254
1778424355,14971,1528.4859464715369,164.05737840786537
1778424355,14972,687.8642194139512,388.9946904676126
1778424355,14973,1276.053162275552,94.20042542228644
1778424355,14974,896.1067170008699,143.3191633577731
1778424355,14975,1523.7452641289347,169.4916344663521
1778424355,14976,319.52255985016717,69.82532653881536
1778424355,14977,719.1551344625309,193.71965818071436
1778424355,14978,654.0123687934997,30.87469817690404
1778424355,14979,615.7703975155663,193.9144199142469
1778424355,14980,1071.2715513184555,46.347318246227644
1778424355,14981,557.3709876864762,26.023944168881016
1778424355,14982,156.2500569302325,75.99612864791614
1778424355,14983,669.8533769214625,210.2262962956321
1778424355,14984,943.7496683483574,25.598149342068343
1778424355,14985,284.822565004528,158.2731723328952
1778424355,14986,381.49440896817913,194.13477588268202
1778424355,14987,1128.1908200520427,150.89534446129397
1778424355,14988,922.1844285875233,198.54362089711435
1778424355,14989,1520.9021491258559,38.95403527864203
1778424355,14990,439.7724611367202,138.83766731464115
1778424355,14991,523.432893952712,328.1024345671252
1778424355,14992,587.1419014378198,191.26258443012145
1778424355,14993,206.746909349139,19.424435567702734
1778424355,14994,312.6529534786467,54.72693581482061
1778424355,14995,548.1157310541311,261.18837533169153
1778424355,14996,185.54764820858793,140.3157457499408
1778424355,14997,591.456454352759,31.82884960795629
1778424355,14998,579.4443791314045,247.51378139601846
1778424355,14999,601.753732023616,72.4590488441718
1778424355,15000,110.4424115945781,76.19070166421493
1778424355,15001,942.9892155295429,200.12280701883816
1778424355,15002,722.9209741885642,193.12250934685486
1778424355,15003,519.840130751747,63.95373365509701
1778424355,15004,1439.6394336279636,177.00185501031302
1778424355,15005,530.1171225258016,50.173834405747314
1778424355,15006,673.8776978261332,201.21710936024417
1778424355,15007,620.8656222590574,184.48420205113248
1778424355,15008,715.2594126332292,220.60177132240005
1778424355,15009,1153.4108532542598,186.97159969231734
1778424355,15010,1277.2048852597716,25.327851696457778
1778424355,15011,161.55128028783182,97.65643897484638
1778424355,15012,168.96545260123983,131.59369967091848
1778424355,15013,788.8655078783787,192.9991155162333
1778424355,15014,262.7289930461942,203.38493284732456
1778424355,15015,512.3456057693327,30.390504904040892
1778424355,15016,647.6115716615232,30.676344571762712
1778424355,15017,407.10497087404707,45.77916656481846
1778424355,15018,1919.6577779082133,55.79991926992794
1778424355,15019,1700.2218434519207,85.48597256473191
1778424355,15020,436.7506157615379,99.66076212877539
1778424355,15021,307.45293982180493,135.54280637446436
1778424355,15022,1174.9751004713896,79.23814450285467
1778424355,15023,386.95882341171546,84.62721290686198
1778424355,15024,1162.5454247776186,130.27580796746304
1778424355,15025,1162.6190573099213,46.33644204182065
1778424355,15026,267.99050284028516,26.833039676984505
1778424355,15027,649.2842242108685,239.88967111734178
1778424355,15028,186.23912988255876,237.9748243245123
1778424355,15029,512.0132796480568,274.7461049668977
1778424355,15030,1146.4551973016812,170.1059261934856
1778424355,15031,1060.888668734664,39.48440965046586
1778424355,15032,614.7863661417015,70.79869027986123
1778424355,15033,340.08310334954575,54.32541902666825
1778424355,15034,159.50908555894756,133.51853958388716
1778424355,15035,309.71680317557593,16.790628234424712
1778424355,15036,245.92216179278074,146.85238504855633
1778424355,15037,550.2682963156093,133.84249560656588
1778424355,15038,219.31385043739556,71.62848774049984
1778424355,15039,362.0294034422008,45.304188254400124
1778424355,15040,650.6514788625119,267.69599118981336
1778424355,15041,166.4269840060906,38.27841682095486
1778424355,15042,849.9479384304545,51.24579719559803
1778424355,15043,662.0068688383079,256.1860730416493
1778424355,15044,1168.368477888043,21.595644878687946
1778424355,15045,363.9709874747292,45.14904968808548
1778424355,15046,241.05713738168444,62.47874605593752
1778424355,15047,616.1887485140564,261.4895707820532
1778424355,15048,249.1002801366572,49.36769430737332
1778424355,15049,2856.514894554184,104.13003581887557
1778424355,15050,1263.141227176688,43.67540101033348
1778424355,15051,933.1841118939216,52.614050915470834
1778424355,15052,1273.4044609045663,190.07666123852303
1778424355,15053,917.3846234975231,114.66183440142892
1778424355,15054,394.2481620542188,322.61678414185513
1778424355,15055,421.03408422251556,52.80288521473269
1778424355,15056,1421.123483322738,92.54759680938201
1778424355,15057,458.7746640650434,86.19834866976032
1778424355,15058,1149.3118373136338,240.89853238432477
1778424355,15059,337.9051672138388,311.9596043768406
1778424355,15060,1156.2758109130846,179.38129869862783
1778424355,15061,849.448277200332,223.609397027678
1778424355,15062,713.0777700929426,240.20099741011282
1778424355,15063,234.59667508035412,27.164518071183085
1778424355,15064,833.8578231980141,180.3586266225103
1778424355,15065,366.2166025483883,25.10476757055838
1778424355,15066,861.674241202413,83.01844126207467
1778424355,15067,2207.6361438391064,215.4422679557505
1778424355,15068,753.269278091524,201.11446826018133
1778424355,15069,196.58712369581946,40.371594041806325
1778424355,15070,51.18628961337138,22.933632822311065
1778424355,15071,700.6991550608471,35.005939896951425
1778424355,15072,454.2123198675346,263.0572298679371
1778424355,15073,485.9843028614147,215.404313199924
1778424355,15074,976.1537988093006,32.36651468093668
1778424355,15075,696.1353235271208,165.52931566653382
1778424355,15076,674.073496733673,157.9162115267991
1778424355,15077,482.2920285674836,297.05816700458826
1778424355,15078,309.9847280452444,240.64241483490872
1778424355,15079,346.92739281399747,73.63172260673241
1778424355,15080,154.5117459412451,27.738211686244604
1778424355,15081,653.2817716127113,179.4819921440396
1778424355,15082,124.0453728808049,29.262332023266886
1778424355,15083,455.5829773871992,265.602871862368
1778424355,15084,656.4656843110566,224.51675001426423
1778424355,15085,325.5431522393639,155.8097903042088
1778424355,15086,524.7836996689166,249.7428449728548
1778424355,15087,597.6807310887789,91.01459709108651
1778424355,15088,330.72723816590934,130.42885960476607
1778424355,15089,228.76952027293905,122.8298963222161
1778424355,15090,645.6618599391742,283.853997178081
1778424355,15091,214.7307826190967,144.35129496507824
1778424355,15092,538.6750412787857,128.3530107313548
1778424355,15093,1690.8890956551443,120.54282935230464
1778424355,15094,795.0160672304987,133.80751555428367
1778424355,15095,3770.8799438630303,62.024041066273504
1778424355,15096,424.8310354658904,216.3266979074204
1778424355,15097,1365.4767235043366,158.2402101035456
1778424355,15098,291.76818167596167,66.4074297649001
1778424355,15099,481.2812477585954,153.06426364300353
1778424355,15100,531.6954395815584,25.382437484200306
1778424355,15101,432.8289751385672,127.43520815332822
1778424355,15102,1142.142555105398,187.09241065779327
1778424355,15103,417.15148254509455,68.75761038085564
1778424355,15104,1250.9859833118348,51.39268167128314
1778424355,15105,420.39146559733723,40.85153481244004
1778424355,15106,397.59397586002797,50.62668867749152
1778424355,15107,1180.1208288666394,148.63265412378854
1778424355,15108,596.8935733285647,116.50590722842423
1778424355,15109,861.3643394569747,190.68932375520848
1778424355,15110,399.75409423990504,232.76203805032375
1778424355,15111,1479.4869845705455,160.55733100744288
1778424355,15112,313.9439166257507,42.55363937663283
1778424355,15113,360.63774585756295,28.410611643490103
1778424355,15114,1286.210286629364,91.13392624534201
1778424355,15115,633.7049059273488,357.80449371045796
1778424355,15116,313.6541045364508,136.03053011238882
1778424355,15117,278.42582623855935,52.768109425758254
1778424355,15118,379.35700507288874,208.97419723601902
1778424355,15119,1242.1643961710342,177.87223093862517
1778424355,15120,391.09104542145235,231.32055807571598
1778424355,15121,161.04665798359864,56.10597897961039
1778424355,15122,653.9443099897302,61.43218049400427
1778424355,15123,414.6754451618438,171.76073767375553
1778424355,15124,572.064557293345,187.72024289195613
1778424355,15125,881.0859798551489,189.96747397471765
1778424355,15126,1506.2555784346664,137.76887541624285
1778424355,15127,520.5689566275297,237.86712617110697
1778424355,15128,249.44131974013064,87.34795526797629
1778424355,15129,696.5496283843473,226.5039655363638
1778424355,15130,2086.6439786770366,189.46261648741353
1778424355,15131,749.2921364919825,42.27260903802394
1778424355,15132,826.0646756988793,162.13014681398488
1778424355,15133,1201.988674136705,181.7199292566864
1778424355,15134,1065.1865224569915,167.33229431895728
1778424355,15135,63.976076234481205,44.268426232764625
1778424355,15136,159.28733833054662,52.804138604100004
1778424355,15137,393.68056973305573,331.74551346111343
1778424355,15138,2126.7330372980837,152.97735999243315
1778424355,15139,813.2241032359926,271.0564452567885
1778424355,15140,1352.5838870508035,153.923803997805
1778424355,15141,259.4087872201586,120.5374211168915
1778424355,15142,1470.9622484847753,191.69797417832933
1778424355,15143,185.19657782957842,90.07934840878501
1778424355,15144,947.9347223853102,108.35641686792157
1778424355,15145,954.7982201274017,183.507210723306
1778424355,15146,663.6999787882512,139.93400339791702
1778424355,15147,674.9267935421872,260.7670913777524
1778424355,15148,310.2577327001131,57.58103898098527
1778424355,15149,675.4285735629584,211.84608269846112
1778424355,15150,1243.8968777541913,206.97386686339013
1778424355,15151,641.3520821539157,26.73663671564849
1778424355,15152,958.6341774530829,46.29315054376346
1778424355,15153,297.9281743722662,56.53706276872489
1778424355,15154,2030.8925552454848,82.79502807517872
1778424355,15155,498.8467815131166,129.5507560297123
1778424355,15156,776.3529959303519,210.39399666862204
1778424355,15157,697.4482176826235,202.0645722040359
1778424355,15158,1714.054041314242,157.7368263796096
1778424355,15159,154.71008995890384,89.0672106045038
1778424355,15160,2283.2176015069745,61.19225363787443
1778424355,15161,861.7645882780083,188.4515649838506
1778424355,15162,242.83432055343783,24.639890534680756
1778424355,15163,140.58397307393477,38.92000877718546
1778424355,15164,970.7657021952145,30.45675512919513
1778424355,15165,783.423964238998,53.03931423768213
1778424355,15166,643.8370232119928,233.85071978534478
1778424355,15167,2553.6064452109204,124.89196237934163
1778424355,15168,321.1593342540482,68.55177565113935
1778424355,15169,570.2050405311536,272.13356406910157
1778424355,15170,920.0813141359879,189.0556033809816
1778424355,15171,692.0062747198655,59.54257509074267
1778424355,15172,254.7500736132336,39.8540540083424
1778424355,15173,497.84550682893183,108.87456676043614
1778424355,15174,145.4647851158961,13.71000543029348
1778424355,15175,2117.1046426996018,151.24552088463386
1778424355,15176,378.3273834500223,178.3143771331001
1778424355,15177,1146.4910793161755,133.18078911326552
1778424355,15178,534.3480157761007,225.22335970702915
1778424355,15179,129.52846010495642,21.83229077040297
1778424355,15180,1102.8227289048561,126.10307697895304
1778424355,15181,664.2081227905597,80.3984357598107
1778424355,15182,272.8732205319546,102.38455455129379
1778424355,15183,350.82988424921706,175.54375002113755
1778424355,15184,114.61944849158048,67.17537741813152
1778424355,15185,297.5168633891682,237.3057769212203
1778424355,15186,1180.5832752360425,167.53915089568093
1778424355,15187,602.8542936622243,115.22812615693539
1778424355,15188,702.2003839426286,188.06427377462592
1778424355,15189,352.92910424062256,124.84482584969167
1778424355,15190,1093.346922189256,254.75517870734285
1778424355,15191,479.3657750100337,249.00005499221737
1778424355,15192,191.46673518949697,31.148589658049247
1778424355,15193,788.4533974403251,35.06435424997272
1778424355,15194,441.50738225628737,186.03717687175245
1778424355,15195,1553.2527364695343,188.17743212263684
1778424355,15196,543.1775542791689,35.69920381750986
1778424355,15197,84.66266043200288,26.13277126427536
1778424355,15198,453.0778655860376,290.7326389483914
1778424355,15199,888.3475035262773,204.49223638851714
1778424355,15200,407.1148147469617,33.49735656516623
1778424355,15201,425.2874057306184,214.65942127934275
1778424355,15202,251.2514420622413,50.018497668943944
1778424355,15203,788.2891804775455,166.64018966938252
1778424355,15204,894.9007278361257,22.65772504616451
1778424355,15205,277.2469015220867,41.850642281277054
1778424355,15206,605.6081405870956,226.56479730708622
1778424355,15207,1122.4651035677714,163.42293577375816
1778424355,15208,1640.3270174962931,73.88100834870895
1778424355,15209,98.10111687818602,59.08394455811371
1778424355,15210,522.9030947733723,90.36089773849558
1778424355,15211,1036.6238520152529,176.39643014575245
1778424355,15212,412.0313463745163,264.0220619456632
1778424355,15213,149.67540164056857,43.09036088244086
1778424355,15214,343.39505637485814,71.33039495319038
1778424355,15215,529.3729185148579,258.91716157285066
1778424355,15216,620.0571423724541,34.324901845839356
1778424355,15217,1332.1595519695531,127.22904522653785
1778424355,15218,1783.5937928301735,168.50453797215792
1778424355,15219,313.24326594617656,54.748524510581454
1778424355,15220,209.24537671134823,66.54037248550019
1778424355,15221,745.728062167726,195.89238057896333
1778424355,15222,401.011421448456,240.6309375044382
1778424355,15223,685.67332002447,88.506823348343
1778424355,15224,275.25096144754093,178.2950289890302
1778424355,15225,931.6359636917357,186.07006773746704
1778424355,15226,730.890402240273,267.3647431630702
1778424355,15227,570.699540605658,47.19746484286163
1778424355,15228,459.0039458439272,43.4445956111099
1778424355,15229,238.12024810515038,111.38363566923633
1778424355,15230,1004.2315980042684,117.00750442131061
1778424355,15231,488.0717656656136,144.1159861517058
1778424355,15232,824.3050029317029,30.572679534542598
1778424355,15233,440.53178375359425,28.8220123044181
1778424355,15234,592.7958738206239,264.138257908777
1778424355,15235,373.9882029602906,260.36035039508636
1778424355,15236,746.4575837341587,85.3956680864111
1778424355,15237,632.9834800217639,40.43252316316874
1778424355,15238,1268.6881499189867,175.74010399541498
1778424355,15239,104.4566913092412,37.92887235766781
1778424355,15240,896.3582080054372,239.9506391930998
1778424355,15241,646.3675509604632,189.68704325922764
1778424355,15242,245.49433521936325,29.142304234052876
1778424355,15243,576.3054589817624,127.15461540501718
1778424355,15244,1297.6122192263542,149.70389565690846
1778424355,15245,762.1272984788682,176.71110325358475
1778424355,15246,180.6526421843953,24.648207105166183
1778424355,15247,1284.8468775181404,172.8951680847393
1778424355,15248,665.7227237999465,47.67601160996579
1778424355,15249,1014.7337972356266,171.4075618955887
1778424355,15250,1285.261621382995,84.55477925295143
1778424355,15251,886.9207664961541,182.17942455974682
1778424355,15252,407.80168875052686,178.289116037028
1778424355,15253,336.3286071938055,81.16500124236705
1778424355,15254,1346.0048467046072,315.8440269551386
1778424355,15255,624.1028620960518,52.53219938741397
1778424355,15256,727.5076388942265,72.23957066949714
1778424355,15257,666.6769585225748,32.21587292266554
1778424355,15258,397.5228907450394,39.12726353058864
1778424355,15259,4704.424986733072,144.8918019241374
1778424355,15260,499.73255889524444,69.6663706486212
1778424355,15261,408.45932016131405,132.92091864122972
1778424355,15262,150.79695564748928,62.37041736107941
1778424355,15263,584.6345055656378,166.1795651935616
1778424355,15264,38173.65271675026,434.94194751200706
1778424355,15265,830.8627617254257,213.63406916142847
1778424355,15266,1930.389641361925,47.67136882125909
1778424355,15267,317.45180840398154,15.164259860125467
1778424355,15268,103.3096469702867,77.03176406219977
1778424355,15269,940.6870900354002,179.98516719015913
1778424355,15270,121.81387470800922,19.951212301393365
1778424355,15271,582.198125281144,114.37912934942466
1778424355,15272,558.9200689312433,32.63538605176135
1778424355,15273,346.2653842209991,18.851500787177443
1778424355,15274,535.041719745042,23.849079343248114
1778424355,15275,2515.961142470623,170.50199408354217
1778424355,15276,402.3440043537149,71.20023920158992
1778424355,15277,1246.8167898059326,173.92135506120326
1778424355,15278,1034.3552834237328,67.24477468566353
1778424355,15279,384.5492949268008,141.78896828954788
1778424355,15280,687.40377264313,109.52759426419125
1778424355,15281,759.2865493895938,178.51159717764858
1778424355,15282,1097.6757916109384,131.0231061839488
1778424355,15283,1039.9200197011141,109.19126348338462
1778424355,15284,350.098609796452,58.08438018422183
1778424355,15285,932.9683919739606,62.40651586492394
1778424355,15286,312.3293650780725,170.55446248834457
1778424355,15287,337.49596102553596,128.65544989458814
1778424355,15288,203.21711125775596,58.56424295792784
1778424355,15289,205.82291124372526,77.24493236129294
1778424355,15290,845.8338943962353,155.40451365496526
1778424355,15291,1446.6987144896493,176.16862586224926
1778424355,15292,990.250136799214,72.04972124835182
1778424355,15293,2266.837424882125,28.28279420636428
1778424355,15294,458.2797938790355,41.05807259515313
1778424355,15295,209.74517240058097,66.3229107866008
1778424355,15296,1125.1215910709138,109.51782656871674
1778424355,15297,379.9960467878205,19.567876767109446
1778424355,15298,1031.6549119476597,228.99482855148995
1778424355,15299,843.9080777948228,44.03041722759845
1778424355,15300,202.09592389755838,156.77487903514373
1778424355,15301,353.7228463476391,111.54885005439341
1778424355,15302,1338.0321075069774,151.98425066123582
1778424355,15303,318.73223092840186,269.1162495655326
1778424355,15304,1181.475910613282,200.93225206229047
1778424355,15305,1057.1151398444083,215.45978669839272
1778424355,15306,169.1414140925693,72.74523311736863
1778424355,15307,300.0325487868844,124.3443022966023
1778424355,15308,871.9678501539491,226.4925269110681
1778424355,15309,454.8290123755322,50.35124189144508
1778424355,15310,1185.898034338676,95.65842505857465
1778424355,15311,84.50330030299708,15.959340729678372
1778424355,15312,465.07993335690145,189.89310620797468
1778424355,15313,683.4936782595975,89.95013485591801
1778424355,15314,503.69700543860756,188.8722523066077
1778424355,15315,157.98205245369624,15.733455469846863
1778424355,15316,193.32790992565145,61.22818486364046
1778424355,15317,1502.1028388027678,199.12674654115116
1778424355,15318,585.3808649894862,112.3833967246018
1778424355,15319,530.6620278760698,96.90821198485733
1778424355,15320,466.41446402922224,114.74294412720023
1778424355,15321,2906.0079940097476,116.04566112718165
1778424355,15322,156.08963205575182,42.781417121952764
1778424355,15323,841.9293358273361,93.22859360872923
1778424355,15324,548.8772326243703,168.539102581502
1778424355,15325,807.9120430067966,229.67480196289287
1778424355,15326,234.77899395278965,197.65393256177344
1778424355,15327,236.24843105674165,34.6703426875438
1778424355,15328,1895.6639747198806,172.00311024210492
1778424355,15329,504.57484496588467,169.6779844865637
1778424355,15330,586.7364747868468,182.56696434948336
1778424355,15331,266.65338065022144,165.8924850185902
1778424355,15332,38350.723154177555,421.58087713958554
1778424355,15333,312.3823750711335,233.7477637919304
1778424355,15334,488.02031536214844,142.6574482329015
1778424355,15335,242.7926089106637,193.8158401792534
1778424355,15336,1076.5461165681506,18.84724079248564
1778424355,15337,237.09580051526194,249.24459799056146
1778424355,15338,2079.381850967504,118.30180836534932
1778424355,15339,160.62689292684564,27.32408157454663
1778424355,15340,501.751992619784,170.8710151400071
1778424355,15341,199.556031489732,18.406012485466093
1778424355,15342,147.7941965212945,42.4533847845835
1778424355,15343,182.37154257171224,38.510334138510395
1778424355,15344,1016.9495945067002,99.41024302973106
1778424355,15345,1169.9706505761528,165.30509091127735
1778424355,15346,559.7367738579355,216.13238897845045
1778424355,15347,174.42078349538258,12.347302086946378
1778424355,15348,505.92223330009705,50.59459729853606
1778424355,15349,429.2251579132858,171.25562271233778
1778424355,15350,52865.1630999161,420.4725363690087
1778424355,15351,1018.070963825097,159.2038228944491
1778424355,15352,341.25886992889156,45.04422603773615
1778424355,15353,185.86128241476132,17.807349627201088
1778424355,15354,1195.1338246135967,167.62293273528434
1778424355,15355,677.8555339485803,106.52853778075999
1778424355,15356,2486.1564030068835,35.620005435339756
1778424355,15357,356.47926693160224,163.44485200374044
1778424355,15358,246.1918869326886,181.7198665811582
1778424355,15359,632.5771500835344,48.86670861175117
1778424355,15360,555.5157657287781,96.57281550876054
1778424355,15361,1262.134617468739,45.81202651113041
1778424355,15362,649.1792053310976,42.07997175507371
1778424355,15363,1725.4538105386239,115.70782283585373
1778424355,15364,982.2914646621246,175.44137065430346
1778424355,15365,389.8781613986089,165.41084331044956
1778424355,15366,2832.442174407679,110.99115866922578
1778424355,15367,2477.7847791177505,60.00022110433058
1778424355,15368,1240.036730088329,68.74947877765028
1778424355,15369,1014.1088817002429,122.89203033674193
1778424355,15370,170.81599449164526,67.74579556166718
1778424355,15371,1194.1770545653067,197.1173117906671
1778424355,15372,1676.7526291761326,115.07680865541933
1778424355,15373,28432.89891066112,385.7854636366577
1778424355,15374,307.72618257730284,108.65265119385235
1778424355,15375,518.6585056180555,69.52745639558037
1778424355,15376,1794.7361518414068,89.46289794432117
1778424355,15377,499.3470878941302,140.26347585720276
1778424355,15378,243.53538895984516,124.86741022460343
1778424355,15379,1078.1966328509704,165.43045410524346
1778424355,15380,1406.522487540929,165.7683247904421
1778424355,15381,844.8037115863033,202.8611386797889
1778424355,15382,257.8878355712397,80.95491397666625
1778424355,15383,1237.091193704297,236.2551813737127
1778424355,15384,793.5258612150932,219.10836380228307
1778424355,15385,757.9000904849164,42.35802287189389
1778424355,15386,891.5906068230064,107.43969034573774
1778424355,15387,1057.0966313380113,121.93057304827731
1778424355,15388,1971.197266520851,167.57168033953687
1778424355,15389,2909.6512308929505,49.96938498307169
1778424355,15390,184.11330252202174,20.696479125416662
1778424355,15391,311.42435370115885,100.35175953075655
1778424355,15392,229.0668149718235,57.91981567625064
1778424355,15393,1298.3131031215398,164.8458850862587
1778424355,15394,738.5509265771501,242.8034941856704
1778424355,15395,1129.068029879439,85.82601902154946
1778424355,15396,708.3796240485001,93.09986750556226
1778424355,15397,195.3431786726169,42.2898549791603
1778424355,15398,654.9840249559985,109.80050838230156
1778424355,15399,462.0019437894881,46.26446457993169
1778424355,15400,472.5535646273646,190.11064229932586
1778424355,15401,438.59784206926804,132.88721113799136
1778424355,15402,454.90842496923847,58.47859051215615
1778424355,15403,2129.153462536191,113.92330776579226
1778424355,15404,825.0406815174583,171.13877934084618
1778424355,15405,810.8804536406936,144.36980581230964
1778424355,15406,846.5963496506338,180.06066515695548
1778424355,15407,838.3355201080911,211.5604412618623
1778424355,15408,439.9404060714818,222.1846948414378
1778424355,15409,1236.8725571553528,201.21179701791374
1778424355,15410,1046.2766468743603,182.1471896349892
1778424355,15411,430.3202981684562,116.81448641587933
1778424355,15412,4116.825528654872,38.675457229510755
1778424355,15413,2877.10819146806,119.64067904921738
1778424355,15414,1338.7024711514455,60.32185701245211
1778424355,15415,571.4218738899064,248.5786942977722
1778424355,15416,504.23951374022874,88.46943067104306
1778424355,15417,738.7160222876394,75.76648110400046
1778424355,15418,1006.5180092757556,179.64116622220712
1778424355,15419,745.4636857669269,180.9136586545374
1778424355,15420,477.3673804570949,199.90946889565438
1778424355,15421,730.318367278125,276.10678042004645
1778424355,15422,1412.4986038873792,163.83668723283182
1778424355,15423,463.3805413165622,249.08091980655095
1778424355,15424,579.3645527482261,247.60400458691788
1778424355,15425,3486.951569686231,195.55178006185713
1778424355,15426,2775.810315868519,48.28071857168414
1778424355,15427,1627.4940943286908,156.00764477738497
1778424355,15428,307.82934248162275,52.40530724859146
1778424355,15429,441.9443817731214,287.4529847002644
1778424355,15430,1286.2189999174145,223.11546180661324
1778424355,15431,385.92528333720657,64.06884788747132
1778424355,15432,6341.698396992789,114.97752977905132
1778424355,15433,267.07873137235094,176.01704055791757
1778424355,15434,686.7948947312143,167.1201915786105
1778424355,15435,398.4787735873371,86.33553068726454
1778424355,15436,149.25772234083638,82.10501002231507
1778424355,15437,1537.1814914945883,55.75648068177768
1778424355,15438,1263.8537507785566,148.42062533048355
1778424355,15439,1187.4948815723008,172.57299891003973
1778424355,15440,315.3345629491947,126.38781732243254
1778424355,15441,389.31385246903073,49.73574418236327
1778424355,15442,365.0642917643523,75.98035816318894
1778424355,15443,1890.8591186142874,111.68669264601448
1778424355,15444,125.26120905671968,119.51422156609434
1778424355,15445,427.2145261796584,132.11502608988462
1778424355,15446,861.3281745874618,24.20387117524353
1778424355,15447,602.9786880263952,221.94917167741477
1778424355,15448,731.7688407691127,195.79507148131205
1778424355,15449,1362.1432559642242,177.92301501659728
1778424355,15450,217.5651706155516,42.81855449841871
1778424355,15451,274.5298669185425,14.362183130321137
1778424355,15452,539.9277439742084,261.0266848035606
1778424355,15453,1499.5995855684205,34.67094337603999
1778424355,15454,1029.7278023735837,169.91690492239573
1778424355,15455,917.2414279019538,99.00130623285821
1778424355,15456,263.4680799053884,101.694780970215
1778424355,15457,257.3691621230475,30.723606982590315
1778424355,15458,757.3989025698662,157.8964231778648
1778424355,15459,472.05675322669333,23.274813320226972
1778424355,15460,2480.856514897202,68.33677485995666
1778424355,15461,723.4265212754865,210.1987651117749
1778424355,15462,513.033682360743,155.27776795195686
1778424355,15463,263.96850904592117,44.61118347579044
1778424355,15464,96.06849520251437,52.22425191914253
1778424355,15465,943.7790299360763,182.40181413716616
1778424355,15466,717.775320956985,25.960136446139106
1778424355,15467,318.0303851542107,120.33020494526458
1778424355,15468,1779.7442678350571,145.40194633865335
1778424355,15469,950.3986508934779,134.6646485513424
1778424355,15470,596.1346327509076,158.86452243861243
1778424355,15471,915.3732082933103,188.22932321010168
1778424355,15472,645.7705915903654,164.8782520367187
1778424355,15473,482.1259574267862,141.22016740539223
1778424355,15474,555.6855794821092,252.66654285956014
1778424355,15475,163.58545832509526,73.06948787691145
1778424355,15476,369.2550530343884,56.00726708321867
1778424355,15477,257.6962508504104,55.52872315512635
1778424355,15478,1171.5383631779735,164.56492677594707
1778424355,15479,741.9785159787295,216.0535188040679
1778424355,15480,386.25234740651865,72.50808324490406
1778424355,15481,361.13255918887603,289.94946100885403
1778424355,15482,564.4901410707195,113.49917149185477
1778424355,15483,211.1636135804202,29.575582246703163
1778424355,15484,958.0071602205307,236.00854820463212
1778424355,15485,394.4363295804027,218.1340929656928
1778424355,15486,467.8140870938196,251.68435071331703
1778424355,15487,217.69416487719636,25.757685624065523
1778424355,15488,867.2133628254096,158.01911284749806
1778424355,15489,5312.010511308397,79.17494971352464
1778424355,15490,653.0292780039483,67.14898872123293
1778424355,15491,457.31390166635697,147.4549313924117
1778424355,15492,1811.8018604601214,123.37366313993775
1778424355,15493,518.0206220665605,210.10013725724963
1778424355,15494,416.7876411832374,303.25769467878604
1778424355,15495,430.5045370038489,49.37630485890712
1778424355,15496,1301.4798734205642,172.1277800843464
1778424355,15497,1064.0226737215694,172.3322539435561
1778424355,15498,1217.8315338630841,32.678758014302375
1778424355,15499,778.4663922565836,66.8743605152517
1778424355,15500,326.1006953832493,139.08037568926244
1778424355,15501,352.50691727643317,109.046500671886
1778424355,15502,172.2270721401849,69.23326740317951
1778424355,15503,1238.100548811193,149.76956904551642
1778424355,15504,1363.8492520212812,181.10152059137098
1778424355,15505,214.02749262804264,37.33808612135477
1778424355,15506,1401.2186515941398,126.62481902260244
1778424355,15507,557.0743736351343,119.57102819836211
1778424355,15508,1162.4445626309698,183.19136835846516
1778424355,15509,610.5528761603118,199.44651494505678
1778424355,15510,748.1820969909008,233.02349306376246
1778424355,15511,156.09226021827175,52.24751093607528
1778424355,15512,302.8427082058451,247.1382534736797
1778424355,15513,461.4748933509592,175.3691510169027
1778424355,15514,438.92781484062226,81.94254228766384
1778424355,15515,2851.072458446235,94.09225013687218
1778424355,15516,3041.2000712920435,77.67557783249698
1778424355,15517,1312.4547295233137,169.2529923678925
1778424355,15518,193.41521913395374,46.56086643887292
1778424355,15519,956.3382997105416,151.28004012813327
1778424355,15520,536.0401190817435,263.1596489580445
1778424355,15521,1141.1272008693802,170.46360812429933
1778424355,15522,275.37543149692914,80.43902948211219
1778424355,15523,887.3362491738459,176.44431200327477
1778424355,15524,389.39673900045767,94.63796098637778
1778424355,15525,607.7351505266869,120.16387717004874
1778424355,15526,1743.8714150232045,102.97642458908082
1778424355,15527,439.9007751596522,98.91831388093304
1778424355,15528,170.11523529032092,25.653574824170384
1778424355,15529,580.6053109376161,234.08961318649492
1778424355,15530,737.8459302113033,81.32674144462231
1778424355,15531,521.7945268209226,295.2885586947072
1778424355,15532,329.7988944707983,194.9514719571676
1778424355,15533,804.8570732148479,27.148107366372447
1778424355,15534,342.0363431712517,37.73667988316077
1778424355,15535,1185.1836372791552,181.6957050495976
1778424355,15536,907.1005903201716,190.4076928861627
1778424355,15537,176.02112682196665,101.23409731482481
1778424355,15538,181.07626535565842,78.52482964993727
1778424355,15539,506.7700274005754,21.35737653221435
1778424355,15540,159.3853310379727,28.788019607807758
1778424355,15541,984.9886011559561,223.36700175847622
1778424355,15542,1837.6318678181456,146.23943402733522
1778424355,15543,520.1702852871723,211.09248826815985
1778424355,15544,986.3096047656521,30.482232527003898
1778424355,15545,545.4388720342359,233.56911486777574
1778424355,15546,989.7155045116646,214.68252423123496
1778424355,15547,916.7140907569678,85.35090203919157
1778424355,15548,615.4143770007819,281.1707869278506
1778424355,15549,1543.3922540631534,108.22767756310483
1778424355,15550,251.00356888467155,94.07591500433121
1778424355,15551,586.2550040993892,54.09448457789698
1778424355,15552,562.0100702961336,279.4867088274749
1778424355,15553,836.4108317292832,13.137695585563586
1778424355,15554,429.2375549586934,76.95650398583597
1778424355,15555,315.2024858697926,258.40497014665345
1778424355,15556,354.6791467624332,31.581071240807717
1778424355,15557,409.0076070491478,31.645302488358382
1778424355,15558,2177.5446652356213,127.6441223378791
1778424355,15559,998.8406259422894,158.77873755996694
1778424355,15560,1338.619214563819,163.03775498148858
1778424355,15561,579.2366850415677,64.66261141228317
1778424355,15562,616.5038497057094,133.70588980470154
1778424355,15563,1235.5497199453353,184.37086967014648
1778424355,15564,706.9185975308664,23.915753204490294
1778424355,15565,319.4495363139989,49.741459952132416
1778424355,15566,951.0699569096755,48.028899426136746
1778424355,15567,1916.2110175918185,37.5746391654784
1778424355,15568,282.47011109397977,85.99027467827445
1778424355,15569,749.3416276583437,179.8308831292647
1778424355,15570,512.8354982698843,52.97280352934347
1778424355,15571,2060.2576433331565,169.24970434349632
1778424355,15572,167.00459978323138,90.04551158557295
1778424355,15573,544.9044135036465,140.5981007824834
1778424355,15574,867.289723028519,189.43681184027238
1778424355,15575,206.19165094922994,18.61195607490294
1778424355,15576,397.44108495281733,39.084515213913924
1778424355,15577,109.55425338153199,11.772148554378173
1778424355,15578,2409.089370137874,44.111202661364224
1778424355,15579,545.9623076033132,217.25508003457435
1778424355,15580,1347.2241492107732,161.95415901522892
1778424355,15581,429.7614171450937,236.0118576345025
1778424355,15582,1304.5503333797371,143.7698768118096
1778424355,15583,1049.4409051698638,182.06489039343668
1778424355,15584,432.91880745411254,214.49594938864124
1778424355,15585,160.65052391465605,17.289597808091283
1778424355,15586,246.56157804876818,32.77806598441933
1778424355,15587,169.78831646831372,74.78294960008574
1778424355,15588,1593.6828044108147,103.2670116658777
1778424355,15589,543.5178032769065,258.5973535858257
1778424355,15590,987.4890696760428,67.89107536033595
1778424355,15591,604.3928505913788,123.23974231157506
1778424355,15592,3747.495215815882,90.68779846175126
1778424355,15593,964.7173429847427,20.533071991650324
1778424355,15594,263.947865664456,154.98942508566898
1778424355,15595,319.39807168188617,67.27215167633967
1778424355,15596,441.2901251358521,64.00684660737534
1778424355,15597,180.24268118085644,48.5249425273929
1778424355,15598,780.2280034338223,63.49191786275038
1778424355,15599,1363.7015428130728,164.2626946310584
1778424355,15600,417.3317602856316,40.978583570714505
1778424355,15601,446.5579057699628,229.52315771834813
1778424355,15602,308.01041009477245,89.89864594287204
1778424355,15603,724.7389244712213,197.40558399255028
1778424355,15604,1181.314778516082,70.86615678864008
1778424355,15605,632.5562822076431,233.286345794235
1778424355,15606,732.6083861803382,55.31806941640535
1778424355,15607,381.71090711731296,32.13544729280786
1778424355,15608,441.9918753276352,142.3382178404479
1778424355,15609,724.3470624896854,226.48398000696992
1778424355,15610,480.5221040309279,122.21565928627344
1778424355,15611,604.4387896499326,205.27764222899344
1778424355,15612,1077.2936149382435,45.626809914054896
1778424355,15613,1584.4002069431237,171.60500160602496
1778424355,15614,667.2560774676209,40.66324775580845
1778424355,15615,156.8474280112399,91.80537590936515
1778424355,15616,108.44848128475834,87.56843539072023
1778424355,15617,340.8091289180368,116.78954072681783
1778424355,15618,861.3985534030046,150.4666270212283
1778424355,15619,692.1590740559933,234.48448716559295
1778424355,15620,334.7081732771557,62.521961149076255
1778424355,15621,599.9075599397437,102.20864333566718
1778424355,15622,1160.7338886754635,183.5618943599366
1778424355,15623,703.9155997141804,175.34214576679716
1778424355,15624,334.4313078545532,54.48840619728719
1778424355,15625,253.7603112500408,28.520727696162886
1778424355,15626,776.766621126665,219.74073988603016
1778424355,15627,86.01726111009332,22.235306877557875
1778424355,15628,1073.085613322021,52.417549030436064
1778424355,15629,627.958606100099,101.33810465559328
1778424355,15630,540.4948437508522,212.73477083955225
1778424355,15631,441.8465127031717,41.53240028599211
1778424355,15632,599.1752239884817,39.688084397382696
1778424355,15633,1004.6363692893426,25.610327913320997
1778424355,15634,616.0803563244452,72.39345360983111
1778424355,15635,638.6900623581888,54.77033553523368
1778424355,15636,799.3798558199281,211.48913196668286
1778424355,15637,424.1429824175103,168.54711998869044
1778424355,15638,427.6097920279,269.8679250596714
1778424355,15639,936.5150704063005,62.81284136523733
1778424355,15640,234.9106340277281,35.52610133323851
1778424355,15641,215.01010148821837,62.77118671632652
1778424355,15642,136.4045746215051,39.95106689116711
1778424355,15643,571.6983763612011,55.37904923208237
1778424355,15644,138.22498039174786,31.013502236946405
1778424355,15645,1110.967581201421,55.569794136323864
1778424355,15646,563.070373779352,73.30769604696678
1778424355,15647,264.01832173053015,43.095255866970064
1778424355,15648,1003.2823309416729,128.66358575200073
1778424355,15649,925.6586002823137,38.25756410642722
1778424355,15650,342.2655730109336,287.01071454536566
1778424355,15651,1474.1586799061452,209.71070206923065
1778424355,15652,426.32037258747897,95.7695233605218
1778424355,15653,342.6585145090707,68.70910787681733
1778424355,15654,526.6861673578052,115.75424859963186
1778424355,15655,65.90861435882151,19.496698296021744
1778424355,15656,1313.2856920056752,149.05028974395537
1778424355,15657,592.7074596446187,106.943340980861
1778424355,15658,1055.9319549052987,123.81376567676823
1778424355,15659,390.04083722960405,91.90194380464175
1778424355,15660,441.6056487231596,41.050340525945174
1778424355,15661,162.20574666093955,81.3419551918496
1778424355,15662,972.6139740009876,67.12833034042617
1778424355,15663,166.6189060248092,89.38801091516304
1778424355,15664,545.3263522250019,182.81636169055125
1778424355,15665,149.6446569633955,52.81129001113288
1778424355,15666,90.98378151249942,12.653895569898024
1778424355,15667,1095.5179449040686,156.3958423754358
1778424355,15668,1096.09743349876,209.4402866302099
1778424355,15669,766.0479794092948,220.42413941702998
1778424355,15670,134.17461017119146,21.911457871132388
1778424355,15671,2305.1939452109896,36.9487097384328
1778424355,15672,804.5217524983493,159.8695210650805
1778424355,15673,926.9034802246833,216.22115996094254
1778424355,15674,335.56960624245966,40.00581284864113
1778424355,15675,1078.5629190643003,222.13811392026105
1778424355,15676,335.6165213868731,19.489062941604455
1778424355,15677,1373.1399805502642,108.67968398217681
1778424355,15678,1142.8521043830497,33.04538241089089
1778424355,15679,750.0214981420587,182.72001019114236
1778424355,15680,143.16164021910106,51.113022229827116
1778424355,15681,540.2352155078776,202.04002563707792
1778424355,15682,758.9511520598617,90.06331168842871
1778424355,15683,1294.436003318417,170.5260432625471
1778424355,15684,287.9683544125012,34.20854766459526
1778424355,15685,713.9441087371324,52.85095418965834
1778424355,15686,537.0003594856282,161.74613560031722
1778424355,15687,480.6336772644817,92.40370829744408
1778424355,15688,655.4824875991918,166.16102564543377
1778424355,15689,117.27123502564035,13.572244841704988
1778424355,15690,149.1349970075229,35.59962460324853
1778424355,15691,214.85917914059354,54.26403590821474
1778424355,15692,263.42081972169655,199.67634852120702
1778424355,15693,758.700457495361,133.7257413243696
1778424355,15694,3158.9974838791804,93.04546468865938
1778424355,15695,169.83262119574957,95.01042343365498
1778424355,15696,513.1243594988609,215.78470518282626
1778424355,15697,868.1706714736781,169.13717923755684
1778424355,15698,756.9451938905644,231.62077125619678
1778424355,15699,186.56429972383376,56.77704516117452
1778424355,15700,683.8070236038429,172.9798478572948
1778424355,15701,343.74575822833486,47.93858818994634
1778424355,15702,668.8410915367824,184.5224789421196
1778424355,15703,4096.813373838625,143.08696716756162
1778424355,15704,400.92858714026255,72.93759287140882
1778424355,15705,986.1006544401947,210.98377941325433
1778424355,15706,73.30668119163438,64.93659761893848
1778424355,15707,19139.832412986954,441.6666452894004
1778424355,15708,134.7193036040598,66.56678890853091
1778424355,15709,328.15455913473653,103.69095651671344
1778424355,15710,458.7231862779546,285.4519433856169
1778424355,15711,772.9206701926962,23.906193998340495
1778424355,15712,530.2068795945916,213.13438741979638
1778424355,15713,1352.4159877496757,43.59462378188471
1778424355,15714,488.0943952512102,142.15481850927233
1778424355,15715,436.9184255531551,148.9764163245159
1778424355,15716,147.79567777607681,91.1665540176034
1778424355,15717,2070.4750210059065,71.96445402604903
1778424355,15718,545.92486360037,217.34647392151518
1778424355,15719,345.4371592816322,101.18952499200796
1778424355,15720,776.9101554602948,147.37155637136289
1778424355,15721,592.6741974344963,122.15789058162142
1778424355,15722,1238.6299832247928,153.15797926375961
1778424355,15723,589.3370189751848,94.68147331626938
1778424355,15724,619.8094762034178,235.2318583263612
1778424355,15725,1256.809692643241,234.82050508657338
1778424355,15726,363.46738944126304,120.96479889554627
1778424355,15727,939.2108004493642,186.43933615305463
1778424355,15728,248.8598782050915,91.98751631810066
1778424355,15729,208.2571429154106,41.617700620408336
1778424355,15730,584.4824970394258,206.1214334038344
1778424355,15731,550.3141260906948,188.3809438645591
1778424355,15732,334.75075407844975,49.01303273722279
1778424355,15733,9204.151040303897,190.8911734903707
1778424355,15734,481.44639418231145,178.41390799705627
1778424355,15735,1509.3367155818441,23.512744797768093
1778424355,15736,658.0261758724114,168.76518412270156
1778424355,15737,94.26293272999372,18.011912902061262
1778424355,15738,313.05244514883424,225.62645455778775
1778424355,15739,512.9166266381457,226.6647310603025
1778424355,15740,616.3343611694347,192.14264353589073
1778424355,15741,391.18016826038075,234.29523867636564
1778424355,15742,636.8486080126455,224.90110839708473
1778424355,15743,1314.4747019281465,200.91275315646013
1778424355,15744,1061.0849596659043,33.10234369081227
1778424355,15745,125.84825235667613,71.58482654131542
1778424355,15746,190.8409534002766,17.684625491083594
1778424355,15747,820.7101329191075,137.96757612414487
1778424355,15748,353.83053812676116,43.063047033606246
1778424355,15749,1133.8670538328086,163.56806360295226
1778424355,15750,940.1648120537285,122.06566723737792
1778424355,15751,272.8858938182753,85.72267102504182
1778424355,15752,1614.4485445547027,103.63660030876053
1778424355,15753,1081.494922648775,182.8843476637105
1778424355,15754,111.65807098271728,26.778882324079785
1778424355,15755,203.95187603895718,65.89360483930565
1778424355,15756,232.54086735442266,57.54159463805024
1778424355,15757,1036.478354885643,176.48243763644638
1778424355,15758,582.8798330838291,39.97902037632308
1778424355,15759,377.5739074321231,105.50067473196565
1778424355,15760,166.8382306299057,52.6534580639253
1778424355,15761,468.3867716427808,28.241475994456152
1778424355,15762,267.8846554590872,39.25087839288752
1778424355,15763,1778.782896606797,225.72885859487326
1778424355,15764,478.08446525502865,65.01446706851455
1778424355,15765,518.4097166946441,262.9861646747218
1778424355,15766,458.9945240690096,114.10807181514113
1778424355,15767,656.4910368141141,223.90675261894376
1778424355,15768,178.62428361491519,63.557942504687574
1778424355,15769,586.247841589421,107.234667814304
1778424355,15770,457.235782912338,28.716651121083636
1778424355,15771,594.368636131594,215.76896170099525
1778424355,15772,903.4875090885449,129.4785755875021
1778424355,15773,423.46184167306814,250.98311537444062
1778424355,15774,902.9875804345897,147.08428128833253
1778424355,15775,456.9094608780488,84.32461617985727
1778424355,15776,1048.3782378694846,163.40053905698628
1778424355,15777,452.7836916099567,262.043062974297
1778424355,15778,161.489397389817,83.23395260142935
1778424355,15779,14462.446314188497,209.7099491371023
1778424355,15780,175.656735035236,85.01427880441217
1778424355,15781,946.7689470944255,112.27545626481557
1778424355,15782,1371.1387794739644,151.54203999347473
1778424355,15783,278.04195559425045,111.91355995022334
1778424355,15784,1456.2140843262866,113.32414899825787
1778424355,15785,842.8113747880386,62.413726119776726
1778424355,15786,185.02814014594236,105.16027093689917
1778424355,15787,549.0956647878826,252.21054617414828
1778424355,15788,186.4258316884829,74.50348585644338
1778424355,15789,1205.1366694059823,210.3103000928714
1778424355,15790,436.9172095560594,259.7801381230088
1778424355,15791,1671.0716829108503,176.7838887408288
1778424355,15792,534.360575316588,169.2327568284189
1778424355,15793,737.3595756064392,69.0801213928909
1778424355,15794,166.11362136869164,124.33091940043501
1778424355,15795,1668.5403645781646,158.05967140362236
1778424355,15796,545.6689421755543,68.26464283587163
1778424355,15797,764.6640124716058,143.70496879153754
1778424355,15798,254.48112395575205,94.04555609516218
1778424355,15799,177.62454201495188,49.718717402638
1778424355,15800,555.706815919036,68.72173205735527
1778424355,15801,1442.7643834363787,124.79173736685219
1778424355,15802,508.3700775120589,200.88658377870877
1778424355,15803,1906.7922584589435,167.39889212491872
1778424355,15804,1385.9694874743898,56.3626989404335
1778424355,15805,433.3752356064449,48.71601701704872
1778424355,15806,724.1611476103758,213.2854308304781
1778424355,15807,614.7482505361388,216.85910023095724
1778424355,15808,1087.5643955891676,117.35480378086545
1778424355,15809,228.63405352394602,27.615788976881944
1778424355,15810,472.0480333287099,211.35506355440103
1778424355,15811,579.7971140190277,149.8516432846368
1778424355,15812,44478.32121553271,393.38207884264045
1778424355,15813,640.8492680591431,221.6788935715734
1778424355,15814,3454.4928971328836,124.24531848613137
1778424355,15815,380.2233306769785,203.25132561362983
1778424355,15816,511.24757140314546,298.4440699607489
1778424355,15817,2692.731945033421,170.82148357397452
1778424355,15818,1458.7667609792961,136.83226129430292
1778424355,15819,1384.1567261247712,138.2870335379553
1778424355,15820,260.21578187800117,66.73696567842305
1778424355,15821,1702.6852266842182,142.644452973841
1778424355,15822,545.6262098446813,65.3952158279424
1778424355,15823,533.1987566966121,51.83617677601196
1778424355,15824,1041.270715527694,145.90962299169507
1778424355,15825,1504.7240794757024,206.00649157598755
1778424355,15826,189.18826641304113,46.41030015332988
1778424355,15827,1125.940728674133,136.45929331867623
1778424355,15828,1463.2728468771056,179.5804238207295
1778424355,15829,4594.748901820962,191.60315248238
1778424355,15830,137.87265973510776,54.71465754146854
1778424355,15831,143.99871641818078,66.7895026830657
1778424355,15832,212.15487059700664,25.30852729005194
1778424355,15833,674.1302480739656,201.90604973599645
1778424355,15834,439.65552253464284,94.60675777204817
1778424355,15835,563.1613677048489,124.03214790698398
1778424355,15836,381.6227190558074,187.44154316213047
1778424355,15837,1939.1047248482726,147.62797896082031
1778424355,15838,3042.5421549785933,74.21857606224575
1778424355,15839,69.23687112733069,18.137503807239494
1778424355,15840,604.8747745796638,197.0403804179121
1778424355,15841,1655.5219931984682,124.88840752018787
1778424355,15842,1272.7629277085196,121.01459822859073
1778424355,15843,1079.2640545391323,52.29578344327133
1778424355,15844,608.8814604782789,103.24438699209725
1778424355,15845,419.85361376464954,76.93842100955158
1778424355,15846,452.29653483822875,195.36786910331244
1778424355,15847,1191.9438619629295,34.65770395473733
1778424355,15848,1100.2411693022643,151.21857062626205
1778424355,15849,1704.1467125921743,63.09653880673426
1778424355,15850,392.29981469974854,54.529465928462244
1778424355,15851,245.9614087337535,68.17178514900446
1778424355,15852,1235.9218441330302,162.44768619502668
1778424355,15853,1026.981312131126,168.81946647387286
1778424355,15854,149.15630415784233,25.48497266017106
1778424355,15855,52655.44276271665,426.7636392181101
1778424355,15856,681.3911769985145,170.35877360496283
1778424355,15857,1190.5186797995302,176.99992018613236
1778424355,15858,168.06768234027876,39.72317416643872
1778424355,15859,435.6123187582274,42.56287997877734
1778424355,15860,2384.30301489327,57.96543689674763
1778424355,15861,542.3286287736133,105.53234964824077
1778424355,15862,539.2777845343949,258.0108390554901
1778424355,15863,96.7323574933652,68.16832739145826
1778424355,15864,399.9057915080759,40.27560639007815
1778424355,15865,608.3283848964742,88.94438196209927
1778424355,15866,660.750236406292,155.56298221831153
1778424355,15867,609.5023135159911,27.93860838691837
1778424355,15868,97.24115665455076,11.411855991198768
1778424355,15869,1013.1653348018157,165.76332614097214
1778424355,15870,210.7672701633661,97.19921269706968
1778424355,15871,1761.9111346937568,77.85216016886426
1778424355,15872,492.53222333174915,98.45943169664862
1778424355,15873,225.03528987215267,227.43232225661444
1778424355,15874,1373.4312338192976,142.93938894452913
1778424355,15875,517.7012613743655,67.43986086227615
1778424355,15876,244.64630155145778,35.89087921342811
1778424355,15877,736.6306170590099,108.70722046751837
1778424355,15878,263.03624376722007,23.935116151512023
1778424355,15879,526.2828124016905,196.2396040924252
1778424355,15880,538.26179236917,38.502902708236036
1778424355,15881,906.369880094479,254.92249346256543
1778424355,15882,2117.9457174662093,118.3300989930385
1778424355,15883,1205.8252316961903,175.14689075946018
1778424355,15884,994.3342617775266,164.75086388370465
1778424355,15885,751.7921524330095,27.13580011572861
1778424355,15886,222.4185427642311,15.860618375644153
1778424355,15887,2355.5341688801464,164.23185718311112
1778424355,15888,934.7662228180027,209.1183209468704
1778424355,15889,821.2219511121551,173.35394580913356
1778424355,15890,25499.12425895827,433.05739994395293
1778424355,15891,794.3530690570616,219.85005505505566
1778424355,15892,153.65416871626365,106.30113444692017
1778424355,15893,197.5741512994037,104.23190497280801
1778424355,15894,141.59374954969033,46.74676069572353
1778424355,15895,683.2529330508484,287.4793789514758
1778424355,15896,2681.17022306789,74.6558272142457
1778424355,15897,568.5460476124471,241.90952677064197
1778424355,15898,183.01386859647542,19.343419648861204
1778424355,15899,215.6515109745077,31.93682456836671
1778424355,15900,253.26552041086407,195.0862901306896
1778424355,15901,547.0863652589426,143.8404807084659
1778424355,15902,342.5634759444465,243.8336408879456
1778424355,15903,202.98131112350544,108.69941581314022
1778424355,15904,1451.165090403058,163.46930992466054
1778424355,15905,468.55190453072885,196.86643497261653
1778424355,15906,126.91164897459208,34.33230693304804
1778424355,15907,156.61480837852537,228.97369698132601
1778424355,15908,808.4615376963509,58.55790322864888
1778424355,15909,578.1570581466797,169.59267642810335
1778424355,15910,761.3622658459046,239.9288810625822
1778424355,15911,404.82432631372706,156.06933045897873
1778424355,15912,150.44848540811608,49.0124502456806
1778424355,15913,511.06271816010286,110.00275153776751
1778424355,15914,339.25193239579494,27.81729646897487
1778424355,15915,888.2987454271072,149.9730401684695
1778424355,15916,365.44396894694364,81.46476440730365
1778424355,15917,589.4997403134215,26.412164494649414
1778424355,15918,190.62792597884555,32.19245038873947
1778424355,15919,892.5550180219853,54.567787026903574
1778424355,15920,593.9858801932663,87.76049690964078
1778424355,15921,411.8972894770017,122.03737449067492
1778424355,15922,877.9665356213287,170.32289745940517
1778424355,15923,438.42662400083054,85.92444592137001
1778424355,15924,404.4736722078371,173.39392813205578
1778424355,15925,183.3051896351428,33.4731844349931
1778424355,15926,318.0145922576697,24.315963333359253
1778424355,15927,1485.3505566723236,184.37089202649045
1778424355,15928,1364.6121142583138,39.3684968171716
1778424355,15929,474.61665590673994,48.84569487106589
1778424355,15930,1688.3826457762962,112.52768368639617
1778424355,15931,197.42686095169537,128.97696512276818
1778424355,15932,690.1823486571612,186.19305185942736
1778424355,15933,693.0091337388125,244.8762759284243
1778424355,15934,308.48026040658027,162.84677040161213
1778424355,15935,487.17298593440785,25.918248428485498
1778424355,15936,332.929067833603,103.80730574053324
1778424355,15937,670.1263658708813,118.78956459500104
1778424355,15938,1347.0132798323311,163.139456867407
1778424355,15939,1037.8311586570694,117.94466156968892
1778424355,15940,1875.8302383147263,88.89731525274735
1778424355,15941,1280.7161863395352,63.86826310549221
1778424355,15942,1079.3436569828227,127.53299253478194
1778424355,15943,948.0779940830389,51.514902554866694
1778424355,15944,501.4642477955489,168.14061127349817
1778424355,15945,517.8704296290055,19.490519215095286
1778424355,15946,1212.6578992984432,161.58237421122692
1778424355,15947,212.81357397869033,47.53062934671607
1778424355,15948,622.9382882009621,195.72970875681872
1778424355,15949,436.20020145063245,87.70388249449805
1778424355,15950,1173.3974465114734,161.82333849853364
1778424355,15951,472.84595448399017,128.78744044267896
1778424355,15952,1455.0448204613945,148.53201412614263
1778424355,15953,123.89613408237882,23.986471533138207
1778424355,15954,426.3438098752055,31.888079430556047
1778424355,15955,670.663820742468,204.071772577621
1778424355,15956,1652.2931903014353,113.44221463469097
1778424355,15957,1254.427556228624,184.71240873347173
1778424355,15958,2011.5666879320954,83.02920992187842
1778424355,15959,2236.716141638541,77.54611184714672
1778424355,15960,130.11616961118543,81.02090484924747
1778424355,15961,220.70985581915218,64.2470205762189
1778424355,15962,474.10892358796144,62.778646680326425
1778424355,15963,378.774704544552,190.61754163356687
1778424355,15964,467.83438563378184,128.5285623860241
1778424355,15965,851.6705067844384,177.07582630157782
1778424355,15966,307.62622223063244,22.251406948616548
1778424355,15967,585.9386237276408,198.256193823499
1778424355,15968,302.0530485064009,47.04451995143882
1778424355,15969,2081.762829812814,133.51009948809812
1778424355,15970,1052.0704351140357,178.86900863665286
1778424355,15971,249.17919888423074,75.73570133995108
1778424355,15972,715.0425824058567,85.96416147135427
1778424355,15973,612.9824681422682,104.0093231428802
1778424355,15974,422.80708264844736,66.86568153550071
1778424355,15975,276.6890980110158,28.37579192737397
1778424355,15976,1098.8947361007222,128.15597184238388
1778424355,15977,485.5911603111143,89.27295417784586
1778424355,15978,201.06529732425,19.12026657390717
1778424355,15979,1474.3061456007836,111.05307767069324
1778424355,15980,1036.976265564237,173.97212704626787
1778424355,15981,900.2666662712478,183.969244852956
1778424355,15982,873.724679890513,14.641052955343246
1778424355,15983,39366.36717751646,426.62370236514806
1778424355,15984,1412.1926202447867,137.63564208337715
1778424355,15985,502.3383307029752,96.90931139117241
1778424355,15986,421.1542259429855,177.55289555718565
1778424355,15987,620.6679587144172,88.38094969372072
1778424355,15988,432.6144148235522,90.74814548376074
1778424355,15989,1086.650761538662,132.12906632038028
1778424355,15990,318.9227391413434,88.69633127265632
1778424355,15991,713.2818658327867,186.71631542942512
1778424355,15992,1119.423528330675,152.13326010996258
1778424355,15993,1006.1300874257897,189.50619306390684
1778424355,15994,488.188453585426,82.65767266711651
1778424355,15995,1549.596598250997,163.29671052547457
1778424355,15996,601.1563780981638,84.18554952138469
1778424355,15997,265.26695219376415,25.427338325102706
1778424355,15998,596.5537587196636,57.34562395739527
1778424355,15999,118.31412570923437,105.45314371384077
1778424355,16000,387.63442731512134,128.514238643241
1778424355,16001,581.9489181656262,225.55317142812095
1778424355,16002,545.1166632578021,27.268470758506254
1778424355,16003,784.2735552253101,193.99840935926517
1778424355,16004,1056.7036819596806,128.25207459936536
1778424355,16005,516.8506307060051,234.59773949291412
1778424355,16006,187.81513476357574,69.43249729254903
1778424355,16007,289.3880455023249,66.16122827166963
1778424355,16008,517.9796410547494,129.55258227000317
1778424355,16009,540.7616570891345,242.93694242833482
1778424355,16010,701.2688654387333,161.89087938651215
1778424355,16011,291.883313464285,292.414795695168
1778424355,16012,1225.5443689574179,95.01447784105373
1778424355,16013,1166.1760842006724,179.63661125030464
1778424355,16014,1081.9111991181576,50.65920202692655
1778424355,16015,495.94652101760636,11.781862123043569
1778424355,16016,1747.6441689204594,44.15453716212177
1778424355,16017,420.38366594177916,15.856402127636533
1778424355,16018,87.86318944566155,35.894345436469614
1778424355,16019,897.0474074056342,238.42101413490477
1778424355,16020,359.87401655166843,44.76663283726675
1778424355,16021,1425.093628420709,42.480516398926824
1778424355,16022,783.4999497175052,84.51641237318222
1778424355,16023,897.467424764955,101.12435047327652
1778424355,16024,790.9486077141178,139.64142562493933
1778424355,16025,535.686218304194,246.56105251708962
1778424355,16026,2260.908638014763,176.64700606179971
1778424355,16027,1167.8169329935902,171.31029244632683
1778424355,16028,498.6807093029403,104.11038417091976
1778424355,16029,138.4874063694481,39.4851762691104
1778424355,16030,470.65747430816174,42.02942052151709
1778424355,16031,322.7407178065812,61.15815381569265
1778424355,16032,735.923407704091,181.73035350971315
1778424355,16033,154.4630079221789,129.91884121569143
1778424355,16034,1241.90757368447,43.96048369941463
1778424355,16035,718.6182881134273,26.759128455437125
1778424355,16036,859.6138029972124,162.75748835586492
1778424355,16037,1490.7023763667244,97.75454665390815
1778424355,16038,1061.7085400923,163.82220764509626
1778424355,16039,423.99692152166324,193.89885153007094
1778424355,16040,309.5451461127105,137.87536850096143
1778424355,16041,409.06720576203094,55.22849489846043
1778424355,16042,282.03143458347466,251.88544530157355
1778424355,16043,156.5097410151108,68.21525345650089
1778424355,16044,1886.1559000444404,185.7397747657641
1778424355,16045,1060.6584077220282,159.65095511588964
1778424355,16046,1092.975227251358,132.0385671412622
1778424355,16047,598.602665769116,179.675825009212
1778424355,16048,67.99604966411857,13.69896027417285
1778424355,16049,1476.0002213892587,103.25689023497247
1778424355,16050,286.7474518520248,224.04899224652033
1778424355,16051,4158.27576741869,111.71316178845656
1778424355,16052,44391.16121783558,431.2381455125137
1778424355,16053,746.8284827088735,187.64048987442132
1778424355,16054,811.6362883084878,21.697031909371724
1778424355,16055,3759.0988136565443,140.89667328820119
1778424355,16056,860.1444168823134,127.5390639410724
1778424355,16057,380.7691567427767,116.6374077708194
1778424355,16058,776.9540050998929,38.93906811984304
1778424355,16059,1333.0903448183356,165.59982862952918
1778424355,16060,1294.574024515325,157.45126253808382
1778424355,16061,346.2471750524951,53.60694779354519
1778424355,16062,174.80396235933893,37.161651156940145
1778424355,16063,178.70858620162633,23.038345122521452
1778424355,16064,844.3567751023118,235.8057340590132
1778424355,16065,789.4033105050091,77.34359145087335
1778424355,16066,1019.830623206525,64.78625536492416
1778424355,16067,602.2347585739675,213.64099228120628
1778424355,16068,1066.847715163218,138.71368769113937
1778424355,16069,325.70269971791475,77.12739362822396
1778424355,16070,228.5611513174138,31.73234887994173
1778424355,16071,3100.2381733405537,54.89777907958836
1778424355,16072,951.3706768743953,220.60831714896534
1778424355,16073,607.3821403165341,113.86645464484789
1778424355,16074,758.6563123268486,34.98125593328335
1778424355,16075,417.31310107783116,256.8881880852649
1778424355,16076,821.9770237070576,154.86641159868307
1778424355,16077,274.86103267271216,81.39065974256465
1778424355,16078,723.5709917262848,201.28425532745496
1778424355,16079,252.82852014552114,68.87943972873033
1778424355,16080,401.254832593582,203.93682730251945
1778424355,16081,393.60539764565414,243.29445464503735
1778424355,16082,860.4678756983186,139.56036869817507
1778424355,16083,5417.880959113589,114.77838341292181
1778424355,16084,859.734999241667,192.94546915838168
1778424355,16085,2060.213537822351,94.23372984473616
1778424355,16086,828.4333286527183,113.72826878460702
1778424355,16087,1343.7639468220907,153.80386505473743
1778424355,16088,600.8603976803324,118.82068277154028
1778424355,16089,6012.101112821065,130.875762975588
1778424355,16090,805.246670105555,61.070318658752925
1778424355,16091,1311.9622906445047,114.88571251681842
1778424355,16092,357.1752326790127,67.32150061211514
1778424355,16093,341.1361436894313,27.54411363474094
1778424355,16094,1267.4518670504103,201.62209796246628
1778424355,16095,1226.6763706443674,190.2019797593322
1778424355,16096,441.23606657227185,58.16540315819349
1778424355,16097,577.648233698537,177.64286068321044
1778424355,16098,2000.8620359515514,76.37279936713959
1778424355,16099,1221.1786293134405,151.71047758441753
1778424355,16100,932.5955972121252,133.94351569781176
1778424355,16101,1192.130200125711,25.891650536840075
1778424355,16102,245.13668910153478,44.86046915959553
1778424355,16103,1190.1768954606869,143.7976647646677
1778424355,16104,169.52239054122256,141.53678097158152
1778424355,16105,1173.6020227099878,218.14129845446524
1778424355,16106,275.4330768776716,224.46829632255714
1778424355,16107,1348.7192331236145,174.39801141190895
1778424355,16108,316.1666757706774,229.63347338269799
1778424355,16109,719.7497318451541,56.31291103119695
1778424355,16110,382.5567792415957,33.79441048241575
1778424355,16111,114.94321951693517,51.85131551417868
1778424355,16112,601.5512793957145,89.73957707964982
1778424355,16113,632.8669025973286,207.17977200224874
1778424355,16114,490.6875894585607,243.51942923302033
1778424355,16115,50.84668922557646,11.837730989663342
1778424355,16116,634.1769137739736,45.66164627129627
1778424355,16117,1048.3307376686193,129.96122526204073
1778424355,16118,332.8736566282551,42.77918388934108
1778424355,16119,302.16648518302975,73.58394483571055
1778424355,16120,995.5735069258677,37.335455407749684
1778424355,16121,1340.6445408155619,106.3929063672634
1778424355,16122,1413.397376816952,160.0841224728598
1778424355,16123,188.1561628870067,37.94601403574155
1778424355,16124,251.1348395350901,73.46555611654334
1778424355,16125,1259.299996704497,147.9836493985301
1778424355,16126,346.31682911932995,58.22002467693194
1778424355,16127,1437.3742304431587,114.23642494882336
1778424355,16128,427.8016816007902,149.93423866171287
1778424355,16129,307.1293001936285,11.603596659665456
1778424355,16130,254.0497719868034,55.8410048723944
1778424355,16131,565.2365835948756,199.97134892577853
1778424355,16132,360.7125422791362,78.91273590838631
1778424355,16133,2061.8929606999927,171.13384308123608
1778424355,16134,571.1330156103021,75.77942195618992
1778424355,16135,1147.9643697059914,132.49284561057237
1778424355,16136,365.39018684836435,148.62138361733363
1778424355,16137,552.243441069211,257.24362333581377
1778424355,16138,1980.6946841227207,110.67514059549227
1778424355,16139,385.4577403300666,257.4998746670918
1778424355,16140,619.0816585155393,213.61351395858242
1778424355,16141,568.6336111039707,120.8413819099817
1778424355,16142,659.3683639017,152.72416366761178
1778424355,16143,2044.862419333011,22.035465369895316
1778424355,16144,505.22923866663587,274.175199181301
1778424355,16145,116.85101130279877,43.70485770770598
1778424355,16146,697.0845305123412,167.41203032697285
1778424355,16147,3270.926419074598,143.45470047304886
1778424355,16148,341.3048332548802,30.83739875224777
1778424355,16149,1291.1531159021608,136.71545526115207
1778424355,16150,523.1866508851701,175.4585362855128
1778424355,16151,509.7705091405846,131.56136724239929
1778424355,16152,2139.992248037019,77.0250905169969
1778424355,16153,612.3775317174432,228.69714825939403
1778424355,16154,1038.05739282553,177.4063943625423
1778424355,16155,894.4253521265964,110.19584066277244
1778424355,16156,1172.0192826477526,163.98986842301164
1778424355,16157,81.38305003355076,46.143630718311634
1778424355,16158,150.25457427964818,19.546326436854915
1778424355,16159,214.74729284103134,53.63051086743783
1778424355,16160,879.0266682047317,150.2652810148845
1778424355,16161,619.864285422096,200.04836120342407
1778424355,16162,95.92628781143664,84.83624288174413
1778424355,16163,2013.2743241777673,102.64929914932662
1778424355,16164,990.7905466097519,181.93897555977705
1778424355,16165,329.4484572109568,20.75990473380516
1778424355,16166,618.8182385938187,91.72559934599907
1778424355,16167,1137.2698254766283,112.42996910116497
1778424355,16168,1212.8198007476512,169.31816498145866
1778424355,16169,153.2035460650574,119.70679779814016
1778424355,16170,1372.5165803361558,193.5188406774057
1778424355,16171,1860.2581888287793,133.92485478896242
1778424355,16172,722.1363768271722,122.76402604238919
1778424355,16173,1178.3613252518574,74.5118759505985
1778424355,16174,1355.6052055772457,179.8239842858323
1778424355,16175,611.505779025128,170.80042625810762
1778424355,16176,545.7904511068004,222.21247233817184
1778424355,16177,185.55474209695592,26.06382911838374
1778424355,16178,78.32661349549839,35.14338350313366
1778424355,16179,654.5433767292546,96.10702255137515
1778424355,16180,275.49483250933423,41.696744098581846
1778424355,16181,808.6606395948569,186.53258358491496
1778424355,16182,536.6925593823271,201.58449242843616
1778424355,16183,1126.8347424247893,85.78258929882365
1778424355,16184,202.3299896308458,39.56118287785764
1778424355,16185,1074.932885444884,187.25226185297123
1778424355,16186,623.8331166848335,139.34868888455173
1778424355,16187,7399.112342696575,104.93032952953865
1778424355,16188,534.4789925889488,255.29554898507465
1778424355,16189,241.3780947206579,29.905529632827193
1778424355,16190,528.6739331656265,155.6621416816642
1778424355,16191,2128.036456545847,94.47315500915549
1778424355,16192,458.4246549074865,214.207722363
1778424355,16193,729.7253280304132,266.3648729962523
1778424355,16194,1814.1386100352556,168.19760021819994
1778424355,16195,549.4964562091093,201.11376899902652
1778424355,16196,438.53719816966253,48.6391382824729
1778424355,16197,1068.9964401378268,228.62999479560293
1778424355,16198,299.16568167664116,78.47162559903258
1778424355,16199,433.7504045033056,86.74147900960688
1778424355,16200,268.38353663268214,60.555745482141894
1778424355,16201,1258.6490697463864,141.18080928433582
1778424355,16202,967.4787177332727,192.75879059188983
1778424355,16203,292.1287373929887,60.59675505256812
1778424355,16204,224.9931956628317,29.152080391015986
1778424355,16205,327.9033088195377,89.80567583856983
1778424355,16206,1437.119455182431,171.1023448044573
1778424355,16207,251.48691769201804,93.50313760734834
1778424355,16208,911.4485291009331,122.88536577468716
1778424355,16209,221.9942942079816,47.81627477205314
1778424355,16210,577.9066725255074,138.48593162281978
1778424355,16211,1329.40139060489,170.46928146519772
1778424355,16212,916.1528044465508,189.2144041922941
1778424355,16213,211.3556209780778,47.43478888312895
1778424355,16214,914.2682375072817,96.6265996031683
1778424355,16215,1029.497510419363,159.41234845860978
1778424355,16216,262.5562016450809,137.27528404022067
1778424355,16217,316.4172295914794,97.16347674245401
1778424355,16218,1024.2073603368485,165.08756352212782
1778424355,16219,534.0040044364338,88.061266379664
1778424355,16220,453.4379975511425,207.5726143615149
1778424355,16221,344.96621768115585,157.12001562901582
1778424355,16222,1466.0349243901096,161.37117691066
1778424355,16223,743.0439312109285,173.69844532697098
1778424355,16224,486.8688951877376,61.12704953876232
1778424355,16225,1351.1022167810315,129.126452416322
1778424355,16226,507.04947730213917,218.60927101942787
1778424355,16227,266.31650924658567,124.82819016847327
1778424355,16228,717.7505434040584,130.31736704690735
1778424355,16229,409.9587376674216,200.0451442957026
1778424355,16230,201.46364858546337,16.432136623559042
1778424355,16231,570.7437784961917,59.61965795147263
1778424355,16232,820.6892173784543,110.80214162264089
1778424355,16233,977.9358400568896,149.900704389949
1778424355,16234,766.5484064690384,218.28164726305556
1778424355,16235,455.5133634702808,226.21123006007195
1778424355,16236,483.7211644611402,59.03441394679842
1778424355,16237,182.32264729013326,62.27743642173662
1778424355,16238,437.0121072678788,25.05953350679509
1778424355,16239,405.7087340383131,20.114406505392704
1778424355,16240,963.02787886606,113.73413550680388
1778424355,16241,1230.9300182807895,137.17665318336594
1778424355,16242,374.18175833975835,61.03788552876393
1778424355,16243,977.1222062327904,227.69183453846526
1778424355,16244,424.89823860859644,268.55529150750306
1778424355,16245,975.4616820508113,199.64878007453527
1778424355,16246,227.07134424388025,249.99450313820304
1778424355,16247,463.3308231526537,176.85171565460865
1778424355,16248,1104.2691272548118,167.41673430389653
1778424355,16249,1048.5640022399643,190.87145121719186
1778424355,16250,1033.1368843952596,90.46001395065002
1778424355,16251,389.8608473800555,235.51510890170024
1778424355,16252,729.5639121241794,132.79267167296604
1778424355,16253,1446.3504935718852,180.1562607891918
1778424355,16254,691.9320042828737,184.5794834888863
1778424355,16255,606.7772933085764,104.6826882854548
1778424355,16256,641.7040223175034,200.79086464652428
1778424355,16257,523.7949773325269,236.09289482695877
1778424355,16258,972.1342089517427,207.820454248277
1778424355,16259,3924.4713028716137,81.57328173695029
1778424355,16260,366.7327381618239,105.68104493704273
1778424355,16261,225.18842575623646,72.27474507224021
1778424355,16262,260.7818176469936,61.241364170385886
1778424355,16263,549.677606086967,58.61322474485215
1778424355,16264,653.7342263720507,248.6934064314886
1778424355,16265,503.57165438348915,48.02965038703668
1778424355,16266,140.32453863191824,25.97863070551753
1778424355,16267,1572.4457212443442,32.05217917928142
1778424355,16268,513.6958476686841,185.77557262379554
1778424355,16269,312.21363572099705,15.69980290416637
1778424355,16270,955.6601588282444,51.84630864790652
1778424355,16271,2367.4336116136,114.38672039425408
1778424355,16272,533.1739117380617,54.434015980528464
1778424355,16273,643.1708610518644,45.5677407669689
1778424355,16274,1169.3090668830087,150.31703100937125
1778424355,16275,541.1852946798639,293.2681552609529
1778424355,16276,407.6043397822613,56.188426775172715
1778424355,16277,258.52278318907776,67.67226391592979
1778424355,16278,622.5284433084659,46.91275615531929
1778424355,16279,131.5529796051764,50.41003651204225
1778424355,16280,753.375731113108,109.89448650269553
1778424355,16281,1216.163821845553,207.81731074931199
1778424355,16282,524.3692618353241,191.74969138388698
1778424355,16283,484.7402705644105,44.56992212628408
1778424355,16284,1874.7813415063792,85.79671961136184
1778424355,16285,1555.3526620261962,111.78258447013113
1778424355,16286,1045.0567968389537,109.91065677874224
1778424355,16287,394.22815371112983,22.129206003121784
1778424355,16288,334.6986868909635,79.65365230947617
1778424355,16289,1488.823941982047,177.27077478626603
1778424355,16290,417.26655710781336,259.8712888975586
1778424355,16291,867.06133699952,42.24589847648438
1778424355,16292,999.2113082039818,181.002580920683
1778424355,16293,456.2067209726965,125.36153877789468
1778424355,16294,612.2262245723837,187.21809938668747
1778424355,16295,822.9369969839985,89.55077805836287
1778424355,16296,222.3673887286643,41.742163736862395
1778424355,16297,621.8991572305212,113.63234185357128
1778424355,16298,154.7118322127599,79.541116633696
1778424355,16299,487.7969437193893,239.70740276655698
1778424355,16300,897.2372404812849,182.99048349024767
1778424355,16301,1991.6581002675946,88.30979772518677
1778424355,16302,342.1821927275943,28.320143818823123
1778424355,16303,1619.0276379049753,167.64867642427888
1778424355,16304,1059.0001719825864,106.58191934842348
1778424355,16305,819.6048305956143,192.58919643097846
1778424355,16306,117.02622286640522,27.13102376580119
1778424355,16307,62.34551696967985,21.050268052938453
1778424355,16308,1717.2204119083901,194.7418970868421
1778424355,16309,879.3065967162727,166.97633048604553
1778424355,16310,493.6353089648036,28.460878529760745
1778424355,16311,1221.1623784651147,79.13917688219199
1778424355,16312,1822.665309934129,101.63040751876662
1778424355,16313,212.22526486595527,170.8448217056606
1778424355,16314,621.4029952001847,179.7251277236939
1778424355,16315,245.57321671744313,58.49630504805622
1778424355,16316,676.4089664401819,61.34747402411272
1778424355,16317,2405.1685394996457,121.7453634407517
1778424355,16318,334.63948863795486,56.84888449499996
1778424355,16319,1316.6491505794572,123.21481187556016
1778424355,16320,253.66574382344407,97.99596401183192
1778424355,16321,390.63817193114613,142.14467278403183
1778424355,16322,741.8220119487562,185.13530084307814
1778424355,16323,689.1581487071039,230.6968350324696
1778424355,16324,602.68489726196,206.39748519800142
1778424355,16325,697.6271912874026,265.6613715129116
1778424355,16326,315.4584824984332,43.863314460357564
1778424355,16327,1106.1951044817492,117.95254099266216
1778424355,16328,1939.9997858437412,56.43895277877341
1778424355,16329,254.38738108088552,47.786045019338275
1778424355,16330,172.10849240614795,36.587655558553664
1778424355,16331,404.0209446112087,87.8781279847688
1778424355,16332,589.7592177093422,167.35077308107037
1778424355,16333,1449.575901099459,160.90565411234098
1778424355,16334,2086.0802841490236,80.08545830297795
1778424355,16335,301.4953655590778,20.983630350239807
1778424355,16336,533.1459260988574,29.335469419120095
1778424355,16337,659.4863538568433,211.33963879168635
1778424355,16338,138.69763773798866,64.07690543582376
1778424355,16339,1143.0304762430667,160.7588327701551
1778424355,16340,557.1030936077907,27.581652313920365
1778424355,16341,442.43271875689646,233.46307789855442
1778424355,16342,797.198146832976,35.29586259294944
1778424355,16343,891.2287663291604,197.71180846559702
1778424355,16344,117.96467252678569,103.62019395642949
1778424355,16345,695.4878809829391,213.2265743803219
1778424355,16346,1583.766866461492,163.51206241017098
1778424355,16347,1220.884893632523,206.39109508088654
1778424355,16348,371.5473498605629,48.27174579428813
1778424355,16349,1492.5344031842844,167.79261538952713
1778424355,16350,728.7219981303357,27.656476265720933
1778424355,16351,216.19047473925332,35.416490927665684
1778424355,16352,635.8915892360432,161.29946016577173
1778424355,16353,3213.4372786275335,70.13686515606793
1778424355,16354,220.93918555384082,77.77022870055778
1778424355,16355,304.335969141809,89.29529837559082
1778424355,16356,322.1925386071077,139.05565631304603
1778424355,16357,906.2388086526503,166.1113287513303
1778424355,16358,267.2722562808015,30.372553335045946
1778424355,16359,4133.150491210531,80.19729636242361
1778424355,16360,5067.580677444119,49.946910894032634
1778424355,16361,843.5803920506894,164.22997988163084
1778424355,16362,608.5797176586054,202.3451168928213
1778424355,16363,824.8839368683537,262.8929705391167
1778424355,16364,481.30305948292,206.63287056228205
1778424355,16365,733.042991511681,168.3156770990801
1778424355,16366,1262.6284844095778,41.90737021329863
1778424355,16367,175.67238362328834,38.612474250489946
1778424355,16368,293.00219016977206,45.20563015845581
1778424355,16369,639.6709340482212,150.71115676298683
1778424355,16370,201.82924393001193,37.6096403748767
1778424355,16371,652.0825999382355,117.04960760912459
1778424355,16372,100.26687452097664,35.18811337172279
1778424355,16373,350.55319721024085,79.75559662716083
1778424355,16374,413.2505091922745,197.20598882285847
1778424355,16375,570.677622636653,130.57312920824913
1778424355,16376,578.1692126144526,24.632153019987413
1778424355,16377,1242.5176777268562,79.43672878649825
1778424355,16378,882.4237536539051,192.47926241882388
1778424355,16379,376.22436155295753,251.78655608974867
1778424355,16380,886.5271078301398,172.19137947323017
1778424355,16381,693.5988238711827,334.07546059386067
1778424355,16382,1466.9871533912892,155.34864881180513
1778424355,16383,129.7339639570711,25.725109744241717
1778424355,16384,218.03900555029057,22.356301672140187
1778424355,16385,242.27875292332524,78.88693104854225
1778424355,16386,1014.4568143628098,152.06327794780444
1778424355,16387,260.0069070571527,127.28090907791726
1778424355,16388,838.1305528451805,132.5334941966214
1778424355,16389,1635.1777528377334,152.13853968788627
1778424355,16390,703.2099075276185,141.7891402409172
1778424355,16391,470.91973479325844,54.44329667468563
1778424355,16392,944.2488997340165,249.64776536113243
1778424355,16393,355.3929236674106,63.80691121827606
1778424355,16394,2548.5842439830535,100.24283105906723
1778424355,16395,799.4570597689284,29.686764860270944
1778424355,16396,918.742995793895,148.84698852114215
1778424355,16397,169.25919687731198,166.09609490425737
1778424355,16398,525.4977674362847,173.13447896189248
1778424355,16399,1481.253984444642,148.3448182215828
1778424355,16400,895.6801080009309,197.68996323633903
1778424355,16401,563.1529322100228,63.62266291971064
1778424355,16402,338.36287847719336,42.6277098235737
1778424355,16403,262.9135875926827,42.72722154953371
1778424355,16404,672.5149312814026,118.14036738578994
1778424355,16405,344.26020583336873,28.47927564073023
1778424355,16406,888.1915544668918,290.78999156453045
1778424355,16407,2327.201327735188,110.74983214804277
1778424355,16408,329.7896575760437,71.24479842860194
1778424355,16409,787.9196513048491,41.142233489725285
1778424355,16410,1129.8669698269346,164.66812802436075
1778424355,16411,1725.3791496054387,175.7361134600836
1778424355,16412,1045.481629608057,113.79997768884105
1778424355,16413,199.87239098431667,84.47806645397765
1778424355,16414,1044.030140482901,143.0965778787791
1778424355,16415,1045.1851205885584,99.37190607295898
1778424355,16416,97.73302667441389,26.807826687999178
1778424355,16417,715.3532463406906,178.36108692095064
1778424355,16418,1142.2000334696577,98.90218485988035
1778424355,16419,2631.917956023828,122.85164926765263
1778424355,16420,768.2341785328855,143.3894988429821
1778424355,16421,268.9305039199296,124.18969266411473
1778424355,16422,214.2369610372402,26.441435552973708
1778424355,16423,2473.598921673474,67.84048995680196
1778424355,16424,154.54047236381263,44.22661849240852
1778424355,16425,541.3925184721598,210.42553449462667
1778424355,16426,201.74790041821166,97.08504784962341
1778424355,16427,445.97520145712235,257.9265140350088
1778424355,16428,131.268811590917,57.98176687697443
1778424355,16429,497.6697851171324,71.16184836150504
1778424355,16430,1134.7795838044187,131.76654246114083
1778424355,16431,300.61236032414695,28.660364510898948
1778424355,16432,368.1924291289729,52.82823125352706
1778424355,16433,341.63926047247185,99.87882081628456
1778424355,16434,39.67065988577259,53.66678461614026
1778424355,16435,1765.1488375910087,48.239580894080085
1778424355,16436,337.61176113897875,103.2818898298363
1778424355,16437,133.5513921422091,20.045045164705662
1778424355,16438,1538.4063279592506,148.4354591217668
1778424355,16439,612.6679986780294,250.4396451315889
1778424355,16440,1263.126477942456,164.68548440584811
1778424355,16441,298.7762532700349,32.66476465096363
1778424355,16442,1024.0612559927922,166.3625265087682
1778424355,16443,369.1764261143361,44.992759973895105
1778424355,16444,944.8140637682942,75.60359443384066
1778424355,16445,269.61250716743115,16.11598328728072
1778424355,16446,293.1881403858825,31.064763739102002
1778424355,16447,238.92538486072613,268.4262374551999
1778424355,16448,549.2891739854942,247.78412294913653
1778424355,16449,430.44138857647,108.79484401943839
1778424355,16450,313.30952376902655,132.07205861972852
1778424355,16451,644.2394062870701,58.65691573672275
1778424355,16452,1000.4283841688319,159.6934316124405
1778424355,16453,543.6344478508211,13.393169001134643
1778424355,16454,1816.1741306346707,183.69327371803692
1778424355,16455,210.6875434882185,173.35494804832152
1778424355,16456,1393.21749530652,118.92387789776312
1778424355,16457,1187.87739768014,198.83801925216812
1778424355,16458,310.41034014105395,155.01439965750978
1778424355,16459,217.07042065153294,29.531495583371203
1778424355,16460,723.8718706308194,184.6810039603123
1778424355,16461,222.49279344081268,80.24427656408984
1778424355,16462,508.77073010390274,58.273398325479214
1778424355,16463,393.7685842516601,78.61636659507374
1778424355,16464,1249.9137009162557,142.55819399149334
1778424355,16465,1167.7102662687846,282.9571638935333
1778424355,16466,1059.359437687935,146.57514860913346
1778424355,16467,866.1153052077187,161.64051837748113
1778424355,16468,494.8267989468225,91.7276932825824
1778424355,16469,489.34422039095904,59.88814234757164
1778424355,16470,239.1298266544325,110.41477499863535
1778424355,16471,314.3047703798099,196.28746286458625
1778424355,16472,1923.5036868297602,159.2032334775443
1778424355,16473,727.1541895572345,41.97440242346749
1778424355,16474,1009.9999867991665,137.550965480443
1778424355,16475,816.152936464579,38.308176696897995
1778424355,16476,1355.621296720308,144.86919417704686
1778424355,16477,420.13577311624545,259.9147647034237
1778424355,16478,647.4150769625257,23.359436531628912
1778424355,16479,1222.2699395285147,157.8068566053088
1778424355,16480,1750.9212834835212,155.85656154443433
1778424355,16481,533.609312451169,217.50375248803283
1778424355,16482,242.87111721265126,85.54834770902096
1778424355,16483,2686.7826023695125,213.21738075668256
1778424355,16484,635.5877865847093,45.45504081344624
1778424355,16485,755.2746545362932,177.53627113286709
1778424355,16486,266.24596016167385,76.38319207575579
1778424355,16487,402.85442003781947,47.836310206036195
1778424355,16488,299.2301472939286,49.05811425804067
1778424355,16489,45639.97076958284,423.73677663219974
1778424355,16490,555.0329136596807,46.0604334937255
1778424355,16491,159.14910343319792,59.52727096276417
1778424355,16492,630.2300213243859,216.45563168011012
1778424355,16493,776.2932665002357,104.1401712459675
1778424355,16494,956.0190283708732,173.35486843881023
1778424355,16495,228.27010250910197,127.70281013162985
1778424355,16496,469.00492949292465,104.3295224098863
1778424355,16497,1173.7389031395778,148.1301078522749
1778424355,16498,451.45561663186675,72.35240491360845
1778424355,16499,549.4620848343238,260.2611805651619
1778424355,16500,893.3459495630705,46.142870633135054
1778424355,16501,334.5470958666117,52.847846218988316
1778424355,16502,390.2043346636606,40.01970360215002
1778424355,16503,539.7325400116639,207.21072078557543
1778424355,16504,3024.851240456311,91.2834246058495
1778424355,16505,359.12860902789646,45.71114070854736
1778424355,16506,195.04608210467188,39.51891811864781
1778424355,16507,381.6010764019103,31.431814606956085
1778424355,16508,1404.7855889004186,158.30714094204612
1778424355,16509,651.1831409013665,219.37256646961228
1778424355,16510,619.4425072771901,29.154401198259634
1778424355,16511,933.5393653383617,163.59366668400438
1778424355,16512,3179.8679896681247,64.95500272512882
1778424355,16513,810.4851389566196,166.7040367860261
1778424355,16514,391.0614751158181,246.02934236258622
1778424355,16515,539.1257938977874,243.51313245156635
1778424355,16516,1603.2038306223726,172.88126884193912
1778424355,16517,218.17317942736938,78.83609308826993
1778424355,16518,599.5767889591212,237.23137758261552
1778424355,16519,141.83683351827818,20.974366060085103
1778424355,16520,160.97454758702267,38.20689613517001
1778424355,16521,1780.0856009199792,60.45988687139767
1778424355,16522,1333.7719385934695,52.517653358350465
1778424355,16523,1196.1944719664423,159.82609612150492
1778424355,16524,620.809656222841,250.0413223582189
1778424355,16525,700.144694467135,176.28685427221308
1778424355,16526,171.4566544580765,111.10980817517007
1778424355,16527,2164.7428172310497,84.10136455371988
1778424355,16528,330.12075822565805,231.77592478190311
1778424355,16529,355.1303992533717,104.3712115609326
1778424355,16530,616.1418989222248,139.06601979924326
1778424355,16531,251.40433819650264,124.87350905804342
1778424355,16532,1655.892663258733,170.74491517445344
1778424355,16533,374.9362713477653,52.591868346192555
1778424355,16534,981.1644015017988,101.70027687455034
1778424355,16535,625.0390702359796,48.18165116062174
1778424355,16536,253.58379144160594,53.61572704082439
1778424355,16537,2742.008334824345,196.59504319714136
1778424355,16538,818.3563024943332,163.4977300940435
1778424355,16539,2425.1221025548934,94.39770454096161
1778424355,16540,308.9231329665121,63.3494413219502
1778424355,16541,3134.9357611069177,46.411342503191285
1778424355,16542,1772.3675069938122,105.30704186819285
1778424355,16543,1263.2993519423837,147.03730121232613
1778424355,16544,527.1749874754718,246.70686046980214
1778424355,16545,421.06796180496104,234.16790827451118
1778424355,16546,1080.9024511959708,136.80644231542084
1778424355,16547,475.9987900443762,28.003813581303266
1778424355,16548,211.08245141415787,119.54509807672164
1778424355,16549,4199.097024531546,111.97157521752952
1778424355,16550,530.8840128695641,265.87419102151756
1778424355,16551,1451.0440849991462,171.89008916122495
1778424355,16552,5457.283533217041,121.13724670640644
1778424355,16553,1615.8615659517704,163.7396993822911
1778424355,16554,250.6834394478217,16.036196807859422
1778424355,16555,9059.32248256037,214.52484833445135
1778424355,16556,382.0438163439965,19.316124937140174
1778424355,16557,508.65709124592485,16.527733940011366
1778424355,16558,597.7457018096076,128.47040143553346
1778424355,16559,1084.4394476910188,212.05147261281695
1778424355,16560,157.10222852511046,90.36928803544741
1778424355,16561,587.993074400892,222.95785155398994
1778424355,16562,385.99762099768355,126.08165127036453
1778424355,16563,198.99066865058145,92.37586827051804
1778424355,16564,1052.734417633858,60.48563138092573
1778424355,16565,238.7405316922437,40.915927262954284
1778424355,16566,605.9160384277169,67.79230168168814
1778424355,16567,466.01204892920015,101.09228268525614
1778424355,16568,258.3723307984475,133.70415725061173
1778424355,16569,196.9969872206035,243.27042371773936
1778424355,16570,474.6369894190685,220.76289809054953
1778424355,16571,409.5512958895694,97.23103014721842
1778424355,16572,2302.1192295400297,95.22795736867515
1778424355,16573,174.8440560827819,71.95360338130385
1778424355,16574,828.6347031950427,155.0416959758044
1778424355,16575,574.693832213476,58.471708023374745
1778424355,16576,489.7636028390176,216.83809645248454
1778424355,16577,757.5105448405308,49.57695067124466
1778424355,16578,1362.0098968783993,95.52491276475136
1778424355,16579,1503.426506923071,143.88597355613
1778424355,16580,143.7300054414553,181.19811424242394
1778424355,16581,522.8822378491554,181.9354393891299
1778424355,16582,538.2820266323852,175.07265958305885
1778424355,16583,779.2664714786017,162.9704807385489
1778424355,16584,220.51850303699203,24.55582264615377
1778424355,16585,663.3482024128035,143.88199986394852
1778424355,16586,317.06333972201907,225.41962698488084
1778424355,16587,585.2433218385659,212.5597054584172
1778424355,16588,859.482041988335,145.28743540040065
1778424355,16589,5841.612626082918,134.02642880347491
1778424355,16590,1810.3356063559693,129.1095158226586
1778424355,16591,1091.964817033373,158.4253791729443
1778424355,16592,768.2606555765288,43.038225003578084
1778424355,16593,1891.2725834341038,140.35473296845328
1778424355,16594,625.6505640442023,15.884445720985923
1778424355,16595,858.3843010191575,160.81056416928294
1778424355,16596,102.97713304872852,29.75550120839504
1778424355,16597,76.73881865499646,54.82703937012061
1778424355,16598,772.8929142507136,96.96704461434379
1778424355,16599,919.2623948764312,129.0437441190598
1778424355,16600,1000.7608856806622,82.87504696928657
1778424355,16601,947.1382055755347,157.11623655122085
1778424355,16602,520.7156218129792,165.89782643326953
1778424355,16603,1047.9981112660491,171.04838380067355
1778424355,16604,601.3286527592129,169.04355520442166
1778424355,16605,1057.6021762123212,92.4183123854781
1778424355,16606,4716.903612776753,134.16784158116442
1778424355,16607,1284.0337094606832,132.58888458725008
1778424355,16608,1675.96132878078,73.33260898886073
1778424355,16609,527.2548649747778,177.57593381266142
1778424355,16610,554.4207645562897,37.541139516528816
1778424355,16611,819.7837442164875,223.61405324579425
1778424355,16612,2390.022212037554,109.80974461660698
1778424355,16613,661.3745572093856,117.47097527037904
1778424355,16614,1520.7516458730308,60.94383849057769
1778424355,16615,1649.3947585088272,155.457608754115
1778424355,16616,704.4420513126879,193.20396584810243
1778424355,16617,1411.2706836288226,165.91095918339332
1778424355,16618,338.13940794919955,68.8709496121859
1778424355,16619,378.6039083193165,73.28304783103012
1778424355,16620,786.1215852808788,60.02665701906774
1778424355,16621,663.80568123716,52.475585224052274
1778424355,16622,511.79923831901783,226.40433466507113
1778424355,16623,738.3104683020581,289.088950271523
1778424355,16624,731.243023596935,99.28836146936735
1778424355,16625,33090.051416792856,423.8486024519267
1778424355,16626,1080.5960556521165,37.782017713688795
1778424355,16627,4011.0828749138336,179.16310690396065
1778424355,16628,1364.5917978688874,176.37651103334701
1778424355,16629,501.25700891287676,76.44320930980135
1778424355,16630,611.6145472957401,36.88278498938001
1778424355,16631,1312.4161384248562,150.57580621574283
1778424355,16632,228.8139541306786,94.64190469190969
1778424355,16633,1063.946161644683,196.09638830299505
1778424355,16634,605.4480823381717,141.16996446317717
1778424355,16635,683.7527715989,233.29812266240899
1778424355,16636,1546.457666613458,197.61930526995636
1778424355,16637,2070.1434387197983,76.10704642839974
1778424355,16638,167.8903162707868,112.70522648258262
1778424355,16639,888.8127937584886,141.41089670792775
1778424355,16640,426.35329904073103,181.60684408102694
1778424355,16641,638.7714348930448,116.93618447354572
1778424355,16642,1037.2724948929238,177.83212139235295
1778424355,16643,997.617370614453,55.27701692138409
1778424355,16644,1027.3644376159807,120.271134762771
1778424355,16645,514.3284023176476,178.80875288953985
1778424355,16646,702.3551970382367,70.38368528027068
1778424355,16647,1423.8599445139544,180.95535120707652
1778424355,16648,1760.8850593228779,60.120301709216804
1778424355,16649,211.54217554768022,145.07022704093936
1778424355,16650,524.2826090840223,146.45636646986767
1778424355,16651,671.3174280878309,47.26025972104327
1778424355,16652,820.3355771194016,74.53648846260631
1778424355,16653,465.17809960272746,95.83483193003919
1778424355,16654,187.01350320897265,19.74155874183468
1778424355,16655,439.34596409956544,230.4434556486447
1778424355,16656,1436.720146065471,32.80082528168647
1778424355,16657,1212.9747874042805,154.33197951702425
1778424355,16658,195.2795497632837,34.41350052208764
1778424355,16659,170.74377223513633,49.93426221246522
1778424355,16660,346.36612422703394,40.937483654804815
1778424355,16661,1468.4768826040324,188.6224848587678
1778424355,16662,1136.5660163114387,44.66626770236617
1778424355,16663,3830.6480841965436,182.78027139378364
1778424355,16664,643.1373621620626,273.2328000635887
1778424355,16665,972.9018596028192,134.90378960218587
1778424355,16666,436.71586698183376,207.0451744827071
1778424355,16667,843.913319538279,161.66070134455904
1778424355,16668,670.4675512215836,167.81178178227805
1778424355,16669,558.1812099098754,49.37960542165063
1778424355,16670,567.2116162497063,117.99871816001308
1778424355,16671,738.9535381799806,106.21316991878093
1778424355,16672,546.8352492231822,149.45552755804061
1778424355,16673,835.2411494704168,208.18925474038474
1778424355,16674,458.3566229855374,163.83992265708133
1778424355,16675,1146.0205781004115,214.74669402020302
1778424355,16676,1240.5425129712671,90.10092862412685
1778424355,16677,521.6323347709908,197.81236720126435
1778424355,16678,1144.2942765703692,131.17160675628085
1778424355,16679,250.06951009732626,60.802265993288025
1778424355,16680,1274.9102605782628,94.9667447475215
1778424355,16681,198.04591807460605,86.87277652207244
1778424355,16682,233.67147450616514,23.328761602364494
1778424355,16683,1185.0988174167358,207.24731594245583
1778424355,16684,447.8503937479711,60.591736298476015
1778424355,16685,215.3844828629622,13.759146800957543
1778424355,16686,775.8100640816182,172.87049921092265
1778424355,16687,586.0037432062079,71.00587405604664
1778424355,16688,607.1085112809673,34.82856757907293
1778424355,16689,923.9179998913734,36.02401245489958
1778424355,16690,396.14158884943606,66.66793635514887
1778424355,16691,708.6570121253637,263.9392582637346
1778424355,16692,347.1925401848931,91.62829435484835
1778424355,16693,492.3731509522543,20.732129313712452
1778424355,16694,2266.6477377617157,165.66726537167224
1778424355,16695,514.3237848600904,251.59209404161294
1778424355,16696,199.56208355516182,162.98572115557528
1778424355,16697,768.3050807058795,171.4753761226821
1778424355,16698,644.8965397221712,250.4315165888838
1778424355,16699,1317.9768513182403,175.03655129370821
1778424355,16700,294.49966651756466,21.441509876900856
1778424355,16701,358.35382013789916,71.16063855923308
1778424355,16702,305.6629565177785,50.931238385264734
1778424355,16703,308.605011679752,51.68400335545705
1778424355,16704,758.786428599395,173.56270730793017
1778424355,16705,299.7208440449567,79.98500636762738
1778424355,16706,953.9068168663337,181.5318002275131
1778424355,16707,58103.52426811119,428.9132974035201
1778424355,16708,41717.533224208935,438.329935721327
1778424355,16709,130.7160373850379,73.99994488685203
1778424355,16710,939.776034355616,152.89450166738237
1778424355,16711,1187.836092585402,72.74335810240618
1778424355,16712,440.49699580412295,235.8022521389955
1778424355,16713,1053.2509043536288,64.90450307612872
1778424355,16714,185.5031287079607,44.660104169950294
1778424355,16715,516.0970216228367,82.36866391493625
1778424355,16716,2196.71896893392,112.90517857538153
1778424355,16717,775.822287739088,158.9789339719046
1778424355,16718,128.68375880994193,40.96498316873951
1778424355,16719,304.2220022615018,35.8057677814366
1778424355,16720,1283.216547612048,165.87825200553024
1778424355,16721,842.2549864676662,183.64581521632377
1778424355,16722,1045.5745276559305,151.9297294710503
1778424355,16723,238.17431652915323,31.551329855678592
1778424355,16724,739.1816881715778,48.88307362921915
1778424355,16725,438.49448515396625,30.635416426276308
1778424355,16726,392.79571310072595,77.9476032765339
1778424355,16727,610.3119993915165,56.51740275990151
1778424355,16728,378.5926414412883,62.690616679150814
1778424355,16729,694.3950437909282,216.54207468290454
1778424355,16730,927.3544147345826,223.37601762484718
1778424355,16731,688.1294345645988,187.7403967702664
1778424355,16732,750.2424939476542,226.52792189095368
1778424355,16733,838.118104360249,185.64893407117975
1778424355,16734,980.5025054989951,295.41261001464136
1778424355,16735,952.1595710973734,172.68804772906802
1778424355,16736,52.80911697661717,34.91065475052581
1778424355,16737,1148.2110260353165,301.74732731969937
1778424355,16738,1258.5712052004749,202.15923677120756
1778424355,16739,719.5541378316782,90.9708079780434
1778424355,16740,291.1823114692993,70.37331370430923
1778424355,16741,1331.118109313668,191.23476817658468
1778424355,16742,435.6232603897782,55.42668853426471
1778424355,16743,1125.5425907418366,167.93636101746898
1778424355,16744,997.7490180509118,33.32732316034447
1778424355,16745,283.31531697796595,18.460245029667618
1778424355,16746,596.0876005701759,213.5637236319188
1778424355,16747,1682.6196380123333,52.05980298532836
1778424355,16748,181.13904534888542,37.75567783755447
1778424355,16749,540.6398254866963,211.47097250418426
1778424355,16750,288.52703880380176,64.32165524282178
1778424355,16751,992.3370919523682,131.25968013248462
1778424355,16752,619.172540471474,190.38092879281905
1778424355,16753,195.4753416259206,46.92393067082063
1778424355,16754,1358.2443767390969,197.57674867102656
1778424355,16755,6216.468954424953,130.15767692065472
1778424355,16756,1341.079495911117,29.935821242106993
1778424355,16757,438.9726001407766,88.52559588333574
1778424355,16758,114.79071982082144,18.514199210355653
1778424355,16759,441.81284839805613,45.13627097581064
1778424355,16760,341.808560443073,119.11056613973362
1778424355,16761,80.04159166488876,54.078989049900706
1778424355,16762,578.3704665959922,86.09511288583276
1778424355,16763,717.2251873820827,219.11823810876973
1778424355,16764,500.6722402484749,237.5854404999373
1778424355,16765,430.27098381207315,68.72913284040648
1778424355,16766,559.765051643155,185.09237475856682
1778424355,16767,539.7118452746867,46.336930284676185
1778424355,16768,323.41356694766506,242.15416663287206
1778424355,16769,384.02819689810764,29.008357875490553
1778424355,16770,51.149702302415164,34.6153033881336
1778424355,16771,474.31994568992786,160.65670157506085
1778424355,16772,130.87730802228546,51.904876662079076
1778424355,16773,355.39336488244896,51.99612029952182
1778424355,16774,327.1255950951178,132.0566393635376
1778424355,16775,1502.6408951820179,70.053487420421
1778424355,16776,422.6555822570835,54.58164303851915
1778424355,16777,509.96520221316905,77.27990384806098
1778424355,16778,422.1252551353577,60.15096212040331
1778424355,16779,980.2759329230704,201.10428710860785
1778424355,16780,546.2405063233432,80.05467146025742
1778424355,16781,634.0979829693816,196.03179325931538
1778424355,16782,205.2062796762301,102.13461790813129
1778424355,16783,334.4815028586072,135.39885478357456
1778424355,16784,1407.215271316369,42.07235345189132
1778424355,16785,315.1633235309955,62.933605854330565
1778424355,16786,406.4135677438602,161.08670233967493
1778424355,16787,660.1623408969025,129.88594859484616
1778424355,16788,100.81385744698794,24.500058078706466
1778424355,16789,685.761194546108,242.11504234731237
1778424355,16790,452.41111384253566,38.04857894419596
1778424355,16791,1982.050573419722,100.84175375817023
1778424355,16792,816.3469212403256,52.252986482112775
1778424355,16793,639.8201355597375,213.2758751791465
1778424355,16794,265.07654105709787,47.4366919657024
1778424355,16795,393.62226268376713,54.998102915298
1778424355,16796,891.3783061830917,186.28736699475192
1778424355,16797,858.5702138559521,52.49902352367181
1778424355,16798,239.76833407150573,54.911623719357394
1778424355,16799,277.42892643180943,122.89066899902507
1778424355,16800,744.1132839306449,217.47634427797414
1778424355,16801,379.5876343805294,64.23818633088476
1778424355,16802,7272.758015496205,185.33547198545756
1778424355,16803,3013.7286344025424,234.4357441056044
1778424355,16804,996.3334343209684,139.73457298167375
1778424355,16805,488.2210155330278,24.196762504674744
1778424355,16806,915.9186925429213,132.61660412495806
1778424355,16807,680.4793001928751,38.01747560159829
1778424355,16808,5585.6919314341085,94.99956513627477
1778424355,16809,739.984688959655,122.91773382466697
1778424355,16810,708.1863311956223,179.878703301323
1778424355,16811,211.0435401403383,34.24324369817658
1778424355,16812,428.67339068079264,43.33063309462787
1778424355,16813,420.6687283664874,237.56807197254759
1778424355,16814,843.8485486835748,120.76203410732681
1778424355,16815,280.00131619284406,57.21113497043399
1778424355,16816,776.8739418843498,188.09768496953217
1778424355,16817,702.2189529918513,93.63932175235678
1778424355,16818,715.5573987188683,121.07100074221898
1778424355,16819,519.2583042791005,69.67499604196047
1778424355,16820,687.1457193213256,143.99941797494512
1778424355,16821,242.3630236108118,118.4110133536026
1778424355,16822,1096.7736021133612,140.37792231090953
1778424355,16823,868.8974629369286,57.108190977999904
1778424355,16824,165.9842164565656,42.20549472918703
1778424355,16825,199.78615561558044,33.51658454644963
1778424355,16826,3936.1308184258373,125.03365300226803
1778424355,16827,222.76961271403945,198.48530647405593
1778424355,16828,2185.4474594550106,57.798951023037326
1778424355,16829,615.0850137463495,47.33462667476996
1778424355,16830,1225.560601453003,187.66361341539653
1778424355,16831,7028.5514842740995,128.37248797511236
1778424355,16832,128.92353192333812,28.290172439788325
1778424355,16833,172.9325082424206,17.05967124039277
1778424355,16834,1569.0573758161433,165.82797822859183
1778424355,16835,234.16382741660283,83.33574540585275
1778424355,16836,523.5561658748627,241.78730038070123
1778424355,16837,1148.8484037687338,168.366237193257
1778424355,16838,306.1876757928268,14.496299457141774
1778424355,16839,951.128361353357,171.20501575838247
1778424355,16840,1098.1806170756197,146.55938607840395
1778424355,16841,415.60099925599377,64.10522456699528
1778424355,16842,402.62856129280453,84.53422881292092
1778424355,16843,803.9556935266742,109.61163159573182
1778424355,16844,801.9261737834441,200.6250196172141
1778424355,16845,638.7983141014511,79.87114499327267
1778424355,16846,2070.4883855312314,97.08640768008006
1778424355,16847,781.1716154992541,64.20720335353471
1778424355,16848,2814.1731075866537,92.97593889272368
1778424355,16849,1529.1329922249547,178.90778987356987
1778424355,16850,1019.9427929602765,168.03755084198548
1778424355,16851,1592.312928851432,190.3434620961084
1778424355,16852,454.43092717917546,72.69034494930492
1778424355,16853,594.0504091359232,188.29789650442106
1778424355,16854,687.8100596997999,166.16890703119793
1778424355,16855,999.0274509363594,160.6134599082311
1778424355,16856,747.215700757272,168.53032116470203
1778424355,16857,365.2802515346282,119.27930632832611
1778424355,16858,390.9211099929507,190.8782991343604
1778424355,16859,313.6491782969123,27.897616685935674
1778424355,16860,431.35263355978714,36.86140010915453
1778424355,16861,462.5466561413895,28.8480412944874
1778424355,16862,286.2073855402897,46.866481153335755
1778424355,16863,513.3886163171742,242.27634618616045
1778424355,16864,544.9815871795481,158.30686470831546
1778424355,16865,1052.1751708739646,201.31400078600123
1778424355,16866,371.32169931056075,53.843136358209584
1778424355,16867,296.48497941890525,72.02973270996333
1778424355,16868,534.6989735750939,141.62809696962964
1778424355,16869,1357.8712781898814,58.6932554757924
1778424355,16870,220.65195568577388,106.3691013413786
1778424355,16871,572.1940305657685,106.40353042316262
1778424355,16872,170.25290435497504,95.70483498397061
1778424355,16873,391.52697904363737,213.02779376839305
1778424355,16874,2792.3161761123847,141.50369056748102
1778424355,16875,425.9313978142552,167.7880371584414
1778424355,16876,526.3723905203939,195.24847546270095
1778424355,16877,437.1657883309493,198.26196634329222
1778424355,16878,813.3065512368813,111.20467524923441
1778424355,16879,734.9930616790764,123.55044776331788
1778424355,16880,1330.4514259285718,106.55453641185099
1778424355,16881,287.7289833282424,134.2762063782084
1778424355,16882,1555.3624219372357,117.45844488771223
1778424355,16883,175.40276565484368,94.02059661532302
1778424355,16884,292.5709435479453,22.057810076027994
1778424355,16885,1294.417244390801,162.16347477863505
1778424355,16886,664.683401899791,166.3291484983648
1778424355,16887,1007.2144269115787,75.03466930087315
1778424355,16888,400.7770131888586,160.87692041064471
1778424355,16889,7334.126683648975,163.33942432335482
1778424355,16890,1106.8411938475615,24.064057467430153
1778424355,16891,88.30819692678836,37.654599698574415
1778424355,16892,388.4976678263178,281.2576215826461
1778424355,16893,1612.8252319165751,170.5492381596615
1778424355,16894,303.0986882273909,43.571205902651805
1778424355,16895,538.9311526664166,62.24277568905954
1778424355,16896,4122.179378952851,83.3872651213466
1778424355,16897,466.7784861067077,88.81714647491476
1778424355,16898,14232.486660151511,231.9878371114287
1778424355,16899,1123.9728750123745,175.77236904941947
1778424355,16900,264.30603342289544,124.34099415823486
1778424355,16901,360.0346793759697,73.20099746874124
1778424355,16902,566.5476807040972,180.90248105883012
1778424355,16903,139.6492788005729,17.459024025108228
1778424355,16904,5023.968319201703,85.55234346252625
1778424355,16905,18770.386901218804,334.44802915869093
1778424355,16906,147.81000399214713,37.988349965064245
1778424355,16907,3986.9052883665718,96.29081967636101
1778424355,16908,848.7977989368039,101.74236615257776
1778424355,16909,2649.5954452703627,59.91336234616473
1778424355,16910,730.0719390774045,156.61264563338608
1778424355,16911,2496.201182347176,115.4484728063465
1778424355,16912,448.3075700839501,116.76367022663614
1778424355,16913,505.1661758857697,23.789202012859835
1778424355,16914,573.4886299083176,260.00099772365706
1778424355,16915,314.5918290655905,45.48303654885821
1778424355,16916,649.6770666148536,167.96125743255377
1778424355,16917,1009.00611033105,213.93514296797633
1778424355,16918,370.7720196337888,142.34933324221936
1778424355,16919,1683.1082314014616,148.4355209144889
1778424355,16920,1035.882780232384,190.11508404149978
1778424355,16921,810.7591083008504,136.9760276998396
1778424355,16922,454.21772559826354,279.0043277333318
1778424355,16923,555.1277870423341,104.05813536479488
1778424355,16924,240.7900274216783,63.10641949842329
1778424355,16925,274.3962593432981,23.301930800223175
1778424355,16926,400.2219047074848,138.2284042523251
1778424355,16927,632.2966251310542,241.46002453104126
1778424355,16928,348.446755044954,33.24512335539602
1778424355,16929,826.4812534882765,155.7866897089733
1778424355,16930,418.5834479455443,37.70181150487632
1778424355,16931,389.571911625532,102.96745214803289
1778424355,16932,809.4385819861927,86.82924720319285
1778424355,16933,2098.5568651722056,147.2582424397893
1778424355,16934,338.5079209585515,53.81602034607154
1778424355,16935,2089.788716207194,45.735776951621396
1778424355,16936,534.1934062092246,62.04788374067238
1778424355,16937,238.76794308533053,201.4453811647368
1778424355,16938,260.2719620480372,32.55103295021848
1778424355,16939,455.450626898076,104.40207431681907
1778424355,16940,263.549238479282,64.19452697011643
1778424355,16941,275.3605593789137,37.419781231135445
1778424355,16942,1189.1043454774392,86.64172604722731
1778424355,16943,401.62654251193743,71.70255804796385
1778424355,16944,1426.1884368689969,46.57030645623379
1778424355,16945,465.7865818599733,238.6059098635467
1778424355,16946,87.63685277386516,38.261314422163345
1778424355,16947,210.30380311109525,31.885058281407662
1778424355,16948,504.5198344408156,141.79610106365064
1778424355,16949,313.3404995917231,26.943427633284337
1778424355,16950,2359.827256342712,106.50281602066708
1778424355,16951,908.1218345064377,33.70460508104539
1778424355,16952,543.1699235399619,226.54718475972433
1778424355,16953,775.3199626630471,33.18029206560768
1778424355,16954,408.86033508795185,40.367837552872636
1778424355,16955,273.2785744861423,118.1931046190917
1778424355,16956,1036.7409869909911,120.09050600909079
1778424355,16957,130.45172078640874,44.406326484040704
1778424355,16958,336.8045381834625,213.36534801693358
1778424355,16959,16281.82350984599,262.8760472760518
1778424355,16960,73.7687993672869,35.41671833033738
1778424355,16961,191.23594380658213,41.20526720625672
1778424355,16962,701.1839350956175,237.3972121522971
1778424355,16963,779.3163580402585,136.13138243360135
1778424355,16964,71.90318909799721,15.65729496298045
1778424355,16965,1253.4869533003741,187.20697807924526
1778424355,16966,3157.1291228352475,149.00522638936988
1778424355,16967,1543.3981610901087,113.0126512974974
1778424355,16968,2032.3273948852777,202.01488398606395
1778424355,16969,631.8774759256446,40.066047129049664
1778424355,16970,493.4805904366764,125.17190140394116
1778424355,16971,554.5112396422843,181.05146379876942
1778424355,16972,521.4210139099735,183.52512942817677
1778424355,16973,292.09846773382264,76.92471518048778
1778424355,16974,1385.9695694055383,61.56092440057418
1778424355,16975,922.4358904164337,161.3540742808231
1778424355,16976,630.0667631983057,142.85038843030065
1778424355,16977,247.18239541837445,26.384559056850406
1778424355,16978,1046.7623022263738,181.20500390630053
1778424355,16979,1232.9438300851073,89.78732194510427
1778424355,16980,262.54461815485087,22.300729189751284
1778424355,16981,118.76050077212531,109.75863230607999
1778424355,16982,420.0833343489887,86.57961184594528
1778424355,16983,340.61399564070774,40.07715566445971
1778424355,16984,2127.7841123929156,140.78546603667985
1778424355,16985,451.4856164171793,192.8265368024764
1778424355,16986,383.10755052962827,242.45401583557876
1778424355,16987,895.7350110830567,210.87007428244317
1778424355,16988,2675.5956247151994,59.16759345385486
1778424355,16989,880.4565698076568,249.3939295913126
1778424355,16990,1134.293135921402,177.32597768288775
1778424355,16991,4224.93136460938,168.64886746665408
1778424355,16992,412.0982247146997,207.6836887675361
1778424355,16993,325.66812820535256,35.431734782622186
1778424355,16994,972.5280558468064,165.0047373091714
1778424355,16995,648.7630228833461,69.81833299820012
1778424355,16996,357.6924872923368,91.6155236075647
1778424355,16997,374.4662989891597,34.018646704406734
1778424355,16998,172.85632226365493,131.58406130601156
1778424355,16999,216.71345034203466,49.381973387488976
1778424355,17000,424.41632834449786,61.35889327240594
1778424355,17001,901.7557393327353,168.91031885164554
1778424355,17002,247.62537356690837,297.53426848307873
1778424355,17003,1795.4113906738687,160.61807997642296
1778424355,17004,22166.566023929532,338.7780470078641
1778424355,17005,931.9986345635334,225.66567148714716
1778424355,17006,560.2366707868995,278.13532977110225
1778424355,17007,364.3448102495479,153.52411757705983
1778424355,17008,61536.14531689563,501.05679814948087
1778424355,17009,855.0481345605124,165.6408315111895
1778424355,17010,331.3240059269152,53.49331332256686
1778424355,17011,969.3771598748206,83.90152489590096
1778424355,17012,352.5033640918354,131.6199760411873
1778424355,17013,1084.2215890026596,210.46310975029908
1778424355,17014,74.81432164080948,46.63784668343638
1778424355,17015,274.7192490754931,292.32557460589214
1778424355,17016,3700.3943597557172,157.19926224571623
1778424355,17017,656.2678008795912,176.31770494448173
1778424355,17018,644.5687451832594,40.695134838424636
1778424355,17019,495.0526034004772,71.77700177381702
1778424355,17020,40683.39857052064,416.90830227948834
1778424355,17021,307.9224989511312,233.16151120242284
1778424355,17022,1435.566841433096,38.30441488709714
1778424355,17023,3670.798344681231,161.28631921786229
1778424355,17024,3305.938556160837,151.2583917292616
1778424355,17025,594.3301579734907,136.74029637986027
1778424355,17026,260.67797594344603,72.75068059374091
1778424355,17027,788.0117806236124,133.1283296675534
1778424355,17028,444.20560411337794,153.4024818186064
1778424355,17029,175.74074019542772,104.78927361666064
1778424355,17030,267.97749109705404,26.83793053756291
1778424355,17031,462.6496706285618,67.60529034355305
1778424355,17032,976.9589562339061,49.18687053984735
1778424355,17033,560.4192266828086,259.3452125461619
1778424355,17034,475.7657092678287,95.82741514774233
1778424355,17035,442.8967099360455,262.1724216133599
1778424355,17036,327.8814575784092,36.37828531082252
1778424355,17037,282.146023768285,83.14386034665478
1778424355,17038,490.4121994800047,203.4660177458822
1778424355,17039,1120.9627768539806,144.737908424512
1778424355,17040,138.76331486489778,35.5362742216971
1778424355,17041,713.3535804856934,98.23929833746881
1778424355,17042,470.27510875648517,82.77110882977182
1778424355,17043,1071.6852314717787,171.41320146303
1778424355,17044,361.98779519153607,104.67526317712209
1778424355,17045,490.66948235024915,42.10445409614111
1778424355,17046,1107.744121996364,81.27901901452502
1778424355,17047,1306.8259389875125,134.19307289897588
1778424355,17048,386.4616238982197,32.87102819094854
1778424355,17049,5579.807476831022,147.69982673411192
1778424355,17050,246.7348254335089,173.3537075259052
1778424355,17051,781.9320079720592,182.05236016271772
1778424355,17052,550.3620959249714,24.114318037977302
1778424355,17053,1374.623267566806,163.05388533740367
1778424355,17054,742.0938199695713,45.19949977650854
1778424355,17055,162.13867299147074,22.967149072103776
1778424355,17056,277.4226481344909,267.16304083487285
1778424355,17057,648.463141150639,197.64689925661088
1778424355,17058,272.0392647091528,49.52170543051518
1778424355,17059,1407.28903677972,190.70766196404338
1778424355,17060,502.830406886455,64.35835589426874
1778424355,17061,603.2921816291973,261.6475979633854
1778424355,17062,245.82483326899515,171.31414103631002
1778424355,17063,2423.646572121766,112.65294930967808
1778424355,17064,2233.9652395316543,58.0271619428862
1778424355,17065,868.1482109595099,52.779884096372434
1778424355,17066,222.35549653443414,20.17712476498282
1778424355,17067,381.02343677381367,21.27026274625644
1778424355,17068,188.9654726784671,25.503858887444736
1778424355,17069,416.66789754616366,230.16664650089854
1778424355,17070,926.2505172418478,30.32031141703379
1778424355,17071,1435.7831285657544,128.02738637862726
1778424355,17072,744.0474621876231,194.9718189648739
1778424355,17073,464.4769834555842,135.40623559699216
1778424355,17074,1278.3154846093726,160.83786727687752
1778424355,17075,298.3479568004581,59.56039743512724
1778424355,17076,284.0136919430033,48.32083543686992
1778424355,17077,338.9128930914305,241.53661119580508
1778424355,17078,417.4359589274446,243.92848451657693
1778424355,17079,812.9177325136643,180.49936682192646
1778424355,17080,543.2509132118436,136.47420722761265
1778424355,17081,193.8066317368038,94.73607967444684
1778424355,17082,1861.287104638314,61.594194334361745
1778424355,17083,792.6452648510603,113.59853803611074
1778424355,17084,859.754049360502,192.09401012865712
1778424355,17085,1309.6015329893885,29.21082622853847
1778424355,17086,8054.397241570583,224.790407172302
1778424355,17087,871.679022401362,172.45511891144562
1778424355,17088,758.0482567260837,202.4394251780492
1778424355,17089,948.9551057836443,46.73342642513199
1778424355,17090,260.78721962043124,24.620607030382118
1778424355,17091,1068.228448980943,132.304443998033
1778424355,17092,666.4474627320865,114.07024697321236
1778424355,17093,388.95501511224774,204.8387422037658
1778424355,17094,2484.579275281465,123.36256419251467
1778424355,17095,316.72376253984044,167.9235842818539
1778424355,17096,403.11056738747806,208.68193609412808
1778424355,17097,301.8447576173385,135.38458588390196
1778424355,17098,545.9684969809271,201.637444436215
1778424355,17099,12143.542883108183,189.76609078746588
1778424355,17100,49054.12590521542,430.48948290079085
1778424355,17101,450.6472594776859,225.08985189775186
1778424355,17102,4580.5310924862515,98.36849204550975
1778424355,17103,202.43365032572882,46.5010406572175
1778424355,17104,273.43763617748556,40.211605198618315
1778424355,17105,1107.6029509124558,44.90481010082759
1778424355,17106,120.44960051386578,19.504771095341635
1778424355,17107,572.9785515933597,41.63067545482354
1778424355,17108,314.62070330718575,87.70092731409173
1778424355,17109,405.87724884793795,46.3490515703532
1778424355,17110,346.7234903456028,23.735138538343666
1778424355,17111,294.5386071999819,21.943709509215047
1778424355,17112,540.0267490364686,73.0332661166158
1778424355,17113,427.0545379912636,209.13321523929147
1778424355,17114,618.5508729395967,60.29785315602401
1778424355,17115,336.26981660933114,202.80861846204138
1778424355,17116,535.945265371179,300.7673639010766
1778424355,17117,205.77717435875397,225.1723319090372
1778424355,17118,1935.556231583112,141.22061900424217
1778424355,17119,854.9565898227025,163.67364371734905
1778424355,17120,295.4841200659784,218.3147640642997
1778424355,17121,229.7348179069126,27.335587675476617
1778424355,17122,744.0612288986188,175.64153099620677
1778424355,17123,941.3175344338181,165.0417491613969
1778424355,17124,911.0080490782226,161.81092034980873
1778424355,17125,546.9398423492753,27.307591279728733
1778424355,17126,636.2585848684681,252.55250027029774
1778424355,17127,232.4037245484676,188.1469920399764
1778424355,17128,337.88393716625615,41.91852569068731
1778424355,17129,643.8129267361887,61.01053974757883
1778424355,17130,4190.856035678044,120.99399820054711
1778424355,17131,969.518373390763,158.25299936177515
1778424355,17132,1025.6138067973732,165.79383357872106
1778424355,17133,194.07395656470982,10.015837455236895
1778424355,17134,148.82406103913127,16.619048616014595
1778424355,17135,320.19923799457104,106.95590086297172
1778424355,17136,370.96596154260754,159.11668478844535
1778424355,17137,311.7903256209006,55.094567176703514
1778424355,17138,284.65322302304503,36.340991472726756
1778424355,17139,1016.9715549832376,147.62578434714925
1778424355,17140,296.9667762945528,76.15803101056204
1778424355,17141,375.67731767773154,122.4073338762025
1778424355,17142,322.7472624458404,379.70118612457094
1778424355,17143,528.4796477131615,206.0476913334018
1778424355,17144,345.9570666260832,44.95817302249308
1778424355,17145,1083.1513075882724,208.64475318961118
1778424355,17146,655.4671085021786,206.0500977414187
1778424355,17147,576.328504644748,179.09745926131845
1778424355,17148,632.5991416841346,232.38940523514745
1778424355,17149,885.0259218235833,194.25005026878455
1778424355,17150,562.3085560957497,189.22690488797855
1778424355,17151,442.85116490232355,244.6630978965745
