simTime,simData_0,simData_1,simData_2,simData_3,simData_4,simData_5,simData_6,simData_7,simData_8,simData_9,simData_10,simData_11,simData_12,simData_13,simData_14,simData_15,targetData_0,targetData_1
0.0,0.0,0.0,0.0,0.0,0.0,0.0,0.0,0.0,0.0,0.0,0.0,0.0,0.0,0.0,0.0,0.0,0.0,-10.0
0.1,1.8982608194064663e-05,8.477208301063559e-07,4.719395391007958e-07,2.741035300062303e-06,5.2780829406712896e-06,-1.3338338743735226e-05,0.0005622563054507729,2.5235276064289804e-05,1.318115692079838e-05,8.023081811240575e-05,0.00015251720795830337,-0.0003956669612959923,1.0,-1.0,-6.365340537743038,12.58338709628423,39.99971875032959,-19.850000351562255
0.2,0.0002812073108766845,1.1332629333548339e-05,3.8828312839813686e-06,3.0887325979546495e-05,6.361155355269394e-05,-0.0001727599873868032,0.004590750145328287,0.0001762651591631671,4.1911037716122433e-05,0.0004359557496278775,0.0009367182945276623,-0.0026381252799494432,1.0,-0.03812692314386368,3.0721298724693087,20.787728090773825,39.998875005273426,-19.70000281249209
0.30000000000000004,0.0011329415817936453,4.0737477232289934e-05,2.0027740395400907e-06,8.377592438128152e-05,0.0001899602510264487,-0.0005962742664452234,0.011102295552536744,0.0003546069013336818,-8.797246142107758e-05,0.0004514786865665917,0.001309716323341549,-0.00487036220611685,1.0,0.614176869392395,14.801282286606554,17.178837249105904,39.997468776696664,-19.550009492127433
0.4,0.002778461951927453,8.13516829634697e-05,-1.7506773484191943e-05,0.00010326978733392058,0.00033529506701282714,-0.0011373481388138361,0.020982212466735022,0.0004900686006896852,-0.00024195561945379498,0.00011915230677160065,0.0016976935077221208,-0.006196938225980411,1.0,-0.5023709535598755,16.744410970016567,27.257364486055238,39.99550008437437,-19.400022499746875
0.5,0.00588056932339329,0.00014557903203475049,-4.8007305178566184e-05,0.00013060861227635922,0.000573504493239848,-0.002015518148686192,0.03888162773236418,0.000853784063357248,-0.000326020341604003,0.00045716336525715385,0.002896232827104289,-0.010978843340178929,1.0,-0.44985610246658325,19.412553394398323,36.19998875062378,39.99296895599124,-19.25004394454003
0.6000000000000001,0.011237377202795874,0.0002564441805101589,-9.48886172730549e-05,0.00022734947241630145,0.0009196420074919359,-0.0036439707559592985,0.06402957767899761,0.0015836015506879274,-0.0005242261430851595,0.0014267814153214953,0.0036648504122318718,-0.020739668854301105,1.0,-0.7589852809906006,13.22913705711016,45.025400790904236,39.98987542714123,-19.100075935577856
0.7000000000000001,0.01950238585472172,0.000442177462228736,-0.00017023433268716667,0.0004271605109352673,0.0013035570475680956,-0.006564877968586204,0.09628967332298077,0.002734438253993346,-0.0007417881844739758,0.002295074573153645,0.003977887410581036,-0.03505027809822641,1.0,-0.24653485417366028,18.830758077645502,51.402236907393004,39.98621954132704,-18.950120581783004
0.8,0.03154823066089511,0.000697767572148233,-0.0002684170575720356,0.0006460099540477124,0.0017288366256592322,-0.010979628730485648,0.1377279486827246,0.004139140302250128,-0.0008310339098038807,0.0020876027539371853,0.004384344906652321,-0.05025807263077182,1.0,-0.22269868850708008,24.14584586387224,57.04126112091074,39.9820013499595,-18.800179991900173
0.9,0.04826679430423467,0.0009836725592895649,-0.0003826304357208082,0.0007882220166329747,0.0021848662409348378,-0.016916968612177626,0.1878529289932608,0.005756819153759267,-0.0008060749249177597,0.0011073909927269833,0.004563228720837597,-0.06540017746588106,1.0,-0.2256924957036972,28.91910045976604,62.154512202634784,39.97722091235686,-18.650256274466432
1.0,0.07046723256541132,0.0012208662490156062,-0.0005085035143225912,0.0008051309035596202,0.0026352899353922375,-0.024284568294186903,0.2454922433877833,0.007478140198624597,-0.000675887217098855,-0.0002041719406548691,0.004292548666918292,-0.07869660292299384,1.0,0.007747858762741089,35.327585028086425,65.25040576966492,39.97187829574395,-18.50035153778159
1.1,0.09882782096809233,0.0012852451626025236,-0.0006395097459065532,0.0006930592674115402,0.0030401646653542207,-0.03278854171525098,0.3097003389810343,0.009217310893332643,-0.0003917204902542279,-0.0012145151267194591,0.0037835903314309104,-0.08903285258285401,1.0,-0.1196751743555069,40.05830371103903,68.95279704127955,39.96597357525121,-18.35046788987853
1.2000000000000002,0.1339789336195733,0.0010268200448708754,-0.0007646315743756994,0.0005260174254571134,0.0033933227306051326,-0.04218808819690339,0.3798290765292244,0.011011635387870911,5.0607269948309486e-05,-0.0013887475220349325,0.003250688434400468,-0.09682797941939629,1.0,0.010372757911682129,45.41649863178294,71.37503442682666,39.9595068339137,-18.20060743849359
1.3,0.1764319299809373,0.00027328098265417243,-0.0008763095913886094,0.00037811716221972916,0.003690619742828568,-0.05218510381023159,0.4547758552969667,0.012874467180791929,0.0005969269370411142,-0.000852667231943525,0.0027256348185130514,-0.10182366591037001,1.0,-0.06152941286563873,49.68549139404395,74.09822059890205,39.952478162669834,-18.050772291036893
1.4000000000000001,0.22657356491573158,-0.001153960129947127,-0.0009723448145544148,0.00029640463968421744,0.00392580545938827,-0.06249553925496964,0.5326173544898812,0.014787191776012735,0.0011592868474618297,-0.0002407501178057159,0.001961336999998226,-0.10309666812769509,1.0,0.23901039361953735,55.57568401123389,73.93191852061904,39.944887660360216,-17.900964554562727
1.5,0.2844316681442937,-0.0034308061109900195,-0.0010548781980133136,0.00022143024335400698,0.0040431143082157546,-0.07251317698021963,0.6090097054933101,0.016458880122761824,0.0016863341661694916,-0.0005952714133363878,0.00047180244033393463,-0.09702445197708622,1.0,0.47143521904945374,61.86877777362017,70.75264506540326,39.93673543372614,-17.751186335739924
1.6,0.34977325291118055,-0.006691048326565546,-0.0011119143481373448,8.768191603278873e-05,0.004026121834243589,-0.0815771472060798,0.6844723251010675,0.017870093513274544,0.002361110780100301,-0.0010593220291360917,-0.0003291868655994254,-0.08654867955962312,1.0,0.07915531098842621,65.62757271195849,72.4376359685252,39.92802159740817,-17.601439740822215
1.7000000000000002,0.4226870527310555,-0.011029050618971336,-0.0011265821967556963,-5.194391793425557e-05,0.003992311898793465,-0.08952361135990743,0.7600735696657528,0.01905503746775021,0.0030285930414297216,-0.0011989770232164318,-0.0004781703482139413,-0.07379663079402586,1.0,0.48171696066856384,70.98764898605563,69.22411859078,39.91874627394447,-17.451726875618622
1.8,0.5028764566205955,-0.016478652212216376,-0.0011154235916141274,-0.0001740612975687802,0.003909088177450772,-0.09612309628312056,0.8320769523781697,0.02010617850509162,0.0034522962091259276,-0.0003690188072982911,-0.0010461200664616214,-0.06252525410933565,1.0,-0.45719078183174133,68.32699211369301,74.15922247979532,39.90890959376914,-17.30204984546385
1.9000000000000001,0.5901072849564035,-0.023003181647330437,-0.001089643990349931,-0.00011656584819684652,0.0037954787131611574,-0.10205299533317269,0.9028693683864141,0.021445640253006718,0.0037543539034064267,0.0013370321920284256,-0.0010404440927103671,-0.056531698570875456,1.0,0.26249024271965027,72.54573355028657,73.73359355968432,39.898511695210324,-17.15241075518866
2.0,0.684336484782657,-0.030637607486509573,-0.0010584354375812637,-7.981243547274326e-06,0.003710591898859003,-0.10707833659077749,0.9729027696589885,0.022406900361877147,0.003912700462777183,0.0009217353507119432,-0.000789781295890172,-0.04516964363269548,1.0,0.4219626486301422,77.03975643203627,71.34971906563139,39.887552724488295,-17.002811709090302
2.1,0.785416683705698,-0.039381845155228384,-0.0010371818006078004,-2.351720123853699e-05,0.0036471735628368918,-0.11071686788857711,1.0421944933161853,0.02284902812571426,0.003971851631438052,-0.0006003918131763284,-0.00041722753180761823,-0.030757077917961208,1.0,0.08646750450134277,79.39067768907918,72.91417892986986,39.87603283571341,-16.853254810902897
2.2,0.8934537281748851,-0.0491994252440629,-0.0010318354616513847,-0.0001537548695316949,0.0036477311052806947,-0.11300221490703898,1.112951552107589,0.022896939777672133,0.004022545629556395,-0.0015323053455368538,0.0002715579648933389,-0.017725638556617657,1.0,0.09102824330329895,81.5464605195308,74.28861582244292,39.86395219088391,-16.70374216376785
2.3000000000000003,1.0085121741126228,-0.060037875866079796,-0.0010523920728594198,-0.0003405092458528629,0.003692439626171353,-0.11397549962088825,1.1835943693724262,0.022350469269722235,0.00403992560122882,-0.0020416971595811507,0.00046066705840801004,-0.0039801790793232966,1.0,0.2754577398300171,84.55889955106534,73.70693899703674,39.85131095988366,-16.554275870204307
2.4000000000000004,1.1305029085637377,-0.0718189055289871,-0.001098947565101071,-0.0005669724845442346,0.0037256957152268667,-0.11342528035867523,1.2531707973749258,0.020943782341988414,0.004142102348035315,-0.0023842100338175585,0.0002410172229051225,0.011921445101247617,1.0,0.18586768209934235,86.8079257270106,74.12294688807197,39.838109320479774,-16.404858032079556
2.5,1.259363702257445,-0.08442239395411807,-0.001153076353532768,-0.0007851140050005383,0.0037414790350063874,-0.11129903814012439,1.322148503702375,0.018712150460661273,0.0044373870648254255,-0.00205656179372209,9.903902131183282e-05,0.02715353529897951,1.0,0.06853660941123962,88.09733415260607,75.57475050424499,39.82434745832007,-16.255490750579483
2.6,1.3950352745014298,-0.0976900209245397,-0.0011966726453893832,-0.0009133008971962848,0.003747704611413089,-0.10784759682263727,1.3901644166221154,0.015890162573280273,0.004853641756285533,-0.0008648220638130676,-2.689143044442425e-05,0.03871756018339361,1.0,-0.061024393886327744,88.26982373178448,77.89087922323027,39.81002556693052,-16.10617612617902
2.7,1.5373864312327,-0.11144448054246223,-0.0012230588084797497,-0.0008842339947699384,0.0037330314901120884,-0.1035607394718031,1.4563531975707555,0.0128415149091846,0.005262713027843567,0.0008161892950680534,-0.0003210698288398025,0.04485693501722689,1.0,-0.13408543169498444,87.78193001402501,80.47010476873602,39.79514384771249,-15.956916258612615
2.8000000000000003,1.6861062461660978,-0.1255065227926085,-0.0012337146744053047,-0.0006721436522585324,0.0036526612922120334,-0.09910074952072666,1.5175742522787201,0.010122602841668141,0.005539777998274537,0.0028157782271488606,-0.0013719440625613703,0.042865792076297114,1.0,-0.4475495517253876,83.66114205807234,84.2922681871624,39.779702509939895,-15.807713246844697
2.9000000000000004,1.840583716604735,-0.13971826220559724,-0.0012207065050359824,-0.00027397040243947384,0.0034562923675163885,-0.0953476431018641,1.573600970216918,0.008275916355549983,0.005804179513111583,0.0042713393617557225,-0.0021512595143698523,0.03377243915312514,1.0,-0.1556476205587387,83.41387604213526,86.38906914235136,39.76370177075631,-15.658569189040158
3.0,2.0006182908815964,-0.1540707622593678,-0.0011640075900168632,0.0001437946445790615,0.0032646584901072392,-0.09254820002776452,1.6287259941002614,0.007153876794671864,0.0060976298971592395,0.0036852296727105643,-0.0016701905355124686,0.024286170470287863,1.0,-0.054681241512298584,84.08932473373595,87.62131753818956,39.747141855171854,-15.509486182534854
3.1,2.166075599882794,-0.16861185686553973,-0.0010824258642669283,0.0003822336868895329,0.0031287718119370448,-0.09052714792881451,1.6819549879461455,0.006397833814107438,0.006118510053293297,0.0011341011481827389,-0.0012388536731912504,0.018500731079119793,1.0,0.24440006911754608,86.70194753425336,86.09827230242476,39.73002299606008,-15.360466323806106
3.2,2.3364787711835686,-0.1833784194869901,-0.0010159993566327791,0.0002573430672606562,0.0029506162455010037,-0.08851570287563039,1.7275098179154322,0.005049204228418346,0.005718402223691876,-0.0031774460538927874,-0.0024995467092741837,0.02320532863142471,1.0,0.573360800743103,90.29724493975793,79.35399655268417,39.71234543415465,-15.211511708443222
3.3000000000000003,2.5108797066434576,-0.1983053139994703,-0.0009632824174334686,-0.0003014148146106006,0.0026179637562953875,-0.08539072032723356,1.7656895545559248,0.0022598729962381354,0.00536118663825639,-0.006928331813731948,-0.003458898077498502,0.036758538175130154,1.0,0.22969691455364227,92.23657824391111,78.78101505797497,39.69410941804599,-15.062624431118028
3.4000000000000004,2.6875239334862946,-0.21312465727893432,-0.0009032763252893358,-0.0009867550021328774,0.0019044553221192126,-0.08108780032887646,1.7648077249068188,-0.0014367944807452122,0.004323233233057167,-0.006174260521331109,-0.012278974322734853,0.04552705869521779,-1.0,-0.21398431062698364,72.84398231963331,63.99746413364272,39.67531520417778,-14.913806585555403
3.5,2.8594747712557185,-0.2271441799794258,-0.0007497818338401945,-0.0013210264951554777,-0.0001934588819408363,-0.07650034068119456,1.6918197929999967,-0.00500311849391555,0.0032744535807106077,-0.0012698186441454865,-0.025879484194545818,0.045338079706672606,-0.8526229858398438,-0.12390601634979248,56.43994697364803,50.526576476772846,39.65596305684333,-14.765060264503854
3.6,3.0223645182508627,-0.2400443421783042,-0.00016540224032524867,-0.0011945901163643604,-0.0028358971941941807,-0.07190340712173414,1.5974595777330103,-0.008506400820247608,0.0043374096847373965,0.002404564117540752,-0.02399382849314527,0.048208357804140005,1.0,0.6934744119644165,63.207125756570576,42.25624970752698,39.636053248181916,-14.616387559706064
3.7,3.1768882916496994,-0.2519422713205825,0.0008793189817862297,-0.000943079384103749,-0.004400426491816841,-0.06653127064017324,1.520962520805784,-0.012421360854334852,0.004886987209677055,0.0027914304736359,-0.009614322957231322,0.05665364635518291,1.0,-0.18110227584838867,64.67894331843473,48.54225239735579,39.61558605817488,-14.467790561869496
3.8000000000000003,3.324743126690728,-0.2629073148391719,0.0018716400095175703,-0.0006640040367853329,-0.0046579065613053154,-0.06081516961718815,1.4571005265871313,-0.015729198109405096,0.0013446173196496186,0.0034712288810511815,0.0006081452027668862,0.05536460344867679,1.0,-0.6318607330322266,56.301558644940336,55.9424912031232,39.59456177464174,-14.319271360636986
3.9000000000000004,3.4666788807974402,-0.27297292548034785,0.0022914084801955443,-0.00028801345891309806,-0.004356531015332396,-0.05581388277645953,1.4026445544972355,-0.01797894084343655,-0.004779325239344714,0.003978236247438709,0.004379003568268387,0.04699193298066664,1.0,0.11027470231056213,60.80300305348243,58.77729437087954,39.57298069323614,-14.17083204455735
4.0,3.6043612253037534,-0.28233229350135425,0.0020790216423424625,1.4184147071905081e-05,-0.0037376044116376565,-0.051481238566683594,1.3669953137650788,-0.019761898760475963,-0.009490205778424776,0.0025550449218121156,0.007351711231432927,0.040864676276351285,1.0,-0.08745813369750977,63.37217801152735,62.88955341130973,39.55084311744169,-14.022474701056026
4.1000000000000005,3.739497387075097,-0.2911549900210194,0.0014769707481888396,0.0001288363197361624,-0.002839780172931907,-0.04768827044962073,1.3473211779269354,-0.021264676468418876,-0.01091955356453562,0.00030707203273422096,0.00997891986364898,0.03661741360398462,1.0,0.21325546503067017,67.8100328200507,64.06898903739666,39.528149358567674,-13.874201416405716
4.2,3.873436297710988,-0.2995700769603173,0.0007793977136337586,4.3251964648393184e-05,-0.0017528645162557717,-0.044240782327548474,1.3393020035688181,-0.02259986134172324,-0.009441729047998726,-0.0011161123752755004,0.01116308930985077,0.03205116297255541,1.0,-0.40459001064300537,66.24404935166828,69.31376553541787,39.504899735744715,-13.726014275697036
4.3,4.00714606888629,-0.3076482553873332,0.00018530807173388074,-3.924390132608862e-05,-0.0006571143622213945,-0.041581924425158116,1.3408253408299033,-0.02335833313457815,-0.006414201363056272,-0.0004245095222579524,0.01069461430982756,0.022790895336683804,1.0,-0.1575264036655426,67.65231646685982,72.86101724866924,39.48109457592024,-13.577915362809215
4.4,4.141651956647651,-0.3155002385964065,-0.0002248691263694682,-6.756716285720364e-06,0.0003298046649793299,-0.03989509447825393,1.3526268992111432,-0.023619204941826764,-0.0031670093621667954,0.000829076839860623,0.009181563945449788,0.012950720638266622,1.0,-0.09293783456087112,69.51560996203897,75.65696825434517,39.456734213853906,-13.42990676038077
4.5,4.277875385948682,-0.3232440050169161,-0.00047019225684505534,0.00012219261617834026,0.001111448138336548,-0.03911311427568923,1.3729666929269027,-0.023482576056763987,-0.000585875536524158,0.0013998323781272248,0.006829658658225379,0.004964206758510186,1.0,0.11610876023769379,72.7852672840291,76.5451479560561,39.43181899211293,-13.281990549780236
4.6000000000000005,4.41656540167871,-0.3309871964983244,-0.0006062606708154386,0.00023767483296183108,0.0016463929264095513,-0.03893077767688761,1.4003573928098172,-0.023143106669412165,0.0011392334095408972,0.0009162626594700515,0.004422614610515676,-0.00011462569611105371,1.0,0.004292972385883331,74.95274347041016,78.28524299461586,39.40634926106719,-13.134168811076885
4.7,4.55829259783283,-0.3387960289980658,-0.0006805850934527487,0.0003127999095174452,0.001957403353621829,-0.03933462208558053,1.4319603766386069,-0.022342305360760796,0.0021618269653069255,0.0008820028100010144,0.002208010956967431,-0.007685706378804023,1.0,-0.4080659747123718,72.65153463496912,82.17706753021574,39.380325378884365,-12.986443623011484
4.800000000000001,4.703299636978608,-0.34671682748610283,-0.0007181817978505574,0.0004523661655509683,0.0020812167277652503,-0.04083744718452937,1.4660844185005242,-0.02064730857557241,0.0028036862980374867,0.001776764534103195,0.000808561363121591,-0.020058360756869238,1.0,-0.1825150102376938,73.20203931659249,84.63566506416757,39.35374771152486,-12.838817062967054
4.9,4.8519617428398565,-0.35486493635552363,-0.0007229030512189566,0.000654284597691775,0.002149909279442614,-0.043581828438557714,1.5043254185109116,-0.018172301183285642,0.003275342607892477,0.0021440787142362494,0.0006951457502302803,-0.032083562975712736,1.0,-0.06379565596580505,74.78236813924636,86.10068632656106,39.326616632736695,-12.691291206939663
5.0,5.0046305290244195,-0.36338287152533316,-0.0007143271202965509,0.0008370603672595212,0.0022377935321009836,-0.04741142318666182,1.5457459245021652,-0.015051211087498618,0.0035073904379516307,0.0016777158868065273,0.0009489422744941532,-0.04223919569401423,1.0,-0.08835122734308243,76.0006493214828,87.593762484298,39.298932524050215,-12.543868129509232
5.1000000000000005,5.1615467288345815,-0.37240700570456037,-0.0007207878833674513,0.0009505445950756984,0.002341567253728175,-0.05218918610238684,1.5891939000700748,-0.011322896114699148,0.0035246773472817927,0.0009765883068551101,0.000982286969500886,-0.05144786187284075,1.0,-0.14670057594776154,76.57397899573073,89.31891394022281,39.27069577477275,-12.396549903810357
5.2,5.3228202775725135,-0.38206526069871727,-0.0007560715521770689,0.001019255725914422,0.002426811925948938,-0.05792902740902269,1.6330894466596158,-0.006879048295328916,0.003487003046508215,0.0008665831899215333,0.0006053026422514216,-0.061763304901685016,1.0,-0.30671143531799316,75.41516491519283,91.73195919063802,39.2419067819831,-12.249338601503156
5.300000000000001,5.4883556416185115,-0.3924948539694415,-0.000810009463374577,0.001081554363954072,0.002451614077836707,-0.06462586015396882,1.6752547667583104,-0.0019157246029075285,0.0035584086138771916,0.00044724180929125464,-0.0001533360936727915,-0.0689078431433564,1.0,0.2968484163284302,79.11853136797046,89.23143369727974,39.21256595052601,-12.102236292744147
5.4,5.657526231461864,-0.40383432637631983,-0.0008596422765190031,0.0009510091295293562,0.002302710264861896,-0.07119015434374087,1.7058410278567466,0.002217078582608812,0.0036027194132510418,-0.002692885252194078,-0.003075069435067234,-0.06056280668960148,1.0,0.6498103141784668,83.61969359402426,78.05866265630668,39.18267369300646,-11.955245046157119
5.5,5.828848602834086,-0.4160401957185039,-0.000848245927985165,0.0004354197983425593,0.0018549933968573793,-0.076095359692607,1.7261551090526288,0.004593140913349116,0.00399602388322895,-0.006174836151302707,-0.004596690598064702,-0.04175361187390663,1.0,0.12058195471763611,85.56298879621271,78.6755829059578,39.152230429783806,-11.808366928804055
5.6000000000000005,6.0024540369250055,-0.42898592836336513,-0.0007019926416125284,-0.00022262298911650573,0.0015313884634627758,-0.07924193750768302,1.7511168196708804,0.005643373067833889,0.004666711780496933,-0.006375196302004147,-0.0021552380198712313,-0.024654035877605958,1.0,0.18543973565101624,87.71308909422899,78.61843984765778,39.12123658896594,-11.661604006156063
5.7,6.1786215089971845,-0.4425461406545377,-0.0004985647504662503,-0.0007727900913813418,0.0014415093968781546,-0.08059789661182717,1.7771316383274922,0.005195631532398796,0.004497468033165095,-0.004850202452602359,-0.00035950354308407164,-0.005417686887886349,1.0,0.42363500595092773,90.75584940567786,75.7407268729873,39.08969260640324,-11.514958342064322
5.800000000000001,6.35730954985405,-0.4565437646578148,-0.0003636639548701215,-0.0011294221250191213,0.0014255934244059272,-0.07993803565715596,1.8026573051983432,0.003288955287684594,0.003480102903413632,-0.002454043477906591,-0.00011621603289111728,0.01341420208748682,1.0,-0.18250130116939545,89.56704097362257,78.81764384809574,39.05759892568244,-11.368431998731065
5.9,6.538556217974299,-0.4707548020771088,-0.00034127981758386736,-0.0012136377604052711,0.0014016099747865265,-0.07766814113137052,1.8279664148208934,0.00038635052280440603,0.0023906028123990477,-0.00019414417944403715,-0.0004545980485912583,0.029753253926897653,1.0,0.4395862817764282,92.48785942966535,75.681575759523,39.024955998120404,-11.222027036680583
6.0,6.722244154278653,-0.4849738393153279,-0.0003952845515831214,-0.0011781944114647887,0.0013425999627450622,-0.07369535852442938,1.851947902582308,-0.003588917848603742,0.0018328973904647185,0.0007462385757749119,-0.0006572652161541024,0.04481126927347664,1.0,-0.2597183883190155,90.33158608895535,79.17984837969493,38.99176428275774,-11.07574551473024
6.1000000000000005,6.908322151821914,-0.49896867070930684,-0.0004574495458183994,-0.0010642168341622685,0.0012987699108907523,-0.06860675075419766,1.8752030996026798,-0.008076245421589568,0.0019065026879107043,0.0008924616337742392,-0.00038005622364614575,0.055742218856420514,1.0,0.4142093360424042,93.08863176901333,76.38499881681194,38.95802424635243,-10.929589489961531
6.2,7.096739193308092,-0.5125799444757893,-0.0004880095283910797,-0.0010474854939009407,0.001298546010233877,-0.06228573961577476,1.898590593408028,-0.013432401594005001,0.002293145829372027,-0.00037255487173137045,0.00022472624042105933,0.0673457173698151,1.0,-0.03721021115779877,92.97809030041726,78.45264962476655,38.92373636337315,-10.783561017691143
6.300000000000001,7.287630379404204,-0.5256376104867921,-0.0004884192271390218,-0.0011394774145806882,0.001361351785202309,-0.055009757460319886,1.9230153181934586,-0.019396542385459056,0.0026107657342901826,-0.0015475058911619717,0.0006425553440385127,0.07682981563936245,1.0,0.34122464060783386,95.1920465012466,76.6976993500658,38.88890111599272,-10.637662151442061
6.4,7.481021590412037,-0.537999715697294,-0.00048748115427325655,-0.0013430864939428914,0.0014307791130617204,-0.04674383994696978,1.9477278501869946,-0.026126970614111598,0.0026949832237185035,-0.002314497922598258,0.0005643337095069876,0.08579451678510719,1.0,-0.001546710729598999,95.16180470632742,78.46820729672693,38.8535189940812,-10.491894942914687
6.5,7.677028238030792,-0.5495105668646912,-0.000499773798118823,-0.0015193189171413654,0.0014937643794857593,-0.037901305012622934,1.9736345421065717,-0.03310844284419728,0.0026894472193318957,-0.0014126732699736866,0.00045374083125771604,0.08950173477112597,1.0,-0.05266213417053223,94.72528871069956,80.44711852132478,38.81759049519912,-10.346261441957992
6.6000000000000005,7.8756525520316645,-0.5600498427132388,-0.0005271544294320221,-0.0015171839445369145,0.001522728996422778,-0.0290703295549968,1.998143929819208,-0.03976716578326075,0.0026612794003710053,0.0009835030477915044,-0.00018660082966223787,0.08615568390717672,1.0,-0.3529525399208069,91.26006737360827,83.91447205602284,38.78111612459039,-10.20076369654068
6.7,8.075121664864723,-0.5695250130674908,-0.000579821177837203,-0.0012624162759979846,0.001072921168157702,-0.02089277837157032,1.9837547780624931,-0.045681171536340326,0.0018064723930364605,0.0030468682106321674,-0.010026213355999729,0.07952562553728333,-0.7354021072387695,0.23259790241718292,77.14745913690699,66.15790843019133,38.744096395175255,-10.055403752722397
6.800000000000001,8.270023674169035,-0.577886598798308,-0.0005125283156775463,-0.000923875071573907,-0.0005028931653769631,-0.013268057213666015,1.9302513046853436,-0.050907367550411524,0.0018178774464096587,0.0034977269880690524,-0.016693461709013258,0.07337290172923129,1.0,-0.2811475992202759,76.22723978694651,70.67636976969338,38.706531827543046,-9.910183654624962
6.9,8.46064785473802,-0.5852370652882134,-2.2723364789893028e-05,-0.000598045746449159,-0.0017279141961259175,-0.006423613865008778,1.893444372070636,-0.055182300223948544,0.003446122347712748,0.002999535349836642,-0.0084419780519854,0.06544828880225416,1.0,0.017471274361014366,78.16393965562338,72.87723323835382,38.66842294994487,-9.765105444403607
7.0,8.648395895634756,-0.591709630911033,0.0006789674291844465,-0.0003748252109126616,-0.0020192877366776753,-0.00038508213543244035,1.8681974312130332,-0.05862421674376441,0.0029268413406777025,0.0020535615202204203,2.596549952061148e-05,0.05616489424470755,1.0,-0.37293779850006104,76.03243811613297,77.15341785634169,38.6297702982862,-9.620171162218277
7.1000000000000005,8.834123993225475,-0.5974145770262806,0.0011469903568655424,-0.0002034096016830809,-0.001784750147373144,0.0045028156398587696,1.851221209114855,-0.06103423883358525,-0.00046438775039490704,0.0015936536530610306,0.0033191451010197368,0.044325967217268315,1.0,-0.039452146738767624,77.5424139563953,79.1635655012427,38.59057441611931,-9.475382846204921
7.2,9.018761947116232,-0.6024967891469901,0.0011653721359888552,-8.409824692820283e-05,-0.001409953314206829,0.008299476680730628,1.8437353052125904,-0.06269734261908212,-0.004310484372628726,0.0010741040756528323,0.003851852881649506,0.03372081493027623,1.0,-0.11851687729358673,78.22766471490927,81.52175679677393,38.55083585463565,-9.33074253244685
7.300000000000001,9.203171641791647,-0.6070813737088705,0.0008284232237793529,-1.7548330730022147e-06,-0.0010054826555624431,0.011076410688272522,1.8445098374446578,-0.06368919527919263,-0.006250360212077455,0.0006904144031213512,0.004269932847854538,0.024149867971629574,1.0,0.010576377622783184,79.92012271535815,82.73478647601418,38.51055517265807,-9.186252254946094
7.4,9.388098898395205,-0.6112796308879042,0.00037021524089147573,4.925208727183068e-05,-0.0005195335903083903,0.012983366389610371,1.8521695646907346,-0.0641255463423763,-0.005701242794213305,0.00050937760419586,0.005280474316446665,0.01550999218696302,1.0,-0.14012888073921204,80.17837125401145,84.88626803828873,38.46973293663302,-9.0419140455948
7.5,9.574043559135042,-0.6151900610714518,-2.893256737649709e-05,7.871819344152567e-05,3.569157611875522e-05,0.01415161937263811,1.863140400763701,-0.06423377735716052,-0.003665254042132811,-0.00010969450561082683,0.005487670724813354,0.010568785367281692,1.0,0.3868791460990906,83.80795088121958,81.92330491106517,38.428369720622506,-8.897729934146652
7.6000000000000005,9.761163631113412,-0.6189096523372384,-0.00030071314846085996,-3.379721394718839e-05,0.0005368849647328641,0.015336348349227496,1.8758766323228824,-0.06476394145228954,-0.0013351501362038904,-0.001792296375672203,0.004678160674033549,0.013172671846615587,1.0,0.18265438079833984,86.11065788655306,81.58161245957753,38.386466106296076,-8.753701948188347
7.7,9.949751794029991,-0.6224429269692263,-0.00044656632749171655,-0.0003015078813949371,0.0009344042616870263,0.017027590504930787,1.8913655386522679,-0.06597174889567133,0.0005743292945848458,-0.0032705500425349397,0.003399862485288102,0.020187357025390797,1.0,0.3266422152519226,88.92129550518749,79.70450698176856,38.34402268292261,-8.609832113111063
7.800000000000001,10.140009483428834,-0.6257369201368921,-0.0005065567710869399,-0.0006661303580423546,0.0011889727870423759,0.01960385756708891,1.9090329084666864,-0.0680373116858915,0.0018028637792485071,-0.003634108627512428,0.00204035732892456,0.029005066758904272,1.0,-0.018475446850061417,89.36126574056426,81.31464969158625,38.301040047362065,-8.466122452081983
7.9,10.332214958648347,-0.628675149283368,-0.0005183395592477903,-0.0009283510481760733,0.0013341894093588196,0.02278766951057981,1.9291492429828696,-0.07040082921696517,0.002459769554411595,-0.001707231701760111,0.0010222309299835633,0.03274914306156587,1.0,-0.21787792444229126,87.9497570501741,84.05373260149048,38.25751880405703,-8.32257498601585
8.0,10.526503186241074,-0.6311722940739863,-0.0005121070928870423,-0.000940550476115667,0.0013891788726067033,0.026129979826267677,1.950202029237779,-0.07278518400483701,0.002722556992241539,0.0006033091277600699,0.00023235681424935628,0.03458345501347098,1.0,0.2540495991706848,90.24076791961295,82.76951903473244,38.21345956502428,-8.179191733546535
8.1,10.722961007864333,-0.6331889735621933,-0.0005007635113588787,-0.0008105979482210265,0.001391270165395216,0.029779375314762848,1.9721134352746583,-0.0753350719220765,0.0028056700361924303,0.001670472063796006,-0.00011010824216312966,0.03699063848190609,1.0,-0.17330901324748993,89.19144084774612,85.11768833663577,38.16886294984613,-8.035974710998667
8.200000000000001,10.921686701556295,-0.6346542264470438,-0.000488461758470731,-0.0006114335488243324,0.0013857515035648302,0.03346769260151399,1.9951632895519118,-0.07769677415509367,0.002830935994673022,0.0018738512613316412,-1.010862581620999e-05,0.037129396469070305,1.0,0.11775687336921692,90.58127604387286,85.08199301302214,38.12372958566175,-7.892925932359267
8.3,11.12276391699908,-0.6355417551642106,-0.000481692255748971,-0.000502743210424169,0.0013922019777746508,0.0373704361476045,2.0184175994819333,-0.08032269519607098,0.0027889993864704254,0.00021384550089877206,2.726403387881299e-06,0.041097980398163626,1.0,0.3088362216949463,92.88272952149194,83.0808067430536,38.078060107158336,-7.750047409249422
8.4,11.326126539675188,-0.6358105452320356,-0.0004856246043157278,-0.000628555311505729,0.0013852045238859207,0.04194451310963177,2.041044311508437,-0.08365406914384262,0.0027164774213835584,-0.002302424440927763,-0.00012061296221792386,0.04904167805836022,1.0,0.20246952772140503,94.42578283206181,82.4301330948372,38.03185515656217,-7.607341150896014
8.5,11.531711568715902,-0.6353672962848145,-0.0004939867993462608,-0.000978361370773099,0.0013617595205308375,0.04747730175424508,2.062174440122308,-0.08797196366270817,0.0026577805688095743,-0.004389307939003092,-0.0004941573498362448,0.06032641969988875,1.0,0.43317508697509766,96.85743154627428,79.04435752745368,37.98511538362961,-7.464809164103448
8.6,11.739232440999016,-0.6340951742609853,-0.0004966188188175092,-0.0014916498714994514,0.0012857298741029452,0.05441567346668774,2.0804080151298034,-0.09369196917731948,0.0026300244922084345,-0.0055842379316027825,-0.001010166348033074,0.07567564416401802,1.0,0.3756583333015442,98.84045461553075,76.79245453462677,37.93784144563795,-7.322453453225435
8.700000000000001,11.94851532834062,-0.6317960997753937,-0.0004755643541452299,-0.0019857654531273503,0.0011929130419005532,0.06275235589883339,2.097402913046561,-0.10039245222629782,0.0026716461512985104,-0.004143577575879797,-0.001054388804726373,0.08686570519077512,1.0,-0.19272524118423462,96.77350700413956,79.82674357368019,37.890034007376144,-7.180276020136818
8.8,12.159483466657903,-0.628259325076774,-0.00043004483572725756,-0.002184879592563706,0.0011222905525197255,0.0717424814901765,2.114093693423996,-0.10730530185759825,0.0026813465837385053,-0.0008323196318015782,-0.0007505607169750527,0.09218018371189116,1.0,0.25726988911628723,98.23299199838556,78.91365692316319,37.84169374113552,-7.038278864205408
8.9,12.372153396040284,-0.623356074880338,-0.000378986883230029,-0.0021045255756338296,0.0010911868157370257,0.08124742358322963,2.1312676308157954,-0.11439499244923809,0.0025579883244413655,0.001650151724921207,-0.0003664133068812419,0.09622828771428987,1.0,-0.04210299998521805,97.5883302724267,80.77391535085857,37.792821326700285,-6.896463982263864
9.0,12.586581875992449,-0.6169536853383478,-0.00034648221516920614,-0.001840708559411833,0.0010917154850240403,0.09092229818991532,2.149212272763196,-0.12122413226708706,0.002321217245219446,0.0028528468070711296,-8.640262547757259e-05,0.09700057067232376,1.0,0.08334463834762573,97.94378716323477,81.45995781878324,37.74341745133794,-6.754833368581629
9.1,12.802828694846593,-0.6089654622468004,-0.0003446604101588441,-0.0015743802140814923,0.0011091287168813677,0.10065335633474493,2.167776838380374,-0.12785068833877616,0.002084177664701949,0.0021258361769690257,4.804843559561672e-05,0.09757759156758877,1.0,0.12640006840229034,98.547911378933,81.69704118018423,37.69348280978968,-6.61338901483688
9.200000000000001,13.020921107859936,-0.5993232768904084,-0.00036865132400802945,-0.0014549122474725414,0.0011321778258829933,0.11044302226941709,2.1866462778036553,-0.1343475595377311,0.001959782288519226,0.000356447091727006,0.00010374747817240996,0.09798022707090663,1.0,0.07493568956851959,98.75364002300545,82.36667227730464,37.64301810426058,-6.472132910088499
9.3,13.240862246787968,-0.5879690744308834,-0.00040299531123789994,-0.0015112340357897047,0.0011585505403697897,0.12025145586110816,2.2055409024933192,-0.1407758297707305,0.001987902669467494,-0.0013190493932722553,0.00011997979049537028,0.09829660770280717,1.0,0.15396162867546082,99.45080730763121,82.25979229029761,37.59202404440971,-6.331067040748142
9.4,13.462607104794548,-0.5748650365870259,-0.0004332531366893112,-0.0017050755472243766,0.0011805221766297935,0.13017390326395165,2.2238368871322747,-0.1473431946941309,0.0021122075752621765,-0.0024662016975360874,-3.552944231285841e-06,0.10015227184841442,1.0,0.23262456059455872,100.52614040501338,81.37686093372425,37.54050134734023,-6.190193390552267
9.5,13.685954114941493,-0.5599732452100656,-0.0004519498483168599,-0.0019180922682722915,0.001158348270440348,0.14015475254916446,2.2387566412500557,-0.15374801443889682,0.0022001970262146716,-0.0015910463212332553,-0.0008378115780364158,0.09788485075403455,1.0,-0.3752239942550659,96.21601503393084,84.84551892532536,37.4884507375892,-6.049513940534258
9.600000000000001,13.910463846719631,-0.5433052748216761,-0.00044562512253911785,-0.001897032068167319,0.0010459366667026845,0.14942013592881687,2.250665328202489,-0.1591921020440131,0.002338693914243568,0.0011827877230882098,-0.0013816867912103917,0.08931127713856374,1.0,-0.009264912456274033,96.02747813964717,85.89218062096519,37.43587294711745,-5.909030668996564
9.700000000000001,14.136129677251283,-0.5249341073719801,-0.000396531342040952,-0.0016687287337819239,0.0009498862448293202,0.15795776047630575,2.2634632052725183,-0.16397506722020705,0.0025283635071435113,0.00255831633119985,-0.0008945283704514606,0.08339446194688381,1.0,0.16463470458984375,97.05062988731012,85.34459627958822,37.38276871529932,-5.7687455514828745
9.8,14.362974692508581,-0.5049210297667863,-0.00032942141927115836,-0.0014426518508589019,0.0008999473448089998,0.1661750286102591,2.2762162951216864,-0.16848837418702842,0.0024622363811360663,0.0016593053832417107,-0.0005088861266266919,0.08193930866342435,1.0,0.21972358226776123,98.28778611273368,84.29993254139748,37.329138788912175,-5.628660560750344
9.9,14.590959843681455,-0.4832785507906011,-0.00028036309231128833,-0.001394846813344465,0.0008659967738292936,0.17444749246961053,2.2886841066034447,-0.17303698618232022,0.0021242411084999267,-0.0004727836315859065,-0.000438749476293603,0.08343489200253769,1.0,0.16416066884994507,99.09094898408406,83.90988957950833,37.27498392212597,-5.488777666741846
10.0,14.82007028181049,-0.4599663928098848,-0.0002622588352935723,-0.0015406986873633011,0.0008366438179336325,0.182891798612389,2.301277727441309,-0.17766810906854286,0.0017397058356696093,-0.002043621097761433,-0.00038505621798251853,0.0848534141764258,1.0,0.045043714344501495,99.03383615922785,84.61729652199433,37.22030487649264,-5.3490988365582695
10.100000000000001,15.05027581143475,-0.43494175896428555,-0.0002671241824404036,-0.001775941553004639,0.0008103314641865321,0.19148114767503358,2.3131567966139124,-0.18245042490244334,0.0014665927563796055,-0.002656729566581634,-0.00047447202164318863,0.08722927025791409,1.0,0.31404340267181396,100.54676139198706,82.59931366454248,37.165102420935355,-5.209626034430867
10.200000000000001,15.281411222057692,-0.40819338438366776,-0.0002783510954063454,-0.002054847999958331,0.0007666366833713545,0.2005388774310339,2.3233543003031483,-0.18775495298597392,0.0013437202512375916,-0.0029267875347841307,-0.000674134509019571,0.09309386841569818,1.0,0.28608256578445435,101.78477890660425,81.09945901058833,37.10937733173773,-5.070361221693618
10.3,15.513353778152542,-0.37964554625771113,-0.0002763412066613825,-0.0023200815369142395,0.0007226654206941397,0.21023842331053819,2.3329510716745574,-0.19354504188500685,0.0013634392556667848,-0.002455852733263068,-0.0005802682268038085,0.09936909472907822,1.0,0.1647043526172638,102.2551879632234,81.01168540379672,37.05313039253293,-4.931306356755655
10.4,15.745677248172662,-0.349244245500451,-0.00026343520455066424,-0.00240760044308623,0.0005964402052186831,0.22008114785063337,2.3328678280298676,-0.198811085010849,0.0011504216101102408,0.0007528140338122696,-0.0028115699604607286,0.09462843569726624,1.0,-0.5951930284500122,91.8601500040073,85.20774806138239,36.996362394292596,-4.792463395073728
10.5,15.976945576100375,-0.3172650271335052,-0.00021776522881186358,-0.0020522164956005965,0.00018115517083012664,0.22870247791966827,2.3220014643616578,-0.20240111565247754,0.0010329582080857733,0.0047781526449203375,-0.004630715932636018,0.08204811603682564,1.0,0.2767067551612854,93.88772108164854,83.56299504066888,36.93907413531578,-4.653834289124692
10.600000000000001,16.20715480632528,-0.2838802519522988,-6.724466278251276e-05,-0.0015199172009232912,-0.00017352894361208324,0.23642900922999963,2.3142995456182436,-0.2050390751583169,0.0012679679290487408,0.0054722318846928625,-0.0028575536245427414,0.07344356884726537,1.0,-0.24607786536216736,91.74463212469267,86.23482246581037,36.88126642121767,-4.515420988378072
10.700000000000001,16.43655739758912,-0.2491395630854548,0.00013422359596896964,-0.0010382131406180771,-0.0003167640486145712,0.2432051284981024,2.3093166241377556,-0.20656450153290995,0.001008879544688567,0.004019679179183369,-0.0006881393434016729,0.06473725070986494,1.0,0.1378897726535797,93.01654796321102,85.90719303857054,36.82294006491829,-4.377225439268621
10.8,16.665454248476234,-0.21310340955330032,0.0002741561074757265,-0.000837296868655681,-0.00030018214713026334,0.24943652028528573,2.3071941618666676,-0.20772518478575044,4.066877698805468e-05,0.0005534032173378169,0.0004609067323974028,0.06141892740173572,1.0,0.21177703142166138,94.59811445935628,84.89026281622778,36.76409588663107,-4.239249585168977
10.9,16.89405807677419,-0.17579914101723035,0.00028866364364663153,-0.00100171685935638,-0.00023375407328301813,0.2556274457416284,2.306849950908437,-0.20908954215524153,-0.0011194450209136657,-0.0029621665881555933,0.0006335974445735792,0.0628001158161692,1.0,0.24637195467948914,96.211207236019,83.60848788937719,36.7047347138513,-4.101495366362313
11.0,17.12249506329356,-0.13720251727017632,0.00020239924413808263,-0.0013940354574928015,-0.000166513891682258,0.2619916157554853,2.3075023839610114,-0.21068382121471058,-0.0017944919485127925,-0.003967907383694334,0.0005760946087312109,0.0631453724365634,1.0,-0.21657326817512512,94.15501581852583,86.12011020528341,36.6448573813445,-3.96396472001506
11.100000000000001,17.350826076137654,-0.09727648894364943,8.658200762985262e-05,-0.0016619969916305511,-9.098930546679904e-05,0.26799377120963813,2.30899508049944,-0.211802617355932,-0.0017049037629862714,-0.001483179544943214,0.0007748362228045493,0.05736687804374465,1.0,-0.1837424635887146,92.62738381830579,88.20693263166332,36.58446473113465,-3.8266595801496663
11.200000000000001,17.579087082444524,-0.05607921924189417,-3.7164441097932755e-06,-0.001641567207306958,-2.3677423871690796e-06,0.27344546080428084,2.3098168496163614,-0.21256012000939947,-0.0011441328324008702,0.0009273382312709024,0.0006627165233565677,0.05419262729831141,1.0,0.4320487678050995,95.22786294272383,84.28305872310193,36.523557612492425,-3.6895818776173996
11.3,17.80706347163946,-0.013741414166321029,-5.246962126564963e-05,-0.0014967514616956727,3.5990534126810055e-05,0.27888898028934916,2.3081561438630764,-0.2133042184045756,-0.000554161738460976,0.0019401003073926616,6.031174579851794e-05,0.053251204277836126,1.0,-0.333816260099411,91.95237958067662,87.30058483130189,36.46213688192316,-3.5527335400711877
11.4,18.03456071293327,0.02970594025718208,-5.6401391215288034e-05,-0.0011973261597349977,1.2547041668948428e-05,0.2836781405205324,2.3046256748045804,-0.212944070875391,-9.513741257784005e-05,0.003775272043567447,-0.0005704947358534104,0.04315050695756037,1.0,-0.4197041690349579,87.85099120428652,90.36882913580942,36.40020340315486,-3.4161164919385314
11.5,18.261458160337476,0.07413310111253144,-2.1704327905504752e-05,-0.0007473859120696864,-5.022998710479505e-05,0.2872084063472249,2.3013045701094583,-0.2112750011816775,0.00021477824133983993,0.004576906594747309,-0.0005204948784119194,0.03091206318108991,1.0,0.09680895507335663,89.23255407230545,90.01555553661869,36.337758047126066,-3.279732654394408
11.600000000000001,18.48767448773264,0.11931281782476315,2.680971627352051e-05,-0.00044784324304094454,-0.00015541105965183563,0.2901601957650149,2.291914690325824,-0.20961899786678861,5.120093720537296e-05,0.0011727643663732418,-0.0020964452474898886,0.03159671813333896,1.0,0.6268645524978638,92.71222701495142,79.34351246704,36.274801691973565,-3.143583945334292
11.700000000000001,18.71207245783037,0.1648051526203927,7.677569222756357e-05,-0.000712195846532772,-0.0005066395971479702,0.2942088362054529,2.272165779426006,-0.20966401134833174,-0.0004132425677781916,-0.005120426408833432,-0.003970154628844712,0.0472960605805873,1.0,0.5032471418380737,95.53619567800011,75.06848890432046,36.21133522302006,-3.0076722793471617
11.8,18.934532377388887,0.21071866124058353,0.00019288864368395957,-0.0014762827805621939,-0.0008225463238788515,0.2999681641487146,2.2556519078777026,-0.21140878122026358,-0.0005585915711245026,-0.008524319600004751,-0.0023019263500063535,0.063482864387009,1.0,0.03232067823410034,95.72801893043338,76.7288667792501,36.147359532761726,-2.8719995676885794
11.9,19.15555422969778,0.25742706881043087,0.0003556668863710093,-0.0022684507750236876,-0.0008705360160947537,0.3069685598574509,2.2452327726015575,-0.21413925964575925,-0.0008591840546429569,-0.006858824008019314,0.00043866295887697157,0.07377897461182144,1.0,0.0869128629565239,96.28639798188257,77.77263527641418,36.082875520855644,-2.736567718253813
12.0,19.375598615373463,0.30523538402123823,0.00046151717269005246,-0.0026890759793379384,-0.0007105055135739702,0.3147119140254479,2.2393337381252434,-0.21729103768222388,-0.001659198984147015,-0.0020563602747748055,0.0018236429236273071,0.07902332159649288,1.0,-0.07012607157230377,95.59527161093492,79.94118905263986,36.01788409410719,-2.6013786355510184
12.100000000000001,19.594984593555928,0.354356329320269,0.0004396922720381606,-0.0026080656043239426,-0.0004985067941624808,0.32278364201972787,2.2365432694178837,-0.2204324607936432,-0.0025359652159307015,0.002423201485415627,0.0018272730915224115,0.08234751551294651,1.0,0.2824159860610962,97.29150432308391,78.7382406847813,35.95238616645721,-2.4664342206744365
12.200000000000001,19.813947190500915,0.4049427354421557,0.0003097115758356404,-0.0022542439146411544,-0.00030937940312681473,0.3312900016304556,2.2365696341378,-0.22362533535182105,-0.002860705271139738,0.004014505030060211,0.0016506560585699038,0.08651422876177002,1.0,0.053298987448215485,97.46642455370751,79.87440412018229,35.88638265896924,-2.331736371277689
12.3,20.032575641318523,0.457121797217218,0.00014008835223545753,-0.0019299579884357407,-0.00016340562771269463,0.3402970555233517,2.235051004681078,-0.22703476029156255,-0.0025629696780575095,0.002133519288365292,0.0007146950955228017,0.09394881096698178,1.0,0.5806928873062134,100.04595057907702,73.39835829867316,35.81987449981652,-2.1972869815470517
12.4,20.250395918959004,0.5108281730521036,1.0144038497629038e-06,-0.0019817885214855747,-0.00014384789763859844,0.3505005385520108,2.229629471202805,-0.23144629099360642,-0.001834618135544967,-0.0022694204585516397,-0.00019993453842670762,0.10748068239888872,1.0,0.4002317190170288,101.817734517179,71.35629766461287,35.75286262426894,-2.0630879421748567
12.5,20.46740902837716,0.5662666767808442,-4.4233582372628334e-05,-0.002390055941201441,-0.0001108074933133116,0.36190211596705935,2.226566008966204,-0.23652530670024755,-0.0008808181457447967,-0.004727602180193035,0.000409991683131577,0.11711056616755539,1.0,-0.023067176342010498,100.9821963593068,73.80284778320788,35.68534797467989,-1.929141140332888
12.600000000000001,20.68383392028466,0.6237081697787348,-1.4126280469076837e-05,-0.0028344397940369475,9.744798904039911e-06,0.3738773766133549,2.226525966116446,-0.24175705432686456,-0.00026947235206121697,-0.003982838903626079,0.0011473634510574852,0.12146621276609017,1.0,0.23617768287658691,101.92905408859097,73.69495241591845,35.617331500473036,-1.7954484596458329
12.700000000000001,20.89988379005533,0.6833343004847778,2.2283234195793682e-05,-0.003105548693030375,0.00016994036610817022,0.3862267378491292,2.2290839474888102,-0.2470954124294863,-0.00021271200274044342,-0.0017325111261797485,0.0012142845386297761,0.12451052711740623,1.0,0.12877999246120453,102.16534137425188,74.65627669878585,35.5488141581289,-1.6620117801648107
12.8,21.11574407949046,0.7453087102895577,1.5959924853732566e-05,-0.0031283903008519787,0.0003103626996967754,0.3987845244659578,2.2339092138773577,-0.2523069933116074,-0.0004259528403533442,0.000602202877846292,0.0008433301044111581,0.12634174805184337,1.0,0.21570923924446106,102.88934425448505,74.67996316152511,35.4797969111715,-1.5288329783409296
12.9,21.331547601614364,0.8097680280090069,-3.530131779469347e-05,-0.002978044636435865,0.0004125950754589274,0.4114883095009647,2.24053682933216,-0.25727520272676685,-0.0005264841032383835,0.0019099129060223623,0.0005315158709701119,0.12711674606398896,1.0,0.06879883259534836,102.63548631021933,76.07602667811939,35.41028073015472,-1.3959139269988938
13.0,21.547382401265473,0.8768279546567911,-0.00010479979960483692,-0.0027774187714896897,0.0004931666578938949,0.42422013982313234,2.2481584835311867,-0.26195417443162317,-0.0003610716303503034,0.001674585758775823,0.0003591188030601238,0.12796082543508563,1.0,0.3267512321472168,103.85891053102698,74.72657525799255,35.34026659264871,-1.263256495310678
13.100000000000001,21.762796748810914,0.9463310656100318,-0.00017479073334797374,-0.002745913447648207,0.000427957379420801,0.43739919509345426,2.244061251785661,-0.26704111722989526,-0.00035034443046763093,-0.0010890962437557876,-0.0027592917244275315,0.13588615207082202,1.0,0.7879903316497803,104.42259329638617,62.90028718974055,35.269755483226135,-1.1308625487692225
13.200000000000001,21.97615110805646,1.017621849022224,-0.00019021213379804037,-0.0030449092992591888,-1.3364922202592708e-05,0.4516857796474461,2.2265297289508803,-0.2728591192925754,-0.0002004964897493991,-0.0039391340671247055,-0.00527326800527542,0.14660431242660596,1.0,0.2568318545818329,104.09106685748829,63.618250913213934,35.198748393448305,-0.9987339491622222
13.3,22.187330582878356,1.090821428408987,-4.509122320886381e-05,-0.0034630289057360664,-0.00039192662662574594,0.46671047294485574,2.2124847233545624,-0.27877059798181625,0.00037162643108329716,-0.00395083005238905,-0.003345583585674497,0.15216173933587657,1.0,0.2901666760444641,104.12492171939301,63.89557265231145,35.12724632185125,-0.8668725545459282
13.4,22.3965069047573,1.1661261788436366,0.00019786038062098374,-0.003730131343647083,-0.000531931137553241,0.4819804281843347,2.2007120949299903,-0.2843227371154911,0.00026644170432364966,-0.0013261200073967964,-0.0011382368210500135,0.15181220668083212,1.0,-0.15068501234054565,101.78313609736469,67.92197523829236,35.05525027393168,-0.7352802192190353
13.5,22.603754835877506,1.2436236338431383,0.00039134182591637535,-0.0036088171075024035,-0.0005494209194118323,0.49667093498714343,2.18898750364891,-0.2886434347709383,-0.0008097426174067262,0.0031962734675869213,-0.00078939167871011,0.14226139481636552,1.0,-0.3969014585018158,97.05998592006506,72.76760474407179,34.98276126213281,-0.6039587936965845
13.600000000000001,22.809002947357616,1.3231909813069356,0.00045640005792082545,-0.00307285611135336,-0.0005961913079683414,0.5101000075247828,2.17837251918693,-0.2914166382571686,-0.002033304024900327,0.006400062150477904,-0.0007698268172386272,0.12967612817323373,1.0,0.08368431031703949,97.46851381232482,74.21995022102223,34.909780305830196,-0.4729101246839633
13.700000000000001,23.012604419455702,1.4048433863426555,0.0004212606364031453,-0.002414497868076723,-0.0005951553003882725,0.5223650095828123,2.171070594585849,-0.29287268995945,-0.0026998618215910665,0.006646853212931827,-0.0001490411262991965,0.11708542235890235,1.0,-0.36455175280570984,93.59145856364839,78.33333219314936,34.836308431317335,-0.34213605505091493
13.8,23.21461698045972,1.4884554713370364,0.0003318043733408853,-0.0018071747592850876,-0.0005641595108552397,0.5330612338669648,2.163823144370448,-0.2926154010096985,-0.0027800286752020925,0.005655759537155156,0.00026156348305499084,0.09982641755594444,1.0,-0.33551815152168274,90.45234614903062,81.92986066889044,34.76234667179123,-0.2116384238056419
13.9,23.415233872988953,1.5738888004516574,0.00023979995238653418,-0.0013656463840777066,-0.00047007753633289916,0.5420077293840161,2.1597433429832225,-0.2909332988367895,-0.0023354982240058808,0.003457530552687137,0.0012812206844520701,0.08326693360053429,1.0,-0.014587931334972382,90.77587221787424,83.29695740473124,34.687896067337924,-0.08141906606893201
14.0,23.61493658679798,1.6611359438619058,0.0001646993106405684,-0.0011964634362325779,-0.00025854519408043927,0.5495712902966334,2.1607416931955843,-0.28846057796364344,-0.0017398784708573566,0.0005914479010512815,0.0024369774597856855,0.07102543629308611,1.0,0.0011414960026741028,91.19064532268979,84.41271355439366,34.61295766491781,0.04852018695164162
14.100000000000001,23.813688304624478,1.7499332753203796,7.48158380228083e-05,-0.0012438107702999177,-0.0001257121572848823,0.555977991613294,2.1521215000694256,-0.28531440902244454,-0.0016623725938073853,-0.0007817260646569956,-0.0006419041186780379,0.05885975583328053,0.19675064086914062,-0.10603798925876617,83.64634053440066,81.89728176310388,34.537532518350936,0.17817750798747767
14.200000000000001,24.009754322983984,1.8389741650830393,-1.0524424537154418e-05,-0.001316267688147891,-0.0005407184881217029,0.5611777061915227,2.121016536731017,-0.2815648509227103,-0.001710470348303219,-0.0007464118563589484,-0.006278108752258291,0.04876638831224432,0.2899456024169922,0.14935924112796783,82.32968821231462,75.80474274421337,34.46162168830219,0.3075510737346292
14.3,24.202207670327397,1.9274175908701225,7.26357510409016e-05,-0.0014049767257501267,-0.0012127411853870913,0.5658262691397451,2.0870125532186465,-0.2779037787829743,-0.0008373596063906358,-0.0008621495339870306,-0.005875784950316468,0.04533482404994003,1.0,0.11239805817604065,84.34417282099173,76.71214561797359,34.38522624226635,0.43663906487946846
14.4,24.39181414880076,2.015604992237611,0.00036923748733115597,-0.0014839959419032924,-0.0014902481089699624,0.5702685220929968,2.064764149092595,-0.2743709825726297,-2.7554284782986656e-05,-0.0005875140859337149,-0.0007377690304183932,0.04395310876732854,1.0,0.06657388061285019,85.85662432003157,77.93179076972262,34.308347254553134,0.5654396661242416
14.5,24.57932553592379,2.1039291128311253,0.0006708894137977894,-0.0015558901673968857,-0.001359530503199447,0.5748053164706912,2.048017249209765,-0.27133324500658446,-0.0008760994552635573,-0.000969047038785214,0.0019071900587492186,0.04778768647880441,1.0,0.5237655639648438,89.39934716623046,73.37021823439201,34.23098580627204,0.6939510662126196
14.600000000000001,24.764913078924337,2.1924636518907072,0.0007704035188023952,-0.001757271703913079,-0.0011784841748964812,0.580272819242231,2.032374297588163,-0.26955950494519626,-0.0028797185120720357,-0.002656063969005646,0.001439390177579882,0.060032275995911974,1.0,0.48038455843925476,92.47124788064161,70.09054091804099,34.153142985317146,0.8221714579551502
14.700000000000001,24.948816348495765,2.281475197202561,0.0006646416864124537,-0.002101002499310197,-0.0010373043358340335,0.5871121243315844,2.0216616808439833,-0.26900938518196743,-0.004315572154457776,-0.003526627685763837,0.0014343561624944265,0.07334165201923316,1.0,0.11243438720703125,93.51157524870416,71.54663333718018,34.07481988635185,0.9500990382546988
14.8,25.13145539367767,2.371423978735915,0.0004679735978318277,-0.002438852885496436,-0.0008288112631955576,0.5951709270614539,2.015618213037877,-0.2694325648933777,-0.00448670278429497,-0.0031840556206591685,0.002118689430384868,0.0860827700070339,1.0,0.5115011930465698,96.28325328380618,67.85684384459736,33.996017610793444,1.0777320081317683
14.9,25.312976100917208,2.462582929297643,0.0002738020680090608,-0.002719662262654615,-0.0005570761111003361,0.604572562715268,2.0123918479293303,-0.2708200899763057,-0.003738317008943288,-0.0022001732063161804,0.002819133760400385,0.09835528722490822,1.0,0.05510180816054344,96.567863411165,70.02350152085246,33.91673726679761,1.2050685727498198
15.0,25.493565669415077,2.5553120327531618,0.00012488134657221046,-0.0027798191217910666,-0.00023961335518977252,0.6146350145294612,2.0108641638477556,-0.2720977556087255,-0.002690476783036555,0.000895510632940736,0.0025988665737577605,0.10005985528050938,1.0,-0.43915167450904846,91.73302436077068,74.82054283890827,33.836979969242904,1.332106941440511
15.100000000000001,25.67278175929853,2.6494419429186635,1.0881203942309878e-05,-0.002402612270983274,-0.00011326415231529982,0.6239395648178216,2.0005507547509516,-0.27189091583250785,-0.0019020623029685421,0.005903680250635333,-0.0005009327841596351,0.08606706025836229,1.0,-0.6037523150444031,81.75555310648829,79.63186565523745,33.75674683971499,1.4588453277288913
15.200000000000001,25.84947539319257,2.7440633146847837,-4.3930347091108514e-05,-0.0014947739935969213,-0.0004244201287119379,0.6308795613320994,1.9738302881736356,-0.268915124006353,-0.0012343054456522254,0.01114476913627242,-0.005145783281197306,0.05610435854720135,1.0,-1.0,67.53520416909858,84.56428655003701,33.67603900649094,1.585281949358471
15.3,26.022490535379497,2.8379840268006205,4.2896170646856675e-05,-0.0001612863040424986,-0.001110439435981439,0.634023059878855,1.9342550140022623,-0.2622691614893532,-0.00035208532735927746,0.014421487142251992,-0.007540771120880241,0.013723036352579574,1.0,-1.0,54.68113502683922,89.02280437541721,33.59485760452333,1.7114150283163596
15.4,26.191428618238035,2.930349139977133,0.00031182168427509806,0.0013135737969899397,-0.00181533280808739,0.6324255526330722,1.8908913171974986,-0.2516031771218783,0.0003501747027666073,0.0144947836557824,-0.006370451727292887,-0.03658589577403956,1.0,-1.0,43.06207460564586,93.05295136068187,33.51320377542427,1.8372427908581983
15.5,26.356497352776234,3.020636293372462,0.0006710361187254037,0.002609760745975555,-0.002276930205023851,0.6256222464698545,1.8494238593608059,-0.23712687760882553,4.273699735233606e-05,0.011285442667543381,-0.003602294129230895,-0.08864438872669728,1.0,-1.0,32.55936425165342,96.69588503482342,33.431078667449405,1.9627634675331649
15.600000000000001,26.518281213969683,3.108556078990601,0.0009586201661102243,0.0034404721483421515,-0.002440209077290185,0.6139042977498912,1.813398744806214,-0.2197195881805993,-0.001432041449120787,0.005662547438815661,-0.0009853873723112698,-0.13512048457131604,1.0,-1.0,23.065745939912958,99.988808544243,33.348483435481704,2.0879752932087996
15.700000000000001,26.67757482560757,3.194018499668508,0.0010603500186847235,0.003685981648891835,-0.002354919695997088,0.5980682081474937,1.78496474476302,-0.20043238924362045,-0.003350568169290828,-0.00018572561891677035,0.0010692091196955902,-0.1725899254067922,1.0,-1.0,14.484266911049447,102.96535058667902,33.26541924101526,2.2128765070958742
15.8,26.835249015209104,3.2770757223019014,0.0009650645898571669,0.0034503450025929463,-0.0020812055011919096,0.57907448252335,1.7642311365963679,-0.18021927112515207,-0.004779457812769375,-0.004223439453408536,0.0025190607752581845,-0.19998149916374697,1.0,-0.6583288908004761,10.312071907931095,104.37528197363409,33.181887252138935,2.3374653527731226
15.9,26.991772067330494,3.35760086515955,0.0007343200778633422,0.0029307875983799634,-0.00177520660967635,0.5581163326603917,1.7438144678382403,-0.16021486261597415,-0.005310227065700344,-0.006317827667738444,0.0020711195291722518,-0.21397130420328492,1.0,0.194305881857872,19.742681460166267,101.35903899311026,33.097888643519944,2.4617400782119603
16.0,27.14716789391605,3.4353226162761272,0.0004811153622380182,0.0023100780455406777,-0.0015577920556234346,0.5365173123646642,1.7227083819669682,-0.1413791078892199,-0.00472320522683065,-0.00645328819162996,0.0013682089431354104,-0.2161584478759266,1.0,0.20898424088954926,28.3490187737293,98.88604623687951,33.013424596387345,2.585698935801105
16.1,27.301663224854593,3.510280401908022,0.0003160151420186521,0.001819271481020617,-0.0013397269080278906,0.5149914297362926,1.7065916367851974,-0.12372728919211118,-0.003295402075486286,-0.00399215456430428,0.002292452116327018,-0.21510928090184,1.0,-0.37015074491500854,31.040186497384394,100.65215876883065,32.9284962985154,2.7093401823711645
16.2,27.455964598066863,3.5828842108577272,0.00025863066731342314,0.001677805441323561,-0.0009778739032963147,0.4934900374010847,1.6989917643988712,-0.1067536803993875,-0.0019307360076242664,-0.00020233627180168132,0.00373475628530602,-0.21460849014900613,1.0,-0.07729990035295486,36.55664796939037,100.67196490888564,32.84310494420691,2.8326620792191477
16.3,27.610682242537333,3.6534581382145985,0.00022933295542080004,0.0018602580810880784,-0.0005453843355005362,0.4720704601738282,1.697831887886918,-0.09023182054644098,-0.0013010362339438307,0.0027903930805047504,0.003947748169388917,-0.2144922442851761,1.0,-0.4915904998779297,36.61277230945177,102.6957511231402,32.757251734276366,2.95566289213291
16.400000000000002,27.766352100900985,3.7222720408438144,0.00015638584344532873,0.0022341470657737798,-0.00014658209994628256,0.4505769115716701,1.7022629057906478,-0.07386805871098785,-0.0011924848819830362,0.0038132604142446552,0.003211312476482686,-0.21467440559411013,1.0,-0.06448961794376373,41.702723173897766,102.43043330799792,32.67093787603314,3.07834089141555
16.5,27.92314465455252,3.789358168768842,2.338837369504248e-05,0.002515691207171611,8.988441022259235e-05,0.42937948283671573,1.7036110826717341,-0.05818444907617833,-0.0012645858142500326,0.001732006908199127,0.00045484203440491686,-0.20909770515030934,0.4089679718017578,0.07856422662734985,44.41311015834789,97.38749400543607,32.58416458326443,3.2006943519097284
16.6,28.080413406208894,3.8544038797581432,-0.00011130399283151633,0.0024931863403269087,3.714965719330399e-05,0.4089949383737278,1.7007299177969522,-0.04354993952169614,-0.0008267695766761529,-0.0013465512156904664,-0.0012998610581342713,-0.20072325818230652,1.0,-0.10310694575309753,48.41956358419905,97.89449187600651,32.49693307621824,3.3227215530219176
16.7,28.2385127710905,3.9176196789286406,-0.0001449991932608191,0.0022346234849185656,2.9026892680650194e-05,0.38941180620538846,1.7036954138448708,-0.02990141063504219,0.0001934909636440746,-0.003302179606314416,9.7013616840038e-06,-0.19199862687370933,1.0,0.21708576381206512,54.31488912305576,95.6712895314086,32.409244581586194,3.4444207787466077
16.8,28.39778245372243,3.979178973983616,-9.797057717709853e-05,0.0018650124730142884,0.0001572876575611753,0.3708127569912616,1.7107129151632028,-0.017365937457391966,0.000850571642977755,-0.0035973391556914573,0.0014980306029819973,-0.18240801280404173,1.0,-0.0751565471291542,57.61348755084544,96.15492245004683,32.32110033248632,3.565790317690457
16.900000000000002,28.558595535214728,4.039274571441172,-5.480814476739297e-05,0.0015584475506640366,0.0003655215894820748,0.35317427247125993,1.720420549421764,-0.005847466511844876,0.0007730119944559217,-0.0027067367967633176,0.0016018997571740528,-0.17143689661445216,1.0,0.36554333567619324,63.326432185397735,92.39125286034475,32.232501568445635,3.6868284630963117
17.0,28.720975429827067,4.097954995450461,-7.547705491468548e-05,0.001336205146772627,0.0005064984673150676,0.3368468892376244,1.7314840600505557,0.004485075500685361,0.00038906346914603093,-0.0016448611081151387,0.0010643071003849113,-0.15829811128613966,1.0,0.005867555737495422,66.41474579942093,92.59664966855722,32.143449535382835,3.8075335128672485
17.1,28.885262387212777,4.155437413438835,-0.00014140606834853268,0.00123942945422582,0.0006420380323549381,0.3217405582393352,1.7467923012024908,0.013947816584675487,0.000283822036480699,-0.0005075249353261161,0.001217715751507173,-0.14590950352017898,1.0,0.22573289275169373,70.62761550647117,90.79278420643895,32.053945485590646,3.9279037695905004
17.2,29.051614123509427,4.21185525700208,-0.00022554882286653926,0.0011823458506328454,0.0007742724170870514,0.3080529596262245,1.7627751357437211,0.02228721015028937,0.00043793265126395084,-0.0006721133039531482,0.0010151025197690767,-0.130237683555709,1.0,0.37397390604019165,75.12407606344651,87.43429705106212,31.963990677718293,4.0479375405613105
17.3,29.220021449361443,4.267319734842544,-0.0003013769546050592,0.001064378000049494,0.0008855276406509274,0.29600569572378566,1.78026537394687,0.02953152979670922,0.000848139883080256,-0.0011906728962673713,0.0011245311444246472,-0.11481966631170373,1.0,-0.0637805163860321,76.51986459358409,88.63032190653905,31.873586376753792,4.167633137806753
17.400000000000002,29.39070548960411,4.322045825927493,-0.00035258473917008844,0.0009224918546769911,0.0010237016218986805,0.28534395515199285,1.7997482119758694,0.03588618012275375,0.0013120433599219453,-0.0015767588974912945,0.0011868878290024786,-0.10037263025880205,1.0,0.3929160535335541,80.5242182072162,85.22561201648719,31.782733854006125,4.286988878109462
17.5,29.563414857798783,4.376062891235405,-0.00039434193365196166,0.0006622260432556259,0.0010698492696476977,0.27652441116922266,1.8142079177153816,0.04062692547175859,0.0015267433465872401,-0.003349272475215811,-0.0004259022318013584,-0.07881640351711465,1.0,0.5785382390022278,84.72614376151074,78.34078703204055,31.6914343870874,4.406003083031319
17.6,29.73721772833737,4.429268491530186,-0.000418473343816015,0.0001460765679294208,0.0008567614433848292,0.2704473031610032,1.8170386251431963,0.042909416393443374,0.0016017406436891236,-0.006423927675702208,-0.0034842320653984222,-0.04713790581127814,1.0,0.6887322664260864,88.76661174738774,67.47556645040876,31.599689259894866,4.524674078937014
17.7,29.911069107052676,4.48166032542243,-0.0003633436352966544,-0.0006512294555155937,0.00043652657487770394,0.26795378478313114,1.8151586860672224,0.042291002567703684,0.002022827678819842,-0.008523199418324332,-0.0038619813683320597,-0.010667260451964568,1.0,0.28598615527153015,91.13599757033843,67.4298838846671,31.50749976259286,4.643000197017628
17.8,30.085231188991788,4.53370731325508,-0.00019366506113298028,-0.0014841891243553098,0.00020786513631792058,0.26900132662521364,1.8190301222678615,0.038995858812515626,0.0024383928360752873,-0.007990719981059486,-0.0012603316366109289,0.02489324327278167,1.0,0.48124825954437256,94.04376787028573,64.70576765525787,31.41486719159467,4.760979773314077
17.900000000000002,30.259722176754458,4.58579109344712,-1.513647781684943e-05,-0.0022042960336477926,0.0001484945464299437,0.2738079389554115,1.820487136495333,0.03262892774078717,0.001853785365463478,-0.006742816423434662,-0.00084162748193747,0.06436538528571241,1.0,0.6564350724220276,97.12476341642662,55.74742810987212,31.321792849544302,4.878611148740507
18.0,30.43380327317262,4.638111589305552,7.327959533438873e-05,-0.002812886031986908,-1.0565569466534947e-05,0.28280227051057416,1.8148369775192863,0.022969392290171194,0.0006366798948744515,-0.005651572703257555,-0.0024990609948339596,0.10702267976854878,1.0,0.7125176787376404,100.01801662130705,46.68393558014564,31.228278045298154,4.995892669107647
18.1,30.606835162598184,4.690953788280048,9.650101319631285e-05,-0.0033043098601901774,-0.00028822470030848385,0.2959842605689519,1.804842749447872,0.01042046728441225,-0.0002265477441133277,-0.004373819555113448,-0.0034586802260440147,0.14792289852536913,1.0,1.0,102.99175237497172,35.833239709622084,31.134324093906613,5.11282268514605
18.2,30.778371818823967,4.744664339986275,0.0001255846778573584,-0.0036483308844968013,-0.0005619296737870414,0.3129413881075369,1.7919121742666353,-0.004284518576801863,-0.0005105408268055081,-0.0025619859386031615,-0.003225884580090731,0.1826543943534637,1.0,1.0,104.47162489280934,26.02507005250396,31.039932316595586,5.229399552529287
18.3,30.947828378588255,4.7995033506635,0.00018888713984191208,-0.0037589553686389597,-0.0008114466127470372,0.3327193601473579,1.7731888007921177,-0.019986346418935923,-0.0006533386475703695,0.00012733505750398867,-0.0032133332042842072,0.2064695045773727,1.0,1.0,104.47162489280934,17.15926152089216,30.945104040747875,5.345621631897085
18.400000000000002,31.11447056181507,4.855550988151424,0.00027833963017825404,-0.0036015918735134013,-0.0010966315073598731,0.3542430206477527,1.7456965369120916,-0.035696317796828705,-0.0009867994327583804,0.00286875854260062,-0.0042775546606048254,0.21942800776750737,-1.0,1.0,100.31061018439173,2.927226250180191,30.849840599884555,5.4614872888783665
18.5,31.277170815241824,4.912581098539636,0.0003854231251799736,-0.0032073047041467,-0.0015315196151556444,0.37642221575731566,1.7077185332325175,-0.050510925400945206,-0.001418646381959145,0.0049421923274737475,-0.005496456800241728,0.2223354155692136,-1.0,1.0,97.03818722311262,-9.937406411807476,30.754143333646184,5.576994894114243
18.6,31.43522031908387,4.9703263368122625,0.0005316578047468542,-0.00272842299739716,-0.002013550723529106,0.39859732447683727,1.6637064800878403,-0.06421065228996194,-0.0017397903774193774,0.004995675937047582,-0.005285495130918204,0.22123298381543688,-0.8282279968261719,1.0,95.14125634699033,-21.688433585189784,30.658013587773997,5.692142823280911
18.7,31.588119732835338,5.028470863105794,0.0007080230959019905,-0.0023769011148323227,-0.002447446797922948,0.4206250620841735,1.6134597153166848,-0.07691296824171344,-0.002216329516308758,0.003189548544396642,-0.004751793140207487,0.21950345839651025,-1.0,1.0,92.3655007834676,-32.188013263952854,30.561452714090965,5.806929457112524
18.8,31.735494456867162,5.086687247254956,0.0008816222275789694,-0.002278189006165474,-0.0027805518649944567,0.4425884938327072,1.5632134317125856,-0.08893994451834471,-0.0027808664061082693,0.00030000154404497936,-0.002657829796776029,0.22070200294496536,0.35225868225097656,1.0,95.69605956162187,-38.770083462961495,30.46446207048277,5.921353181423932
18.900000000000002,31.878180571430335,5.145188852154391,0.0010226556469812187,-0.0024990573736204027,-0.0027499081181349733,0.4650312390051941,1.5246585485972617,-0.10089734036190023,-0.0033973506895361135,-0.0027123486481190335,0.0014191184054004194,0.22744362487092015,0.6037800312042236,1.0,99.28593620930688,-43.837809835848475,30.367043020878754,6.035412387133398
19.0,32.01721531159333,5.204402506501,0.001051443286692115,-0.002928914581651125,-0.0023525788224826047,0.4883040654787917,1.4972045330161903,-0.11294095624808749,-0.004336287620328825,-0.004035246754544889,0.004405533331767718,0.23629952441116084,1.0,1.0,102.33000966563489,-45.99124853453007,30.269196935232685,6.149105470285214
19.1,32.153119092135285,5.264595183730354,0.0009050240512648065,-0.0033242985069992384,-0.0018752000167709722,0.5123403443423706,1.4686745623646689,-0.12480053002130365,-0.0054837454804453735,-0.0026157918322866286,0.0027389172878403093,0.242170749667737,-1.0,1.0,98.86356441125544,-54.155833117443485,30.170925189503535,6.262430832072283
19.200000000000003,32.284790328690406,5.325155486742029,0.0006264577239810421,-0.003436810101128415,-0.0018276467418721937,0.5366598695011072,1.4246249986073918,-0.13596104018251431,-0.005899450562056618,0.0006777527281685309,-0.0023662029763783362,0.24354440698579619,-1.0,1.0,95.73017245485318,-61.535970919171575,30.072229165636116,6.3753868788585635
19.3,32.41150089543623,5.385557701029105,0.0004251549328662746,-0.0032602100223934525,-0.0020678767430951984,0.5611149274244687,1.3799769032284206,-0.14638935093381214,-0.004452134283273441,0.0029275453024936973,-0.0025727509307933247,0.2458374894210952,1.0,1.0,99.11588085947653,-61.98898440286224,29.973110251541627,6.487972022201518
19.400000000000002,32.533862350012456,5.446048291781675,0.00043089381390803223,-0.002994890177656426,-0.0020993985575212563,0.5859124628206227,1.3387534591615098,-0.15613820312318824,-0.0026197484532248056,0.0032031684880126257,-0.0008594646459412669,0.24891860975544888,-1.0,1.0,95.95824653977493,-68.61651927054226,29.87356984107816,6.600184678874413
19.5,32.65149290142904,5.5062866849075895,0.0005461784199519829,-0.002777741347552143,-0.0020999560221044576,0.6109529134980217,1.2958333962873059,-0.16511742965719553,-0.001803321799369671,0.002124850987777267,-5.409232189982022e-05,0.25188380450425457,1.0,1.0,99.32204176804844,-68.38923931041415,29.773609334031118,6.712023270888622
19.6,32.765335317128425,5.56680433560111,0.0006793382505262169,-0.002740666003177932,-0.0018658116554580045,0.6364520890073888,1.2678869607499168,-0.1736914227566212,-0.001811620846574517,3.211178933275761e-05,0.002762623994917968,0.25724932808515916,1.0,1.0,102.36264623106145,-68.18379622775849,29.67323013609346,6.823486225515786
19.700000000000003,32.87644650626707,5.628320869618947,0.0007148579542354538,-0.002889356774339161,-0.0013988992419805418,0.6625301391954188,1.2515884152130343,-0.18200119413795982,-0.002660221785942784,-0.0016038698280605407,0.004424586358043991,0.2629972619961349,1.0,0.9742736220359802,104.46714320509264,-67.83363656069928,29.572433658846013,6.934571975309936
19.8,32.985362470786015,5.691269788927149,0.0005879313710114568,-0.003087172926504085,-0.0009196769978991527,0.6890016904889632,1.2394772919977186,-0.1898976575493431,-0.0037014792031189936,-0.0014558632359525383,0.003537627303014312,0.26537934461034424,1.0,0.7868911027908325,104.42225622969647,-65.95100882676425,29.47122131973758,7.045278958129554
19.900000000000002,33.09228123299058,5.755846051659232,0.0003511829086838935,-0.0031787914942532974,-0.0005621903885598645,0.7155427538869765,1.2304949040715314,-0.1973243856380495,-0.0039247017280027744,-0.00015400613872914166,0.0022664839046678546,0.2652549921506035,1.0,0.806433916091919,104.42810231312814,-64.45356045645836,29.369594542065002,7.155605617159516
20.0,33.19737551479473,5.822213042122354,0.0001192176867661285,-0.0031281403508915304,-0.0002949663368689903,0.7420062570523989,1.2242258228588245,-0.20428605303139846,-0.0031243817691281165,0.001071905205069504,0.0016379739443219332,0.2641494812640526,1.0,0.7856497168540955,104.42187437295141,-62.8822586754692,29.26755475495318,7.2655504009329945
20.1,33.300759453215754,5.890490422339041,-3.0010495281549147e-05,-0.0029969789378349295,-7.467221039720902e-05,0.7683499057031918,1.2194179919233958,-0.21081403796880394,-0.0018782944952439248,0.00140844661074587,0.0011716900801442603,0.26306818352053174,1.0,1.0,104.47162489280934,-63.205921904256876,29.16510339333493,7.375111763353285
20.200000000000003,33.40241034502507,5.96067638374704,-8.750338901704073e-05,-0.00288695558699538,7.391893058543333e-05,0.7946190076254296,1.2145911064016877,-0.21697212026763407,-0.0008292248765276482,0.000807553399271004,0.00037729224120109056,0.2624850041043027,1.0,0.9971100091934204,104.4711385114186,-63.480460418738026,29.062241897930832,7.484288163715533
20.3,33.50228138222871,6.03274806590745,-8.031618861815648e-05,-0.0028606019042329064,0.00013539308428110118,0.8208432192649487,1.2098335334940045,-0.222804013719588,-0.00023225337172656793,-0.00014935656647318155,-0.00046645707605463393,0.26209590894451273,1.0,1.0,104.47162489280934,-63.74664890067958,28.958971715228977,7.593078066728399
20.400000000000002,33.60033198323806,6.106684844900216,-4.136182063683336e-05,-0.00291920545040686,0.00012489750121482106,0.847032976635385,1.2052094204969857,-0.22835881347450798,-5.455742031274777e-05,-0.0008763640757538092,-0.0010754727480405085,0.2617658278441544,1.0,1.0,104.47162489280934,-63.98726220537517,28.85529429746461,7.701479942535677
20.5,33.696460084673326,6.182385676620956,2.8755108450648904e-06,-0.003030465410624576,4.897694842198273e-05,0.8732407061613926,1.1981496030348033,-0.23374500726213965,-0.00020528207763105034,-0.0013093669729986918,-0.0019884970385369233,0.2626510926404242,-0.10360145568847656,1.0,104.06204327880923,-69.23527960255291,28.7512111025997,7.809492266737767
20.6,33.790503907434605,6.259682240120915,4.7876581408215416e-05,-0.003143166448901156,-5.90067315632325e-05,0.899514309816158,1.1932176639218097,-0.2387954264277536,-0.00027986138264627215,-0.0007362208759737186,-0.0012016634427849625,0.2618628065758311,1.0,0.5117647647857666,104.29959673074381,-59.404210155345275,28.646723594302472,7.917113520413142
20.700000000000003,33.88289030126071,6.339152402649555,9.815876245057521e-05,-0.0031437217146217883,2.7228393863095283e-05,0.9255015001957084,1.195114889190737,-0.243410335805469,-0.00038126539710021224,0.0003851372342321119,0.0005317792715445943,0.2588716061884727,1.0,1.0,104.47162489280934,-60.06204151463739,28.541833241926774,8.024342190139695
20.8,33.97361470790586,6.420808031437937,0.00010102624882314261,-0.0030789459605179816,0.00015656008264698412,0.9513023960597439,1.1957088075320699,-0.24783519468636184,-0.000831873884818221,0.0006858597902660083,0.0002923115611945856,0.2575864945039533,1.0,1.0,104.47162489280934,-60.65666896108875,28.43654152049147,8.13117676801603
20.900000000000002,34.062560548485365,6.504531218786892,4.9241219078205045e-05,-0.0030208797705205217,0.00021745176612551377,0.9770260733311548,1.1954383451601969,-0.25204740027196054,-0.001164577183242315,0.00037063184973409186,-0.00047562614126332356,0.2570697033050601,1.0,1.0,104.47162489280934,-61.194165076284214,28.33084991065965,8.237615751682647
21.0,34.14966307414722,6.590286266725838,-1.5100314421740573e-05,-0.0030057242726904605,0.00023514239869771076,1.0026917288210926,1.196071910346281,-0.25601297627138586,-0.0010651214432248171,-5.822801401570331e-05,-0.000500783122543175,0.25619988155475065,1.0,0.6862373352050781,104.38684578050382,-58.61133914473019,28.224759898717842,8.3436576443431
21.1,34.23495459870489,6.67818639465029,-5.421702465552859e-05,-0.003025537213423564,0.0002848523492949242,1.028238706123893,1.1979078897529656,-0.2597637652665129,-0.0007349851298240545,-0.00041367958567046234,-0.00021457905387090845,0.255119362568257,1.0,1.0,104.47162489280934,-59.34534891896258,28.118272976555087,8.449300954785016
21.200000000000003,34.31845373487292,6.768333166248633,-6.492033394492549e-05,-0.0030576786031349112,0.00038454581625575854,1.0536221765677911,1.2038592608526664,-0.2632286385589684,-0.00037232133429154193,-0.0002312766565281317,0.0008423070570831833,0.2523205560028812,1.0,0.36837345361709595,104.19611539287298,-48.20540779974862,28.011390641641974,8.55454419740109
21.3,34.40042925885047,6.86128250542575,-6.758435275377737e-05,-0.00304250827831208,0.0006066222405341613,1.0786051992364056,1.2148527924607326,-0.2664391685439126,-0.0002717917684293224,9.633856577902983e-05,0.0014638923407111369,0.24858496567496752,1.0,0.8838014602661133,104.44840475576001,-49.113928278756205,27.90411439700958,8.65938589220995
21.400000000000002,34.480676767589685,6.956712658086837,-0.00011434364610493118,-0.0030282461597715914,0.0006888227491579499,1.1033476211066833,1.21722126629931,-0.26960252631741116,-0.0006465715759436784,-0.00013288224291942643,-0.0014293555491221633,0.24679023221665256,-0.8026714324951172,1.0,101.52859608047308,-57.115569275682354,27.796445751228323,8.763824564876991
21.5,34.55867998429837,7.053663037030185,-0.00017386126912628626,-0.0030616538030875337,0.00046601803128505507,1.128049866518448,1.2138614031702064,-0.2727539694715356,-0.0005485532961697408,-0.0008300618085478748,-0.0031237442922227954,0.24784552670701146,1.0,1.0,104.35719656333082,-57.99329142710343,27.688386218386754,8.867858746735102
21.6,34.63453573588321,7.152367248964699,-0.00015282514984621954,-0.0031745718328864635,0.00030496498040330234,1.1529777308441356,1.21429257752736,-0.2759027354465779,7.486892569245272e-05,-0.0013808414426421203,-0.0018780211434167927,0.25003794405545654,1.0,1.0,104.47162489280934,-58.78668273358498,27.579937318070282,8.971486974805316
21.700000000000003,34.70804570960955,7.252497768083517,-7.6986387927785e-05,-0.0032899531893921825,0.00016397194924601185,1.1780188607770707,1.2056444957610486,-0.27884625437472726,0.00012582640826009725,-0.0009602161296798156,-0.0031488275229278814,0.2502829894125924,-1.0,1.0,100.31061018439173,-65.72189219405516,27.471100575339783,9.074707791817382
21.8,34.77871959316216,7.352925160475667,1.2061587623989292e-05,-0.0033405679206797603,-0.00016039392473058182,1.2030747263586095,1.1905763806759007,-0.28159045691037343,-2.830922379502301e-06,-0.00033657342742911365,-0.0037920257727662053,0.2513636935621147,1.0,1.0,103.2562337816538,-65.77272569699709,27.361877520710145,9.17751974623026
21.900000000000002,34.84679277936825,7.454181865493916,0.00013743996945821997,-0.003374773990390946,-0.000286553883341711,1.2284226177417679,1.1846879330320028,-0.2842976996294657,-1.5256901879121519e-05,-0.00022415901478316973,-0.0010678930861413357,0.2547056413104119,1.0,1.0,104.47162489280934,-65.81867515748047,27.252269690128784,9.279921392252536
22.0,34.912338469369004,7.556558147643855,0.00023272809754864673,-0.003383772922278829,-0.00022519939350186034,1.2540014664906545,1.1794985842013666,-0.2867701351182218,-0.000612247400613968,0.0001315945148475685,5.7590270091112e-05,0.25633039200101737,1.0,1.0,104.47162489280934,-65.86020983041314,27.142278624954017,9.381911289862757
22.1,34.97530965260426,7.6600267838258445,0.0002413416985575505,-0.0033542520888546275,-0.00013372594994796443,1.279679839361356,1.1745443347191413,-0.28902005374483314,-0.0014210800493057569,0.0004628971667463792,-4.340169343485244e-05,0.2570068985907905,1.0,1.0,104.47162489280934,-65.89775388506526,27.03190587193337,9.48348800482966
22.200000000000003,35.03567515001208,7.764567091696993,0.00017681506864366883,-0.0033027342301625152,-7.014244944833903e-05,1.3053977387698206,1.1700024653637267,-0.2910662966537116,-0.0018774332360641222,0.0005570864073687354,-0.000313893353382063,0.2572585690084058,1.0,1.0,104.47162489280934,-65.93169073686153,26.92115298318187,9.584650108732365
22.3,35.09341122624711,7.870163891254462,9.147878840575514e-05,-0.0032570582860189747,-1.8817697564670116e-05,1.3311282698384537,1.1659167147251017,-0.29292964317933123,-0.0018035304416191976,0.00038034881716714214,-0.0003076465289222812,0.2573204261934921,1.0,1.0,104.47162489280934,-65.9623669629781,26.81002151616019,9.685396178980458
22.400000000000002,35.14849580275336,7.976796528437809,2.8257007000725124e-05,-0.003237977513100181,4.1846456617445e-05,1.3568590714198965,1.162218686921535,-0.2946362522727874,-0.0014134300778888235,5.4793640274434995e-05,-0.00018103889185701284,0.25729239756504463,1.0,1.0,104.47162489280934,-65.99009584173218,26.69851303365276,9.785724798833982
22.5,35.20090706468331,8.084434476750705,-4.753254517413182e-07,-0.003249250304166987,0.00010778813586132305,1.382583965501678,1.1588279227925538,-0.29621295077938337,-0.0010154967015398913,-0.00023847174450504808,-0.00019862210149098616,0.2572165950970919,1.0,1.0,104.47162489280934,-66.01516055190997,26.586629103745768,9.88563455742338
22.6,35.250564010701545,8.192706039215453,-1.1402529623210187e-05,-0.0032717419825525804,6.92086802293773e-05,1.408266503537056,1.1473277585267714,-0.29761141841874617,-0.0009727640308959144,-0.00018103481402770015,-0.00254121486382208,0.25632800201042405,-1.0,1.0,100.31061018439173,-72.25586362324661,26.47437129980514,9.985124049769315
22.700000000000003,35.29728857125765,8.30045766935919,1.6781438782727575e-06,-0.003283062168849996,-0.0002202177338181719,1.4338900437737376,1.1302450858710886,-0.2988555020210524,-0.0007257100075314079,-0.00016533641293714675,-0.00351983927551617,0.25680546325912595,1.0,1.0,103.2562337816538,-71.67891835754025,26.36174120045439,10.084191876802432
22.8,35.34122457774181,8.408358096868358,9.339998429687411e-05,-0.0033306905406716293,-0.00031110550454781677,1.45974765376983,1.1234560625483936,-0.30010998332547384,-0.00023004394227041716,-0.0005033938513119545,-0.0006462229828405962,0.25957825132679296,1.0,1.0,104.47162489280934,-71.15740553325297,26.24874038955244,10.182836645383059
22.900000000000002,35.38240515947914,8.51678894531985,0.00019239207971840456,-0.0033787254972290092,-0.00020027917411590947,1.4857814820352275,1.1181833204284517,-0.30119988489874167,-0.0004945681580332693,-0.00028458173079980197,0.000557656540806048,0.2606752111574157,1.0,1.0,104.47162489280934,-70.6859992455818,26.135370456171323,10.281056968320755
23.0,35.42078532421367,8.625426402643368,0.00021076695955424347,-0.003376150375098973,-0.00015774836324138322,1.5118368312915134,1.1051808137054009,-0.30208572174676745,-0.001427149502307127,0.0003623702982109788,-0.0018723605926194665,0.2601993908223033,-1.0,1.0,100.31061018439173,-76.47793185695471,26.02163299457387,10.378851464393858
23.1,35.45628336677156,8.732640957074045,0.00015309065691840345,-0.003297808203944037,-0.0005278420670619471,1.5377672721928963,1.0747927979357672,-0.3026235467801323,-0.0020590490567031117,0.0011642081594016647,-0.006213547282471577,0.25864222079113725,-1.0,1.0,97.03818722311262,-81.71338019803883,25.907529604191247,10.476218758368859
23.200000000000003,35.488952054857386,8.837380506470389,0.0001574620323680487,-0.0031858986399843597,-0.0010736791024162353,1.5636203094300352,1.0435291469921593,-0.3028665918300404,-0.001334873034192589,0.0012266784545151173,-0.0050555044597079025,0.25904478080790755,1.0,1.0,100.29822261102775,-80.22776427557565,25.793061889600516,10.573157481019813
23.3,35.518917452064855,8.940295600443129,0.00029512702153617433,-0.003127694365935166,-0.0012752551776092232,1.5896366793089434,1.0157940959516059,-0.30288835148281135,-0.0006062900904800663,0.0007263573536803599,-0.002221638351314602,0.2605274989050668,-1.0,1.0,97.02698983792702,-85.10293170574515,25.678231460502012,10.669666269147516
23.400000000000002,35.54626666280943,9.040789096735095,0.00045139232196925963,-0.003110302472396064,-0.0013591703895858992,1.6157604944181907,0.9860625765699473,-0.3026307235840237,-0.0007969834470510292,0.00031992161985302235,-0.0006603988620078504,0.26214802942659654,1.0,1.0,100.28810106168872,-83.2916503752162,25.56303993169676,10.765743765598724
23.5,35.571047288412565,9.140008581166324,0.000561163529664452,-0.003143089618346669,-0.0011174968665072262,1.642165634004203,0.973002611757652,-0.30231527160953847,-0.001387121410791619,-0.00014331393665267271,0.003123877173891814,0.2652975003790435,1.0,0.78387850522995,102.99425983136288,-79.89114088056427,25.447488923063734,10.861388619285243
23.6,35.593194643156416,9.239346344651407,0.000544763406891581,-0.0031938992877836975,-0.0005674283685138688,1.6688780655018811,0.9718804566278174,-0.3020037290971126,-0.002477325547427302,-0.0002742355309706778,0.005140529832649646,0.26818992220289595,1.0,1.0,104.47162489280934,-78.58060425976376,25.33158005953709,10.956599485202876
23.700000000000003,35.61263353404404,9.339282945086323,0.00035966501989563435,-0.003205338054061949,-3.424109624675479e-05,1.6957575692168672,0.9728704848345199,-0.3016345796214898,-0.003510644875136628,0.0001927157515038601,0.003773846008732338,0.26900302980011287,1.0,1.0,104.47162489280934,-77.39598295325416,25.21531497108331,11.051375024450394
23.8,35.62930652809631,9.439929463832296,8.421049959298475e-05,-0.0031463946902284892,0.0003253184829237916,1.7226218937096216,0.976467432465328,-0.3011930625779605,-0.003477889267010419,0.0007945134321370349,0.002214099369352865,0.2681686831658316,1.0,0.7637213468551636,104.41491566231886,-74.33410795107446,25.098695292678286,11.14571390424835
23.900000000000002,35.64313918535735,9.541520801728575,-0.00015312969051323386,-0.0030405426992583815,0.00058112000621443,1.7493448400250649,0.9827022232889456,-0.30071829366227776,-0.0023947415460313978,0.0009322147100617843,0.0014158256450871405,0.26669402832858086,1.0,1.0,104.47162489280934,-73.55748662629547,24.98172266428432,11.239614797957785
24.0,35.654089737772715,9.644080153670421,-0.00028384220269792656,-0.002957003471219412,0.0007599762533279405,1.7759444276938752,0.9895190904953575,-0.30028589061808886,-0.0010107925994579756,0.0004210345346505159,0.0007198874436449466,0.2655440496166842,1.0,0.9400120973587036,104.46061828523511,-72.45708393786862,24.864398730827073,11.333076385098941
24.1,35.662121187646214,9.747583868637522,-0.00030933164756034794,-0.002938047139509971,0.0008658983918125875,1.8024368523448242,0.9967766014545801,-0.2999227569365199,4.437341458911532e-05,-0.0003267103639247031,-4.107656802791637e-05,0.2645533417334793,1.0,1.0,104.47162489280934,-71.86080558466573,24.74672514217243,11.426097351369783
24.200000000000003,35.66719911216228,9.851994293123028,-0.0002706481199738889,-0.002980941615052168,0.0008991125554030003,1.8288268677458193,1.0048923938612933,-0.2996410194129995,0.0005463221452095106,-0.0008143294742349263,-0.0006399279792439564,0.26335819646555236,1.0,0.7999169826507568,104.42618702640742,-69.72886000342858,24.628703553103286,11.51867638866451
24.3,35.66921282465845,9.95753305180042,-0.0002085796664638609,-0.003027343519645648,0.0009406059642653521,1.8549915442133837,1.0185474565881785,-0.2993265863726803,0.0006734669660405142,-0.00047594775510996577,0.00010904432059207294,0.259964155815789,1.0,0.5477895736694336,104.32073797197936,-60.681206232376184,24.510335623296292,11.610812195091928
24.400000000000002,35.667921116547646,10.064823290419382,-0.00016416247781128834,-0.0030075690448507562,0.0011007169930811395,1.8806908297511034,1.0387135068435784,-0.29901458284972066,0.00043616687214915464,0.0001577362546352628,0.0010955952597553051,0.25515809469143896,1.0,0.6209516525268555,104.35846704131805,-56.69458054812242,24.391623017298517,11.70250347499379
24.5,35.66323123039673,10.1739754894545,-0.0001854889426725037,-0.002958276159574353,0.001256972343426184,1.9060034584427408,1.05851236484401,-0.2989120526399115,-9.505678272413856e-05,0.00010128307319836742,0.00036266960098675123,0.2521544987930428,1.0,1.0,104.47162489280934,-57.61275096104363,24.272567404504024,11.793748938962967
24.6,35.65517247382063,10.284702600748952,-0.0002639049533098375,-0.002946420865787443,0.001292022720158891,1.9311221111996861,1.076403296202403,-0.29902046374179103,-0.0003572545811915572,-0.00040384762998859025,-0.0007632096824361541,0.2505319087361225,1.0,0.7065158486366272,104.39474621879661,-55.695922390228986,24.1531704591304,11.884547303861638
24.700000000000003,35.643728658570296,10.396830581536895,-0.0003386919976829649,-0.0029850697200394785,0.0012581166653448772,1.9561010755805188,1.0931841112310783,-0.2993036197853502,-0.00011086620392408123,-0.0009162959838077322,-0.001278427170045638,0.24946813180276772,1.0,1.0,104.47162489280934,-56.710043083229785,24.03343386019523,11.974897292839294
24.8,35.62894834344736,10.510045250152402,-0.00036742960596044676,-0.003070540084899189,0.0011823710419893833,1.9810344746993531,1.1071743991436582,-0.2997908118669716,0.00035624218136159864,-0.0012837939773347976,-0.0016391883554530075,0.24931454061854755,1.0,1.0,104.47162489280934,-57.626727868098435,23.91335929149246,12.064797635350693
24.900000000000002,35.610893472206925,10.624022388750678,-0.00034116104183820514,-0.003173560547247972,0.0010817689226761556,2.005978258092202,1.1187398909181554,-0.30043806667736,0.0007392454788525568,-0.0012848247758960886,-0.0018669719062521164,0.24954339954587615,1.0,1.0,104.47162489280934,-58.45533830925134,23.792948441568733,12.154247067173756
25.0,35.58961301661744,10.73849134814596,-0.0002774171610112067,-0.003256440003548652,0.0009702276952826711,2.0309449700413094,1.1287308859241654,-0.301184329674641,0.0008675975220138932,-0.0009094363982756938,-0.001904585203128996,0.24967796990139593,1.0,0.8463433980941772,104.43911685657918,-58.05875137211071,23.672203003699636,12.243244330427324
25.1,35.56512649174752,10.853264758205189,-0.00020399822925474048,-0.0032936752022517724,0.0008639760465514634,2.0559140747163687,1.137525116216582,-0.30198843786027196,0.0007164316425160233,-0.00041584337191588594,-0.0018955243302754775,0.24974141883243894,1.0,1.0,104.47162489280934,-58.845853339234445,23.551124675865907,12.331788173588848
25.200000000000003,35.5374639386862,10.968151986071549,-0.0001441732884113911,-0.0032890358776745472,0.0007652213805730563,2.080882057693819,1.145793740152376,-0.302799813196582,0.00042136088219034954,1.588559843505531e-05,-0.0016535394621246323,0.24947359881639025,1.0,0.7070539593696594,104.39495030049817,-56.81861838315939,23.42971516072954,12.419877351511992
25.3,35.506590463802304,11.083091918696683,-0.00010678016866477513,-0.003254546877355222,0.0007048354053950092,2.1057949732478183,1.1540034012645497,-0.30359942649788274,9.731448841367e-05,0.00018710484377919149,-0.0013489370821604448,0.2490095202164612,1.0,1.0,104.47162489280934,-57.724871339723606,23.30797616560983,12.507510625444148
25.400000000000002,35.47247151420217,11.19802519001635,-9.252055075343703e-05,-0.003212569842650145,0.0006953562915080931,2.130614713925416,1.1647658606276725,-0.3043029230214778,-9.121171589323294e-05,0.0003703866568146088,-0.0002993518591956765,0.24708989015216232,1.0,0.47887176275253296,104.27868924878042,-48.38257017149047,23.185909402459398,12.594686763043832
25.5,35.43481407775518,11.31330311065893,-9.825405302995978e-05,-0.0031478702464717585,0.0008218254838404966,2.1551235909550805,1.1797690800229048,-0.30490947094121224,-0.00023266651225363512,0.0004221598443592175,0.0007263001606513613,0.24400064912071298,1.0,0.721604585647583,104.40036229210516,-47.570857148511415,23.063516587840084,12.681404538398063
25.6,35.39363245816599,11.428816548875835,-0.0001449372529781129,-0.0031159726150376105,0.0009392866776841285,2.179426536158101,1.1926488377910383,-0.3056318331881479,-0.0004777179761694974,-0.00017089562116796815,2.5612758753610477e-05,0.2426335543122947,1.0,0.9915061593055725,104.47018324660816,-49.31232840144372,22.94079944289883,12.76766273203954
25.700000000000003,35.34908602919046,11.544242643792263,-0.00021553043441190328,-0.0031561734508455497,0.0009449494749906282,2.2036787579670403,1.2025394975527588,-0.3064918387768424,-0.0005052836362145892,-0.0009206702662811925,-0.0011536874316670973,0.24255707599873286,1.0,1.0,104.47162489280934,-50.93977971843931,22.817759693343458,12.853460130963839
25.8,35.30128500499432,11.659331922084641,-0.0002606375984964523,-0.0032483158567604333,0.000879569188739861,2.2279305759139527,1.2115675424699557,-0.3074176468049682,-0.00015095826509502785,-0.0011875677118452141,-0.0014072699139694932,0.2423088407745351,1.0,0.642263650894165,104.36824644210066,-48.47199187244328,22.694399069418427,12.938795528646459
25.900000000000002,35.25017642932878,11.774056631708788,-0.0002512896713527901,-0.0033294972152379553,0.0008500612540322136,2.2520999515281974,1.2217682075710077,-0.3083429845381236,0.0003025440813152567,-0.0008574740943700964,-0.0008602406287611299,0.24122412684508013,1.0,0.6498018503189087,104.37158300456555,-46.41414057322829,22.570719305880473,13.023667725059774
26.0,35.195657143185926,11.888453374938617,-0.00020791704244348108,-0.0033548070019611166,0.0008905606153944861,2.276102022702255,1.2346409327325703,-0.3092067184407153,0.0005224067456451435,-0.00013701424530750418,7.319673530375883e-07,0.23891202931441416,1.0,0.485458642244339,104.28300291653014,-38.27498072229539,22.446722141974234,13.108075526689916
26.1,35.13745274999308,12.002751372454185,-0.0001725807156500322,-0.003300299187343936,0.0010219626741224434,2.2997776598645,1.2519649650377147,-0.3099551474404278,0.0004186682507697063,0.0005839553757457529,0.0007951654922996025,0.23523335128645326,1.0,0.41173920035362244,104.23090364299976,-29.74952778058009,22.322409321407783,13.19201774655356
26.200000000000003,35.07536361575294,12.117087652369113,-0.00018612749023099576,-0.00320357805577931,0.0011794151836609977,2.32308314539507,1.271296499050182,-0.31067285933009675,8.441249350517016e-05,0.0006946232031641381,0.0006845432976940311,0.2317344510084291,1.0,0.5581520199775696,104.3264941375606,-24.83759217887535,22.197782592328114,13.27549320421464
26.3,35.00935090259453,12.231414726225497,-0.00025186694566160225,-0.0031330016343906995,0.0012837031572873472,2.346084855271416,1.2908729639975034,-0.31142520663756035,-0.00013300721607867121,0.00018909093864162706,6.861715565783991e-05,0.22893585444771788,1.0,0.49875760078430176,104.29151717976599,-19.016714718021824,22.07284370729655,13.358500725800901
26.400000000000002,34.9393954442738,12.345656444146801,-0.0003323114372135803,-0.0031255035216906945,0.001337668157123283,2.368826439053564,1.3108378839578179,-0.31222751287392303,1.2497222727792345e-05,-0.0004887589059050573,-0.00027095767026011385,0.22641381974021382,1.0,0.18112772703170776,104.00590693702384,-9.645146296359068,21.947594423264096,13.44103914402043
26.5,34.8654978335121,12.45971805767547,-0.0003894424243586552,-0.0031789188392446328,0.001368028703988662,2.3913398964793937,1.3303135099709982,-0.31312402790726784,0.00039441389548718693,-0.0010460176842387405,-0.0005175562347069108,0.2243864104440453,1.0,0.3954668641090393,104.21822479390858,-3.642601490223072,21.822036501546755,13.52310729817809
26.6,34.787764410755734,12.573410210989634,-0.00040968896275086483,-0.0032726200574542813,0.0013618638230509781,2.4136978771609985,1.3479707750416903,-0.31415477084119814,0.0007663323077719645,-0.0013304917649418155,-0.000984059755547696,0.22314137639101034,1.0,0.6187799572944641,104.35744121287297,-5.065305347645561,21.696171707800723,13.604704034191812
26.700000000000003,34.706345360798515,12.686508573976965,-0.00039530069210713355,-0.0033733822580595966,0.0013077597419682483,2.435964169100388,1.3637694080470963,-0.3153025573591523,0.0010105153969331092,-0.0012398225629742527,-0.001450808981550881,0.22236637652930624,1.0,0.45079323649406433,104.25956445023247,-0.31652285781756373,21.570001811997592,13.685828204608839
26.8,34.621372589748695,12.798811114866057,-0.0003553357240479095,-0.003449024965853744,0.0012177482754351847,2.458169069295959,1.377860607097189,-0.3165342999572848,0.001088641944814442,-0.0008895016905577197,-0.0017845073079979228,0.22188219488821662,1.0,0.9936314821243286,104.47054743736189,-6.611579531293243,21.443528588399445,13.766478668621872
26.900000000000002,34.53298809950018,12.910115295139978,-0.0003024769218809464,-0.0034876463288789046,0.0011053690041605971,2.4803396045207635,1.3903776035020836,-0.31781360769259426,0.001015665568924654,-0.000481909065521302,-0.0019138022758518058,0.22155452415331905,1.0,0.3460289537906647,104.17691458413077,-0.2534018282098105,21.3167538155339,13.846654292085077
27.0,34.441293089176256,13.020257851216417,-0.000247859746364903,-0.003492621818609196,0.0009958160911773858,2.5024740216859223,1.4018407463108626,-0.3190987511500208,0.0008376939132263639,-0.00017468354657034597,-0.0018131751553739496,0.22118388747573725,1.0,0.3484829068183899,104.17906684938175,5.463161406624407,21.189679276169112,13.926353947530068
27.1,34.34636611379105,13.12910062632306,-0.00020132020645576335,-0.003479379757806843,0.0009067755554858712,2.524561736663589,1.4126856096266611,-0.3203619305082802,0.0006013251188699661,-4.1506587767105764e-05,-0.0015497321694729151,0.2206469559101302,1.0,0.485636442899704,104.28311846259847,8.614805626278379,21.062306757288702,14.005576514181769
27.200000000000003,34.24825077267793,13.236538097860764,-0.0001693194543965366,-0.0034635864328955916,0.0008501843671694238,2.546579142353201,1.4235286560213363,-0.32158116583090496,0.00036199232372052434,-3.734865125220204e-05,-0.0011516640884730418,0.21976767107655998,1.0,0.2935699224472046,104.12825693280008,14.13784239457619,20.93463805006661,14.084320877974136
27.3,34.14693649411933,13.34250874694654,-0.000154873660446175,-0.0034526005566966568,0.000834769613501749,2.5684851970551965,1.4346693694707973,-0.3227529375238611,0.00014903828626076994,-0.00012197326994385195,-0.0008080394760006963,0.21862310038091665,1.0,0.5288875102996826,104.30986785978062,15.59143994992019,20.806674949841934,14.162585931565836
27.400000000000002,34.04246619656949,13.446923228511904,-0.00015896058270963647,-0.003455437441792707,0.0008377775376931149,2.5902811933379586,1.4456658449808124,-0.32389896569410026,-9.389752524676068e-06,-0.00025911447149851597,-0.0006549537835013722,0.21746644355456912,1.0,0.4174468517303467,104.23524652502536,18.85948191305379,20.678419256093655,14.240370574355865
27.5,33.93482626430512,13.549729190710616,-0.0001738087063337467,-0.003465831250268933,0.0008617012175129175,2.6119373957141447,1.45753481070037,-0.32499379015755014,-5.050285540966561e-05,-0.0002862965307042349,-0.00039367151043155727,0.2158879398924386,1.0,0.35141125321388245,104.1816210218227,22.702854312980197,20.549872772415362,14.317673712498959
27.6,33.82394977002732,13.650908215692796,-0.00019271479682033283,-0.0034714670646457764,0.000914623184895657,2.633409028008919,1.470660910488923,-0.3260288125670479,-6.327035009205711e-06,-0.000210684284144216,-0.00010910659785195159,0.2138951782537772,1.0,0.3576144576072693,104.18698093441438,26.098278210473506,20.421037306489854,14.394494258921
27.700000000000003,33.70989392864927,13.750379169999421,-0.00021784339282399385,-0.0034810635415686666,0.0009499986340198892,2.654734007841614,1.4814958759148769,-0.3271197461300614,-2.0643989798366968e-05,-0.0004506989870298097,-0.0008416264823898123,0.21328324840545432,1.0,0.7924360036849976,104.42394639097304,18.896698975904815,20.291914670063754,14.470831133334336
27.8,33.59304177517984,13.847887927613716,-0.0002408810851424964,-0.003526662029322223,0.0008865977082001523,2.676083067130199,1.489802854114475,-0.3282758682410404,6.230919564578648e-05,-0.0006918326597944013,-0.0014560170944252445,0.21331144681721506,1.0,0.21053174138069153,104.0403789989008,24.33082190942281,20.162506678922007,14.546683262252913
27.900000000000002,33.473269919361904,13.943430655075007,-0.00023129553138359312,-0.0035612450218517238,0.0008593068606983581,2.6973193369529445,1.501231806136286,-0.329313088351958,0.0003434979335153717,-0.0003740948826528287,-0.0006501907901727773,0.21155384137868632,1.0,0.22674550116062164,104.05862327484577,29.075313048276332,20.032815152862348,14.622049579007431
28.0,33.35038805905825,14.037046194762198,-0.0002028377779536462,-0.0035546496255726184,0.0009153055489375724,2.7183337275766646,1.5145385238143465,-0.3302592675118874,0.00045114105269528445,2.235441501423066e-05,-3.458901106932622e-06,0.209248052306538,1.0,0.4148275554180145,104.23326020085962,31.085590827100493,19.90284191566974,14.696929023760298
28.1,33.224374738808294,14.128698538211944,-0.00019227407344879092,-0.003522043771811365,0.0009871392702524798,2.7391328481617636,1.5281945019878957,-0.33115736659708606,0.00030075710306511614,0.0001658180476956605,-9.217235105356007e-05,0.20717464454786808,1.0,0.4077814519405365,104.22786061211644,33.00312531466205,19.77258879509068,14.771320543520552
28.200000000000003,33.095206814638274,14.218347637750195,-0.00021097997596902017,-0.0034850480044792817,0.001041888649630137,2.7597147785432465,1.54314191910841,-0.3319825841403555,0.00015511326190685858,0.0001599944743617434,-0.0001559308188040351,0.20479617504337042,1.0,0.2504006624221802,104.08428412100054,36.663281264221425,19.64205762280753,14.845223092158683
28.3,32.96282303825263,14.305960982413763,-0.0002476788460828297,-0.0034208997755986017,0.0010854891024159059,2.7798815677497726,1.5580133228348618,-0.33246765945031026,0.00012461631636816303,0.0008069157723531442,-0.00048612583940340725,0.1985170116412508,1.0,-0.26923176646232605,100.57046926576635,43.95761959562955,19.511250234412753,14.918635630421306
28.400000000000002,32.82739717585109,14.39144443667242,-0.00028451028423036355,-0.003281908788847576,0.0010886832108307463,2.7992731927144336,1.5729098100634016,-0.3326298735162507,0.0003165058247336246,0.0010880057710433073,-0.0004965483802250518,0.19205756471954452,1.0,0.5128399729728699,102.66786592539754,42.89127722098006,19.380168469383086,14.991557125945818
28.5,32.68873739649261,14.474894473172988,-0.00030050853607819144,-0.003206723004901254,0.001148870529441024,2.818312277322615,1.5914705022609978,-0.3328670818033153,0.0006344166942360658,0.00024905281300863425,0.000324263114231223,0.1888468035169434,1.0,0.021946478635072708,102.09767085923822,47.72625899105872,19.248814171053695,15.063986553274887
28.6,32.54672503798103,14.556307254833708,-0.0003134224444344055,-0.0031529700921588497,0.0012423492725836369,2.836740873342115,1.60958609597339,-0.3326383783380885,0.0007278783432361699,0.0006433790253131619,5.026722512209501e-05,0.1800340138347266,1.0,-0.36168789863586426,97.81275192517487,54.37345640283671,19.117189186592235,15.135922893870898
28.700000000000003,32.40163446318828,14.635589903299325,-0.0003379601557226831,-0.0029998882021527356,0.0012620298753853914,2.854002826242204,1.6271958543867675,-0.33179146037159424,0.0008099622608699425,0.0016058091223273593,-0.00033016354287146237,0.16817228548756927,1.0,0.056083958595991135,97.95737728852578,57.82740983962756,18.98529536697288,15.207365136130228
28.8,32.253273558348425,14.712874869565962,-0.00035556365256696025,-0.0028002104324365965,0.0013072990992082697,2.87017351367729,1.64827832744047,-0.33054926650107896,0.0010410234803994126,0.0019247066790202144,0.00014526339533208529,0.15701486067229906,1.0,-0.19906842708587646,95.91168862451642,62.71956404231167,18.853134566950295,15.278312275397525
28.900000000000002,32.10165409160407,14.788214785523213,-0.00037394818163352184,-0.0025563286507199693,0.0013548930329293698,2.8850216732410594,1.6685859972109844,-0.32856576764789963,0.0011755697000938171,0.00253844616877541,-0.00014141135489422727,0.1420740462609877,1.0,-0.3845386803150177,91.9209341641455,68.01747077486495,18.720708645033554,15.348763313979823
29.0,31.946987917247263,14.861650421517059,-0.00039517145059873323,-0.0022607394143853146,0.0013581211758168026,2.898253431576984,1.6893915159046256,-0.3258376539409959,0.0013608120981698113,0.002705281755517137,-0.00016123496155102054,0.12648072314066627,1.0,-0.0063723549246788025,92.1675962903967,70.6589273050359,18.588019463459993,15.418717261160552
29.1,31.789063489451355,14.933383859101628,-0.00040729863588378443,-0.0020236215402156888,0.001413516046678963,2.9101219590821623,1.714090533857545,-0.3226936991442986,0.0016180852298566134,0.0018526863185691412,0.0005844581075052735,0.11347478698078617,1.0,-0.15262675285339355,91.13170564998904,74.04731837269787,18.455068888169055,15.488173133213472
29.200000000000003,31.627705958436614,15.003577601463665,-0.0004250958052853831,-0.0018764434936984254,0.0015239256474773447,2.9207092667394603,1.7413215375229072,-0.3191222442567777,0.00175727875497931,0.0009669469807065124,0.0010661014776971061,0.10099173871213596,1.0,-0.08403589576482773,90.81660159359669,76.66927277993285,18.321858788776005,15.557129953416535
29.3,31.462804671891053,15.072375598523747,-0.0004651579719318517,-0.0017898346292990355,0.001646274189598669,2.930046943608834,1.7698478939423,-0.3151124372924301,0.0017978476844435916,0.0007322476915502485,0.0009151455950226123,0.08786833840804853,1.0,-0.27677422761917114,88.63219875555886,80.15669835473015,18.188391038545674,15.625586752065594
29.400000000000002,31.294398710506155,15.139893842705488,-0.0005245183202925129,-0.0016808676140727388,0.0017301217760901913,2.9380106684928236,1.7992604069311848,-0.3106043606477691,0.0019443292690348682,0.0010399548541097617,0.0006445961973972952,0.07468462871817824,1.0,-0.00044990330934524536,89.24068236569838,81.58643220162594,18.054667514366095,15.693542566488041
29.5,31.122467096519674,15.206283941997341,-0.000582243662709048,-0.0015371634962541062,0.0017875121947088495,2.9447115434188005,1.8286533268955263,-0.3056133128272255,0.0022328982068009944,0.001704709992595106,0.0001982606554045899,0.06106866815265044,1.0,-0.39413896203041077,85.76058623523211,85.10867109991577,17.92069009672213,15.760996441056356
29.6,30.9472631737101,15.271637036828475,-0.0006226453926365886,-0.0013098922055542921,0.001780183101622567,2.949955715257297,1.856721016225282,-0.30000760297262297,0.002628205267968946,0.002191797728542336,-0.00024381897102039582,0.0478955380336196,1.0,0.1921968162059784,87.93023056571708,84.36633546320603,17.786460669669,15.827947427201543
29.700000000000003,30.768795301472693,15.33613781394912,-0.0006295862299364924,-0.001142653134220382,0.001775154872935767,2.954303010773496,1.8863007820215647,-0.29442116376022287,0.0030549612032757536,0.0011073840063400193,5.020730191187765e-05,0.040930281422383384,1.0,0.05444696545600891,89.01274063335384,84.95222044841839,17.65198112080582,15.894394583426461
29.8,30.58698331124413,15.399922123142067,-0.0006162703943587565,-0.0011150774799434386,0.0018041118430400392,2.9581582653871843,1.916888228469324,-0.2890331668719626,0.0032696286573513002,-0.0004410031525953077,0.00032103663432816933,0.03759588891872989,1.0,0.17202036082744598,90.75350786223399,84.42354234039166,17.51725334124902,15.960336975319073
29.900000000000002,30.40182420191462,15.463066073845267,-0.0006087588156032886,-0.0012192425435744454,0.0018364869580406924,2.9618179462284675,1.9475441529459308,-0.28396456522677366,0.0032397789967458196,-0.0013001284082684978,0.00021956853321659345,0.03549455542894434,1.0,-0.11728361248970032,90.18060839850587,86.26842791848311,17.382279225605785,16.025773675565574
30.0,30.21337251118362,15.52559293666617,-0.0006171650877713061,-0.0012924677890118683,0.0018399267741832299,2.9650363892629668,1.9773161309828233,-0.27876163707041085,0.0031477655226185017,-0.00017598926133003615,-0.00021416071363861443,0.029216093295035325,1.0,-0.2693140506744385,88.14041535490772,88.79714797213855,17.24706067194739,16.090703763963454
30.1,30.021795759081225,15.587538612522039,-0.0006306238281727232,-0.0011730633478930974,0.0017973815381413106,2.9673730071797446,2.0059731913660834,-0.2730450345336548,0.003193700725683571,0.002032613642925974,-0.0005373428755673342,0.01930453896986191,1.0,-0.15509416162967682,87.46804525420342,90.45777966397686,17.11159958178252,16.155126327434402
30.200000000000003,29.827180626842903,15.649010947877642,-0.0006308838321465739,-0.0008583338023410336,0.001747360221816256,2.968643850183549,2.0344230450778222,-0.266690724498841,0.003389855095608238,0.0037379031497724326,-0.0004781592618522453,0.0081065809721476,1.0,-0.18629340827465057,86.55768421855353,92.14248536114367,16.97589786003052,16.219040460037192
30.3,29.629616301591156,15.71014526224044,-0.0006170260529611527,-0.0004549960071374364,0.001708990720391473,2.96880093337004,2.0626234097195497,-0.2597106203884519,0.0035715324486227007,0.003924974605048994,-0.0003097715900441561,-0.0022355603066863267,1.0,0.039530638605356216,87.66484803679177,92.10398148954914,16.839957414994622,16.28244526298039
30.400000000000002,29.42919148638105,15.771089863796645,-0.0006011563162245603,-0.00012637140586962517,0.0016791984014173993,2.9680348937158345,2.090072290544949,-0.25226872404756406,0.0036088160410768116,0.0029045418205950113,-0.0003537472557874827,-0.01175857928863409,1.0,-0.2496890127658844,86.08082330222588,93.97369189559258,16.703780158335086,16.345339844634978
30.5,29.226118220025835,15.831961793633898,-0.0005933512672808948,7.695298101638071e-05,0.0016216863749502972,2.9663285509113226,2.1154387045844922,-0.24445595979552437,0.003526235406244786,0.0012451081790086729,-0.0007538003364088822,-0.019329030382707155,1.0,0.2537466287612915,88.54986563988786,91.73966119309475,16.567368005042344,16.407723320546964
30.6,29.02071053254096,15.892885503803807,-0.0005870303710330802,2.4212861624534468e-05,0.0015126286944142314,2.9644244772563706,2.137476727719246,-0.23728393546422916,0.0033994608861944173,-0.0017763016409055163,-0.001354063974970118,-0.01755518066041761,1.0,0.36875802278518677,91.30346590867164,88.35846842982009,16.43072287341005,16.46959481344973
30.700000000000003,28.81329803904995,15.953880998453053,-0.0005625600538752003,-0.00031502685148343545,0.001364819196732534,2.9630849641468626,2.157266202963817,-0.23125602146188334,0.003325997131114224,-0.004113924514228611,-0.0013783359748409745,-0.01071873553828671,1.0,0.05351513996720314,92.05525078341044,88.56853373953288,16.293846685008123,16.53095345327644
30.8,28.603875764515948,16.014919860907966,-0.0005070812052075695,-0.0007344523180303313,0.0012671916997646665,2.9623654510778796,2.1775206615287934,-0.2261299011408332,0.0032835005603780464,-0.003891250546175867,-0.0006853446489391307,-0.0051090496970849315,1.0,-0.005965724587440491,92.29216780665585,89.23235609325867,16.156741364655698,16.591798377172225
30.900000000000002,28.392403210086812,16.075965374007474,-0.00044331243704221645,-0.0010017362729461072,0.001230457390713725,2.962082960062861,2.1978041308147014,-0.2216111572372621,0.0030870454368090803,-0.001669224097287373,-0.00021292783812481187,-0.0016391061795098152,1.0,-0.05260397493839264,92.13184651361344,90.1766419842359,16.01940884039409,16.652128729506337
31.0,28.178981419394823,16.136958006845347,-0.00040346499559369735,-0.0009691130681651526,0.0011875415730154763,2.9618592401504378,2.2153577314628197,-0.2170600369824178,0.002700652262809524,0.001875306680859766,-0.0007911960109119849,-0.004096436502306874,1.0,-0.4210720360279083,87.99329137570783,92.97349440581439,15.881851043459655,16.7119436618842
31.1,27.964020763631932,16.197827287406046,-0.00038899454015133624,-0.0005916557687021661,0.00105597690972989,2.961053419461665,2.2295101459557394,-0.2119130265966677,0.0024088669053208417,0.0045468166566304076,-0.001479710692569441,-0.009769193169413016,1.0,0.18818619847297668,89.9256059049965,91.5154153969154,15.744069908256645,16.771242333159314
31.200000000000003,27.74764136874228,16.258639169650323,-0.0003662667165654911,-0.00013847105784166671,0.0009210191357305351,2.9598986885839373,2.2434523593422497,-0.20655684457585635,0.002376278369112911,0.004375945318898211,-0.0011761335717474066,-0.013322864066781048,1.0,-0.21827122569084167,88.45581535132439,93.27654503519379,15.606067372330003,16.83002390944509
31.3,27.529874682356613,16.319439802822075,-0.0003273686881765313,0.00021692191981554092,0.0008417720033759698,2.958256944331219,2.2574815879394174,-0.20077896974765289,0.0023766938965750707,0.0027934536988110906,-0.0005126938410009204,-0.018069313043120483,1.0,0.04570832848548889,89.42530657467799,93.07855464444627,15.46784537633812,16.88828756412658
31.400000000000002,27.310889222089415,16.380296294227612,-0.00029433902486762447,0.00029481975958195016,0.0007736228648814299,2.956527008818388,2.2672751719155504,-0.19545263673258803,0.002099610980209947,-0.0009324819204518195,-0.0011907081761649715,-0.014748738561934536,1.0,0.5396245718002319,92.66965478442931,86.69360483148513,15.329405864025535,16.946032477872095
31.5,27.091366841410956,16.441128537831467,-0.0002724891947086111,-7.724053363867794e-05,0.0005851802438865684,2.955790579084766,2.271596614609139,-0.19172281137034508,0.0017209213197286102,-0.0053188326077006,-0.0020271808096671558,-0.0021652099134133835,1.0,0.22377189993858337,94.3494911983555,85.47732731342906,15.190750782195607,17.003257838644743
31.6,26.871320702281462,16.501827857567356,-0.00022048715810501961,-0.0007494567956235898,0.0004209619371743676,2.9564457777085837,2.27677514768785,-0.1897036617103828,0.0015701795992853907,-0.007313720725538013,-0.0013054797648904995,0.012728728313236841,1.0,0.28161486983299255,96.16157292508859,83.75151230886989,15.05188208068314,17.059962841713833
31.700000000000003,26.651117647052562,16.56217876894645,-0.00015087728769525653,-0.0015357243568132509,0.00022318554458862535,2.9590472958884844,2.27086076441492,-0.1901622827610807,0.001045342344179657,-0.008469238260304037,-0.003303398200015328,0.03753906417448192,1.0,0.9356169700622559,99.44870400218608,69.76914003544847,14.91280171232696,17.116146689666188
31.8,26.432609034298704,16.62160130730969,-6.775967002484244e-05,-0.002495309081415391,-0.0003411341120915924,2.9650885012635566,2.244500428013291,-0.1944134342257332,0.00020655344037599739,-0.010290831319909547,-0.007183216007967124,0.07686898493637286,1.0,1.0,102.4771388586676,56.70043611515033,14.773511632942459,17.17180859241737
31.900000000000002,26.21693392336341,16.679404752829548,0.0001250716725457402,-0.0034672480971597967,-0.0010812905779859518,2.9749091026527137,2.2103933590516984,-0.201430117987708,-0.00019335879207683416,-0.008142334217922598,-0.007349650742255389,0.10867917553142903,1.0,-0.3907549977302551,97.77151914382496,62.600729732283945,14.634013801294074,17.226947767222796
32.0,26.003958223148558,16.735094935733002,0.0004543692611317934,-0.0038949489641713483,-0.0015732648131200524,2.9866939480590244,2.1805328463874116,-0.20892090046903572,-0.000481398765737215,-0.001414216543083065,-0.00365369383042811,0.12335055457744244,1.0,0.28411200642585754,99.2667793041432,63.04466309329477,14.494310179067773,17.281563438688735
32.1,25.792868207462917,16.788544016494235,0.0007863212124553624,-0.003703487525395648,-0.0016392437605440848,2.999634385189361,2.1590306520910785,-0.21645717224319236,-0.001547553726598124,0.0042199038008588225,0.0002778674846294569,0.13241921810275217,1.0,0.04396981745958328,99.18502473778562,65.76559060312125,14.354402730843422,17.3356548387832
32.2,25.582960390210825,16.839668941545582,0.0009375578016716095,-0.0030928467545078544,-0.0014526537948295077,3.0130006913196947,2.1429621219673445,-0.2231986321436978,-0.0034183491678919107,0.007385098877279311,0.0017778391841623434,0.13316251291343786,1.0,-0.2226552963256836,96.78018937411724,70.02436240206904,14.214293424067211,17.389221206846763
32.300000000000004,25.37381440501953,16.888433870480416,0.0008488583527828055,-0.002353287074699647,-0.001222230606235369,3.0260705642494923,2.1315503424697884,-0.22880430857789266,-0.004969473958853678,0.00711504524800488,0.0020963998965245795,0.1292744120301988,1.0,0.12752750515937805,97.50325490927231,71.34984296033738,14.073984229023967,17.442261789603265
32.4,25.164878924608065,16.934918858203552,0.0006088169274540883,-0.001864702309929306,-0.0009450622137178036,3.0388771715749896,2.126031573071122,-0.23380470115386326,-0.005294207566316378,0.003283421174198326,0.00279949163280615,0.12775387865072074,1.0,0.2678869962692261,98.94551421629444,71.13469064925314,13.933477118809437,17.49477584117038
32.5,24.955914134653725,16.979151821353845,0.0003312051260783036,-0.001776362400857454,-0.0006554063436076927,3.0513951315367205,2.1195002387806183,-0.23807934984742782,-0.004635454244015007,2.8968869189497596e-05,0.0021729052575668708,0.12134257189235047,1.0,-0.5252809524536133,92.33162302923137,76.09620924915711,13.792774069302538,17.546762623070123
32.6,24.747346766273846,17.02112578819722,0.00010887675292212091,-0.0018268319099092026,-0.00047935973557846435,3.062776865289325,2.1110837077606095,-0.2411463015949035,-0.003281228555985051,-0.000770199501457035,0.0015175455416898932,0.10983202468156968,1.0,0.20315295457839966,93.93142746993787,76.109696339679,13.65187705913759,17.598221404239226
32.7,24.539389272380966,17.060981426372113,-1.2984886431732266e-06,-0.0018459387561513675,-0.00041056563144953106,3.0728996532405226,2.0948070920503516,-0.24291345514378207,-0.0020103918882750263,0.0011110073843354398,-0.0011066664534195828,0.0923529552560288,1.0,-0.8372499942779541,79.769667391571,81.2128057074726,13.510788069676472,17.649151461039438
32.800000000000004,24.33356988191251,17.098791490735177,5.239872462660364e-06,-0.0014847817994014085,-0.000687540875900701,3.0805535293914574,2.0692834141833467,-0.2423283163415945,-0.0009546931111737542,0.004906848276462274,-0.0030837085422692734,0.06748326272243885,1.0,0.07261787354946136,81.76360364692896,81.94874196407599,13.369509084980775,17.69955207726766
32.9,24.12937708348304,17.134950593342325,0.00016452884220321385,-0.0009504825276621448,-0.0008445837509465341,3.0862869663669925,2.0543845964195624,-0.24052773121318127,3.2767569260064603e-05,0.005266352692500884,-0.00045731932065819463,0.05146616844327383,1.0,0.05685829371213913,83.4557048636604,82.74682910214047,13.228042091783891,17.749422544166073
33.0,23.92602774561652,17.169768178437103,0.00035678835193246535,-0.0005694661977606805,-0.0007407427311157053,3.0908670487843,2.046250920479628,-0.23814887981616945,-0.00010097088496761365,0.002504534830589914,0.0016814099999483134,0.043391057269842055,1.0,0.32421761751174927,86.51074889131213,80.787028227469,13.086389079463085,17.798762160432048
33.1,23.723061319572373,17.203430667051226,0.0004322541920858163,-0.0005476102612789221,-0.000533598960787235,3.095019812315843,2.0428315467874962,-0.23576388772164092,-0.001195243828742392,-0.001026333315966869,0.002189827374516149,0.03997807880893769,1.0,-0.10299328714609146,86.4735033749591,82.88823688780458,12.944552040011509,17.847570232228037
33.2,23.519950898206275,17.23603594709846,0.0003539571275126879,-0.000758491042296745,-0.0003033987916082621,3.09875101477873,2.045050596250954,-0.233254343788623,-0.002180431825591562,-0.002539605629832226,0.0023471168648815425,0.03566274114748068,1.0,0.01561189815402031,87.41176731131299,83.93045761941252,12.802532968010185,17.89584607319135
33.300000000000004,23.31625657833665,17.26767844693859,0.00017816669810021989,-0.0009756226715498319,-6.595565132406613e-05,3.101964894213801,2.0505660814094315,-0.23049400589743857,-0.0024010525728604157,-0.0014714613613003758,0.002253219440832048,0.028809275573018024,1.0,-0.3437845706939697,84.76424339591006,87.02459457479216,12.660333860599977,17.943589004443766
33.4,23.112228781624978,17.298446669859953,-1.9674814417423456e-05,-0.0010364179413038747,4.4370904122715094e-05,3.104599767562642,2.047970533865466,-0.2277593377854253,-0.0020401058297942302,-0.0006864683220698866,-0.00032497561283231183,0.02790433539180933,1.0,0.6738808155059814,88.77216301005504,75.5828023829455,12.517956717453494,17.99079835460109
33.5,22.90905145685917,17.328397342860683,-0.0001452518677748044,-0.0011873032685325317,-0.00013026163446588392,3.1079878480549965,2.0376232109540946,-0.22618996993848348,-0.0010744076142679927,-0.0017739285515923143,-0.001961358151070542,0.03683982159376044,1.0,-0.1564687192440033,88.02602217436142,78.52135716095101,12.375403540746959,18.037473459782625
33.6,22.70637250959421,17.357449591177247,-0.00010470031045315659,-0.001343187043635681,-0.00020819487790512713,3.111930154750076,2.0342557082650656,-0.22492683466678196,0.00027110990338064737,-0.0013111498924562991,0.00013303817489327687,0.040985885586643726,1.0,0.04887565225362778,89.05956394570514,79.71496077585257,12.232676335132071,18.08361366362047
33.7,22.503547778834008,17.385563770775676,2.799692158800801e-05,-0.001417198766223142,-6.252215332263814e-05,3.1161961684229498,2.036687514326508,-0.22390188328359942,0.0008025619887149183,-0.00028366166661288755,0.0020443972157160625,0.04345403509838865,1.0,-0.02243860810995102,89.45482135740887,81.35373300335203,12.08977710770781,18.129218317268766
33.800000000000004,22.300084755980272,17.412713766541483,0.00010995455145932312,-0.0013845108829562828,0.0001780694876221884,3.12062737969906,2.0435340728936096,-0.22298861518975804,0.0003189349175910046,0.0006250976356174808,0.0023516486325835884,0.04504107583260462,1.0,0.10731485486030579,90.75160796931252,81.77351140661685,11.946707867992206,18.17428677941283
33.9,22.09562592596881,17.43887810794802,7.015357747832516e-05,-0.001283403452344072,0.0003816499676936656,3.1251514019941284,2.053212901841128,-0.22204692703592144,-0.00044597854784945523,0.001346113324923527,0.0016412777389488093,0.04449164798559451,1.0,-0.22480745613574982,89.13465985042983,84.50578088503408,11.803470627894082,18.218818416278147
34.0,21.88996112815853,17.46403589439967,-5.813985727064741e-05,-0.00110320733513546,0.0005169380090642355,3.1293772829689246,2.065192957052657,-0.22073210266166857,-0.000676746772153281,0.001905620082665817,0.0012090250827674614,0.04100251795926125,1.0,0.05249086767435074,90.08752611140298,85.09450725647261,11.66006740168477,18.26281260163931
34.1,21.682893445637365,17.488227662231758,-0.0001983747656761063,-0.0009671391000000464,0.0006359573246613926,3.1334839511246773,2.078103758013557,-0.21955989747433444,-0.00025064101454981097,0.0006080173876854146,0.0010170365735511532,0.042357145082693975,1.0,0.4062139391899109,92.83851713756539,81.84502052530533,11.516500205969773,18.306268716828818
34.2,21.474495711671768,17.51146175304993,-0.00029999679695787347,-0.0010340463082551248,0.0007282630794380801,3.1380088509133404,2.0905331274468315,-0.21890212832911196,0.000482614845542788,-0.0013304184172311234,0.0008877530639916722,0.046394987246132315,1.0,-0.1244065910577774,92.00057760463794,83.9832376545354,11.372771059660415,18.349186150745766
34.300000000000004,21.264632502749166,17.53367621101536,-0.0003431764594717105,-0.0011964303826719094,0.0008374691101078679,3.142699946373269,2.104952808636327,-0.21834801673086626,0.001229113022825926,-0.0017588952915526834,0.0011533670194371634,0.047296993967039895,1.0,0.07155899703502655,92.81205316984236,84.46200889253403,11.228881983945449,18.391564299864434
34.4,21.053492819016046,17.554865264529543,-0.00035688352784412486,-0.001419943488939833,0.0008631410527428053,3.147821013757123,2.111809849391866,-0.21863132393266888,0.001432826192492486,-0.0030646136143996187,-0.0011710496207646482,0.056348252087399714,1.0,0.6593432426452637,96.01739317575637,73.545720183086,11.08483500226263,18.433402568242812
34.5,20.84242826258043,17.57497735649901,-0.0003468610181437034,-0.001808693948521682,0.0005527806480803052,3.154298195988602,2.10652912000986,-0.22018175031750653,0.0013510509735283017,-0.003804107676965368,-0.004065831786529778,0.0679886897985327,1.0,-0.42171868681907654,91.49607531407194,77.9427873318091,10.94063214027026,18.474700367530936
34.6,20.631800828851453,17.593833995574055,-0.00023766616531661143,-0.002065353478769098,0.00016884914599015423,3.1613277108777296,2.101091962654349,-0.22186641778614058,0.001603386795215238,-0.0019171740276364797,-0.0035326453206907826,0.07276035367785194,1.0,0.428880512714386,94.19406256036397,75.05244096481422,10.796275425818717,18.515457116979192
34.7,20.42141100769889,17.611365978755618,-3.8928244868015056e-05,-0.002169086946208023,-4.019561691175328e-05,3.1690251399968026,2.0989033755510964,-0.22405704703392013,0.0016109492055812683,-0.0003587227340005953,-0.0012957065511215197,0.07904256375258065,1.0,-0.028606384992599487,94.04674121964484,77.18496073231246,10.651766888921916,18.555672243446452
34.800000000000004,20.210833919087786,17.6274600828547,0.00014508732005387285,-0.002120041733732174,-3.534210541820923e-05,3.177169195077344,2.1008998197669992,-0.22635152398059213,0.0009028634419483442,0.0008464117535426722,0.00046562482634459755,0.08337622017397973,1.0,0.26177531480789185,95.79078533607398,76.47646230893379,10.507108561728774,18.595345181408156
34.9,19.999855309744053,17.642038622231325,0.00021111285194912635,-0.002067378219694568,3.862372321281661e-05,3.1859810768155556,2.1030521391183856,-0.22920245942381173,-0.000338946585948479,-3.637839303371858e-05,0.00029962754888081,0.092306888339824,1.0,0.5310400724411011,98.39966032129358,71.89139860113285,10.362302478494634,18.63447537296429
35.0,19.78900069495766,17.65502885385011,0.00014603367088195343,-0.0022588850199331857,-5.505006650769266e-05,3.196246416371209,2.095120680615638,-0.23348701967690855,-0.0015438668104039057,-0.003550473404447436,-0.0025763991725468844,0.11145502697010581,1.0,1.0,101.52888645875727,58.61878976885938,10.217350675552657,18.673062267847158
35.1,19.579440008764333,17.666291787378995,6.203685641924101e-05,-0.002844829872150027,-0.0004048450056912759,3.208879853034228,2.0791973551448395,-0.23963315143548974,-0.001814586709596932,-0.006932422474003267,-0.0038675263207770642,0.1355699053604656,1.0,0.5099226236343384,103.5256162130119,56.203005176972084,10.07225519128518,18.7111053234292
35.2,19.371065889004342,17.67550492946021,9.85448732220496e-05,-0.0035630596291870635,-0.0006267866319762826,3.2235958484242953,2.0663043455643604,-0.24686727568067993,-0.0012075556140239095,-0.006694030278548446,-0.0018358592785008261,0.15387734302638129,1.0,0.4718712270259857,104.2740335054718,54.719709652667326,9.927018066095062,18.748604004730574
35.300000000000004,19.16387137112263,17.682383538084764,0.00022582657900304488,-0.0040098353577706376,-0.0006707096676373661,3.239502480998605,2.0519070700915854,-0.2540971878237658,-0.0009932529350047705,-0.0021893220290765854,-0.000718542303000082,0.16010817414286943,1.0,-0.33703264594078064,99.77974234078685,60.59154205875222,9.781641342376982,18.785557784426686
35.4,18.957975484076517,17.68676567304311,0.00034652304329207614,-0.003842503655193815,-0.0006635042430828274,3.2551877141515537,2.037809733694134,-0.2600881281473107,-0.0013737364035172539,0.004343840816289326,-0.0004528374307434447,0.15366458349686496,1.0,-0.25615596771240234,96.9617116570036,65.52175056496674,9.63612706448872,18.821966142855622
35.5,18.753285941026718,17.688664714127608,0.0004016846925925967,-0.0031999029681991876,-0.0006590370423832816,3.2701823281981293,2.0245579488163465,-0.26507234735697155,-0.001985980452540124,0.007002387512359788,-0.0006538990852978455,0.14935217491608105,1.0,0.5896651744842529,99.61189242962844,59.81244892654303,9.490477278722413,18.857828568025433
35.6,18.549781806515966,17.688146889953767,0.0003878901004068591,-0.0026438008032632094,-0.0006686577868664874,3.2852697061994878,2.0135601189873062,-0.26981968164408876,-0.0024059427491186134,0.004421827693927079,-0.00015916017769607735,0.1516704640292056,1.0,0.18790081143379211,100.42627152418109,61.54328810933058,9.344694033275772,18.89314455562137
35.7,18.346906629222982,17.685089672663388,0.00033993030120239544,-0.002444853949243522,-0.0005455292623873063,3.30049499978257,2.0094712574569535,-0.2741769477903239,-0.0024336612977738856,0.0005266255614573291,0.0015379210024651577,0.1524330580484886,1.0,0.1622517704963684,101.01259013654764,63.35801733096843,9.198779378223282,18.927913609012933
35.800000000000004,18.144148406338154,17.679379822957795,0.0002595110077999626,-0.00261039452190195,-0.000285232480487759,3.3158110349944,2.0096756552219013,-0.27847154148402975,-0.002367539261519199,-0.002913655583485822,0.0024695307208499402,0.1542529235422262,1.0,0.45390424132347107,102.88250457751845,61.48323570479013,9.05273536548738,18.962135239260874
35.9,17.941312112350232,17.67096200295102,0.00013976716815425474,-0.003044163542846879,-1.0627731629506414e-05,3.3315315248461395,2.0110123630389554,-0.2831590882924685,-0.002280316729688263,-0.0049701977563833604,0.002008685588129022,0.15946914790393305,1.0,0.4981035888195038,104.29110450454107,59.022886694269495,8.906564048809582,18.995808965124098
36.0,17.73853516551443,17.659790374723837,4.912470431846479e-06,-0.0035287198821765823,0.0001552111504107919,3.347763694505252,2.0102595921657214,-0.28810962466132395,-0.0020021280511363813,-0.004412605228981973,0.0005940917185569754,0.1638809664607151,1.0,0.37010955810546875,104.19757026070941,58.76747142564208,8.760267483721625,19.028934313066372
36.1,17.535955311344495,17.645796925555597,-8.91368891560813e-05,-0.003791440732160259,0.00022276133848873672,3.3641463682833908,2.009368969456487,-0.29272897186329044,-0.0013382805248670093,-0.0010953236533358182,-0.00015330602432518743,0.1623784335759667,1.0,-0.22051385045051575,101.09226545837736,63.68710331021471,8.613847727516543,19.06151081726305
36.2,17.333558436549776,17.628931080219242,-0.00011044434473932513,-0.00367217310545713,0.0002660959204377016,3.380108730822126,2.009775494998606,-0.2966890959306089,-0.0005248211287445432,0.002221806368124524,-9.154706422969633e-05,0.15886884371886392,1.0,0.46815475821495056,103.00154884914971,61.54746380111825,8.467306839219743,19.093538019607564
36.300000000000004,17.13125457804689,17.609196919499617,-8.126431845628017e-05,-0.003418754033818655,0.00031736696265887966,3.3961296236605185,2.0106699499740497,-0.3006359929736425,-5.6056005919514804e-05,0.002274647501573652,-0.00021825745096326816,0.16167556560067153,1.0,0.5331116914749146,104.3123392034977,58.34863951652921,8.320646879560055,19.125015469717937
36.4,16.929251453164696,17.586584896933665,-4.809660246926105e-05,-0.00325315376084512,0.0003032389300951654,3.4124087063733417,2.0099165544424715,-0.3043231142622297,-6.49352471621979e-05,0.0012747723782685519,-0.0008181540330148635,0.16242128015935903,1.0,-0.08768297731876373,102.35439402722339,62.503601481330925,8.173869910940741,19.155942724943017
36.5,16.72742821972313,17.560986662027997,-2.0580131153522883e-05,-0.0031692135719705006,0.00029669557267569563,3.4285022153139875,2.012631475876564,-0.30751596944497334,-0.0001477312492723344,0.00033170610477678303,-0.0003174277690429468,0.16044629115416228,1.0,0.3411156237125397,103.66701735028126,62.28237368522817,8.026977997410508,19.18631935036879
36.6,16.52554117797984,17.532328141398324,-9.949009228268173e-06,-0.0032164553198342533,0.0003488626346298123,3.444573958417315,2.0172228693612477,-0.3106701104280925,-0.00032968567449028624,-0.0010594876253132066,5.2875133689006986e-05,0.16102039830629483,1.0,0.38890790939331055,104.21298810641295,61.46372663203009,7.879973204634466,19.216144918824476
36.7,16.323863432485975,17.500651101226634,-3.326831696581883e-05,-0.003306011790019697,0.00033652610774949777,3.460438619555628,2.016343080743156,-0.3132539919985022,-0.0006729019280940997,-0.00029846369393766954,-0.001390244479188626,0.1548905517786504,1.0,-0.4981752336025238,97.39082335888182,67.27473241321033,7.732857599865092,19.245419010888504
36.800000000000004,16.1229802575378,17.466150678247235,-5.659754362825958e-05,-0.003178620495505909,0.000189394936759008,3.4751716861795368,2.013216711146241,-0.3146609865011325,-0.0006182377884442135,0.002025041665956014,-0.001808055696707913,0.14312749380921724,1.0,0.16297851502895355,98.27312243937803,68.53181520610909,7.585633251913152,19.274141214894428
36.9,15.922535928063207,17.42886083679737,-2.694893509729268e-05,-0.002944554305947192,0.00014931942808545895,3.489103446008603,2.0155561759037455,-0.3156707549794591,-0.00018609266502718876,0.002168525660150333,-0.00013681450338501338,0.1377211008283411,1.0,0.34303903579711914,99.9860615344681,67.70753447552156,7.438302231118615,19.302311126936743
37.0,15.72216897783331,17.38873937418359,1.8829414725517914e-05,-0.0028029752426987154,0.000260220343804123,3.502749168231405,2.0215722254200346,-0.31652875672440245,-7.20000955307883e-05,0.0008633151110135765,0.0011873571083616968,0.13542633547724545,1.0,0.06959998607635498,100.01671535295266,69.76670848399506,7.290866609321532,19.329928350876514
37.1,15.521591027611807,17.345684700623455,1.8195707391797423e-05,-0.002766335595433338,0.0004439802135214687,3.516035556490347,2.0306628058027085,-0.31700605531500975,-0.0003420787307524836,0.00012999330055692214,0.0015043661592292483,0.13061033077374204,1.0,-0.0944584533572197,98.75713530219225,72.87012608683845,7.143328459832906,19.35699249834699
37.2,15.320612075257861,17.29964530789529,-5.0160920280889154e-05,-0.002741562122898573,0.0006162573582219325,3.528683763041085,2.0422010080054847,-0.3169957500261743,-0.0005823600821362801,0.0002604997619174407,0.0012944058531291214,0.12378777282351625,1.0,0.028034746646881104,98.60790180469574,74.77617499315119,6.995689857405532,19.383503188759036
37.300000000000004,15.119007234079115,17.25059750199416,-0.0001564886728073641,-0.00270129624022044,0.0007728512144301932,3.540731214407777,2.0563875897528194,-0.3167261597718375,-0.0004453609777729432,0.0002727270318888633,0.0012191305073874338,0.11877268692387276,1.0,0.19234304130077362,99.54401500184163,75.02511853579168,6.847952878204822,19.409460049306517
37.4,14.91704704324296,17.19869818970622,-0.0002700437108728126,-0.002598225230546163,0.0007969724710073158,3.55203379783053,2.0607700854019377,-0.31563935444213,-0.0002607476314777309,0.0020385726857067707,-0.001748157561087087,0.10622794375188613,1.0,-0.6368706226348877,87.68588463850504,79.8918719842512,6.7001195997796135,19.434862714971494
37.5,14.716191826917493,17.1446622050704,-0.00032902941713828355,-0.002165530198133593,0.0004501051593119922,3.5612738318622905,2.0539526332724316,-0.31258341563319586,0.00035849814384495164,0.00548192384734916,-0.004082151471519701,0.08358007822993067,1.0,-0.2290685474872589,86.31896887860809,82.82761468447832,6.552192101032949,19.459710828529417
37.6,14.516251082570806,17.088717775256605,-0.0002299133827575284,-0.001531756637404735,0.00016647961244423818,3.5684044562177224,2.052924343835463,-0.30807801810201657,0.0014820024640589304,0.006526124775735935,-0.00196828934446887,0.06336528099060212,1.0,-0.22263717651367188,85.15048213377243,85.44698357094354,6.404172462192839,19.484004040554083
37.7,14.317107762183914,17.031110427326546,-4.729113383771339e-05,-0.0008729693032326331,1.676990885378735e-05,3.573322805136809,2.0464692438419347,-0.30173406715689943,0.0015770684671313415,0.006858438871131778,-0.0021446536449267126,0.037692088232871325,1.0,-0.6987485289573669,73.46977664278721,89.43706634916869,6.256062764783017,19.5077420094226
37.800000000000004,14.119985368020611,16.97271863011564,9.770324886129175e-05,-9.229115383344564e-05,-0.0003855540505617677,3.5748783430259956,2.0248130160094084,-0.29242205665589505,0.0006375416468017252,0.008573462056670133,-0.005292933628033999,-0.0006715878252232365,1.0,-0.7798970937728882,61.85249421170153,93.1798308363592,6.107865091593662,19.530924401320185
37.9,13.925750264006764,16.91443583335003,0.00023162034623575104,0.0008842503400760933,-0.001006775540839352,3.5720549120374665,1.9960507957457434,-0.27963327236005503,-8.316245632936232e-05,0.01038410301496109,-0.006392749668825035,-0.04716353378754075,1.0,-0.6957498788833618,52.45755012874972,96.42134858624436,5.959581526652111,19.55355089024482
38.0,13.734555341019462,16.856950759476494,0.0004129240429574894,0.0019435884172600423,-0.0015527925092359077,3.564495007656649,1.9662218311821806,-0.2635142946399193,-0.00040963787656349146,0.010218950943865074,-0.004770700654165183,-0.09417415813785114,1.0,-0.7133947014808655,43.6973967450334,99.3837578987822,5.811214155193553,19.575621158011884
38.1,13.546081417540561,16.800762923688772,0.0006181823305932634,0.0028140618391591637,-0.0018174070043055495,3.552609566391755,1.9413196026878803,-0.24489886686803258,-0.0008591230883042234,0.006887594477580938,-0.0014609830890073105,-0.1336083161632944,1.0,-0.4755343794822693,43.35297103217114,101.48095915420484,5.662765063631702,19.597134894258602
38.2,13.359484822175478,16.74609258578222,0.0007558260252457673,0.003167211096728612,-0.0017382720251649473,3.537691713127515,1.9234320975277566,-0.22542856333801312,-0.001868926628958987,0.00046044263433865054,0.0011927462766443495,-0.1566582465290391,1.0,0.2343466579914093,49.82719846145395,98.73312062023935,5.514236339529464,19.61809179644841
38.300000000000004,13.174236863905747,16.693161647895764,0.0007395325737667691,0.0028265346291702245,-0.001506776045741532,3.5215264366158565,1.9096001107436749,-0.20677932740472516,-0.003171596431776306,-0.006097732539643659,0.0021470150817461,-0.1635771741750526,1.0,0.13013434410095215,55.0779368523063,97.27635308811053,5.365630071569573,19.638491569875214
38.400000000000006,12.989740068811331,16.641962289559288,0.0005884131970827838,0.0020471206978441886,-0.0012019740876217306,3.505130949479026,1.9022903338701762,-0.18944126954089704,-0.003865532257828639,-0.008599202356858009,0.0030136646734194093,-0.1638974298833477,1.0,-0.057248979806900024,58.45449019681135,97.48076740925777,5.216948349525223,19.658333927667535
38.5,12.805307440673484,16.59234892664407,0.00037858168644425724,0.0012988039849620994,-0.0008182636785523893,3.488861229592304,1.9015420567878811,-0.17337741722323685,-0.0036284228005827694,-0.00657503005087057,0.0038516956065542504,-0.16143011915661934,1.0,0.055680058896541595,62.377761625073965,96.79636894027684,5.068193264230681,19.677618590792548
38.6,12.620573141842236,16.54426644821375,0.00016720325564344946,0.0008577935770834306,-0.0004447090637213095,3.47318681608626,1.9010777051376213,-0.15886724913982672,-0.002863414377921932,-0.003298508629110137,0.002961136886324996,-0.1520622943438604,1.0,0.4904232621192932,68.07722547553988,91.0861168221665,4.919366907551882,19.69634528806
38.7,12.435822720292592,16.49781881167061,-4.103781805870132e-06,0.0006638795523003288,-0.00024534180953492254,3.4589621377660085,1.8977946929340446,-0.1463942595754772,-0.001821302865808965,-0.0012635779641100588,0.001348717771917131,-0.13529700576068793,1.0,0.3574679493904114,72.75178441600463,87.91319983473544,4.770471372357013,19.71451375612601
38.800000000000004,12.250979491677704,16.45284875272906,-8.40539178437273e-05,0.0006034755535273325,-0.00012163633584578128,3.4465232756259545,1.897426652117372,-0.13577230914991387,-0.0005953758566649434,-0.00032686283885016406,0.0012325308267875342,-0.11721515571771846,1.0,0.23469775915145874,76.40324067893512,86.46523459566431,4.6215087524870855,19.7321237394968
38.900000000000006,12.065730778288986,16.4090768623243,-8.21488063314975e-05,0.0005671330598177065,2.9872702817939346e-05,3.4359069460201583,1.9002945900809192,-0.1268741929440165,0.0002743585583719345,-0.0005999129834159156,0.00151426588660231,-0.09847102584852448,1.0,0.35994279384613037,80.28802675710352,83.70465807232604,4.472481142726487,19.749174990532268
39.0,11.879953520134668,16.36628579468527,-5.986836475984474e-05,0.00042324581010786625,0.0001644371509843072,3.427323247403397,1.9038922338358206,-0.11991550577790457,0.0004967898073512713,-0.002119511610611714,0.001050240386592796,-0.07695443802830185,1.0,0.4354795813560486,84.08608826186293,80.16162252572128,4.323390638773523,19.76566726944948
39.1,11.693584911501153,16.324248509112945,-5.670907960534229e-05,0.00011511369188309916,0.00024936331368594067,3.4209713319747523,1.909688901863439,-0.11493642669664049,0.00041262104383367205,-0.0035136522792937946,0.0008605840519237413,-0.0550390095867428,1.0,0.1574682593345642,86.21367693910034,80.23325453131861,4.174239337210947,19.78160034432603
39.2,11.50638440361039,16.282643418413237,-7.662033630180972e-05,-0.00019616249694299803,0.00033235116032482345,3.416383152768201,1.9170023585849307,-0.11109605038364055,0.0002885454740664561,-0.0022539392785986094,0.0006043585284989531,-0.04202361071505915,1.0,-0.4917605221271515,81.49566597744668,84.22129917562732,4.025029335476483,19.796973991103314
39.300000000000004,11.318614484829796,16.24134794501584,-0.00011641647666813414,-0.00026919726813302207,0.0003263347978829999,3.4126134009192812,1.9205333389984112,-0.10777435428849033,0.0002081404553461669,-0.0001550226500214371,-0.0005444543334014941,-0.03317114325155812,1.0,0.5380890369415283,85.49765104264506,78.72505610142666,3.8757627318333174,19.81178799358969
39.400000000000006,11.130507049717808,16.200346866578325,-0.00013873580991744037,-0.00027897497855384925,0.000255861344731482,3.410140069850448,1.9243080523052,-0.10565846850556805,0.0004428084354562938,-1.664050145758655e-05,-0.00042507251747930233,-0.019867217606597157,1.0,-0.08696845173835754,85.69843888404975,80.91744197290868,3.7264416253406067,19.826042143463475
39.5,10.941810671424589,16.159415688869498,-0.00012092762369719883,-0.00031570099578321454,0.0002645442748024363,3.4089352699421194,1.929915805102017,-0.1045511801018783,0.0007258861403281964,-0.000988026610706463,0.00019208666333912587,-0.005448142472346212,1.0,0.5343231558799744,89.28616936342387,75.82905932293009,3.5770681158239497,19.839736240275933
39.6,10.752909036768196,16.118530434948678,-0.00010027147312074212,-0.0006100820139770995,0.00021255356101752482,3.40983479968943,1.9282816350794103,-0.10560929539744601,0.000556878935223163,-0.004560901251756227,-0.0013532695553910591,0.020412072788158844,1.0,0.6230442523956299,92.75213025478357,66.63418947324548,3.427644303845862,19.85287009145405
39.7,10.564821219517809,16.077741651009713,-7.972163130466107e-05,-0.0013381328501833817,-7.092513144857604e-05,3.414028215924358,1.9156683991790844,-0.10977015357836906,0.00020680951893255908,-0.009045867512139398,-0.0038502229492687707,0.05754570662316059,1.0,0.7802247405052185,96.17687834666886,55.67004406489225,3.2781722906762374,19.865443512303266
39.800000000000004,10.3782713877729,16.036860228717885,2.5581221897222362e-06,-0.002359768679438192,-0.00045278345558046745,3.422028901754457,1.9014226775803027,-0.1167322385088445,0.00023654434550166793,-0.010065391326506749,-0.0033147295711660474,0.09293091941293001,1.0,0.026706844568252563,96.26572523974289,59.23929618894889,3.1286541782627975,19.877456326010048
39.900000000000006,10.192758780600837,15.995272558997158,0.00016778282790901934,-0.003145282863034901,-0.0005618270629208755,3.4327906926564573,1.8954915231028424,-0.1250645024380559,0.00032615477840038733,-0.005869168818801642,-5.711173926433203e-05,0.11639569690709262,1.0,0.27265310287475586,97.8502812662522,60.1348340718088,2.9790920692015344,19.888908363644404
40.0,10.007948231082,15.95253754207739,0.00030370878449379265,-0.0034509350740129334,-0.00045639338420237687,3.44572149818444,1.8887521690230331,-0.13460171981188376,-0.00045762348179804286,-0.0014764681757860206,0.0003175973461577243,0.1389290123562736,1.0,0.9059292674064636,100.94497259730736,48.64201121057248,2.829488066707142,19.899799464162243
40.1,9.824575208694455,15.908592376107622,0.000317835908580363,-0.0034972393917511854,-0.0005054557486864482,3.461197136541282,1.8741798884964658,-0.14554362826376774,-0.0016769168863131694,-1.9252376023545917e-05,-0.00190465857548613,0.1653998417384753,1.0,0.9139429330825806,103.75073335162935,38.19234175922036,2.67984427458344,19.910129474407647
40.2,9.642994319568293,15.863188055171577,0.0002750073384893491,-0.0034833188135831154,-0.000659905783413021,3.4790480321514026,1.8607180094311657,-0.1570958045209928,-0.0021152507072397355,0.0005824643594757235,-0.0018150527604820228,0.1851986591227229,1.0,0.09057530760765076,103.56297887144346,42.90677968883776,2.530162797193789,19.919898249115022
40.300000000000004,9.462756034187205,15.815820821528952,0.0002604656565383185,-0.0033673951710088247,-0.0006366438705580245,3.4981240833098526,1.8543852109115286,-0.16826400320015103,-0.0018067149094412177,0.0017334187657475977,0.000597450732104359,0.19338805934554718,1.0,0.14247281849384308,103.72780664727058,46.69936650514619,2.3804457394314986,19.929105650911126
40.400000000000006,9.2840506829549,15.766347217619634,0.00024226708389984974,-0.003054883909599313,-0.0005933173194825122,3.5171197429304524,1.835307188032163,-0.17791648698517293,-0.0020177196479942913,0.004909705806654219,-0.002213526099658999,0.18340440878803818,1.0,-1.0,87.39638109717411,54.79591567767121,2.2306952066902257,19.937751550317017
40.5,9.109507035753392,15.715770158750283,0.0002022833288182522,-0.0022522227364566135,-0.0011751282552437319,3.533676049333078,1.7873525544750484,-0.18429215146641797,-0.0023769930470173973,0.010250613443357011,-0.00863388136243636,0.15189862643539945,1.0,-1.0,72.63406590105104,62.114554857030406,2.0809133048343695,19.94583582574989
40.6,8.940812081557588,15.665146372142225,0.00030492423065264687,-0.0010308813770302117,-0.002151182234051434,3.546497146998881,1.7264904968511985,-0.18711919664825288,-0.0016722816860306716,0.013379183952338952,-0.010105404277293414,0.11167461215780265,1.0,-1.0,59.290102186358745,68.73002501552847,1.9311021401694561,19.95335836352475
40.7,8.778463844403655,15.615220153815416,0.0006284258637909636,0.00027919401269736104,-0.0029905066393976143,3.555039946024043,1.6627786700304337,-0.1864147318238934,-0.0008014833696091569,0.012796950422484145,-0.006938246491780775,0.06753250027508066,1.0,-1.0,47.22821587290378,74.70988607240466,1.7812638194125205,19.960319057856033
40.800000000000004,8.622241491642782,15.566453120478212,0.0010466204968553846,0.0013676982181563472,-0.0034221504329811775,3.5589987315869545,1.6025552251901123,-0.18236019810721896,-0.0011449530507546934,0.009619290507527297,-0.002565081133130999,0.020568841688946446,1.0,-1.0,36.325225985534566,80.11520684368946,1.6314004496624788,19.966717810859087
40.900000000000006,8.471468335615743,15.519084592130243,0.0013499995162947435,0.00211923838276736,-0.003459141996678415,3.558060446003373,1.5500560586986771,-0.17510218376855957,-0.0028799478709167544,0.00616331947941024,0.0008961866528436527,-0.02983245231842708,1.0,-1.0,26.469786679041434,85.00118870222882,1.481514138370498,19.972554532551563
41.0,8.325161647678211,15.473202034069928,0.0014085302537427894,0.0025911658202425916,-0.0032038538126411523,3.552000717405787,1.508087612262894,-0.16492207117928254,-0.0049902790821452665,0.003497356948692335,0.0033172982244234414,-0.0807176172785396,1.0,-1.0,17.56125012830212,89.41772931695006,1.3316069933103614,19.977829140854645
41.1,8.182149208911925,15.428804529348456,0.0012285410142306526,0.0028350914017036123,-0.0027256306563531478,3.541153250455601,1.4781333904457217,-0.15246228814373036,-0.006324734299076679,0.0012217442392444397,0.005222534583389179,-0.12595540320880677,1.0,-1.0,9.508638671035918,93.40993222850844,1.1816811225488253,19.982541561594253
41.2,8.041189689007561,15.385822182989978,0.0009037644136588716,0.002872873928484269,-0.002065634624842973,3.526294651939165,1.4605322672047045,-0.1383972991116246,-0.006388882768688105,-0.0007321544818623088,0.006742679801192822,-0.16247720959502834,1.0,-1.0,2.2297157062630406,97.01856746531159,1.0317386344159767,19.986691728502038
41.300000000000004,7.90106451439341,15.344142106017475,0.0005377441156468586,0.0027490274140288696,-0.00128334574120692,3.5083216553275536,1.454774399108479,-0.12329849458671563,-0.005391185558696551,-0.0019697868508578016,0.007571428267747712,-0.19017536747565325,1.0,-1.0,-4.349854139900276,100.28048790392323,0.8817816374755844,19.990279583216356
41.400000000000006,7.760682724172974,15.303662831536816,0.0001973441838947572,0.0025576253515098854,-0.00048165436612385387,3.488015713368876,1.4588931886553078,-0.10755857109678586,-0.003863034032019769,-0.002026230737990588,0.007240372857451738,-0.21091766698161457,1.0,-1.0,-10.297264157845474,103.22900562589126,0.7318122404954462,19.993305075283054
41.5,7.61924459392491,15.264370139192899,-8.901158358344072e-05,0.0024106923476921015,0.00020217213624320628,3.465966588027802,1.4684915944426935,-0.09143109488688297,-0.0022826877734447412,-0.0011351070172416666,0.005314111440554481,-0.22595869405033508,1.0,-1.0,-15.673251760162799,104.47162489280934,0.581832552417736,19.995768162156196
41.6,7.476617206873671,15.226468354081447,-0.00030702941255706393,0.002332781929121713,0.0005915470523893412,3.4428493014401065,1.476804884341395,-0.0753735875836384,-0.0008478513326099033,-0.00046505869973167594,0.0020779840901422736,-0.2337196152149508,1.0,-0.0554499626159668,-5.4839865252913675,103.48316934003381,0.4318446823293458,19.997668809198665
41.7,7.333009776632306,15.190210157410368,-0.00042310542639343977,0.002280128109948718,0.0006560232155587918,3.419349749909295,1.4801127415439763,-0.05977370065486183,0.00043390146290010333,-0.00043774674077912286,-0.0013496065670773934,-0.23490640593189982,1.0,0.2558450400829315,5.793137859007571,100.3126971770231,0.2818507394322268,19.99900698968265
41.800000000000004,7.189206699509988,15.155929028210625,-0.00041206879113813143,0.0021903824912206317,0.000395718281332265,3.3960825009608437,1.4749025304516667,-0.045013383750244905,0.001465888304064176,-0.001032025859502563,-0.004029502534540892,-0.23057849822140797,1.0,0.269159197807312,16.053098013911114,97.30073671218737,0.13185283301372935,19.999782684790006
41.900000000000006,7.045717424749405,15.123776396614504,-0.0002627078950639672,0.0020415310645508365,1.0322122310030878e-05,3.3734625546773174,1.4667755864678091,-0.03127484991641408,0.002168216025059845,-0.0016602207076764554,-0.004197578584498143,-0.22299410054763563,1.0,0.21526522934436798,25.04828275525377,95.15332969031778,-0.0181469275830595,19.999995883612527
42.0,6.9025166949244765,15.093703585650552,-2.544535784269647e-05,0.0018693513737634926,-0.0002648350139258591,3.3516672014208706,1.4613636929608016,-0.018506868791484044,0.0021954940039029085,-0.0016790224522231932,-0.002286808051806275,-0.21471923330099632,1.0,0.04963771998882294,32.1381345715177,94.74265650902923,-0.16814643298897827,19.99964658315212
42.1,6.759107785081676,15.065540949359152,0.00019340432329200208,0.001749679889776841,-0.00030331424722070604,3.3306303708426017,1.46249894906333,-0.006468475678033365,0.0013842425942479741,-0.0008838325509591624,0.00022817724478754395,-0.2077222672080708,1.0,-0.07380703091621399,37.578985600960415,95.30621134386053,-0.3181435738384541,19.998734788320803
42.2,6.614800691753218,15.039108840035164,0.00029023862259735947,0.001741831193789674,-0.00012316048076563656,3.3101615315722626,1.4711748459896374,0.005144954641470703,6.362828894543169e-05,0.00042998125414300066,0.002152777328952479,-0.2031248433012381,1.0,-0.26109084486961365,40.68329726274608,96.92582956759969,-0.46813624079916566,19.997260511940695
42.300000000000004,6.468905430235956,15.014277860368152,0.00022530172592238445,0.0018499394954781278,0.000192163108087871,3.290050687068489,1.486390607417637,0.016512591128018353,-0.001104976758718638,0.00135272057250348,0.0030782304635690195,-0.19954832902456215,1.0,-0.045047760009765625,45.54384755192368,97.0767688566876,-0.6181223246017056,19.995223774743764
42.400000000000006,6.320996119075165,14.99102025365338,3.3307959245907876e-05,0.0019529441041759707,0.0005273502503592895,3.270487104915037,1.5040659678880826,0.027344623597771213,-0.0016044199262034754,0.0006360508359407396,0.0026953233210602486,-0.19211421784833846,1.0,0.2831836938858032,52.05265986041782,94.2187735844596,-0.7680997160692422,19.99262460537161
42.5,6.171169499287237,14.96938602163966,-0.00020147574075078897,0.001873393105737873,0.0007493483353729753,3.2520695130371275,1.518988528249013,0.037116427324566374,-0.0012536464350619112,-0.0017227537820369422,0.00118002754518918,-0.17789089332713026,1.0,0.46228116750717163,58.654429455221816,89.24315247339622,-0.9180663061471794,19.989463040374986
42.6,6.019902059743679,14.949383950054612,-0.000379762718668835,0.001617777003569322,0.0007927536537889819,3.2350120773455058,1.5286320894569638,0.04620184479195217,-0.0002111579148408942,-0.0021481831544235084,-0.0005526620490838119,-0.16835159064380528,1.0,-0.6580564975738525,50.24398566492346,92.78873927060174,-1.0680199859328157,19.985739124213374
42.7,5.8680235648238765,14.931004333953492,-0.0004389260911732297,0.001458724914477544,0.00061164621674934,3.2185211007815746,1.526493165603314,0.05483470615892849,0.0008677880738117291,-0.0016046159194983217,-0.003466767539037885,-0.15972304994953984,1.0,0.6402267217636108,57.498961404050306,81.49628453636271,-1.2179586467050003,19.981452909254273
42.800000000000004,5.716773552197169,14.914343187988758,-0.0003526681934151631,0.0012087686117582697,0.00019223777018144216,3.203675249203368,1.5179577960044741,0.06183810995072544,0.0018804952153919766,-0.002816352129746095,-0.004077111019568927,-0.1413396076058804,1.0,0.18642966449260712,62.351104400206,81.15833668146378,-1.3678801799537867,19.976604455772502
42.900000000000006,5.565599208631699,14.899202965560232,-0.00012526620371902322,0.0009164266489349891,-1.1456546547197398e-05,3.1905314579476105,1.5189576080787188,0.06781099003335204,0.002492571213637794,-0.0028415726736158464,-0.0007862570022121445,-0.12498307241478675,1.0,0.20483948290348053,66.84077386765634,80.66837017369275,-1.5177824774100848,19.971193831949364
43.0,5.413705293538418,14.885389859099192,0.00010093483925628408,0.0006736889603343982,9.426954858013266e-05,3.1789604096142754,1.5275925823453327,0.07286184844399327,0.0018747352426993968,-0.0020733678275619504,0.001909012479335844,-0.10968457943985632,1.0,0.16731290519237518,70.68405182671277,80.59687227886981,-1.6676634310753062,19.96522111387167
43.1,5.260527281457362,14.872754981136731,0.0001770297758903146,0.0004999382748659766,0.00033302927716693034,3.1689775704885417,1.5400972549248282,0.07691286817823058,0.0003719597333316344,-0.0016811872304924506,0.002215149246897017,-0.0924585138409592,1.0,0.47666165232658386,75.5422935545882,76.68771879453517,-1.8175209332510107,19.958686385530676
43.2,5.1063512545059035,14.861195479265126,6.675274484269352e-05,0.00023966959381619888,0.0004012696159134873,3.1612516534385566,1.5441429625714327,0.079173697716901,-0.0010694803215563942,-0.003629111113412963,-0.0009890204607627866,-0.06490389459396523,1.0,0.9831488132476807,80.85372280224989,63.06097485394768,-1.967352876568543,19.95158973882087
43.300000000000004,4.952586020779448,14.850566249083814,-0.00011159138545632221,-0.00034659671266738557,8.3759033647081e-05,3.1570878811473584,1.535146544290952,0.07866777280225876,-0.0012689013294443275,-0.0073421209425395826,-0.004184105751717863,-0.024974370688179273,1.0,0.8175889253616333,85.47504410642891,52.0520264079253,-2.1171571540186696,19.94393127353875
43.400000000000006,4.799811990015529,14.84054997598688,-0.00016290487728091565,-0.0011856534260481237,-0.00029559173343819234,3.1570156261022855,1.5260626768917935,0.07562423450059894,-5.436379895510388e-06,-0.008259506298605805,-0.0028569959503787243,0.013370930284697666,1.0,-0.29733535647392273,83.57005785973554,58.00237373074144,-2.2669316589812074,19.935711097381358
43.5,4.6476925996501075,14.830759987284068,-4.316165401936156e-05,-0.0018654062833682976,-0.00040665774518491756,3.160272691984636,1.519824992947353,0.07067084530184313,0.0011158165722004254,-0.0058686494590335925,-0.0003705919171682788,0.0464781553571541,1.0,0.6731083989143372,87.69118134093465,49.363118870314025,-2.416674285254649,19.926929325944776
43.6,4.496178273776381,14.820911408302415,0.00012157546406183589,-0.0023113969473216095,-0.0003468414524536466,3.167065088652471,1.516319593413497,0.06341355268126671,0.001103815891736811,-0.0033331839433091326,0.0011256331911329099,0.08145540693834376,1.0,0.35316789150238037,90.46342767292668,50.25353435591308,-2.566382927085779,19.917586082722522
43.7,4.344517711720756,14.81065556567757,0.00021545563856153503,-0.002476056200899902,-0.000124881063119576,3.1770238662800416,1.5216537046471852,0.05452145652803238,0.00030675774451378196,-0.0005682838269992122,0.002411303349758519,0.11108466557260206,1.0,0.45749762654304504,93.35889655361117,49.58003428345064,-2.71605547919929,19.907681499103795
43.800000000000004,4.191988359597148,14.799648523438975,0.00017573889825252262,-0.0024131696680902244,0.0001815529303848923,3.189626436038614,1.534010315609985,0.04442856413741964,-0.0006491861231835404,0.001297399963388051,0.0029348799069800857,0.13506048029973655,1.0,0.32506877183914185,95.46620474355107,50.79661491394342,-2.8656898368273835,19.897215714371647
43.900000000000006,4.037999569511617,14.787551379043888,1.9588110288506432e-05,-0.002195136817043187,0.0005074339700793598,3.2040719255703918,1.551164342604304,0.03391842627696259,-0.00112626529044816,0.0027630032091205785,0.002770252496059046,0.14872742015058676,1.0,-0.20891204476356506,93.56012714671157,56.41891788509701,-3.0152838957393717,19.88618887570101
44.0,3.8822447821923003,14.774080387055683,-0.0001846905049795636,-0.001857118858984251,0.0007998583370972121,3.219260671112507,1.5718698598722867,0.023616937413953657,-0.0008134980268079308,0.003298292343323683,0.00263558440797775,0.153862274086228,1.0,0.23303809762001038,95.20361009892432,58.01440189757251,-3.164835552271267,19.874601138156606
44.1,3.7242831562751513,14.75904983261658,-0.000362590065005327,-0.001607149469715531,0.0011011505322500931,3.234968460888954,1.5968250764114265,0.013148431667248633,0.0001028951535008772,0.0014229940374790376,0.002738013964749565,0.15960545666077616,1.0,0.4418821930885315,97.59079720767663,56.8417947055375,-3.314342703355363,19.862452664690807
44.2,3.563869265076602,14.742297319364598,-0.0004885376683142714,-0.0015918514623011275,0.0013782699805744932,3.2512072474204325,1.623766123141394,0.0025120929279100913,0.0011072264103717225,-0.0007726026250358835,0.002300979198666688,0.16308978311922465,1.0,-0.10097675025463104,96.50685964803654,61.230335515355335,-3.463803246549812,19.849743626141326
44.300000000000004,3.400822884235899,14.723651853387668,-0.0005664602074754448,-0.0016933649603852814,0.0016003700901640724,3.267419969452981,1.6530710716527677,-0.007888539524047458,0.001950406701731243,-0.001445615089099738,0.0017647175579056733,0.16127397228419582,1.0,0.07374487817287445,96.90048244543367,63.87656146849993,-3.613215080068187,19.836474201228796
44.400000000000006,3.2348962558943226,14.702993247542986,-0.0006112671546497782,-0.001797158234371125,0.0017770154015463156,3.2833313727905398,1.68487358874102,-0.01806457161018929,0.002542754689630752,-0.0010536374788589098,0.0012882247864640795,0.1572570664924104,1.0,-0.04259540140628815,96.37982136041519,67.18513623136485,-3.7625761028090436,19.82264457655431
44.5,3.0659704371402863,14.680234566182474,-0.000642745693313614,-0.0017971339848296304,0.001892594137539004,3.298629870122374,1.7172203257556058,-0.027717289712663438,0.0028757477998421787,0.0003646911409250276,0.0005507255237072939,0.1494775880992283,1.0,-0.20276731252670288,94.44837724225364,71.19885069613844,-3.9118842143854593,19.80825494659672
44.6,2.894063000799622,14.655341865077013,-0.0006675379925818183,-0.0016449832207793157,0.0019375442810827524,3.3129895923624004,1.749937591206148,-0.03667696559053817,0.0031172623908309206,0.001664381462140679,8.268772551507452e-05,0.13994163011605257,1.0,0.02304086834192276,94.67606278980391,73.30535988607117,-4.061137315154577,19.793305513709953
44.7,2.7190470050373836,14.628301608452453,-0.0006795895901542129,-0.0014393225347303367,0.001970789795317716,3.3264868217298122,1.7842573134883855,-0.04511616939681132,0.0033614127074823924,0.0017374693034882364,0.00017936637543067256,0.13174902399815483,1.0,-0.003865189850330353,94.67746836829335,75.4195902117372,-4.210333306247124,19.77779648812018
44.800000000000004,2.5408450889350864,14.599107438227646,-0.0006851697871090946,-0.0013047478199084085,0.002008313512628546,3.3393139418597593,1.818846529197445,-0.053281860600305896,0.0035099618978988853,0.00040822764092951193,0.00014799483915857553,0.12689209964609524,1.0,0.31640830636024475,96.6195817232229,74.25724300417454,-4.359470089596937,19.761728087922805
44.900000000000006,2.359528276062827,14.56776624835636,-0.0006939674061832884,-0.0013430232231605218,0.0020211719456858716,3.351843287598612,1.8525536693409963,-0.06138841488696582,0.003560658626377016,-0.0010886617416666765,-0.00016775214311200192,0.1235087008030073,1.0,-0.13846608996391296,95.28883650116781,77.21291768989913,-4.508545567970456,19.74510053907946
45.0,2.175332198669786,14.534290754318677,-0.0007056155479555779,-0.0014852432060726685,0.001967401458269396,3.3640432993260907,1.8820270835605541,-0.06950942570416492,0.003526565542460673,-0.002294373176074102,-0.0012957499977869766,0.12271274507384579,1.0,0.5673425197601318,98.04370584817346,71.54844896020286,-4.657557644996225,19.727914075414745
45.1,1.9888446947990517,14.498799504138725,-0.0007010655112694082,-0.001792735831636299,0.0017926318649906883,3.3766915915070785,1.9068829746640883,-0.07839500355895694,0.0035763964301485348,-0.0038237816729442646,-0.002089985010861375,0.12911469367356815,1.0,0.3186815083026886,99.67256605546504,70.73095409217028,-4.806504225194365,19.71016893861305
45.2,1.8004341814886349,14.461276398050302,-0.0006523353943901916,-0.0022132273592815883,0.0015675201162206563,3.3902198749382184,1.9253501512455282,-0.08824915971865918,0.003574582202433801,-0.00496687287635304,-0.003207545620762483,0.14092098034577832,1.0,0.6784169673919678,102.25704548834518,60.77328109726434,-4.955383214006047,19.691865378215056
45.300000000000004,1.6110972719143126,14.421814970283814,-0.0005569293436542293,-0.002729833849419433,0.0012146466241782514,3.4052878830304567,1.936396589225033,-0.0993766331416826,0.003447761481690462,-0.005306462338098434,-0.0038511475038431418,0.15655934616220915,1.0,0.3829936385154724,103.75018966989279,60.17932324864907,-5.104192517822944,19.673003651614287
45.400000000000006,1.4212101366943048,14.380274256033994,-0.00040808504562512594,-0.0031738374300121653,0.0008717149155864887,3.4217934967682573,1.9412296784157708,-0.11137096232733566,0.0030688013436460915,-0.0041273517960594775,-0.004507269773282921,0.17107201569206013,1.0,0.751449704170227,104.41084050595992,50.17027565209575,-5.252930044016674,19.653584024053444
45.5,1.232270524604117,14.336860098365515,-0.00024444084767126923,-0.0034917234370779515,0.00032444815086849366,3.439838797586109,1.9287803878807708,-0.12420651606426385,0.00217016700035787,-0.0027418121190428556,-0.007109217745931879,0.1866839408346222,1.0,0.9430791139602661,104.4612294592526,39.36132557105643,-5.401593700968225,19.63360676862075
45.6,1.0456140594116234,14.291762135663912,-3.839821094834963e-05,-0.003671768308760983,-0.0003809253548432846,3.459347907349382,1.9064525572321211,-0.13743456115395467,0.0013814048807350183,-0.001136096804207753,-0.007726131163172441,0.20006646835572592,1.0,0.628743052482605,104.36210241311815,33.50241107503413,-5.550181398097371,19.613072166246006
45.7,0.8622538499789094,14.245114655012637,0.00022287208787161958,-0.003595092235876751,-0.001112420941038685,3.479463081715306,1.8691357795981995,-0.14964208405519108,0.0003744832705788356,0.0029699114747095785,-0.008913029739706473,0.19775893308483644,1.0,-0.7012930512428284,90.406213979513,42.48800449342305,-5.698691045892072,19.591980505696725
45.800000000000004,0.6844463234811262,14.197652097394533,0.0005050689595706385,-0.0029247183987426784,-0.0021036851334041732,3.4979013879081466,1.8074802953952858,-0.1588198336889516,-0.0009441259126309765,0.009655396409005337,-0.011459608621564622,0.1732936528494229,1.0,-0.9067022800445557,75.99899817416744,50.902678440015976,-5.847120555937851,19.570332083574037
45.900000000000006,0.513867663679075,14.150308722966088,0.0008380248431886382,-0.0016923052662319996,-0.003218605046951312,3.5131707261682044,1.731873347667059,-0.16445679983311015,-0.0019267375696774285,0.014240393583624235,-0.011070394859656168,0.1379669194540563,1.0,-1.0,62.33173444785214,58.595376751037655,-5.995467840947169,19.54812720430853
46.0,0.35113384514567275,14.103832456597061,0.0012211738132732507,-0.00026119864104044206,-0.004110432374998397,3.5245840976342606,1.6525847560994325,-0.1665328480684064,-0.002772797202706386,0.014434996777985237,-0.007378224594908428,0.09780528031354906,1.0,-1.0,49.97761053028548,65.54896673787837,-6.143730814788776,19.525366180155935
46.1,0.19603834311944496,14.058692364046022,0.0015632858497404002,0.0009631883275385178,-0.00455469773890497,3.531817788714989,1.577075335175172,-0.16530608916618272,-0.0040386842310867355,0.010960558149104198,-0.0024468454607555973,0.055052331890700336,1.0,-1.0,38.810460994952685,71.83446133940393,-6.291907392517047,19.5020493311928
46.2,0.04783766496442541,14.015114057406386,0.0017406504155707866,0.0017681994499682897,-0.00453243999885564,3.5346288166140782,1.5102091833480555,-0.16108864923071015,-0.005747758591646697,0.0063667216347066775,0.0019179886503236244,0.009753567540519757,1.0,-1.0,28.716242288989914,77.51605062789703,-6.439995490401296,19.478176985311904
46.300000000000004,-0.09455110102568003,13.973141781454348,0.0016877871587756786,0.002203492162248004,-0.004134127127767702,3.5327138015824895,1.4550900455822635,-0.15405706538095454,-0.007284525186287493,0.0031439573818710874,0.005142721727597727,-0.03878531893504897,1.0,-1.0,19.59186807322258,82.65175734464206,-6.58799302595509,19.453749478217745
46.400000000000006,-0.23241527544821183,13.932712829527809,0.001431013136655226,0.0024388448563912564,-0.0034653749074728575,3.525930576087046,1.4134328082381593,-0.14453335082413485,-0.007962003781516236,0.0015375990849349362,0.007328100692228027,-0.08672583523194878,1.0,-1.0,11.344156461804799,87.29402945217335,-6.735897917965524,19.428767153421724
46.5,-0.36713564583489133,13.893711121259196,0.0010559546960679806,0.0025659890073448277,-0.002621086775748831,3.514675202844393,1.385774124943227,-0.13306575067864404,-0.0075306524288384965,0.0005358664915339563,0.0085963260924744,-0.12879163054806148,1.0,-1.0,3.8888784102354244,91.49027575457544,-6.883708086522489,19.403230362237373
46.6,-0.5000895892702175,13.855983564820178,0.0006539424983450227,0.0025966115473243403,-0.0016939173089251828,3.4996999279383214,1.3717758174371213,-0.12019059067533457,-0.006220280144311241,-0.0003998660219408186,0.00895339586269481,-0.1626320713010573,1.0,-1.0,-2.8501024665047163,95.28335005581178,-7.031421453047928,19.377139463775393
46.7,-0.6325558136383783,13.819376783924799,0.00028664932147913675,0.0025357145823107752,-0.0007842204617254503,3.4818209522552275,1.369796553347379,-0.10635646396535438,-0.004492078108928772,-0.0010705706960417668,0.008277539186054231,-0.18868096294488393,1.0,-1.0,-8.941607430227627,98.71198880050693,-7.179035940325057,19.35049482493862
46.800000000000004,-0.7655854620662069,13.783798855736453,-1.80207074642865e-05,0.002432430434742914,3.4479119988732403e-06,3.46170676896213,1.3771896279823759,-0.09185726226616862,-0.0027317574382049107,-0.0010516318113254729,0.006684761304978502,-0.20881753716389467,1.0,-1.0,-14.447845450747195,101.81120666655114,-7.326549472527582,19.323296820416843
46.900000000000006,-0.9000018329125743,13.749230431594032,-0.000249284468381779,0.002361825450301455,0.0006078264750871307,3.439843020569236,1.3916800978627366,-0.07685211772936655,-0.0011274450997660265,-0.00030396263502792235,0.004716629554501004,-0.22470828876972673,1.0,-1.0,-19.425048509625697,104.47162489280934,-7.4739599752488886,19.29554583268156
47.0,-1.036168420054465,13.715801862776802,-0.0004087654436874058,0.002353778547751114,0.0009551180560948394,3.4167055647439533,1.405811726638229,-0.061633735251283635,0.00011473848217495662,0.0003044495646866914,0.0016097772517180953,-0.2350707741181781,1.0,-1.0,-23.92404586444255,104.47162489280934,-7.62126537553121,19.267242251980583
47.1,-1.173873725679543,13.683787773843864,-0.0004870783766451469,0.0023751575261510512,0.0010004567186252305,3.392824088223205,1.4173245486011885,-0.04647678623658972,0.001151773787998917,0.0004948255806727183,-0.0010370934412040741,-0.24078372986053564,1.0,-0.6202123761177063,-23.445211191922702,104.35811845171439,-7.768463601894782,19.238386476332536
47.2,-1.3130368457120984,13.653369688705968,-0.000463156345451697,0.0023887182007736995,0.0008880357182141468,3.368613844723211,1.4284940674035798,-0.03161395349572847,0.0020209094418029024,0.00020275214915230845,-0.0019230463832186201,-0.2423417458708825,1.0,-0.020116806030273438,-12.222151322182972,103.2256517785941,-7.9155525843669725,19.208978911521292
47.300000000000004,-1.453647998929245,13.624669130385588,-0.00035818620896528835,0.0023635097687700218,0.0007496438979790726,3.3444376800401256,1.4390329540779918,-0.01718892892976859,0.0023997812084538247,-0.00017294978770391047,-0.0019540427748967336,-0.24124974681164582,1.0,-0.05137704312801361,-2.3306549325448382,102.81672023931236,-8.06253025451139,19.17901997109025
47.400000000000006,-1.5953129545237272,13.597848287804018,-0.00023553960952348314,0.002303262373303324,0.0005365166976457989,3.3205224143103274,1.4413725532640076,-0.003384027977697504,0.002004809523376475,-0.0007592920729383315,-0.003641562689563734,-0.2367899776314473,1.0,0.411241739988327,9.318413743752792,97.7932863062478,-8.20939454545697,19.148510076336514
47.5,-1.7368748428353833,13.573163913530188,-0.00012728286399327871,0.0021601041472934755,0.00010536597359018147,3.297350710537262,1.4337424217537924,0.009400191646398798,0.0013939765565221798,-0.0016703432128277872,-0.00520439985671104,-0.22818513381307876,1.0,0.23545338213443756,19.068460933822557,95.38806789290172,-8.35614339192704,19.117449656304977
47.6,-1.8778810273444166,13.550644445353692,4.9672866513637225e-06,0.0019560005020696583,-0.00033456925659392834,3.275158092924637,1.423335190060662,0.0210918832227408,0.0010467634951661852,-0.002325130792385442,-0.004501363323028868,-0.21718885540746766,1.0,0.39340874552726746,28.594585421021574,91.32733879696835,-8.502774730268367,19.08583914778228
47.7,-2.018182865912694,13.530228231794847,0.00016334739881153593,0.0017288095454109007,-0.0006096302132310667,3.2541370749139165,1.4149917418349365,0.031738549346595625,0.0007559414577398499,-0.0021477348791878823,-0.001847042818344219,-0.2062365171187949,1.0,-0.07810956239700317,34.339072017528956,92.24861818525378,-8.64928649848017,19.05367899529068
47.800000000000004,-2.158430835890853,13.511730325115579,0.00030054168746647815,0.001592355735918537,-0.0005611205376408236,3.2340423057557355,1.4141606718437867,0.04168928278938279,0.00015584520950102942,-0.0010756833526135326,0.001254508398881269,-0.19721113546660277,1.0,0.16694526374340057,41.302910551537735,91.06804805602333,-8.795676636243124,19.0209696510818
47.900000000000006,-2.2991793531499267,13.49503288664447,0.0003322902371534977,0.0015471940925141515,-0.00029811489149015826,3.2148885671555005,1.4191889105094757,0.050956788959476126,-0.0008146681180819052,-0.0001908037545260329,0.002924067018925962,-0.18796440555345514,1.0,0.006017133593559265,46.50836890305202,91.3994153318169,-8.941943084948328,18.98771157513024
48.0,-2.440980429849988,13.48004053208998,0.00022933075130747853,0.001547249898029497,4.651373458814795e-05,3.196700833450717,1.4285709547922545,0.05955314047590335,-0.0016493476962631695,-0.00015568605529594852,0.0030303122633747884,-0.17707871712858103,1.0,0.34905076026916504,53.220216945728495,88.30291993966311,-9.08808378772626,18.95390523512716
48.1,-2.5835288018110987,13.466740979821306,2.4539384474418255e-05,0.0014093184747511632,0.0002076700777162745,3.180128212885729,1.4282132349588024,0.06670037513660775,-0.002075125561239779,-0.002628997407626686,-0.00048778001874729316,-0.15589221305391424,1.0,0.7844219207763672,60.44942811976268,75.21083870444244,-9.234096689475694,18.919551106473648
48.2,-2.72513771747765,13.455109247262284,-0.0001670404670416148,0.0009071756837146323,-8.922213497731831e-05,3.1664263880204455,1.411999155551406,0.07157024049374329,-0.0014838738600956864,-0.0065041955573461405,-0.004432722871906571,-0.12364345683310198,1.0,0.6674069166183472,66.7805577899798,65.02474233272795,-9.379979736892604,18.884649672274072
48.300000000000004,-2.86512461136216,13.444908121536075,-0.00017533666585048326,0.00013368897565937686,-0.0005007482075520549,3.156099492579987,1.3962277526279727,0.07432737394552984,0.00023695144236661545,-0.008076239307274176,-0.003163623296659644,-0.09027547284629489,1.0,0.4383779466152191,71.88649593666659,63.23237074412108,-9.525730878499044,18.849201423329284
48.400000000000006,-3.0042881537186683,13.435808022692596,1.564007774355147e-05,-0.0005651739139607683,-0.0005524791190573771,3.148800198153978,1.3918394761415953,0.07557787034834915,0.0015792303466074093,-0.0058340835117801785,0.0013465041865719013,-0.06257072334604162,1.0,0.06402979791164398,74.57808741322629,65.76860570386218,-9.671348064671982,18.81320685812969
48.5,-3.14374617078784,13.42752206531064,0.00022458843500131889,-0.0008986964277711419,-0.0002191244075820198,3.1439111181475905,1.3982878481909675,0.07578700403398428,0.0012662543220510784,-0.0017180353599894939,0.004319129568386376,-0.039995075705143254,1.0,0.23710840940475464,78.06669837763644,66.42278076321541,-9.816829247672139,18.776666482848277
48.6,-3.2844056476686867,13.419828611420312,0.0002647761929581686,-0.0008636782708188549,0.000251283919857732,3.1411351111906125,1.4134013068153437,0.07515663635471269,-0.00019429981763045031,0.0015579274690225404,0.004773019192480644,-0.020229904216220094,1.0,0.014347366988658905,79.80315006637319,69.05693994738367,-9.962172381672778,18.739580811333468
48.7,-3.42704422245023,13.412516721972395,9.868687321819946e-05,-0.0005891512004806113,0.0006948047821656436,3.1400138788322587,1.435653064680133,0.07416020668690092,-0.0013947663433468212,0.0033675717050217833,0.004156692969827779,-0.0062185034878275616,1.0,-0.20465952157974243,79.44521405481426,72.90132059255097,-10.107375422788472,18.701950365101908
48.800000000000004,-3.572251410191516,13.405407874886306,-0.00018019896778417817,-0.00023566473177207348,0.0010821978719296483,3.1399497828868856,1.4636432467354665,0.07307016562976358,-0.0014226709004941808,0.0033277616077697857,0.0037960788144745985,0.002898383287679056,1.0,0.020758450031280518,81.09736124818552,74.86239432385206,-10.252436329103844,18.663775673331124
48.900000000000006,-3.7205835724200536,13.39838304480651,-0.00044905498958278757,6.932158094613112e-06,0.0014661991325227869,3.1406683441878895,1.4968256449952309,0.07183363809829947,-0.0003598945603737857,0.001742218262010794,0.0038621993963391453,0.009469627268482727,1.0,-0.1214819848537445,81.41414677163766,77.65284255651889,-10.397353060702294,18.625057272852096
49.0,-3.8724555571508117,13.391350958550401,-0.0006434848597764796,7.00274529272351e-05,0.0018433857375073593,3.1418796940168114,1.5337118194576342,0.07047052055492543,0.0011008667160326956,-0.00019826617699897277,0.0036529386544549014,0.01403039400744232,1.0,0.10351157188415527,83.45851551461189,78.4620569604622,-10.542123579694673,18.58579570814169
49.1,-4.027807447708254,13.384275602054554,-0.0007683581850875758,-0.00012218487403630322,0.002067973225372529,3.143915456079949,1.5642228657070867,0.06813136439829104,0.0021594089802751673,-0.0035343762547559356,0.0005838409367394373,0.027092990518099637,1.0,0.6954166293144226,87.63342456721735,67.47658577529907,-10.686745850247942,18.54599153131501
49.2,-4.1855106995935385,13.377110538095403,-0.0008227793356548593,-0.0006962610833047317,0.0019151442964944847,3.1479987099042663,1.5867975533246141,0.0638444352800883,0.0030704217882248724,-0.00692058595969203,-0.002238233536879154,0.04977023278748609,1.0,0.26315194368362427,90.00051399790388,67.68575495164256,-10.8312178386138,18.505645302117635
49.300000000000004,-4.345740936835411,13.3696644478743,-0.000753247587029068,-0.0014073720015105383,0.0017306964875562325,3.154259436956358,1.6140420978873264,0.05794728509219712,0.004055796504538635,-0.007028648473859021,-0.0014608060939563573,0.07106058740153776,1.0,0.34388381242752075,92.5118658573816,66.93225538476959,-10.975537513157295,18.46475758791776
49.400000000000006,-4.508842453041012,13.36171365583311,-0.0006090189577971658,-0.0019542526408986376,0.0016834269847904447,3.162499370427291,1.6445710076575075,0.05067321297502994,0.004351766173494947,-0.004308064375565308,-6.446604222424098e-05,0.08908691279800032,1.0,0.09498242288827896,93.43344478737359,68.84680515504752,-11.119702844385387,18.423328963698182
49.5,-4.675132222269757,13.353012806930188,-0.0004933902551660992,-0.002122530551701366,0.00174782535124265,3.172169740059536,1.6781790048990082,0.04266367067179803,0.0038227020532672685,-0.00018428838329790091,0.0006620709317956801,0.10100832533748183,1.0,0.052937380969524384,93.97646907395885,70.9363303889443,-11.263711804975474,18.381360012048248
49.6,-4.844845579313494,13.343336547440208,-0.0004730941663271288,-0.0019138986957778692,0.001840547308622863,3.1827095781849013,1.713884778844774,0.03441098643020347,0.002982684895289816,0.0030528302678248633,0.0006859497142613723,0.1076764866375984,1.0,0.01187395304441452,94.16562853702027,73.1562430520015,-11.407562369803923,18.338851323155644
49.7,-5.01806669373301,13.332491453216853,-0.0005418747200030866,-0.0014826997711089023,0.0019030706789186635,3.193546778495789,1.7492530590152844,0.026464447665655342,0.0024243908846981292,0.004669522205717083,0.0001625120171858845,0.10751378092937548,1.0,-0.2988622188568115,91.40800818751175,77.0860151653028,-11.55125251597454,18.295803494798115
49.800000000000004,-5.194641380768838,13.320348723834002,-0.0006417070594899915,-0.0009966134511977878,0.001910889325151873,3.204000483346088,1.7836979872058243,0.019193357473781716,0.0024882813355464792,0.004243020865312656,-2.7762042691853548e-05,0.10280418657480914,1.0,0.07421963661909103,92.29479898457978,78.20478734962944,-11.694780222847008,18.25221713233504
49.900000000000006,-5.374612182471821,13.306868847124527,-0.0007101652205097977,-0.0007225428926629274,0.0019376037627266028,3.214174452763265,1.8184845888934729,0.012024607983837343,0.003020083922511024,0.0010918445833354622,0.00026801712754542144,0.10192276738296281,1.0,0.33632004261016846,94.55337867359285,76.53416763895763,-11.838143472065315,18.208092848698918
50.0,-5.5579089918154105,13.292021832103448,-0.0007341612725715286,-0.0008164850221509418,0.001977467890378049,3.2244694289709956,1.8526823326865125,0.004584658260646834,0.0035651012773945563,-0.00236704965454271,0.00036746701188473946,0.10316716213039859,1.0,-0.01657465100288391,94.4672340653021,78.43463997701802,-11.981340247586134,18.16343126438676
50.1,-5.7445398498122415,13.275732477845064,-0.0007295043713820525,-0.0011178539918417683,0.0020238401364915835,3.234700889693007,1.8872268244668529,-0.002869880858785959,0.0038974167069166063,-0.003437180460986552,0.00033483782073435964,0.10139782849314626,1.0,-0.03136260807514191,94.27151566395871,80.26252258347938,-12.124368535707168,18.11823300745135
50.2,-5.934398673057624,13.257975438549966,-0.0007227366914520089,-0.001427121300819683,0.0020272630405249676,3.244825030884246,1.9190717925394072,-0.010591345987422307,0.003918026719760214,-0.00329615832635459,-0.0005865456452188414,0.10249255432752395,1.0,0.493317186832428,96.91555818519052,76.08754886805184,-12.267226325095471,18.072498713492458
50.300000000000004,-6.126774717270184,13.238809126012917,-0.0007228321228014175,-0.0017767727961918557,0.0018439506721933249,3.2556901057835774,1.940472325090628,-0.01953041730504623,0.0036884226638527174,-0.004196509328758087,-0.003239937611730055,0.1144429361396513,1.0,0.625542402267456,99.65410062443043,66.79241405662015,-12.409911606815736,18.026229025647808
50.400000000000006,-6.320573162475674,13.218229324306986,-0.0006806696600284218,-0.002211596228555578,0.0014413860841215108,3.2680731991682004,1.9547368001496626,-0.02980274607112775,0.003721163621420395,-0.004333701179871765,-0.004282771345988519,0.12875023983260023,1.0,0.024650827050209045,99.39360283655657,69.30946212327429,-12.552422374358535,17.979424594584145
50.5,-6.5158124919178855,13.196005407527872,-0.0005406558489549266,-0.002519406908995297,0.001145673583567522,3.2815058348501895,1.9713183187206262,-0.04064992136021302,0.0039507589383475554,-0.002525994413488329,-0.002522795768922842,0.1382081109981485,1.0,0.40966859459877014,101.2632839274953,67.52774964825376,-12.694756623668557,17.932086078488
50.6,-6.712557320589872,13.17194784037213,-0.0003632251379127461,-0.002629778554159129,0.0010283541405588196,3.295778947850778,1.98852413375687,-0.051893619813100304,0.003614114595982597,-0.0002548065719992986,-0.000979993090693175,0.14455998225283193,1.0,-0.04616227746009827,100.29420419489067,70.51126092747946,-12.83691235317276,17.884214143056482
50.7,-6.910889533528078,13.145865096628567,-0.0002415123238166368,-0.002488225054478058,0.0010180683403222014,3.3102622410418467,2.007097671256428,-0.0628143657927532,0.0027171666781637526,0.0021697862307112977,-0.00024050342814860922,0.14446914851560197,1.0,0.004654556512832642,99.82141092448839,72.82828394618585,-12.978887563808541,17.835809461487884
50.800000000000004,-7.110796022202091,13.117665005330661,-0.00022145867510712944,-0.002222116438697838,0.001010624674711521,3.324747703308307,2.023871528047076,-0.07360644772098933,0.001693373863896326,0.0021882249715231054,-0.0007982203211830152,0.14642362107231294,1.0,0.5584190487861633,102.11753763166439,67.87651064538592,-13.120680259051841,17.786872714472246
50.900000000000006,-7.3118240809144375,13.08736539454885,-0.00027420419192852733,-0.0021491340039359883,0.0008984174104990115,3.3398815333992555,2.036069231653499,-0.08498246611117898,0.0010887661679140443,-0.0006866020490881022,-0.0017671417950949784,0.1551151222710977,1.0,0.5256263613700867,104.10323244991086,64.24005762784155,-13.262288444945224,17.737404590181775
51.0,-7.513507647598356,13.054913540358104,-0.0003194073091357881,-0.0023871378273299664,0.000711629511437368,3.3559880822556964,2.04263845698123,-0.09699083253247313,0.0010543706214624102,-0.0035500210175304007,-0.002601016374468046,0.1648609998872433,1.0,0.5410861968994141,104.31693831929832,60.58951437667339,-13.403710130125901,17.687405784261145
51.1,-7.714868186814648,13.020357600426097,-0.00030384929271228976,-0.002832194174111432,0.0003867334085072737,3.3730975576902114,2.0362931417058507,-0.10967888170145396,0.0011253992841072891,-0.00509163936966599,-0.004724940126170791,0.1758236697891102,1.0,0.7743173241615295,104.41832907509027,50.272059656368675,-13.544943325853762,17.636876999817737
51.2,-7.914647299157049,12.983841583194453,-0.0001871036059064079,-0.0033143784487872758,-9.153233966044989e-05,3.3912749466607437,2.022613785326689,-0.12280026162430024,0.0013012975133928069,-0.004168491473184373,-0.00495409373514083,0.18434938970957404,1.0,0.05080306529998779,103.4500762228482,54.16391161317799,-13.685986046039316,17.58581894741176
51.300000000000004,-8.113093795936416,12.94516088591032,4.0967881511574215e-05,-0.0035503635499417132,-0.00035658902490075234,3.4098951426488715,2.0145875442640424,-0.13563681834234056,0.0013481954955553482,-0.0010412855953233209,-0.0021976139960315777,0.18727796791783655,1.0,0.39313724637031555,104.2163731924782,54.06768177331774,-13.826836307271634,17.534232345046235
51.400000000000006,-8.310181248148185,12.904261506151652,0.0002548944970414029,-0.0035139190362169425,-0.00047556827613106967,3.4288397825267345,2.001377303872206,-0.14830066440565337,0.0003208245837681739,0.0011008376011747802,-0.002297029402811186,0.19156974156849366,1.0,0.6856245994567871,104.38660060765679,45.58656404569759,-13.967492128846242,17.482117918156895
51.5,-8.504397686917981,12.861512272129877,0.0003510682983456365,-0.003263708040387345,-0.0009095893569054771,3.4477980454904436,1.9651765913215404,-0.15975630837275434,-0.0015370341634957838,0.004387325442360155,-0.007578637035161419,0.18377917771459434,1.0,-1.0,87.57992910890566,53.79003039184543,-14.107951532792963,17.429476399602024
51.6,-8.692989130878628,12.81778731267066,0.0004152548719174872,-0.002487404125476077,-0.001947921786923621,3.464468484892775,1.902372828852895,-0.1677511314049115,-0.0026497137384084457,0.010340629605113552,-0.012393403265189729,0.1534308787601722,1.0,-1.0,72.79997876606647,61.20531422797737,-14.24821254390375,17.376308529652093
51.7,-8.874395234532614,12.774003299668934,0.0006463270350031616,-0.001227402636570418,-0.003137369513733793,3.4774861494197333,1.8282236359964978,-0.17193399195022752,-0.0023685790178245313,0.01413524321327106,-0.01125751592128236,0.11387873087824124,1.0,-1.0,59.440074275502845,67.90814350163191,-14.388273189760437,17.322615055979412
51.800000000000004,-9.048208146370554,12.730863253442962,0.0010684954117883751,0.00017306119574995982,-0.003982007531557754,3.4862800869682053,1.7523402524807816,-0.17231415590531612,-0.0021276877743564193,0.013898549022733436,-0.0064633720202197315,0.07023555526482424,1.0,-1.0,47.36377876322068,73.9669702794881,-14.528131500762507,17.268396733647563
51.900000000000006,-9.214732480169355,12.688836270449817,0.0015021092417226076,0.001363898390132973,-0.00433004771543288,3.4905380203740126,1.6809671727932216,-0.1691039198174642,-0.0032045098731173205,0.01061771724888111,-0.0015999644906014672,0.023755854215846382,1.0,-1.0,36.44776410136632,79.44366980820104,-14.667785510154763,17.213654325100805
52.0,-9.37474039836855,12.648191416986576,0.001739369782948056,0.002190161076212133,-0.004267599588648522,3.4899496433637016,1.6183885532048161,-0.1624982584831737,-0.005368977269148489,0.006733085947770538,0.0019046334363082978,-0.026153368910515715,1.0,-1.0,26.580551430342435,84.39417241002941,-14.807233254055,17.158388600153373
52.1,-9.52931853308359,12.609057447842034,0.0016945726748137308,0.002696202575199471,-0.003907862657466537,3.484263048895078,1.5674093581326278,-0.1527885770527398,-0.007395409042638441,0.0036531048315441316,0.0044064863328874115,-0.0770306414115267,1.0,-1.0,17.661372690555474,88.8690346664346,-14.946472771481616,17.102600335978593
52.2,-9.67974054982301,12.571484619537285,0.0014200240491065912,0.002945420572044456,-0.0033128407847970985,3.4737602763181874,1.5294302574198955,-0.1406385281597572,-0.008261090711823245,0.0011336628376842424,0.006432104385138838,-0.12271984795281314,1.0,-1.0,9.599141537285627,92.91395572281462,-15.085502104381195,17.04629031709802
52.300000000000004,-9.827341148160066,12.535459194552415,0.001031181381943625,0.0029754654017000283,-0.0025309273623310598,3.4591867208041487,1.5046795412202867,-0.12676036153578987,-0.007753889699211172,-0.0009035824473381196,0.007927166550023934,-0.15990015510525607,1.0,-1.0,2.3115231292361633,96.57024398709075,-15.22431929765603,16.98945933537037
52.400000000000006,-9.973423628167058,12.50092265710715,0.0006299260456982794,0.002841475682971499,-0.001641582350456419,3.4414335712309816,1.492565767303891,-0.11177828791940284,-0.006293228400697285,-0.0021351620087267796,0.008524545912934741,-0.18821826508793085,1.0,-1.0,-4.275906708942257,99.87523898826572,-15.362922399191632,16.932108189980383
52.5,-10.119156466565073,12.467818413381144,0.0002721474760393372,0.002641759400683946,-0.0007626850208755846,3.421294480381903,1.4910824519390558,-0.0961300555314526,-0.004471065224079347,-0.002160033881631209,0.007867209557977966,-0.20942382231465584,1.0,-1.0,-10.230421537132587,102.8626927031478,-15.501309459884167,16.874237687427595
52.6,-10.265434115512454,12.43614835109209,-2.2280888861357927e-05,0.0024917561647414305,-2.411468435989378e-05,3.399361029459147,1.4964991844336333,-0.08006671063248416,-0.0027109933670941507,-0.001172197297806506,0.005847419081932346,-0.22511297801661176,1.0,-1.0,-15.612831325187807,104.47162489280934,-15.639478533667878,16.815848641514997
52.7,-10.412476570285568,12.406086213395314,-0.00024650617031188603,0.002426784865925323,0.0004053860711556405,3.3762559712625557,1.5007572453688165,-0.06397968182366663,-0.001219521189572766,-0.00026582110127915944,0.002291321729300148,-0.23431239127309195,1.0,-0.7778644561767578,-18.64857300313899,104.41945036931897,-15.77742767754244,16.75694187333758
52.800000000000004,-10.560101303566451,12.377854617138356,-0.0003684953324076904,0.0024100099968497758,0.0005007390802914859,3.3525870865607987,1.502223321579858,-0.04823244073906063,0.0001473701902690565,-9.14820138158614e-05,-0.0008057919380168979,-0.2372102678681997,1.0,0.1583637297153473,-6.644932888204992,101.71022618003782,-15.91515495160029,16.69751821127081
52.900000000000006,-10.70773387585234,12.351690048270573,-0.00036544633480504573,0.002346847045305817,0.00029580979472728736,3.3290438618945952,1.4945826400350297,-0.03331408794097216,0.0011434692586004388,-0.0009422672312460724,-0.003945191596921377,-0.2333543446385731,1.0,0.40163537859916687,5.382910150262868,96.92845261022377,-16.052658419053905,16.63757849095895
53.0,-10.854271945834922,12.327823064884361,-0.00023704460282774378,0.0021830834138911476,-0.00018129697372161084,3.306162389613213,1.4773020819456844,-0.019508909178973268,0.0017292218844385772,-0.00199115940774825,-0.0057459029788855115,-0.22556107324283295,1.0,0.2803335189819336,15.736668459930481,94.11686147150935,-16.189936146263044,16.577123555303324
53.1,-10.999476445903811,12.306218465638862,7.71390526176278e-06,0.0019903787814836015,-0.0006129577377982389,3.2840049952444055,1.4633149381607247,-0.0065669551724951356,0.0019944637593696897,-0.001705686630278404,-0.0035360364930154754,-0.2198385322627986,1.0,-0.4032350778579712,19.19283197130748,96.46959424018522,-16.326986202761923,16.516154254450477
53.2,-11.144185915770693,12.286659366054531,0.00028097806431164984,0.0019348078883622858,-0.0006852551552599915,3.262109956180751,1.4593791429800749,0.0060443756381148815,0.0014367217258757139,3.12023593916604e-05,0.00034360574285497553,-0.21865465918988405,1.0,-0.3113178312778473,23.493003649020263,98.21657423563474,-16.46380666128639,16.454671445780193
53.300000000000004,-11.289246862373288,12.269017866181477,0.00043168297565107286,0.0020583573213233553,-0.0004521269734679533,3.2402066511896046,1.4634831049961365,0.018528914746178314,-5.616397702724158e-05,0.0017672624123325823,0.0026777588729385085,-0.2196183042504417,1.0,-0.4644453525543213,25.27697002423184,100.39005566046666,-16.600395597800997,16.392675993893462
53.400000000000006,-11.434707408532121,12.253325918410555,0.0003661143937920495,0.002212927456135825,-0.00026511831464921673,3.2185439853336795,1.458016647778978,0.030261674774417664,-0.002018677146527937,0.0004467772944924636,-0.0007461794720370267,-0.2114721112098827,1.0,0.6852282285690308,35.02254981586341,87.46501942546813,-16.736751091526077,16.330168770600288
53.5,-11.57878674330001,12.239747008094579,0.00016556959917862917,0.0020491265709915484,-0.0005425829740141558,3.198430830674894,1.441049473317328,0.04040559839713616,-0.002638883774019905,-0.002782048939443439,-0.003522621513241665,-0.19542541582675388,1.0,-0.1099732369184494,39.87002473806005,88.97033993151047,-16.872871224964744,16.26715065490749
53.6,-11.722083435760528,12.228067543817756,6.949810258689807e-05,0.0017576872584470183,-0.0006678979269985375,3.179376730368223,1.4353527247788407,0.050067399349600354,-0.001372529555446198,-0.0026787908941082097,-4.928142886501e-05,-0.18878180524433966,1.0,-0.5709561109542847,37.661312421487715,92.34156276617644,-17.008754083929865,16.203622533006268
53.7,-11.865468498388235,12.2181437073508,0.00010240825346399935,0.0016423367794519905,-0.0004129495370057413,3.160518354373058,1.4379859300859672,0.05967923664420236,-0.00023123405999170887,-0.00024226266516671124,0.003560610840365676,-0.18868568494323212,1.0,-0.3061545491218567,40.247716401072715,94.46164660665927,-17.144397757570978,16.13958529825979
53.800000000000004,-12.009745797269243,12.209966143754052,0.00013470817428922225,0.0017479662242961414,6.937823649021803e-05,3.141671148644127,1.448144559789315,0.06912901277961347,-0.00018079912750613154,0.0016105718263862592,0.0047525634928722365,-0.18783724497005574,1.0,-0.009695053100585938,45.433210601808014,94.58766662527981,-17.279800338401156,16.075039851190617
53.900000000000006,-12.155480621842479,12.203582250792945,5.790182002660365e-05,0.0019133910443788291,0.0005291516760331287,3.1231424329401682,1.463104940894901,0.07819437390381112,-0.0007638230893015222,0.0014842721212789517,0.0037407442989686075,-0.18297198168469458,1.0,0.13485947251319885,51.135787068991014,93.48560034620607,-17.414959922323835,16.009987099468034
54.0,-12.302460477720812,12.199032619125804,-0.00013109967301463155,0.0018864522117574842,0.0006988868842846998,3.1056854180316824,1.4675516995031608,0.08604815426983478,-0.0013227801245025673,-0.0018966987163022953,-0.0011412072460959483,-0.16601368631048227,1.0,0.8539457321166992,58.65935782318265,79.21616403254991,-17.5498746086596,15.9444279578953
54.1,-12.448973364023363,12.196227676803813,-0.0003095751896237367,0.001412346143156598,0.0003559252599027104,3.0906625117890476,1.46081936626946,0.09196597748340499,-0.0006654360297299537,-0.006021128094519021,-0.004120422914650646,-0.140468153234638,1.0,0.2512687146663666,63.75045202200256,78.42683712325837,-17.684542500172892,15.878363348396746
54.2,-12.595502140047827,12.194966762326509,-0.00029258640658198743,0.0007693291399817993,0.00013899064001266813,3.0778264044213497,1.4646940599506797,0.09677749167302727,0.0011373759868799592,-0.0060434436053467145,-0.0006816835062747604,-0.12138772627729452,1.0,-0.04825085401535034,66.36838462496277,80.37818055037417,-17.818961703098704,15.811794200004861
54.300000000000004,-12.743023484025983,12.195121632338463,-0.00013187462648079766,0.0003347806878856816,0.00031233721415273427,3.0665439008259154,1.4776194624377919,0.10085107431020919,0.002059340116306052,-0.003000890671532145,0.0029337378588886196,-0.10731684278943772,1.0,0.1290348917245865,70.02292264377424,80.69504512652041,-17.953130327169216,15.744721448847201
54.400000000000006,-12.892265689416917,12.196626999595578,-1.676107561807937e-05,0.00024403551203910746,0.0006912260483722357,3.056538918728417,1.4973922840192013,0.10439218186305227,0.0014774027011378254,0.0005448524205605863,0.004003888395110138,-0.09576511276578654,1.0,-0.05270233750343323,72.0013970041266,82.46029004989332,-18.08704648564036,15.677146038133216
54.5,-13.043863252806338,12.199432615687869,-6.263293422702546e-05,0.0004564092727789421,0.0010698568302180982,3.047466441647124,1.5233147613092417,0.10778654271233355,0.0003473907299544278,0.00307854458311459,0.0034936909394970663,-0.08778936457113727,1.0,-0.08055192232131958,73.55439231771642,84.25021357902214,-18.220708295318367,15.609068918141013
54.6,-13.198310525445967,12.203517939774294,-0.00024717449526356916,0.0007808313923048879,0.0013729346464897894,3.0391436997688355,1.5532526199462267,0.11098826193853986,-0.00021454393515319873,0.00306300022071168,0.002620015772071062,-0.0795556327372456,1.0,0.25729143619537354,77.24485976680668,82.91188874472493,-18.354113876586236,15.540491046203975
54.7,-13.355540582388329,12.208848819325183,-0.0004767069232690964,0.0008894878374497965,0.001520523247309749,3.0321001806632997,1.5776749430865948,0.11317369969974168,4.4620778402793045e-05,-0.000608627553652197,0.0001544167941066475,-0.062323704485103035,1.0,0.6101349592208862,81.83820757031786,73.4908472026099,-18.48726135343018,15.471413386697279
54.800000000000004,-13.514231521509727,12.215218055917793,-0.000644944672018216,0.00045779734036024446,0.0013017972645467898,3.0276526849896164,1.5861137873843187,0.11306422452884275,0.000975205158018826,-0.006844334709378867,-0.0038488631974981677,-0.030542637889068844,1.0,0.9614514708518982,86.52575260997988,60.3144787336806,-18.620148853466006,15.40183691102439
54.900000000000006,-13.673137917965237,12.222279656982922,-0.0006324564972505592,-0.0005419236314465774,0.0008249613136950162,3.0270079248461754,1.5878839308796278,0.10995683134930846,0.002547489851728996,-0.011507320375413433,-0.004565257320062476,0.00974866113871314,1.0,0.5292409658432007,90.01973791155922,57.32343400022817,-18.752774507965427,15.33176259760333
55.0,-13.832500398172916,12.229724391526165,-0.0004144465316202619,-0.001729678326146628,0.0005306884212906759,3.03042250174937,1.595147096251986,0.10395683447085959,0.0037747584963887556,-0.011514264724988541,-0.00178528812981459,0.050151822987062826,1.0,0.482636034488678,93.03912575322276,55.5458344281095,-18.88513645188237,15.261191431853007
55.1,-13.992619767115583,12.23722179582789,-0.00014654183342843532,-0.0026906447827711286,0.0004543178613723624,3.0378503233420964,1.601948061376217,0.09510784824771912,0.003373601176792443,-0.008234152013016445,-0.000957338284536548,0.09090028120114882,1.0,0.8530817031860352,96.53559461300347,44.9292385827965,-19.017232823879173,15.190124406179251
55.2,-14.153200689760544,12.244355921105239,1.3174366529398303e-05,-0.003223146237930768,0.00035989687485849707,3.0492188265645854,1.60805939633538,0.08383852700557526,0.0019389118693704343,-0.003099847613132075,-0.0011855387378462861,0.12684029295926844,1.0,0.13338685035705566,97.31907365571877,48.61192883262531,-19.149061766352784,15.118562519960946
55.300000000000004,-14.314601365367578,12.250744725531073,4.465966134225345e-05,-0.0032134971391846578,0.0003053197636652952,3.063583580765056,1.6162694928245973,0.07113593953809859,0.0005856487341352947,0.00164431960991501,-0.0011611258629896986,0.15509856437478511,1.0,0.8851494193077087,100.44209296940828,38.39032957995801,-19.280621425460872,15.046506779535946
55.400000000000006,-14.476546829921434,12.256030838599587,-1.3344962783332091e-05,-0.002954453029864474,0.00020985361802542725,3.0807884775468626,1.6207483847681396,0.0569283849045273,-0.00018812889285282292,0.002689473516758583,-0.0016223548696638855,0.1830683153312501,1.0,1.0,103.37508380545144,28.336476765587218,-19.4119099511479,14.973958198186907
55.5,-14.638964970771216,12.25986619950502,-7.523594518956496e-05,-0.0027349559930946853,0.00014540918494596283,3.100484733927648,1.6264568984978713,0.04179449718042328,-0.00011049822842196458,0.0017867582209026064,-0.0007625989069377003,0.20464454282614436,1.0,0.4651001989841461,104.26945986564031,29.644235617796205,-19.54292549717114,14.900917796127054
55.6,-14.802083202478256,12.261934395887678,-9.663387875086703e-05,-0.0025949797463187584,0.00019866819066177935,3.1216537615239623,1.6345068429052958,0.026620167213733083,0.00029519155662335254,0.0011739655449942456,0.00047991867399535814,0.21497484183578014,1.0,0.06349337100982666,103.53989974194018,35.412108084097504,-19.67366622112663,14.827386600485845
55.7,-14.96619381887031,12.26201114074616,-9.701554380578803e-05,-0.0024806417854715654,0.0003582799900861698,3.1433102331747924,1.6456614224659167,0.01188203858561853,0.0005320958584702659,0.0010919150230408784,0.0012960210397454648,0.21667249694713261,1.0,-0.02030360698699951,102.5608505078549,41.29152036729802,-19.8041302844751,14.753365645294501
55.800000000000004,-15.131553809933292,12.259961014509676,-0.00011670857612656637,-0.002357283123005764,0.0005515975410739844,3.164798785426107,1.6595341532556984,-0.0022143766335661398,0.000510566305652635,0.0011515497375119426,0.001438671035230415,0.213273722531966,1.0,0.013646155595779419,101.93863063569654,46.345781155857466,-19.934315852567806,14.678855971471492
55.900000000000006,-15.298415952305632,12.2557159457221,-0.00017212875844866448,-0.0022712005758867434,0.0007318751713037059,3.185956981849336,1.6756477193140045,-0.015953032215798465,0.00044655361398631175,0.00016298449037223704,0.00115351021231072,0.21146742235528637,1.0,0.5692600011825562,104.05952593182012,43.57813587748897,-20.06422109467234,14.60385862680787
56.0,-15.466900666093915,12.24922486166677,-0.0002506590006972415,-0.0023333892123474434,0.0008703666878825113,3.2071369506891587,1.6932567681987416,-0.029648535918605196,0.0005602578394383447,-0.001249305719618291,0.0008410993796667244,0.21147475177979058,1.0,0.09825263917446136,103.77708048311588,47.70775655853508,-20.19384418399838,14.528374665952562
56.1,-15.637233350508817,12.240380266479702,-0.0003238140035135864,-0.0024669806929857037,0.0010077928408960355,3.228161596249128,1.713206453848906,-0.0430635162778823,0.0008989988749182022,-0.001625021544483058,0.0008318581268832301,0.20942131167199454,1.0,0.32171177864074707,104.15499497185439,49.144598831983465,-20.323183297723368,14.452405150397524
56.2,-15.809428839634322,12.22910186161237,-0.0003816912950463966,-0.00256916269647619,0.0011159871374843706,3.2488469054345526,1.7325643207350456,-0.05603543736467474,0.0012538102886528045,-0.0007234665163787345,0.0003341924714159911,0.20420419883578975,1.0,-0.16888178884983063,101.60916117246451,54.69738607001669,-20.452236617018144,14.375951148462818
56.300000000000004,-15.983444723086498,12.215334734213085,-0.00041724443662199755,-0.002536369106609239,0.0011845391759361754,3.268843377358533,1.7527948003340716,-0.06840541078166082,0.0016338362977337318,0.00042333979783885077,0.0001961935916009622,0.19793550099006743,1.0,0.3556602895259857,103.05452683228899,55.04368233751232,-20.581002327072536,14.29901373528159
56.400000000000006,-16.15948065818727,12.199043034440573,-0.0004291199881897202,-0.002480780474899146,0.0012705551484357813,3.288505494318268,1.7753721794260957,-0.08065171639434084,0.00195379811563667,9.21067105170753e-05,0.00043243670938590106,0.19614850915070525,1.0,0.3851132094860077,104.20992490402269,54.97176943924454,-20.70947861712087,14.221593992784925
56.5,-16.33757681015559,12.1801553633056,-0.00043740404429230297,-0.0024864516785424113,0.0013460297177567168,3.3080339915982995,1.7979849451024073,-0.09270489641839906,0.0020651948615791273,-0.0005266378295148729,0.00019864246443634774,0.19444295458395494,1.0,0.16320693492889404,103.98400776151387,57.408717829569866,-20.83766368046743,14.1436930096867
56.6,-16.51777924663596,12.158570251192263,-0.0004516660127212112,-0.0025133414209106736,0.0014053911437471001,3.327224878650211,1.8216668295880443,-0.10430109805169077,0.002106519541315658,-0.0003713727836812233,4.2501685389816914e-05,0.18955312385244746,1.0,-0.07092387229204178,102.49848507233595,61.53935259026517,-20.965555714511876,14.065311881468197
56.7,-16.70012887612621,12.134214550034871,-0.0004712269157580942,-0.0024892669058691826,0.0014551360594540327,3.345780318829514,1.8464222938536752,-0.11534027690636381,0.002177801453841412,0.00011172702990769126,9.034288871840351e-05,0.1832527879413944,1.0,0.20214933156967163,103.11588170375761,62.96160177401538,-21.093152920774592,13.986451710362736
56.800000000000004,-16.884756605194113,12.107035444707723,-0.0004919859431252255,-0.002450447480269712,0.0015241755418624716,3.36381058990034,1.8729174034685698,-0.1260201530513157,0.0022979838525359025,0.00010342312987555136,0.000341757957081181,0.17832163137610121,1.0,0.11672613769769669,103.16123175704718,65.06396575255843,-21.220453504921963,13.907113605340186
56.900000000000006,-17.071691674058997,12.076976593683382,-0.0005185628384860522,-0.0023959772850559763,0.0015908243747726877,3.3812247386751833,1.8989192845652383,-0.1360706095767808,0.0023705263243381947,0.0005636835197530195,3.273920671490157e-05,0.1704581933064514,1.0,-0.21550168097019196,100.4483206487837,69.35151108821022,-21.34745567679162,13.827298682091318
57.0,-17.260753027856914,12.044050206919966,-0.0005483460750232847,-0.0022652304842793194,0.0016045452165855208,3.3976453825831943,1.9240205213372925,-0.14526617178743811,0.002492512523119332,0.0012174483886282874,-0.00031205869205120664,0.1604547024181146,1.0,0.09860625118017197,100.63148361417942,71.00172752242621,-21.47415765041762,13.747008063012203
57.1,-17.45182862053492,12.008309800898969,-0.0005670184882224295,-0.0020865900340959497,0.0015737315372222845,3.4130091286359305,1.9462542132232103,-0.15350817584106535,0.002622965580062214,0.001990859463343468,-0.0011368059579938182,0.14772398908985046,1.0,-0.44793885946273804,95.2700119478463,75.73492831508302,-21.60055764405554,13.666242877188324
57.2,-17.644371516677218,11.969947838852846,-0.0005628663120267024,-0.0017869589742965503,0.001430005845764966,3.4267269861077847,1.964272413154317,-0.16026066538375766,0.002793740727385099,0.0031660834479008896,-0.0018037084946671037,0.13034255787482957,1.0,-0.1555197685956955,93.90859060252102,78.6531394636676,-21.726653880207564,13.585004260378795
57.300000000000004,-17.8383896879932,11.9291101249246,-0.0005118420961120085,-0.0014492472237109327,0.0013113518952550419,3.4388081650296343,1.983957183457822,-0.1658060949208499,0.0030554901440013518,0.003057090226209619,-0.0010031215286779918,0.11477210958966166,1.0,-0.08884304761886597,93.28495809609728,80.86508530420497,-21.852444585647433,13.50329335500031
57.400000000000006,-18.034047005630992,11.885904457715363,-0.00043923170694588415,-0.0012125217825015961,0.0012834205518619916,3.449553067787591,2.0052021656431656,-0.17049930437236668,0.003049450953676277,0.0014381368995851622,-9.34297045389374e-05,0.10353556637085175,1.0,0.18171274662017822,94.67168964709512,80.63433618529398,-21.97792799144544,13.421111310111144
57.5,-18.23102522851248,11.840545294082519,-0.0004013626720980871,-0.0011137667919782906,0.0011893959226641077,3.4591083828064892,2.0163389494474075,-0.17406250620022168,0.002420535792877062,0.0011840531460743414,-0.0025560863017499843,0.08750427484643282,1.0,-0.6556965708732605,82.84966558402509,85.00216800892288,-22.10310233299325,13.33845928139494
57.6,-18.42738360950695,11.793769543139074,-0.00039276270926522934,-0.000771342494581951,0.0006316228114490402,3.465974250062685,2.004422558183471,-0.17474988418591475,0.0016826358243466064,0.005252978653635431,-0.0076693997579922926,0.05392563508625857,1.0,-1.0,68.52419519158245,89.41861453263726,-22.22796585002875,13.255338431144487
57.7,-18.62132100934544,11.746520228088809,-0.00027386359738281986,8.734419801522964e-05,-0.00029831604554283835,3.468675742550146,1.9766249121974344,-0.17153775582294348,0.0017433560805630187,0.010732997355079623,-0.009804739663844226,0.007754511110760668,1.0,-1.0,55.5751045799109,93.41073239337777,-22.352516786660786,13.17174992824539
57.800000000000004,-18.811996409234553,11.699602857592803,4.5930689423258285e-05,0.0014055328660626586,-0.0011871909054815227,3.4662515095259647,1.9428137196281459,-0.1637985566210504,0.002096948315694839,0.014334046687212828,-0.007901727268250254,-0.04618130213351945,1.0,-0.8570549488067627,44.920814277919575,96.87636245859892,-22.47675339139387,13.087694948159566
57.900000000000006,-18.99950858200189,11.653600503091477,0.000483180730860554,0.0028070754684418405,-0.0017110332594649502,3.458534838994652,1.913731852499836,-0.15197983050384367,0.0016493179793561805,0.012678709354233835,-0.0034055826808101868,-0.09592376833197513,1.0,-0.3211545944213867,46.63210380487166,98.6283943445454,-22.60067391715279,13.003174672908806
58.0,-19.184927829218484,11.608782829023847,0.0008395261158608911,0.0036867249188957834,-0.0017392147118885956,3.446741927335592,1.8957414214434518,-0.13775597263051645,-0.00013790487391685192,0.0053165997880066035,0.0008800901568221807,-0.13039104028422693,1.0,-0.099785216152668,50.454773613670305,98.99422898845864,-22.724276621307204,12.918190291058089
58.1,-19.36919581126422,11.565342811701834,0.0009347227290763205,0.0036904760623471364,-0.0014786319699224833,3.432482817409666,1.8846915990933204,-0.12279882562722932,-0.0027125616231217396,-0.0038333126512321764,0.002473491677144806,-0.14846368422273024,1.0,0.19430425763130188,56.02849519977296,96.8967279399277,-22.84755976569611,12.832742997698873
58.2,-19.55286580740011,11.523445081212062,0.0007557965115406221,0.0029495558729088684,-0.0011646143477508654,3.4170711354039685,1.8783477156647355,-0.10810155204366075,-0.004568820962272737,-0.009177072641747457,0.002708626329457042,-0.1581362143723215,1.0,-0.46305420994758606,54.70944783938672,99.19245667927204,-22.970521616652327,12.746833994432322
58.300000000000004,-19.736453834090117,11.483141691487326,0.0004427294564400004,0.0020440768845279497,-0.0008325435469149899,3.4008295953315013,1.8764087662391467,-0.09376988818285995,-0.004748966768150275,-0.008798563781877131,0.0030194682941199766,-0.16372081673206482,1.0,0.20323839783668518,59.9244358082178,96.98600990073746,-23.093160445026854,12.660464489352364
58.400000000000006,-19.920367244235745,11.444496631701075,0.00014846387938007157,0.0013736037060488183,-0.00046556875552226576,3.3844803046943195,1.8788412246005286,-0.08028266879614755,-0.0035083371355049183,-0.005046792783142927,0.0037302836385765675,-0.16346075837969057,1.0,-0.19476458430290222,61.57612318099994,98.0916457718343,-23.215474526213185,12.573635697028763
58.5,-20.10508056179016,11.407447943782048,-5.234883304823057e-05,0.0012211799409328045,-4.919014664783878e-05,3.3680076350731154,1.8850267267568248,-0.0668972774502586,-0.0018073313492724837,0.0009041849569681759,0.0038550870168006235,-0.16647677720707071,1.0,-0.5335797667503357,58.363563681954325,100.48657191425053,-23.33746214017157,12.486348838489967
58.6,-20.29074752744113,11.371999074391796,-0.0001732117087424526,0.0016349127937010416,0.0003010127155500161,3.3509491588343656,1.8925140584641182,-0.052917030753191784,-0.0004236432457028123,0.00594468018939964,0.002839058484539255,-0.17350763892005558,1.0,-0.4537714421749115,56.970768224896815,102.40658046759535,-23.459121571453203,12.39860514120599
58.7,-20.477628979324226,11.338183012546597,-0.00024123088889435324,0.002324066913267019,0.0005589418318590508,3.333238006688747,1.9033113370013883,-0.03840043132159229,0.0005329847617777569,0.0069763810308832155,0.0019157294749899084,-0.17877645697712016,1.0,-0.1277613788843155,59.54828384936037,102.5905470602712,-23.580451109224324,12.310405839071123
58.800000000000004,-20.66609333342056,11.306037756940873,-0.0002813738703448109,0.0028454829124397313,0.0007586433912114042,3.315323505172478,1.9174988301142635,-0.023905233263313095,0.001101311477308365,0.0037921925699516503,0.0012938721024356625,-0.1786232842049987,1.0,0.018150821328163147,63.09258544673772,101.71975302755165,-23.701449047290314,12.221752172386601
58.900000000000006,-20.856371161966713,11.275605150851973,-0.0003157618067841272,0.0029148534942505357,0.0009015324197319159,3.2977456427400664,1.9332314680539224,-0.010017893852439275,0.0013763221669526981,-0.001185803834951284,0.0006462757635130558,-0.1731731426964642,1.0,0.1396399736404419,67.12824190508492,99.88806461094579,-23.82211368411967,12.132645387843162
59.0,-21.04850874961586,11.246921574327764,-0.00035086963762718767,0.0025197775349237953,0.0009715553233498484,3.281003417399215,1.9488223807996445,0.0027195842125640438,0.0015340167436240087,-0.005282378187002454,-4.887733188316677e-05,-0.16296340265630885,1.0,0.2377135306596756,71.33578823499579,97.25765640104973,-23.94244332286792,12.043086738503476
59.1,-21.242460890573728,11.219985631898423,-0.0003750022588154301,0.001868498496085335,0.000980924565899929,3.265468485669514,1.9645142365686008,0.014043318113137474,0.0017450854554471402,-0.006624962045170944,-0.0002818200140331616,-0.15024402336585552,1.0,0.13585136830806732,74.55586390583326,95.8898747809298,-24.062436271401495,11.95307748378459
59.2,-21.43828561609623,11.194730423423824,-0.00037665996573161214,0.00126123807578803,0.0009854397942233623,3.2512555348523446,1.9808746267014261,0.023991094701711454,0.001977308173462882,-0.005231782261904768,-0.00014111555454506615,-0.1363979969641509,1.0,0.2423432618379593,78.07383108018371,93.59436922333364,-24.182090842321546,11.862618889440153
59.300000000000004,-21.63597055186908,11.171068253971683,-0.00036403218736903796,0.0008743873759851169,0.0009928748526468198,3.2385211076264455,1.9974815423243142,0.032589230704565854,0.002101885407113059,-0.002676946722816619,1.3500007827340572e-05,-0.12132106828623676,1.0,0.17226248979568481,80.86702146638723,92.23300774544663,-24.301405352987633,11.771712227542665
59.400000000000006,-21.83434983822192,11.148985708369068,-0.000371854738755629,0.0006698431297683495,0.0006882671229950908,3.2276237367339955,1.9851477970135654,0.039378836912890514,0.0013378619729722166,-0.002102208832043295,-0.007359357703130089,-0.0983226778310774,-1.0,0.7276646494865417,77.01759689375228,71.11974794338502,-24.42037812554142,11.680358776465557
59.5,-22.029137316556895,11.128639094654865,-0.0003172894935097484,0.0003503774045057987,-0.000509630442635054,3.2196164911630536,1.9421262752678876,0.04353771958292631,0.0011051692521756018,-0.0038042131356368853,-0.01269688576265632,-0.06847382013024746,1.0,0.2910110354423523,80.53963153901424,70.66668115707196,-24.539007486930245,11.588559820865232
59.6,-22.220615833088136,11.109604378561801,4.3902364789319276e-05,-8.827712444009974e-05,-0.0014363993228627796,3.214411913386619,1.9128956681957598,0.045580568734032746,0.002243511565426639,-0.004751668735150084,-0.006330577812221193,-0.041191457476302144,1.0,0.3510071933269501,83.98997930101272,69.5375538229317,-24.657291768930676,11.496316651662994
59.7,-22.409474381429412,11.091486416708706,0.0005555518350412826,-0.0006325589126088983,-0.0017399814843943844,3.212176219384244,1.8841939348885937,0.04501581653100875,0.001658268621581406,-0.006287825058580648,-0.0018960942945195596,-0.007737976971239865,1.0,1.0,88.50367610927117,56.49110052140427,-24.77522930817195,11.403630566026877
59.800000000000004,-22.594933786725232,11.074020065314121,0.0009034749426348069,-0.0014399968519146753,-0.0019452763088293498,3.214102434857306,1.8472021871459268,0.04061738677476055,-0.0010153987611320136,-0.009229727952836952,-0.0024531879563373378,0.038580095134631204,1.0,1.0,92.58370052470575,44.698140057673605,-24.892818446159364,11.310502867353446
59.900000000000006,-22.77680836491059,11.056779287575322,0.0010095110182605012,-0.0024490684568860112,-0.0021560183093391775,3.220842764931966,1.8146719376064966,0.0324414858090487,-0.003494645881415073,-0.009743496016381841,-0.001479307217297443,0.0851244735891532,1.0,0.27550607919692993,94.53592525680705,46.9589521885197,-25.010057529297598,11.216934865249417
60.0,-22.95595741289715,11.03920949890859,0.0009560249716941814,-0.0032706933599306073,-0.002117346809265654,3.231728628463609,1.789994224865957,0.02147287029689573,-0.004795689953885311,-0.006614293868659345,0.0008634737539534925,0.12452688627948148,1.0,0.8100056052207947,97.8322693772855,37.572131864563076,-25.12694490891397,11.122927875513291
60.1,-23.132677053908868,11.02087506858254,0.0008062826544801704,-0.0037106665454233233,-0.001885277561989776,3.246312640435875,1.7687144035868227,0.008269104091141658,-0.005127216687905371,-0.002307706461961496,0.0024958857224547768,0.15886276100263663,1.0,0.5877382755279541,100.39408858112093,34.72200057037212,-25.24347894128165,11.028483220116804
60.2,-23.30748206550914,11.001337008580505,0.00061913817043729,-0.0037288472582489383,-0.001499532878302763,3.263865624521329,1.7527502597806348,-0.006229769093987714,-0.004741150981425961,0.0014888075162261733,0.0034484072795974508,0.18600331606827689,1.0,0.7346483469009399,103.01183362307879,27.372407283868686,-25.359657987642713,10.933602227186366
60.300000000000004,-23.480755189000543,10.980217209775969,0.00042626989077364,-0.003477812730719691,-0.001069764145827246,3.283748348469405,1.7414695198751249,-0.02136936763505516,-0.0039728529303280045,0.0034403644204702567,0.0036250627133537585,0.206051935283166,1.0,0.4819076657295227,104.28068544879788,28.48535578537926,-25.47548041423124,10.838286230984377
60.400000000000006,-23.652885538396045,10.957173053569681,0.00024966913344900136,-0.0031113340521962945,-0.0006737601472167039,3.3050562792015334,1.7333092567171167,-0.03635831384772213,-0.003074647091150462,0.003921908431816959,0.0029034895777008667,0.2167598869755163,1.0,0.44117972254753113,104.25273595796078,30.160700291582987,-25.590944592296264,10.742536571890465
60.5,-23.823929292028634,10.932005479220505,0.00010352069558163354,-0.0027956222036522463,-0.00041323076289416234,3.327118785945234,1.7242098591450676,-0.05102234894545771,-0.0022229685828385943,0.0025915198534644354,0.0011019886594137165,0.2230839808101842,1.0,0.6901851892471313,104.38841625006476,23.900619139468613,-25.70604889812468,10.64635459638263
60.6,-23.993507083698464,10.90468170605273,1.103158138732774e-05,-0.0026870999112536794,-0.00037029479423285067,3.349744761174119,1.711197296565868,-0.0654581532470472,-0.0014147685525476288,0.0001989401594688929,-0.0009400428366476216,0.22819252390067116,1.0,0.6916345953941345,104.38898885720081,18.218297365626082,-25.820791713064093,10.549741657018323
60.7,-24.16130970901397,10.875206113302017,5.0695134581374224e-06,-0.0028007536573251527,-0.00047260235232042254,3.372809028529943,1.6957499600990567,-0.07966114780148564,-0.0006608881754376657,-0.0017383444290634679,-0.0019962790977741647,0.23215597066029187,1.0,1.0,104.47162489280934,10.102557333333031,-25.935171423545555,10.452699112415406
60.800000000000004,-24.32718559838592,10.843583574499242,8.518671124510022e-05,-0.003028736987987584,-0.000601797937767207,3.396176838649289,1.6804701116426752,-0.09354878295190823,-0.00018180768627625395,-0.0021926498028161175,-0.00174309883447715,0.23432253279666876,1.0,0.4568287432193756,104.26377752623033,13.297537933490537,-26.04918642110627,10.355228327233064
60.900000000000006,-24.49133132635203,10.809750419192316,0.00020693849326348148,-0.003209944918773216,-0.0006424956077064769,3.4196223942159496,1.6683020566466886,-0.10696206958923145,-0.00020177217622149515,-0.0011688394921666803,-0.0007047510604941216,0.23429283347268115,1.0,0.32729193568229675,104.16012081426271,17.97325199223993,-26.162835102412213,10.257330672152612
61.0,-24.654015922660733,10.773631241403473,0.0002987981939713464,-0.003250853339905719,-0.0005900279546629653,3.4429866246817658,1.6588758499230964,-0.11983122432577045,-0.0007451200829968485,0.00031908938179497524,-2.7698040542127006e-05,0.2331763598462077,1.0,0.507205069065094,104.2967919955337,19.51694730956898,-26.276115869280684,10.159007523858207
61.1,-24.815366422415995,10.735190087224082,0.00031387968140580166,-0.0031697798599188438,-0.0005163198077684597,3.466240172178466,1.6503955897559197,-0.1321629189777837,-0.0014692293690621086,0.0012313573032952624,-8.711634352627225e-05,0.2321866728718158,1.0,0.5851295590400696,104.3408274890715,18.58756186248149,-26.389027128702757,10.0602602650175
61.2,-24.975333618532158,10.694441740351326,0.0002609428825371266,-0.003057092060060059,-0.0004812717668826613,3.489444692482357,1.6408639113943915,-0.144016091552078,-0.0019376862789245428,0.001103838543725493,-0.0006209839775613401,0.23214323906956139,1.0,0.7631730437278748,104.41473639789052,12.433846328554399,-26.501567292865712,9.961090284262198
61.300000000000004,-25.13349742667371,10.651529287578981,0.00018443417774080667,-0.002987157150412904,-0.0005614341654701365,3.5126153493629615,1.6239906589210875,-0.155279291792209,-0.0020633882594565094,0.0007257429330193267,-0.002400454907658834,0.23076293988331809,-1.0,1.0,100.31061018439173,-1.3441748156885827,-26.61373477917534,9.861498976168509
61.400000000000006,-25.289006392115056,10.60678939801255,0.00014997380946577747,-0.002928275550637268,-0.0008070338478266386,3.535465222772301,1.6012323849397196,-0.1657162568037222,-0.0016649662641879193,0.0007036985655045318,-0.0031110912334433964,0.22712963874246073,1.0,0.03684639930725098,100.07685285379331,7.621265181851204,-26.725528010278214,9.761487741237573
61.5,-25.442049832258487,10.560221935749585,0.00021725530355547505,-0.002904168760690755,-0.0009251919098907191,3.5580606306807407,1.5846559829928795,-0.17561175930173234,-0.0009368687314214379,0.00014131974352835623,-0.0006671330517962473,0.22571558420380833,1.0,0.5049017071723938,102.19818481763923,10.204975263089876,-26.83694541408387,9.661057985875736
61.6,-25.59337867292735,10.511556318343635,0.0003313075674244794,-0.002965851495391341,-0.0007515761575761972,3.580680450087141,1.5765695290324897,-0.18519889600156383,-0.0007888723919455783,-0.0007573384665183975,0.0020409329032011294,0.22658465258077914,1.0,0.34811073541641235,103.5554498189703,14.921374427296076,-26.9479854237869,9.560211122374763
61.7,-25.743582916886716,10.46050778054623,0.00037242588676550127,-0.003080837958244876,-0.0004128310997624828,3.6033702836300883,1.5744497737407601,-0.19444164325872232,-0.001452887409017256,-0.001050908196324356,0.0028796105893916604,0.2268842849988056,1.0,0.2049993872642517,104.03403026574645,20.793780290018677,-27.058646477888995,9.458948568892023
61.800000000000004,-25.89299226643389,10.406871686325974,0.00028269513230135327,-0.003166972416899065,-9.332730631207177e-05,3.625991638003462,1.575274563690753,-0.20326880747400577,-0.002254330819328781,-0.0005709033020892087,0.0020774912109370234,0.22568588238937068,1.0,0.4448223114013672,104.25534042671956,23.151757605397187,-27.168927020220906,9.357271749430502
61.900000000000006,-26.041693474145326,10.350558375639762,0.00010671715255474048,-0.0031681227443836717,0.00011912744801559496,3.648384748432241,1.5772905533586539,-0.2115520231290882,-0.002415875598346388,0.0004682309783336273,0.0010376629010534287,0.22215237033430513,1.0,-0.07175922393798828,102.4913795830341,30.579558892021595,-27.27882549996433,9.255182093818796
62.0,-26.18975919419859,10.291488425582537,-6.104610528879343e-05,-0.0030378733432919473,0.0002707953525053471,3.6701941328332452,1.5811790440358742,-0.21903364094327996,-0.001743682118687328,0.0017613064290906864,0.0008150770979660357,0.2150249770877152,1.0,-0.08876581490039825,101.04379207512896,37.40985560075621,-27.3883403716737,9.152681037691007
62.1,-26.337382283882793,10.229551151596059,-0.00015967202053893443,-0.002814520877358061,0.0004445999038976246,3.6911979409208135,1.5887519773885865,-0.22573914149994345,-0.0006810685369450383,0.0022520135528690745,0.0014195900657462232,0.20683759054525658,1.0,0.05521146580576897,100.87179195410829,42.50092318451406,-27.497470095297935,9.04977002246654
62.2,-26.484753039346494,10.164647973335173,-0.00020034246752147322,-0.002575192216996647,0.0006311325428377448,3.7112557321826145,1.596395883647423,-0.23151693316988856,4.5858995653137594e-05,0.0024571654252237736,0.0008374833401266647,0.19521376578597113,1.0,-0.4324551820755005,95.72498473575409,49.91894213628241,-27.6062131362021,8.946450495329863
62.300000000000004,-26.631633386105786,10.096967898261338,-0.00021978389183782446,-0.0023128473824528565,0.0006969904943546039,3.7299274372048603,1.6037647897509058,-0.2362716266565187,0.00045326218550087016,0.002233241955417283,0.00013695996666408233,0.18197109602945513,1.0,0.16310441493988037,96.76808705363406,52.842346623153425,-27.714567965188976,8.842723909210118
62.400000000000006,-26.77846892720621,10.02634433086952,-0.00021691593556989993,-0.002189671565342057,0.0007970854884771275,3.747676031484483,1.6177709899034458,-0.240746671130477,0.0007814332848942552,0.00013383078248401046,0.0009546722967726013,0.17550960018727557,1.0,0.40809366106987,98.88419729449882,52.665095560562705,-27.82253305852056,8.73859172276071
62.5,-26.92567107293673,9.952552200523584,-0.00022086660678903862,-0.0023215889673351402,0.0009742001238523722,3.765134687557913,1.63626750857293,-0.2453142422585438,0.0008148627221469626,-0.0024668871780102893,0.001602872191633925,0.1744340097877389,1.0,0.3812022805213928,100.69438271920266,52.87411502675552,-27.93010689793951,8.634055400338802
62.6,-27.07351972430843,9.87534866151996,-0.00026183043906447386,-0.002635869153512574,0.0011903661743751274,3.782581502288996,1.6586423203520049,-0.24998312796586852,0.000673299097084843,-0.0035854508726589377,0.0017799629926433594,0.17421587343768657,1.0,0.15525344014167786,101.21290026078012,55.58858932357277,-28.037287970690485,8.529116411984695
62.7,-27.2222374971111,9.794473655582841,-0.0003426282311540492,-0.0029373435817963726,0.0014122016614836236,3.7999389264884864,1.684472632460035,-0.25465200007042926,0.000640153907120065,-0.002849937182945592,0.0016830784133990257,0.17327724289721833,1.0,0.2721729874610901,102.31978852793038,56.840227637884084,-28.144074769541408,8.423776233401195
62.800000000000004,-27.37190997184508,9.709769968259677,-0.00044568617707595133,-0.0031345481482332204,0.0015942861216032237,3.817352750616319,1.710554187115653,-0.2595487498769169,0.000807266036087033,-0.0019491309478550576,0.0008468123459178491,0.17555933155474274,1.0,0.5720360279083252,104.33398679369155,52.959489786490636,-28.250465792804683,8.318036345932821
62.900000000000006,-27.522198042886906,9.621375832328846,-0.0005421082238286408,-0.0032598525387735238,0.0016322286196487682,3.83514831812473,1.7320921913602092,-0.26467289917825737,0.0011597146782602802,-0.0012100962472666379,-0.0007990422719105063,0.17923089989783753,1.0,0.3992380201816559,104.22120268511907,52.89496945525391,-28.3564595443583,8.211898236544997
63.0,-27.672776082299325,9.529363015260198,-0.000582408142880752,-0.0032757163667284234,0.001567601434167253,3.853081251793127,1.7525134221659446,-0.2695206547704628,0.0017992110043678344,0.00020844895563655873,-0.0013112909398300006,0.17837072930928638,1.0,-0.0849081501364708,102.37847573071551,57.55514281746754,-28.46205453366688,8.105363397803139
63.1,-27.823584971856018,9.433629735341944,-0.0005481699223125106,-0.0031541209244602187,0.0015219916807324575,3.8707225877143014,1.7742930769234901,-0.27396020053482006,0.002412549850921521,0.0011314438764349398,-0.0007704222215263372,0.17579929806137098,1.0,0.41425883769989014,103.97824693508173,56.83726746680367,-28.567249275802617,7.998433327851661
63.2,-27.974641732861077,9.334074167915382,-0.00047937264093369586,-0.003026159615438948,0.001527512154481812,3.888200188048885,1.7970412849772377,-0.27815671511420137,0.002571710190033955,0.000992039570513966,-0.0003608459043847052,0.17330371237972625,1.0,-0.0594056099653244,102.59564408524592,60.942274289861984,-28.672042291466187,7.89110953039291
63.300000000000004,-28.125925643871504,9.230597694665075,-0.0004294690478943981,-0.0029050479350186485,0.0015521246751649023,3.9051946326963427,1.82113439736311,-0.2818067916095541,0.002333130458412801,0.0008575505834374561,-0.00018312910161449858,0.16768300764217084,1.0,0.08705350756645203,102.49513767339961,63.501584289566814,-28.776432107007533,7.783393514666024
63.400000000000006,-28.277509577238117,9.12308156436902,-0.00042267676131998246,-0.0028283687406129346,0.0015934344553762776,3.921657778320133,1.847223378747827,-0.28512873313568665,0.002004004345337002,0.00019398773293038043,2.4817108268666117e-05,0.16287398285680052,1.0,0.19633671641349792,103.08031911439424,64.79382971721465,-28.88041725444659,7.675286795425688
63.5,-28.429345934894283,9.011523673469862,-0.0004584389400464758,-0.0027941958682986237,0.0016123084690928416,3.9375276989423247,1.871158137554525,-0.2879029377477635,0.0017194498634531886,0.00036288178594218754,-0.0007122397758016279,0.1544526906173705,1.0,-0.3858419358730316,98.38327436738223,69.8975160888744,-28.98399627149395,7.566790892920867
63.6,-28.580936430985307,8.896396443106072,-0.0005099587431145307,-0.0026128206945610103,0.0014743326598867824,3.951973143107739,1.8871068676495968,-0.2893040934388228,0.0016546967458692362,0.0026194192334588933,-0.002563526424016579,0.13659999488278982,1.0,-0.5124915838241577,92.09487831731529,74.94092372413779,-29.087167701571378,7.4579073328734005
63.7,-28.731859811805272,8.77831548870957,-0.0005100574199759795,-0.002227772741674744,0.001207792951280197,3.964518946304801,1.8996224119946568,-0.2894683920467336,0.0020962876218675397,0.00383266112264518,-0.0027724647177651417,0.11976162822642195,1.0,0.2932174503803253,94.17868241770066,74.09544546267661,-29.189930093832345,7.348637646456556
63.800000000000004,-28.882344682987338,8.657335321967585,-0.00042152074234297685,-0.0019288051204826608,0.001060563030130972,3.975979772268942,1.9158378919535228,-0.289310370809407,0.0026263182100405924,0.0019782383049035627,-0.0009134954823710531,0.11178548292752141,1.0,0.14979931712150574,95.29010982826074,74.82264330807668,-29.2922820031824,7.238983370273502
63.900000000000006,-29.03264301242039,8.53333027556444,-0.0003089067513360287,-0.001892651681160557,0.0010807241223993378,3.986935249261351,1.9344586866125182,-0.28914119606928324,0.0025105321962375156,-0.0009907577209886907,0.000401314047209652,0.10889496670042709,1.0,0.31984445452690125,97.18871950211476,73.67667253130617,-29.394221990299513,7.128946046335688
64.0,-29.182856920150066,8.40624235276359,-0.000256370194451953,-0.0021333671358756737,0.0011594737524368741,3.9978538644258323,1.9544146254032588,-0.2893102837814922,0.001819363208120193,-0.003300776959840264,0.0006126341225173119,0.10942366720082163,1.0,0.1625371277332306,98.08780311683486,74.32289835299721,-29.49574862165428,7.018527222041165
64.10000000000001,-29.333027701638134,8.275983591895912,-0.00028561590924744195,-0.0024496231180344123,0.0012249680859700359,4.008684209299682,1.9747280863975887,-0.28948590670640456,0.0011418665053975485,-0.002766877124601177,0.0001651202393551974,0.1063848053391932,1.0,-0.25580909848213196,95.43610415354699,77.93205948640511,-29.5968604695301,6.907728450152881
64.2,-29.48266333384922,8.14313441740141,-0.00037035895722090876,-0.0026322620895836203,0.0010647949338897034,4.019261971774428,1.9784442406751597,-0.2898964176918008,0.0005466036398619376,-0.001965653055425346,-0.004246451255944294,0.1083524168638173,0.15791654586791992,0.6363633275032043,96.397756142966,61.70797201096912,-29.697556112043305,6.79655128877668
64.3,-29.630310684330567,8.009491793128374,-0.00040209533283357943,-0.002883211817058855,0.00042710806546909894,4.030876616502603,1.965671353779942,-0.29154517837481736,0.0007069058429667332,-0.0029139130896910486,-0.0070023965428799495,0.12117887709997359,1.0,0.3989735543727875,98.51530585151455,60.80656951934138,-29.79783413316309,6.684997301339585
64.4,-29.775962658661545,7.874856996128379,-0.0002244813578330329,-0.003177501995042516,-4.226195871856938e-05,4.043690543626985,1.9599177522225057,-0.29386825603378264,0.001677725004907153,-0.0028593651513655334,-0.003433824238349003,0.13246424849617494,1.0,0.34888237714767456,100.22966186113752,60.651525048375554,-29.897693122731425,6.573068056567692
64.5,-29.91988013369772,7.738653304254934,7.14912352183558e-05,-0.0034083095382665615,-0.00010624515428311009,4.0574816620582945,1.9596722587594861,-0.29661752829922683,0.0016836359467022274,-0.0017937815799023724,0.0002162746037570795,0.14108452380154515,1.0,0.257720410823822,101.35934818648369,61.57586914793556,-29.99713167648292,6.4607651284641605
64.60000000000001,-30.062223944729826,7.60044162335744,0.0002783078330819192,-0.003511189199975784,5.063763430601346e-05,4.072026520671446,1.9628960887492468,-0.29966929740102904,0.00030102388258837975,-0.0006152813063973687,0.0012469726728047623,0.14858763875310188,1.0,0.462449848651886,103.22432539077641,59.73378003266129,-30.096148396064557,6.34809009628707
64.7,-30.203019510775192,7.459973741787673,0.00028636622921116776,-0.0035361362839197194,0.0001987399130751817,4.087354277467374,1.9680359037027366,-0.30305308966172306,-0.001412094139150093,-7.05037161973748e-05,0.0006630065101950915,0.15611737336648912,1.0,0.3611856997013092,104.19003562395436,59.525600792026744,-30.19474188905534,6.235044544527209
64.8,-30.342065017405154,7.3172884654233,0.0001396760278970509,-0.003537307097515228,0.0002096604419896558,4.1033783228249785,1.9674601682798267,-0.3066737295868469,-0.002454367630046814,-0.00022110550905040714,-0.0015367583971616,0.16343637886534393,1.0,0.6081478595733643,104.35233904364912,52.435309837111134,-30.292910768985905,6.1216300628857745
64.9,-30.478683437195915,7.173137257240337,-2.456033121925239e-05,-0.003605523564484964,-1.3998891600720185e-05,4.120224835478882,1.9576281279778183,-0.3106086179036934,-0.0023232439617967985,-0.0010000376292068013,-0.003334957336565321,0.1715633825586535,1.0,0.5642017126083374,104.32978954480161,49.25898220960739,-30.390653655357987,6.007848246252053
65.0,-30.61237135515798,7.028061034541041,-6.44543840146817e-05,-0.0037577570829006937,-0.0003273655659546607,4.137884733033624,1.9392904538504507,-0.31481181852652135,-0.0014440574641833548,-0.0019083753592173448,-0.004247999042421038,0.18045170972463215,1.0,1.0,104.47162489280934,38.160877910722306,-30.487969173663867,5.893700694680966
65.10000000000001,-30.74184218849508,6.883869940283086,2.937823238963448e-05,-0.003912468369226157,-0.0010243539345625445,4.156124016584545,1.8842960498274468,-0.3185470053192209,-0.0014319772071156095,-0.0003352243966220379,-0.011621746394921216,0.1804062244263025,-1.0,0.15130965411663055,86.11330690379752,24.325170678380793,-30.584855955405672,5.779189013370576
65.2,-30.86484080846524,6.744199044703342,0.00029814456787986284,-0.003721765527347146,-0.002462016991074853,4.173528406439607,1.8024191177521083,-0.3205812281094311,-0.0012095090987090126,0.003625492835619975,-0.014746566807788634,0.17031542733382696,1.0,0.024769693613052368,87.15468105360921,30.92148938042516,-30.681312638114623,5.664314812639514
65.3,-30.982016485559235,6.608527414961719,0.000857608710328084,-0.003287778239808101,-0.003395346983173663,4.190127258027942,1.7401208639061563,-0.3215420503830321,-0.00046247223519089797,0.0052759690474886945,-0.006138322862599691,0.16326948755522436,1.0,-0.0033029355108737946,87.88308816803801,37.10361963241219,-30.77733786537021,5.549079707904333
65.4,-31.094403500829003,6.475555407589717,0.0014451868027587284,-0.0028617943089395553,-0.003436441849456632,4.206193126314353,1.6937362501045172,-0.32179103380124563,-0.0018249388147203616,0.004102957458858398,0.0020629504472188353,0.15976472485861978,1.0,0.41412919759750366,90.8750903815883,38.35257027796064,-30.872930286819265,5.433485319656796
65.5,-31.202751000703866,6.344280368258365,0.001698597014082833,-0.002632929391039046,-0.002977792754950542,4.221987937699015,1.656978958815606,-0.3214948312571157,-0.005307816014964599,0.0022082002310977135,0.004666843750141454,0.15546331998059515,1.0,-0.3958287537097931,87.21475351101276,46.03512681631951,-30.96808855819493,5.317533273441079
65.60000000000001,-31.307376520247754,6.214331759390831,0.001504163221373419,-0.0024698382846840695,-0.002515586516640093,4.236883121987014,1.6248419013739528,-0.32017025170096886,-0.008435066180295768,0.002134910851760691,0.0038932833971434175,0.14396503578756026,1.0,-0.37691277265548706,84.16126809942749,52.90609245428402,-31.062811341335582,5.20122519983093
65.7,-31.4087283399756,6.085237007328194,0.0010560953352548035,-0.0022901290930140024,-0.002078788165483643,4.250625765419571,1.6016425175694406,-0.31826158841006386,-0.009035751386427381,0.0017830144842338204,0.004491052292973042,0.13457099053243365,1.0,0.44049733877182007,87.60461877872396,52.245606259915974,-31.15709730420365,5.08456273440671
65.8,-31.507427505677438,5.9561861997053365,0.0006066704252507513,-0.0022187116204627796,-0.001482600981616034,4.2638170126788575,1.5892185309981595,-0.3163020241601077,-0.00738725464209199,0.0005432636669384847,0.006447709070701913,0.12974664249330747,1.0,-0.12247054278850555,87.28719754239107,57.21537281735606,-31.250945120904326,4.967547517732417
65.9,-31.603965423614788,5.8263793561451545,0.000269476082993758,-0.002222534265345122,-0.0007275450107172793,4.276463176517117,1.586397927825452,-0.3141478903713098,-0.004996266433753745,-0.00020541862880621198,0.007647429009485633,0.12477964795076305,1.0,0.18792641162872314,89.28586970685367,59.195483063636146,-31.344353471704242,4.850181195332603
66.0,-31.69877766155455,5.695073466146243,3.08475694412122e-05,-0.002271546182801824,4.396325827975465e-05,4.288689842697603,1.5917157208021895,-0.3119559569770047,-0.002998371816290592,-0.0003970654276512586,0.007022598275684577,0.12010899710912103,1.0,-0.13758257031440735,88.6679516362906,63.592783139853566,-31.43732104305,4.732465417669257
66.10000000000001,-31.792096884616903,5.561845989753807,-0.00016244917859161893,-0.002232085239289158,0.0006241997238128377,4.300137620990729,1.5997860893113378,-0.30923488713733466,-0.0016759791594519193,0.0011515500346331283,0.004255071164280833,0.1095244305976461,1.0,-0.4642956852912903,84.19243744484031,69.09240065184407,-31.529846527586663,4.614401840118546
66.2,-31.884000453191323,5.426688624280943,-0.00031731216443406867,-0.001974458750300798,0.000904163746774674,4.310185331055333,1.609962620116753,-0.3056834012392687,-0.00051779035688149,0.0032376944939454494,0.0018220602440401465,0.09460716753547874,1.0,-0.1671799123287201,83.78363392440477,72.7185567264321,-31.621928624176125,4.495992122947598
66.3,-31.974812419747593,5.289216544158023,-0.0003967574322754675,-0.0016232546058476988,0.0010682904796153261,4.3189459919792945,1.626485310453087,-0.30178153719196066,0.0006988828730536727,0.0031101831852509147,0.0014272802945299644,0.08417910737255793,1.0,0.2710587978363037,86.55965697517847,72.33674755314941,-31.713566037915424,4.377237931291095
66.4,-32.06485427973966,5.1490108506688,-0.00041228005744171605,-0.0014333219245772173,0.0012416112599449541,4.327083892865588,1.6483139282790458,-0.2980370096084949,0.0015414826246865148,0.0008335851934805978,0.0017671809731614552,0.07987673124918097,1.0,0.1139044463634491,88.17749254728155,73.56380474977735,-31.804757480154933,4.258140935127912
66.5,-32.154345768371115,5.005679068118439,-0.00041452035046433283,-0.0014619323664234354,0.0014386730076087022,4.334835737075764,1.6742712304498957,-0.2943699953081961,0.0018217998486732346,-0.0009560361669374285,0.0018273824603321218,0.07544570666439762,1.0,-0.15367522835731506,87.51503044885654,76.6794563331015,-31.895501668516513,4.138702809257595
66.60000000000001,-32.24342555351922,4.85896273036334,-0.00044488491255954935,-0.0015776414964111276,0.001613842470513798,4.34204887205822,1.7032232640301266,-0.29071889075144275,0.001795785530683668,-0.001404513935695146,0.0015214375669394763,0.07037900530671663,1.0,0.12553644180297852,89.11566012743124,77.38374571395893,-31.985797326911495,4.018925233276811
66.7,-32.33224699300128,4.708625280860416,-0.0005063621360839394,-0.0017009539833829303,0.0017627116063494604,4.348906731287327,1.7350918072594819,-0.28731926295531907,0.0018257987061356085,-0.0012058819454187416,0.001300488331428372,0.06748384740965273,1.0,0.05352860689163208,90.07774348614602,78.64814182934633,-32.07564318555868,3.89880989155575
66.8,-32.42091696602328,4.5544715839733625,-0.0005809972436128531,-0.0017750127338726576,0.0018955771699365397,4.3555516123911655,1.768992417422082,-0.28417845981999096,0.0020564333999906433,-0.0006527848112661557,0.0011522167554430366,0.06611451622804121,1.0,0.15155097842216492,91.5938540201696,78.92137164036332,-32.16503798100216,3.778358473214432
66.9,-32.5094629225774,4.396436677899467,-0.0006514205050447479,-0.0017719394046472935,0.0019962529592921618,4.362029590020292,1.802619654075032,-0.28109806474400023,0.0024113930286759778,0.0005033628958200822,0.0006096867587046764,0.062817193483472,1.0,-0.29849204421043396,89.0876104863015,82.29551514626232,-32.253980456129085,3.6575726720989437
67.0,-32.59782841159389,4.234652288227815,-0.0007024482439888703,-0.0016199002149480245,0.0020300315400692335,4.367931807795054,1.8354010325327657,-0.27772794540912527,0.0028758059872664,0.0017587551985532592,9.271193094789236e-05,0.05712345136262485,1.0,0.14927442371845245,90.68498110499961,82.23980831851291,-32.34246936018739,3.5364541867576165
67.10000000000001,-32.68607173336498,4.06911021770512,-0.0007202851294476311,-0.0014444974771325593,0.0020464235720845532,4.37349844343004,1.8690796829506484,-0.2744812933882616,0.0033582905104613935,0.0013901996820799855,0.00010364053609931303,0.055009942311616274,1.0,0.11102012544870377,91.88774445609353,82.54130427167614,-32.43050344880329,3.4150047204171585
67.2,-32.7741145254508,3.900143168483839,-0.0007215748407228712,-0.0014315836073986595,0.001965636139803967,4.3792889981159675,1.8937089451276745,-0.27205125889417253,0.003395926251076852,-0.0014622250518235213,-0.002241848524667668,0.06243834079524613,1.0,0.6819776296615601,95.22712854044032,71.38671835936282,-32.51808148399889,3.293225980958681
67.3,-32.86138306505427,3.7293762327957474,-0.0007019136753631555,-0.0018691394486662475,0.0015002277360223963,4.386810265283332,1.8993400694325475,-0.2718110523766641,0.003096841527804926,-0.006604765075845404,-0.006325770255847847,0.08530340747094804,1.0,0.7965463399887085,98.43806439438295,59.79060066569538,-32.6052022342095,3.1711196808937103
67.4,-32.94721709776263,3.5581719392318756,-0.0005694805095207475,-0.002771274752067299,0.0007607696237048543,4.397166004820743,1.8916488284628523,-0.27416433999686646,0.003003444951812425,-0.010477392479865085,-0.008106332781913113,0.1163733803220915,1.0,1.0,101.56360069910458,47.68062685714294,-32.691864474301006,3.0486875373400757
67.5,-33.031078709461866,3.3871233798767375,-0.0002720018390074231,-0.003829081974389382,8.399429554921731e-05,4.4106166182900335,1.8811265087051767,-0.2786131377200489,0.0029201637761329985,-0.009967254110413696,-0.005976788002254171,0.14521802285071905,1.0,0.47695204615592957,103.45588473896632,46.92901460269662,-32.77806698558709,2.9259312719977792
67.60000000000001,-33.112725103632805,3.215759112325171,0.00010922379850187295,-0.004552685193774965,-0.0002301951670764017,4.426403120652451,1.874404051979831,-0.2840540372865322,0.002066186879776218,-0.004993893305980909,-0.0026521800045142836,0.16512672800473432,1.0,0.5314846634864807,104.31139021384875,45.17258188777161,-32.86380855584635,2.802852611124777
67.7,-33.19181697325868,3.044172891236053,0.0003876700350412811,-0.0047014810499013595,-0.0004013298052451926,4.4437999320840325,1.8609901176739845,-0.28987078962314144,-1.2870708457162188e-06,0.0007070075004979757,-0.003028992665955733,0.17970414813133667,1.0,0.8552568554878235,104.4414158090838,35.53349650111001,-32.94908797933938,2.679453285512711
67.8,-33.26792966858513,2.8730403788469725,0.0004901666273449146,-0.004400586193887879,-0.0006827985888315317,4.462449472230693,1.843203274601999,-0.29558640148553433,-0.001983297775057577,0.0044504990377571465,-0.0036008667262729943,0.18990964170119873,1.0,0.304953396320343,104.13925239188464,38.338383407697656,-33.033904056825676,2.5557350304625643
67.9,-33.34096460120189,2.701994344472841,0.0004985020047815094,-0.0038702144426214363,-0.0008372417475565314,4.481695181728063,1.8317293695716923,-0.30060056453824696,-0.00282479052777222,0.005763848749565439,-0.0012542552077500588,0.19336213328810117,1.0,0.10320121049880981,103.80980121566458,42.92765508781147,-33.118255595580564,2.431699585760253
68.0,-33.410960734368,2.5304038909875337,0.000463274175818626,-0.0033691340501026843,-0.0007161218049395031,4.50102878733635,1.8265091143549503,-0.3048713890357625,-0.0029791266304526826,0.004451090746324458,0.0015322598222491475,0.19307707175264072,1.0,0.2514161169528961,104.08536054973858,45.623306822010754,-33.20214140941191,2.307348695652184
68.10000000000001,-33.47794375985936,2.35790202962662,0.00037160901359136085,-0.0030733100935970313,-0.0004276532552699326,4.520111649013854,1.82380901893837,-0.3083557789976363,-0.00303859558987583,0.002271631277792295,0.0024437232395963446,0.18825720792430245,1.0,-0.21534690260887146,101.14559978797594,51.77785362641925,-33.285560318676836,2.1826841088206947
68.2,-33.54189307366981,2.184589964318349,0.00021949762341711576,-0.002948077545891795,-0.0001925119827773044,4.538415281705142,1.8184001402165768,-0.3109644989292282,-0.0030143988018609584,0.0006855375869228473,0.0010247514839754393,0.17971334338627823,0.47179436683654785,0.11983953416347504,98.92149986124964,51.54185195382579,-33.36851115029831,2.0577075783594836
68.3,-33.6025808325898,2.012297254907274,3.845832300037346e-05,-0.0029092804749503813,-0.00049760438368417,4.55572046896897,1.777596177712255,-0.312599376215568,-0.003317731864946589,0.0007052409036791717,-0.00857269167789262,0.16719909184729845,-1.0,0.11798259615898132,81.2768993538802,36.62902238810712,-33.450992737781625,1.9324208617489518
68.4,-33.659293524293865,1.846683843934321,-1.7507531266261777e-05,-0.002716999115754996,-0.0020840410643507804,4.571306757964645,1.6800750680113874,-0.3124472299538481,-0.002916828114458863,0.003191562040659836,-0.020492215018839778,0.14764845202042756,-1.0,0.05849388241767883,64.80987931413374,23.55028447309185,-33.53300392123083,1.806825720831494
68.5,-33.71184726505192,1.6918163790624472,0.00036022376775657935,-0.002271819769159187,-0.004293916018453239,4.584784042691296,1.553342176344119,-0.3103586558667926,-0.000859455068010696,0.005809198694696774,-0.02229689897111851,0.12608977318017403,-1.0,0.1371016502380371,50.61793573080611,11.20583226287185,-33.614543547364995,1.6809239217866931
68.60000000000001,-33.76050666356825,1.5493613537921265,0.0011915707438934326,-0.0016681081931177245,-0.006105101225879875,4.596106947002501,1.421547754066636,-0.30647366116133895,0.0006783716140673954,0.00691352006879079,-0.014671642269088968,0.10453795314605907,1.0,-0.7080182433128357,42.11357286965365,22.34598369033812,-33.69561046953447,1.554717235106537
68.7,-33.80581684960551,1.4185674487502904,0.0021316196091672786,-0.0010847244363258516,-0.0068737222853813545,4.605379886408702,1.306738995600471,-0.3012780502102798,-0.0005773217255018796,0.005717682294837384,-0.003076148956831591,0.08582578645868037,1.0,-0.14354246854782104,45.972365802581265,30.320674851935998,-33.77620354773701,1.4282074355704708
68.8,-33.84841089157182,1.2972372199634012,0.0027198998311162405,-0.0007457738384056466,-0.006578086418671368,4.613155910353386,1.2169076379715205,-0.29557242115538324,-0.004797114282857415,0.0026086203954156844,0.0062488362744704045,0.07304260316397855,1.0,-0.03634009137749672,50.395776933923266,36.807798191860016,-33.856321648633774,1.3013963022204678
68.9,-33.88876067476035,1.183430700080055,0.0026828197559989387,-0.0006585487138569449,-0.005715332350022171,4.619655622549417,1.1417975451372058,-0.2893411638131876,-0.009897680151042853,0.0009147279584805215,0.009059886962767662,0.05815182953943673,1.0,-1.0,39.18845030372394,45.854721366323936,-33.93596364556529,1.174285618336004
69.0,-33.9271211899016,1.0764728666700445,0.0021046769187110766,-0.0005243923731727982,-0.004852386739167852,4.6241014811950265,1.0733127988989835,-0.28204931857729526,-0.012675571556409547,0.0023059938407733586,0.008318000983021791,0.0344207719344535,1.0,-1.0,29.05791468615631,54.03242337077375,-34.015128418567286,1.0468771714089726
69.10000000000001,-33.96378644117289,0.9754414061452366,0.0013528747323768976,-0.00015897278210732482,-0.003996111689193629,4.625812854342091,1.0169859247878892,-0.27362250292691354,-0.011619219644319676,0.004673848745999329,0.008953192717501479,0.0049281006176277965,1.0,-1.0,19.900712858713796,61.42441828262897,-34.093814854386444,0.9191727531185592
69.2,-33.99907692948944,0.8790616218802016,0.0007453679779152747,0.00041708284337268364,-0.003008661937836696,4.624304326015586,0.9753136915226418,-0.2639553689625614,-0.00816784498755925,0.006190770702775315,0.010453110118503433,-0.028872565455402063,1.0,-1.0,11.62332768639354,68.10619621329471,-34.172021846496065,0.791174159306042
69.3,-34.033321256682605,0.7859221465616681,0.00037766067150436084,0.0010375534875057466,-0.0019230774089342775,4.619305903156785,0.949091532818405,-0.25313753791063837,-0.0046271282308765725,0.005707220856613108,0.010829825306357394,-0.06398940937635483,1.0,-1.0,4.141227086009312,74.14599424442272,-34.249748295111615,0.6628831899495395
69.4,-34.06686557868555,0.6945804803797893,0.00017621187031678935,0.001489089778818135,-0.0008968463739889631,4.610899116278921,0.9383031805675823,-0.24145175977895264,-0.0023118250952587228,0.003329142176680267,0.009523618789835254,-0.09702982434777069,1.0,-1.0,-2.6219992504277583,79.60549329323104,-34.32699310720617,0.5343016491386905
69.5,-34.10007204947355,0.6036481626585724,3.166468827625453e-05,0.0016494209736038173,-5.5958325387919105e-05,4.599407268372962,0.9417081874127334,-0.22918344589804532,-0.0012302797012515875,0.0003929448920495925,0.007307336769253925,-0.12635008850932072,1.0,-1.0,-8.7354201893987,84.54044802355868,-34.40375519652585,0.4054313450492941
69.60000000000001,-34.1333052004804,0.5119397014160532,-0.0001161819486214226,0.0015563689298166811,0.0005658992622989668,4.585211413445254,0.9568031924731846,-0.21650519437116653,-0.0007422571481655732,-0.001554571613115104,0.005178689366526592,-0.15189536071158655,1.0,-1.0,-14.261468515727119,89.00125623556839,-34.48003348360504,0.2762740899178837
69.7,-34.16692719025695,0.41850400001473487,-0.00026774044209580477,0.0013606785531388207,0.0010166715359510449,4.568670205253936,0.9812573564226473,-0.20347467291582771,-0.00027012611781358537,-0.0017818459150748056,0.0037571202245194574,-0.17400494139445324,1.0,-1.0,-19.256578522017207,93.03347354894018,-34.55582689578158,0.1468317000162216
69.8,-34.201293722331314,0.3226036814932858,-0.0003994519268811258,0.0012257145792487101,0.001365673689795577,4.550100617045135,1.0129679829888725,-0.19004856004486187,0.0003635781202322372,-0.0005586139801850221,0.0029707445236881757,-0.19313022679093178,1.0,-1.0,-23.7717623390066,96.67827863571397,-34.63113436721186,0.017105995625787074
69.9,-34.23674853502983,0.22369304419584046,-0.0004977487239769421,0.0012464565660906376,0.0016543222851792157,4.529773642440959,1.050098710783189,-0.17613066247278483,0.001047211054497445,0.0012304056749996228,0.0024239365554875026,-0.20972489259699129,1.0,-1.0,-27.85313089255812,99.9728937539312,-34.705954838885795,-0.11290119898783502
70.0,-34.27362186500006,0.12139078930243019,-0.0005671457119608271,0.0014233366887347221,0.0018908700156730009,4.507918458260989,1.0911222973274026,-0.16164074316850455,0.001631284133883892,0.00267446205590783,0.0018376855854065738,-0.22417898228767447,1.0,-1.0,-31.542364807518872,102.95096487673948,-34.780287258641756,-0.24318805560061918
70.10000000000001,-34.31220580843294,0.0156341657902806,-0.0006233339416506487,0.001639223857538859,0.0020215545959928393,4.484969808327804,1.1301832573419295,-0.1469936761390891,0.0019546777536361827,0.002101358890774714,1.8969028788412708e-05,-0.23106175385582106,1.0,0.27811190485954285,-17.651574811608448,99.58570585391226,-34.854130581181295,-0.3737527420557889
70.2,-34.352648655645346,-0.09298758233014479,-0.0006642880852450127,0.0016923777126395235,0.0019416062374976756,4.461846703530449,1.1649906402873917,-0.13270102176688278,0.0022877966120126115,0.00041713471305618766,-0.0015446865588271484,-0.23160669584201476,1.0,-0.3569522202014923,-10.370487657621425,101.23082628576883,-34.927483768083924,-0.5045934222895951
70.3,-34.39514747160136,-0.20450624399444925,-0.0006508802287573126,0.0016528668091630248,0.0018414202214877614,4.438590970458655,1.201428912097785,-0.11844469829762959,0.002784764261192776,-5.8031700467005526e-05,-0.0012465924911523533,-0.2331797205875536,1.0,-0.18806001543998718,-1.8981072037478215,101.89056862958998,-35.000345787821644,-0.6357082563571197
70.4,-34.43986395835331,-0.31882271553106406,-0.0005955558199443121,0.0016293701764009936,0.0017712683184975507,4.415164790572133,1.236515407723162,-0.10421487573614635,0.0030093342899611417,0.0004641494008741908,-0.001002742022924321,-0.23504457831778916,1.0,-0.23377114534378052,5.292703844952102,102.73752610221713,-35.07271561577351,-0.7670954004581816
70.5,-34.486913244701086,-0.4356855800137728,-0.000535935999828336,0.0016755253898308074,0.0016898226376338846,4.391615316531604,1.2683655668203564,-0.09009579155435433,0.002849371887994336,0.0010382755446060345,-0.0015188557365532196,-0.23521086131200689,1.0,0.08757700026035309,14.544522361350001,101.27663221380438,-35.144592234240015,-0.8987530069632257
70.60000000000001,-34.53628442511937,-0.5544937156231288,-0.0004948661218287729,0.0017241816872177226,0.0015005976540027372,4.368337677323975,1.293193753612827,-0.07648715001152298,0.002489843042547056,0.0005739558715516364,-0.00288426824235912,-0.23029920245687188,1.0,0.29763174057006836,24.09994087299232,97.85001913472999,-35.21597463245739,-1.0306792244393321
70.7,-34.58784023987967,-0.6744762266681376,-0.0004528967785549049,0.0016717017369555123,0.0011811175170645819,4.345892667105181,1.3104036542801636,-0.06379927675128853,0.0022686231065854336,-0.0008189160379984499,-0.0039310967152370304,-0.2198516460156893,1.0,0.3809483051300049,33.09434072891606,93.7210956183853,-35.28686180661183,-1.1628721976762364
70.8,-34.64144581928816,-0.7951316981663844,-0.00037100010766429953,0.0014952527994537236,0.0008537879890701481,4.324668507127181,1.3252588394380813,-0.052142861955570205,0.0023260271622655695,-0.0018467030122778882,-0.003025266708816496,-0.20734915885971067,1.0,0.14628776907920837,40.053221271887,92.5957376102681,-35.35725275985364,-1.2953300677124346
70.9,-34.6971249266995,-0.9165310934817184,-0.00024946291817116485,0.0012797993877990063,0.0006889355012077381,4.304716707000588,1.3407833930594255,-0.04147885553017418,0.002241314589788201,-0.0020957139260851325,-0.0013723149351514293,-0.19373589009806735,1.0,0.3896755278110504,47.54880833595915,88.85419087093253,-35.42714650231117,-1.4280509718613104
71.0,-34.754620366902216,-1.0380794601310068,-0.00015721881260006594,0.0009924731751024566,0.00048678963357166714,4.286609674292703,1.3424644934500807,-0.03255778786939406,0.0014173141400523812,-0.003582780827365951,-0.0037354255651797933,-0.170278827461382,1.0,1.0,55.5637438142149,73.95181047332957,-35.49654205110484,-1.5610330437373428
71.10000000000001,-34.813082083175686,-1.1580564172633037,-0.00010308105783321993,0.000496096638720075,-6.487094329074999e-05,4.271500946864644,1.3289169851381992,-0.026062023071614388,0.0007657824506389738,-0.005564789904835103,-0.00612772189210003,-0.13834013490765595,1.0,0.5872856378555298,62.18557753854269,67.64171848407507,-35.56543843036087,-1.6942744132823293
71.2,-34.87210810028094,-1.2761385428273206,1.3504992109704517e-05,-9.664662468375929e-05,-0.0006077201419164714,4.259663061149093,1.3131331934240162,-0.021802472549241822,0.0008265994494051234,-0.006122902082689174,-0.004879398479592628,-0.10440422861072106,1.0,0.7000907063484192,68.41308989939691,57.62231649941279,-35.63383467122508,-1.827773206791715
71.3,-34.93136819756141,-1.3922205710738447,0.00019941450465418639,-0.0006777487901445532,-0.0009424564558077746,4.251393669337492,1.297526896736036,-0.019846926747764802,0.0008377399829177317,-0.005488043497406283,-0.001983109568675771,-0.06838871475244009,1.0,0.5682756900787354,73.75256305216726,53.80691260367917,-35.701729811876454,-1.961527546940907
71.4,-34.990645411630524,-1.5064874504133459,0.0003727711892896052,-0.001160552459357974,-0.0010637377289153096,4.246844555660412,1.2774905216467907,-0.020193972600480458,1.3713124339944966e-05,-0.004641313946431678,-0.0015704739886023022,-0.029084044622546414,-0.3892936706542969,0.9807114005088806,76.18181787281743,36.307605492972186,-35.769122897540704,-2.095535552811704
71.5,-35.049244876659294,-1.6181525224693019,0.00045187534659959513,-0.0016237873544474007,-0.0012878085022042592,4.246624684303585,1.2509495603905498,-0.023192368332251155,-0.0010716502906100054,-0.004704410821916952,-0.002093501532559582,0.016292027657386625,1.0,0.7097613215446472,81.08228691953387,29.152308578146776,-35.836012980503654,-2.229795339918738
71.60000000000001,-35.10710168484945,-1.7277879047759215,0.0004836216425222305,-0.0021222430751248367,-0.0013539478241548107,4.251157502598211,1.2326998219301446,-0.028712837069478376,-0.0015380725787253861,-0.0050399761833464845,0.0003333036907745983,0.06483840582225532,1.0,0.9423258304595947,85.82469455713688,20.3680606017753,-35.90239912012463,-2.364305020235957
71.7,-35.164277513945656,-1.836315862500529,0.0004797432757963294,-0.002607993875747797,-0.0011272881842921006,4.2604297528897765,1.2231662885953491,-0.03624944931274998,-0.0017966160368488382,-0.004300651379187543,0.0031214151686291746,0.11038951481559828,1.0,0.6405630111694336,89.66182933858516,16.025548140534074,-35.96828038284962,-2.4990627022232026
71.8,-35.220845278950804,-1.944757035529796,0.0004103860232865013,-0.0029169124087754443,-0.0006621227441195675,4.27375521943435,1.223193731006156,-0.045030354408945934,-0.002098470655020838,-0.0018813493339494237,0.004899637488464172,0.1471267427714415,1.0,0.5359371304512024,92.87325277065106,17.13351622153083,-36.033655842224476,-2.634066490852792
71.9,-35.276888669413914,-2.0541426335400863,0.0002544829225350385,-0.0029279169168225216,-8.57134174549036e-05,4.290135315972681,1.2323598538519507,-0.05438515483933886,-0.002305154146927434,0.0011675771120818667,0.0053719372651150725,0.17359451367975715,1.0,0.39843446016311646,95.3273948383909,20.522256238770183,-36.09852457890787,-2.769314487636173
72.0,-35.33243315232848,-2.165323920263025,2.8910148018103606e-05,-0.0026574083213840626,0.0004687528070935217,4.308547814649337,1.2479544428181173,-0.06375942369338126,-0.002146987077450262,0.0035642812219159347,0.004627514605924625,0.18965338890613107,1.0,0.04421505331993103,95.62590365828015,27.326692868555465,-36.16288568068425,-2.9048047906506156
72.10000000000001,-35.387411610456105,-2.278837377726427,-0.00021317482183378668,-0.002250206454058514,0.0009052253273907278,4.328125630499192,1.2674252422122039,-0.07300379616832092,-0.0014425195699835599,0.0037192004968639595,0.0033714439756542054,0.20000099182787662,1.0,0.6051426529884338,98.44154081736443,23.46790196935292,-36.22673824247669,-3.040535494565969
72.2,-35.44176819835812,-2.395080406894554,-0.00040775819546553745,-0.0019959150326925136,0.0012230995001724274,4.348758840537779,1.2902161477084084,-0.08247003446336429,-0.00030235875592201066,0.0011744889877025016,0.002377025194467803,0.21049125709793381,1.0,0.6000564694404602,100.97461200785781,20.25860545882056,-36.2900813663596,-3.1765046906714502
72.3,-35.49543597973744,-2.5144486943522346,-0.0005203244114936145,-0.0020329390632318964,0.0014709607160592146,4.370344703526444,1.3168329264303509,-0.0921600692350821,0.000899537298505949,-0.001751772020050155,0.0019160590600287555,0.21892694648175987,1.0,0.39692896604537964,102.64467495488769,23.367887844856643,-36.352914161571334,-3.3127104669024767
72.4,-35.54835659609133,-2.637394281140487,-0.0005620832506916706,-0.0022757316791692803,0.001694618189573602,4.392551903639377,1.347423814268869,-0.1019877582866714,0.0017705567353695913,-0.0032008440298233647,0.0016395607949271861,0.22366959551845914,1.0,0.27708977460861206,103.63793384517761,27.660368818022903,-36.415235744526754,-3.449150907867562
72.5,-35.600397147890135,-2.7641002142448716,-0.0005777820260382562,-0.002566298242093181,0.0018363446024371036,4.415121972025007,1.3763103687087712,-0.11202540876852916,0.002057467879637964,-0.003265144175165989,-3.4907543509820954e-05,0.2272218384507692,1.0,0.8476786613464355,104.4394648764853,19.771039718849256,-36.47704523882962,-3.5858240948752567
72.60000000000001,-35.65119664952506,-2.893940756551855,-0.0005932935179933682,-0.002807989254744072,0.0017229809216783866,4.4380628447656525,1.3969997446339004,-0.12226178879099268,0.0020509601874045364,-0.002439599352695765,-0.0027867667862915982,0.23076646096393008,1.0,0.8473165035247803,104.4393706116881,12.642957964038738,-36.538341775284934,-3.722728105961121
72.7,-35.70044826905676,-3.026391596286482,-0.0005658448400260886,-0.0029317621579762814,0.0014380107945130695,4.461277511140067,1.4140805286839544,-0.1324454296048901,0.0023012372988915303,-0.0010042787888111166,-0.003644481185392021,0.23270844286521308,1.0,0.4702351987361908,104.27293479748265,15.372591045108647,-36.59912449191116,-3.8598610159147526
72.8,-35.747989412117334,-3.1613721532348724,-0.00046449642539516626,-0.0029116823406599534,0.00119677036230958,4.4845378704225665,1.4314610558962542,-0.14233712658691322,0.0026114134474326096,0.00045326740451866903,-0.002556766037937888,0.2321425682477437,1.0,0.09358903765678406,103.74600652064693,22.25317455423372,-36.659392533952364,-3.997220896306864
72.9,-35.7937316589962,-3.2990245353743544,-0.00032817567926662325,-0.002786337440842699,0.0011049089013898223,4.507620234577945,1.4509535559800673,-0.15184070138061967,0.0025069203216901608,0.0012053353892054627,-0.0009677770136101598,0.22983488109738465,1.0,0.22046761214733124,104.0516229745061,27.262582007584367,-36.71914505389018,-4.1348058155164065
73.0,-35.837584774192386,-3.43938418964296,-0.00023425918696190354,-0.0026599572575863014,0.0010898232190954928,4.530489082275355,1.4685288637248506,-0.16108787349275774,0.0017875054132855525,0.000673161828668315,-0.001022378867215124,0.2283392029882432,1.0,0.6584278345108032,104.37532443071943,21.860631032649493,-36.778381211455795,-4.272613838757719
73.10000000000001,-35.87936360960497,-3.581949062215895,-0.00021905623702414467,-0.002622338085850731,0.0009778595429380344,4.553204102744836,1.4811121780160836,-0.16999730153160675,0.0009693050229480505,-3.799637952861828e-05,-0.00208944296757195,0.22544406717515067,1.0,-0.15795181691646576,101.71415592169615,29.969702105197378,-36.837100173641716,-4.410643028107744
73.2,-35.918821717726054,-3.725781939562783,-0.0002468363872914547,-0.0025105412792326715,0.0006393760133303285,4.5749287449752485,1.4760413498431568,-0.17750418929552547,0.00029168297876403827,0.0022388426095912065,-0.006179119650002289,0.208598655276049,1.0,-0.9213252663612366,86.11013755868268,39.60228389837811,-36.8953011147135,-4.5488914425332805
73.3,-35.955572913634555,-3.8679057501505585,-0.00023424797660390176,-0.001994232795401306,-0.00027669844651430917,4.593910153898043,1.4411619804574867,-0.18248293543632688,0.00023557410178865008,0.007039431002000496,-0.0113983920601972,0.17597114625935617,1.0,-1.0,71.47140361685904,48.38071511280597,-36.95298321622136,-4.687357137918282
73.4,-35.989661951852845,-4.006179998829516,-2.4381793327889163e-05,-0.0010783632582007166,-0.0014398705459924422,4.609209800048315,1.3917781439504804,-0.18479915154974394,0.0011567851859810652,0.010381480552903314,-0.011484063817921428,0.13717897464610326,1.0,-1.0,58.23914756802259,56.31572165080561,-37.01014566701172,-4.826038167091184
73.5,-36.02140987870636,-4.139684340889066,0.00039833014135917883,-2.473418833540326e-05,-0.0023653392963422044,4.620470301347886,1.3384407740670807,-0.18448454771428996,0.00175632462233325,0.010551033331687682,-0.007596023077871399,0.09599543389367259,1.0,-1.0,46.27823613689672,63.48833908324744,-37.06678766323855,-4.964932579852304
73.60000000000001,-36.05123313273556,-4.268318498539364,0.000866181161143468,0.0008831235078281085,-0.0028447591900123467,4.627520167920362,1.287984368645008,-0.1817097446330685,0.0008639209017580285,0.008169789225690997,-0.002953983558017002,0.05329104371529339,1.0,-1.0,35.4665195456192,69.97181714792185,-37.1229084083747,-5.104038423001249
73.7,-36.07957104830853,-4.392534997221167,0.0011722635553910777,0.0015062007809760333,-0.0029107207189954672,4.630186430940287,1.2450258042381628,-0.17665316027298553,-0.0013350262620440822,0.005113441421821804,0.0007688703742531888,0.008570402497053804,1.0,-1.0,25.69358406965584,75.83236780617766,-37.17850711322313,-5.243353740364395
73.8,-36.10686268322827,-4.513158782079465,0.0012125108896105876,0.0018913900157071291,-0.0026570419943014413,4.628207090685084,1.212595814107459,-0.16936997958062916,-0.0036707271095520176,0.0031054768912363155,0.0035627856998909435,-0.03900809929591102,1.0,-1.0,16.85962444714806,81.129841426875,-37.233582995927954,-5.382876572822381
73.9,-36.133556529642895,-4.631238988937378,0.0010158987237174038,0.002148693913294024,-0.0021504016253352156,4.6214733506937415,1.1923460604119382,-0.16008566637489438,-0.005056831013234218,0.0019924447751959694,0.005772309226607664,-0.08573502042857445,1.0,-1.0,8.874424626271798,85.91833800312273,-37.2881352819855,-5.522604958337682
74.0,-36.16011438556043,-4.747923954368252,0.0006846318588337828,0.002304541434291575,-0.001447643422701085,4.61038597711409,1.1847314121475854,-0.1492308109412502,-0.005139730703626503,0.0008952968310965071,0.007350619850031725,-0.12667287426888144,1.0,-1.0,1.6564364415781063,90.24675964379864,-37.342163204255115,-5.662536931982176
74.10000000000001,-36.18698793272456,-4.864365386702112,0.00032075981511123377,0.002335646882934648,-0.0006307350204484972,4.595673787811792,1.189267583579087,-0.1372186165884357,-0.004213145575988406,-0.0003443671304462413,0.007993159182660515,-0.15972427139676276,1.0,-1.0,-4.8680531896231996,94.15930998212478,-37.39566600297006,-5.802670525964789
74.2,-36.21459468326924,-4.981520658732192,-1.3728023046883142e-05,0.0022393678298425514,0.00016295721720492495,4.578153451988208,1.2021442256913393,-0.12444926320546243,-0.002850149378626554,-0.0014427740359076306,0.006926943324462769,-0.18430385409698286,1.0,-0.28312772512435913,2.0693615116534367,95.99691939446716,-37.4486429257481,-5.943003769659166
74.3,-36.24328459067511,-5.099890089187117,-0.0002866991349611103,0.002051295870639664,0.0007700067581245748,4.558651271289219,1.219993504170515,-0.11130156463863647,-0.0013553664546478842,-0.0018870533059060792,0.004817816938433057,-0.2014545811451908,1.0,-0.4433589577674866,6.249082235307105,98.31296271279069,-37.50109322760214,-6.08353468963138
74.4,-36.273345751686925,-5.21971895221476,-0.0004733041249011085,0.0018399116668852639,0.0011194864026440087,4.537887672054167,1.2371758221696265,-0.09820070230918658,5.987424282258275e-06,-0.0020570378292481036,0.0015711018688157404,-0.2100168004271943,1.0,0.317537397146225,16.692382778472638,94.93759836445271,-37.553016170950656,-6.2242613096676855
74.5,-36.30491777599163,-5.3405518622855785,-0.0005556732551150994,0.001606749985178108,0.001142845483365125,4.516793353732859,1.2521150890621813,-0.08560063228289802,0.0012863634485720376,-0.0018888246369100346,-0.000712957095633026,-0.2115334142963885,1.0,-0.20313307642936707,22.413543367164515,96.2869122736652,-37.604411025628124,-6.365181650802306
74.60000000000001,-36.33817770251206,-5.4626562077854075,-0.0005129791503626626,0.0014503226173692414,0.0010942041987516728,4.495674879490997,1.270232978703142,-0.0733983218055618,0.0023330347757415364,-0.0010139873049910206,-0.0008892172800387171,-0.21007304979074795,1.0,0.21115052700042725,30.775159405390443,94.27911815823896,-37.655277068895245,-6.5062937313452665
74.7,-36.373124989462205,-5.585474951145318,-0.00041214585848621733,0.0012928754162248592,0.0008778702044069114,4.475336802505807,1.27426155686513,-0.062482845748478476,0.002315388844079339,-0.0020998923368741374,-0.004412267599162668,-0.19616852329551995,1.0,0.7956192493438721,40.17725484517538,80.49322357837099,-37.70561358544912,-6.647595566910262
74.8,-36.40936539850549,-5.707195635485041,-0.0002867789536714372,0.0009593473445418182,0.00027545284161556574,4.457013159588289,1.266734622809946,-0.053372590628763976,0.002139964982026397,-0.0035190596332584814,-0.006175720864550539,-0.1757416073610073,1.0,0.0699428915977478,45.95667166632533,81.32104819728224,-37.75541986743333,-6.789085170442558
74.9,-36.44687891506414,-5.82830446397267,-7.777729841793957e-05,0.0006396535430971316,-0.00012799291482732794,4.440442459630598,1.2674115510495305,-0.04536408424362171,0.0022440972525133835,-0.0028851637477800922,-0.0027333279776534814,-0.15870513084255927,1.0,0.43154025077819824,53.039445286821106,78.06639237510996,-37.80469521444783,-6.930760552246934
75.0,-36.48566270742821,-5.949171351145124,0.0001346374151654798,0.00039858554303487566,-0.00022211627401931477,4.425739444455558,1.2695154209503847,-0.03871252095675934,0.0015660087239668125,-0.002207248271844812,-0.00017618364505106161,-0.13871026361760694,1.0,0.5287234783172607,59.749307005631664,73.38150434732387,-37.85343893355889,-7.072619720015666
75.10000000000001,-36.52562943379477,-6.069875652297357,0.00024051569820142895,0.00019281492713783965,-0.00017653645079248142,4.413247965958822,1.2721562754265217,-0.033535853766279204,0.00026704337441582816,-0.0020772182512476924,0.0006622555986536708,-0.11532562302969737,1.0,0.5373502373695374,65.83862102431848,68.94470558796874,-37.90165033930875,-7.214660678856555
75.2,-36.56669582438059,-6.1906230676775715,0.0002153704334246175,-2.752230178874292e-05,-7.951749431047683e-05,4.403238261596635,1.277492957887369,-0.029862918504007307,-0.0008143114201443815,-0.0023337196080862863,0.0012160010736687926,-0.08976508747403426,1.0,0.499183714389801,71.2323456508806,65.74694815545843,-37.94932875372532,-7.3568814313209465
75.3,-36.608844806704504,-6.311915093501181,0.00010934376309866653,-0.0002666793451870902,0.00011548730328944194,4.395793094002439,1.2891427801712507,-0.027569348275587383,-0.0011506301379079773,-0.002320945447802407,0.0026183058405430137,-0.0646396635925689,1.0,0.261361300945282,75.16631240813886,66.14194197074085,-37.99647350633166,-7.499279977431863
75.4,-36.65206356864711,-6.434266207940408,-3.1129896534101216e-05,-0.0005171000678231241,0.0003943393871688918,4.390948915429357,1.3013253821120336,-0.02685002924930695,-0.0010854324988072942,-0.0029348202654845613,0.0023033151083750904,-0.03605341424739406,1.0,0.7386589646339417,80.21468279599391,55.721215319273185,-38.04308393415549,-7.641854314712088
75.5,-36.69607064494497,-6.557334897524618,-0.0001759680633730256,-0.000909340487998593,0.0005422906193928903,4.389447030885794,1.3114082020877234,-0.028295794291175763,-0.0006208909220587016,-0.004453562987940262,0.0013623298529826834,-0.0009968616025337,1.0,0.421639084815979,83.97071480884907,55.072685304034884,-38.089159381738426,-7.784602438212357
75.60000000000001,-36.74080103587994,-6.681704512635665,-0.0002620341156056358,-0.001398799805276397,0.0007312910845047465,4.391480798708892,1.3288109572523266,-0.03170276343759393,0.00027293373575514854,-0.0050767302008559384,0.0022814972344899986,0.03461202307024487,1.0,0.4363104999065399,87.41784576026885,54.267983748647325,-38.134699201145246,-7.927522340539534
75.7,-36.7861907948372,-6.808093575771972,-0.0002987333464971277,-0.0018717989834676136,0.0010235225992366438,4.396993612379486,1.3524416511876767,-0.03685510144406188,0.0009399235939964856,-0.004357934182818235,0.003134572775191295,0.06818671933480747,1.0,0.3182527422904968,90.06571500757273,55.11589822389835,-38.17970275197299,-8.070612011884851
75.8,-36.8321247423742,-6.937193103711678,-0.0003387033861346697,-0.002183685074667228,0.0013666793017013473,4.405546018294179,1.3818623393926615,-0.043293145170275486,0.0011697077149458836,-0.0023447809982785704,0.0032308597234943677,0.09627087443869466,1.0,0.29225122928619385,92.33993830353857,56.186271596195795,-38.224169401359966,-8.213869440052159
75.9,-36.87844525353961,-7.069579991258788,-0.0004196824359946894,-0.00227252153414816,0.0016797737543221265,4.41657968955441,1.4153858983608016,-0.0506911485842197,0.0011883399020102302,-0.0003088519186300257,0.002563612750623259,0.11924934628026862,1.0,0.41699671745300293,94.91418943772634,55.56049999515432,-38.26809852399465,-8.357292610486237
76.0,-36.92488426284013,-7.205395499778823,-0.0005406137658453776,-0.0022533508758285294,0.0018443707735469495,4.429877372422511,1.4452290576274391,-0.05920685946889508,0.0012096828543674985,-0.00030927151731301053,0.0001246600188241345,0.14300776516740105,1.0,0.9392310976982117,98.3246696860523,44.260896647780385,-38.31148950212448,-8.500879506301116
76.10000000000001,-36.9709587938671,-7.344066412012128,-0.0006479682214200884,-0.002310419923899025,0.0017507271268762759,4.4454948100652905,1.4699199688159454,-0.06861929188643734,0.0016885495082010103,-0.0008757971650170033,-0.0017504480915391707,0.1627477716675374,1.0,-0.08358335494995117,97.3223857657947,49.741633096126755,-38.354341725564545,-8.644628108308437
76.2,-37.01637247538804,-7.485770980914991,-0.0006591684116862148,-0.002337184846236212,0.0016475582050479093,4.462415355505802,1.497364010983657,-0.07816194079106036,0.002618363971919388,-0.00046841975818586725,-0.0010194971436024143,0.1734662147098319,1.0,0.49761852622032166,99.6864305590905,48.41858706337907,-38.396654591706145,-8.788536395045854
76.3,-37.06093123848858,-7.630635055503112,-0.000590236352364286,-0.002396178888143181,0.0016123367962980867,4.480488553378427,1.522864241759252,-0.08834490711554524,0.0030810463749981827,-0.0014026174540835263,-0.0009673561503505813,0.18627436933526612,1.0,0.754633903503418,102.4051600649782,39.500636677818186,-38.43842750552531,-8.932602342805456
76.4,-37.10432846925094,-7.778317607727487,-0.0005069127669823722,-0.0025685115138847628,0.0015261958241695984,4.499849085711715,1.5458389130608003,-0.09903712328222726,0.0029561544789364837,-0.0021306498647119866,-0.0013597782200954868,0.197117587228133,1.0,0.10367130488157272,102.43378031594962,43.974066082770086,-38.479659879591125,-9.076823925662227
76.5,-37.14635442725427,-7.929031346199243,-0.00043577075053772684,-0.002688029770875093,0.0014727545023085766,4.519740530431736,1.5714287684764185,-0.10949053708900384,0.0026341212064565165,-0.0008477456184718412,-0.0008380243620534403,0.1990031569725332,1.0,-0.04645621031522751,101.3498239051443,49.22271147117843,-38.520351134074005,-9.221199115502536
76.60000000000001,-37.18686816536094,-8.082978604207646,-0.00039855709710064123,-0.0026275426935876756,0.0014808586573338213,4.539451799626988,1.5989127600408133,-0.119477518366916,0.0022441518602495892,0.0010273608670376883,-0.000157001448005677,0.19551708016625044,1.0,0.05415666103363037,101.14092640997187,53.1875806526709,-38.56050069675386,-9.365725882052656
76.7,-37.22579772710086,-8.240377400105366,-0.00040521400059412754,-0.0024230785513762658,0.0015524307523553068,4.5586728917062995,1.6285760544951087,-0.12894810109069882,0.0019329697005156035,0.002112954616643246,0.0004315581390646633,0.18967683272301233,1.0,-0.013472476974129677,100.44626787743341,57.30779339687151,-38.600108003028126,-9.510402192907307
76.80000000000001,-37.263088635955796,-8.40136575768451,-0.0004531426726385982,-0.002201736543368258,0.0016550131078516806,4.577330381525269,1.659449788751821,-0.13806565520726233,0.0017905922880767278,0.0014266452153366286,0.0006427532826382986,0.18539472831658974,1.0,0.4297386109828949,102.28736537027177,56.3872537852336,-38.639172495919716,-9.655226013558263
76.9,-37.29869072899837,-8.566023194862748,-0.0005244676684103187,-0.0021556830590683134,0.0017627064231996886,4.5958234370931255,1.6914673959558242,-0.1472060785431252,0.0018829957487998465,-0.0007252043548641471,0.0007221836899177208,0.18466290199093272,1.0,0.2575087249279022,103.21828473089653,57.72361262468982,-38.677693626084825,-9.800195307422923
77.0,-37.33251298104947,-8.734490859762085,-0.0005957693295858902,-0.0023038504169554156,0.0018826195387333404,4.614249478817712,1.7250364076970217,-0.15633267557031336,0.002176187466508864,-0.0024086803099221572,0.0008259519445544029,0.18396251030334004,1.0,0.24089732766151428,103.97489701743791,59.11050314842527,-38.71567085182071,-9.945308035872984
77.10000000000001,-37.364359969805655,-8.906123088879847,-0.0006679433088858063,-0.002431951520144083,0.0018034644001768889,4.63203816048185,1.7412581100565094,-0.16444907900821745,0.0020895816559957617,-6.650800254850574e-05,-0.0038747381607321073,0.16975491643843924,1.0,-1.0,87.57992910890566,66.01460020145771,-38.75310363907325,-10.090562158263097
77.2,-37.393927529015684,-9.07775895072682,-0.000691329950644668,-0.002017760902551147,0.001001903336038121,4.647021837745995,1.7253255113060837,-0.16968059200001687,0.0021412711686394892,0.006735348819813274,-0.010870354503409108,0.1348221804832341,1.0,-1.0,72.79997876606647,72.25535711081932,-38.78999146144451,-10.235955631959555
77.30000000000001,-37.42135193263543,-9.247082849639419,-0.0004863255743265333,-0.0009713197131957475,-0.00020656130668533497,4.657931865363447,1.692961415197423,-0.17154943222783656,0.003096490155733276,0.012428354690255276,-0.012388057361471597,0.09117114056402396,1.0,-1.0,59.440074275502845,77.89650706896457,-38.826333800200075,-10.381486412369034
77.4,-37.44701742398053,-9.412969782014995,-1.1666459367613047e-05,0.0004065307107583662,-0.0012813257145310876,4.664197059982053,1.6541618519242092,-0.16980182064463942,0.003728718406565403,0.014162885628520196,-0.009338897506772833,0.04315349962472019,1.0,-1.0,47.36377876322068,82.99565983399951,-38.862130144276406,-10.527152452967329
77.5,-37.47138977208009,-9.5750688111841,0.0005582108810549217,0.0017269495581060217,-0.0019643586672475686,4.665439036185046,1.6154116939807448,-0.16436064425690933,0.0027092820757537864,0.012229970180759735,-0.005184594671852535,-0.008620169739400043,1.0,-1.0,36.44776410136632,87.60489006437483,-38.89737999028802,-10.672951705328147
77.60000000000001,-37.4949665220692,-9.733555065300987,0.0009848192183764663,0.0027438341742099873,-0.0022628734876097385,4.661290889861078,1.581200956975796,-0.15528292846931194,0.00012813352082321453,0.008475335011030613,-0.001810403417571155,-0.06337601620895042,1.0,-1.0,26.580551430342435,91.77126912685033,-38.93208284253453,-10.818882119151905
77.7,-37.518283895229864,-9.888968575765986,0.001132864573490759,0.0033367785735281662,-0.002255184513017712,4.651836635909921,1.55455182618503,-0.1431817614058339,-0.0027685871432693273,0.0038127366298102627,0.000789568020251495,-0.11438758300244706,1.0,-1.0,17.661372690555474,95.53734580877402,-38.96623821300764,-10.964941642294562
77.80000000000001,-37.54188214762926,-10.042080938254,0.001016329841214053,0.0034740593372479954,-0.0019886423299547836,4.637782082965155,1.5371245877072888,-0.12891809051755723,-0.004723414291190162,-0.0006397511456185158,0.0030857186035297577,-0.15667395316765922,1.0,-1.0,9.599141537285627,98.9415808439084,-38.99984562139803,-11.111128220796479
77.9,-37.566261484192815,-10.19378071717473,0.0007385406691987632,0.003252090413397729,-0.0014963138728761468,4.62009143777907,1.5295996235167424,-0.11328536899970602,-0.0052247273682568835,-0.0035154632447108747,0.005093268085489499,-0.18917364149227214,0.6343860626220703,-1.0,0.0683127921760005,102.21689056064177,-39.03290459510207,-11.257439798911308
78.0,-37.591874327565414,-10.344959922511372,0.0004081506681307889,0.002866358588380686,-0.000850050211301959,4.599721969675945,1.5307906712477684,-0.0969672188207942,-0.004545124476389698,-0.004239387328901529,0.006078447046170961,-0.2121158849975838,1.0,-0.47101029753685,3.9929981867782005,104.02736400574636,-39.065414669228474,-11.403874319134893
78.10000000000001,-37.61907950180364,-10.495995806148755,9.068774503658673e-05,0.0024832064860769595,-0.0002643064828397684,4.577695956995311,1.5322210208499334,-0.08069962779418366,-0.0033660010947097014,-0.003756210406903034,0.004227121541548565,-0.223921430622804,1.0,0.1841883510351181,13.97309233953276,101.45957647802494,-39.097375386604874,-11.550429722234204
78.2,-37.64803579531554,-10.64628814112867,-0.00016143432350319454,0.0021321541684532234,-2.6439234767259786e-05,4.555259441676103,1.5250186923612,-0.06537632568224555,-0.001999978804437156,-0.0035058496133270416,6.540413928863827e-05,-0.22289562065069382,1.0,0.4677145183086395,24.25128615078077,95.69816288642755,-39.12878629778421,-11.697103947276302
78.30000000000001,-37.678707734935436,-10.79500962860025,-0.0002657016686512523,0.0017972465938280956,-0.00014927154575980077,4.533464955024056,1.5129325438601664,-0.05142172365198486,-0.0003181766747967763,-0.0031116909780740483,-0.0021812774049812765,-0.21445735172437333,1.0,0.1833178997039795,32.27997241789515,94.02645379396434,-39.15964696105105,-11.843894931657314
78.4,-37.71104679514092,-10.94213987788894,-0.00018073547710389031,0.00153093484831267,-0.0003400842186024806,4.5127233750618165,1.5000043842778552,-0.03885899080574222,0.0010611377309878924,-0.002588475484068743,-0.0024468901211173984,-0.2015853173311662,1.0,0.5305001139640808,40.989397314711105,87.76762064648842,-39.189956942427834,-11.99080061113144
78.5,-37.744806418167585,-11.086852500874693,5.06175530114396e-06,0.001226428179373594,-0.0006904558875983297,4.493873735891415,1.4728177922563173,-0.028476030086144216,0.0011510331898121815,-0.003850587516971219,-0.005228499699355243,-0.17773582296510215,1.0,0.9270085096359253,49.56893735054598,73.46172148907189,-39.21971581568094,-12.137818919839987
78.60000000000001,-37.7794276783534,-11.227437465898523,0.00021804741410213574,0.0007137777118018939,-0.0013836418349614237,4.478061987227727,1.429901974008003,-0.020936966605986977,0.000536070446290618,-0.006159209552316321,-0.00785132952412891,-0.1444124118839396,1.0,0.7538158297538757,57.101598989149316,62.14758571452659,-39.24892316232672,-12.284947790340407
78.7,-37.81447267835017,-11.363456401349316,0.000481132569201152,6.588674197017096e-05,-0.0020476792769650917,4.465651075909158,1.3894825806235809,-0.015905828555573022,0.00016512531512980028,-0.0065990159684438075,-0.005027457288478807,-0.1113756214429274,1.0,0.44357410073280334,63.155411923056114,60.551704841022996,-39.27757857163732,-12.432185153635388
78.80000000000001,-37.849848285698975,-11.495994285238483,0.0007608450665498606,-0.00047352324767677823,-0.002210802349264754,4.45630316682249,1.3611343682747008,-0.012806722496998008,-0.0004960528507125998,-0.004777339803544978,0.0005453268415959059,-0.08162099130673968,1.0,0.5278034210205078,68.89073714492281,57.57038997005339,-39.30568164064654,-12.579528939201928
78.9,-37.88547454235748,-11.625854996781989,0.0009076805960061846,-0.0008391121601598309,-0.0019889451669037293,4.450082608841055,1.3361925689106016,-0.011793703462974951,-0.0021464985804711435,-0.003425213702417174,0.002644233480205803,-0.04799332809550866,1.0,0.9532327651977539,74.81475243322592,45.97971769939945,-39.333231974155424,-12.726977075020478
79.0,-37.92113603353764,-11.753235191874163,0.0008413463186436749,-0.0011594940302909298,-0.001705462747486847,4.447540083416607,1.3157755646899936,-0.013003891838903598,-0.003708015650937625,-0.0030533299723002026,0.0033515841608147143,-0.01091422078696979,1.0,0.2828409969806671,78.50959808660232,48.03495960282593,-39.36022918473786,-12.874527487604054
79.10000000000001,-37.956814106681065,-11.87922340067992,0.0006362605315669569,-0.0014577975170245363,-0.0012830984424939168,4.448663419341394,1.3055248048876593,-0.016185577448477123,-0.004229863493609175,-0.0031300645155422214,0.004545025060555753,0.02682814258435364,1.0,0.6094095706939697,82.97974337019868,41.994873416811075,-39.38667289274602,-13.02217810202741
79.2,-37.99240667077368,-12.004527010692986,0.0003760284437578843,-0.0018201317106333321,-0.0007877141843301587,4.45375644128937,1.3017762914203972,-0.02147466562944501,-0.0038131069916348403,-0.0037687987553926164,0.005167318274396065,0.06664392639928485,1.0,0.49778780341148376,86.72233179648964,41.412928937284995,-39.412562726315706,-13.169926841956219
79.30000000000001,-38.027798444005064,-12.129969496874585,0.00013075649373555032,-0.002206646722280499,-0.00024956654994730016,4.46268896816042,1.3041890686598785,-0.028549870560058206,-0.0028440232715439178,-0.0038177264564242088,0.004923210918944314,0.10441382568568455,1.0,0.7032278776168823,90.59816414325468,33.865244753748314,-39.43789832137155,-13.317771629676253
79.4,-38.06277182889624,-12.256031036859959,-7.036873047013521e-05,-0.002540756932900945,0.00021739777667961638,4.475171657293749,1.3114887656818477,-0.037048266875695915,-0.001686800491956316,-0.0027415794632888457,0.004170944552729842,0.13706547950553583,1.0,0.3650652766227722,93.14002690480928,36.09250301021461,-39.46267932163216,-13.465710386122627
79.5,-38.09715781907367,-12.38344612124647,-0.00021220647903646606,-0.0026977705443987504,0.0006268696645923747,4.490463802362393,1.3240524381186936,-0.046460614672240254,-0.00061642925516109,-0.0010187192156497751,0.0031422202294367966,0.16334624893249206,1.0,0.8349087834358215,96.60385440574112,27.50954309123152,-39.486905378615134,-13.613741030909011
79.60000000000001,-38.13071093389633,-12.512459495019563,-0.00030984203449791565,-0.0027334390421978314,0.0008875915055583883,4.508260203667182,1.3376026255399969,-0.05676796201207173,0.00017320037327356652,-0.0002634343049691604,0.0014882140776111199,0.18730389826757812,1.0,0.9466307163238525,99.8590481914707,18.85289337337116,-39.51057615164195,-13.76186148235691
79.7,-38.163175730319814,-12.643325603064348,-0.00036342232467885885,-0.002700080771453188,0.0010204117609688805,4.528059878605423,1.3532055753496182,-0.06739074862569107,0.0008138800956239289,0.0006052154089787518,0.0003902529264682412,0.20326044818018982,1.0,-0.02607870101928711,99.18767892236582,26.366311125390297,-39.53369130784275,-13.910069657524911
79.80000000000001,-38.19430166147032,-12.776284258926376,-0.00037509618715177227,-0.0025302974922527333,0.0010843930590044096,4.548751302790269,1.3707899502996637,-0.07762034225226877,0.001299508480784885,0.0020343690330742207,-4.337042418227543e-06,0.20825603422980757,1.0,-0.02791467308998108,98.56612061162267,33.17144238639863,-39.55625052216102,-14.058363472237993
79.9,-38.22394766930824,-12.911655200171076,-0.00035832876361737527,-0.002274253427452799,0.0011573410372329375,4.569637088996489,1.3923982759178108,-0.08750110616272375,0.0016073495012661554,0.0022221998733104663,0.0005129703212583268,0.20940848186506972,1.0,0.3759109377861023,100.3859772669494,35.323637683768766,-39.578253477358196,-14.206740841116831
80.0,-38.25205734283439,-13.049945518374782,-0.0003423322642627899,-0.002104701004533533,0.0013056901467722527,4.59065188511638,1.4191564199769249,-0.09727348283227022,0.0016559632656409035,0.0008165390212969118,0.0013203753715541277,0.21043485352972757,1.0,0.2354552298784256,101.38633520091129,38.920433804767804,-39.59969986401808,-14.355199677607121
80.10000000000001,-38.278539784484025,-13.191556814843393,-0.0003639459259138719,-0.002084001664282685,0.0014976403617791882,4.611627466844208,1.4490984398167501,-0.1068361236328069,0.0014701949702030468,-0.0005621046103253021,0.0014669074831613516,0.20871683034148752,1.0,0.014968588948249817,100.88693940674224,44.19211042465889,-39.6205893805512,-14.503737894008923
80.2,-38.303272647728384,-13.336611411038279,-0.00043486772826723555,-0.0021249388156559827,0.0016471979929599649,4.6321342521358035,1.4788911029978002,-0.1159249667092778,0.0012903053392207737,-0.0005962103312745385,0.0006474743051064232,0.2017148762621939,1.0,-0.23593491315841675,98.17939412582287,50.59404335001225,-39.640921733199086,-14.652353401506014
80.30000000000001,-38.32615870503064,-13.484835265760026,-0.0005268910169687511,-0.002148520129691229,0.0016692055504160825,4.651919690052142,1.5047972038754014,-0.12481228285843059,0.0013764538188527993,-0.0009261185400237897,-0.0008378770605382685,0.1971263525981634,1.0,0.6400022506713867,100.82828960832967,43.36109782532028,-39.66069663603837,-14.80104411019527
80.4,-38.34710742218644,-13.635336916366308,-0.0005916542111755333,-0.0022113468224529767,0.0014488746879251994,4.671357470739034,1.516588699612581,-0.1333363984826073,0.0015834167518948264,-0.0002059765131110638,-0.004362016538141502,0.18942527673504359,1.0,-0.6135145425796509,89.55374328017128,51.2177928783006,-39.67991381098478,-14.94980792911605
80.5,-38.36598856025958,-13.786464112035713,-0.0005576542857031798,-0.0020613207243884313,0.0009134314206584406,4.689379815365845,1.5180525942462493,-0.1406835189537948,0.0022690633887128765,0.001778295571563627,-0.005611582577569235,0.17591396430701214,1.0,0.4817190170288086,92.6150186264058,50.043024841655914,-39.69857298779714,-15.098642766279603
80.60000000000001,-38.38292496599293,-13.938430212508104,-0.000362461719412704,-0.0018670558821771055,0.0005605861894520383,4.706496321724583,1.525314068280557,-0.14760261003639766,0.003059097821285014,0.0018899154321082323,-0.00260758536647742,0.1672506246953537,1.0,-0.2741677761077881,90.28696196957829,56.07601166609894,-39.71667390408107,-15.247546528698482
80.7,-38.39794184524466,-14.090993575434343,-0.0001268561528477353,-0.0015823731158295033,0.0003366456857388237,4.72214670820601,1.5218506558625229,-0.15294741898362818,0.0024310404547238504,0.0038647582735488123,-0.0036039949325091915,0.14650139654470645,1.0,-1.0,75.24692206644947,63.27166024287048,-39.73421630529273,-15.396517122415982
80.80000000000001,-38.41114628673303,-14.242035456240428,3.069255571157109e-05,-0.0009660416733046646,-0.00025964800452666725,4.734745265686696,1.4973626932971953,-0.1556618739861638,0.0010188264549776545,0.00766195741434393,-0.007598258744964454,0.11102915439476752,1.0,-1.0,61.65191721330947,69.77595663787861,-39.7511999447424,-15.545552452535588
80.9,-38.42286258043813,-14.390176517671424,0.00018043605807506924,-3.4995729557434036e-05,-0.0010758762731069762,4.743347539342036,1.4643115234582387,-0.1555354294941756,0.0003428026158202899,0.010190421363655172,-0.008036013060876573,0.06869242409610021,1.0,-1.0,49.36310959395929,75.65532541787772,-39.76762458359793,-15.694650423250422
81.0,-38.43348694864005,-14.534991979798228,0.0003965040384493038,0.0010036085376875763,-0.0017128591317130456,4.747454918574351,1.430515938930759,-0.15244284078411213,0.00021666707652739212,0.010290375899885771,-0.00493545372930899,0.022148961756818818,1.0,-1.0,38.25500081895436,80.96980913017556,-39.7834899908881,-15.84380893787273
81.10000000000001,-38.4434133189288,-14.676649668202426,0.0006346558417218943,0.0019434794932393464,-0.0019636568105142224,4.746662194777889,1.4007945450729742,-0.1462842415632742,-0.0002639707874913797,0.00862931818791984,-0.0009659658496251467,-0.028538689474508584,1.0,-1.0,28.21415028411084,85.77368148197644,-39.79879594350588,-15.993025898863355
81.2,-38.45303205548501,-14.815692405935467,0.000781808692954697,0.002663016189627005,-0.001857031008404631,4.74068275528529,1.3782353842796868,-0.1371941086440007,-0.0014073952149920585,0.005901257038683673,0.002010458086341549,-0.08029552808519962,1.0,-1.0,19.13801666810538,90.11600160594179,-39.813542226211574,-16.142299207861246
81.30000000000001,-38.462747507050835,-14.95290555829125,0.0007610668002389467,0.0030609289834641995,-0.0015116358093230596,4.729810523768849,1.3647289789374755,-0.12576637422092043,-0.002715786494379005,0.00231923271301041,0.0037649326157262715,-0.12665386957648522,1.0,-1.0,10.933910738062457,94.04111507235721,-39.827728631635814,-16.29162676571295
81.4,-38.472957457253344,-15.089179592655395,0.0005801750576199205,0.003077932242110721,-0.0010310612551038963,4.714914399304722,1.3603079049138216,-0.1128709131036525,-0.0035017630190720154,-0.0016345819143857654,0.004604826821808102,-0.16186380904142078,1.0,-0.1903679072856903,17.336449355302378,95.40478959056644,-39.84135496028252,-16.441006472502153
81.5,-38.48403439429487,-15.22531118287844,0.00030907545932202694,0.002728400816259411,-0.0004991866367517934,4.697300310321536,1.3638263159825748,-0.0994800724007596,-0.0034025505170342915,-0.004706974543265575,0.004895222452152027,-0.18429509842987293,1.0,-0.24622416496276855,22.546776446403303,96.93961852340226,-39.85442102053166,-16.590436227579186
81.60000000000001,-38.49628778219568,-15.361851557047332,2.9136472191426727e-05,0.002173152017638793,-1.1549509121320549e-05,4.678148518437669,1.3698470745209659,-0.08635358146444858,-0.0026245651219528733,-0.006086696081465903,0.003666818244908999,-0.1942094665744393,1.0,0.34807664155960083,31.556741894984068,93.32304978897197,-39.86692662864198,-16.739913929590582
81.7,-38.50994477189363,-15.498721639763938,-0.00019264594061770045,0.001574881014244903,0.0002909208522344891,4.65869119190291,1.376446099181312,-0.07408863399984977,-0.0013398797080260963,-0.005470535010039375,0.0022884625058955375,-0.19444952394704437,1.0,-0.02390742301940918,37.46513226450956,93.66530677120532,-39.87887160875356,-16.889437476508615
81.80000000000001,-38.52513637002365,-15.636359126749403,-0.00030090552471560394,0.0011641203833832499,0.0005293940802856618,4.6394371865492365,1.3877316666019208,-0.06257366447659157,0.00010561475939231506,-0.0030192595517156136,0.0019505868369143193,-0.19040942623275459,1.0,0.2455075979232788,44.563073596632506,91.54970061114962,-39.890255792890336,-17.039004765660877
81.9,-38.54194301344189,-15.77492133225682,-0.0003196404973205336,0.0009820099017302955,0.0006903952573937089,4.620967965645617,1.3989452495935077,-0.05207893917192629,0.001030067072258151,-0.0010182256578262815,0.0009053944139179274,-0.17994029855057167,1.0,0.41289427876472473,51.71270376155604,87.585203677393,-39.90107902096239,-17.188613693759823
82.0,-38.56036258559537,-15.914274508686002,-0.00029586281047167397,0.0009140207836328731,0.0007164464797791435,4.603899907165123,1.4087596721820714,-0.04281207073190017,0.0013927276163753569,-0.0004428362739829711,-0.000382526025656505,-0.16392560700045838,1.0,0.43411785364151,58.25149681658784,83.68992083055912,-39.91134114076827,-17.338262156932373
82.10000000000001,-38.58033771970159,-16.054486765237783,-0.000250036319560853,0.0008512257511391078,0.0006841216053096374,4.58855165088897,1.421429208548841,-0.034680246114277086,0.001536506554785745,-0.0005340498518276539,-0.00018715860476961583,-0.14693114291145706,1.0,0.14633458852767944,62.79358510109226,83.52791029919693,-39.92104200799707,-17.487948050749477
82.2,-38.60182024152554,-16.19600030890851,-0.00020156194462353107,0.0007638173078763531,0.0007221569930294824,4.574887326658258,1.437049423839906,-0.027617872326423116,0.001427431847378709,-0.00114291179542041,0.00033552375563141573,-0.12898440370337724,1.0,0.5063527226448059,68.5013898336523,78.79003172397884,-39.93018148623051,-17.637669270255717
82.30000000000001,-38.6246796023645,-16.338439946770094,-0.00019326699226053333,0.0005153640026476075,0.0006607944713873039,4.5634942485300005,1.4435854085748832,-0.0223998848774655,0.0008963362354184219,-0.0035541494000398766,-0.0019103309928067695,-0.10209675968656858,1.0,0.7900115251541138,74.2706370617645,66.55166556075147,-39.93875944694483,-17.78742370999892
82.4,-38.648598101847895,-16.480579705895497,-0.00020366128113426856,-3.416739706153537e-05,0.0003122814746236462,4.555388663163801,1.439203978148657,-0.01973499078582201,0.0006338694692369417,-0.0065733064246221535,-0.004144942988068671,-0.06646116838209085,1.0,0.6135713458061218,79.1576991361148,58.56826660045939,-39.9467757695126,-17.93720926405973
82.5,-38.673248506151985,-16.621919095993025,-0.00014465180280811055,-0.0008106351618765288,-0.00010223524593103598,4.551155045685498,1.4307975281277263,-0.019877663056970377,0.0009223812748694686,-0.008410912596449114,-0.003968707004999718,-0.025227346671711483,1.0,0.844206690788269,83.97682201426898,47.74059522855379,-39.954230341204415,-18.08702382608128
82.60000000000001,-38.69830960469418,-16.762334062245973,4.0056257499359845e-06,-0.001669698293380912,-0.00037372242018853094,4.551327303445626,1.4246231282616197,-0.02299369807191893,0.001245385766705866,-0.008306868248287974,-0.0014235806814521927,0.019357595479961756,1.0,0.38641655445098877,87.23965425334318,48.35280118414756,-39.96112305719048,-18.236865289298745
82.7,-38.7235280558016,-16.902505233081456,0.00017358645133340038,-0.0024014945116724224,-0.0003492669151823404,4.555963192010411,1.4229807404206252,-0.02880153335260104,0.000856449126795188,-0.006648071600299828,0.0006643161303081602,0.06512196576790663,1.0,0.9933536052703857,91.43572071559842,37.38338666597252,-39.96745382054209,-18.386731546569024
82.80000000000001,-38.748522744258906,-17.04244952112671,0.00024821236254264715,-0.0029571348058865074,-0.00026308939262131647,4.565302635608391,1.4202342343782386,-0.037191743062016766,-0.00024526739272256147,-0.004682743873447845,0.0005008445204832635,0.11172993886699245,1.0,0.7916826605796814,95.00389497029508,29.105535977197782,-39.973222542232996,-18.536620490400345
82.9,-38.7728949356347,-17.182508787047784,0.00021496884326703623,-0.0032514562802774356,-0.00015105874094406926,4.578842343572158,1.422730643675054,-0.047179448701419734,-0.001058167739264854,-0.001501006835735977,0.0010876992148590174,0.14919344390109734,1.0,0.2955852150917053,96.81929521774593,32.636667672833745,-39.97842914114064,-18.686530012981905
83.0,-38.79631042849226,-17.32348052870874,0.00011888200771321626,-0.0031933408118268096,8.628787551619312e-05,4.595394035328882,1.432053939195354,-0.057860877300695605,-0.001282924850867256,0.0017598797118753015,0.002222784078046287,0.17555730228751232,1.0,0.5938574075698853,99.49335027988884,29.095852823477983,-39.98307354404731,-18.83645800621351
83.10000000000001,-38.818469216055,-17.465828235165947,-1.3160024786110352e-05,-0.0029306543799991146,0.00038410764261506783,4.6142443096265024,1.4441447241143586,-0.06905901896301489,-0.001145724658159774,0.0027927805093430646,0.002363244923029517,0.1966124644495548,1.0,0.6821826100349426,102.1023917226613,23.072726452220664,-39.98715568564116,-18.98640236173523
83.2,-38.83908099413218,-17.609814574370706,-0.00015413711244476687,-0.002667995030953396,0.0006562164085308279,4.634820091202766,1.4586120146444246,-0.08037369339084503,-0.000699378383914833,0.0023331389885732465,0.0019972325634562377,0.21030359900835977,1.0,0.08558940887451172,102.03937176512511,29.28321924434095,-39.99067550851716,-19.136360970957032
83.30000000000001,-38.85789672730993,-17.755792323855523,-0.0002723340529444541,-0.0024766707364072705,0.0009037132102883284,4.656276752864495,1.4770537771821055,-0.09148643182724024,-6.281732668218023e-06,0.0011782978003509093,0.0019352760883511611,0.21724561544254023,1.0,0.5019095540046692,103.96317972677979,29.843849947756546,-39.99363296317783,-19.28633172508845
83.4,-38.87474431195401,-17.9041601240764,-0.0003566516024665911,-0.002430370253817591,0.0011452900784188632,4.678250397697773,1.4988948541057314,-0.1024841103143404,0.0006659896971181815,-0.0002519326949147929,0.0017672251114252313,0.22049917101280092,1.0,0.06706736981868744,103.56488360061877,35.562391580487926,-39.996028008034045,-19.436312515168222
83.5,-38.88945183394668,-18.05504262581178,-0.0004202930277213989,-0.0024456110294204273,0.001320421415001743,4.700125184239267,1.5203663156806522,-0.1129501213168325,0.001105361952908643,-0.00027380680675167135,0.0006632079927376762,0.2164032718102764,1.0,-0.23566967248916626,100.60284833156999,42.79207170729025,-39.997860609405514,-19.58630123209396
83.60000000000001,-38.90190977210894,-18.20829744814462,-0.000464659501345903,-0.0024070755465361885,0.0013810548480084161,4.721324219579375,1.5421394090896052,-0.12284106281440883,0.0015105506720338576,0.00018823185436270907,-1.2648501645181176e-05,0.20963092427713373,1.0,0.28719860315322876,101.84078509359367,45.10418389558266,-39.9991307415213,-19.736295766651804
83.7,-38.912080444329455,-18.36419859454131,-0.0004759793871403923,-0.002358756339897237,0.0014448637580161054,4.741938858527112,1.567044529549362,-0.13236821996152595,0.0019129044948611351,0.00028730398869508005,0.00021468118700393516,0.2032513266030855,1.0,-0.10138219594955444,100.34492293729004,50.623143926388714,-39.9998383865202,-19.886294009546084
83.80000000000001,-38.91990286251075,-18.522889173990837,-0.0004719941667467595,-0.0022877554531015505,0.001526684447164006,4.761783953379998,1.5938924240000523,-0.14136009106199035,0.002126794048427749,0.00040595290123273916,0.0005080275586797352,0.19552169714692827,1.0,0.13494183123111725,100.77214087483321,53.74439177847074,-39.99998353445096,-20.03629385142898
83.9,-38.92533858691031,-18.684340061345946,-0.00048035357360940464,-0.0021855169863201187,0.0015664068637599995,4.780694397388571,1.616821942685745,-0.14955965843134292,0.0020050754703579915,0.0013012389682783133,-0.0009200144117737091,0.1830301952269706,1.0,-0.5417824387550354,93.59412737050697,60.422861759413905,-39.99956618327246,-20.18629318293019
84.0,-38.92842940767249,-18.847744228544006,-0.0004986196556019471,-0.0019477086813999417,0.0014087281885789803,4.798011315550246,1.6347671489067255,-0.15666288342233836,0.0020030024180238254,0.0022674753368476463,-0.0020536515560434115,0.1678985340188702,1.0,0.23977354168891907,95.26958401964517,61.56236777493276,-39.99858633885368,-20.336289894686583
84.10000000000001,-38.92925668581037,-19.013308680360478,-0.00047079515869640707,-0.0017370523106089008,0.0013031227227415796,4.8141489367912325,1.656787467164895,-0.16320268028590154,0.002353225120294897,0.0016471508050649034,-0.0008322608178660196,0.15663038264399778,1.0,-0.19969502091407776,93.47582622484984,66.0991767553913,-39.99704401497365,-20.486281877371876
84.2,-38.92786003990392,-19.18100496080188,-0.0004184964762382434,-0.0015486854575149313,0.0012591460716131029,4.828863868296342,1.6753286562229222,-0.16857373929987177,0.00234678450903291,0.0020024995716026706,-0.0010202751982616846,0.1394674279465181,1.0,-0.550487756729126,86.76965271203687,71.6142186802971,-39.994939233321304,-20.636267021726283
84.30000000000001,-38.92443950769391,-19.34969439951319,-0.00038627308547069825,-0.0011923565324578854,0.0009842567630840506,4.841165465452361,1.6772689074217157,-0.1718262003794606,0.0018271646950386612,0.004760819231747972,-0.0047653493273973075,0.10980289730382914,1.0,-1.0,72.06755307978061,77.31696870798783,-39.99227202349508,-20.78624321858618
84.4,-38.91946809751202,-19.517308448088304,-0.0003292206190816051,-0.000467857696229448,0.0002712289710782913,4.849710886642022,1.6601516520718091,-0.17203092341719398,0.001588038152024109,0.008737928317003686,-0.008386823472026843,0.06810479251095607,1.0,-1.0,58.77801946555853,82.47180305696925,-39.98904242300258,-20.936208358913774
84.5,-38.913498509182865,-19.68261213927011,-0.000137175719379173,0.0005758793280908135,-0.0005743503087817703,4.853664910528209,1.6348742709445663,-0.1688175813791862,0.0019601338876820223,0.011277976023153646,-0.007998345480172584,0.019756556159938293,1.0,-1.0,46.76533365189053,87.13136502907254,-39.98525047726,-21.086160333826747
84.60000000000001,-38.90710982534481,-19.84477464603607,0.0001817109069565014,0.001722161136537392,-0.0013198075360274799,4.8525405691574495,1.5976640951394383,-0.1620472497812463,0.0017717274171640796,0.0111170858348222,-0.007707263911769436,-0.03180758024134947,-1.0,-1.0,29.688770560950516,85.12519344109394,-39.98089623959153,-21.236097034627928
84.7,-38.90098555561634,-20.002422704054375,0.0005253137915642023,0.0026732468893725116,-0.002042493992579451,4.84637834594901,1.5529773698697151,-0.15215861552980997,0.0008342669961794069,0.007989992555491113,-0.006294948680631751,-0.08118078710604466,1.0,-1.0,20.47095660372374,89.529819779312,-39.97597977122855,-21.386016352834925
84.80000000000001,-38.8954834072431,-20.156244196256424,0.0008344001379629905,0.0032244481894198734,-0.0023518199891333492,4.835531557236976,1.520216690936969,-0.13974046722163133,-0.00040703847443063364,0.003352292749314382,-0.0013675175083913643,-0.12570137388165528,1.0,-1.0,12.138782866753147,93.51125312856033,-39.970501141308816,-21.535916180209806
84.9,-38.89087799882904,-20.307349117589553,0.0009949710255843216,0.003286150174392305,-0.00218683081374729,4.820839542998789,1.4975596317945516,-0.12585285438558633,-0.0022066692305960506,-0.0018407165279930328,0.0024945473220227008,-0.15888591100643507,1.0,-0.02325090765953064,19.918064379737658,93.83054115943472,-39.96446042687549,-21.685794408788713
85.0,-38.887428227624476,-20.456623469176034,0.0009300229715534699,0.0028857498303417463,-0.0017576818344859357,4.803617202438126,1.483980395210958,-0.11155847090435272,-0.003948355981064998,-0.005568387663156748,0.004463746143132762,-0.18030852575101355,1.0,-0.5006203651428223,21.403293092237362,96.53916455282716,-39.95785771287599,-21.835648930911525
85.10000000000001,-38.88529109119487,-20.605077227217617,0.0006787568661199684,0.0023162547261402935,-0.0011912715963137083,4.784625372920734,1.4803938898489029,-0.0971409579372945,-0.004735396029698483,-0.005852943254020558,0.005506016306565298,-0.19544466273385008,1.0,-0.2912122905254364,25.72464161888534,98.18653142681262,-39.9506930921609,-21.9854776392515
85.2,-38.884637005646084,-20.75331847026615,0.00033739495588866984,0.001825558215798981,-0.0006493323331248916,4.76469095789828,1.47817399773476,-0.08326481105738094,-0.004475798682027562,-0.004680316823415331,0.004095743402524113,-0.19971583893771885,1.0,0.46219563484191895,34.855704758006354,92.83109642290661,-39.94296666548256,-22.135278426844888
85.30000000000001,-38.88563376390561,-20.901084332921197,2.2844181016644145e-05,0.0014545685909025234,-0.0003249590382963877,4.744971327492825,1.4754365071716171,-0.07045916317508277,-0.003136203555653581,-0.0029792057837164285,0.002620628923332842,-0.19565891564788068,1.0,-0.10082253813743591,39.80066952656737,93.76079440790485,-39.93467854149373,-22.285049187120592
85.4,-38.888297817509915,-21.048549368616598,-0.00016007443824191074,0.0012533258491918095,-0.00012621952788401675,4.725941605569249,1.469525300025491,-0.05881867218672507,-0.0014374705757871477,-0.0019168005661709055,0.00039536100817959296,-0.18433958766388348,1.0,0.615392804145813,48.00376710362121,83.09657447884346,-39.92582883674601,-22.434787813929756
85.5,-38.89264486018263,-21.19420792606369,-0.00020963516774215977,0.0009752196038229331,-0.0003533557992698948,4.708955200632115,1.4450061241898737,-0.04954181735804026,-0.00024724135088591634,-0.003702068224270059,-0.004430120702712613,-0.15853591287074756,1.0,0.8362239599227905,55.805950083062534,69.98530270201542,-39.91641767568823,-22.584492201575408
85.60000000000001,-38.89850132410001,-21.336460561831665,-9.627080632131343e-05,0.00044829244979497577,-0.0009831223078601925,4.695151702701052,1.4070923926594905,-0.04314002787954053,0.000704374731603241,-0.006424532590482466,-0.0072639954194621366,-0.12341750081832507,1.0,1.0,63.02754596154714,56.89583004495194,-39.9064451906647,-22.734160244842073
85.7,-38.90556006032552,-21.474553881451683,0.00018857931591644478,-0.0002863840160438664,-0.0016666106866094273,4.685149967185308,1.365878822893468,-0.039691439721746866,0.001287715565942126,-0.007872256008180452,-0.0060281958998573,-0.08426345411006742,1.0,0.6926687955856323,69.1602729781996,48.02656233857281,-39.8959115219133,-22.883789839025347
85.80000000000001,-38.91348822159052,-21.60865768244746,0.000554143444920825,-0.0010488883360395117,-0.002077517299305337,4.67918387155302,1.327868093996678,-0.03908058766882711,0.0008685642355210268,-0.007473030837782637,-0.0027620292623759452,-0.042740443067641826,1.0,0.88129723072052,74.9844085140472,37.89258759989302,-39.88481681756359,-23.033378879961536
85.9,-38.9219733778694,-21.739365068185556,0.0008437322058568,-0.001682640221983033,-0.0021324304658478224,4.677418916221217,1.2989581784685789,-0.04098789237735743,-0.0005812756141373013,-0.005302529110105758,0.001158087039292406,-0.0018693525412448852,1.0,0.12720978260040283,77.79958346691097,42.30817490676343,-39.87316123363466,-23.18292526405721
86.0,-38.930716554335504,-21.868090882924264,0.0009430540958823232,-0.0020125684577484383,-0.0017776339146955685,4.6793951464569465,1.2850370948293537,-0.04457446426968232,-0.0024468765864497895,-0.0018804157216884615,0.004886599915067091,0.033568118369360064,1.0,0.15743568539619446,80.53097839979266,46.01704647415755,-39.860944934032986,-23.332426888318814
86.10000000000001,-38.93944156782842,-21.996195080869878,0.0008051430482212111,-0.0020119247715078225,-0.0011508290778101853,4.684536126845097,1.283249468199291,-0.04918172605880541,-0.004030152299793435,0.0013464679766728182,0.006738011731191544,0.062028511237375246,1.0,-0.06117051839828491,81.42921161655117,51.17408390214421,-39.848168090550054,-23.48188165038222
86.2,-38.94788375407773,-22.124554123047105,0.0004762915594998922,-0.00179248232833917,-0.000488522390586538,4.69222534612529,1.2863163587571853,-0.054582360994805464,-0.004694504668840898,0.0022540875293934723,0.005817826441400578,0.0877464274803549,1.0,0.7115907073020935,85.82881491135618,42.563530555826176,-39.83483088286003,-23.631287448542295
86.30000000000001,-38.95581225228171,-22.25337854508353,8.596842742962029e-05,-0.0016708898070561845,1.7688939348586515e-05,4.702625990926866,1.2928147919354354,-0.06101775073414643,-0.003922390961862279,0.0005323311421745233,0.004615890193751821,0.11390318212166085,1.0,0.27358323335647583,88.42068191667562,45.050900352986055,-39.82093349851717,-23.780642181782465
86.4,-38.96296849872862,-22.383332513728135,-0.0002178020867594406,-0.0017444634242315478,0.00046975003724743344,4.715399469619487,1.3042359375715677,-0.06826798834392196,-0.0021455705762254253,-0.0017882363316766817,0.0038336752114351883,0.1374179487166573,1.0,0.7812905311584473,92.26319052422241,36.14871077987268,-39.80647613295322,-23.92994374980426
86.5,-38.969116353074774,-22.514556025127106,-0.0003878275544094721,-0.0020441357654854067,0.0008095730833390792,4.730539817087461,1.3175083033311468,-0.07651282675871833,-0.0003084805141665458,-0.003692381395202871,0.002827317449779023,0.1599996440690023,1.0,0.5242724418640137,95.19182365266957,35.59051057902982,-39.79145898947464,-24.079190053056834
86.60000000000001,-38.97399565884105,-22.647491350658086,-0.0004378423818867274,-0.0024228860124924723,0.0010820940654380567,4.74770362490031,1.3344937224297357,-0.08552462816749556,0.001010886840227994,-0.0039831898054051365,0.0018595888683537933,0.17935766633852562,1.0,0.7354628443717957,98.31077692161915,28.146771541920824,-39.77588227925976,-24.228378992766512
86.7,-38.97735979225478,-22.782317367991382,-0.00042783635661229635,-0.002751839163155371,0.00124708462368483,4.766682071018202,1.3536896057097967,-0.09521043393719908,0.0016212673130407771,-0.0029938853622045775,0.0008449204241885375,0.19606648954285316,1.0,0.5582414865493774,100.75157632674312,27.493361497251595,-39.75974622135582,-24.377508470966283
86.80000000000001,-38.97893088058794,-22.91946293350463,-0.0004016226829193048,-0.0029071690925533767,0.0013744687044672489,4.787011881716925,1.3779047287902146,-0.10514720443888097,0.0017924564849197738,-0.000937535771316278,0.0006897106241383611,0.20726222209853068,1.0,0.31824085116386414,102.11829822908152,30.913902178724967,-39.74305104267586,-24.52657639052532
86.9,-38.97842872449597,-23.0593733907025,-0.0003934622310837509,-0.0028423693588395366,0.0015131195647038896,4.808109662521272,1.4063666941511557,-0.11499960657151817,0.0017038331082553934,0.0011290533546442268,0.0008274202488765262,0.21274089287649542,1.0,0.19383777678012848,102.72559424146696,35.362169589008815,-39.72579697799556,-24.675580655178464
87.0,-38.975603523968104,-23.20237428163474,-0.00042243583712815274,-0.0026295608236080793,0.00166300953942198,4.829510368231317,1.4381864695201727,-0.12463841467005289,0.0015698798433709596,0.0020057450433153853,0.0009679067538998632,0.2146097039993856,1.0,0.2739381194114685,103.69576258959661,38.537483047899364,-39.70798426994991,-24.824519169555696
87.10000000000001,-38.97024248480112,-23.348641841547636,-0.0004873392479369451,-0.002396525096706502,0.0017960289044992254,4.850876379208325,1.4705769591064826,-0.13388413434818744,0.0015159282028235988,0.00195491657884822,0.0004920619801765622,0.21191463201701272,1.0,-0.17218172550201416,101.36465210017836,45.128820181444055,-39.68961316902983,-24.97338983921161
87.2,-38.96222868002811,-23.497906689394952,-0.0005680679902642759,-0.0022240019958083865,0.0018248895345528296,4.871837968482548,1.499540801854893,-0.14285823886404322,0.0016499101390078576,0.0005060011263262342,-0.0007066829379739539,0.20949397831544142,1.0,0.6209841966629028,103.66547202849537,38.94826221239298,-39.67068393357864,-25.12219057065487
87.30000000000001,-38.95152571755227,-23.649827057607755,-0.0006193400173412581,-0.0022832843195516235,0.0017603457884296432,4.8928474436284155,1.5267602504278504,-0.15194831593658115,0.002085961494946186,-0.0017034591728449754,-0.0011536067197347275,0.20964466673738016,1.0,0.008137926459312439,102.8953551169682,44.27075488590028,-39.651196829788375,-25.270919271377643
87.4,-38.937988462763286,-23.80444983762408,-0.0006096132728328391,-0.0024744257000012507,0.0017353961688091274,4.913669906045388,1.5561026776069102,-0.1608643768477243,0.002621151523701075,-0.0025844336586554042,-0.00038620965281301484,0.2075998059402536,1.0,0.3864457607269287,104.21100339080039,45.21594638985082,-39.631152131696126,-25.41957384988502
87.5,-38.921502231750694,-23.9618116078305,-0.0005669658588117106,-0.0026751418705464568,0.0017628311067408445,4.934216630097812,1.5848349011859024,-0.169562815395064,0.002770737511911398,-0.0018830136830812218,-0.0003064376916287698,0.20305587751346338,1.0,-0.15869349241256714,101.7070786436383,51.085516109606445,-39.610550121180125,-25.568152215724446
87.60000000000001,-38.90199476770831,-24.121759862501893,-0.0005333238942815476,-0.0027091555678334443,0.0017728305189071195,4.954019633215867,1.6135450825788402,-0.17767830366412632,0.002634698336581354,9.378015609735115e-05,-0.0004364302195887085,0.1946636364637961,1.0,0.030306950211524963,101.29119025066137,55.066372688834,-39.58939108795581,-25.7166522795151
87.7,-38.87946148737807,-24.284094883303162,-0.0005264444188720138,-0.002522368599036179,0.0017124265463742871,4.972736301286496,1.6367772668124654,-0.18483438310695496,0.002302546382212801,0.0027530869785991124,-0.0020545581942654797,0.18034716067766532,1.0,-0.5631003379821777,93.45715699406031,61.67479011339307,-39.56767532957173,-25.86507195297728
87.80000000000001,-38.85429754239469,-24.44725511620066,-0.0005377859450270002,-0.001982060145750795,0.0012795100789149564,4.98918211960113,1.6383135780243483,-0.1897978452499739,0.001881927489956236,0.006944743237767774,-0.006946704302060588,0.15150848456259533,1.0,-1.0,78.11252727899064,68.33251251805525,-39.54540315140538,-26.013409148961774
87.9,-38.827355047874526,-24.60882885621848,-0.00046661604660878106,-0.0010303366283639656,0.0003446948986132939,5.001953629377608,1.6171509033347045,-0.19171237555532913,0.0020674181681186858,0.010758931164257307,-0.010714968330137697,0.11084666892899252,1.0,-1.0,64.24219736034392,74.35056625895072,-39.522574866658914,-26.16166178147921
88.0,-38.799441167816646,-24.76740117903801,-0.0001939529885681471,0.00013589817139740535,-0.0007013093125660751,5.0103107158037,1.5856636388742664,-0.19038787014150876,0.0027592767416220274,0.011861251488935633,-0.009818643802840985,0.06486055549184848,1.0,-1.0,51.7045176884019,79.79041019160616,-39.49919079635468,-26.309827765729384
88.10000000000001,-38.77117571629585,-24.92249619571789,0.00024286029364971697,0.0012436272062849346,-0.001479272262933016,5.013851206337252,1.551736090862712,-0.18577345290277406,0.002739601309825302,0.010351444622911059,-0.0062389293819945756,0.015297179235636062,1.0,-1.0,40.37144828931691,84.7075982536797,-39.47525126933081,-26.457905018130585
88.2,-38.74301351037652,-25.07423806615837,0.0006682027626884583,0.0021322671433576953,-0.0018747825595576174,5.012201893280806,1.5205686255560695,-0.17783166057026495,0.0013143695692397978,0.00782824083737187,-0.0025815839490224896,-0.03813678957503533,1.0,-1.0,30.127251167906294,89.15234680476468,-39.4507566222365,-26.605891456348893
88.30000000000001,-38.71529841350926,-25.22315798758697,0.0009118897370582466,0.002760636049832511,-0.0019425862902921925,5.005173007079336,1.4956950428884266,-0.16683283467843685,-0.0010033033457246111,0.004966136870425755,0.00018847137239197463,-0.09115033989377944,1.0,-1.0,20.86730834334455,93.17004745663705,-39.42570719952731,-26.753784999327458
88.4,-38.68830312278444,-25.370058202328266,0.0009134461912585574,0.003087348285085999,-0.0017575974689705777,4.993221097807115,1.4792714478592326,-0.15347942334990697,-0.00310431815811485,0.0017388632165696064,0.002318898686865605,-0.13723628531175283,1.0,-1.0,12.497053447044259,96.80173063118139,-39.400103353460345,-26.901583567315768
88.5,-38.66224308696993,-25.515838048922966,0.0007214826887698054,0.003078948599767669,-0.0013786779999408884,4.977357476257206,1.471055112357422,-0.13874636873664625,-0.004198159558229048,-0.001805933014024483,0.003814380130356813,-0.1706696768386341,1.0,-0.09757019579410553,19.61893484026292,97.32837555082206,-39.37394544408926,-27.049285081898894
88.60000000000001,-38.63732756836154,-25.661224248904713,0.0004336934657673882,0.0027243880780405843,-0.0008984305353021514,4.95906723857894,1.4688905866295645,-0.12377508292532236,-0.004127525408551466,-0.004876747490327335,0.00445104327003008,-0.18938047786938716,1.0,-0.018978700041770935,26.713439561622412,97.24900355651313,-39.34723383925924,-27.19688746602673
88.7,-38.613699704084425,-25.806803223339024,0.00014775974132519396,0.002171095643567316,-0.0003982220728145975,4.939562617644347,1.4720124251229445,-0.109193790170258,-0.003150214010556927,-0.005862378354203868,0.004493351470809528,-0.1977505734262341,1.0,-0.0015795081853866577,33.26231456240262,97.04521063119154,-39.31996891460177,-27.344388644043175
88.80000000000001,-38.591441135555,-25.953065453160352,-7.54302356322801e-05,0.0016446923907893875,5.7611771442547864e-05,4.919684854762578,1.4789455412010417,-0.09534852582044402,-0.0017932120918699138,-0.004742155711191594,0.0038157492629149123,-0.19843495091786478,1.0,0.17330768704414368,40.36708885277721,95.34213103089004,-39.292151053529416,-27.491786541715342
88.9,-38.57065487034407,-26.100128076653995,-0.00022210057362667587,0.001266721787076278,0.0003555780415620566,4.90023896572892,1.4842216305428348,-0.08267100792560235,-0.0005959552918116994,-0.003178779314544728,0.001658085443589555,-0.19037236404114902,1.0,0.48233112692832947,48.15610509693538,89.91712058293265,-39.263780647230384,-27.639079086262726
89.0,-38.55147734235536,-26.24752345962062,-0.00029036943895225335,0.000993761188349574,0.00037618287881358904,4.882141151856939,1.4839436361868532,-0.07163464193331702,0.00033633039805267055,-0.002433442523676849,-0.0010207551205115416,-0.173804276284132,1.0,0.5258055925369263,55.32688136174596,84.15904818172862,-39.23485809466305,-27.786264206386353
89.10000000000001,-38.53391177124828,-26.39484691914843,-0.00026107596154214695,0.0007528812623120956,0.00020325904797971204,4.866023808849138,1.4809598282859815,-0.062393584468577984,0.0011155131386691051,-0.0023681761869904982,-0.0021733476909524077,-0.152313405081188,1.0,0.5115728974342346,61.76752524040269,79.25601186270407,-39.20538380255033,-27.93333983229789
89.2,-38.51788384864365,-26.54168299803255,-0.00014862355766739817,0.0004602175358942947,-7.41632248372331e-05,4.852411524499363,1.470229066453681,-0.05533487110143841,0.0013386043655888298,-0.0035868963723965567,-0.003736018388927506,-0.12364336760640128,1.0,0.874817967414856,68.29451096141462,66.17503230700034,-39.175358185373966,-28.08030389574877
89.30000000000001,-38.5033305289908,-26.687100432548764,1.1710851517784115e-05,1.315622865094992e-05,-0.00047494233724710254,4.842023016556162,1.4557574612761826,-0.0507247209281003,0.0012483459689872289,-0.004734292447455283,-0.003373900786597138,-0.0916970756761459,1.0,0.26431336998939514,72.52544058338313,66.49648681660693,-39.14478166536872,-28.227154330059275
89.4,-38.489896074242495,-26.831628019313023,0.00020256768961042507,-0.0004446874194106963,-0.0006566914246335592,4.834660034529588,1.4466890817373361,-0.04814573406856472,0.0008595050332868311,-0.0046230544386544675,-0.0011079824724819132,-0.06066174718463451,1.0,0.6244382262229919,77.60489201638568,58.155812513773085,-39.11365467251638,-28.373889070147595
89.5,-38.47736920359134,-26.97506520695475,0.00033078892414863353,-0.0009356290165539074,-0.0007496642739147365,4.8308304362750105,1.4332883989195249,-0.04822446657230434,-0.00020219339772668802,-0.005280665440238496,-0.0010002110088761648,-0.02224641349185108,1.0,0.8187588453292847,82.53994411874687,47.60672314587664,-39.08197764453979,-28.52050605255886
89.60000000000001,-38.465483226221,-27.11726819914203,0.0003700656543007491,-0.0015050522838733437,-0.0008068439651439979,4.8311440652381785,1.4230421638616086,-0.05100668959554338,-0.001082308027578716,-0.0057333793413615166,0.00018896679706232748,0.019622279858759382,1.0,0.31249743700027466,85.63061208099941,49.16298143051391,-39.04975102689662,-28.667003215494177
89.7,-38.45376559345397,-27.259166796426435,0.0003529504432582864,-0.0020270149333369855,-0.0006095945779500867,4.835444039740218,1.4238921009911039,-0.055872887800920056,-0.0014652116465992257,-0.004654219816727662,0.0030083603708619946,0.05808352920979025,1.0,0.3880447745323181,88.74086062247888,49.61652706464475,-39.01697527277315,-28.813378498839604
89.80000000000001,-38.441732655841406,-27.401681975974828,0.0002682520437282695,-0.0023724492816387314,-0.00017046293901043543,4.843289232321386,1.4334660206031264,-0.06229600638986737,-0.0017072043620062663,-0.0024807612145653227,0.004828381847012479,0.09109753134668777,1.0,0.30645543336868286,91.20827393126842,51.05076147258359,-38.983650843077896,-28.959629844195135
89.9,-38.428927823756375,-27.54553018818336,9.994892005993941e-05,-0.002484579471846827,0.00035572540857788,4.854072050480639,1.449226339293216,-0.06982198127090876,-0.0018078063246558039,-0.0003742105259622516,0.004846141709843669,0.11858373104417849,1.0,0.524032473564148,94.23757727303878,49.06604985876521,-38.949778206435084,-29.105755194903626
90.0,-38.4149966768727,-27.69091694227527,-0.00013126792201765823,-0.002482422967140445,0.0007576283788175172,4.867531404126486,1.4638558568256828,-0.0785160572876768,-0.0016045372270841777,-0.00021266515556716837,0.0025399017928795856,0.14576501129469674,1.0,1.0,97.76669303343101,37.98648234642054,-38.91535783917812,-29.25175249607975
90.10000000000001,-38.399663835733925,-27.837512201856565,-0.0003461944484085924,-0.0025332880100490474,0.0009203055389564186,4.883574390732613,1.4775368572282943,-0.08808610566311145,-0.0006945781048541126,-0.0006882496226180487,0.0008010375265973259,0.16832980973592687,1.0,0.10165080428123474,98.22765498267336,42.62331184114531,-38.88039022534285,-29.397619694638863
90.2,-38.38251715885443,-27.98568330133925,-0.0004520120442198608,-0.002534342475058894,0.001062591360320773,4.901110331255578,1.4966081887787306,-0.09759657118375539,0.0007165797088376461,0.00030597931145276056,0.0012017889179559375,0.17859859851665874,1.0,-0.011269956827163696,97.83016883831472,47.741866485458544,-38.844875856660764,-29.543354739325885
90.30000000000001,-38.363249193000065,-28.13569446859159,-0.00046111705249674554,-0.0023755989855014097,0.0012301241172325947,4.919022803909042,1.516741568815892,-0.10654227775220802,0.0016881982032202886,0.0022316712669951592,0.0009878785870106631,0.17784022875675626,1.0,-0.3285270631313324,94.36909006790789,54.247213001790044,-38.808815232552085,-29.688955580744157
90.4,-38.34173717605443,-28.28738894003599,-0.0004380413773213122,-0.002014157129726369,0.0013051925811012595,4.936287614893633,1.5357607797684223,-0.11448879480563236,0.002015467487330911,0.004018195291326977,-8.554548110607574e-06,0.16850932869927332,1.0,-0.25952059030532837,92.03423127289359,59.80389126826441,-38.77220886011875,-29.83442017138424
90.5,-38.31793202283495,-28.440856396472437,-0.00041201441154197844,-0.00159523329427855,0.0013206996658151398,4.952551023564439,1.5576697895893479,-0.12172482222506997,0.0020991023291487905,0.003459365452254255,-3.0623232350104375e-05,0.15972004507169107,1.0,0.29792454838752747,94.14586294062742,60.35856304686305,-38.73505725413726,-29.97974646565273
90.60000000000001,-38.2917623120844,-28.596470976419596,-0.00039518226499264556,-0.0013730923633373173,0.001378921255167986,4.968162973905707,1.5834862406261168,-0.12861484836974632,0.0020592605218726174,0.0010943433030008456,0.0005767118396110576,0.15318895811794309,1.0,-0.14152488112449646,93.02429394069499,64.66857847371932,-38.69736093705148,-30.124932419901015
90.7,-38.26316063974763,-28.754431494547152,-0.0004070165595488654,-0.0013887658801682932,0.0014711052416716075,4.98312960196351,1.6107166421341441,-0.13527463258333988,0.0018936689399939623,-0.001508577961024412,0.0007147854121510954,0.1485875364780714,1.0,0.47603660821914673,95.73411048204373,62.30060063829109,-38.659120438965225,-30.269975992453993
90.80000000000001,-38.23210532051262,-28.91481870366942,-0.00044968942948351274,-0.0016602453202802317,0.001563993311456618,4.99797463649138,1.6395162239663295,-0.1421883142620258,0.0017992192533549268,-0.003572972043498274,0.0007911695537464918,0.1480783166902367,1.0,0.08780299872159958,96.29791632978238,64.72288931217525,-38.62033629763488,-30.414875143638824
90.9,-38.19847006496853,-29.077847108824134,-0.0005058303712876578,-0.0020152576955730504,0.0016855175036583627,5.0127554867338455,1.6707547025772957,-0.14924964997137882,0.0018944471787754947,-0.0038031200118399558,0.0010023843438282105,0.14817840849776073,1.0,0.37068668007850647,98.31484655666557,63.91228268332356,-38.581009058461795,-30.559627835813572
91.0,-38.16225579298769,-29.243326423655887,-0.0005706282158102643,-0.0023812482727202213,0.0017334693782231525,5.027956814799575,1.6955732662203802,-0.15707123917421745,0.0019119865398379398,-0.004221924612660337,-0.0009618893245212225,0.15641164235588637,1.0,0.8631063103675842,101.31659991791251,52.40455748676566,-38.54113927448462,-30.704232033395904
91.10000000000001,-38.12373617778557,-29.409993390662322,-0.0006188312290207724,-0.0027311833794547834,0.0014656570960436587,5.044079281412777,1.7060103519115506,-0.16522797537317332,0.001973109376670869,-0.0026153389052935077,-0.004456904474089583,0.16120164850418506,1.0,-0.5550767183303833,93.72717131980474,59.24761855429273,-38.50072750637154,-30.848685702891665
91.2,-38.08304565057813,-29.576872393679643,-0.0005604781958961013,-0.0026981550180828783,0.0010120520853519558,5.059745506089816,1.7125439079678202,-0.1723186866478187,0.002613752388822331,0.0018093526049743672,-0.004490824184336194,0.153688222787693,1.0,0.026421014219522476,94.04926597915136,62.47542634579709,-38.45977432241237,-30.992986812923508
91.30000000000001,-38.04007414996622,-29.744258795581548,-0.0003677030459960041,-0.0023129935368815624,0.00076423283162915,5.074574638797295,1.7236222617502135,-0.17848895532267559,0.0031627029993036727,0.004824966531281315,-0.001849749325476312,0.1438525612613127,1.0,-0.3101642429828644,91.17088835518015,67.48330623591254,-38.41828029851059,-31.137133334259453
91.4,-37.994795738128445,-29.912270521946013,-0.0001600919469607469,-0.0017292038974368667,0.0007043720936684672,5.088110421860642,1.7353006446584707,-0.18330063966469076,0.002693114866026188,0.006073434788478513,-0.00044400754827626646,0.12919352145180504,1.0,-0.3285239338874817,88.34966590038333,72.09189725376368,-38.37624601817522,-31.28112323984142
91.5,-37.94744326538403,-30.080492902471203,-6.069778096934185e-05,-0.0010739822025582595,0.000564340754800169,5.099682662115974,1.7357132205103603,-0.18610060282737506,0.0012602613801715006,0.007013869247651505,-0.0032664443395214746,0.1041155704344263,1.0,-1.0,73.49575985994524,77.74875230473003,-38.33367207251265,-31.424954504813734
91.60000000000001,-37.898939234467605,-30.24706967148898,-6.121748327735273e-05,-0.0002569200431381338,-3.8431570365075955e-05,5.107815134203836,1.7159585324634163,-0.1857851703951422,0.0001019716860701592,0.008877586783560012,-0.007586135364203568,0.06480443931014328,1.0,-1.0,60.06900527628012,82.86210122978164,-38.29055906021828,-31.568625106551604
91.7,-37.85014201686386,-30.410875694058483,7.387861177386396e-06,0.0007090156614701403,-0.0008415685918304101,5.111517045554182,1.6875841567544352,-0.1820406288321147,0.00023439933305715015,0.01004960273406895,-0.007729200592688239,0.01764246982672133,1.0,-1.0,47.932282574575495,87.4841636644307,-38.246907587568124,-31.712133024689557
91.80000000000001,-37.80166841788948,-30.571630215698864,0.00023020947548802603,0.001728024364603456,-0.0014440663826646406,5.110134131512313,1.6577473495164765,-0.17459146422965421,0.000759571746136878,0.010101382377238795,-0.00470204505778254,-0.03548490971470512,1.0,-1.0,36.96164651951,91.66214202321802,-38.202718268410315,-31.85547624114986
91.9,-37.75396596659367,-30.729571246196304,0.0005197377562154864,0.002668351953613722,-0.001693353551710162,5.103312465260967,1.6309223399622457,-0.16353928051892325,0.00045964948535882693,0.008471085613225675,-0.001374175805581849,-0.08959050492188621,1.0,-1.0,27.045060435212385,95.43870355030623,-38.15799172415642,-31.99865274017089
92.0,-37.70734467641276,-30.88534511659593,0.0007221271026697535,0.003294276639423278,-0.001633538780773801,5.0915842329139895,1.6117896637533016,-0.14991126790691095,-0.000823710064997027,0.003978121943775456,0.0012961275706527017,-0.13330963106989946,1.0,-0.14944761991500854,32.296139832730425,96.42692337404767,-38.11272858377272,-32.1416605083355
92.10000000000001,-37.66191022705055,-31.040006232540694,0.0007417447109604325,0.0033572624623455084,-0.0013277794830697583,5.076420358079035,1.6030781538824852,-0.13508201706036083,-0.0024031565914899005,-0.0018387472478755748,0.003254828344157239,-0.16257852338563092,1.0,-0.4610797166824341,33.28969656348531,98.76129041450719,-38.066929483771396,-32.284497534599296
92.2,-37.61775222868287,-31.194359409866937,0.0005713740187836209,0.0029092388606694677,-0.0009325589089219205,5.0590909942505125,1.5982608243086183,-0.12008487183196204,-0.003585140198503478,-0.006499347918844565,0.003030740805666669,-0.17770293263118037,1.0,0.3852262794971466,41.4178800075341,94.48750338992191,-38.02059506820153,-32.42716181031895
92.30000000000001,-37.57518621062793,-31.34839191590192,0.0002950540530261256,0.002090886400493061,-0.0006759942139080957,5.041275786683017,1.5913273623209947,-0.10632466738393444,-0.003720615512169317,-0.009127319865127267,0.0015481256718746488,-0.17689225673897258,1.0,0.39046287536621094,48.78538524029683,90.55349629812483,-37.97372598864007,-32.56965132928045
92.4,-37.5342910926085,-31.502240063610202,6.348055487432319e-05,0.0012397846725101572,-0.00048732400804163303,5.023960803823089,1.588524329619533,-0.0939393271546963,-0.002546388228911521,-0.007600962476572244,0.0020342458764592178,-0.170993333945876,1.0,-0.10377088189125061,52.36585893644304,91.72147022549701,-37.92632290418269,-32.71196408772727
92.5,-37.49483519313509,-31.656630123454224,-4.380772181673947e-05,0.0007532459714712492,-0.00016788482335442824,5.007198038507589,1.5935985297711786,-0.0824599972450688,-0.0009655619639319524,-0.0030426053632417295,0.0035633660991728276,-0.16493531581351994,1.0,0.15153564512729645,57.50520404162167,90.73877008483852,-37.878386481434475,-32.85409808438858
92.60000000000001,-37.4567096641513,-31.81193307361042,-8.347852564615294e-05,0.0006743298303747763,0.00017470723755581692,4.991364080981219,1.5989433663873596,-0.07213929339185364,-0.00011834299748534924,0.0002584888969287743,0.002631099842957421,-0.15253253617514215,1.0,0.5312159657478333,63.79302137676587,84.77933850855459,-37.829917394500576,-32.99605132050742
92.7,-37.41993507979555,-31.96792443271155,-0.00012141392830642135,0.0007543438750977651,0.0003338076650939303,4.977154253432514,1.6037816929465312,-0.06322444406274833,0.00018655135322840917,0.0010507384748009922,0.0010586027524982782,-0.13538825651912897,1.0,0.18699145317077637,68.04365134219913,84.12039362018854,-37.780916324976744,-33.13782179986873
92.80000000000001,-37.384298554062696,-32.124885893654316,-0.00015166805551587915,0.0008097051987643921,0.0004140393162557372,4.964705323937507,1.6111982644052953,-0.05561463701653987,0.00042097116807333825,-5.2012072598241915e-05,0.0003446133239228986,-0.11632262683371815,1.0,0.5284568667411804,73.31116733525405,78.85987655671849,-37.73138396193969,-33.27940752882749
92.9,-37.349782535108744,-32.282389874482476,-0.0001769212051576939,0.0006047169330092733,0.00032677655634959885,4.9546714094380855,1.6094793072438491,-0.050173469598330946,0.0004048545132421669,-0.003660775009485518,-0.0022268270885412596,-0.08786524900281724,1.0,0.8012641668319702,78.63450955514061,66.49679893323673,-37.68132100193748,-33.420806516336704
93.0,-37.316445210916484,-32.4394159589731,-0.00016174078486968322,6.640367116161612e-06,1.2524720606981825e-05,4.947954340240873,1.6024700306307424,-0.04746582243647722,0.0006556359303331767,-0.007088704895732931,-0.002976366055600861,-0.053858051403558066,1.0,0.3780416250228882,82.37781911898414,65.41892521967335,-37.630728148979635,-33.56201677397546
93.10000000000001,-37.283882868449446,-32.5963732468901,-5.273107652609261e-05,-0.0007526249553147224,-0.00013286053755699533,4.944511911940491,1.602907257800372,-0.04713481060732764,0.001128254099057861,-0.007609185251002987,-0.0003312717917435561,-0.02136716790882462,1.0,0.4646252989768982,86.07366463695935,63.17170325516123,-37.57960611452734,-33.70303631597682
93.2,-37.25176123885982,-32.75347603505645,7.191499496413082e-05,-0.001488275414777143,-0.00010792185036159708,4.944596358751444,1.6010868428512557,-0.04960191592885235,0.0007622988000893274,-0.007361713782311109,-6.185455110993283e-05,0.017494600630418453,1.0,1.0,90.38716261842052,50.736875803875456,-37.52795561748334,-33.843863159255804
93.30000000000001,-37.21989677676348,-32.910149122686725,0.00012861992698726102,-0.0022103491436688155,-0.0001593294920668989,4.949030339936277,1.5971348416443731,-0.05513972847563987,-1.6205784178343935e-05,-0.006788713243951116,-0.00048573068820870815,0.06142643974454219,1.0,0.3610381782054901,92.93287549101835,51.39500574825514,-37.475777384181924,-33.98449532343726
93.4,-37.1877704562171,-33.06670166228892,0.00013390324856178253,-0.0027804418260226503,-0.00015296439997408842,4.957621424004789,1.5962047076586765,-0.06301626333805663,-0.0005640054877197189,-0.0050196888297443345,-0.00021599178609495764,0.10253076153317067,1.0,0.8793708086013794,96.47076066642073,40.95320511887146,-37.42307214837862,-34.12493083088368
93.5,-37.155011059457685,-33.22285144321986,0.00010031609147032684,-0.003186896711348783,-0.0001653071802467582,4.970282813086948,1.5925444275645677,-0.07302643231075853,-0.0008854520564666183,-0.003359917356102704,-0.0006119648758007259,0.14196228921375334,1.0,0.7388643026351929,99.47256087030183,32.94993682107547,-37.36984065123994,-34.26516770672306
93.60000000000001,-37.12114918707008,-33.378606087927125,6.79901074467048e-05,-0.0033956032344674807,-0.00013127511649774592,4.9864146520646395,1.5926246943760425,-0.08427768940514445,-0.0007587424542981081,-0.0010520002429039378,0.00036471627409574925,0.1725234428287282,1.0,0.42703351378440857,101.39761608428654,34.40989364907706,-37.316083641332945,-34.405203978876656
93.7,-37.08559712928565,-33.534517016271245,5.0461507721270954e-05,-0.003344702972823315,7.361004684196598e-05,5.004907814817887,1.6000011216144472,-0.09590051244033272,-0.00048706196236687765,0.0014977592430454047,0.002073004527040646,0.19191712475831224,1.0,0.3614206314086914,102.88701894399081,36.63179624927475,-37.26180187461469,-34.545037678086686
93.80000000000001,-37.04786089120702,-33.69107732100623,7.821789500427508e-06,-0.0030784640016441036,0.0003950796629777354,5.024759192692876,1.6123759466296954,-0.10734789769529994,-0.0004441430917389908,0.0032751434360177617,0.002692057701132726,0.20148830208237156,1.0,0.037983983755111694,102.41401762139655,41.93929774983205,-37.20699611442163,-34.68466683794406
93.9,-37.007584228016704,-33.848587083907226,-9.001313086403343e-05,-0.0027139971856487955,0.0007107981484883847,5.045125591554647,1.6286981881841054,-0.11836140628007687,-0.000451940616531075,0.003364913237528052,0.0024507318768690885,0.2050039082009495,1.0,0.36072540283203125,103.80291856891503,43.44670550408353,-37.15166713145886,-34.824089494916024
94.0,-36.96448025973968,-34.00737980983644,-0.00022575636347259225,-0.0024534929545629745,0.000990014927556306,5.065727563037502,1.6490862214006285,-0.12906665199609552,-0.00019954018489316318,0.0017314498832127006,0.0021237090581900913,0.2061192942076019,1.0,0.12272343784570694,103.82071360350979,47.36963848300417,-37.09581570378929,-34.963303688373756
94.10000000000001,-36.91831978418853,-34.16766070229797,-0.0003639596906824496,-0.0023538350434697745,0.001221823642033535,5.086154893085357,1.6714179443354393,-0.13923546784475366,0.0003307835163094238,0.0002822485115695462,0.0015595812758509367,0.20219988882994952,1.0,-0.10294374823570251,102.12078004724104,52.681236938844044,-37.03944261682271,-35.10230746061996
94.2,-36.8689936834336,-34.32944460162095,-0.00047322502900267176,-0.002334529471617208,0.0013859667020304858,5.105899536757361,1.6945106974189084,-0.14871368892933723,0.0010394014549555538,-0.00018525318064055552,0.000975233294406553,0.1939613961272264,1.0,-0.06036753952503204,100.9514152616397,57.19233206549339,-36.982548663304726,-35.24109885691637
94.30000000000001,-36.81643867035393,-34.492808594327684,-0.0005346109481173613,-0.002318549884290212,0.0015101754796136286,5.1247081595104635,1.7191780100435128,-0.15752463728350466,0.0017686411519511511,4.279615768444268e-06,0.0007221275870073485,0.18403135239646495,1.0,-0.05513715744018555,99.93807875898469,61.233017735823616,-36.92513464330562,-35.37967592551128
94.4,-36.76069225933462,-34.657659999323684,-0.0005590656422496923,-0.0022236740099375522,0.0015568928262273604,5.142293769218807,1.74014461847475,-0.16531613526759775,0.0021825296060418416,0.0014275148573979915,-0.0007498613729037475,0.1689864528039541,1.0,-0.508446991443634,93.58194756779378,67.09697896170844,-36.86720136420909,-35.51803671766694
94.5,-36.702094140529084,-34.8233755549694,-0.0005538219587919929,-0.0019760302609428105,0.0014130930084105251,5.158219102939522,1.7560863087092746,-0.17204876582251655,0.002455762537259796,0.0022462739981169546,-0.002090821738949842,0.15469182174156254,1.0,0.44558700919151306,96.13764758844047,64.99427247116603,-36.80874964070094,-35.65617928768698
94.60000000000001,-36.64084470223497,-34.98982302435995,-0.0004961760392740839,-0.001771939522952361,0.001212482087046796,5.173071746751228,1.7695618927188337,-0.1781018147118211,0.0026557963738230495,0.0018732457344703666,-0.002582875234559333,0.14278743607097,1.0,-0.5186567902565002,89.93684018589099,70.52674264042564,-36.74978029475754,-35.79410169294379
94.7,-36.57723218466258,-35.156527825383144,-0.00039799525054604404,-0.0015185592651435125,0.0009565968715935037,5.186223944984432,1.7789806329898903,-0.18261686254009227,0.0026338364517885476,0.0027392245080235856,-0.0026516363041482927,0.12373475998337692,1.0,-0.3470053970813751,87.00651250403297,74.9223202681833,-36.690294155634376,-35.93180199390583
94.80000000000001,-36.51162746907299,-35.32307566378634,-0.00028267854568216815,-0.0011258216278415886,0.0006400326685195557,5.197066866568838,1.7780203491935147,-0.1851043865568585,0.0021550863144151667,0.004992491555973621,-0.004530019578396638,0.0957873778216965,1.0,-1.0,72.28165557169162,80.30723053120525,-36.630292059854284,-36.06927825416487
94.9,-36.44514103994041,-35.487818188187276,-0.0001655625535061008,-0.0003956491919710821,-1.7907767378937903e-05,5.2042466335791095,1.7577263757861639,-0.18438267914643042,0.0014868427234902251,0.008786809131255728,-0.00776196416165236,0.05454300276404801,1.0,-1.0,58.971551160643614,85.17476290685255,-36.56977485119575,-36.20652854046328
95.0,-36.378742762898526,-35.64977617835664,2.8125231517362416e-05,0.0006612703540231379,-0.0008207608353777874,5.2068190345110175,1.7291408340579002,-0.18002054585585395,0.001300248824137652,0.011518347796611067,-0.007732150135297032,0.005646056761475279,1.0,-1.0,46.9402709759179,89.57462665029747,-36.50874338068102,-36.343550922721164
95.10000000000001,-36.313079533725904,-35.80875726990777,0.00031624743554891423,0.0018707274479173716,-0.0014413066631339705,5.204138683510132,1.6992755993103414,-0.17168942868577058,0.0010951881311488051,0.01208066115488403,-0.0050437469702791305,-0.048900659651404145,1.0,-1.0,36.064946604816576,93.55175499108361,-36.44719850656414,-36.48034347406353
95.2,-36.24858313662983,-35.96506345839561,0.0006068869101454592,0.0029690621774725165,-0.0017334376408890562,5.195991330014858,1.67254397409067,-0.1596566660080637,0.00019649980330577177,0.00960546555846473,-0.0018869515821351916,-0.10250094685327314,1.0,-1.0,26.234514733832214,97.1467640098629,-36.3851410943189,-36.61690427084738
95.30000000000001,-36.18552025178991,-36.11934944418612,0.0007782749676273338,0.0036215106089548944,-0.0017166843929617088,5.1830997036136734,1.6526893053835825,-0.1451421062788382,-0.00133627524362702,0.0035722392673630827,0.0007760148138663747,-0.14378615145598456,1.0,-0.03372648358345032,32.575475917257805,97.19416360678447,-36.32257201662663,-36.75323139268876
95.4,-36.12397396580769,-36.272526013424496,0.0007674175731804703,0.003543620447982676,-0.001460000102902551,5.167201348963594,1.6411574364860961,-0.1299021352535591,-0.002884214573032626,-0.0040009775974967215,0.0026578808766246735,-0.16707082707578474,1.0,0.014119066298007965,38.68096532826641,96.87362743746957,-36.25949215336395,-36.88932292248976
95.5,-36.06396640778055,-36.425330944947795,0.0005915635467339847,0.0028269713931379013,-0.001089245773134496,5.1498417065004265,1.6348285990718643,-0.11510769565137702,-0.0038163313128359313,-0.00919592788426846,0.0032351011202277668,-0.17611207941617724,1.0,0.25174397230148315,45.69398505208143,94.38265015318689,-36.1959023915904,-37.02517694646549
95.60000000000001,-36.00561369117925,-36.57804851827622,0.0003321693876555673,0.0018140841574259797,-0.0007604519984363205,5.132343386850551,1.6286512094176335,-0.10171195364864707,-0.003792845088793058,-0.010529905635440677,0.0024264399164387286,-0.17262074130566807,1.0,0.45091575384140015,52.868814116709856,89.57461165891394,-36.131803625535966,-37.160791554170984
95.7,-35.94901366305325,-36.73069198593174,0.000102036151047874,0.0008960841774621299,-0.0005287291583118723,5.115697818730395,1.623864149489951,-0.09004235819289166,-0.002757877541889622,-0.007937934645943043,0.0021394191786043414,-0.16214696268854353,1.0,0.20181035995483398,58.252701804764634,88.30668088938535,-36.06719675658847,-37.29616483852804
95.80000000000001,-35.894123659680126,-36.883303617711285,-2.9342687448382942e-05,0.0003405604240904441,-0.0003770345221524571,5.100471249302828,1.6140384083285881,-0.08028004140548796,-0.0015471280783713748,-0.0044205290696288715,0.0001615495365472568,-0.14336981070987015,1.0,0.7259765267372131,64.9044947540275,75.92502426214783,-36.00208269328096,-37.4312948958521
95.9,-35.84125369309734,-37.034875065082474,-5.64474468106404e-05,4.18557025318624e-05,-0.0004979955084158006,5.087692892245801,1.598024017734764,-0.07285040757559408,-0.0004624608386218787,-0.002021922271116833,-0.001329498758038233,-0.11812825194288644,1.0,0.22853434085845947,69.27737822330242,75.69367805202785,-35.93646235127887,-37.56617982587893
96.0,-35.79010022237242,-37.185519381732405,3.4282772807540036e-05,-7.874715206329002e-05,-0.0006270849880288007,5.07748485148208,1.5814187457095854,-0.06749228089191818,0.00022624385582776125,-0.0013584397727874286,-0.0018625699066855675,-0.08941375737448229,1.0,1.0,75.20465002010673,62.05574923976864,-35.87033665336718,-37.70081773179145
96.10000000000001,-35.740779557381664,-37.33429080696724,0.00016856856729976935,-0.0003408139352387431,-0.0009198172895571216,5.070812183523033,1.555407582332744,-0.06510122013723395,0.00010584468474784499,-0.0037263210267913308,-0.0033442425110139593,-0.05093187264405903,1.0,0.6720170378684998,80.12734475662631,53.047108607925864,-35.80370652943743,-37.83520672024632
96.2,-35.693087721736454,-37.48080589441757,0.00032366061477566416,-0.000890935842847637,-0.001240576818632758,5.068296165122431,1.528821729331906,-0.06582243400778617,-0.00027314628445618874,-0.006724996750180255,-0.0028938330210743746,-0.007201359499403587,1.0,0.753736138343811,84.7238505458012,43.69536245680964,-35.736572916474636,-37.969344901400596
96.30000000000001,-35.64665921830842,-37.625010595219514,0.0004720438909466791,-0.0017227426749787526,-0.0014439389779306742,5.070524871839234,1.5033688036089072,-0.06993212700282155,-0.0008798336554292898,-0.009176036320341514,-0.0014614393204422569,0.04271569344610013,1.0,0.9999639987945557,89.16700860774101,33.132030207012725,-35.66893675854412,-38.10323038893832
96.4,-35.60100706541601,-37.76703384248226,0.0005730653694767951,-0.0026834083623911,-0.0014676611636350015,5.07787316891819,1.4818224970437546,-0.0771315816284948,-0.0016500328477515036,-0.009264694203305595,0.00035831993584744756,0.09343789472087032,1.0,0.7626577615737915,92.9092000425934,25.586950347525242,-35.600799006778246,-38.23686130009703
96.5,-35.55547446955991,-37.90728974805818,0.0005944409922123015,-0.0034581699352818854,-0.0012867509724887093,5.089914368446845,1.466910016580649,-0.08644939840800724,-0.0024090717269390958,-0.006064769486375989,0.002114482186567581,0.13714441198305535,1.0,0.6724971532821655,96.13181129896664,20.073359458577432,-35.532160619363026,-38.37023575569425
96.60000000000001,-35.50936632417467,-38.04630443206786,0.0005213309590767465,-0.0037893224253276003,-0.0009426411088520235,5.105736800478199,1.4591335508791146,-0.09692942530604551,-0.0029546036271046725,-0.0011087364200698916,0.0032703401400773226,0.17097127951784505,1.0,0.6501278877258301,98.99901977660755,15.538237892100483,-35.463022561524646,-38.503351880153886
96.7,-35.462036116244185,-38.18459634971877,0.0003662778709369317,-0.00365432346986389,-0.0005122600276347299,5.124397415604537,1.4581255352604021,-0.10788808599282068,-0.0030788354635693464,0.002938687561010744,0.003745376603467842,0.1960826910784147,1.0,0.8028091788291931,101.85648165056116,9.243185405139153,-35.393385805515905,-38.63620780153263
96.80000000000001,-35.412896320596545,-38.32265933110459,0.0001665346795976916,-0.0032634363711749577,-5.60935719657199e-05,5.145170446467086,1.4637697361435287,-0.11895991483190113,-0.0026835717153055097,0.0042705024349217295,0.0038531774387618634,0.21475489072758894,1.0,1.0,104.47162489280934,1.9897669786404757,-35.32325133060254,-38.768801651546276
96.9,-35.36150078742481,-38.46074487801285,-3.935465445168904e-05,-0.0028700086362071823,0.0003325447443612401,5.167372472533712,1.470745324233876,-0.12978410980304106,-0.001987581407594759,0.0034630003599186027,0.002580162079802591,0.22587189482462028,1.0,0.5906359553337097,104.3436402384726,2.273656179819137,-35.25262012304944,-38.901131565596
97.0,-35.30766681846428,-38.59868159293864,-0.00020980618476117827,-0.002625386963496104,0.000549651907425647,5.190312859149588,1.4768740403822431,-0.1402177211674622,-0.0010440531944705042,0.0015170593692449108,0.0009008709190003676,0.2311862179119905,1.0,0.42429447174072266,104.2403862617644,6.721396971280967,-35.18149317610681,-39.03319568279457
97.10000000000001,-35.25127943195072,-38.73635621747955,-0.00029990574401143877,-0.002585811684184917,0.0006336899679138798,5.213568635916361,1.483034918152464,-0.1503063015652282,1.3298698804784973e-05,-0.0005238335304538817,-0.00010299774003487042,0.2331421547649638,1.0,0.4332740902900696,104.24701084504935,10.608165673277142,-35.109871489996166,-39.1649921459925
97.2,-35.19232167301752,-38.873587380286374,-0.0003038406097785322,-0.002681404211055484,0.0006169038740910171,5.2367771090369715,1.485971575555086,-0.15988931390924288,0.0007498944834869312,-0.0011579669840030221,-0.0014193102962934876,0.2302810257999446,1.0,-0.2825212776660919,100.4218179523819,20.470396659651925,-35.03775607189629,-39.29651910180421
97.30000000000001,-35.1309488039174,-39.00999974095586,-0.00024219582196777375,-0.0027494629338678522,0.0004973918360898916,5.259454625566213,1.4882260170689525,-0.16886500976233726,0.001176785774916225,-0.00064738467724087,-0.0016031003089874089,0.22501068375328975,1.0,0.34019017219543457,101.91616932135469,24.29914119848554,-34.96514793592905,-39.427774700634046
97.4,-35.066923017987584,-39.14602216135136,-0.00013710935131698614,-0.00280576028318922,0.0004954889436152001,5.2818523028480975,1.4973855741384363,-0.1777045935168292,0.0012929072635795033,-0.000801491581120947,3.8111354569345904e-05,0.2238948083514768,1.0,0.5635786056518555,104.0245407007917,23.846749198467503,-34.89204810314517,-39.558757096702315
97.5,-34.999965062272935,-39.282029905261794,-6.152377451568348e-05,-0.0028857687654906742,0.0006249078662607279,5.304228980161389,1.5102010635300067,-0.18636251919883595,0.0008219267543922532,-0.0008492942205494257,0.0008941911376769639,0.22312730110451692,1.0,0.05332887917757034,103.46809290553311,30.256595294942922,-34.81845760150985,-39.689464448071234
97.60000000000001,-34.92987486847068,-39.41817146548998,-6.966212925026575e-05,-0.002929187861688192,0.0007848638107435248,5.326396104492771,1.5255036085996725,-0.19467485369115867,0.00014297409684486652,-0.0004420844671504811,0.0008916286617018869,0.2208377296404443,1.0,0.42661377787590027,104.24210978416819,31.98154052011292,-34.74437746588829,-39.81989491667082
97.7,-34.856519575497686,-39.554512305402355,-0.00015235337130378482,-0.002929014363832776,0.0009177679049721696,5.348310442901557,1.5423222183205916,-0.20265484375005718,-0.00022450521366125715,3.0071770711818168e-05,0.0006425859420822933,0.21769711953315837,1.0,0.08347409963607788,103.67781539621957,37.35439626946096,-34.66980873803119,-39.95004666832476
97.80000000000001,-34.77969976598965,-39.691193101199865,-0.00025789753863554615,-0.0028747544182940437,0.001063400819775202,5.3697997061308795,1.5625204828253383,-0.21018158339000634,-2.8914261080732447e-05,0.0004986313729401612,0.00101672924287302,0.21290413697471128,1.0,0.10658080875873566,103.60326270557222,42.00814375299796,-34.59475246656005,-40.07991787277619
97.9,-34.69921614780157,-39.82837136053207,-0.00035040275860632477,-0.0028059263215308734,0.0012442657312514008,5.390830760349162,1.5847328736699362,-0.2173846886859331,0.0004463080718094698,0.00028328058419622065,0.0011636150197633585,0.20890994034742266,1.0,0.4385128319263458,104.25081578175339,42.425128200173376,-34.51920970695246,-40.20950670371346
98.0,-34.61512423168751,-39.965868253653205,-0.00042648420210197185,-0.002757510550045335,0.001352470004981534,5.4113760353106874,1.6036061680900586,-0.22406017409408996,0.0008499405879815946,0.00042765834599560384,-8.699389894912586e-05,0.20189535676270146,1.0,-0.312536358833313,100.0750839093835,49.370171638838045,-34.44318152152722,-40.338811338795736
98.10000000000001,-34.52762743358315,-40.103343457806446,-0.0004700918265280639,-0.0026231737642822893,0.0013293120615384202,5.430830296021353,1.620527397509158,-0.22976350126780312,0.0013344381110050516,0.001500037105237894,-0.0009848902480597188,0.18943737771326563,1.0,-0.16129927337169647,98.19683900938446,54.85622720342756,-34.366668979429434,-40.46782995967874
98.2,-34.43676600967027,-40.24079016091482,-0.00045918925691754023,-0.0023951597580322056,0.0012788528022594913,5.448925388658238,1.6381298424352588,-0.23450726770771516,0.0018424605736000132,0.0023908151886388573,-0.000933516809937547,0.17487313277989122,1.0,-0.2829842269420624,95.23348293327318,60.469358228195595,-34.28967315661548,-40.596560752040226
98.30000000000001,-34.34268083935272,-40.37813940977733,-0.00041243088068037545,-0.0020886254934694842,0.0012155956285709642,5.465367209828761,1.654030420637711,-0.23805409475468275,0.0020523700882011833,0.003175587421114279,-0.0011538164594877439,0.15687207030722483,1.0,-0.4093150496482849,90.96602743179942,66.07754309502997,-34.21219513583783,-40.72500190560556
98.4,-34.24598972171295,-40.514869664282145,-0.0003672282259688539,-0.0016567533800430003,0.0009731436116058814,5.479519748290897,1.6558799551135204,-0.23969609759961452,0.0017022985763300365,0.005191303380341291,-0.004516248391332192,0.1288996825310895,1.0,-1.0,75.86074346013974,72.31225250133006,-34.134236006629884,-40.853151614173136
98.5,-34.14840155978786,-40.64947675855324,-0.00030517261103374887,-0.0009333520023675687,0.0002601913015090256,5.490053109396352,1.6363566004351056,-0.23845274021591314,0.0014120185387898772,0.008427857463874264,-0.008701879095526879,0.08853073579809984,1.0,-1.0,62.20676313658686,77.94793599568929,-34.05579686529062,-40.98100807563979
98.60000000000001,-34.05123193988159,-40.781162800747964,-0.0001163657255142218,4.572546580483691e-05,-0.0006432129561124022,5.496157439100101,1.6075115219626246,-0.23409510387510554,0.0017600910662200504,0.010450570136480139,-0.008743797089550566,0.042089896806051394,1.0,-1.0,49.86464636302942,83.04214751042309,-33.976878814869146,-41.108569492026135
98.7,-33.955211411300674,-40.90984705173034,0.00021546304247296427,0.0011095331924216947,-0.0013491828548962855,5.497350637061348,1.5769286047224065,-0.22646101561248325,0.0019198083906860463,0.010544713782340594,-0.0057114049011752,-0.008770294710848003,1.0,-1.0,38.708350334876734,87.64691124188901,-33.89748296514926,-41.235834069501855
98.80000000000001,-33.86067306726402,-41.03588075456485,0.0005680591328022129,0.0020941572800104247,-0.0016997118989734283,5.493236714636377,1.5494507400121451,-0.21550208963983322,0.001051067942509017,0.009041134550768042,-0.0022166430644610055,-0.06270310440415541,1.0,-1.0,28.623942339772288,91.80925294311143,-33.8176104326338,-41.36280001841093
98.9,-33.76769496410894,-41.159906245379005,0.0007876617952430643,0.0028300787969615347,-0.0017325842308938343,5.483899961448306,1.5282334512794167,-0.20174935929236806,-0.0007195589284684275,0.005748970418662198,0.0004176624482005543,-0.1128806560999342,1.0,-1.0,19.50843622958119,95.57168017023426,-33.737262340528915,-41.489465553296796
99.0,-33.67617228181464,-41.28274160886223,0.0007993984348406217,0.0031722385258949938,-0.0015332660355461428,5.4700414530993084,1.515149950043963,-0.18601971959048544,-0.0025299077440615134,0.0014535456021847475,0.002277154656107481,-0.15442833251499455,1.0,-1.0,11.268740683221978,98.97261638727714,-33.656439818728344,-41.61582889292745
99.10000000000001,-33.58586832989824,-41.40527680231604,0.000631761729618029,0.0031109150003734293,-0.0011585064573703093,5.452613801531711,1.5110327677665847,-0.16907588148466654,-0.0035546901976593074,-0.0021965520103102163,0.0037702691707470082,-0.18628506596036762,1.0,-1.0,3.820708519567548,102.04679336245252,-33.57514400379747,-41.74188826032051
99.2,-33.496479132266636,-41.528399195056025,0.0003686760431851774,0.002793254544779409,-0.0006497229725203846,5.432524947890956,1.5156552253201443,-0.15147990387840501,-0.00352185411998538,-0.003848849803533061,0.004850079419235732,-0.20955843397081986,1.0,-1.0,-2.911722648394992,104.47162489280934,-33.49337603895734,-41.86764188276821
99.30000000000001,-33.4081714546693,-41.652413612673804,7.809925231429042e-05,0.0023751602848391604,-0.00024811195918150194,5.410838380280074,1.51306719975377,-0.1341729116294329,-0.0030147704525065404,-0.004640018509937585,0.0016234293996213963,-0.2192620798231809,1.0,0.5021269917488098,9.096356531954005,97.31521002999766,-33.41113707406861,-41.99308799186231
99.4,-33.32205287447335,-41.776375320484576,-0.00015214450290507845,0.0018954508644807098,-0.0003087497191104028,5.388989496549761,1.4983005786443702,-0.11811913397376042,-0.001834111320024689,-0.004734501736133959,-0.0022899465361409205,-0.21737295667420398,1.0,0.22182947397232056,18.795428424440328,95.09859872920202,-33.32842826561538,-42.11822482351895
99.5,-33.23875490482545,-41.899588029853234,-0.0001981852195661958,0.0014369877768579365,-0.000696020085370351,5.367903736227191,1.4685034302539204,-0.10393661516621028,-0.0003772664399986042,-0.004996576098604674,-0.006242767977032266,-0.20363563539610252,1.0,1.0,29.572965733901704,79.59626060012073,-33.2452507766889,-42.24305061800351
99.60000000000001,-33.1595139132696,-42.020352355853895,-3.073999866190512e-05,0.0009194837902142435,-0.0014536641011767748,5.348905097664041,1.4242386992363534,-0.09237009256755703,0.0008906123323981088,-0.0052247756006327025,-0.0075791670231709265,-0.18154270452292456,1.0,0.3688587248325348,37.99342532145642,77.38048449788901,-33.161605776971236,-42.367563619955305
99.7,-33.08410183300748,-42.13855285427076,0.00033580057416602487,0.0004877467159437654,-0.0020351094053790266,5.332074495264893,1.3816148146943632,-0.08293879158267167,0.0014207481149562681,-0.004298543970028249,-0.005114774939916218,-0.15838904757990563,1.0,0.6665958762168884,46.480473981539085,67.00144663414149,-33.077494442718816,-42.4917620784123
99.80000000000001,-33.01266254711837,-42.25358393783384,0.0007176770156138759,9.722240988922387e-05,-0.002488675257513221,5.318011162842365,1.3309224863092075,-0.07613523830634172,0.00027292738044783747,-0.004313515813001508,-0.004438305621380061,-0.12776880693566045,1.0,1.0,54.59805417331871,54.19866049054281,-32.992917956745906,-42.61564424683572
99.9,-32.94522767439865,-42.36490801682226,0.0009802508551827436,-0.00032866510785224624,-0.0028687592654475054,5.30731469190165,1.2793687875355397,-0.07198230501547782,-0.001556197343298816,-0.004617087903415975,-0.003012272130245027,-0.09301444827894226,1.0,0.637252688407898,61.42825448368824,46.68761960189389,-32.90787750840793,-42.73920838313462
100.0,-32.88126906706907,-42.47274372980415,0.0010989009427655918,-0.0007675391567509105,-0.002996974914644571,5.300178365790545,1.2341709341254181,-0.07024911605255653,-0.003133023736828338,-0.004581456758255221,-1.4925831973200561e-05,-0.05651689856142142,1.0,0.7507380247116089,67.8165031062991,37.98359713235069,-32.822374293584794,-42.862452749690355
100.10000000000001,-32.8201750067658,-42.577490852641596,0.00107940595045279,-0.001217788207171036,-0.0028232436287915427,5.29689803568479,1.1958123929480065,-0.07093719792751575,-0.004229043599952922,-0.004650104274618232,0.0028718054859699542,-0.016407659003903372,1.0,0.890687882900238,73.78029031846806,28.738577241761334,-32.736409514664054,-42.985375613381066
100.2,-32.761262104720245,-42.679682082870244,0.0009456168947188384,-0.0017005219393494342,-0.002392818036443048,5.297878465186716,1.166372704300049,-0.07400161449431182,-0.004739022955988663,-0.004901692769672002,0.005151306338418597,0.02771878292576778,1.0,0.7101549506187439,78.91220752604534,22.30469829974338,-32.64998438052399,-43.10797524560599
100.30000000000001,-32.703721865361736,-42.78000776117881,0.0007339655318021409,-0.002199694087128609,-0.0017780160600072191,5.303383282266563,1.1470326886828521,-0.07916121359758488,-0.004697584354084948,-0.004757845941023581,0.006479846480848848,0.07320627686143348,1.0,1.0,83.91377260047409,13.796340121744604,-32.563100106516636,-43.23024992230984
100.4,-32.64668898814578,-42.87916834675434,0.00048232240059032256,-0.002607889535288412,-0.0010742336195846526,5.313186326930799,1.1382975519496874,-0.08569998228133678,-0.004188988128134207,-0.003085734294494775,0.0069332498119391815,0.11314702522597146,1.0,0.26025909185409546,86.62380901069632,19.19477296405923,-32.475757914450654,-43.35219792400698
100.5,-32.5892385924952,-42.977893247699434,0.00022601154536213992,-0.0027451134215874325,-0.0003516797402741518,5.326347486788186,1.1403524090825952,-0.09278033911838367,-0.0033352275725571433,-1.177391829428314e-05,0.006753876621560026,0.14271323077210804,1.0,0.35378098487854004,89.50115795883508,22.975977362585496,-32.38795903257418,-43.47381753580564
100.60000000000001,-32.53055728135172,-43.07680706272505,-1.3272548128567651e-05,-0.0026039477255986594,0.00030812169483060377,5.342041823409572,1.1504293077176089,-0.10019484329773937,-0.0023472538720533697,0.0020591436623103956,0.005609834262644175,0.16618254993700568,1.0,0.8585957288742065,93.34428893775359,15.440360078028995,-32.29970469555755,-43.595107047432045
100.7,-32.470054436237795,-43.1762688199972,-0.00021987076161484847,-0.002376346699609123,0.0008190755104428857,5.359896094546056,1.166338237858808,-0.1079175654147945,-0.0012894068252796518,0.0020458789322980266,0.0040744313160824604,0.1861498612167472,1.0,0.5980749726295471,96.36236808395195,13.1366314385087,-32.21099614447593,-43.71606475325443
100.80000000000001,-32.407140492076586,-43.27661405598873,-0.00037293442566813703,-0.002214110749527413,0.001201769449255034,5.379427555891223,1.1882138006644491,-0.11573084817994637,-0.00020267329952174882,0.0009731510976279473,0.0029784512532443105,0.20055028795302418,1.0,0.32591232657432556,98.18482018059528,17.844484985824906,-32.12183462679184,-43.83668895230705
100.9,-32.34129789355503,-43.378089207714396,-0.000469362850405563,-0.0021524766654743375,0.0014893078698967257,5.400004002977588,1.2142585693128913,-0.12345448085644577,0.0007108148655035188,1.095870539450809e-05,0.0020241815099706325,0.20828953980585493,1.0,0.0819208025932312,98.47327832357655,24.589033477330375,-32.03222139633767,-43.95697794831409
101.0,-32.27215179885464,-43.48081208435756,-0.0005228580997911606,-0.002160325426551027,0.0016935929109867412,5.421063574645239,1.2439292611337631,-0.13111766991534354,0.0013833380979023288,-0.0007384712992982,0.0014161815475735933,0.21211694793143618,1.0,0.4225679337978363,100.47837926306957,26.918071381098876,-31.942157713297977,-44.07693004971354
101.10000000000001,-32.19933823593552,-43.58495493864815,-0.0005512116704913612,-0.0022619004902653295,0.0018560824059798556,5.442556843295553,1.2764848979634695,-0.13905920869461225,0.0017763674281187146,-0.001907646031954946,0.0008823501474043591,0.21724992441721533,1.0,0.6418776512145996,102.91042885661356,21.914555789505528,-31.85164484419184,-44.196543569680934
101.2,-32.12265330751714,-43.69048819378092,-0.0005747305416453419,-0.0024728931761592355,0.0019583222674169104,5.4646488171154886,1.31019109744848,-0.14735745968562616,0.001955656187242578,-0.0027829612045086136,0.00029549965400251584,0.22303212776146736,1.0,0.4807523787021637,104.27992743305181,23.57223859520067,-31.760684061854974,-44.315816826153124
101.30000000000001,-32.04195766459795,-43.797261577024116,-0.0005987276705798718,-0.0026871376759914686,0.0019882915157424094,5.487125274192415,1.3422946170032184,-0.15572772546840488,0.00202462559954287,-0.0023031359070074006,-0.000701170318610262,0.22553645117891488,1.0,0.4912620484828949,104.28675024542503,24.88192978520844,-31.669276645421892,-44.43474814185191
101.4,-31.95730195084316,-43.90494809410477,-0.000613017128862052,-0.0027893618516958716,0.0019289802974186048,5.509640988161334,1.372226598572569,-0.1639381941882219,0.00216356823232144,-0.000763326921040648,-0.001442442083993048,0.22413850045930442,1.0,-0.04376494884490967,102.72515664739566,31.945532753434254,-31.577423880307876,-44.553335844307625
101.5,-31.86870375066755,-44.013317926701994,-0.0005994445249048843,-0.002748709268961004,0.001836109708531535,5.5319267313295954,1.4006704286411704,-0.17201775026816202,0.0023758133368167998,0.00017463067634803078,-0.001659869101305941,0.22286703381744807,1.0,0.6439366340637207,104.36899238219551,26.410254441223312,-31.485127058190923,-44.67157826588266
101.60000000000001,-31.776317401753417,-44.12206534880383,-0.000559978640948816,-0.0026974180987391853,0.0017124066249388354,5.554222624750042,1.4264450286992636,-0.1800590432366218,0.0024874333336146787,7.728512612380979e-05,-0.0017434836595503402,0.22257393320144586,1.0,0.12924879789352417,103.94063026130324,31.91034967606138,-31.392387476993573,-44.7894737437949
101.7,-31.680025821608513,-44.23109955390155,-0.000501228080284654,-0.002653758605844115,0.0016439908226227292,5.576297982275874,1.4540155473101823,-0.18774934092507797,0.002504170610592913,9.540492229804555e-05,-0.000954873071551635,0.21907176480270993,1.0,0.01679152250289917,103.2007144333637,37.84118670946369,-31.299206440864662,-44.90702062014115
101.80000000000001,-31.579786005511913,-44.34029525527955,-0.0004546094899950043,-0.002576036609521046,0.0016107790205861156,5.597743333255143,1.4794740474106325,-0.19481718933502193,0.002223486936550541,0.0008235915960950296,-0.0011255008282066632,0.2102965732506853,1.0,-0.3236909508705139,99.28206057954698,45.27651064442417,-31.20558526016097,-45.02421724192037
101.9,-31.47625434765011,-44.44900911283089,-0.00044632977175740806,-0.0023318587424374796,0.0013842393908468757,5.617707416268852,1.490278151434968,-0.20051000084616571,0.0016452211032968718,0.0033521190663168,-0.004508892421039751,0.19037281322197874,1.0,-0.637712836265564,87.42787106343818,53.00331696254062,-31.111525251428805,-45.141061961057005
102.0,-31.370826602804236,-44.556205961699554,-0.00041944052868823846,-0.0018206168377346336,0.000824889783504105,5.63520744639842,1.4906548743266856,-0.20453977106303553,0.0016984420357714328,0.005460520310760566,-0.005846226579581935,0.1657337519279368,1.0,-0.16861248016357422,86.69436749003582,58.18377132920492,-31.017027737385497,-45.25755313442414
102.10000000000001,-31.263412648149714,-44.66222581030365,-0.0002731179911229553,-0.0013047781445809773,0.00047001747595898537,5.650590064316064,1.498885264928275,-0.20755420206812836,0.0023510155552888996,0.0044721657062551205,-0.0021889427313472546,0.14630385693876322,1.0,-0.1951245218515396,85.77041755717256,63.019525615016704,-30.922094046900774,-45.37368912386655
102.2,-31.153742565732102,-44.76747676445022,-8.240542942797837e-05,-0.0009709998481490286,0.0004498439394924638,5.664070643591,1.5098422891411898,-0.20947823239531946,0.002154791099279463,0.002584547324917602,0.0003911421234606554,0.12651288292130494,1.0,-0.4876810610294342,81.16939877617148,68.64883651107877,-30.8267255149781,-45.489468296223805
102.30000000000001,-31.042302841459097,-44.871779720094246,9.470642754433342e-06,-0.0007193516711754162,0.0004099489670628038,5.67510921215615,1.510302622146025,-0.2096699481532404,0.0008337432434568854,0.0029003633087857704,-0.0019283119552808937,0.0975643967737537,1.0,-1.0,67.00536707979082,74.6364980947715,-30.730923482735882,-45.60488902335319
102.4,-30.930596293375753,-44.974334426440706,-9.109844871768165e-06,-0.00026703548650500706,-2.1286574663482692e-05,5.682513045285244,1.4952541732327673,-0.20733524992955152,-0.00024164677882775062,0.00572526957025183,-0.005636713427442777,0.057278951512080054,1.0,-1.0,54.20220426289796,80.04886992447177,-30.63468929738861,-45.71994968215264
102.5,-30.819646240973032,-45.074854435302825,7.805588444727582e-06,0.00048499778203681733,-0.0006198955048162665,5.685474232103832,1.4747745184641898,-0.20216520434168622,-5.56215959124175e-05,0.008607039753609791,-0.005699080060886057,0.0104212382571838,1.0,-1.0,42.629159127892045,84.9412253813523,-30.538024312227947,-45.83464865458353
102.60000000000001,-30.709887239604228,-45.17353084833937,0.00014552755919799675,0.0014506504426183506,-0.0010364268426493516,5.683427891160484,1.4549997671383907,-0.19384666915678395,0.000618441087941709,0.010057649482678921,-0.002988859610037774,-0.04155459376652142,1.0,-1.0,32.16804294805514,89.36352722416459,-30.440929886603637,-45.94898432769347
102.7,-30.601392475103204,-45.27084103384493,0.0003419225654819382,0.0024145818693449917,-0.0011395062301965153,5.67613735674059,1.439644736116657,-0.18251347500093532,0.0006517372906446342,0.008806914746563754,-5.895669036752973e-05,-0.09324926929918956,1.0,-1.0,22.712022475359582,93.36093782960957,-30.343407385904456,-46.06295509363892
102.80000000000001,-30.494008416885883,-45.367445019853946,0.0004703629904620849,0.0030850841463002667,-0.0009911419549239737,5.664044086698452,1.4309842539993591,-0.1688226216771861,-0.00021738028069751992,0.004805036539702746,0.0018083600015149214,-0.138231654259649,1.0,-1.0,14.164528915123507,96.97428040922017,-30.245458181538947,-46.17655934970787
102.9,-30.3876599531052,-45.463938597352,0.0004469597685200574,0.0032219071576890857,-0.0007703188501681502,5.648289159912922,1.4233143923809437,-0.15409002110019668,-0.0015492475222713162,-0.0015502914453614728,0.0010691442313753722,-0.16701435989917177,1.0,0.4355219006538391,24.315831190893125,92.15566892919371,-30.147083650916194,-46.28979549834234
103.0,-30.2829949414698,-45.56033036957808,0.00029338935712314596,0.002662808466860978,-0.0007476837219465954,5.630981071422202,1.4095982465065666,-0.14015525169281304,-0.002396855784803003,-0.00821727845780436,-0.0011087133689852422,-0.17492713380112085,1.0,0.46680158376693726,33.59733229826339,87.30342490149982,-30.048285177426408,-46.402661947160865
103.10000000000001,-30.18024769734079,-45.656693937777206,0.00015016624636527012,0.0016851913760790522,-0.0008006927963064511,5.613470228064783,1.399337432911968,-0.12739889189404624,-0.0019235968908345323,-0.010055138700634958,-0.00012964249778385322,-0.17572690241567646,1.0,-0.3603856563568115,35.9105864317382,90.1427468483239,-29.94906415042149,-46.51515710898086
103.2,-30.078815662115815,-45.75358891124663,0.00010884029808690929,0.0008688098610656559,-0.0006339697312394639,5.5959006495572545,1.3964985565562327,-0.11551359661104499,-0.0009292871826119522,-0.006848661641780308,0.002171581596280669,-0.17439425187771318,1.0,0.3632733225822449,43.6994973754381,86.98604296062788,-29.849421965195507,-46.627279401840966
103.30000000000001,-29.978473491794965,-45.85127567901512,0.00011552657462341297,0.0005006301504555377,-0.0003546242386210333,5.57867831840766,1.396786826278956,-0.10439880443181783,-0.0004442051636907036,-0.0013314348839285203,0.002930449327919702,-0.17207005508803797,1.0,-0.5730153322219849,41.04270559925003,90.5531663280524,-29.74936002296504,-46.73902724902328
103.4,-29.878945634389453,-45.94997722797745,9.880442325231002e-05,0.0006820854281319149,-9.144213182829635e-05,5.561545785014616,1.3986483881619813,-0.09354445194517151,-0.0005223287009630049,0.003142250427627674,0.001886719011335547,-0.16903457115160372,1.0,0.49523377418518066,48.80679508662504,85.35380604484973,-29.648879730849504,-46.85039907907556
103.5,-29.780419656390976,-46.04957207362423,3.2604697251552924e-05,0.0010096759551898728,-1.0199097504448424e-05,5.545373962676194,1.3978187913228115,-0.08381640500076373,-0.0006997838706562935,0.002810846002149118,-6.7747353755984955e-06,-0.15588260316209127,1.0,0.487311989068985,55.80050670274809,80.79948220035062,-29.54798250185135,-46.96139332583326
103.60000000000001,-29.682837564132974,-46.15003722204954,-3.045807210995526e-05,0.001125716859848533,-1.3436741532502057e-05,5.530807075783919,1.399569656716317,-0.07534695771312398,-0.0004056647476063777,-5.376441468553416e-05,5.627642461935464e-05,-0.13880897483057716,1.0,0.31302496790885925,61.462661782511134,79.16036892783607,-29.446669754836204,-47.072008428441634
103.7,-29.585994405672935,-46.25142592566569,-5.6560980273803185e-05,0.0008999262553745033,2.4216506633221574e-06,5.518191036103917,1.3987546976789018,-0.06852851916146896,-0.00010180035185087421,-0.003940068435961239,-0.0005695054208155273,-0.11601775159326175,1.0,0.6938755512237549,67.74801806008017,68.13247349970759,-29.34494291451289,-47.18224283137761
103.80000000000001,-29.490576219613136,-46.35294544990382,-6.039391242021737e-05,0.0002552640418357646,-0.00020028960466785727,5.5085241903099025,1.3855191052698084,-0.06436320468380348,-5.304089533628372e-05,-0.007996608478138588,-0.003116453975241596,-0.08247524696549118,1.0,0.9224348664283752,73.75201386273103,55.74674065067798,-29.24280341141344,-47.292094984471724
103.9,-29.39689280638122,-46.45401678257743,9.068929390749841e-07,-0.0006480191195953882,-0.000514404894104279,5.502497733029247,1.3725281237750921,-0.06291613693058883,0.0003479342578656058,-0.0090980692369536,-0.0023225793472963618,-0.046193719772542594,1.0,0.33925631642341614,77.80478297028321,56.1977033162916,-29.140252681872916,-47.401563342929876
104.0,-29.304278822513954,-46.55491643870322,0.00013703380051577696,-0.0014574553512786866,-0.0005947191218471176,5.500058685346743,1.364428667103899,-0.06390572059977427,0.0005242228739315158,-0.007437742080787385,-0.00020568783718023431,-0.008513844738595162,1.0,0.9278678894042969,82.84798715032542,44.91873681027921,-29.037292168009273,-47.51064636735508
104.10000000000001,-29.212512193607093,-46.655500089740364,0.000253478203875168,-0.002083448991454807,-0.0005445107291303573,5.50176528528206,1.3585532026362104,-0.06752309454470792,3.316155914224295e-05,-0.005269009324331393,0.0011796920676515879,0.03369669355271022,1.0,0.345551997423172,86.0536134327945,46.33187940826814,-28.933923317703037,-47.619342523769106
104.2,-29.120688420869936,-46.756167627261824,0.00029425769924227316,-0.0024300096758029916,-0.00028790916494056374,5.507423369687771,1.3634877426953296,-0.07288811876504492,-0.0006656511353883811,-0.002159131840788014,0.0032260267179206594,0.07093733394357597,1.0,0.2806989848613739,88.65835382319916,48.37745122331394,-28.83014758457696,-47.72765028363405
104.30000000000001,-29.027899559865133,-46.857290515532384,0.00022002558013078967,-0.0024873051074644856,0.00011392733101913855,5.516473326265452,1.3751825884717794,-0.07949712662915472,-0.001395069610201288,0.00023312950217232445,0.0038668127429723163,0.10332398442283545,1.0,0.5823708772659302,92.08833371300315,44.83879782290381,-28.725966427975578,-47.83556812387381
104.4,-28.933706777655278,-46.95881533113857,3.644867875629858e-05,-0.0024398677350354935,0.00045525210613359384,5.528706499310669,1.3865075385585106,-0.08737105748020312,-0.0017941922609251908,0.00020617117720895032,0.002319333484116069,0.13524108826713996,1.0,1.0,95.82394708212634,34.16538131789028,-28.621381312944703,-47.94309452689555
104.5,-28.837944124195506,-47.06042131128661,-0.00017515200972180862,-0.002489121267145419,0.0006394409417271329,5.544017805972936,1.3983977474763933,-0.09630777093769176,-0.0013252210523157179,-0.001037453180845521,0.0012467713536920115,0.16392002067467207,1.0,0.5543123483657837,98.49327643860144,33.04993455634208,-28.51639371021077,-48.05022798061099
104.60000000000001,-28.740010574494214,-47.16216855986824,-0.00031496692484001156,-0.002620939453870093,0.0008399559319560634,5.561722785329329,1.4159963640925084,-0.10579588148983782,-0.00016992196505267237,-0.001604742774184494,0.0018583483384697773,0.18486306688155313,1.0,0.5254725813865662,100.82674963078428,32.76299796798461,-28.411005096160228,-48.1569669784577
104.7,-28.639294654142205,-47.26417255928409,-0.00037270740453697066,-0.002746688532314444,0.0011180329194141279,5.5810840299908335,1.4385315556309217,-0.11554288393942592,0.0008481971507053024,-0.001171171123276354,0.002462236425908163,0.1983401213188399,1.0,0.2697531282901764,101.95887611432711,36.234576631704975,-28.305216952818718,-48.2633100194203
104.80000000000001,-28.53527897815849,-47.36651734147186,-0.0004011825793904061,-0.0027879581682318535,0.0014150631004966833,5.601432786445719,1.4650054776538337,-0.1253719384159085,0.0013310915021930963,-0.00040951679334336107,0.002235288931678379,0.20673019981106355,1.0,0.5134904384613037,103.92478154412063,35.89692674698358,-28.199030767830262,-48.36925560805151
104.9,-28.427608783566434,-47.469202477521385,-0.0004483062240685918,-0.002768006239568107,0.0016430910020502965,5.622447581608552,1.4936028530024776,-0.13521547750382315,0.0014347076879727364,0.0001200400936335497,0.0012771482546739981,0.21159770015790283,1.0,0.20349226891994476,104.03228979094315,39.769293901194224,-28.092448034436345,-48.47480225449324
105.0,-28.31606733777923,-47.57212817400217,-0.000517924145374828,-0.002689921001208727,0.001765772611614863,5.6436555851387755,1.5228872222696204,-0.14480594018744822,0.0015431575907811936,0.0005559269100916058,0.00024290349683126814,0.21204864872912843,1.0,0.2978265881538391,104.13239734755064,42.250005812728844,-27.985470251454885,-48.57994847449753
105.10000000000001,-28.200573100305736,-47.67514992653998,-0.0005817625947650592,-0.002599492008128264,0.0018028279777493174,5.6647818537924675,1.5519358959911458,-0.15414693638611085,0.0018542635731135155,0.00043071028218456283,-0.00041083113323037,0.210565794697826,1.0,0.30584341287612915,104.14010171560103,44.39917214479684,-27.87809892325921,-48.68469278944737
105.2,-28.08112650667903,-47.77810553726162,-0.00061307874678862,-0.0025538236338975688,0.0017917214405464628,5.685712983923164,1.5798220909594423,-0.1632711105740892,0.0022644115495874307,-0.00021428021395923302,-0.0008242664870511996,0.2084976771618163,1.0,0.40195268392562866,104.22333148634547,45.119375358565435,-27.770335559756838,-48.78903372637757
105.30000000000001,-27.958066602346694,-47.880616787604126,-0.0006109598853901656,-0.00252428817207519,0.0016656422595733894,5.706145434633742,1.5991000340448838,-0.17168978429230555,0.00242490516741541,0.0005181111707297373,-0.00285581619078247,0.1993063947929962,1.0,-0.5567277669906616,96.04167388204024,52.666766082319185,-27.662181676368295,-48.892969817995414
105.4,-27.832830476698273,-47.981650184733766,-0.0005741363894802264,-0.0022297324196801005,0.0011507914528462609,5.724670022583545,1.5953872901721367,-0.17806927374430787,0.0022608446458664824,0.0045298630276919905,-0.007896250418624188,0.17328764698561996,1.0,-1.0,80.44872584371652,60.1899722582934,-27.553638794005792,-48.99649960270134
105.5,-27.707771922863287,-48.07989183438936,-0.0004316155337657344,-0.0014631430787946612,0.0001231121844033383,5.7397387350268945,1.5676568698141788,-0.18156803784387335,0.0023910334202668516,0.0093871794270904,-0.011752628491686816,0.13457647073210444,1.0,-1.0,66.35393582845396,66.99035477937069,-27.444708439051816,-49.099621624609455
105.60000000000001,-27.58450063283907,-48.17479119458205,-9.32707120585928e-05,-0.0003585635004078923,-0.0010148836206025477,5.75059209035556,1.5291125996772479,-0.18200064294332408,0.0028309071693492084,0.011765604748021298,-0.010735329045688292,0.09069936771896044,1.0,-1.0,53.613362007129126,73.13736196636768,-27.33539214333769,-49.20233443356801
105.7,-27.463798503090988,-48.26640111851679,0.0003871236879193554,0.0007830457618540303,-0.0018638353091354266,5.756879624674646,1.4882011610499057,-0.17934711386890348,0.002509870737961137,0.010950020854158278,-0.006808267240188941,0.043981719325436264,1.0,-1.0,42.096892366867976,78.69376960077331,-27.22569144412202,-49.30463658517984
105.80000000000001,-27.345876540810423,-48.3551196773126,0.0008299061904503658,0.0017216917722550828,-0.0022921654947645593,5.758323931142354,1.4504807934280775,-0.17365592496155255,0.0008352856226461359,0.008283658109566966,-0.002666349902710476,-0.0057170023535642964,1.0,-1.0,31.686915953320103,83.71632201701087,-27.115607884069085,-49.40652664082262
105.9,-27.23055174265244,-48.44156336791207,0.001068476592387206,0.002391039725035339,-0.0023481631466502196,5.754605737812291,1.4197284414634344,-0.1649797550174701,-0.0016328736075706513,0.005505548538685222,0.0005893343941136602,-0.05819561941269967,1.0,-1.0,22.2771217789167,88.25631159906607,-27.005143011227133,-49.50800316766911
106.0,-27.11738879595896,-48.526508308931895,0.0010489728658948057,0.0027953969936837042,-0.002112410707185786,5.74577975030183,1.3983096921651508,-0.15378521058824066,-0.0037761253397981514,0.002724781224191787,0.0030754292054111032,-0.10747549271993229,1.0,-1.0,13.77141313106598,92.36010259954112,-26.894298379006617,-49.60906473870733
106.10000000000001,-27.005803373716997,-48.610813591146545,0.0008278054081186601,0.002928504643425023,-0.0016450686150571987,5.73248283388606,1.3873203901703866,-0.1407359577537558,-0.004798734195107656,1.5045121448675433e-05,0.005032484281471813,-0.14875491960109047,1.0,-1.0,6.082926192752105,96.06960463059117,-26.783075546158347,-49.70970993276062
106.2,-26.895139977002167,-48.69534185985234,0.0005077199144337112,0.002823176285123448,-0.001007182135274104,5.715619469344582,1.3868885904798678,-0.12644496287360008,-0.004584086728645705,-0.0020162952583338534,0.00636023046312308,-0.18069314308504764,1.0,-1.0,-0.8668570467149648,99.42270066222916,-26.671476076751585,-49.809937334507566
106.30000000000001,-26.78488180468977,-48.7808294450182,0.0001738724416935294,0.0025634942410826087,-0.0003274217497277049,5.696162230333126,1.3923834433943174,-0.11156553720639935,-0.0036044210294087884,-0.003145527082789493,0.005785696418838101,-0.2022178321128192,1.0,-0.05731716752052307,7.884258477802573,99.42137815814021,-26.55950154015202,-49.909745534502
106.4,-26.675150030563504,-48.86755463786858,-0.00011912583901075888,0.0022124314979100677,0.00014485429712926393,5.675266260235839,1.3958621668689548,-0.09691092699283786,-0.002296314945057622,-0.00375293544619273,0.0029418500252179737,-0.21183692658258782,1.0,0.22933486104011536,17.73984732497827,96.92413456475293,-26.44715351099974,-50.009133129192755
106.5,-26.56634648472795,-48.95549344809703,-0.00030712133061776254,0.0018260254670975984,0.00030558450673981994,5.654031345253497,1.3961680873577589,-0.08307277808178044,-0.0007337142010414839,-0.0037497179445998316,0.0001702334177227927,-0.21167169554024837,1.0,0.25434502959251404,26.778065549908483,94.4001387903716,-26.334433569187045,-50.10809872094342
106.60000000000001,-26.458794474452016,-49.0445373788225,-0.00034497229764719756,0.0014636664256921146,0.0002293331706019797,5.633305611868186,1.3916518687691357,-0.07047549229973481,0.0006828136135815577,-0.003512506000346447,-0.0020603588254208415,-0.20289986285340456,1.0,0.5334693789482117,36.024435241837985,88.03646751125567,-26.221343299836263,-50.206640918051974
106.7,-26.353388406823246,-49.13403475862454,-0.000254155491939859,0.001068751458726695,-0.00016092031024146338,5.6141657178425755,1.3708860750562886,-0.0599535168330203,0.0013156851711090686,-0.004492749933171319,-0.005980360295385633,-0.181539389723791,1.0,0.9482649564743042,45.10158908686165,73.5530379125848,-26.10788429327745,-50.30475833477041
106.80000000000001,-26.25162431386062,-49.222676289637285,-5.731549873440404e-05,0.0005195420010355536,-0.0009579493261556803,5.597888609988114,1.332088901026253,-0.052227703285773384,0.0014460927545323925,-0.006211646849424301,-0.009001809825505035,-0.14942493805426912,1.0,0.8623039126396179,53.21506805357499,61.125936216437786,-25.994058145025996,-50.40244959132418
106.9,-26.15383796205722,-49.309838437338954,0.0002658652769881709,-8.046351043964767e-05,-0.0017175757987555012,5.584842477236118,1.2962222277352884,-0.046791643077946254,0.0016292375792318816,-0.005542767207202462,-0.005591113007481224,-0.11945360563481429,1.0,0.06288847327232361,57.69259470286055,63.87416073979253,-25.879866455760244,-50.499713313931586
107.0,-26.058783517061237,-49.396142845960185,0.0006406406704381975,-0.00042762062269414405,-0.0018712457639604248,5.574283675128376,1.2759673372136668,-0.04269442485446084,0.0010280184766585975,-0.0023609442712275706,0.0010171592573473183,-0.09654927996523459,1.0,0.3733670711517334,63.42942134235636,63.109971701544765,-25.76531083129895,-50.59654813482313
107.10000000000001,-25.965358395715434,-49.48223607226252,0.0008580878961676368,-0.00047565165211203587,-0.0015081609599303127,5.565922983449315,1.267256936264253,-0.039770861319176995,-0.00094116452524189,0.00038808561584946185,0.005035858143158848,-0.07526368557522391,1.0,0.25389307737350464,68.07553403505663,63.83971509609532,-25.650392882578686,-50.69295269226075
107.2,-25.872860689440536,-49.568493337474344,0.0007822351549419035,-0.00039777156541429074,-0.0010066690392543933,5.55985563862795,1.2606586780168836,-0.03824635085473592,-0.0033785012989820643,0.0002481738852723843,0.004151889392977104,-0.04903748428404241,1.0,1.0,74.11827806383815,51.34070559940443,-25.535114225631222,-50.78892563055694
107.30000000000001,-25.781541812123706,-49.654495095822476,0.000470447803404016,-0.0005625083166169156,-0.0007706502893268175,5.5570927014217855,1.2494681832220353,-0.03896093742447552,-0.004545898103335804,-0.0031436578176071562,0.001486051230806341,-0.012497928707276961,1.0,0.6678497791290283,79.13700735866455,43.43959932076755,-25.419476481560764,-50.88446560009383
107.4,-25.691199414880412,-49.74012147522507,0.00015002201723732944,-0.0011078088905087805,-0.000645975775191999,5.558363563550611,1.240916590827567,-0.04213450461621286,-0.003630965682347659,-0.0068808503626807144,0.0013718694417943042,0.03028454290028351,1.0,0.695667028427124,83.7275930832986,35.81506983995728,-25.30348127652118,-50.97957125734219
107.5,-25.601276211621467,-49.82548854922892,-2.3408898012869487e-05,-0.0019083090347890906,-0.00039868996295682043,5.564023321828006,1.239414930083034,-0.0475873144274245,-0.001707021669231065,-0.008146177772459828,0.0033134137996442565,0.07329777890244463,1.0,0.40045416355133057,87.06807025245924,37.38089047209371,-25.187130241693136,-51.074241264880264
107.60000000000001,-25.510870765477335,-49.91093525123811,-6.139124227861854e-05,-0.0026155882324224843,4.618280860555908e-05,5.573645086341749,1.245535684241034,-0.05470409402435008,-0.00031644220912843387,-0.006039284528475469,0.004433404227630644,0.11112941840419704,1.0,0.6411661505699158,90.78704162300816,31.389206232715942,-25.070425013261136,-51.168474291412636
107.7,-25.41936405914213,-49.99654875948882,-7.669627215202562e-05,-0.0029895837651398825,0.000491432992866133,5.586713183395884,1.2570045439120205,-0.06298207827418735,5.937842520705309e-05,-0.002031149014501829,0.0038395745597503183,0.14226350151848513,1.0,0.31980225443840027,93.11811452205116,34.4167901078084,-24.95336723239054,-51.26226901178893
107.80000000000001,-25.32593416689884,-50.08256369373991,-0.0001352530506347471,-0.002924242808155572,0.0008826613209008077,5.602314449098184,1.27646202342333,-0.0716974190343826,4.0795991464358975e-06,0.0020740038090518347,0.0031804983198807125,0.16428578422975412,1.0,0.4427385628223419,95.70862038089957,35.498197209266934,-24.835958545204452,-51.35562410702242
107.9,-25.229836897855584,-50.16918320020516,-0.00024632586578847275,-0.002566656554045711,0.0012154815037925476,5.619751737291682,1.3021802872654555,-0.08061285983989235,1.8264451541689378e-05,0.0039017163636214654,0.002644416493428943,0.18046308337534953,1.0,0.45233190059661865,98.08285520453762,36.32524534321844,-24.718200602760607,-51.448538264308645
108.0,-25.130466913594454,-50.256514885482375,-0.00038312147240669096,-0.0021681280648662765,0.001502223828702604,5.6384626265727515,1.3326271742468954,-0.08948862771373112,0.00034304454158866316,0.0034344958114831984,0.0022813524163156317,0.1904411824947218,1.0,0.10863833129405975,98.5593168590969,41.05950316685353,-24.600095061028135,-51.54101017704378
108.10000000000001,-25.02734845241359,-50.34458737806545,-0.0005123020762021138,-0.001884396391839399,0.0017542259669588347,5.657748861588996,1.366697094804822,-0.09810994958406494,0.0009437379555457872,0.0018204666640680212,0.0020336502555325523,0.19379400086792295,1.0,0.09344041347503662,98.8895590109913,45.47341096662898,-24.481643580864258,-51.633038544843075
108.2,-24.9201081808278,-50.43342125771726,-0.0006137307196832497,-0.0017829482581738164,0.0019795885382401846,5.677111067095781,1.4037907335689428,-0.10653095116715901,0.0016400297500533609,-9.582790764018322e-05,0.0018034609797595192,0.19310321796919558,1.0,0.08842168748378754,99.15436559462006,49.50706019207981,-24.362847827990972,-51.72462207355913
108.30000000000001,-24.80861970287045,-50.52293420194855,-0.0006891691192650866,-0.0018903918938088145,0.002124561074719351,5.69648224731703,1.438602715146859,-0.115218826662135,0.0021394047669919653,-0.0026167059683686314,0.0002772627228124566,0.19559354636366588,1.0,0.7503091096878052,101.91722240414154,40.53743526061577,-24.24370947297159,-51.81575947530009
108.4,-24.69324355798139,-50.61274540166192,-0.0007345439003128994,-0.002260289958925903,0.002086472720271675,5.716492697515086,1.4698589793941792,-0.12460768393156214,0.002584581453451934,-0.004830869246125819,-0.0011539805279384193,0.202914663405515,1.0,0.4753614068031311,103.77045787785505,40.499594131991806,-24.12423019118727,-51.90644946844773
108.5,-24.573809750071042,-50.70273964168229,-0.0007194604935885408,-0.002691873551297282,0.0020290603043699425,5.7370379198722965,1.5031763382570777,-0.13419914775051328,0.003093398766800339,-0.004221171562264807,-0.000923298617716458,0.2061058290422063,1.0,0.03769904375076294,103.21049997569627,45.43779584268567,-24.004411662813446,-51.996690777675525
108.60000000000001,-24.45010026408409,-50.79282422065731,-0.0006622567405768202,-0.0029157255920667655,0.0020305720911176946,5.757565024715659,1.5380750691462837,-0.14362250684431743,0.003329821555022035,-0.0015219935796387076,-0.00030349431921958357,0.2044575750025518,1.0,0.16159363090991974,103.52537986462173,48.80623770850056,-23.884255572796185,-52.08648213396654
108.7,-24.321980489246318,-50.88290342114976,-0.0006123437376052517,-0.002844806831617876,0.002062037488001705,5.777715210224209,1.5725653295824122,-0.15260653762475912,0.003149753142231469,0.0015632893020518844,-0.0004651829417051304,0.19849341147806185,1.0,-0.21617896854877472,100.77051014084418,54.659492328378604,-23.76376361082854,-52.17582227463132
108.80000000000001,-24.189608281526585,-50.97274584730115,-0.0006009665170719924,-0.0024975132940392923,0.0020274804971491564,5.796934968512533,1.6050400623105685,-0.16072928497734776,0.0028434052349516252,0.0038340875979766993,-0.001052999147666827,0.18774430227330297,1.0,-0.12141671031713486,99.19770869956092,59.390601924115735,-23.642937471326732,-52.26470994332561
108.9,-24.053030995571113,-51.06226748371697,-0.0006101117574763883,-0.0020506986103905754,0.0019665906415210076,5.814997041359376,1.6378193745256948,-0.168008741959405,0.002770640368049369,0.004005964419456569,-0.0009184404846748029,0.175792751579331,1.0,-0.10461847484111786,97.92707329440465,63.558255244070345,-23.521778853406353,-52.35314389006802
109.0,-23.912814189253723,-51.151153170006936,-0.0006294913870603645,-0.0016092349637839686,0.0017635665630099458,5.8314201839007715,1.6553014652600544,-0.17372271138856293,0.0024915941811805608,0.004661824527415399,-0.0043893026327612,0.1534006534733643,1.0,-1.0,82.1529775828272,70.03501581972209,-23.400289460858474,-52.44112287125765
109.10000000000001,-23.771500551139948,-51.238228649790855,-0.0006177452023498857,-0.0009630065556798693,0.0009924014209056159,5.844540346205346,1.644737204813339,-0.17655580322593953,0.002365618195755563,0.007400740774764948,-0.009822341970557917,0.11504134289452841,1.0,-1.0,67.89444441841867,75.88949439994803,-23.278471002125677,-52.528645649691505
109.2,-23.63103996947418,-51.32293207423556,-0.00042794054189648447,-7.515238036667117e-05,-7.577980105997993e-05,5.853352302933944,1.620181711168871,-0.1762330153885423,0.0030124486786088003,0.009584944706660034,-0.01067599590380175,0.06948796035243338,1.0,-1.0,55.00585975924728,81.1814793430344,-23.156325190278032,-52.61571099458197
109.30000000000001,-23.49246100286738,-51.40528314325183,-2.6370171555257095e-05,0.0009269568774970654,-0.0009869285294870885,5.857338729666246,1.5905904105126873,-0.17256141201134786,0.0034116763154334443,0.010110772314641435,-0.007755261789937104,0.019581661063776686,1.0,-1.0,43.35560004450482,85.96501458944262,-23.033853742989002,-52.70231768157406
109.4,-23.356172526952886,-51.485621809755585,0.00044307872633397074,0.0019000936532213523,-0.0015329028508554675,5.856077691535052,1.5617624851600211,-0.16536507272567555,0.002477863001142522,0.009317961808865054,-0.004011911104045341,-0.03460558652146329,1.0,-1.0,32.824688000227866,90.28895158089682,-22.911058382511303,-52.78846449276267
109.5,-23.222164038639043,-51.56449580989205,0.0007841495603789076,0.002729803138200031,-0.0017332173467254064,5.8493216102750125,1.5376483120820337,-0.15479427195376075,0.00029846963959628174,0.007212666192355518,-0.0010531941626329578,-0.0890088888798473,1.0,-1.0,23.30557759413433,94.1974481515251,-22.787940835652655,-52.874150216709694
109.60000000000001,-23.090140809900443,-51.6425983186996,0.0008869424475747324,0.0032644427884911034,-0.0016671682995745543,5.837490777380708,1.520799258702944,-0.14155179726519562,-0.002098823138204292,0.0036056945842040194,0.0011465994796454567,-0.13662676973898086,1.0,-1.0,14.70105573103109,97.73041948593749,-22.66450283375154,-52.959373648461046
109.7,-22.959618843013107,-51.72067653240815,0.0007665111229464664,0.0034040769084946482,-0.0013842234481695427,5.821488304675085,1.512528591688503,-0.12647123759614404,-0.0036775645698552467,-0.00044579536209178204,0.003026717730063909,-0.17424499245408887,1.0,-0.9351570010185242,7.356295541619627,100.86636874940524,-22.54074611265283,-53.044133589563614
109.80000000000001,-22.830150710309773,-51.79940797135984,0.0005093666682503492,0.003167153784992017,-0.0009581443508235687,5.8024595740517455,1.5096198269598924,-0.11057938714586488,-0.004110217267259473,-0.003986278262565032,0.0037178063095479447,-0.19878593824130605,1.0,0.03794749453663826,16.061544142593604,100.00256023367135,-22.41667241268337,-53.12842884808213
109.9,-22.701849668862263,-51.879122844301264,0.00021294444045482394,0.002621024831041336,-0.0005917441415481129,5.781922988039561,1.5045641388891637,-0.09515248508064195,-0.003595871576706169,-0.00655056726605232,0.002322118949335916,-0.20768967090251303,1.0,0.34649670124053955,25.68794910284497,96.11148989276228,-22.292283478627517,-53.21225823861592
110.0,-22.575154137940412,-51.9598275956838,-1.8653618604063243e-05,0.0019253184553680853,-0.00041726028450933495,5.761243252564362,1.4964309485411138,-0.08095802915037593,-0.0023054323922206106,-0.007051215886699258,0.0007333396530821133,-0.20520340966737372,1.0,0.28880003094673157,34.13124620341204,93.28248159000444,-22.167581059702613,-53.295620582315536
110.10000000000001,-22.450540806632972,-52.041336648423126,-0.00011776304399691714,0.0012665582171921298,-0.00046521930872969486,5.741451288041348,1.477609093493051,-0.06864120548700539,-0.0010041487031301364,-0.006567971870859074,-0.0025306584979730277,-0.1905436258452213,1.0,0.7447015047073364,43.13228553388466,80.17691228893013,-22.042566909534372,-53.378514706899416
110.2,-22.329192549523587,-52.12288709260012,-6.598580598461646e-05,0.0006918667745692181,-0.0008377484808468062,5.72367213417647,1.4515204875158163,-0.058523925915362866,0.00021278251788701806,-0.004867741473420131,-0.0036465464669389602,-0.17054479796659097,1.0,0.0023175477981567383,48.133652725798754,81.5833586379196,-21.917242786132213,-53.46093944667029
110.30000000000001,-22.210276518678867,-52.20474003980401,0.00014861815458447762,0.0004383352231520041,-0.000983821628174988,5.707512141094499,1.4380004240001227,-0.04957166209257497,0.0011112972979210286,-0.0012402313672382416,-4.9667329992376615e-05,-0.15574109306885728,1.0,0.23345622420310974,54.14387562581221,80.75665715494455,-21.791610451864557,-53.54289364253161
110.4,-22.09370548435928,-52.286761214261006,0.0003541555636375843,0.0004319284104184698,-0.0010616991913822364,5.6931181266700435,1.4092762736562565,-0.0422264633184429,6.328469575597262e-05,-0.000217277141256319,-0.0033047883938289524,-0.13383349707559594,-1.0,0.8240687251091003,53.954649806067074,60.599219881175934,-21.665671673434037,-53.624376142003854
110.5,-21.981630370275457,-52.36731065749344,0.00044407215304825153,0.00032803138028984264,-0.00170309776339821,5.681450954277029,1.3621619223187715,-0.037047332511871804,-0.0012582463509940962,-0.0018194261715175548,-0.00687980998892247,-0.10575289016602558,1.0,0.4148558974266052,60.20912619795523,59.580298554683424,-21.539428221852646,-53.705385799240716
110.60000000000001,-21.873251335460594,-52.446571150702376,0.0005726662306122556,8.809038890403623e-05,-0.0021224422459137204,5.672407947168593,1.3309232401113744,-0.033475537539539774,-0.0012035273768812853,-0.0029760476618774364,-0.0018611082904562023,-0.08047151590003421,1.0,0.3849535882472992,65.74985050924111,59.074658032414,-21.412881872416847,-53.78592147504522
110.7,-21.767487554347294,-52.52499863924049,0.0007201175474993357,-0.00026511660109991076,-0.002020116149078822,5.6660040265526455,1.305950627179645,-0.03174346513891654,-0.001527385171122885,-0.0043191877836072584,0.0021817224159163782,-0.05167919766012834,1.0,0.8681503534317017,71.88641950277389,47.98869426621964,-21.286034404682592,-53.86598203688576
110.80000000000001,-21.664064810752915,-52.602543582926,0.0007571058718767365,-0.0007757426497965862,-0.0017149507856794235,5.662869315355865,1.2850337471050943,-0.03222068165042892,-0.0025078625000818713,-0.005465810064584436,0.0037849615883568714,-0.01805435297661888,1.0,0.3791961669921875,76.282637505927,48.67373658301693,-21.158887602440302,-53.945566358912
110.9,-21.56206791760323,-52.6795604060792,0.0006533544020944206,-0.0013289509659453046,-0.0012729251689313863,5.663158494663735,1.2729518107277453,-0.03475706312101537,-0.0033678727944037364,-0.005609589856261107,0.004463411163525648,0.01789253113839447,1.0,0.6622569561004639,81.08208036750013,41.13747119243478,-21.031443253689794,-54.024673321970724
111.0,-21.4610322213349,-52.75609279009789,0.00043757506924329225,-0.0019071134745976652,-0.0008678712433940727,5.66743367528276,1.2632769172266285,-0.03967359272331394,-0.003668306785373205,-0.005780701268982961,0.0035928114929570753,0.0598796965031307,1.0,0.7957236766815186,85.65087738281454,32.45628888225396,-20.90370315061511,-54.10330181362156
111.10000000000001,-21.360427660531276,-52.83214130320363,0.0002031710427519092,-0.0024207771355748598,-0.000505820915732534,5.675809324719807,1.259841011312513,-0.04633616652422623,-0.0030148926120983836,-0.004138127362125048,0.0036080871142890047,0.09785613953830676,1.0,0.02088981866836548,86.70777114723104,38.302246734461136,-20.775669089559365,-54.181450728152655
111.2,-21.25929114529561,-52.90793186196473,2.7030883459872733e-05,-0.0026013148768929805,-5.9949699688937124e-05,5.6871754326515065,1.2659446932918352,-0.05356856585177931,-0.0018320170390870108,-1.864013224759948e-05,0.004526222886846661,0.12252939026616223,1.0,-0.022168278694152832,87.33113624133033,43.91790365647679,-20.647342870999413,-54.259118966596176
111.30000000000001,-21.156865424485847,-52.98362465617183,-9.96060379162145e-05,-0.002401192927145125,0.0004099984967076816,5.700561361790985,1.2762914272000747,-0.06119150732081164,-0.0009208462585308749,0.002760322305402416,0.0038551664172033276,0.14200763072748876,1.0,0.7342649698257446,91.20330934720448,35.6898246963543,-20.518726299520594,-54.3363054367438
111.4,-21.052925513619243,-53.05910719520951,-0.00021065231834887873,-0.002135130701855546,0.0007214734510755859,5.716020558818208,1.287766489407755,-0.06950651856183276,-0.00032381137793779756,0.002129784520532337,0.0021153684707785666,0.16275499186638823,1.0,0.5967448353767395,94.42390279852584,31.54484161402088,-20.389821183791327,-54.41300905316207
111.5,-20.94700348784751,-53.1343859108747,-0.0002941196128771529,-0.0020216168581664554,0.0009251177581860985,5.733356589445307,1.3047370821595738,-0.07822166255113644,0.00032214120604861666,0.00024199666985146717,0.0016226787605652694,0.17956595806819184,1.0,0.37575802206993103,96.64113328969478,33.85533838504056,-20.260629336537676,-54.48922873720763
111.60000000000001,-20.838390965199835,-53.209605680787845,-0.000341243127687472,-0.002076532058541897,0.0011511421575156825,5.752039856025369,1.328494607598911,-0.08716301274467897,0.0009110671217839085,-0.00131647635835056,0.0020746260102865997,0.1911689123665656,1.0,0.42012467980384827,98.81346456386534,35.32974967653536,-20.13115257451787,-54.56496341704244
111.7,-20.726478337981135,-53.284872800834584,-0.00037850385769777807,-0.0022325560979547863,0.0014182066971917175,5.771649206925105,1.3574856564138822,-0.0963112146442899,0.0012206118408510911,-0.001970950858392002,0.002309731046236919,0.19879772318042696,1.0,0.28630852699279785,100.2190914911701,38.36895121620342,-20.00139271849673,-54.64021202764882
111.80000000000001,-20.61088870965827,-53.36017743457236,-0.00043866581406061235,-0.002412976648751588,0.0016510445336537084,5.791935418548891,1.3874752466218283,-0.1058015737222244,0.0012474666770925682,-0.0023114232763672845,0.0012834209811740432,0.20622878457028104,1.0,0.7082716822624207,102.80738002631756,31.037686970181444,-19.871351593220105,-54.7149735108444
111.9,-20.491641167714178,-53.43530371874068,-0.0005202892413276712,-0.002623517343625329,0.0017530594167378436,5.813062450302688,1.4171727878428526,-0.11572823766780886,0.0013746363066506856,-0.0023877132768345007,0.0002026752229771253,0.21403233967394558,1.0,0.35181188583374023,104.12162188108688,33.70593203221765,-19.741031027389166,-54.78924681529708
112.0,-20.368463793527308,-53.510144313957284,-0.0005818510806202493,-0.002762661224836256,0.001820145076267426,5.8346761455485865,1.4490384114602954,-0.1256277809055591,0.0017963087241494177,-0.0012327909977046891,8.321061687113714e-05,0.21683335637919285,1.0,0.17153383791446686,103.99426775777049,38.105681438665556,-19.610432853634727,-54.86303089653973
112.10000000000001,-20.24116828535602,-53.584569245253604,-0.0006095160500471399,-0.002755577756070107,0.0018927494103243307,5.856321454397413,1.4818469329499564,-0.13531237268767815,0.002245334105417693,0.0002239186409596491,0.0001283531890698666,0.21589258474314654,1.0,0.2416440099477768,104.07491621396989,41.36949218922035,-19.479558908491455,-54.93632471698491
112.2,-20.109699026363664,-53.65842899587581,-0.0006169449068232317,-0.0026425860845325526,0.0019479690083374832,5.877776430676532,1.5141748722659214,-0.14475939245942868,0.0025116224998482594,0.0008993418626866178,-0.00021279932841255296,0.21360598020858643,1.0,0.34630125761032104,104.1771539460384,43.11428376827209,-19.348411032372045,-55.00912724593951
112.30000000000001,-19.974099051067913,-53.731555692174084,-0.0006182749184657525,-0.0025205509408716725,0.0019583642123082333,5.898962574892684,1.5462219536610065,-0.15394509705890413,0.002644538347897063,0.0006641021237874414,-0.000504993377573596,0.21049725482337658,1.0,0.16476809978485107,103.98594256784277,46.67548211662637,-19.216991069541344,-55.08143745961913
112.4,-19.83425142744258,-53.80386146738408,-0.0006148464188431759,-0.0024504301739163054,0.001971540124699258,5.9197591447185305,1.579888283070756,-0.16281844894111014,0.002749330801725214,2.3105681230289345e-05,-0.0002549198611129558,0.20612382875985086,1.0,0.11747194826602936,103.90271415580139,50.33586096234229,-19.08530086809041,-55.1532543411626
112.5,-19.69021626868658,-53.87519999343381,-0.0006179998343023544,-0.002402206359417197,0.0019547731612704847,5.939849699314148,1.6093635754888647,-0.17100670904434054,0.0026534414473670565,0.0004837240836000967,-0.0013493629292559504,0.19575309469522162,1.0,-0.4701792597770691,97.8651272834357,57.12833852818585,-18.95334227991054,-55.22457688064621
112.60000000000001,-19.54332787324338,-53.94500800675689,-0.0006336933192691776,-0.0021398017572551737,0.0016005788286454303,5.958048003836793,1.6171801836951452,-0.17733238868263507,0.0022688944435570835,0.0039889094246674675,-0.006435079319970217,0.17004464364040373,1.0,-1.0,82.09698329523357,64.22288037854211,-18.8211171606672,-55.29540407509791
112.7,-19.396325693832125,-54.01246892033753,-0.0005784077942564661,-0.0014233188912390756,0.0006553034234177042,5.97275804366551,1.5984498151038151,-0.1807786569166944,0.002349149622565625,0.008860620514474442,-0.011347468167868295,0.13067785594550002,1.0,-1.0,67.84383001736079,70.6357843008471,-18.688627369773947,-55.365734928511465
112.80000000000001,-19.251103553343818,-54.07733991309502,-0.00031195322423965653,-0.0003450251201903814,-0.0004951154235361598,5.983155716850239,1.5669678605404251,-0.1810935910446487,0.0030964546361136307,0.011614372167057739,-0.011129233831137583,0.08565437225886313,1.0,-1.0,54.96010834951348,76.43254152409888,-18.555874770366287,-55.4355684518604
112.9,-19.108575913345604,-54.13980435973147,0.00015246638381492654,0.0008138434212134439,-0.0014055238405734066,5.988852066183511,1.531519098632118,-0.17818445236605476,0.003257459218511691,0.01127379472337459,-0.007521474923571855,0.03744748251569618,1.0,-1.0,43.31424439376352,81.67235093219678,-18.422861229275462,-55.50490366311193
113.0,-18.969002206217127,-54.20026700005569,0.0006361094931298287,0.0018103371323760545,-0.001912204201648014,5.989533636740196,1.4978679187649662,-0.17202797252784255,0.0019113128015965067,0.008977882926902306,-0.0035058712949748317,-0.014131726034519636,1.0,-1.0,32.787305767457624,86.40872362744476,-18.289588617002195,-55.57373958724081
113.10000000000001,-18.832192857128913,-54.259269152208965,0.0009440022827754026,0.0025524609211951483,-0.002057572134770899,5.98488247471817,1.4699807081210752,-0.16268940221924738,-0.0005528028878388664,0.006172090256329085,-0.0003845624980570034,-0.06795743747573899,1.0,-1.0,23.27178701650249,90.69002940807509,-18.15605880769041,-55.64207525624297
113.2,-18.697658922176164,-54.31746127391463,0.000991326764544153,0.002998199496623613,-0.0019216392642484625,5.975064863623185,1.4504082083591072,-0.15073069466064531,-0.002955547066778274,0.002937663240541457,0.0020019331407200897,-0.11734404295483128,1.0,-1.0,14.67051172517379,94.5599907406469,-18.02227367910084,-55.70990970914921
113.30000000000001,-18.564727272397477,-54.375539320281305,0.0008180856778796427,0.0031203319114055652,-0.0015543633365536925,5.960820249432923,1.440414118042793,-0.13688645544289063,-0.004325174182020488,-0.0002875745357649779,0.004012039263057646,-0.15789169100400333,1.0,-1.0,6.895640110339795,98.0581292719704,-17.88823511258466,-55.77724199203865
113.4,-18.432662981372125,-54.43417779063044,0.0005251031718595548,0.0029564923183369772,-0.001007666673214775,5.943156629932308,1.4396041895371618,-0.1219235455864552,-0.004418170339618748,-0.0028182274735366933,0.005395818097820286,-0.18754928488499478,1.0,-0.4096379280090332,11.11103319667745,100.05600830080645,-17.753944993056994,-55.84407115805216
113.5,-18.30097765357583,-54.49392406356757,0.0002042546283817639,0.0025875607754368628,-0.0004200127474128716,5.9232728009818825,1.4428569870986407,-0.10674309156242491,-0.0036340689348358475,-0.004433990577964903,0.004894527758786509,-0.2044726216757148,1.0,0.10791105031967163,19.93892730842982,98.6735641107048,-17.61940520897044,-55.9103962674057
113.60000000000001,-18.169646820159937,-54.55508452168793,-7.293437371286667e-05,0.0021209650443928213,2.9804896190259808e-05,5.9023812460230385,1.4477780038411487,-0.09202849555471015,-0.0022845517043729897,-0.004619884218153282,0.0034972089166012744,-0.21106769845707365,1.0,-0.06084093451499939,26.66156094865503,98.76908617130655,-17.484617652288495,-55.97621638740352
113.7,-18.03899004870712,-54.61772534244798,-0.00025914467336338875,0.0016607253924841585,0.00019603988815693101,5.881529315541559,1.4411864456368078,-0.07858866650225968,-0.0010729223013374231,-0.004934694044127589,-0.0013115905761863405,-0.2034957459484073,1.0,0.7658084034919739,36.41416415991672,84.88079843180645,-17.34958421845895,-56.04153059245126
113.80000000000001,-17.910931798003904,-54.68112218772009,-0.0003151780998963091,0.0011107112641054752,-0.0002251321969929998,5.862370067790356,1.418283178056277,-0.067447235689559,0.00019774693332294448,-0.005542625037792266,-0.005518114363849231,-0.1836937439981782,1.0,0.43702563643455505,44.43298156419509,81.20128700427793,-17.21430680638725,-56.10633796406899
113.9,-17.785519040410733,-54.74509153366481,-0.00014913222664557775,0.0006262137636276576,-0.0006936124542602306,5.845211884140359,1.3990114185364582,-0.058126417352938387,0.0016518117903873504,-0.004356430771768033,-0.003989690950479746,-0.16327110520204396,1.0,0.49592137336730957,51.87343401761866,76.8875743194024,-17.078787318409766,-56.170637590904114
114.0,-17.662227393621784,-54.809669080683975,0.0001592064177232301,0.0003446267213572458,-0.0008756258169075665,5.830004452345628,1.387115113701271,-0.05019571387375076,0.0020518634308864673,-0.0017061531839588162,-0.00025534401865655125,-0.145857888675613,1.0,-0.1178629994392395,55.03085982406972,79.46023782302956,-16.943027660267063,-56.23442856874419
114.10000000000001,-17.54002152150967,-54.8751449111992,0.00042248997002970864,0.00036695096196902316,-0.0006972889687630464,5.816206944693783,1.3855485028461327,-0.04302423075487455,0.0009447238048704101,0.0010505614726362222,0.002685706579818769,-0.13242376796548722,1.0,0.3100973963737488,60.7537041499562,77.9843495617034,-16.807029741077105,-56.29771000052964
114.2,-17.418510816163348,-54.94159308452298,0.0004733235261997631,0.0004828536535635474,-0.00046544711779322593,5.804092019821639,1.381668151692915,-0.0371816963509072,-0.001173092425454606,0.0004776644743431711,0.0011825385642300107,-0.11176053084304889,1.0,0.7000475525856018,67.11870976874161,66.9719062246637,-16.67079547330838,-56.360480996366384
114.30000000000001,-17.298217235608877,-55.00861199482864,0.00032502264682421177,0.0003586360944917574,-0.0004779259680774761,5.79456009023962,1.3745226090836862,-0.03320728243944912,-0.002467789787310527,-0.0024082149564072252,-0.0003655042991929638,-0.08460631937170328,1.0,0.3960292935371399,72.0382015984159,65.60540833549936,-16.53432677275304,-56.42274067353831
114.4,-17.178447128395835,-55.076321417015684,0.00015552482342227376,2.6202143280663583e-05,-0.000386898692154247,5.787511557734758,1.3775956205262967,-0.030526259809241677,-0.0020603740504575793,-0.0035597698933483995,0.0020672726850584945,-0.06235918468098629,1.0,-0.11537474393844604,73.28069356850422,69.24601749811329,-16.397625558499936,-56.484488156519745
114.5,-17.058267536540214,-55.14499428433074,4.183249219975291e-05,-0.00029241953898672584,-1.9236920708916636e-05,5.7823685227503825,1.3885621803206414,-0.028853369502367613,-0.0011430401849195436,-0.0029930265391162544,0.004446009142027138,-0.043550308907686616,1.0,0.4517107903957367,77.80769459120738,66.8404756213008,-16.260693752907642,-56.54572257698773
114.60000000000001,-16.937198410304912,-55.21474746130533,-5.881339955092689e-05,-0.0005809680101417947,0.0004416511205992762,5.7793764725807,1.4028944099147853,-0.028686880762539106,-0.0006034446178401797,-0.0029025726187409916,0.004444335599950229,-0.02016577864628443,1.0,0.5008970499038696,82.0566145401953,63.81212686601969,-16.123533281577412,-56.60644307383422
114.7,-16.815088054023857,-55.28549728548277,-0.0001869928367601987,-0.0009266764772934224,0.0007609706310005437,5.7791319568553075,1.4152101335701184,-0.03050824489995483,-0.0004065396265454475,-0.004095580203702605,0.001975460959415377,0.010930822785973196,1.0,0.666153073310852,86.30921253974734,54.74523717239427,-15.986146073326118,-56.66664879317825
114.80000000000001,-16.692263766549708,-55.35683384690217,-0.00031541843510765827,-0.0014620861029606604,0.0007907450325140939,5.782556926384272,1.42314375170953,-0.034867664092011495,1.7855301138952178e-05,-0.006177164232590779,-0.0006000248319129298,0.050332821044408116,1.0,0.5974335670471191,90.0016795954421,48.713643760696705,-15.848534060159112,-56.72633888837787
114.9,-16.568689450800843,-55.42842491975616,-0.0003656792424955531,-0.002143207278938544,0.0006890397153156941,5.790069642875364,1.4303866026672363,-0.04164826515863697,0.0008517454259442631,-0.007107325331387061,-0.0013588755435192514,0.09168479112230037,1.0,0.6625615358352661,93.48362933323799,41.16750863449658,-15.71069917724306,-56.785512520042104
115.0,-16.444252928801045,-55.49991045070537,-0.00031661560898267187,-0.0028011935201378703,0.0005849028184848947,5.801620313274822,1.4369377412836009,-0.05053541150973515,0.0015466949890385222,-0.006079980002370523,-0.001229061254941038,0.1308108314417133,1.0,0.6934374570846558,96.69161095227723,33.79698921068687,-15.572643362878733,-56.84416885604273
115.10000000000001,-16.318730744943874,-55.57096104369506,-0.00021123569176077685,-0.003248336518803092,0.0005317311232187707,5.816760612270272,1.4443265493899857,-0.06095597523607152,0.0017014899541762608,-0.003388639706584498,-0.000816231737322254,0.16422728278527254,1.0,0.6943343877792358,99.59306157033598,27.120203797359583,-15.434368558473746,-56.90230707152599
115.2,-16.191713503834592,-55.64134579783455,-0.00011313063381364459,-0.0033757309824985564,0.0005554711337661853,5.834754968719054,1.4556636421224662,-0.07218452698220269,0.0013701649822060516,2.682262244441808e-05,6.78838164898266e-05,0.18896968580135684,1.0,0.4411720633506775,101.55606652967734,28.92682892094438,-15.295876708515252,-56.95992634892419
115.30000000000001,-16.062570606818333,-55.710973360571785,-7.233854071308951e-05,-0.0031987840422215107,0.0006803031232420785,5.854717072051148,1.4714972918418157,-0.08369196371828272,0.0007685405322843715,0.0024184850217483546,0.0007694836411724005,0.20622291984783878,1.0,0.6150755286216736,103.82502653655214,24.503202072609337,-15.157169760542617,-57.017025877967185
115.4,-15.930953843654303,-55.779671341992504,-0.00011263537759231569,-0.0028950261576521524,0.0008244122708124451,5.876058072905949,1.4891498796121807,-0.09517166118173138,0.00021467703942648256,0.003088465826724262,0.0007698577644308607,0.21678975129157751,1.0,0.07772579789161682,103.54290738792025,30.64407886853313,-15.018249665120004,-57.0736048556938
115.5,-15.796589698986715,-55.847264963409245,-0.00020737698879551135,-0.0025690581735787594,0.0009562939605780114,5.897895220654413,1.5083760498156042,-0.10609456547216906,7.0014307699307e-05,0.002965929602035667,0.0006530487229824748,0.2183664214455951,1.0,-0.0559423565864563,102.27387880431012,37.241212811761656,-14.879118375808972,-57.12966248646308
115.60000000000001,-15.659421331242259,-55.91359669240131,-0.0003118636091491974,-0.0023441777555666225,0.001048141343419681,5.919744775562404,1.5262710399497472,-0.11675090081632578,0.000312923463214935,0.0009865689411052117,2.8199767544154772e-05,0.21971780565359916,1.0,0.83976811170578,104.43738421219523,28.503045077948084,-14.739777849140976,-57.18519798196552
115.7,-15.519798968574234,-55.97842442548796,-0.00038707366814981156,-0.002392928978995601,0.0010303405669282735,5.941911457685919,1.5400545513592352,-0.12746264586671213,0.0007803944792387419,-0.0016812533160006874,-0.0009599354735621605,0.2224539258695147,1.0,0.37741485238075256,104.20363449077242,31.083887376035104,-14.600230044589884,-57.240210561234136
115.80000000000001,-15.37771959615483,-56.04161505877562,-0.0003952387645786924,-0.002612781234951071,0.00100653981697829,5.964144944978974,1.5558066715608276,-0.13793932687022176,0.0014093443884527596,-0.0026573376610518704,-0.0005082489633354412,0.221820258848148,1.0,0.1559324860572815,103.97492380342399,35.88549281282145,-14.460476924544391,-57.29469945065544
115.9,-15.232954990558168,-56.10314231434883,-0.0003518061582070863,-0.0028093431403892507,0.001055189805834774,5.986085172616942,1.5733880608885675,-0.1479877000207514,0.001735207022321676,-0.0015943245315211889,3.41250595781175e-05,0.21702079298468177,1.0,-0.11486941576004028,102.11369118367627,42.37830318632282,-14.320520454280452,-57.34866388398031
116.0,-15.085466061762274,-56.16294595933929,-0.00031000528477240756,-0.0028115449694402187,0.0011165651787241615,6.007273492393252,1.5913961092990179,-0.15732512995393216,0.0016287551790300015,0.0006855586155559186,-3.0183202536199006e-05,0.2080984700420436,1.0,-0.10691281408071518,100.54245643312673,48.195532933165325,-14.180362601933616,-57.4021031023348
116.10000000000001,-14.935168195400012,-56.221035018723114,-0.0002990023633559647,-0.002637277753026528,0.0011694570105838045,6.027620975784733,1.6112815990045843,-0.1661726051815639,0.0013955886334048521,0.0016490825083147929,2.3279574184097643e-05,0.20156650947246213,1.0,0.5012308359146118,102.6080442615115,46.95216044050431,-14.040005338471378,-57.45501635423078
116.2,-14.782347820813,-56.27731707306595,-0.0003285520354123052,-0.0024238738555623775,0.001107634016094554,6.047271201764915,1.6215345131629413,-0.17420028703449247,0.000954706563066946,0.0025748316817196604,-0.0027195520715410627,0.19026966579790566,1.0,-0.6074764728546143,91.40796365757734,54.44980753154025,-13.899450637665439,-57.50740289557652
116.30000000000001,-14.629130110567653,-56.3312400579879,-0.00036588244992720806,-0.0019471487858686075,0.0005427302609494135,6.064689338946691,1.606286477212848,-0.17982643003529583,0.0006514049390675801,0.006209935531384851,-0.008322824205970218,0.16130204441446477,1.0,-1.0,76.26021880547971,61.80170050580073,-13.758700476063963,-57.559261989687144
116.4,-14.477886546066516,-56.38248530097108,-0.00026932763298777844,-0.0010929162793553802,-0.0004652866465999306,6.078496005963957,1.5716874548081063,-0.18249277099613564,0.0012192700098721788,0.009837399505387763,-0.01094625119888365,0.12168378006673201,1.0,-1.0,62.56785720904852,68.4472294610826,-13.617756832963778,-57.61059290729499
116.5,-14.32996424617358,-56.43117595166276,5.4025061729658994e-05,-2.063509576111255e-05,-0.0014609844753389297,6.088038363636641,1.529376620699607,-0.18208464591541065,0.0020443670617993665,0.011068749472277133,-0.008934742161457688,0.07747540961290664,1.0,-1.0,50.19104680472872,74.45426128949846,-13.476621690382544,-57.661394926559886
116.60000000000001,-14.185842873255758,-56.47767758019931,0.0005130390414188334,0.001016577444534564,-0.0021208500258251013,6.092981809987674,1.4867848279193598,-0.1786195740213359,0.0018058315644197875,0.009783885997733319,-0.004949688605347223,0.030364897484949464,1.0,-1.0,39.00339048221344,79.88414228624308,-13.335297033030876,-57.71166733307927
116.7,-14.045421215105081,-56.52246823555591,0.0009074340032704027,0.001853942724451561,-0.0023901872266887093,6.093021684136036,1.448865928367277,-0.17212249613044575,9.884885992997029e-05,0.007409940396889227,-0.0013161006047414242,-0.020097482145396584,1.0,-1.0,28.890635264840878,84.79232464334964,-13.193784848284443,-57.76140941989824
116.80000000000001,-13.908202249554666,-56.566094402145445,0.001082536519115488,0.002464846840784626,-0.002340567323146464,6.087874998839233,1.4189726455491394,-0.16271267423717653,-0.0022700566677157784,0.0050178215266281755,0.0014154229766608468,-0.07214372824995668,1.0,-1.0,19.749505510910105,89.2289327504251,-13.052087126156005,-57.81062048751954
116.9,-13.7734363660894,-56.6091623531066,0.001009431700775748,0.002831948082613494,-0.0020389904792182585,6.0777689906931185,1.3990803472990088,-0.15094657398336722,-0.004138909470877141,0.0023589557592281797,0.0035846589994598154,-0.11936285064513437,1.0,-1.0,11.486648220084811,93.2392750856621,-12.910205859267448,-57.859299843913334
117.0,-13.640238960980225,-56.652289809777095,0.0007598809889678825,0.002929941891341835,-0.0015290877220877355,6.063445203023529,1.389919356516439,-0.1374934469982408,-0.004835591608736295,-0.00033921163832201044,0.005353242438013382,-0.15791251316767016,1.0,-0.9367479681968689,4.439329130467474,96.80827793890127,-12.768143042821748,-57.90744680452698
117.10000000000001,-13.508546179805936,-56.69589010382174,0.0004174004939950763,0.0026901810628000592,-0.0011020452882842685,6.046310206049492,1.3699850300576113,-0.12388103995065668,-0.004894658177197375,-0.004717903585689881,0.0011273931655899378,-0.17554669664087447,1.0,0.8722801208496094,16.47141130353083,82.06209229363446,-12.625900674574922,-57.95506069229462
117.2,-13.38078641109691,-56.73969327842854,0.00010422229844124302,0.0019325691098636424,-0.0013372370740419247,6.028934930263202,1.329497723973336,-0.11206759133937111,-0.0037960591737011434,-0.009307172871766018,-0.004283117454059877,-0.171584633270192,1.0,0.4832012951374054,26.559039048642596,77.89760245477598,-12.483480754807928,-58.00214083764676
117.30000000000001,-13.25747306797037,-56.783585156186604,4.4219037935134375e-05,0.0009472211234644593,-0.0017623742224052317,6.012438535871787,1.2869699352723654,-0.10220649203678418,-0.0014533867727198886,-0.010231996856900885,-0.00443962976885554,-0.15909002636502245,1.0,0.6152521371841431,36.03405913269952,68.762548366641,-12.34088528629854,-58.048686578519636
117.4,-13.138815429335693,-56.827419202997625,0.00025187055019627093,7.586710970574327e-05,-0.0020720149218517166,5.997585398588884,1.2456973734977663,-0.09442452256336364,0.0003736479126468959,-0.007648506919710594,-0.001816571551198682,-0.14171293649000566,1.0,0.3714948892593384,43.84433382568887,67.55324179457973,-12.198116274293188,-58.09469726036451
117.5,-13.023776923435905,-56.87131609945757,0.0005762737535354188,-0.00035705850909818006,-0.001996694806099575,5.984323625066059,1.2182954135875395,-0.08793956382144456,0.0006370595053451326,-0.0023642519551458976,0.002499974538450211,-0.12722962683990235,1.0,0.044623732566833496,49.092243110844315,69.83562793479949,-12.055175726478744,-58.14017223615696
117.60000000000001,-12.910944739504362,-56.91553313043012,0.0007892191112994893,-0.00027176588511687783,-0.001577674224318868,5.972352832399817,1.2039409409154356,-0.08224319349295209,-0.0008299016496899386,0.0022462672885659725,0.004962760856522646,-0.11436445221350632,1.0,0.3543342649936676,55.57789375989419,68.74428749784252,-11.91206565295431,-58.18511086640585
117.7,-12.799329021107306,-56.960261027568556,0.0007489045273153245,6.554982506910863e-05,-0.001067932097013943,5.961835780889881,1.1980202871960863,-0.0774120597228375,-0.0028439798203336673,0.003368217684120403,0.004998633909942385,-0.0985387537475745,1.0,0.44582730531692505,61.785813438803984,66.47956102363212,-11.768788066202935,-58.22951251916246
117.80000000000001,-12.688097082842505,-57.00565246067552,0.00049480582061918,0.0003257952368168763,-0.0005723599652265118,5.953002294878013,1.2013209308972714,-0.07340852292890754,-0.0038511369501563752,0.0018075181567929477,0.005107038108907736,-0.08195988549960591,1.0,0.1061050146818161,65.73309313534361,68.33922668585537,-11.625344981063325,-58.27337657002927
117.9,-12.57621277278736,-57.051931890097876,0.00016574007868031424,0.0003668536902374927,-1.275301314950612e-05,5.9457379723966595,1.2145367438051324,-0.07014704459412394,-0.0034298231063462636,-0.0006711367307181174,0.005817822170035434,-0.066119476800062,1.0,0.3471080958843231,70.58967367205115,67.48269506603754,-11.4817384147015,-58.316702402168794
118.0,-12.462887131358906,-57.09928417344711,-0.0001349392097338501,0.00015270766808096563,0.00058932536529246,5.940150094159791,1.2351750755484752,-0.06786767573600236,-0.0021555374544267284,-0.002941475626640527,0.0060754552057805744,-0.049106294747374754,1.0,0.22178351879119873,74.3802696705368,68.13284486338387,-11.337970386582427,-58.35948940631223
118.10000000000001,-12.347367659445837,-57.1478820736389,-0.00036500697027389185,-0.00020022841772399889,0.0011829596434684677,5.936220361948984,1.2632816980257173,-0.06650533783456765,-0.0006708789483495704,-0.003613161192976666,0.005756082350785456,-0.032989645367983204,1.0,0.12716147303581238,77.25318381041085,69.64341492276242,-11.19404291844164,-58.40173698076803
118.2,-12.229041625723722,-57.197851985774385,-0.0005325613793323885,-0.0005429084098482075,0.0016833900352421884,5.933927005055176,1.2958457674304473,-0.06615550720019632,0.0005494408166757431,-0.0032759972008226212,0.0043009105853238595,-0.01546554859358146,1.0,0.45704948902130127,81.41639118836495,67.1141934636334,-11.049958034256784,-58.44344453143037
118.30000000000001,-12.107688695103379,-57.24918146068694,-0.0006562183726950396,-0.000866797246216715,0.001985032078478261,5.933712829091621,1.3294588026943852,-0.06722624508451115,0.0014687992529255286,-0.0032715852831896887,0.0021817847594639973,0.007437283903964851,1.0,0.4701958894729614,85.22272993054584,64.61093752124235,-10.905717760219167,-58.484611471787524
118.4,-11.983100712320468,-57.30179024095196,-0.000728951588068001,-0.0011985986042035012,0.0021207042714704296,5.9360132133907735,1.365298516560547,-0.06981174597093938,0.0022993670488205423,-0.003366281813639776,0.0009715241324230706,0.03338783922502153,1.0,0.32106339931488037,88.09402836245965,64.43150845889294,-10.761324124705268,-58.525237222930066
118.5,-11.854886810493003,-57.355577328181354,-0.0007459502091774536,-0.0014740472054164684,0.0022082615231869885,5.940722727816709,1.4043546484091698,-0.07345214381796569,0.002980501740457393,-0.0022144042456366127,0.0007730984571848642,0.05482983140937751,1.0,-0.13355949521064758,87.62788526858115,68.30060473274894,-10.616779158248209,-58.56532121355904
118.60000000000001,-11.722697591708503,-57.41039054605207,-0.0007326552721906494,-0.0015596547379112633,0.002295834724722819,5.947133032365225,1.4457209260214177,-0.07765892194400635,0.0033377296665250957,-0.0003440328241205536,0.000776133371494337,0.07030865699343544,1.0,0.29704079031944275,90.15876000175534,68.04912525719155,-10.472084893509194,-58.60486287999397
118.7,-11.586250588788607,-57.466102945870915,-0.0007237107058486915,-0.0015191732014312189,0.0023845461420938002,5.955023273304019,1.4892216714745055,-0.082501372287165,0.0034078086393333493,0.000508910126657883,0.0007708960717706586,0.08408304547765749,1.0,0.11967819929122925,91.46799584324036,69.63595698744216,-10.32724336524894,-58.64386166618085
118.80000000000001,-11.445381018836413,-57.522546221646515,-0.000741603811987014,-0.0014666331105303437,0.002441527331774651,5.964222274388113,1.5316395833270617,-0.08800607465935853,0.0032925952514264224,-0.00018491088235168444,-2.681166833037261e-05,0.09806903274934724,1.0,0.5523946285247803,94.55072879708106,65.1671763424165,-10.18225661029905,-58.68231702369988
118.9,-11.30036582911108,-57.579419159784415,-0.0007800925987181975,-0.0015872376264603162,0.0023828627727269006,5.975062927122531,1.570395588786342,-0.09457756065803541,0.0032615137930916043,-0.0023528657243969747,-0.0010882396570405068,0.11533208023486191,1.0,0.4611873924732208,97.06571433466007,63.000747701330766,-10.037126667533373,-58.72022841177322
119.0,-11.151269364506806,-57.63644212557158,-0.000797004880141605,-0.0019010086474713084,0.0022853082411563174,5.987604878259692,1.6083662647002674,-0.10213818208877382,0.003508909106935297,-0.003993317444396478,-0.0011446015454691994,0.13192704180069054,1.0,0.4338303804397583,99.24601899441596,61.47185729876848,-9.891855577839344,-58.75759529727262
119.10000000000001,-10.99802178547528,-57.693355295301096,-0.0007741965944342507,-0.0022787898836017866,0.0022309325275245186,6.001616589168602,1.646694009431056,-0.11044452666043543,0.0037992829346764445,-0.0038402181031074113,-0.0005525649844788956,0.14467381860651612,1.0,0.1785460114479065,100.04168238074716,63.1354868491653,-9.746445384089263,-58.79441715472686
119.2,-10.840444267075197,-57.74993542882925,-0.0007326842050172219,-0.002529573706354062,0.002248491082943132,6.01657813352087,1.6860738772965314,-0.11912374091903324,0.0038751963995881547,-0.0020858295480776,-1.6583376105334187e-06,0.1525217281014278,1.0,0.25636982917785645,101.18263098046629,63.83588078235154,-9.600898131111585,-58.83069346632916
119.30000000000001,-10.678428022059956,-57.805981146550344,-0.0007097086043174074,-0.002591148603524077,0.0022937482093052333,6.032175984819507,1.725686634352489,-0.12805184692220428,0.0037048414261043427,-0.000300895618165444,2.5404277716377587e-05,0.15804797862775236,1.0,0.2639516592025757,102.25189974794063,64.38605743688797,-9.455215865662156,-58.86642372194451
119.4,-10.511930631396332,-57.86129276464109,-0.0007213520075051695,-0.0025226055744887745,0.0023233505000702062,6.048235248753514,1.7651038517354376,-0.13711009749045916,0.0035055849249046333,0.000571091672381387,-0.0002223021406980736,0.1621370982888334,1.0,0.26678454875946045,103.23247091286188,64.85216086673529,-9.309400636395432,-58.901607419116765
119.5,-10.341040010663628,-57.91564307520558,-0.0007567607485598312,-0.002392654082206621,0.002304040279565765,6.064446718330631,1.8018032694817345,-0.14587828541268053,0.003419950071642378,0.0013364738173759561,-0.000979947833949007,0.16049980458616092,1.0,-0.2835819721221924,99.77853683864494,69.50775210595752,-9.163454493835676,-58.93624406307576
119.60000000000001,-10.166114976337695,-57.9687851943607,-0.0007855504433795653,-0.0021605124792945236,0.0022036491715102897,6.080013768252046,1.835489469855812,-0.1538161972996536,0.003591852409840699,0.0022285765388478014,-0.0014171960558825504,0.15236551053571384,1.0,-0.015304885804653168,99.20036851511516,72.07375942332524,-9.017379490348107,-58.97033316674428
119.7,-9.987255738717135,-58.020651942109254,-0.0007748317988558346,-0.0019024980052866284,0.0021120588409041068,6.0946871711488395,1.8687089202768319,-0.16099478993254998,0.003929264188726147,0.0022342972883623692,-0.0010847273742428196,0.14253691532515458,1.0,-0.1620531529188156,97.39894023438204,75.38297856769755,-8.871177680110057,-59.00387425074485
119.80000000000001,-9.80473157404856,-58.07118121479387,-0.0007352179059099507,-0.0016446848942533,0.0020114481975574685,6.108108897585788,1.8976647325087312,-0.16702018149705805,0.0040278084568496466,0.0024883539329102885,-0.0015847886782622935,0.12760082132899478,1.0,-0.4338676333427429,92.5645370066947,79.64667376939188,-8.724851119082073,-59.03686684340653
119.9,-9.619095371026683,-58.12033495668399,-0.000682055851094311,-0.0013534945768864319,0.0018362346187118484,6.1198128365077595,1.9231947717004494,-0.1717202802169005,0.003972370412510552,0.002590728982355742,-0.001896436263758865,0.11068177880020112,1.0,-0.010945271700620651,92.71369966815149,81.20559216305676,-8.578401864979009,-59.069310480771534
120.0,-9.430487595341601,-58.16823287642372,-0.0006129632010033649,-0.0011027626136031528,0.0016740097308115623,6.129914831639756,1.947304022462947,-0.17525666659850797,0.003826770987668722,0.0023268385794127364,-0.0018207276772809725,0.09367876646794682,1.0,-0.44286343455314636,88.19205495502938,84.94107278355249,-8.431831977241085,-59.10120470660175
120.10000000000001,-9.239848965222507,-58.21485463357472,-0.0005519546318951836,-0.0007576110175999369,0.0013528873623064974,6.137706017800093,1.9556086894760307,-0.1765448075079062,0.0032337397445251926,0.004532567921436182,-0.005009286463923086,0.06479410028966269,1.0,-1.0,73.3532920486365,89.36338928783978,-8.285143517004935,-59.13254907238514
120.2,-9.049501465118798,-58.26009618921455,-0.0004658942324600724,-3.3742084602982866e-05,0.0005909507214753569,6.14165190475082,1.9419003013704257,-0.17421800719625116,0.002718708489212657,0.00905380545841561,-0.009012244559443534,0.021075305004400052,1.0,-1.0,59.940225658763566,93.36081314609696,-8.138338547074612,-59.16334313734209
120.30000000000001,-8.861054070935356,-58.3041742254872,-0.00024090098847156618,0.001119230335022765,-0.0003524617456831487,6.1406305219960124,1.9175496688623856,-0.16755729725717777,0.0027735606220053617,0.012935992231377843,-0.009203568315737824,-0.03211648915687795,1.0,-1.0,47.81587600009833,96.9741677052001,-7.991419131892585,-59.193586468431555
120.4,-8.675271368853775,-58.347541808910755,0.00013433611464868395,0.002495684622780462,-0.0011169571782794177,6.134020801358595,1.8897872222595256,-0.15633399385163538,0.002588173211366937,0.013658336708835392,-0.00660038859613133,-0.08848647744917733,1.0,-1.0,36.85642419595584,100.24035403738553,-7.844387337510711,-59.22327864035721
120.5,-8.49226188284263,-58.39080546025354,0.0005332413904487202,0.003634687451787097,-0.0015265925615866429,6.122303835786777,1.865916620810227,-0.14170707257149032,0.0014148990340504513,0.008687986005675944,-0.0028879811500340403,-0.13322978940325078,1.0,-0.0016345828771591187,42.43034411335607,99.74957778452212,-7.697245231561175,-59.252419235573356
120.60000000000001,-8.311939544812397,-58.434561686406724,0.0007824880505998051,0.003915893692703091,-0.001689691004354776,6.1076780982139685,1.8377327452249432,-0.12646816482268652,-0.0010113471272037594,-0.0021651421190469512,-0.0028146340333357763,-0.15026470022313096,1.0,0.6280388832092285,50.40935136758136,88.10855900779127,-7.5499948832274155,-59.281007844290855
120.7,-8.135586247156532,-58.47893953496844,0.0008160951046369836,0.0030537691240076167,-0.0020265676140460874,6.0928831019045155,1.8000867441746746,-0.11307180520223473,-0.00334601908708848,-0.012616398668627467,-0.0039594724489006436,-0.14517398457206898,1.0,0.4183991551399231,57.01735175325548,84.39542727765127,-7.402638363215032,-59.30904406448288
120.80000000000001,-7.963389323486396,-58.52395127100857,0.0007696278196207753,0.0015107601226907914,-0.0023520647809735467,6.079279803666264,1.7587198965848299,-0.10240792401250189,-0.004360436448312297,-0.01709488177776322,-0.003730217273547881,-0.12749699894350586,1.0,0.8443698883056641,63.96390745060819,71.08482649528295,-7.2551777437226574,-59.33652750189055
120.9,-7.7964226335722095,-58.56929456497637,0.0007456016378302753,-0.00014819687244639645,-0.002739259825656835,6.068314807144338,1.7055269843615497,-0.09553703706259617,-0.0044454823649867385,-0.015994746818225658,-0.003951547885364624,-0.09648433061553009,1.0,0.8650758266448975,70.26842325775215,58.87109671437673,-7.107615098412823,-59.36345777002846
121.0,-7.6349542516799165,-58.61464050613591,0.0008231274640316713,-0.0013970768386785373,-0.0029895813376440176,6.060726382755347,1.6561449972714741,-0.09208170057209387,-0.0037868943245556756,-0.009885065123371825,-0.0007515485778744706,-0.06288840638852199,1.0,0.3527689576148987,74.71297309368887,58.85303915826152,-6.959952502382797,-59.389834490190175
121.10000000000001,-7.477628997724307,-58.6599195424554,0.0009716561911925213,-0.0018837461611341407,-0.0027645255998088166,6.056240196468638,1.6220515682351082,-0.09089533532471193,-0.0033827893178599447,-0.0018347158923630214,0.004219271596150698,-0.033191131696244054,1.0,0.31698307394981384,78.57583562321605,59.2755542410728,-6.812192032135403,-59.41565729145349
121.2,-7.323284228476611,-58.705062352706626,0.0010233132533321128,-0.00175121665979234,-0.0022405386351425755,6.05482144592862,1.5938929960074846,-0.09176757941274855,-0.004174521889685361,0.00246663503034145,0.005088355335223028,4.100977880920186e-05,1.0,0.8006505966186523,83.39248122770726,48.800446000576194,-6.6643357655498185,-59.4409258106857
121.30000000000001,-7.171828432378384,-58.74977202224074,0.0008779533765023427,-0.0015755211161132066,-0.0018561655836198145,6.05730914440849,1.5651526776251705,-0.09522036460927281,-0.005252461779436174,0.0007567778866667668,0.002978619509551563,0.04212082493529562,1.0,0.6572219133377075,87.49847224154516,41.353957161083315,-6.516385781852357,-59.46563969254866
121.4,-7.022716537062078,-58.793764549850984,0.000633604623069785,-0.001729867321712305,-0.0015730447249453453,6.064007498262575,1.5442622120766476,-0.10081181699568192,-0.005156577789585363,-0.002700294432257681,0.0030517038577653984,0.08217838980297203,1.0,0.2050304412841797,89.57306073272906,44.68642646191803,-6.368344161587222,-59.48979858950382
121.5,-6.87468971497071,-58.836879380015446,0.00041847329262261146,-0.0021102483076914703,-0.0011291853161148942,6.074078259195087,1.5356357835484462,-0.10760735659268872,-0.00403228018381983,-0.003936583301352493,0.005078701415734066,0.11169279576339597,1.0,0.19769969582557678,91.40744473567754,47.772734065575726,-6.2202129865872635,-59.51340216181708
121.60000000000001,-6.72660303380018,-58.8790001086448,0.00024956705558736643,-0.0024438696566352843,-0.0005137480957546879,6.086463001264497,1.5365083780703248,-0.11497458581279521,-0.002871845458418156,-0.002396535124561265,0.006162407270274843,0.13042818627670855,1.0,0.004970431327819824,91.79090051087955,52.27200671150034,-6.071994339944688,-59.536450077563615
121.7,-6.5777234682864085,-58.919993453975955,8.034152703705844e-05,-0.0024748964004416025,7.842878601081041e-05,6.0999756024221,1.5415180236166477,-0.12208239639078795,-0.0021344951561522987,0.0014103970160706581,0.00480001961571084,0.13620050211381704,1.0,-0.39595481753349304,88.04083853397577,58.6176745985015,-5.9236903059817685,-59.558942012632464
121.80000000000001,-6.42782622292267,-58.959728147950656,-0.00010115720275570791,-0.0021234034980091012,0.0004642242514480649,6.113527551407079,1.5493384114126008,-0.1285833412739488,-0.0014118995277649024,0.00431569962072494,0.0029360070230906423,0.13574180378593506,1.0,0.36156195402145386,90.81412813151465,58.5118974012078,-5.775302970221542,-59.580877650731175
121.9,-6.276329811422529,-58.99825255582203,-0.00024745281601649185,-0.001712014618692029,0.0007514048779597033,6.127275834878631,1.5638579640359611,-0.13504481138861046,-0.0003951535416849585,0.0034152710694799857,0.002516073731361794,0.13898406103851565,1.0,0.34287315607070923,93.24301636030202,58.65238385635325,-5.626834419358469,-59.60225668339019
122.0,-6.122680948076861,-59.03557279405108,-0.0003414187541069723,-0.0015451505076369144,0.0010186777312633116,6.141509857081388,1.5828455424152255,-0.14169658233364707,0.000542659423640782,8.531839551478078e-05,0.0023250927785897894,0.14506993138040408,1.0,0.4777333438396454,95.93722054823412,56.833065470428146,-5.478286741229103,-59.623078809967225
122.10000000000001,-5.9670484548102145,-59.07153428773514,-0.00041109899333338705,-0.0016394650760806126,0.0011132748760714069,6.156022441885761,1.5925264874967167,-0.1479429389918223,0.0008703280164559956,-0.0009895773364452874,-0.001208385651677819,0.14161214205428005,1.0,-0.6584081649780273,83.93746757691953,63.49331279498787,-5.329662024782717,-59.643343737651456
122.2,-5.810887495800035,-59.10585237653701,-0.00044027680933960057,-0.0016134181759637188,0.0007958469384156844,6.1693589114266745,1.5923650952855737,-0.15302706268038058,0.0013033676518422407,0.0005575093763221242,-0.0038587887445054626,0.12943669816804276,1.0,0.3917420506477356,87.2246423046419,62.51977934272627,-5.180962360051938,-59.66305118146769
122.30000000000001,-5.653873035358277,-59.138688317048015,-0.00033968341144712856,-0.001560190420588376,0.0005506566665826909,6.1820412891625125,1.6003034754791865,-0.15806211823703034,0.002169056026707924,0.00020071507982560494,-0.0015113409465203386,0.12577221877144174,1.0,0.29165858030319214,89.76904392936312,62.88558127908464,-5.03218983812335,-59.6822008642803
122.4,-5.4953131409007545,-59.17016046902546,-0.00016830454339169506,-0.0016054145722046852,0.000591429116608573,6.194637228355978,1.6146110330993237,-0.16319166503049096,0.0023062643481276345,-0.0010765301005043763,0.0011679870925765867,0.1266319814515094,1.0,0.3471369445323944,92.31639104868712,62.5526704374495,-4.883346551108091,-59.7007925167972
122.5,-5.334797517732531,-59.20027009916469,-6.507575717976756e-05,-0.0017369932640630202,0.0007758668828910792,6.207287415257597,1.6312445284236914,-0.1681904207887584,0.0014179088666677732,-0.0011844707555557577,0.0015687414808805366,0.12492172788556742,1.0,-0.35024699568748474,89.11675205892625,67.72801022294472,-4.734434592112433,-59.718825877573586
122.60000000000001,-5.172228923016104,-59.22896209018397,-9.482731263113638e-05,-0.001760827644307038,0.0009192539243548281,6.219389650939617,1.6498542341980305,-0.17263697431307928,0.0004161299134732559,0.00011473666755916755,0.0011337020657226557,0.11897738691840865,1.0,0.18337944149971008,90.91357034838643,68.74304430232452,-4.585456055208344,-59.736300693015615
122.7,-5.00761884917879,-59.25623566832841,-0.00021744898524853464,-0.0016251842931833012,0.0009578364006553549,6.230715150139285,1.6628961303509964,-0.1762462381440854,-0.00013971164755209847,0.002495186558334717,-0.0011158796554767434,0.10679083959568239,1.0,-0.6338717937469482,79.96202011991767,74.20682602609702,-4.436413035404045,-59.75321671738398
122.80000000000001,-4.842614741657453,-59.2820041038696,-0.00034772493509002624,-0.001094182737846698,0.0005976442190399364,6.239764467512544,1.6564730545841673,-0.17746496307307358,-3.058602152668756e-05,0.007217372377244402,-0.005479192782419067,0.07750290563145931,1.0,-1.0,65.91399240279057,79.66048040579284,-4.287307628614545,-59.76957371279737
122.9,-4.678974344163874,-59.30638140613866,-0.00033654111343936266,-0.00010571035547244783,-9.237963530091064e-05,6.245113745074393,1.6362253063834618,-0.17553702465440504,0.00100622794768727,0.011350127116236532,-0.0073997158364825415,0.036303186454559364,1.0,-1.0,53.215687995256566,84.59015201815927,-4.13814193163217,-59.785371449235804
123.0,-4.517606767089423,-59.32968260313125,-0.0001096979241210501,0.0011399349243485675,-0.0007654758978318521,6.245872755895439,1.6110594974810462,-0.17006942728668478,0.002128797159847905,0.012803622592430479,-0.0059627457227247205,-0.012457308235746213,1.0,-1.0,41.737426557189465,89.0461847099719,-3.988918042097076,-59.80060970454388
123.10000000000001,-4.358719145470715,-59.35232677238103,0.0002436579319746042,0.0023540972623116267,-0.00118752585710188,6.241462581957238,1.5872619000805874,-0.16095338016913555,0.002180979484762901,0.011174681719367759,-0.0031281446597664084,-0.06510334942964642,1.0,-0.7668589353561401,33.31650264614772,92.8065603590397,-3.839638058467751,-59.81528826443388
123.2,-4.202001706092065,-59.37481907053681,0.0005488982591260864,0.003172390944806725,-0.0013168063703262608,6.23223566622799,1.568912356297032,-0.14928660961516663,0.0008690177742444532,0.0052861906812349,-0.0005909694574617065,-0.10744560517261086,1.0,0.19826754927635193,40.559157684972355,91.26381578250302,-3.690304079991504,-59.82940692248879
123.30000000000001,-4.046977835452958,-59.39767406719821,0.0006718032749346067,0.0031897514053351415,-0.0012486720971905947,6.220046427045462,1.5552224797040675,-0.1371049283224047,-0.0011701117401016336,-0.0035850660256857275,0.0006284835079360381,-0.1288323974170946,1.0,0.38100123405456543,47.97237699535506,87.76698341603954,-3.5409182066749456,-59.842965480165226
123.4,-3.8932723692053965,-59.4212500724558,0.0005990636449391651,0.0024250634230832966,-0.001086888635971259,6.206642728693052,1.5472280550245876,-0.12552812885233813,-0.002733037050300241,-0.009868652202300765,0.0018527664695545257,-0.1367143966352273,1.0,0.013808168470859528,52.5961975613436,88.35464613312551,-3.3914825392544588,-59.85596374679619
123.5,-3.7401052796200056,-59.44579105050831,0.0004166606060381337,0.0013664454775955772,-0.000774887031924304,6.1928622182995205,1.5466873463871067,-0.1148972859926207,-0.0031939545186414984,-0.010665568409201107,0.0033386797915986675,-0.13723967227473974,1.0,0.3265383839607239,58.62642155786763,85.8280482904826,-3.241999179166654,-59.86840153959377
123.60000000000001,-3.587101954066185,-59.47145660099279,0.00020007002425764117,0.0004620011983973975,-0.0004099225868854216,6.179576799923016,1.5481104510967703,-0.10572456759750919,-0.002832621088334535,-0.007792114578249554,0.0034205468569540737,-0.12873736586920856,1.0,0.461225688457489,64.59311222640527,81.67591257651208,-3.092470228518818,-59.88027868365171
123.7,-3.4343854308455612,-59.49826938262521,4.95857803475527e-06,-9.393832027398623e-05,-0.0001616602587584477,6.167711692410119,1.5452489504660378,-0.09842110462152465,-0.0020571318022702756,-0.004300596842556279,0.0014470139745050353,-0.11032163343739912,1.0,0.599362850189209,70.37665965993025,72.91876025160776,-2.942897790059356,-59.891595011947864
123.80000000000001,-3.282469537555376,-59.52609120838657,-0.00011277958387787637,-0.0003707061717476426,-0.00012441676351020091,6.1581629766623625,1.5399301745293341,-0.0931960806006029,-0.0009173576958433778,-0.0018312468207288316,0.00020303223436173314,-0.08560188243773578,1.0,0.4089452624320984,75.03159117301612,70.80052779440165,-2.793283967148219,-59.90235036534656
123.9,-3.1308529935770872,-59.554781685639924,-0.00010936395678470478,-0.00045215992540761674,-4.150813677052826e-05,6.151080087391701,1.5416696322580596,-0.08963944177461287,0.0002899077923865036,-0.00031847855934247145,0.0014529363705701559,-0.0610564932582088,1.0,0.344946950674057,78.98565075980515,69.73451773848373,-2.643630863727326,-59.91254459260081
124.0,-2.9787673644802615,-59.584215585888096,-4.4565610724454384e-05,-0.00045423553367526966,0.00019380561472552972,6.146371550325327,1.5509117207854992,-0.08748444992069215,0.0008113087013873373,8.838123165260825e-05,0.0029372015282202553,-0.03825872757587862,1.0,0.14089220762252808,81.50207537810365,70.96427489093631,-2.493940584290977,-59.92217755035447
124.10000000000001,-2.825446526081908,-59.61427633757919,-2.068350096675101e-05,-0.00047287112864643176,0.0005230608399525982,6.143824568149994,1.5666370991735004,-0.08657111366929575,0.0005512238358195353,-0.0005520608068819506,0.003344969791244631,-0.016705601468154224,1.0,0.33449625968933105,84.78973888142973,70.01169277418997,-2.3442152338562607,-59.931249103144225
124.2,-2.670328056978661,-59.644841294097574,-9.353742415828066e-05,-0.0006028607873030626,0.0008367894093247191,6.1434372400910116,1.5874220383933113,-0.08693925112305896,8.483782191559066e-05,-0.001703375989784713,0.003014512684729662,0.0040975644107361445,1.0,0.027334094047546387,85.97729813321946,72.19799054303198,-2.19445691793345,-59.93975912340151
124.30000000000001,-2.513226317858104,-59.67573755476813,-0.0002467804959022981,-0.0008748808567858569,0.0010219777273440382,6.14524899458286,1.6037369489749684,-0.08893239474929572,-0.00020732969803780594,-0.0038791489733659397,0.0003934440198404477,0.029795757120985804,1.0,0.8868201971054077,90.1919020624819,59.6967459051443,-2.0446677424963937,-59.94770749145431
124.4,-2.3559368385695354,-59.7065268761141,-0.0004155290827795955,-0.0014652673033594295,0.0006705243074862299,6.150368566372716,1.5918843113920624,-0.09353194383885222,-0.00028692720972080824,-0.007119397762540715,-0.006983668491022149,0.06564263954642587,-1.0,0.7657605409622192,85.92441199585126,41.64698009023328,-1.894849813952904,-59.95509409552883
124.5,-2.201157967021406,-59.736518415158095,-0.0004185975335090741,-0.0022026013504558295,-0.0002672672720266929,6.158858603099619,1.563500639216584,-0.09989500084969985,0.0009164885416518532,-0.0069223062203272925,-0.009281814282398547,0.0960873398884797,1.0,0.03707081079483032,87.07450665697107,46.48004305906056,-1.7450052391151318,-59.96191883175107
124.60000000000001,-2.048194626153649,-59.765475945193636,-0.00010604548006113983,-0.002710415521642424,-0.0008311043116914331,6.169858724810727,1.5476615312078066,-0.10720637432448338,0.0026193583159235044,-0.003653403342532169,-0.00339653288085148,0.11910786467811722,1.0,0.5614169239997864,90.60321426423896,43.966504451846426,-1.5951361251699414,-59.96818160414829
124.7,-1.8967734735726178,-59.793196921039296,0.00030868988567161424,-0.002884691336501348,-0.0010086010169037271,6.183035098476017,1.522679228757745,-0.11529326449738822,0.0019153169684461993,-0.00030673553296717293,-0.0029424567294364812,0.13955636463368185,-1.0,0.761860728263855,86.25051912803676,27.434206959915514,-1.4452445796492777,-59.97388232465036
124.80000000000001,-1.7486583631407986,-59.819292705356716,0.0005745998900999453,-0.0027893297917437145,-0.0014398197296592926,6.1980654245175355,1.4848967439802805,-0.12372277739910971,-0.00029373435072829946,0.0017235725634872376,-0.005059401328828493,0.15775354482661855,1.0,1.0,90.54702507091287,18.433009677039898,-1.2953327104005294,-59.97902091309099
124.9,-1.6032843235888026,-59.843665809169295,0.0007172571927325918,-0.002626516739317405,-0.001736107594283508,6.214874550413855,1.4591521323754633,-0.1323549037794478,-0.0017841679915904236,0.0019169248739127488,-0.001831383105917443,0.17409974628482833,1.0,0.2992447018623352,92.80768021490712,22.947291299456158,-1.1454026255568879,-59.98359729720886
125.0,-1.4594487506114775,-59.86624975926357,0.000763080125355292,-0.0025086862268206395,-0.0016106871613429012,6.233067885112081,1.444012275109649,-0.1409697071225118,-0.0027617928208056005,0.0009907631334251693,0.0023220340790191755,0.18727254094373563,1.0,0.7474091053009033,96.17558735354339,16.565493000548933,-0.9954564335076997,-59.98761141264864
125.10000000000001,-1.3162859973505956,-59.886962055136806,0.0006836455645252439,-0.0025316955049180107,-0.001171475449181375,6.252526538178612,1.437111970981739,-0.14968941781351297,-0.003541232035918483,-0.0005033093594192956,0.004744850710727405,0.19892962948539467,1.0,0.43021360039711,98.4286874087531,19.55235061249965,-0.8454962428688202,-59.99106320296192
125.2,-1.1730375577803427,-59.90568338178469,0.0004770173353388725,-0.002629981470065962,-0.0006134736060222253,6.272816463064784,1.4360377379551874,-0.15816102415808653,-0.003952247907120716,-0.0006877042986149538,0.004887076609168578,0.20429621038933363,1.0,-0.11033883690834045,97.18087605695776,27.58504722741008,-0.6955241624529586,-59.99395261960793
125.30000000000001,-1.0293253719888673,-59.92229795158228,0.0001981280085614654,-0.002654281482908874,-0.00011856939635838933,6.293272016964941,1.439585964561317,-0.166193591019664,-0.0035813174051053183,0.0001411864348305519,0.004226075131160236,0.20480518470528197,1.0,0.3073577284812927,98.84150348041119,31.125476772583312,-0.5455423012400245,-59.996279621954315
125.4,-0.8844641925442424,-59.936739852847936,-5.889593990788507e-05,-0.002613687679711959,0.0003554187171852332,6.313779297601552,1.4507458916126093,-0.17400411763347853,-0.002406937293111083,0.0004940362392468098,0.004203916078659501,0.20516249027543199,1.0,0.24272477626800537,100.02809926999372,35.04841135380514,-0.3955527683474694,-59.99804417727763
125.5,-0.7378088194649925,-59.948915491592246,-0.0002491039471951272,-0.002563536936386657,0.0008226743532562843,6.334301692217915,1.468175295647392,-0.18161992223945067,-0.0010216148521144826,0.00021878899914582644,0.004045858317630943,0.2053789137640886,1.0,0.3398040533065796,101.55862761118452,37.481285980020886,-0.2455576730006279,-59.99924626076385
125.60000000000001,-0.5890426997606454,-59.95871077716833,-0.00038408782782503234,-0.0025198584496218227,0.0011876289708232237,6.3546539503197526,1.4856127570184336,-0.1887548685698191,-2.5515479766537955e-06,0.0005597182038982727,0.0020885097266407082,0.20065750610252678,1.0,-0.3951968848705292,96.88051318635215,45.245148424938186,-0.09555912450305652,-59.999885855508694
125.7,-0.4385753161625318,-59.96606106958744,-0.00047559845744535453,-0.0023550959086873153,0.0012888509035394286,6.374027611812501,1.5001688949253744,-0.19491431282703547,0.0008044294626703876,0.0019179541322011295,-0.00020151043587042126,0.18889429956365014,1.0,-0.17882676422595978,95.1393559190158,51.23080197657937,0.054440767793128425,-59.99996295251787
125.80000000000001,-0.28627362980166554,-59.97097130104175,-0.000491908139323842,-0.002106592373955356,0.0012916505087324152,6.392204818455323,1.5187935190393502,-0.20035835927597617,0.0016838244982868601,0.002251754414263399,-0.00021729111507963136,0.17738241146841446,1.0,0.021155551075935364,95.28658954903656,55.270810618539706,0.20443989451691344,-59.999477550707205
125.9,-0.1317564183895263,-59.97343832979098,-0.00044761677042517046,-0.0018898921722605194,0.0013442599525972526,6.409266188548932,1.5407435119599187,-0.2051267627160889,0.002191654564786044,0.0017696076360768692,0.00032166791406027743,0.16557344622478362,1.0,-0.26266032457351685,92.82919348463285,60.74482681146508,0.35443614630805087,-59.99842965690266
126.0,0.025112809957827394,-59.973471425545185,-0.0004014750922303705,-0.001730918277784501,0.0014196777107366573,6.425064576828721,1.5650474575203261,-0.2091963704550496,0.0021897251369965348,0.0009686591524532338,0.0006438566618261791,0.1534832403839482,1.0,0.06534162908792496,93.51780594826126,63.50900467271483,0.5044274138467217,-59.99681928584022
126.10000000000001,0.18469368355250038,-59.97107481324268,-0.0003915128522609324,-0.0016835524478052578,0.0015380268614678626,6.439820694054981,1.5936264564466434,-0.21286457831461794,0.0019477221351578392,-0.00015716550860333966,0.0010863489592072735,0.14363116206562063,1.0,-0.0511319674551487,93.25191991107577,66.9142666594364,0.6544115878831981,-59.99464646016569
126.2,0.3472016093918805,-59.96623972890821,-0.0004340580566253081,-0.0016929302609285136,0.0016618344001977149,6.453502317564845,1.6232768029120384,-0.215923667598088,0.0016709485324861272,-0.00016251193240004297,0.0007922820307409738,0.1315583115217702,1.0,-0.31874704360961914,90.34839057398484,71.53431115587692,0.8043865592675042,-59.99191121043442
126.30000000000001,0.5125821236753586,-59.95900860716123,-0.0005108430101663774,-0.0016321078510146854,0.0017351377155625266,6.465803139889617,1.6533598509058298,-0.21820251828054585,0.0016945728925031034,0.0007397900316194174,0.000497883082147548,0.11760493700024856,1.0,-0.07099136710166931,90.22043081065719,74.30823786674554,0.9543502189790766,-59.98861357511079
126.4,0.6810329835917889,-59.949427644158895,-0.0005801130807838632,-0.001506816191472796,0.0018248965856532645,6.4768311783054795,1.6863212754607857,-0.21991192379000338,0.0020965065133826525,0.0011874633497589064,0.0009115165408057352,0.1056599765712731,1.0,-0.04324551671743393,90.33626430456826,76.61924721617063,1.1043004581564217,-59.98475360056774
126.5,0.8527536225023015,-59.93752965500412,-0.0006297757408670234,-0.0013665201041757119,0.0019508361722796802,6.486736573985865,1.7211518666565262,-0.2210578434209047,0.0025620977550150025,0.0012214966742808162,0.0011848357487818436,0.09459817716345031,1.0,-0.12280075997114182,89.75338157375663,79.24932106649969,1.2542351681267725,-59.98033134108613
126.60000000000001,1.0278476616234027,-59.92335683572025,-0.0006711190040531792,-0.0012480804533063772,0.0020758713263182007,6.495604034008665,1.7571729647987002,-0.221737471375934,0.0029183174761803557,0.0007163803129107688,0.0010700841107896745,0.08538246343362982,1.0,0.11815176904201508,91.09176536914886,79.77387969993177,1.4041522404357405,-59.97534685885389
126.7,1.206275878080026,-59.90697651621099,-0.0007150421443538058,-0.0011808867179503148,0.0021397389267265527,6.503579214760601,1.790918749190879,-0.22188415319459528,0.0031015129119137948,0.000691100514766304,-6.43978510414186e-05,0.07468480848776664,1.0,-0.4600857198238373,86.4525247772758,83.70497471182233,1.554049566876967,-59.969800223965215
126.80000000000001,1.3876070638132973,-59.888531951635294,-0.0007497727835286001,-0.0010260180312332092,0.0020662570169562825,6.510117458752822,1.821610312764467,-0.22097183702226647,0.003363529996658575,0.0018287806854992317,-0.0010295910283870423,0.05940132985655143,1.0,-0.12335580587387085,86.23773110102346,85.65779698828038,1.7039250395217693,-59.963691514419565
126.9,1.5713595842956765,-59.86825600154256,-0.0007489436889657174,-0.0007116807202652685,0.0018460359245600863,6.5148172686828385,1.8409755380631787,-0.21848840359882474,0.0034871445781510415,0.004403945386953484,-0.0038763629270930967,0.035825607466128,1.0,-1.0,71.58673807331824,90.01125120206328,1.853776550748783,-59.95702081612059
127.0,1.7554275012354905,-59.846808736978154,-0.0006885413751768878,1.7958333907225837e-05,0.0011848041722173782,6.516068356992012,1.838224693994541,-0.21277765307159896,0.0035195374286896924,0.009261682983504261,-0.008136356349640054,-0.004810244740904813,1.0,-1.0,58.34340078180368,93.94642900381822,2.0036019932736013,-59.94978822287485
127.10000000000001,1.938349717285327,-59.824912609600034,-0.0004771988526435384,0.0011925096370283951,0.00029589983571826257,6.512589105589197,1.8245788302750643,-0.20312328633697344,0.0038873798941324476,0.013076441613599962,-0.008913336417334768,-0.05554757258917791,1.0,-1.0,46.37247278496669,97.50351805793022,2.1533992601784075,-59.94199383639058
127.2,2.119070756882145,-59.80333740742408,-0.00011986639238409105,0.0025091659802298715,-0.0005932432530268046,6.504006458875104,1.795702615184444,-0.1897731967435219,0.0035787836102080233,0.01240330696198484,-0.009711464056685581,-0.1046721518082149,-1.0,-1.0,29.333655453089175,94.50079827147053,2.3031662449416044,-59.933637766276206
127.30000000000001,2.2959367775422463,-59.7830020535201,0.00029123214481903176,0.003457039185939374,-0.0015300537097359126,6.491093953019977,1.75610313614907,-0.17388943720240566,0.002427906110446579,0.006952297290831225,-0.008805127225116284,-0.14451794085710623,1.0,-1.0,20.149960672469998,98.00462396806795,2.4529008414674367,-59.924720130038835
127.4,2.4693252979599225,-59.764247581244426,0.0006945151095623715,0.0037803844673554997,-0.0020862987868662214,6.474642037657629,1.7235641101856503,-0.1563220549690251,0.0008120107602239768,0.0002892020892989527,-0.004421408995754204,-0.1766026132436655,0.012160301208496094,-1.0,7.247332160579829,99.64704403405605,2.6026009441156086,-59.915241053082575
127.5,2.639855826652807,-59.7472954707957,0.0009626680211519598,0.003529883869684862,-0.0022011846345600205,6.455494025186282,1.698473589977903,-0.1379926356489037,-0.0013689937336152462,-0.0046309846880870685,-0.00013142424680270728,-0.200525867465281,1.0,-1.0,0.1856737235225463,102.65642253831287,2.7522644477308935,-59.90520066870679
127.60000000000001,2.808580458830465,-59.73223164502684,0.0010110968962262809,0.0030039585349529033,-0.0019321799658952622,6.4343253165226235,1.683868211940848,-0.11942312029445944,-0.003496107852653752,-0.00596214727946141,0.0030237493458557256,-0.21822558092398914,1.0,-1.0,-6.197506197631714,104.47162489280934,2.9018892476727376,-59.89459911810421
127.7,2.97603641754193,-59.71920117862624,0.0008308593257595993,0.0025161484456430088,-0.0015480757367470038,6.411816590962635,1.6709445030911416,-0.10109815126758383,-0.004983041428736513,-0.004524579404319381,0.003039504815044045,-0.22891320377761426,1.0,-1.0,-11.967395278079234,104.47162489280934,3.051473239844858,-59.88343655035898
127.80000000000001,3.1422418019158895,-59.708359384921,0.0005283137488870041,0.002266057844517708,-0.001247329081204005,6.388516826262786,1.657902500917633,-0.08315885815811873,-0.005090835102125835,-0.0016164776987905635,0.002057771044426319,-0.23532653086199487,1.0,-1.0,-17.18291801312498,104.47162489280934,3.2010143207248305,-59.87171312244452
127.9,3.3071709006670553,-59.69979046789906,0.00025698185593774216,0.002303735559361211,-0.0010311418315404836,6.3647225212039205,1.6445398099848192,-0.06556384055682106,-0.00390835540469063,0.001126219009800181,0.0013906904899855003,-0.23948033456553808,1.0,-1.0,-21.897337479516047,104.47162489280934,3.350510387393668,-59.85942899922134
128.0,3.4707666284506566,-59.69353312039405,0.00010850133576019466,0.0025365914662796906,-0.0008623843779032049,6.340590442184384,1.6305932205370133,-0.048260915710395515,-0.0022737713448461867,0.002524348789850261,0.0009175221360480275,-0.24244056351766247,1.0,-1.0,-26.15879928002569,104.47162489280934,3.4999593375653983,-59.84658435343472
128.1,3.6329866761617287,-59.68959952681965,8.37332398920695e-05,0.0028047304717221675,-0.0007342678967590593,6.316222000080597,1.6168874213637732,-0.031284913422399564,-0.0009960950905137293,0.0022412327001401122,0.0004826240668077492,-0.24431617276137488,1.0,-0.617368757724762,-25.370456977545334,104.35677166206524,3.649359069616727,-59.833179365712276
128.20000000000002,3.7938989065765125,-59.687987128165176,0.00012896312446969825,0.0029705655596860515,-0.0006490802649032194,6.29171865682581,1.6037220495928688,-0.014712556660568903,-0.00044924687369363143,0.000937436121854881,-0.0001650794334406698,-0.24555712269436844,1.0,-1.0,-29.298224224065937,104.47162489280934,3.798707482616279,-59.81921422456143
128.3,3.953431579861917,-59.688692034796595,0.00018387463194284654,0.003001004706964733,-0.0006475288231326228,6.267075220766338,1.5896462996049843,0.0014395114019439188,-0.0005207418430273478,-0.0003269038558281506,-0.0010776330250637579,-0.24703948006572232,1.0,-1.0,-32.84861472318578,104.47162489280934,3.948002476354458,-59.804689126366746
128.4,4.11148736991208,-59.69171273096688,0.0002245232571005003,0.002940052254054137,-0.0007181820994532125,6.242276117945872,1.5748430275574008,0.017123852544883904,-0.0008042986872170545,-0.0009739363888965283,-0.001617197548011842,-0.24862598946856995,1.0,-1.0,-36.057886532101335,104.47162489280934,4.097241951372873,-59.789604275387184
128.5,4.267982036266113,-59.69704717859491,0.0002548480771620157,0.0028614220189720724,-0.0008111006856406637,6.217317854333635,1.5594341687483813,0.03232208505905342,-0.0010450735066973643,-0.0008894191468428062,-0.0016175807669930851,-0.25020692485137214,1.0,-1.0,-38.95881406276407,104.47162489280934,4.246423808993868,-59.773959883753214
128.6,4.422838360595975,-59.70468895159142,0.0002822859060715886,0.0028241083513177376,-0.0008841886573099554,6.192206424881359,1.5434916927070292,0.04704183051386609,-0.0012120450761130127,-0.0003487458909959347,-0.0013097818165668438,-0.2516974628504401,1.0,-1.0,-41.58102278773979,104.47162489280934,4.395545951350028,-59.75775617146383
128.70000000000002,4.575984929948622,-59.714624864396356,0.00030621101755195335,0.0028479407834834064,-0.0009235454637922737,6.16695436952671,1.5270939611336019,0.061300070423252105,-0.0013637260967451481,0.00022882736151445528,-0.0009848198248149414,-0.2530443151514254,1.0,-1.0,-43.951291787795746,104.47162489280934,4.544606281413683,-59.74099336638347
128.8,4.72735930737778,-59.72683528617314,0.00032128212384248286,0.0029153120050267266,-0.0009356602335427199,6.141577471097766,1.5103556448763897,0.07510629340296349,-0.0015251137177269545,0.0005280961547162522,-0.0007774357510584952,-0.25422770446524845,1.0,-1.0,-46.09382723095666,104.47162489280934,4.693602703026399,-59.72367170423881
128.9,4.876911368457567,-59.74129665989295,0.0003246482135708919,0.0029907586495829387,-0.0009313457618199407,6.116091856152776,1.4934169982602536,0.08845476766912018,-0.0016678166469240613,0.0004641079552253397,-0.000670261389572057,-0.2552533663587922,1.0,-1.0,-48.03050957591093,104.47162489280934,4.842533120928451,-59.705791428615434
129.0,5.023979130684258,-59.7578960093834,0.0003056105911643857,0.0029254915568058303,-0.0010866962040693468,6.091067059642937,1.4609573958137059,0.10032455322224944,-0.002120276922063285,-0.002624820503642414,-0.004499919864017342,-0.24297070595925616,1.0,1.0,-30.832389390283215,87.57992910890566,4.991395440788293,-59.68735279095442
129.1,5.165715160857772,-59.776009709193964,0.0002933633096543039,0.0023553611269335924,-0.0018696300138579254,6.068459631332438,1.3976174940889785,0.10929561561377701,-0.0023412217017975646,-0.008138389611514538,-0.010765793108231175,-0.21383174022925416,1.0,1.0,-15.28665088862844,72.79997876606647,5.140187569232005,-59.668356050548816
129.20000000000002,5.299741928826988,-59.79474187671538,0.0004372057374602461,0.0013901152828963178,-0.00307511838582673,6.048976622565862,1.313600144067934,0.11560228741966413,-0.0015517414098733726,-0.01085851425526309,-0.012910616069728103,-0.18226918689812735,1.0,1.0,-1.234534555368218,59.440074275502845,5.28890741387273,-59.64880147453996
129.3,5.424386779680779,-59.81319845937473,0.0007948965223727326,0.00040578363218910836,-0.00430001629596049,6.032593596893586,1.2127906487449838,0.11951500075219625,-0.0007453800503484113,-0.009741252826781845,-0.011889716138969386,-0.15139481794187803,-0.18111515045166016,1.0,9.200679750633434,42.06172598916356,5.437552883340108,-59.62868933791376
129.4,5.538373029206823,-59.83055728593497,0.0012635318704252757,-0.000311912034540239,-0.0053216763266528055,6.019286701998177,1.1020313613824333,0.1213434903431369,-0.0008933248442682154,-0.006302769314240755,-0.00886113588312211,-0.12111333245738916,-1.0,1.0,14.682026309037237,25.437081774623767,5.5861218873096705,-59.608019923496805
129.5,5.641478427629549,-59.84627647310909,0.0016832309160153085,-0.0006342738108834543,-0.005939018411829873,6.008843195105017,0.9925426757369407,0.12171121442438003,-0.002107468599001403,-0.0021694398456981712,-0.004132583034927121,-0.0938231439265701,-1.0,1.0,19.636729457646545,10.409720129700446,5.734612336532249,-59.586793521952394
129.6,5.734493378574611,-59.86015845633301,0.0019200118368297794,-0.0006039363354348953,-0.006009806699768033,6.000913787509862,0.8950352976556724,0.12114954757452556,-0.0038937443195632988,0.0008925311384953892,0.0018305197700796663,-0.06988311796592182,1.0,1.0,30.333435234186126,3.044221976360788,5.88302214286335,-59.56501043177645
129.70000000000002,5.819116111928543,-59.87237090606045,0.0019110354253902315,-0.0004185863601464497,-0.005472424091711172,5.99530233095347,0.8166913012473541,0.11987385235726246,-0.005657266127862157,0.0016163288814103392,0.007591509531105873,-0.046929741488808574,1.0,1.0,40.00241004285094,-3.613604983234924,6.031349219292514,-59.542670959293325
129.8,5.897236476056562,-59.88323947285566,0.0016575951561340848,-0.00031291744393388673,-0.004478320734271026,5.992032599584566,0.7575278678153288,0.11789143096032445,-0.006916366387261171,0.00017311156658247271,0.011177620496678826,-0.022929656834227784,1.0,1.0,48.74239745613838,-9.631753233509201,6.179591479972677,-59.51977541865147
129.9,5.970625452740206,-59.89313334588888,0.001228644968518711,-0.0004385125425534585,-0.0032758167005701093,5.991320890038182,0.716122411608255,0.1150411272347237,-0.007209294976332093,-0.002304442596452607,0.01230543722879749,0.003911237476607242,1.0,1.0,56.642653842779126,-15.071682595157652,6.327746840249489,-59.49632413181906
130.0,6.040669986216049,-59.90235199037408,0.0007320493389177867,-0.0007914984652209183,-0.0021333317244727054,5.993433930983912,0.6849942187531559,0.11126110654773856,-0.006517351789266557,-0.003970997207555546,0.010188853617657274,0.03238128308212143,-1.0,1.0,57.56581333217453,-26.206994436815823,6.475813216690637,-59.47231742857942
130.1,6.107646031069847,-59.910867796549525,0.0002771639503510806,-0.001183864778558777,-0.0013841296220176587,5.998279362203516,0.6538517804377698,0.10676845112121094,-0.004937933603437487,-0.003479976379968889,0.005540548496072596,0.05890410131478895,-1.0,1.0,58.4002763934023,-36.27243438934396,6.623788527115144,-59.44775564652643
130.20000000000002,6.171769046316499,-59.91865739309563,-1.1306626780605814e-05,-0.0014413594572052003,-0.0010002514812831509,6.005714700116812,0.6288595071795299,0.10160084625913106,-0.0024920257784609968,-0.0017989180736492603,0.003258756741560109,0.0848801428562912,1.0,1.0,65.37261146714867,-39.15274833283455,6.771670690622644,-59.42263913105974
130.3,6.234284453669281,-59.92601365749286,-7.666927511415957e-05,-0.0015343545517290315,-0.0006131704731860277,6.015810545309805,0.6188873278206323,0.09572411609592943,-0.00019788427171531795,-0.00026709677302586666,0.004177317204809508,0.11169269608397155,1.0,1.0,71.67505014256606,-41.75632400766871,6.919457627622652,-59.39696823537992
130.4,6.296509252757095,-59.93321863239758,-1.53655889792599e-05,-0.0015055602326132288,-0.00012164743216817588,6.028558195019525,0.6216954111195051,0.08923302339690067,0.0007455902950668964,0.0006463145147982816,0.004941307730161442,0.13783078174991303,1.0,1.0,77.3719555318325,-44.1097502061939,7.0671472598638,-59.37074332048355
130.5,6.359583480113453,-59.94046010996679,2.8098376629987107e-05,-0.001424042593830383,0.00038340070242268387,6.043815226087707,0.635493256370653,0.08221009535871092,0.00040377917011317295,0.0008100086833726175,0.004632008430614777,0.16210061975098275,1.0,1.0,82.52150679059243,-46.237061090774795,7.214737510463069,-59.34396475515803
130.6,6.424507135818605,-59.94784212567748,-2.5014470207926362e-05,-0.001354941775480569,0.0008271701096932445,6.061349427476884,0.6587978275451644,0.07470138189793225,-0.0003516177667122328,0.00038540588897887685,0.003903985236446616,0.18381530921353043,1.0,1.0,87.17629326757314,-48.15998164060647,7.362226303934992,-59.31663291597651
130.70000000000002,6.492152030555981,-59.95539204988726,-0.00016444423220783312,-0.0013384205639209855,0.0012123684604109157,6.080890100821073,0.6901808322331653,0.06671323134593961,-0.0007416641010353266,-0.00031870281115330183,0.0034318656553640877,0.2027792595514135,1.0,1.0,91.38385156877942,-49.898149516193406,7.509611566220842,-59.28874818729253
130.8,6.563257517711857,-59.963065234604954,-0.00033559593321945565,-0.0013836634433094658,0.0015723495470275578,6.102168766422331,0.728191113393967,0.05822850182870615,-0.0005319627471026782,-0.0010060783055102617,0.0032509320679298542,0.21913684333595543,1.0,1.0,95.18715102098825,-51.46931560726611,7.656891224717795,-59.26031096123462
130.9,6.6384295200235695,-59.97075117417395,-0.0004906332189844421,-0.0014765067840250823,0.0019179545994217487,6.124941467800878,0.7714629986281724,0.049227423627419005,8.130158670032278e-05,-0.0014943095409729744,0.0030271002740508337,0.2331689570837519,1.0,0.9813041687011719,98.60955175272572,-52.77091925935967,7.804063208308083,-59.231321637700816
131.0,6.718150415259939,-59.978282263807564,-0.0006097585800581165,-0.0015941947066392937,0.0022290274609177113,6.148996248952485,0.8187619228021511,0.039695681513635186,0.0007969514074859393,-0.0017622562523491971,0.002511201857194465,0.24524418717579313,1.0,1.0,101.71861168869891,-54.0660719225319,7.951125447388111,-59.201780624352985
131.1,6.80278455566786,-59.98544255078928,-0.0006948302291432777,-0.001720304773206109,0.0024761529078313788,6.174161217195416,0.868946429606845,0.029626934443825186,0.0014287555001328957,-0.0018918612301250808,0.001725454189814787,0.25571791901124424,1.0,1.0,104.47162489280934,-55.23678734980418,8.098075873897566,-59.17168833661115
131.20000000000002,6.892326741602814,-59.99194507311078,-0.0007581263594672953,-0.001823502245269885,0.0025778516415902565,6.200168075802972,0.9155715916131203,0.019226901407957728,0.0018294938708303637,-0.001479077439098196,-0.00039464375540692855,0.2623768617414784,1.0,1.0,104.47162489280934,-56.29502137165019,8.244912421348495,-59.141045197647614
131.3,6.9861971954085,-59.997456129778854,-0.0007930370887618867,-0.0018671100630506313,0.0024475572059105403,6.226630938071156,0.9559091331679219,0.008672064418494963,0.0022426176510762456,-0.0008844867921530453,-0.0026054604090261493,0.2658353360777951,1.0,1.0,104.47162489280934,-57.25158111187811,8.391633024854372,-59.109851638381
131.4,7.083835663751682,-60.001702391459204,-0.0007663202960101968,-0.001874239422114254,0.002164263465860829,6.253337785157178,0.9909055754494527,-0.001972483255181755,0.002773420639814919,-0.0006318838338691095,-0.003650655677088317,0.26773872498272444,1.0,1.0,104.47162489280934,-58.11623535445173,8.538235621159126,-59.07810809747025
131.5,7.184743297000997,-60.00446317206088,-0.0006671047709082974,-0.0018900060347406076,0.0018405544008323717,6.280184341952648,1.0211668601306296,-0.012659996357782803,0.0031580024756606867,-0.0007974610074920253,-0.003713004323542449,0.26886505046600895,1.0,1.0,104.47162489280934,-58.89781430635537,8.684718148666162,-59.04581502130834
131.6,7.288469928430204,-60.00555929188855,-0.0005236019021242376,-0.001944347547961115,0.00153986600090304,6.307113201419054,1.0473246526541125,-0.023355924178980032,0.003130346420434767,-0.0011467448427013944,-0.0033646695732731137,0.26949473414597713,1.0,0.9475846886634827,104.46211744054892,-59.259174478693055,8.831078547467353,-59.01297286401616
131.70000000000002,7.3946274408037524,-60.00484552828353,-0.0003812302937298816,-0.0020372109365984427,0.001280674033789558,6.334082014426486,1.0699795848183185,-0.034033988776239414,0.00267395030953117,-0.0014022450620801384,-0.002976286719676728,0.2697781844989226,1.0,0.9630366563796997,104.46507527171566,-59.691723460201466,8.977314759372002,-58.979582087436
131.8,7.502856217879311,-60.00220554826684,-0.00027405030200071834,-0.0021489412879407807,0.0010584251440779841,6.361070165581438,1.0893542077108207,-0.044674622157984865,0.0019957647933237714,-0.0014297718745387078,-0.0026653056369284915,0.2699389168940826,1.0,1.0,104.47162489280934,-60.3219307702536,9.123424727935788,-58.94564316112509
131.9,7.612814608932138,-59.997546854980854,-0.00021032374134233786,-0.002255013387047682,0.0008698089012015471,6.388072483547968,1.105719060970734,-0.05524587866211449,0.0013605935991057951,-0.0012301370622063682,-0.0023443996842766016,0.2700650499457223,1.0,1.0,104.47162489280934,-60.89158826410511,9.269406398489688,-58.911156562349035
132.0,7.724203624032655,-59.99079326860459,-0.00017793085598253054,-0.0023364447629517513,0.0007222120495963668,6.415080427027117,1.1196782402875807,-0.06569825163331688,0.000926789201089266,-0.0008884490639745914,-0.0019075086868626167,0.27004601836071523,1.0,0.935387909412384,104.45968643370655,-60.975124135955674,9.415257718168862,-58.87612277607506
132.1,7.83677938315504,-59.981878920532054,-0.0001605107537448151,-0.002387106289780764,0.0006212362270959881,6.442077625994186,1.1315850241773702,-0.07599078507847669,0.0006832279626435605,-0.0005760538501589871,-0.0015009770779945708,0.26992894245115445,1.0,1.0,104.47162489280934,-61.482023331695004,9.560976635941534,-58.840542294965196
132.20000000000002,7.9505066707003795,-59.97071118092179,-0.0001441821079980429,-0.0023969559582507523,0.0006077653781436331,6.468962124265626,1.146734714385894,-0.0859349291493793,0.0006728426838794213,6.409512907529512e-05,5.990476740287443e-05,0.2673885784792638,1.0,0.38007038831710815,104.20581591457592,-50.29075157125156,9.706561102637822,-58.80441561936938
132.3,8.065976515796953,-59.95708030513503,-0.00013472425920320834,-0.0023364537058648566,0.0007838352366474423,6.495427415796468,1.1672498965948612,-0.0954904801728579,0.0005845406960192595,0.0005280416739848686,0.0015028980680878573,0.26305787412305626,1.0,0.645222544670105,104.36956361956128,-47.95473664645267,9.852009070978564,-58.7677432573184
132.4,8.183208668299184,-59.940895694237184,-0.0001746636390458968,-0.0022802878324508034,0.0009746292777972525,6.521539163331571,1.1869448191832555,-0.1048706622696671,0.0002537462475172586,0.00012293457989673878,0.0010157695247890839,0.25994099598414194,1.0,0.6439964175224304,104.36901898041484,-45.814659820444476,9.997318495604102,-58.73052572451673
132.5,8.302181435461902,-59.922065108389475,-0.00025545225755217276,-0.0022759578151302644,0.0011059197150112307,6.547327058301073,1.2085997315018213,-0.11401394011525029,0.00018831052069100083,-0.0003951524433577426,0.0007387972868225658,0.25620183015047165,1.0,0.3558993935585022,104.18550588838688,-35.814285929461114,10.142487333103045,-58.69276354433532
132.6,8.423219341871615,-59.90039776932658,-0.0003357129103397103,-0.0023031761398298284,0.0012632573091809558,6.572655645164405,1.234354254570666,-0.12289499963737455,0.000486634126497158,-0.000666553863422027,0.001159865788398643,0.2513092713934496,1.0,0.30817902088165283,104.1423234308352,-26.192134663902117,10.287513542041008,-58.6544572478042
132.70000000000002,8.546489738324798,-59.8757452772191,-0.0004026453390620379,-0.0023511222437403124,0.0014371895150742447,6.5975069713521375,1.2613926693078112,-0.1316254603301313,0.000838442910804984,-0.0009119451580353885,0.001050951265644704,0.24676886517410312,1.0,0.39948663115501404,104.2213981578572,-18.655277255958072,10.43239508298932,-58.615607373605044
132.8,8.67186132131259,-59.84805221894792,-0.00046026095245030297,-0.0024269367789253415,0.0015397672402074475,6.62198890514683,1.2861321419815737,-0.14032081580990788,0.001090625112802841,-0.0012989017926926458,-0.00013491003252727262,0.2438677901430783,1.0,1.0,104.47162489280934,-23.228233619473574,10.577129918553698,-58.57621446806356
132.9,8.798941630824245,-59.81735440479514,-0.0004982327590480153,-0.0025375780149599556,0.0015076974751841521,6.646268244178945,1.308002572761144,-0.1489847481551301,0.0013895036424412615,-0.0015209560534654727,-0.0012650448563079604,0.24198459426015553,1.0,0.458631306886673,104.26502483803588,-16.86003361948681,10.721716013402903,-58.536279085141835
133.0,8.927492088751977,-59.78363034614984,-0.0004930882583535658,-0.002629996910786424,0.0014045434202260977,6.670273515489155,1.327243100884423,-0.15740952865360822,0.0017145896067940953,-0.0009846820882950448,-0.0020067131392760016,0.23831659989567214,1.0,-0.12850689888000488,101.98965290121849,-5.212311051381633,10.866151334297356,-58.495801786430526
133.1,9.057056419708545,-59.74697040094238,-0.0004438004010140775,-0.002654951175152203,0.0012353121740809837,6.693862868767263,1.3432537514245624,-0.16557785872207967,0.0019416667185301437,-0.00040736961306893225,-0.0022656579429191216,0.234749828033138,1.0,0.24739882349967957,102.89784139900713,2.151872616075546,11.01043385011774,-58.45478314114099
133.20000000000002,9.18762683577234,-59.70731729921066,-0.00035738867357596637,-0.0026755435875976566,0.001126260367978615,6.717274867933857,1.361438140054799,-0.17370113372669974,0.00202146810240902,-0.0006163971968168979,-0.0012408435266476757,0.2339761206689932,1.0,0.3544447720050812,104.18425073010873,7.562132142740875,11.154561531893552,-58.41322372609725
133.3,9.319224524188837,-59.66456544120532,-0.0002773529954755205,-0.002719486177338411,0.001092286054554233,6.740589432958826,1.3787271922869748,-0.18161400915386464,0.0016662835574849683,-0.000633602148422731,-0.0010090318998789167,0.23206199108531134,1.0,-0.07196774333715439,102.48960466966386,16.48921511947874,11.298532352831643,-58.37112412572789
133.4,9.451331428633619,-59.6188521793407,-0.0002455439617779447,-0.0026944653914755434,0.0009688073521560286,6.763380522484547,1.3881800320934665,-0.18883828017159957,0.0010026968181005987,0.0006948699710993085,-0.002768787779090341,0.22384412225091693,1.0,-0.45992350578308105,96.75791389693799,26.500113788194852,11.442344288344717,-58.32848493205784
133.5,9.583142688548815,-59.570547888651056,-0.00023423280358730842,-0.0025021341178263676,0.0006816130245942061,6.785041699156444,1.3929977850098616,-0.19518325768959346,0.0007752183817758348,0.002200096468560212,-0.003261667544082675,0.2122603254205315,1.0,0.011858746409416199,96.6797192172824,32.989541868915,11.585995316079797,-58.28530674470008
133.6,9.714851895096421,-59.519606271080406,-0.00017930733652223743,-0.0022492440829872543,0.0005181140515655512,6.805633585029353,1.4016455114587962,-0.20086552575468222,0.0009987149815283687,0.0024737020167697687,-0.0013775252449719716,0.20132018547847216,1.0,-0.24151800572872162,94.31712607960176,40.49689442207907,11.72948341594668,-58.24159017084713
133.70000000000002,9.846098635898981,-59.46626617520835,-0.00011640463187012972,-0.0019371115045979008,0.0003699420803919591,6.824692334456709,1.3983654570462043,-0.2051660690189642,0.0006526705822099038,0.003806843190069143,-0.0032536338776140224,0.1810012601739578,1.0,-0.8018468618392944,80.46293466151705,48.97383212597019,11.87280657014632,-58.197335825262606
133.8,9.975469843547161,-59.41148572280061,-6.403890522697861e-05,-0.0014571399147184972,-6.051805071414921e-05,6.841228501904448,1.385675364861478,-0.20783448237554394,0.000450991444434084,0.004890789602441537,-0.004355321743481692,0.15636231577021104,1.0,-0.037672363221645355,81.5617071904524,53.67849588725864,12.015962763199223,-58.15254433027252
133.9,10.103649184651228,-59.3551420791213,5.282819337033406e-05,-0.001061299531650621,-0.00025741340309798713,6.85577764112008,1.384958274551733,-0.20974324024796234,0.0007831309589146764,0.003168251639789861,-0.0004903104938414175,0.13867361905040385,1.0,-0.1696234941482544,81.38203543022757,58.800045970130434,12.158949981973787,-58.10721631575652
134.0,10.231435193246817,-59.2969347279091,0.00017039986411238777,-0.0008768862505713513,-9.461541148388305e-05,6.86863703070069,1.3910337306998042,-0.2108384235114803,0.0004788901714650568,0.001148598350926096,0.0024425373107926644,0.12151822035277333,1.0,-0.3909834027290344,78.70010690360854,64.49948924828618,12.301766215714602,-58.06135241913906
134.1,10.358947069678683,-59.23694001693334,0.00017281774199373208,-0.0007748450148913057,0.00011793703392760246,6.879447795268508,1.3929253608365952,-0.21066460182542368,-0.000630742948177178,0.0014261291027482092,0.0009817081258121866,0.09747655791390428,1.0,-0.6951500773429871,67.69601561817868,70.4954662003959,12.444409456070735,-58.01495328538044
134.20000000000002,10.485407247104709,-59.175875860967075,5.63448373645207e-05,-0.0004781990458844902,1.634551522331275e-05,6.887247514207245,1.385003904565817,-0.20858653329380542,-0.0013674198115841126,0.004128209153012461,-0.002217088217406455,0.06415822411626601,1.0,-0.6646323204040527,58.28541324233568,75.85577025748424,12.58687769712397,-57.96801956696771
134.3,10.61058587040604,-59.11422160593156,-3.780286028187054e-05,9.083708827047085e-05,-0.00022621075540662258,6.891463710673074,1.3777452753197585,-0.20451555677360186,-0.0007824473836130897,0.006500941729144802,-0.0019610896683120624,0.02751431608423279,1.0,-0.5590763092041016,54.71080379304748,80.45622654929147,12.729168935417015,-57.92055192390552
134.4,10.735107431911219,-59.05193710121527,-1.8697943586611963e-05,0.0007423915209186932,-0.00024427032429954294,6.892202085892974,1.3790099163090084,-0.19886287732346827,0.00033831464591724974,0.005949590990204347,0.0011773816452802805,-0.0044946100486937465,1.0,0.14886212348937988,59.60855273807924,80.58112408293788,12.871281169981675,-57.872551023706805
134.5,10.859888251641893,-58.98878026142138,5.051828194845023e-05,0.001146420890076457,5.32191888583033e-05,6.890286312210688,1.3900832606697815,-0.19230944239312942,0.0007553679718819194,0.002629816664873402,0.003939575182518129,-0.028333838073096047,1.0,-0.10039138048887253,62.179097456550835,82.68493822214182,13.013212402366994,-57.824017541383434
134.6,10.985784238388495,-58.92446941522738,4.6826925698277006e-05,0.001215127900592403,0.0005143219606205511,6.886193166772725,1.409424169021278,-0.18496459029416304,0.0002720207135164764,-0.00036364354059891223,0.004688107870684676,-0.04926689375018639,1.0,-0.30879151821136475,62.378928473739606,85.74486199337548,13.154960636667354,-57.774952159436715
134.70000000000002,11.113471251537046,-58.8588273222355,-8.573833791499998e-05,0.0010746661370491075,0.0009575796800214003,6.88016753707187,1.4351356961997648,-0.17705559509786267,-0.00033361904417971095,-0.0019209858818444176,0.004076485409936922,-0.06654590858128168,1.0,0.03683623671531677,65.78954272842974,86.34293918383014,13.29652387955055,-57.72535556784776
134.8,11.243530384734553,-58.79174885315322,-0.0003024597626772945,0.0008608129911038749,0.0013233060100304565,6.8727097016293985,1.4657011116434484,-0.16883732605600235,-0.0003079004890620976,-0.001779688873682886,0.003241531109608152,-0.08019293949649918,1.0,-0.3764685094356537,64.80045008250762,89.33940155430632,13.437900140285809,-57.67522846406783
134.9,11.376323827274117,-58.72323575075945,-0.0005191546695750572,0.0007433804491621537,0.0016029100527574427,6.8640201788394375,1.4983978707564223,-0.1603441742737828,0.00046710887505410983,-0.0007484912795512581,0.0023675884285592527,-0.08975183429341307,1.0,0.27111926674842834,69.40065867490318,87.36000314600565,13.579087430771793,-57.62457155300849
135.0,11.512085765996527,-58.65338227048089,-0.0006702095183416264,0.0006631459650603056,0.001810804623493074,6.854946616662154,1.5329354664685555,-0.15222990512016782,0.0016600871845429415,-0.0006106005409136705,0.0018890436355835985,-0.09079936923935257,1.0,0.09468316286802292,72.5407465280069,87.31449810069948,13.72008376556456,-57.57338554703172
135.1,11.651003464884587,-58.58222006684871,-0.0007397676920958442,0.0005557356981916908,0.001962476202446936,6.84614353665207,1.5670212706246112,-0.14480383639027955,0.002693031785653503,-0.0013430967617287088,0.0009332411316376841,-0.08468105968218577,1.0,0.4720454514026642,77.2058162807167,82.83907410011946,13.860887161905474,-57.52167116593988
135.20000000000002,11.792910841411434,-58.50993430470657,-0.0007497048013876075,0.0003363487211826264,0.001990963547222448,6.838367848942305,1.5997097084137766,-0.1384781294035684,0.003359249533678689,-0.002291964746046798,4.4407675706781554e-05,-0.07345210064731944,1.0,0.037032660096883774,79.19330832386733,83.71474313491095,14.001495639749091,-57.46942913696561
135.3,11.937998707124057,-58.436369233868206,-0.0007138078285479233,0.00011378499430993313,0.0020104537247260983,6.831588689301082,1.6357335959634627,-0.1328739372020648,0.0037603717933099566,-0.001793573997175329,0.00033350901429726965,-0.06426322138773817,1.0,0.022477271035313606,80.88248875107021,84.62321920782203,14.141907221791012,-57.416660194761576
135.4,12.086477900495606,-58.361353297120544,-0.0006705493515504195,-1.321849097624692e-05,0.0020637156289924755,6.825677674634581,1.6737478972796214,-0.12792771544504958,0.0037890471856793493,-0.000752045355481327,0.0006031669592461771,-0.055482024449548965,1.0,0.14728085696697235,83.25601018852731,84.36264345348434,14.282119933495679,-57.36336508139016
135.5,12.238417884380457,-58.28480997389549,-0.0006578955692553405,-7.061742847037851e-05,0.0021115369238232018,6.820778306796706,1.711781753992072,-0.12383283496175505,0.003556523095215456,-0.0004611545344658666,0.0003061755064492855,-0.04408418438344297,1.0,0.29844650626182556,86.21347344354643,82.55169555811464,14.422131803124142,-57.30954454631301
135.6,12.392487931041645,-58.20745478494339,-0.0007053703433153142,-0.00012444110324305352,0.0017286939933867736,6.817048891585727,1.7137245130680099,-0.12051293127460631,0.002486180484641238,-0.0002597638116123201,-0.009033756434284014,-0.03391585436022205,-0.6910915374755859,-0.18532007932662964,68.78485433630337,69.00601469835279,14.561940861761792,-57.25519934638053
135.70000000000002,12.544151658311367,-58.13184257183189,-0.0006818125515617797,-0.0001300009967357007,0.00024656953890363675,6.814098391446374,1.6771597213129001,-0.11770403956500793,0.002467422184967339,-0.00011411155389632142,-0.015798006259287217,-0.02576466770571044,1.0,0.3811286687850952,73.48667163787746,67.64599396075734,14.70154514334605,-57.20033024582118
135.8,12.693528903436134,-58.05781105133071,-0.00027767208971146056,-0.00019630614851788664,-0.0009292852415701315,6.812199977640549,1.6556573955238318,-0.11582360183819507,0.004230640845576696,-0.0010295195762956497,-0.008101605863868327,-0.014584604572390483,1.0,0.09111039340496063,76.21025827086225,69.52587635780307,14.840942684694,-57.144938016230796
135.9,12.84173328233554,-57.9845847518704,0.0003473626867522994,-0.00035474105198136084,-0.0011952882063784244,6.811440108605937,1.6458371066900765,-0.11481302767354919,0.0041053025762339025,-0.002015589754767969,0.0004004864158554983,-0.0024829150747120864,1.0,0.29681622982025146,79.83708272217797,69.1592649537516,14.980131525530016,-57.08902343656168
136.0,12.989469101118122,-57.91163857518227,0.0007828768357470173,-0.0006312668213598992,-0.0009273076499098519,6.812132714683026,1.6427713743278831,-0.11504207334399158,0.0011148308169820903,-0.003297346688095001,0.0034394672339159733,0.013960782202667804,1.0,0.4394422471523285,83.69224925129049,66.95337299948659,15.11910970851332,-57.0325872931117
136.1,13.136895776321952,-57.83874440734779,0.0008014471510899455,-0.0010760407939315042,-0.0006749699923399038,6.814949074177594,1.6374956962010236,-0.11717086655296102,-0.002726438338704496,-0.005394212288175511,0.0012105058807640968,0.03952879168969867,1.0,0.8027194738388062,88.02024665070759,55.71931443443107,15.257875279265505,-56.975630379513184
136.20000000000002,13.283540238652556,-57.76595906857726,0.0005155396857558131,-0.0017196570847385051,-0.0006700299429978586,6.820748128677591,1.6311065434400112,-0.12144926561455861,-0.004615579441163209,-0.006552891139011536,-4.7704602533157024e-05,0.06921492360999813,1.0,0.14655821025371552,89.70354885378262,58.24259649004168,15.396426286398018,-56.9181534967218
136.3,13.429919379109213,-57.6926097777875,0.00021205463186945545,-0.002262435577418562,-0.000506940925933882,6.829010032922601,1.6346190451245797,-0.12681661085823925,-0.003846440393428167,-0.0041942797454117275,0.002710875943673236,0.09034623002823693,1.0,0.05152801796793938,90.59488809779641,61.36264614573862,15.5347607815396,-56.86015745300526
136.4,13.57661694393072,-57.61801788154831,1.5922106893128383e-05,-0.0024632706023301827,-4.694918909137099e-05,6.838971157208491,1.6452734409507155,-0.13278244650615645,-0.0021514771249930243,-0.0005831048368402505,0.005205543791920978,0.1055503802930659,1.0,0.3188623785972595,92.94023216345127,61.52163590738551,15.6728768193637,-56.80164306393197
136.5,13.7239278909571,-57.541728438777916,-0.00011645565509876173,-0.002322043161364974,0.0005037624313585872,6.8501078491516845,1.6584879112130193,-0.13880954569542858,-0.0009344428214004379,0.0028144159385474297,0.0047770089597855975,0.11323614121461936,1.0,-0.3618825674057007,89.53265047833342,66.84418045967364,15.810772457615805,-56.742611152359565
136.6,13.87182114487821,-57.46351684545927,-0.0002458306860843521,-0.0018633325960938508,0.0008907715633487598,6.861338832243564,1.6733534891898725,-0.1440704976232733,-0.00018627684149072753,0.0052857920658468515,0.002965556884557144,0.11123648239852116,1.0,-0.08160457760095596,89.39218494131201,70.1416676084304,15.948445757140778,-56.68306254842333
136.70000000000002,14.020613668142337,-57.38308106781514,-0.00036339896950160884,-0.0013311933422056098,0.0011465850350486377,6.872248799534716,1.6935301717159421,-0.14874654907514182,0.0005803870689217892,0.004730332442858671,0.0021270167321672806,0.10783641869199305,1.0,0.08573874831199646,90.55136287303269,71.82851907143929,16.085894781910113,-56.62299808952453
136.8,14.170689241547834,-57.30012505842565,-0.0004516629225900336,-0.0010041570188551508,0.0013598620283759005,6.882856594678545,1.7183117247560153,-0.15306002738442867,0.001343607033159386,0.001933507556021643,0.0019699930128749847,0.10484065838099853,1.0,0.027922742068767548,91.18970518004579,73.83554237831497,16.223117599049168,-56.56241862031861
136.9,14.322259569780503,-57.214460841907695,-0.0005165159634768637,-0.0009475852041523299,0.0015373404741801028,6.892993997567743,1.7442820785624422,-0.15685654632387375,0.001885685993400218,-0.000258069612149936,0.0013021699404413838,0.09790965559448589,1.0,-0.3589983880519867,87.98729238198965,77.9631507735744,16.36011227886433,-56.50132499270338
137.0,14.475272192700714,-57.12611811411835,-0.0005660396113106708,-0.0009907768642097468,0.0016251228513561654,6.902123623930319,1.770447990639853,-0.15989999395268936,0.002295388602028504,-0.0007040901763208132,0.0006137851312286976,0.0871496468833499,1.0,-0.02271198108792305,88.48339845773967,79.77227326502748,16.49687689487018,-56.439718065806964
137.1,14.629942870302854,-57.035035704127715,-0.0005906145552022572,-0.0010384678917953515,0.0016972885063992844,6.9102603752865,1.7994847271163867,-0.16244736317884287,0.0027028226777330963,-0.00044712245274621204,0.0006966751799592957,0.07754111842432027,1.0,-0.07546408474445343,88.49648378526207,81.78558771273711,16.633409523816557,-56.37759870597576
137.20000000000002,14.786451594335773,-56.941180331732596,-0.0006007100474745335,-0.0010550498765841796,0.0017740205604169675,6.917587739783181,1.8295634031198749,-0.16470473775741662,0.0029538993607761397,-0.00037824904342876985,0.0006040341945304985,0.07154518254895016,1.0,0.3012358248233795,90.96337465729712,80.1899127299657,16.769708245715613,-56.31496778676222
137.3,14.944839451664434,-56.84459574291479,-0.0006126450167781684,-0.0011085671191222641,0.0018242932413840385,6.924627119443034,1.859961245470644,-0.16700479284956601,0.0030585892936304438,-0.0007401300481277149,0.00035317561439631687,0.06939685424055164,1.0,-0.03333204612135887,91.0884242352956,81.86362013190458,16.90577114386882,-56.251826188912645
137.4,15.105154554406944,-56.74524096865952,-0.0006285616588447866,-0.0011781441331869804,0.001856755277619081,6.931480717552108,1.8908025370387145,-0.16929917195348937,0.0031314642088243667,-0.0009925630085895537,0.00013816975674095977,0.0687391459383319,1.0,0.28306400775909424,93.22077676159232,80.46864500026717,17.041596304893908,-56.18817480035469
137.5,15.267366177247364,-56.643124108277604,-0.0006451908845872993,-0.0012944373594598274,0.0018672690604064298,6.938485455887805,1.9215019916464495,-0.17187425972317963,0.00321976322259515,-0.0013936617826947938,-2.1161438792006147e-06,0.07075914154342926,1.0,0.05575094744563103,93.8042339308425,81.41816738183137,17.177181818751805,-56.12401451618497
137.6,15.431368978520094,-56.5382397473827,-0.0006575183263396957,-0.0013676198748697962,0.001848065365501508,6.945435607952363,1.9497406282560779,-0.17417163410013628,0.0032752660249518437,-0.0001184513961038093,-0.000686128041902025,0.06704890645620488,1.0,-0.4302319884300232,89.36978018662008,85.08921355163174,17.31252577877344,-56.059346238656424
137.70000000000002,15.596802558533138,-56.43081674746484,-0.0006567727195894498,-0.0012203417035623445,0.0017418534022233686,6.951557067466105,1.9749629408979947,-0.17557458252308114,0.0033971449942935294,0.00218844726868791,-0.0012064830061750428,0.05757204001594471,1.0,-0.019355982542037964,89.7596928259737,86.18859689638836,17.447626281686613,-55.99417087716563
137.8,15.76372606713949,-56.320896669191036,-0.0006225359647660833,-0.0009330386535095883,0.0016595297779976688,6.956840054475058,2.0016221255962794,-0.17636661936075151,0.0036240376391119982,0.002943073014897448,-0.0006072728382855172,0.049916381420378485,1.0,0.0027614030987024307,90.28454228401932,87.01401403060223,17.58248142764273,-55.92848934824004
137.9,15.932246808247086,-56.20848304152392,-0.0005741378996563234,-0.0006697878166920115,0.001639865296941273,6.961462566019411,2.029019428606578,-0.17667501972734273,0.0036526212506704254,0.0021283664208786674,-3.659742147869021e-05,0.04398348882109925,1.0,0.016778886318206787,90.8654251925675,87.6506345873333,17.71708932024352,-55.862302575525085
138.0,16.10242058433335,-56.093601347330164,-0.0005458319145970839,-0.0005398816296968733,0.001650411670649925,6.965564556197331,2.0566585801019186,-0.17663319514402623,0.003439276866740244,0.0006265345930575547,0.00010551609896688236,0.03908370490445877,1.0,-0.020221475511789322,91.10478050292443,88.5103965677523,17.851448066567713,-55.79561148977114
138.1,16.274271562226325,-55.97629437558674,-0.0005512522130646263,-0.0005514035388247506,0.001657445187024084,6.969217893239436,2.084227506076554,-0.17635773150824738,0.0031860877412582473,-0.0006612379849389844,2.4830320818610628e-06,0.03506391982104318,1.0,0.04534102976322174,91.81711528362439,88.77335009639805,17.98555577719765,-55.72841702882052
138.20000000000002,16.44734633710356,-55.85697145089606,-0.0005874397824950919,-0.0005551820015479908,0.0014989899857582622,6.972072447742449,2.0974349385026665,-0.17506930739391632,0.00272719375004717,0.0012024878415355766,-0.0036505016230433695,0.02057121108375585,1.0,-1.0,76.63005946930818,92.82746445002572,18.119410566245865,-55.66072013759422
138.3,16.61973485599421,-55.73729607399486,-0.000591335869133199,-6.449823809764462e-05,0.0007938297233268664,6.9720953015200084,2.0850177671800623,-0.17051898589628892,0.002495405536684384,0.007682639072106463,-0.008934342643444913,-0.015607182361423628,1.0,-1.0,62.902163876585405,96.49206272687515,18.25301055138159,-55.59252176807865
138.4,16.79024402913418,-55.618694589879304,-0.000402677264685867,0.0010965279726904116,-0.00019794788656910483,6.967690886758623,2.059542838720241,-0.1616499673470531,0.003019461167687032,0.013859470500455145,-0.009993087672488367,-0.0638796891661963,1.0,-0.9749385118484497,50.65332281878207,99.78361697776602,18.386353853857234,-55.52382287931226
138.5,16.958548580568294,-55.5020994896488,9.88507747635395e-06,0.0026184207063749167,-0.001051684928141546,6.958311156240044,2.029634858233528,-0.1484110313530607,0.003252166214576773,0.015193577129882362,-0.007546960665746319,-0.11312856494159505,1.0,-0.7691761255264282,41.34903835156781,102.51594416576322,18.519438598534805,-55.45462443737205
138.6,17.124982675740924,-55.38795505227538,0.0004951610672737879,0.0038979010610204023,-0.001533527786743022,6.944498628239703,2.003919535962333,-0.13186042427750733,0.0021635139252390474,0.01005586866078762,-0.0035674348497113082,-0.15273306813602702,1.0,-0.4162819981575012,42.15913106126663,104.1098918451649,18.652262913912278,-55.38492741535996
138.70000000000002,17.2903720411762,-55.27624467968886,0.0008392980957464876,0.004371998657301846,-0.0016277015234004448,6.927731745028997,1.9847710631242477,-0.11394631464875862,-0.00030076756315161623,0.000389532228659254,-0.0006892934037782781,-0.1749151114354751,1.0,0.15103214979171753,48.27606715773457,101.7798557750381,18.784824932149903,-55.31473279338921
138.8,17.455174520413856,-55.16707523605517,0.0009101705547152722,0.0038487653592965527,-0.0015760179425167026,6.90985197811133,1.966614390083089,-0.09671360534812898,-0.003126081951333327,-0.009116898559687954,-0.00026244163825963593,-0.17914776154006337,1.0,0.3982592523097992,55.014408056130804,97.03826696362692,18.91712278909648,-55.24404155857053
138.9,17.61897056131777,-55.060982166613435,0.000747582417550649,0.002561321179932889,-0.0017035070198714137,6.892660131693358,1.9340801698783157,-0.08207108942654151,-0.005162421055324569,-0.015467338519623005,-0.0037259665331544375,-0.16372491845072784,1.0,1.0,62.31205466186232,81.34956705610972,19.049154624315584,-55.17285470499823
139.0,17.779958155356635,-54.95919284421525,0.000548342431613037,0.0008958646460403411,-0.002282391971307177,6.878107616190693,1.8812931177990952,-0.07157730465577422,-0.005385077158833463,-0.01708934113262683,-0.006960813550643819,-0.13231471217387594,1.0,0.7222011089324951,68.56725155558564,69.68841022869955,19.1809185811117,-55.101173233736276
139.1,17.937334860671868,-54.861874049711794,0.0005655545524178207,-0.0005594984537389703,-0.002839249214577091,6.866903564239685,1.8295693729293758,-0.06487002983696573,-0.0037499435255437872,-0.012517869860866256,-0.0037155811031436056,-0.09926402117463642,1.0,0.40873685479164124,73.39525824258115,67.88349972202265,19.312412806556363,-55.028998152804164
139.20000000000002,18.091468035089534,-54.76829150806483,0.000805768632958288,-0.001337247549333346,-0.0029320649800309868,6.858856422931579,1.782891559479098,-0.061088677050924314,-0.002569880783378384,-0.005078039851344101,0.0003426099718627103,-0.06746984918630751,0.5806875228881836,0.3735920190811157,76.38899876477288,59.323414353035524,19.44363545151419,-54.956330477162794
139.3,18.24220049438745,-54.678088963064724,0.001045816208501335,-0.0014537237801786802,-0.0028000489399056436,6.8540037490989265,1.7396005432267994,-0.05971663074551725,-0.003050557822145958,0.001003104953517101,0.002317123098344254,-0.03691579637278342,1.0,0.0731281042098999,78.71127210141016,62.158116894749405,19.574584670668905,-54.88317122870015
139.4,18.390205152716494,-54.59036954231291,0.0011329745779862367,-0.0011681241075261676,-0.002484233418575847,6.852046195316047,1.706078473742536,-0.06017008813683094,-0.004412288219694399,0.0031483129717750527,0.0032889390517219005,-0.006846058829992184,1.0,0.6043346524238586,83.15015059553599,54.99259705952997,19.705258622549266,-54.809521436216954
139.5,18.535562115803053,-54.50470275868964,0.0010130516130205226,-0.0010386013905038043,-0.0022217131553702927,6.853647281472795,1.672540287916234,-0.06322621122216857,-0.005732098860427252,-0.0005309076581388788,0.001995498358423937,0.032620923389954995,1.0,0.8421524167060852,87.58308236057275,44.527115876908915,19.835655469554975,-54.73538213541221
139.6,18.67823775557472,-54.42067038804068,0.0007862375062307921,-0.0014329403785489322,-0.0020253847138347056,6.85948581451007,1.6442348731009677,-0.06900507453097234,-0.005801273103407554,-0.005733297250051047,0.0023639647752560808,0.0747431648326709,1.0,0.42140793800354004,90.63033213602561,44.95748234028024,19.96577337798253,-54.6607543688686
139.70000000000002,18.818916219897602,-54.337316989887185,0.0005856618515155056,-0.002173781985479379,-0.001631249381870505,6.869128815740086,1.6277361401519097,-0.07675685997648185,-0.004757277048914005,-0.007692997875887273,0.004718517233546732,0.10992729815502077,1.0,0.4617158770561218,93.52372846347747,44.72412590565533,20.095610518050975,-54.58563918603788
139.8,18.95814343035293,-54.25383488498633,0.0004235287582402907,-0.002899135213202357,-0.0010715897329559394,6.881943651238759,1.6170130567637726,-0.08611307965580937,-0.003743716945562657,-0.006378700669429215,0.005172584082584803,0.1400792318308927,1.0,0.6699649095535278,96.68224322312089,37.41883249142721,20.225165063927683,-54.510037643226056
139.9,19.095920676088912,-54.16984087169039,0.0002596359309083391,-0.0033887301199302623,-0.0006065720928742618,6.897632948335698,1.607083631745468,-0.09683236433666201,-0.00307656083791376,-0.0035903224831089577,0.0033476158732378557,0.1677597838778463,1.0,0.8253076076507568,99.7931418865746,28.798922858048357,20.35443519375398,-54.433950803578576
140.0,19.232253783708437,-54.0849425653395,0.00010814620683647486,-0.003538514013407029,-0.00030609272002049613,6.915683380116061,1.6005986716022447,-0.10808837877569012,-0.0023125097129861123,0.00027007858265505483,0.0019375198629907702,0.18694525505446374,1.0,-0.0012785494327545166,99.32290026303535,35.16944571681859,20.48341908967079,-54.35737973706537
140.1,19.367429861248795,-53.998563370217525,6.962522556899311e-06,-0.0032765024545217485,-5.1851370583795844e-05,6.934914196493655,1.6007614418928489,-0.11892628356286258,-0.0013460074995230952,0.003995267504550845,0.002008688129728146,0.19501219796426922,1.0,0.16221559047698975,100.0150138526546,39.51849971051009,20.61211493784421,-54.280325520465816
140.20000000000002,19.501346936600527,-53.910530235114265,-6.073804510960656e-05,-0.0026900998845475997,6.35270597826024e-05,6.954186395950227,1.5913460647752153,-0.12841537848821546,-0.0009332553263705014,0.007383430599283294,-0.0015897129180516732,0.18748024288746887,1.0,-0.7850856781005859,85.79042645173374,48.065145811376205,20.74052092849099,-54.20278923735354
140.3,19.63206587852703,-53.82226980696168,-0.00010333249659483495,-0.0017285806534714366,-0.000458240639766583,6.971392108561916,1.5558044714552668,-0.1350680401045147,-0.0007728786897067551,0.010939254634918589,-0.008047738726719444,0.15986575233950884,1.0,-1.0,71.18241009831993,56.030471996411585,20.86863525590401,-54.12477197808126
140.4,19.758223797940165,-53.735181342893995,1.0420489478605304e-05,-0.0005557998834997718,-0.00140955622010773,6.985195540178596,1.5064330934986683,-0.13867820185736093,0.00010957838529723432,0.012017675602582266,-0.01001641040500363,0.12265557178219592,1.0,-1.0,57.97792031647468,63.23049598836067,20.996456118477646,-54.0462748397654
140.5,19.879458079158148,-53.65007845995097,0.0003418510094473396,0.0005377945374788051,-0.002271422879211931,6.994991239752751,1.4535129577449457,-0.13934534747813895,0.0009645111298744225,0.010177965954103599,-0.007282031896581951,0.08106507142066181,1.0,-1.0,46.04210739153166,69.7387474121424,21.123981718733127,-53.96729892627067
140.6,19.996036695223342,-53.56729961408122,0.0007702902220152999,0.0013483685307696754,-0.002748967952490027,7.000451361370013,1.4035250225684135,-0.13724596664054986,0.000572748229210486,0.006894731086163058,-0.0030237851092469515,0.03658892046098518,1.0,-1.0,35.25307786196143,75.62169122490192,21.2512102633438,-53.88784534819455
140.70000000000002,20.1086100041682,-53.486839281387574,0.001094383433469719,0.0018618457438758728,-0.0028286343975221758,7.001276412808975,1.3607576684988947,-0.13248224817406987,-0.0012139014447921574,0.004196694091729157,0.0005586304902468227,-0.011157569971719948,1.0,-1.0,25.50064969289358,80.93940648366114,21.378139963160354,-53.807915222851676
140.8,20.218074037127018,-53.40845110120657,0.0011826438587090576,0.0022131365208669534,-0.00260314054343199,6.997141057599138,1.3280436071708486,-0.12508161824055314,-0.003427641158588881,0.0030148219001082635,0.0031365063949289305,-0.06147005222136905,1.0,-1.0,16.685227051575005,85.74619989751429,21.504769033235974,-53.727509674258116
140.9,20.325484179572065,-53.331750475647546,0.0010329479933836917,0.0024909189869031212,-0.002146388374536175,6.988125843775228,1.3069423529020754,-0.1154093353780962,-0.00493835650820595,0.0022253499447675604,0.005109699515496028,-0.10848267362633857,1.0,-1.0,8.716783193505554,90.09116043021743,21.631095692851456,-53.64662983311558
141.0,20.431960808250565,-53.25628255028204,0.0007316763271283672,0.002666913073133172,-0.0015067972827265085,6.974844947532134,1.2978875994730295,-0.10398038907566927,-0.005223110596744353,0.0009553434611670339,0.006609463449611826,-0.14788781739071527,1.0,-1.0,1.5139410720633506,94.018660617003,21.757118165540223,-53.56527683679549
141.1,20.538521352058034,-53.18165021375169,0.0003781361804207052,0.0026723196492656545,-0.0007778499077541089,6.9582298512882295,1.2975998615833024,-0.09148521663169772,-0.004509400505021299,-0.0009874068670169432,0.0066773090198869725,-0.17663057182863676,1.0,-0.13142889738082886,9.385999063205585,95.03166964920894,21.88283467911333,-53.483451829323016
141.20000000000002,20.64577263263052,-53.10776157884282,4.6646280531210024e-05,0.0024574247139179987,-0.00014148338761643052,6.9394544406064576,1.3016356356063978,-0.07872721686514848,-0.0031978814020096214,-0.003000795367627762,0.005242437697548599,-0.19383370968004396,1.0,-0.06181192398071289,17.114401766178336,95.4839310173825,22.008243465684384,-53.401155961360985
141.3,20.754194537440657,-53.03454989636676,-0.00020099541892191453,0.0020915520032285407,0.0003336101720695713,6.919496998232357,1.3100284531862854,-0.0661691314345031,-0.0015685723043239379,-0.0038738509086935794,0.0036954292012621975,-0.2024725173707129,1.0,-0.032524555921554565,24.341318069677392,95.68227359457248,22.133342761694387,-53.318390390193684
141.4,20.864199092183224,-52.96193348507987,-0.0003384037040390933,0.001712419401057154,0.0006565983024713127,6.899093458169634,1.3214214947451506,-0.05411763656754738,-5.824914841644235e-05,-0.003464208450630592,0.0022164028263761673,-0.20407703300608004,1.0,0.16965600848197937,32.281752527786416,94.14559417869246,22.258130807936546,-53.23515627971059
141.5,20.975606071484886,-52.89020959691535,-0.0003902053067441617,0.001356804078224054,0.0006980040604556517,6.879184234666407,1.3224392499992765,-0.0433225384109007,0.0007386568883963525,-0.0037230631978264787,-0.00207447715629323,-0.19314842443194155,1.0,0.6687266230583191,41.3218647003694,82.11521168043333,22.382605849581022,-53.151454800390006
141.6,21.087164393376298,-52.820289706215185,-0.00035837293783869465,0.0009294053431326111,0.0002798204413592686,6.861064555661509,1.3128351612002456,-0.034361675698542996,0.0013994039427401893,-0.0041711309782359075,-0.004900951974606741,-0.17359010698229072,1.0,0.3095620274543762,48.359425521941134,80.39053699427801,22.50676613619959,-53.06728712928261
141.70000000000002,21.198562419842382,-52.75223290316585,-0.00019684342789104466,0.0005181676204620387,-0.00022763213872301497,6.845068839715608,1.296297308137267,-0.02718032767434004,0.0018463971635079943,-0.004325294003609507,-0.006051216988127766,-0.14887943355418898,0.3379974365234375,0.6457222700119019,54.61987814208839,64.75225811598476,22.630609921790274,-52.98265444999489
141.8,21.308583470465344,-52.686627287561,4.770030139768423e-05,8.24173438633198e-05,-0.0008415653235960079,6.831932557807507,1.272621536181561,-0.0220464808393765,0.0018500022001085071,-0.0040672554008243265,-0.005131736726938115,-0.12095763191498134,1.0,0.14386513829231262,59.49570762612849,66.4329234914443,22.754135464801863,-52.89755795267251
141.9,21.417919238902048,-52.62273725564545,0.00034055180837430383,-0.00018743116732758414,-0.0010421572891851248,6.821154200894885,1.26356033002778,-0.01802949424794047,0.0014854122361189586,-0.0018655773696134369,0.00015758954553574882,-0.09946029716119448,1.0,0.23673543334007263,64.43147205114099,67.02722144650943,22.87734102815846,-52.811998833983544
142.0,21.527188681197067,-52.559968700368614,0.0005262633135588392,-0.0002920796191293013,-0.0008770851181983867,6.812638254708989,1.256003742981168,-0.015435603917152695,-0.00014475949187561413,-0.0011744522836556095,0.001653686390363717,-0.07374706735550746,1.0,1.0,70.8243346517485,54.22195887947581,23.000224879283856,-52.725978297101705
142.1,21.635969007051003,-52.498390558575664,0.0005031886190659876,-0.0004834641111682706,-0.0007620805416416125,6.807196492393835,1.2475829579062656,-0.014746000278849964,-0.0018834679294447254,-0.002415460691395235,0.0013325209145409454,-0.04194948381991342,1.0,0.3442278206348419,75.17957751374347,54.757766804220864,23.122785290125915,-52.639497551689374
142.20000000000002,21.744676625271307,-52.437497562351346,0.0003531413107544186,-0.0008137539873156438,-0.0005897881328293426,6.805012651744387,1.2440396938850609,-0.015924817947382285,-0.0025929754445988755,-0.004175618042376819,0.001662125612413497,-0.006890829510057352,1.0,1.0,80.53977070559459,43.131343662916876,23.245020537180885,-52.5525578138806
142.3,21.853239217499326,-52.37707807697018,0.0001706003311785768,-0.001336870316010781,-0.0004040526207152367,6.806676486930097,1.2426369412889682,-0.019276832739362107,-0.0022767174422573468,-0.005458934258845207,0.002345822584609319,0.0311244131711158,1.0,-0.06332194805145264,81.4190832525134,48.58074684794003,23.366928901517618,-52.46516030626402
142.4,21.96212102753579,-52.316524091130454,3.344484028768828e-05,-0.0018370421283138284,-8.241712989120876e-05,6.8118119277963,1.247757849194911,-0.024197488296138617,-0.0014199741817385939,-0.004675664074777269,0.003366212679002384,0.06540888313885178,1.0,0.6286742687225342,85.65349536868092,41.83797749718195,23.48850866880175,-52.377306257865634
142.5,22.07151385585027,-52.255415438799936,-6.482985632730499e-05,-0.0022284659831963817,0.0002791213640513765,6.820417496865578,1.2573096109187334,-0.03075300553833335,-0.0006733108729781097,-0.0032226605414834666,0.0035907750315932966,0.09898718423941767,1.0,0.3923373222351074,88.77807938122793,42.93694715667728,23.609758129319797,-52.288996904131565
142.6,22.181938605947202,-52.19308457876799,-0.00014499473483960902,-0.00240933626133102,0.0006858410391285652,6.831998224184525,1.275331190468515,-0.038319172261834386,-0.00013324837860632374,-0.0009326206655390729,0.003871466187014703,0.12622480395568886,1.0,0.42066651582717896,91.70784236646841,43.53091244326515,23.73067557800323,-52.20023348691063
142.70000000000002,22.293873916180182,-52.12888350815479,-0.00023844249841059188,-0.002371282274312333,0.0010944398875740373,6.845945766326737,1.3000503793888014,-0.046558164081471634,0.00016949083113580558,0.0009328662315986026,0.0036015964699231398,0.14757226846506605,1.0,0.4048803448677063,94.29818392741838,44.29357298801483,23.85125931445242,-52.11101725443694
142.8,22.40767374484205,-52.0622477333272,-0.00035774819376535794,-0.0022098903931903943,0.0014548910360252108,6.861720266712497,1.3301315144134278,-0.05524533822604689,0.0004444506335670506,0.001543373891452164,0.0029723230767500753,0.16398317794847178,1.0,0.42352452874183655,96.70785756331442,44.71538797601474,23.971507642960557,-52.02134946131227
142.9,22.523457670871856,-51.99278502584257,-0.0004916288236281474,-0.002086124213886159,0.0017086689049555879,6.879017866183921,1.360671009009533,-0.0644877109797992,0.0007917181094501422,0.00027252179263552044,0.0013829521933815202,0.1793655771362158,1.0,0.6841476559638977,99.58833091327615,37.157873176505284,24.091418872537496,-51.9312313684885
143.0,22.640929249104392,-51.92039155455308,-0.000605570350118583,-0.0021358433589187186,0.0017912947556715621,6.897770881668594,1.3902078072168553,-0.07421521436525544,0.0014068936500460996,-0.001309085413406414,9.472994871333426e-05,0.1916032035515266,1.0,0.09882283210754395,99.85555768840376,41.8993177008266,24.210991316933562,-51.84066424324982
143.1,22.760147640013315,-51.84470165763029,-0.00065220682962772,-0.002246074403713837,0.0018549465428125639,6.9172567148101,1.4235262972968195,-0.08392787991151457,0.002250031813877583,-0.0014253489455128513,0.0004159645584372347,0.19641688669557542,1.0,0.18673399090766907,100.63985478260871,45.362801401001946,24.330223294663213,-51.74964935919494
143.20000000000002,22.88126998082719,-51.765351626196036,-0.0006434222116291094,-0.0023315863028357843,0.0019771186362902266,6.937041859860237,1.4600361035236102,-0.09370617937865211,0.002819268251295111,-0.0011282060680690563,0.0009547299601636374,0.1988102963129515,1.0,0.3546084761619568,102.17399028812214,46.61931290807787,24.44911312902873,-51.65818799621916
143.3,23.004380869743276,-51.68206004161888,-0.0006303546283159662,-0.0023837758984720766,0.0021225058229035407,6.956995384681387,1.498631505078288,-0.10352650350824562,0.0029274399284863434,-0.0007242677276144281,0.000921617700175241,0.19949743489537616,1.0,0.11733463406562805,102.31375541579956,50.28633033903156,24.567659148143782,-51.5662814404964
143.4,23.12942588210217,-51.59464155117971,-0.0006500056209120594,-0.002355085120017567,0.0022197770172106414,6.97672709889941,1.5368696191493745,-0.11299306158661873,0.002773727655140343,0.00038986542343691995,8.512727682658623e-05,0.1948392283634243,1.0,-0.18912813067436218,99.94891898280522,55.84687207320449,24.685859684956924,-51.47393098446107
143.5,23.256056415380275,-51.50319474944833,-0.0006983935072707,-0.002165308359184003,0.002179768138050922,6.995539762856056,1.5702109201771852,-0.12157480673598124,0.002674638106398947,0.0023050899648787266,-0.0015563422033593594,0.18248893662645344,1.0,-0.4146146774291992,95.1527751981974,61.91866380746576,24.803713077275056,-51.38113792678995
143.6,23.383838579639328,-51.40802428170604,-0.000726530125889739,-0.00181545329589361,0.0020116967932490228,7.012859101436468,1.6008434071311577,-0.12915263556506026,0.002990614968658241,0.003335846142453776,-0.0019358664371544754,0.1675746920211792,1.0,0.008355306461453438,95.20220602324127,65.03248432221447,24.92121766778679,-51.28790357238387
143.70000000000002,23.512876937415644,-51.309090336835155,-0.0006914277343419485,-0.0014928273933876115,0.0019158035940594629,7.028841064060507,1.6337314043685418,-0.13602396498533056,0.003496615697604927,0.002510870642186192,-0.0007467491360356837,0.15450855200794836,1.0,-0.16423185169696808,93.76399682927917,69.031213742361,25.038371804085763,-51.19422923234942
143.8,23.64323904594444,-51.20638174539145,-0.0006267391974044307,-0.0013288408837975564,0.0019146793010535045,7.043646966238775,1.6671019807198295,-0.14242384430507363,0.003617147191807378,0.00029901739366035545,3.3577885543529016e-05,0.14506919289510278,1.0,0.36598241329193115,96.00540983808818,67.86788266937067,25.155173838693855,-51.10011622398045
143.9,23.774929977631526,-51.09994325131318,-0.0005864639169109497,-0.001417020867886258,0.00193817303089112,7.057783478345216,1.699969007106758,-0.1486482511224753,0.0033046483566656114,-0.0017553972655886402,-7.426527499106268e-05,0.1380199144240465,1.0,-0.2409396767616272,93.71376482949817,72.02115314399367,25.271622129084392,-51.0055658707396
144.0,23.907868153344015,-50.98983488363421,-0.0005889783512657324,-0.0015915127452300498,0.001932791043074428,7.071064245247198,1.7326517908721881,-0.15446638743651586,0.0029575650306984487,-0.002152047703332391,-0.000277399019202248,0.13017222228033282,1.0,0.24701878428459167,95.4151452649469,71.96888920079033,25.387715037705192,-50.91057950223964
144.1,24.042085834981467,-50.87605393363473,-0.0006145576014380853,-0.001756206837059101,0.001927871920229639,7.083701757656194,1.7654491629569822,-0.1600436044130124,0.0028306210629602292,-0.0013893709487516382,-0.0002949535708077469,0.12299655829190578,1.0,-0.2440083622932434,93.1474652799673,75.74401385277113,25.503450932001655,-50.81515845422483
144.20000000000002,24.177074161156543,-50.75908617413383,-0.0006518729680395452,-0.0016594662627487146,0.0017591266337835725,7.0949459670599015,1.7830979822164617,-0.16410420234665116,0.002574555286065877,0.002851231717541903,-0.003901933750603557,0.10220892302682702,1.0,-1.0,77.83259049802533,81.04997645091136,25.61882818443967,-50.71930406855206
144.3,24.310766843998433,-50.64121358142749,-0.0006568114782789032,-0.0009720072377348906,0.0009126404144014434,7.102998594473174,1.7626918823904714,-0.16509943927133047,0.0022461076526847264,0.009269226968403122,-0.012197489312181096,0.06470987000713553,-1.0,-1.0,57.771110123698925,79.62809983187208,25.73384517252853,-50.62301769317208
144.4,24.440937717818723,-50.52529558671354,-0.000452025893076111,0.00022936388520189286,-0.0005819959204726606,7.106832131009286,1.717134701364633,-0.16256011768350145,0.002934854244522232,0.013356730243694931,-0.015107885159353181,0.019880618273440086,1.0,-1.0,45.85516735729144,84.56088254397999,25.848500278843723,-50.52630068211043
144.5,24.56751835402787,-50.41204250522461,8.281350860259577e-05,0.0016215617748848586,-0.0017861107996586488,7.105814815698328,1.67422608519034,-0.1561418599482369,0.0038835812000862662,0.013788087683824047,-0.009477773925153105,-0.03090586797070578,1.0,-1.0,35.08409887725719,89.01972742354982,25.962791891049722,-50.4291543954485
144.6,24.69110300696589,-50.30149581328122,0.0007339503300247201,0.0028518688723389585,-0.002326191120176211,7.0995584109850665,1.6369247442193349,-0.14598627809033882,0.002808813359026478,0.010643296412213904,-0.0031795397588855598,-0.0833423283108364,1.0,-1.0,25.34790607439727,93.0501700398982,26.0767184019226,-50.33158019930434
144.70000000000002,24.812471674026614,-50.193531314876154,0.0011739041738798677,0.003612440446286678,-0.0023650109543390434,7.088335062719584,1.6073760080762736,-0.13287286810422236,-0.00038383302390001314,0.004929385202952609,0.0005171178006276354,-0.13044784090812028,1.0,-1.0,16.547158918237702,96.6933709411245,26.19027820937269,-50.23357946581348
144.8,24.93254777031577,-50.0878478931316,0.0012395013933366695,0.0037596981191892246,-0.00212542459393918,7.072992636155766,1.5879315501659086,-0.1178861806959407,-0.003853563977969584,-0.001375012702109152,0.0026276016627940144,-0.16696536427413294,1.0,-0.4546959400177002,19.15725210744889,98.98092449392898,26.303469716467056,-50.135153573109605
144.9,25.051862618447657,-49.98449772723345,0.000974968337029921,0.0032709260674985636,-0.0018785808196763764,7.055168552427097,1.56179221838428,-0.10298859323566012,-0.006276355576401569,-0.008078254363875978,4.279766203887209e-05,-0.18115780165994963,1.0,0.7075838446617126,29.532648082539843,85.8363643452628,26.416291331452,-50.036303905305225
145.0,25.169096313920598,-49.8851826001151,0.0005770408068302579,0.002133819094990352,-0.002149568852083431,7.037571055171086,1.512572358710018,-0.09055735923718766,-0.006591640530313419,-0.013635480863487046,-0.004987242972187378,-0.17025068855821096,1.0,0.7034777402877808,38.90367895359962,74.0166976434486,26.528741467775422,-49.93703185247216
145.1,25.28308891425469,-49.790975804759725,0.00036380943993145074,0.0007085092556253524,-0.0027224211255980862,7.021913389000299,1.4508269273884051,-0.0813073547929879,-0.004557102830437242,-0.01465548020934258,-0.00615635635796757,-0.1459612431013972,1.0,1.0,47.7492315744734,60.5398917726277,26.640818544109138,-49.837338810622015
145.20000000000002,25.393317516535387,-49.70206422437468,0.0004847547500599121,-0.0005036757350926817,-0.003137662540389723,7.008972910959854,1.3922087664061402,-0.07494941435309478,-0.0018466089699979023,-0.010249897458042351,-0.0019414982320687777,-0.11939944494558895,1.0,0.25299757719039917,53.89734585602703,61.52626882145658,26.7525209843711,-49.73722618168655
145.3,25.500678869589258,-49.61722067257721,0.0008225620443355128,-0.0010031065607220585,-0.002952049379083587,6.9981776549164385,1.3515362626379728,-0.07000087285665663,-0.0006524476768991852,-0.001731217976688276,0.004255526385515987,-0.10197101077752281,1.0,-0.3355652987957001,54.57143361016606,66.73781001286275,26.86384721774759,-49.63669537349796
145.4,25.605989123406708,-49.53539255099898,0.0010628097820004352,-0.0007177994425934379,-0.0024160317980141516,6.988845040539199,1.3183528172103613,-0.06588551553686935,-0.002058665314376889,0.004529514057978899,0.00520193086192026,-0.08585879296406956,1.0,0.6597355008125305,61.45170811014946,57.51649415640707,26.97479567871528,-49.53574779976907
145.5,25.709322682074152,-49.456302349863485,0.0010160028312907851,-0.0002083025962017537,-0.0020162261303328195,6.981654261144855,1.2889850408880004,-0.06317807855362344,-0.0042224447030798735,0.004581038954221089,0.0035738752342080776,-0.06243390253623678,1.0,0.4555235505104065,67.12801981306335,56.177002273824336,27.085364807063268,-49.43438488007348
145.6,25.811372194306994,-49.37908466239836,0.0007716174783963616,7.16178224727751e-05,-0.0016251809115948037,6.976858254259152,1.2728152553268293,-0.06167163044852732,-0.005024580173816364,0.0011971354389295526,0.004450645577090389,-0.038354835707842455,1.0,0.3410603702068329,71.82492934077484,56.56431354327504,27.195553047915013,-49.33260803982559
145.70000000000002,25.912961844097538,-49.302791991972626,0.0004741979963537055,-6.869501865874739e-05,-0.0010796953657814159,6.974532819516304,1.2673928592041777,-0.06155406946113758,-0.0044791392726497145,-0.003230997111713515,0.00598428311701456,-0.012615282746202359,1.0,0.5342691540718079,76.74546495873838,53.817036605478485,27.305358851750185,-49.23041871026051
145.8,26.01460735633171,-49.226779083851156,0.0001988883191784211,-0.0006239695175249231,-0.00045292271041902593,6.9750411632651845,1.2687367147827113,-0.0632612301935638,-0.0033461828981854666,-0.006869085869567855,0.006270774153841987,0.0174737310343816,1.0,0.5476142168045044,81.22988035529895,50.99918628915144,27.41478067442649,-49.12781832841403
145.9,26.116697985805306,-49.15047981781742,-2.79465222330967e-05,-0.0014070597053601399,0.0001400885795112282,6.978749131450061,1.2764950141418934,-0.06691565144091323,-0.002098490480144161,-0.00805647145687337,0.0055673948765313525,0.050238112589309436,1.0,0.5124106407165527,85.18424591392129,49.26506784137372,27.523816977201328,-49.024808337102314
146.0,26.219634722502274,-49.07324312044527,-0.0001998163197028169,-0.0021094017953709574,0.0006584014311393729,6.985607481944416,1.2918955486995345,-0.07208613438351985,-0.0009237687692200989,-0.00589486675155488,0.004793157650884058,0.07976819321641204,1.0,0.16185283660888672,87.23262316888497,52.26330402900509,27.632466226753515,-48.92139018490167
146.1,26.323819988932232,-48.99434312820864,-0.00032650222157697053,-0.0024039801106100806,0.001104224109270784,6.994826887961048,1.3136653759244732,-0.07781599459976553,1.1932874324108075e-05,-0.000793142801698677,0.003751118065687416,0.09853911471999746,1.0,-0.2514204978942871,85.67144153991794,57.969698290463946,27.740726895204748,-48.817565326128154
146.20000000000002,26.429416785138965,-48.91328030214005,-0.00042763944715892225,-0.00216913446486647,0.0014283265710013132,7.005339069839084,1.3395351936448605,-0.08356562655754778,0.0007301870697936201,0.003723547543224342,0.002579481598164098,0.10968906726549155,1.0,0.37996912002563477,88.74625049670468,57.68549204514877,27.848597460141175,-48.71333522081714
146.3,26.53663828423579,-48.829618655706604,-0.0005071587635544942,-0.0017251030794652978,0.0016585360077991241,7.017061864846024,1.3692106804771738,-0.0896972622610711,0.0013356783093321372,0.004035111640019626,0.0017129070880443772,0.122620776275917,1.0,0.5057891011238098,91.95886513604363,55.44164339749764,27.956076404634747,-48.60870133470277
146.4,26.645565813421378,-48.74301741688446,-0.0005668623305218664,-0.001449528786648145,0.0018162924273910212,7.0301279643556365,1.401864851921972,-0.09626796242012696,0.0018538028353088363,0.001345872913224325,0.0012689995345562203,0.13561407337916181,1.0,0.2963331639766693,94.07032261771882,56.433804965545285,28.063162217264583,-48.50366513919734
146.5,26.75628554886395,-48.653098631179056,-0.0006086510132167458,-0.0014945517633140417,0.001946626659488626,7.04440683277281,1.436580649020421,-0.10336085881444976,0.002234147116174927,-0.0021514838214811557,0.0008614918858967874,0.14789410934744707,1.0,0.5535086989402771,96.9059990867466,53.20188348655609,28.1698533921382,-48.398228111370614
146.6,26.868670860959096,-48.559701187318936,-0.0006416100773137674,-0.001853417068342495,0.0020193311723582436,7.059972161327481,1.471325361828359,-0.11123096404036067,0.00247346269778319,-0.004787806964515656,0.00029348215530044326,0.1605997260658643,1.0,0.4551110863685608,99.1745122526026,52.28356077365335,28.27614842891272,-48.29239173392905
146.70000000000002,26.982655624786165,-48.46257183614536,-0.0006616744733083349,-0.0023120623808325935,0.002074799743236524,7.07657321006373,1.5077770351417517,-0.11954769610379651,0.0026979010159806625,-0.004513159795663027,0.0002215632268527712,0.16838980286321562,1.0,0.015152022242546082,98.88900910625124,56.26987520769334,28.38204583281593,-48.186157495194976
146.8,27.09821186863207,-48.36142114712159,-0.0006713945876455834,-0.0025717472174707615,0.0021500894029484667,7.093530572912378,1.5462481414515192,-0.12785480444233893,0.0028902541599625706,-0.0017810478051465534,0.0004403490961543652,0.16993947872839962,1.0,0.12714426219463348,99.4070340707371,58.92038760484058,28.487544114667337,-48.07952688908562
146.9,27.215348524835427,-48.25599770589783,-0.0006839448463785324,-0.0025415014366608063,0.002249294784617677,7.11048428366324,1.586567209619324,-0.13604719958484274,0.003011535593036248,0.0009553132800439872,0.0006011198548956384,0.16902074803724948,1.0,0.11774929612874985,99.81531446757471,61.40177662292207,28.59264179089909,-47.97250141509212
147.0,27.334017817486146,-48.146146487814484,-0.0007131124209460354,-0.0023374958437780416,0.00233626521473563,7.1273671854416225,1.62694956201436,-0.14419777565104872,0.003062932446864527,0.0017081516220681893,0.000245231853196484,0.16941946586731552,1.0,0.46128955483436584,101.82481975812061,59.59545186868685,28.69733738357685,-47.865082578258445
147.1,27.454020220529248,-48.031891852942614,-0.00075679130306933,-0.00221449738313248,0.002355653279815128,7.14455150894067,1.6654780406666267,-0.15263925595399946,0.0031430833070762816,1.0125139274579922e-05,-0.0004918896770915321,0.17384594061956407,1.0,0.4766343832015991,103.69099444599902,57.70456974298997,28.801629420420575,-47.757271889160215
147.20000000000002,27.575099667776474,-47.913262039890824,-0.0007907839500525313,-0.0023073656055202646,0.0023147772173168595,7.162240402820037,1.702261170601391,-0.1613573143889527,0.003352893587100841,-0.002107562108079915,-0.0009931373954960544,0.17846731570748386,1.0,0.3079295754432678,104.14208663953815,58.34443175432292,28.905516434825213,-47.649070863883466
147.3,27.69697618511423,-47.790283879281745,-0.0007936004086454668,-0.0025235277408092024,0.0022453587642398015,7.1801523556205415,1.7375138495094953,-0.17003103924849783,0.0036283915106525315,-0.002596817927878706,-0.001091648805927896,0.17882456958169946,1.0,0.04292161017656326,103.39341330895185,61.525536746459025,29.00899696588133,-47.540481024003334
147.4,27.81903222493834,-47.66345233896702,-0.0007746288460109176,-0.0025800117765314473,0.0020077232878608882,7.197350393046776,1.7553123111056412,-0.17750838561971785,0.0034082683159291013,0.0010686115913366705,-0.005207696094946275,0.16344262561795084,1.0,-1.0,87.09411600435644,68.19759929569116,29.112069558395667,-47.43150389656266
147.5,27.939305999989813,-47.535238303274824,-0.0007110422877775454,-0.0020218007155143216,0.0011135499565856496,7.211662797177619,1.741216536604788,-0.18200697947249259,0.003117920245117503,0.008227156475325511,-0.011555449886727739,0.1278746521629785,1.0,-1.0,72.36084219750647,74.22861539149251,29.214732762911588,-47.322141014050494
147.6,28.05665224889256,-47.40765301102758,-0.0004528161063212546,-0.0008475374565061056,-0.00014225703614628975,7.221846986523581,1.7107131593735023,-0.1830425394414742,0.0035821308737756514,0.013477146456093232,-0.01273226763942292,0.08370171775428556,1.0,-1.0,59.043129598546074,79.68017626632289,29.316985135729475,-47.21239391438058
147.70000000000002,28.17077284064564,-47.28185647095367,3.284660455004447e-05,0.0005912943364109262,-0.0012431109354773154,7.22732793742839,1.673699041928225,-0.18038257040906513,0.0037745520573535768,0.014462211822690169,-0.009537216224414436,0.03503556454419931,1.0,-1.0,47.004972214540395,84.60795551610326,29.418825238927017,-47.10226414086968
147.8,28.281860723050116,-47.15841314731734,0.0005849869177062941,0.0019065868600608431,-0.0019382267678327248,7.227703785947333,1.6366094176482602,-0.17395988054493364,0.0025195846392612312,0.01197082621214908,-0.0052650353821355935,-0.017684815560133117,1.0,-1.0,36.123431399986174,89.06227766201926,29.52025164037945,-46.991753242215935
147.9,28.390427438062968,-47.03747383201968,0.0009856584262870596,0.002877603243834269,-0.0022349266500112904,7.2226263094080965,1.6038838229930694,-0.16390613912023674,-8.423988279002278e-05,0.007870689255698048,-0.0017778674033611258,-0.07263533699868625,1.0,-1.0,26.287380356482604,93.08863208535952,29.621262913779663,-46.88086277247703
148.0,28.497216339210688,-46.91891102916484,0.001113884520011929,0.0034009588130033564,-0.0022165951751319953,7.212296766841583,1.5784792251449797,-0.15093034924732357,-0.002885276267078429,0.0030636254276861005,0.0008714324792930237,-0.12268764811413926,1.0,-1.0,17.396369259873385,96.72813758390444,29.7218576386583,-46.76959429104837
148.1,28.60309102582767,-46.80240309571593,0.000988319712711572,0.0034705735911273006,-0.0019406229680190245,7.197500248042689,1.562012964008752,-0.1359175752002744,-0.004724621062506152,-0.001246042472952537,0.0031266383545520927,-0.1634774804340316,1.0,-1.0,9.359599425068737,100.01796229410715,29.822034400403687,-46.65794936264113
148.20000000000002,28.70893447930134,-46.6875153727558,0.0007104503540342235,0.00319687946146783,-0.0014513218283052753,7.179278088291175,1.5548272506799106,-0.1197524095821491,-0.005152123609953586,-0.004036519796914412,0.004951567814171534,-0.19311491810725576,1.0,-0.46815189719200134,12.439751166798931,102.0304545861605,29.921791790281773,-46.54592955726031
148.3,28.815550285410325,-46.57382266303123,0.0003861039857513858,0.0027602877153092534,-0.0008330620343699701,7.158735062399216,1.5556446230731937,-0.10318730295392109,-0.0044312948066784095,-0.004675596125853098,0.005815319369076267,-0.2125729058855867,1.0,-0.4699608385562897,15.193539817316951,103.85545055325402,30.021128405455897,-46.43353645018254
148.4,28.923378984376555,-46.46124729926204,7.973587395426434e-05,0.002331785233193549,-0.00029579474464018094,7.136914540995778,1.5543769250605723,-0.0870082349566647,-0.0032929860046056695,-0.004380867451043964,0.003396808499925858,-0.2194399585483192,1.0,0.4663447141647339,25.350014512064405,97.88671810053675,30.12004284900656,-46.32077162193404
148.5,29.03209893166689,-46.350467851896745,-0.0001504584327292865,0.0019249254680236477,-0.00010934455956716599,7.115162177058037,1.5483751046912253,-0.07199987556140452,-0.0017822663177264437,-0.003664761155283689,0.000639173898913716,-0.2161500877907771,1.0,-0.03773507475852966,31.74348305860266,97.89232784906508,30.21853372995102,-46.20763665826838
148.6,29.141929535776814,-46.241291718756585,-0.00022150182882971588,0.0016624250467302995,-2.5825165939497343e-05,7.09387076787875,1.5466910351689582,-0.05794529324598502,-4.3789290191758505e-05,-0.0019963700808441802,0.0003836114268272606,-0.21001413830614601,1.0,0.2495225965976715,39.41173252239268,95.32744846081297,30.316599663262885,-46.09413315014409
148.70000000000002,29.25289136352295,-46.13369899677228,-0.0001667667563012557,0.001516852413126295,2.6248641133535996e-06,7.073565982448175,1.5425946481859916,-0.04522974078624746,0.0009178493663081645,-0.0013421814802580484,-0.000582656743873589,-0.1972560886169512,1.0,0.5027940273284912,47.35541114997723,89.52549469658433,30.41423926989159,-45.98026269370239
148.8,29.36439322083965,-46.02821708006707,-7.101657158028718e-05,0.0013125001974270349,-0.0002063175740810088,7.055113990141697,1.5262014082378725,-0.03454967228923752,0.000821075042895193,-0.0028931029389227623,-0.003983673327305754,-0.1742244716059727,1.0,0.7107385396957397,55.027262934581685,77.24266701232666,30.51145117678177,-45.86602689024471
148.9,29.47512281427952,-45.92591537006596,4.2774496391871395e-05,0.0008466403164798311,-0.0008216133222415725,7.039639781778264,1.492632503957231,-0.026708800192204646,0.0003643369957281987,-0.006020360030449539,-0.007642051552250306,-0.14052926530303342,1.0,1.0,62.323674453834414,63.45591257499636,30.608234016892588,-45.751427346210136
149.0,29.583941746453583,-45.8274739759648,0.0002351945904464653,9.53115044186363e-05,-0.0016244856033557045,7.027957657904997,1.4496451384409617,-0.02203212544479186,0.0002389124368507657,-0.008509470634825536,-0.007850093942811455,-0.10042331358519728,1.0,1.0,68.91905256809804,50.99377851871881,30.704586429216953,-45.636465673152884
149.1,29.690298590431667,-45.732906891249655,0.0005237235345224501,-0.0007900408442348541,-0.002246517427545473,7.020514988007417,1.4055721530097418,-0.0205405728398367,8.402148104862665e-05,-0.009039568989307908,-0.004832321443307153,-0.056666464126294974,1.0,1.0,74.8807520083405,39.72899637274,30.80050705880065,-45.52114348771958
149.20000000000002,29.7941167897786,-45.641776812012424,0.0008192846983728473,-0.0016266844138588226,-0.002496838496535409,7.017642229808001,1.3659273186816538,-0.02218386294225749,-0.0007557703779672753,-0.007867063787948896,-0.0009184577414561976,-0.00965267279635771,1.0,0.8864266872406006,80.16106223278463,30.3505248376566,30.89599455676141,-45.405462411626544
149.3,29.895656221767815,-45.55335125726893,0.0009938879793609105,-0.0023142269977321443,-0.0023841052115752357,7.0196883407212916,1.3343286270889883,-0.026857619224783878,-0.002282448072249951,-0.006102165440591104,0.002276099210917446,0.04086680237971833,1.0,0.7552480101585388,84.75676009764591,23.16109920685469,30.991047580307868,-45.289424071637015
149.4,29.995389679280503,-45.46666817559537,0.0009751830794039713,-0.0027998422410988213,-0.0019898641457837133,7.026705695856505,1.3139806110998935,-0.033893928948416495,-0.0038104093875731817,-0.003576615904488269,0.004721224817553797,0.0885671236733689,1.0,0.41318267583847046,88.04567061001676,25.763198377644443,31.08566479275844,-45.17303009953824
149.5,30.093956036584974,-45.380567759349326,0.0007766491252441395,-0.002983220018246342,-0.0013807369529808483,7.037957794387516,1.305662091911621,-0.042344858351819586,-0.004680712760681446,-0.0003766227032540656,0.006270912316697365,0.12742650620592005,1.0,0.5730340480804443,91.5110334021676,24.828965025954478,31.179844863560145,-45.056282132118525
149.6,30.191827754377428,-45.29408421014613,0.0004618141392447668,-0.002888634930111358,-0.000694687474264033,7.052625100411113,1.305712151537205,-0.051696624670713266,-0.004644006771200008,0.0018771362593498265,0.006322735536889999,0.15865273793519835,1.0,0.6287513375282288,94.77599008798056,20.36607463268333,31.27358646830728,-44.939181811144245
149.70000000000002,30.28929588657162,-45.206462119789784,0.0001213269715608571,-0.0026556041095942844,-5.156044930395106e-05,7.069983088206268,1.3129294631184805,-0.061536621938151854,-0.0036755703960023754,0.002578546629433519,0.005714522770056388,0.18244532397889018,1.0,0.5020184516906738,97.39798539843686,21.781355254576734,31.366888288760073,-44.82173078333673
149.8,30.38669795322292,-45.11692847069311,-0.000162773349356965,-0.0024193240508379637,0.0005338730154883949,7.0892646760315134,1.3277816468135362,-0.071540945250529,-0.002119338809366569,0.0020101116011959994,0.005105433053758459,0.19889274875721677,1.0,0.4506416916847229,99.6042100468944,23.953131430254583,31.45974901286322,-44.70393070034912
149.9,30.484317957852873,-45.02480898783108,-0.00036033331230760746,-0.002283781881238371,0.001042742250675209,7.109857082946736,1.3488693684293098,-0.0816370244827688,-0.0005491818721621879,0.0005892561481620226,0.004224753863904106,0.2100752624541448,1.0,0.4566369950771332,101.61857471235942,25.820453602184887,31.55216733476431,-44.585783218743146
150.0,30.582354849610827,-44.929553111205884,-0.00048407132604380527,-0.0022889172413080934,0.0014454618587749885,7.1313194399737565,1.3748548188590373,-0.0918000621689326,0.0006745872990902462,-0.0008351967109366324,0.003055944813023035,0.21705625674619167,1.0,0.29360902309417725,102.78918758402743,29.689936507237515,31.644141954832218,-44.467289999965814
150.1,30.680929743424027,-44.830714748469106,-0.0005600045515600537,-0.0023874682020832622,0.0017312534180797786,7.153243473119762,1.4047293903922133,-0.101962622583428,0.0014998126928152894,-0.0015528577375797672,0.001903106597548538,0.22029905396988847,1.0,0.26620858907699585,103.71528883314215,33.49597167862987,31.735671579675365,-44.34845271032607
150.20000000000002,30.779976753380822,-44.7281056486829,-0.000612327771416308,-0.002527594675485115,0.0018606345129247468,7.175433648041032,1.4320501487260202,-0.11226338597981056,0.0018924231580447527,-0.002003297536148263,-0.000413178472053387,0.2233344426799712,1.0,0.8544066548347473,104.44119897260674,24.986234623724492,31.826754922159914,-44.22927302097134
150.3,30.878925145890733,-44.62218567949263,-0.0006394402706323269,-0.0026912923349445192,0.0017218940124142336,7.197943586796879,1.4531240144051063,-0.12265668365315786,0.002199070756165809,-0.0019085097220516679,-0.0026025799747331968,0.22576131069945304,1.0,0.3539000153541565,104.1837797010003,28.209492090679532,31.917390701427856,-44.10975260786404
150.4,30.977558230528206,-44.51298245069032,-0.0005951684283255228,-0.002777162099799297,0.001516528637368295,7.220437345094801,1.474340699122014,-0.13271882672872398,0.002678107846755401,-0.0006020060326418354,-0.002534112571018223,0.22353737827664338,1.0,-0.08714264631271362,102.35909036874061,35.25655019048588,32.00757764291504,-43.989893151758
150.5,31.075799061361845,-44.40040314717462,-0.00048755398310189953,-0.0027237619660814465,0.00139225427769288,7.242543331852575,1.4972700251655588,-0.1423981423233087,0.002928679333776166,0.0005147969045326461,-0.001251267648080272,0.2200030710711451,1.0,0.4406599700450897,104.05457039690408,36.28931873275656,32.09731447836909,-43.869696338174855
150.6,31.173727623567263,-44.2841964013796,-0.00037729531727780357,-0.0026330161290768813,0.0013997392381021163,7.264391677201493,1.5227731255809218,-0.1518403193617144,0.0026416162334098334,0.0006614074691995336,-0.00014130296807064873,0.21698344400779018,1.0,0.032863110303878784,103.32011840640469,41.67119313168128,32.186599945867236,-43.74916385738032
150.70000000000002,31.271251954892207,-44.16429677496378,-0.0003325116352641831,-0.0025082249115566625,0.0014301581172338615,7.285642328058193,1.546556366806177,-0.16057949290197948,0.001904435134165191,0.0012974668223233812,-0.0006204536165531397,0.20837325093630393,1.0,-0.3284984529018402,99.33191664658834,48.75967987163694,32.275432789834056,-43.62829740436041
150.8,31.368067084834752,-44.04104607729524,-0.0003596672456298079,-0.0022809625451130394,0.001348034158160095,7.305641543493067,1.5663370483485273,-0.1682621687938246,0.0013333139780606134,0.002429199339811404,-0.0016426092568572802,0.1939580843487285,1.0,-0.2887462377548218,96.19410548079246,54.986008675156874,32.363811761059154,-43.50709867879763
150.9,31.464025353440096,-43.914726013687044,-0.00039780737401526073,-0.001959289798597984,0.0012030762442979503,7.323990489284961,1.583489456007452,-0.17476618467851557,0.0013158913362356025,0.003330568514352309,-0.0019526519563778828,0.17589855766514162,1.0,-0.4217575490474701,91.65524128217886,61.16641798101562,32.4517356167147,-43.38556938504706
151.0,31.55907633663071,-43.785592903182696,-0.0003951453220544318,-0.001605185726109221,0.0010814944881009764,7.340471981159586,1.6010724431955894,-0.18017054420963308,0.0017123873142505515,0.003043145925690039,-0.0008987875763304858,0.15828798654156934,1.0,0.017966672778129578,92.11335020556727,64.27707664215555,32.539203120372925,-43.263711232112406
151.1,31.65327093393065,-43.653804017166166,-0.0003577036494755415,-0.0013179387938944346,0.0010011969153160413,7.35514703877917,1.6120001261961254,-0.18430630579397728,0.0017562536110570484,0.002950721089036076,-0.0020199737513901667,0.1368175923036038,1.0,-0.6860430240631104,79.96978160689628,70.27712464753442,32.626213042023494,-43.14152593362192
151.20000000000002,31.746060941489784,-43.520622327781254,-0.00031279752417402425,-0.0009507977919268172,0.0006900905911032266,7.367165565905678,1.6141810619069152,-0.18660122215484323,0.0016757772261804496,0.00368593780380903,-0.0032498640068941344,0.11011305541627765,1.0,-0.14702999591827393,80.15866352529625,73.66806408712257,32.71276415809083,-43.01901520780436
151.3,31.837619985880384,-43.386267992982155,-0.00022055358581223207,-0.0005509325620273171,0.0003833910062146153,7.376536006451502,1.6128061373137599,-0.18716228674097438,0.001631135994581996,0.004509934023372122,-0.003723633400448978,0.0806545695181587,1.0,-1.0,66.09174246646585,79.17348228462953,32.79885525145127,-42.896180777464764
151.4,31.927485559083816,-43.25214778257306,-0.00010457909002216847,5.190526788649848e-05,-0.00011595829208087075,7.3821929409691895,1.5963302588970452,-0.18486178336420792,0.001285522826838628,0.00710284224566369,-0.0057101959483126675,0.039342783690262555,1.0,-1.0,53.37635997444517,84.14994428843724,32.88448511145026,-42.77302436996031
151.5,32.015529117280046,-43.11930676776311,6.0871884989167175e-05,0.0009120208093045531,-0.0006957194072788849,7.383253609939903,1.5743253300201006,-0.17932145897285973,0.0011080215209845654,0.009483011134394204,-0.005509389803243484,-0.009438728328470774,1.0,-1.0,41.88266130064106,88.64827178816402,32.96965253391927,-42.64954771717595
151.6,32.10204113576428,-42.98813085382654,0.00027515760295944127,0.0019228665964198357,-0.0011081150965780728,7.379152414540285,1.5538974818001337,-0.17034888959643113,0.0008792392125128161,0.01006995586027877,-0.003070445898669414,-0.06189403943223842,1.0,-0.6858353614807129,34.568715575080454,92.30635562230832,33.054356321192856,-42.52575255550006
151.70000000000002,32.187610842837174,-42.858518782137466,0.00046872930795591856,0.002811377386789514,-0.001217230322631958,7.370020536905571,1.5390162782994292,-0.1584563548303379,0.00015615623201846853,0.00750796729145369,-0.00020828459718864097,-0.10997476971024012,1.0,-0.6558537483215332,28.518047840283344,95.55307525414725,33.1385952821254,-42.40164062580007
151.8,32.2728720959698,-42.73028673535014,0.0005478106821806214,0.0032510987991344734,-0.0010960935798302036,7.356814937137804,1.5284923529035168,-0.14488004473799806,-0.0010830692374104933,0.0015360309018933775,0.0012118896175852265,-0.14365936930905793,1.0,0.26385748386383057,36.568403918497644,93.05692460302636,33.22236823210788,-42.27721367339795
151.9,32.358357500176766,-42.60333674459275,0.00048090088332784,0.002986882305080252,-0.0008844930461278116,7.341403906634694,1.522705321041795,-0.13126720543322246,-0.0021676013877139416,-0.005417006830669406,0.001996551029813483,-0.15952825702234974,1.0,0.04680224508047104,42.5310680789399,92.87104313532222,33.305673993084596,-42.15247344804567
152.0,32.44463902162406,-42.477191777851694,0.00032173136614292323,0.0022165655727984985,-0.0005671758974958554,7.324996984099684,1.5247269191939625,-0.11819205491224112,-0.002488867135320766,-0.008812454101666447,0.0032368026358611966,-0.1661955115144669,1.0,0.020342543721199036,47.72678755855827,92.91674043084527,33.38851139356964,-42.027421703900586
152.1,32.53216725927042,-42.35143895387176,0.00012936100716576753,0.0013522875227264214,-0.0001892643497922645,7.308405027050372,1.5301076284320194,-0.10614620399025905,-0.002203402498688565,-0.008300340552827525,0.0032827972997743144,-0.16416948399771836,1.0,0.4150857627391815,54.580471522638526,88.78947344866185,33.47087926866343,-41.90206019950078
152.20000000000002,32.62109369458657,-42.22604805783331,-5.060440036337685e-05,0.0006947155879226764,0.00011968052997632063,7.292474968256764,1.5376214174532177,-0.09540059588432072,-0.0014364664062322288,-0.005055795137419601,0.0028875660728803015,-0.1561191975072791,1.0,0.0476842075586319,58.81888770555743,89.00634566225531,33.5527764600691,-41.77639069774037
152.3,32.711499834865755,-42.10091715720604,-0.00018206277810500884,0.00039654565630976423,0.00031716868223619847,7.277655503333338,1.5406665582747183,-0.08607109928414176,-0.0006488962914510362,-0.0020509221198257536,0.00043726329922182865,-0.1404999095095775,1.0,0.6729952096939087,65.31785906563591,77.39032722803758,33.63420181610872,-41.65041496584462
152.4,32.80278414140337,-41.97690543031313,-0.0002461682529835514,0.00025192876873968124,0.00019889143718478897,7.264996665009738,1.5371954653246036,-0.07869897804591526,0.0002166076218139925,-0.0009109832988867834,-0.0014670643399123618,-0.11809417814625908,1.0,0.13913539052009583,69.13658106046785,77.90088777843103,33.715154191739586,-41.5241347753452
152.5,32.89486822975199,-41.85380529988215,-0.00019604664560653285,0.00015973598399809613,4.049762106063609e-05,7.254633014608528,1.5317570469887511,-0.07312935612775157,0.0009639499919524232,-0.001490355720239188,-0.0023104036528180543,-0.09184370962908842,1.0,0.9668331146240234,75.04930976950156,64.26464326211628,33.79563244857023,-41.39755190205522
152.6,32.987070522093184,-41.73230784540491,-7.524294459792323e-05,-0.00015210800158583143,-0.00026704202645675795,7.247524982031021,1.5188922610349034,-0.07023362567494812,0.0011613598595750412,-0.004150760919237449,-0.0030087031583418185,-0.05723263894340981,1.0,0.5441465973854065,79.68728025008744,60.53396972970728,33.8756354548765,-41.270668126044235
152.70000000000002,33.07924239500721,-41.61213478569414,9.389478293846698e-05,-0.0006986266367477176,-0.0004912054252779481,7.243987754346753,1.5086294737656656,-0.06992137699213567,0.0009930544698713204,-0.006323939763360743,-0.0017878609571787244,-0.020024711028013564,1.0,0.6218007206916809,84.07269068674422,52.84738768289379,33.95516208561744,-41.143485231613255
152.8,33.17124204063084,-41.49295759727645,0.00024561759948506326,-0.0013842880515259521,-0.0005693475704820014,7.2442895454101945,1.502233177009659,-0.07214080705958527,0.0003717494977302899,-0.006729773235454146,0.00017487835700031153,0.017329425006334363,1.0,0.034290611743927,85.38037141382429,56.626846009462575,34.03421122245112,-41.01600500726964
152.9,33.26314730968832,-41.37406929536384,0.00031872147634728806,-0.001985005310181278,-0.0004634334370330062,7.2481652623662844,1.4988743276679843,-0.07653028804314917,-0.0006300385181006702,-0.005660455635622141,0.0009471034827639316,0.05435621762744723,1.0,0.945483922958374,89.71282503554492,45.18065498624808,34.11278175375034,-40.888229245701936
153.0,33.35452648643516,-41.25554457304216,0.00027612961665132274,-0.002526359366110024,-0.0004194433093853739,7.256128898956436,1.4913928253667807,-0.08344659315429982,-0.0016014628924535881,-0.005169878019147994,-0.0001483012728431343,0.09656755673164641,1.0,0.8143295049667358,93.47852621110923,35.921679860342856,34.19087257461832,-40.7601597437547
153.1,33.44503075043249,-41.137198892937995,0.0001835641060606876,-0.0029949599947226963,-0.00041780834453598783,7.268227693501922,1.4846875419364562,-0.09233092567088197,-0.0018103900809305208,-0.0041834360446307345,-0.00025409160178056116,0.13669478533387694,1.0,0.9353823661804199,97.02321370835216,26.53644208820098,34.268482586904156,-40.63179830240318
153.20000000000002,33.53445526350715,-41.01858421855961,0.00011376353392824545,-0.00332180375478826,-0.0003418391479423167,7.284005206981179,1.4811077978037355,-0.10256201150152457,-0.0014054118944380246,-0.002474561412358889,0.000698605605634192,0.17088202873793515,1.0,1.0,100.28468773963459,17.621501338860647,34.34561069921834,-40.50314672672803
153.3,33.62272743356697,-40.89906955084137,8.112288173091632e-05,-0.003435299328303991,-0.0001287849347326514,7.302661803838106,1.4832003972157302,-0.11338679739100992,-0.0009029484985732787,-3.809385639349226e-05,0.0020476964542242445,0.1953408573181395,1.0,0.3399292528629303,101.79109881302374,21.72719192334874,34.422255826948074,-40.37420682588993
153.4,33.70987505159943,-40.777943956017054,4.766867993121271e-05,-0.003313101002011356,0.0001887704365821752,7.323216631965178,1.4904873320004368,-0.12432727517852543,-0.0007000212508907834,0.0017776293326276047,0.0025354278631047993,0.21204800839939428,1.0,1.0,104.47162489280934,13.274320097836878,34.498416892272495,-40.24498041310408
153.5,33.795681209614344,-40.6550287496899,-3.2496147547860115e-05,-0.003064605402903699,0.00040378145834989783,7.3449947050082605,1.4941481659983826,-0.13493283437970172,-0.0008582686143241438,0.0029587951102324405,0.0003984751088745114,0.21955158589942056,1.0,-0.2948235273361206,100.28160427120636,22.938670148139238,34.57409282417788,-40.1154693056148
153.60000000000002,33.87973949250917,-40.53060053730592,-0.00013118279443474087,-0.002707723281159135,0.00040072795735451524,7.366889625908688,1.4964182873707363,-0.14466398673653827,-0.0006289901114882508,0.0035497539288689203,-0.0008926610618299663,0.2183308819067568,1.0,0.12357497215270996,100.64315390387769,28.824238970775937,34.6492825584727,-39.98567532466991
153.70000000000002,33.96210816731437,-40.40437680186888,-0.00017492196932077529,-0.002382654964734149,0.00039751458505245333,7.388473797876381,1.5017608184274043,-0.15363138383684097,3.8447389801598083e-05,0.002887511083259706,-0.0004286472610535505,0.2132535942650827,1.0,-0.23848873376846313,97.93197425977505,36.71604657324416,34.723985037802535,-39.85560029549512
153.8,34.042694589892555,-40.27644202165505,-0.00016599683549316758,-0.0021159790797262894,0.0003906835261169237,7.40914307161974,1.5042502023061857,-0.16147947793159687,0.0004679896163580195,0.002491372783833061,-0.0008057888483116941,0.20130420538784277,1.0,-0.43011167645454407,93.10272743279766,44.68161179835186,34.79819921166501,-39.725246047268385
153.9,34.121428352859844,-40.147040714676926,-0.00012775745319043116,-0.0019037101183682944,0.0003492361381039283,7.428499118165705,1.5077668973361549,-0.1684607134426207,0.0006965642004115794,0.0014212093532889694,-0.000422801443970953,0.18972538071115655,1.0,0.3757198750972748,95.44674390760595,45.73044172252084,34.871924036424524,-39.59461441309416
154.0,34.19863964577516,-40.01570181695348,-7.697275461626606e-05,-0.0018767283354361275,0.0004382449612003355,7.44705196163732,1.5184194736763201,-0.1751287594963759,0.0007310065782826024,-0.000473941775299744,0.0011402406283474694,0.18247702868826476,1.0,-0.06481398642063141,94.88123945826564,50.94057511908271,34.94515847532695,-39.46370722997767
154.10000000000002,34.27445176570192,-39.88219963774188,-6.975663991041044e-05,-0.001924551484724157,0.0005787401893921285,7.464594074824235,1.5277607249584786,-0.18093081014483697,0.0002766159767532808,-0.0001528529507780312,0.0004743414519191905,0.16914821430165886,1.0,-0.5489933490753174,88.08087191633838,57.90802492881684,35.01790149851419,-39.33252633879901
154.20000000000002,34.34869228286593,-39.74706496078908,-0.00012187351987406154,-0.001799929040653316,0.0005592991941589856,7.480347786282638,1.533502559415763,-0.1854444575196379,-6.107329209467583e-05,0.0020202196735322605,-0.0007862075955924166,0.14979400186690825,1.0,-0.3124009072780609,85.74954707840601,63.36487168753885,35.09015208303869,-39.2010735842873
154.3,34.4215849750724,-39.610147924640785,-0.00016548312452838073,-0.0015275056457383393,0.0005577048013711376,7.494353222608699,1.5449056762074311,-0.18916574622932125,0.00025613157823111034,0.0026269669883117503,0.00038126310586077713,0.13500462624585285,1.0,0.2760756015777588,88.36115802027997,63.82582967673595,35.16190921287779,-39.069350814994735
154.4,34.49349142136325,-39.47090835186669,-0.0001800300982570316,-0.0013419820910751847,0.0007313553133234885,7.5073414435486985,1.5632483953339738,-0.19258639053390939,0.0006867534593578994,0.0011112408049470046,0.0022734000629499023,0.12671399303929726,1.0,0.03228050470352173,89.24205798736268,66.56671719956873,35.23317187894803,-38.93735988327058
154.5,34.56444129693967,-39.32937801185883,-0.0002217040439415,-0.0012306702805160363,0.0008795563561433249,7.519152689440769,1.572626815688264,-0.1948809718438738,0.0004406370645467241,0.001690148373791552,-0.0005003098837839455,0.10922247299693967,1.0,-1.0,74.30241162626565,72.75442714767865,35.303939079119345,-38.80510264523515
154.60000000000002,34.633781147210996,-39.18757426669151,-0.0002979958544278331,-0.0008202261853451458,0.00048778819828562887,7.5280926003438,1.5603204417845162,-0.19464214916721884,0.00019887536811001523,0.005802820930197661,-0.006055862856363135,0.07461055868387194,1.0,-1.0,60.79815458363259,78.34762685434147,35.37420981822915,-38.67258096075366
154.70000000000002,34.7012875157041,-39.04697848965493,-0.00025965761248272664,1.3553401910100575e-05,-0.00024202945360543183,7.532995263870031,1.5385147924181155,-0.1914707491018043,0.0009833871209775813,0.009802598405394092,-0.007527549108549982,0.03105368296464412,1.0,-1.0,48.591375797463705,83.40343638984966,35.44398310809634,-38.53979669341014
154.8,34.76713941983278,-38.90824028322732,-2.8396456969677875e-05,0.0011236353773375325,-0.0008776745473109601,7.533163809926554,1.5147576696500948,-0.1850217949421497,0.001955575481292396,0.011623763048092909,-0.0052738225473464755,-0.018665548699847753,1.0,-1.0,37.55741459070859,87.97348777365525,35.51325796753516,-38.40675171048114
154.9,34.831737648765014,-38.771483918150004,0.0003010490623084798,0.00225411947209227,-0.0012055399667615931,7.528122305312741,1.4937271089515498,-0.1751989606972257,0.0018839894825923246,0.010572045574232502,-0.0021335168184140494,-0.07148222907153445,1.0,-1.0,27.583587584838213,92.10445226192174,35.582033422369065,-38.27344788290954
155.0,34.895672702039526,-38.636406860460305,0.0005589493294560946,0.0030799466070240236,-0.0012175864411696805,7.51809891591366,1.4807787916907047,-0.16274310815414947,0.0005970361867643154,0.006029093752248067,0.0008009575190046167,-0.11769311142461038,1.0,-0.4474911093711853,29.247524840833382,94.80859810280347,35.65030850544433,-38.139887085278225
155.10000000000002,34.95968692136867,-38.50230082762295,0.0006262536182727051,0.0032869844426635063,-0.000970938261913536,7.50434020107098,1.4767028024464852,-0.14906897977148217,-0.0012597842512132834,-0.0010397474134675824,0.002531785535782229,-0.1482688038205519,1.0,0.13110162317752838,36.48163396650452,93.71999410690621,35.71808225664374,-38.006071195783704
155.20000000000002,35.0243596493427,-38.368733128182626,0.00048665713550467013,0.0028038009553136246,-0.0006297360209172238,7.488502737779786,1.478734321234346,-0.13544064179299287,-0.0026820243049803264,-0.007128448775920915,0.0031793016045228127,-0.163725511213036,1.0,-0.011799737811088562,42.01250780886065,93.93323351938436,35.78535372290003,-37.87200209620973
155.3,35.090179165414945,-38.23519714795922,0.00023179395249941316,0.0019433136082739966,-0.0002378783822377645,7.471711522842747,1.4868487916051754,-0.12243618980865811,-0.0029485450667737388,-0.009159065816989042,0.003644193684918262,-0.16943367101563322,1.0,0.16353364288806915,48.21882054577378,92.62365730508203,35.85212195820931,-37.7376816719008
155.4,35.157514135006544,-38.101287033550776,-2.8785534480042008e-05,0.001139212071193523,0.00017876870086315245,7.454726804199771,1.500514081488579,-0.11022611061508159,-0.0021325275669727617,-0.006703261330455566,0.004135478915275154,-0.17018697741933533,1.0,-0.1967465877532959,50.975309553666975,94.15958807158131,35.91838602364439,-37.60311181173566
155.5,35.226492056773914,-37.967020053237576,-0.00023929206905554356,0.0006784192375813117,0.00046800129130012254,7.438112617371804,1.5054507713511411,-0.099225608010318,-0.0011764800017651303,-0.003668025394851762,0.0006340464964324772,-0.16002105775849657,1.0,0.8483340740203857,58.50735246553119,79.875199291266,35.98414498736792,-37.46829440810076
155.60000000000002,35.29645749625791,-37.83406243979789,-0.0003614692085160077,0.00036196792212482424,0.0002495451164462232,7.423504884945388,1.4961961107010942,-0.09053626922212304,-2.5929879492866503e-05,-0.002697675722234213,-0.0032600479042721752,-0.13673606909100927,1.0,0.45116204023361206,64.4519144046175,76.45712176581978,36.04939792464556,-37.33323135686362
155.70000000000002,35.36717284626955,-37.702572422984076,-0.00029657369208038406,0.00011241758207739677,-9.71167907582129e-05,7.411413077968864,1.4852191202143068,-0.08396139014614627,0.0013402781660337981,-0.002633635678808604,-0.0037361317251232585,-0.10908449246751982,1.0,0.6750900149345398,70.41381950895826,66.00871188416198,36.11414391785897,-37.197924557346155
155.8,35.43813609575659,-37.57316143253654,-8.786243806842322e-05,-0.0002413910766599778,-0.0005119646794777174,7.4026144675356145,1.464798241601936,-0.080155757082644,0.001810855784122454,-0.004367212255598459,-0.0044329660324904105,-0.07278493819364493,1.0,0.9042930603027344,76.1428443279406,53.96414786433674,36.17838205651867,-37.06237591229802
155.9,35.50882585428144,-37.446294140825515,0.00017723827365281948,-0.0008068280283159784,-0.000947379038834742,7.3978487152404435,1.4404958847939044,-0.07940539286888705,0.001389508227543006,-0.006482742339948824,-0.003998964604144222,-0.03040541290907736,1.0,0.7008680701255798,81.03079313483389,45.24682617638358,36.242111437276904,-36.92658732786981
156.0,35.578955208804764,-37.32180888266615,0.0004213921163881946,-0.0015478723311502956,-0.0012534049233124326,7.397603477937997,1.417353802912466,-0.08179366010325113,0.0003513237420421106,-0.007968597052309765,-0.002394708521479858,0.017104708647424006,1.0,1.0,85.82880619205925,34.5342066322847,36.305331163940295,-36.79056071358623
156.10000000000002,35.64836329183484,-37.19919560313053,0.0005811374710161629,-0.0023562055071217193,-0.0013303822728018622,7.4022609571882905,1.4008714020591937,-0.08704342609690578,-0.0008934732730520336,-0.0075675748920621885,0.00044988139372950523,0.06508657202316015,1.0,0.3071129620075226,88.57901343029452,37.40983578868752,36.3680403474825,-36.654297982319314
156.20000000000002,35.71714974367607,-37.0772533522406,0.0006199900458087153,-0.002941132078106224,-0.0010648972649771693,7.411202113946345,1.395804926935935,-0.09404831188603587,-0.0020534148955567884,-0.00428874978270756,0.0035533133333106293,0.10464778613131312,1.0,0.50404292345047,91.80248140479802,37.14827376706561,36.430238106056635,-36.51780105026148
156.3,35.78532002988073,-36.95503231600925,0.0005065125068213227,-0.0031598492690771943,-0.0006045824428983959,7.423736140830656,1.3961349588487313,-0.10232381153161889,-0.0030434711997208144,-0.0007933603164544132,0.004220043900392515,0.13885362471398374,1.0,0.8565062284469604,95.42196228168028,28.26921345970047,36.49192356500775,-36.381071836898585
156.4,35.8526436104265,-36.832122625886235,0.0002703208197040424,-0.0030699250411340582,-0.00018915945952644052,7.439245289468473,1.3984528668611405,-0.11114186469360071,-0.0033402512218938503,0.002267159439601253,0.0032751431124444343,0.1634672955939384,1.0,-0.13870689272880554,94.2040441183824,35.64487804478091,36.55309585688511,-36.24411226498293
156.5,35.91895884662128,-36.70799895487602,1.5325807861153163e-05,-0.0026979545151924883,0.00016885458673700698,7.456411943602862,1.4062252968097504,-0.11968613553057815,-0.0025660451948890765,0.00427147780410326,0.003151326730148271,0.1767600007830793,1.0,0.46516427397727966,96.76539847364974,36.24938852548109,36.61375412145435,-36.10692426050624
156.60000000000002,35.98430793431534,-36.58194560762825,-0.00017642637352963784,-0.002280373002153596,0.0005566354227041668,7.474630162853529,1.4204427253083038,-0.12800681462529923,-0.0012359966532855316,0.0038495304699873436,0.0035326864450435347,0.18461008648864463,1.0,-0.0035083889961242676,96.56882522887392,41.92119327710824,36.67389750570964,-35.96950975267257
156.70000000000002,36.04864401990535,-36.45356810884539,-0.0003031248293858367,-0.00201693519538136,0.0009013010263688523,7.493438664199734,1.435455126236183,-0.13625711673743407,-0.00015117184724425812,0.0011226498294924772,0.0023671033596316033,0.1916142328524514,1.0,0.9653780460357666,99.84458970187293,31.751584217511194,36.733525163885616,-35.83187067387118
156.8,36.11179864029509,-36.32293090131347,-0.0003841860116954861,-0.002108536142430843,0.0010779717610941313,7.51314272337522,1.450616418796011,-0.14481989187512076,0.0006257764697892134,-0.002285675052986766,0.0009446875532874836,0.19962098461840777,1.0,0.12089449167251587,100.23101049193043,36.81481259657453,36.792636257469326,-35.69400895964933
156.9,36.173742251916856,-36.1896016785041,-0.00041242590816704207,-0.0024005187329537558,0.0012112061801673034,7.533309542804021,1.4711768381198156,-0.15332982416715493,0.0012840084710182907,-0.0034781409515564736,0.0009814085777540699,0.20283126333517873,1.0,0.3261086642742157,101.68263028432828,39.24531390722148,36.85122995521199,-35.55592654868512
157.0,36.23449982441867,-36.053082319116896,-0.00041031867150939275,-0.0026914766774739185,0.0013804930391953137,7.553651560710303,1.4960901561135374,-0.1618060718691099,0.001620647252467557,-0.0026769925828257946,0.001253384984563957,0.20318501129061853,1.0,0.07317405939102173,101.57502902132894,44.008712491660084,36.909305433140695,-35.41762538276017
157.10000000000002,36.293931327959626,-35.91336646616375,-0.0004250866348394927,-0.002753509864452802,0.0014652807721405787,7.5735486365506945,1.5155937444912058,-0.16954601845200795,0.0014472020360254425,0.0007288063243101121,-0.0009612168305535763,0.19396907442229191,1.0,-0.5654824376106262,93.63428333040598,51.68572837654571,36.96686187456999,-35.27910740673235
157.20000000000002,36.351667935771516,-35.77145260573069,-0.00045443090802959533,-0.0023942715550290235,0.0012518956234109228,7.591890744706871,1.5270257296487737,-0.17589121774335997,0.0014266856417299212,0.004791825077358628,-0.003159438227707377,0.17634222232595267,1.0,-0.27995872497558594,91.14341159861469,57.58894364433604,37.02389847011338,-35.14037456850842
157.3,36.40779136690937,-35.62735074154328,-0.0004176141377810854,-0.0018130759746147192,0.001038869652396423,7.608573302258793,1.5430592241489982,-0.1812455760654027,0.0020053448474176313,0.005594990839213186,-0.001640542494168731,0.1613371899520957,1.0,0.07752583920955658,92.07836059272297,60.55268406256968,37.080414417694655,-35.00142881901662
157.4,36.462499871861354,-35.48065039686223,-0.00032330539971568896,-0.0013415126904485666,0.001026552997298323,7.623915956751762,1.5624925254808422,-0.18573863932206017,0.002283786938708735,0.0038081490808082484,0.00018164971682924292,0.1474388768255935,1.0,-0.374305784702301,88.5919889841248,66.01845842639626,37.136408922559255,-34.86227211217926
157.5,36.515814099360426,-35.33148330262911,-0.00025865632995088715,-0.0010439261640147655,0.001058617500801976,7.637554980561627,1.5793032375137532,-0.18896799688118104,0.0018413753981653678,0.0023337962921354117,-0.00012825551662113923,0.12823974525828424,1.0,-0.4938465654850006,83.60690553996983,71.37865480069051,37.19188119728536,-34.72290640488526
157.60000000000002,36.56766924358343,-35.18062685186945,-0.0002647471800233709,-0.000777023877929077,0.0008897246479517998,7.648751915163606,1.583666781156632,-0.19034194572371305,0.0010481205193059115,0.0032110252010202384,-0.0035135117379164553,0.09894742170034751,1.0,-1.0,69.20868013592882,77.10403761823655,37.24683046179504,-34.58333365696256
157.70000000000002,36.617878598596455,-35.0299581788794,-0.00028006810903177657,-0.0002646334018574735,0.00030566060303235097,7.656243967965171,1.570664431130093,-0.18897360793380452,0.000791724400821874,0.006429551298539058,-0.0070451934030669175,0.05777704336261931,1.0,-1.0,56.193824756202076,82.27933021665778,37.301255943365156,-34.44355583115063
157.8,36.66656186883918,-34.88069421956036,-0.00017077442810520802,0.0005672295312515028,-0.00041174125732691593,7.6591860581391025,1.5506299974767261,-0.18449583397034966,0.0014102532412444877,0.009416982874517156,-0.006769925281892261,0.009736164380202082,1.0,-1.0,44.429426311122704,86.95738482589586,37.355156876638276,-34.303574893072856
157.9,36.71406196848679,-34.73329814428345,8.653166664801442e-05,0.0016082651147248657,-0.0009310459637796611,7.656987651062307,1.5299972635426065,-0.1765646375789952,0.0018945315173699386,0.010752888998303093,-0.004034388248606391,-0.04363745571703923,1.0,-1.0,33.795341894773884,91.18597567575225,37.40853250363341,-34.16339281120886
158.0,36.760854900732085,-34.58775677209613,0.000376198898753901,0.0026265207093329186,-0.001143217393526988,7.649411495017004,1.5128266026807362,-0.1653312545788519,0.0013506476456149516,0.009235681774504682,-0.0012048213113033468,-0.096573251161463,1.0,-1.0,24.182971835909388,95.00828688609562,37.46138207375668,-34.02301155686686
158.10000000000002,36.807520952403344,-34.4436826192564,0.0005553376325539315,0.003292020511217947,-0.0010857240191642175,7.637071638668488,1.5032457257203256,-0.15177160275879287,-7.725251744793968e-05,0.004211620031540951,0.0011440967511111896,-0.13900737994619655,1.0,-0.21694333851337433,29.04338194107324,96.42663285725929,37.51370484381189,-33.882433104155936
158.20000000000002,36.8546979993973,-34.300320704025836,0.0005522615997110103,0.0033243526699432,-0.000806734682711447,7.62144989359888,1.5029882592590684,-0.1372726101786994,-0.0016395801519093292,-0.002482049731902387,0.0028829433695201053,-0.1658167799746308,1.0,-0.12772506475448608,34.304471512739504,97.18491825001843,37.565500078010935,-33.74165942995826
158.3,36.90292058924995,-34.15697514035226,0.00038171043048605306,0.0027895525715044343,-0.0003988328067708016,7.603862426364498,1.5105720623054812,-0.1226631449690659,-0.002586106424200288,-0.006928117663209845,0.003893668901219934,-0.18154268433074686,1.0,-0.2223590612411499,38.13638463817418,98.42335603570005,37.61676704798419,-33.6006925139013
158.4,36.9525472446798,-34.01338610441492,0.00011482794512881721,0.0019934898818137863,-3.045030182673105e-05,7.585405947403305,1.5156471588744926,-0.10885519032084134,-0.0027592258581456467,-0.008605479617715456,0.002044430515818045,-0.1836965988425169,1.0,0.5807644128799438,46.41647220783798,90.16148830687666,37.66750503279074,-33.45953433833
158.5,37.003413854760616,-33.87096556048567,-0.0001499328483684693,0.0010798534916740838,-0.0001060128288366738,7.567939707904444,1.5008788016874115,-0.09743426176889153,-0.0022219873222585986,-0.009450532499919572,-0.0034522123684839617,-0.16596539740048666,1.0,0.9142992496490479,54.46165708117638,75.71997277332825,37.71771331892851,-33.31818688827887
158.60000000000002,37.05502692665223,-33.73136515464238,-0.00024124466096360963,0.00019183389669486214,-0.0006097606361146536,7.552939062900155,1.476619586197848,-0.08879917916973971,-0.0004941840282751306,-0.00801070509396006,-0.0050213338331442595,-0.13986398752114546,1.0,0.3967212438583374,60.599858806110724,73.5034355036943,37.76739120034429,-33.1766521514441
158.70000000000002,37.10732938618169,-33.59402638315736,-5.612069173548732e-05,-0.000355443024682941,-0.0008849387071074026,7.540363528345598,1.462178976534067,-0.08208645658126906,0.0014314214190630312,-0.0037535825283981777,-0.0009554125743751963,-0.11667795528885223,1.0,0.3346484303474426,65.896448592625,72.3050285921627,37.81653797844371,-33.0349321181556
158.8,37.160313355185764,-33.458280828032564,0.0002401273107423224,-0.0005041763922319774,-0.000837142209970293,7.530199145111588,1.4489654768793454,-0.07724335297638918,0.001481080261601077,-0.0006274680909253573,0.0006503382906670384,-0.09021515573280228,1.0,0.691172182559967,71.75070070229506,61.979590502405294,37.86515296210101,-32.893028781348995
158.9,37.21360932338259,-33.32461957729107,0.00042240254655984545,-0.0005658626369299421,-0.0008927193812280371,7.523244346613181,1.428217578387251,-0.0748841835053221,-0.0001258847919259869,-0.0011599089062226066,-0.0014544278778667245,-0.054658223811945066,1.0,0.8251945376396179,77.2568517865634,51.000983740382054,37.91323546766876,-32.75094413653762
159.0,37.26681523542846,-33.19339375463275,0.0004586940072468855,-0.0008495178077041813,-0.0011333541585169745,7.5203099174140915,1.4044514886813046,-0.07536081318825871,-0.0015939053282104947,-0.004220753300499116,-0.0027134858941606716,-0.011476870403938872,1.0,1.0,82.41746212145412,39.73550932244695,37.96078481898755,-32.60868018178446
159.10000000000002,37.31963205256563,-33.06447757842636,0.00044205509796234294,-0.001489933590154315,-0.0013407347674943527,7.5220915112552635,1.3826905860460343,-0.07891893191602617,-0.0020769982076229393,-0.007696975046841881,-0.0013470826244538483,0.03789076106694519,1.0,0.7990431189537048,86.86271726915425,31.154418715629955,38.007800347395396,-32.46623891767402
159.20000000000002,37.37188534950366,-32.93720018712877,0.0004407154387662059,-0.0023542387468384394,-0.0012785207225990117,7.528819093837479,1.3687067752278623,-0.08512680488012433,-0.0019304735766994413,-0.008574107759914086,0.0018933049691466875,0.08587531026515895,1.0,0.5312802791595459,90.33006877511522,30.91831950585434,38.054281391737206,-32.32362234728424
159.3,37.423477679754534,-32.810523081888356,0.00043035470284059386,-0.0030899061194312083,-0.0009041148471681813,7.539911182542828,1.3628315479148476,-0.09313795809551584,-0.00195987739499843,-0.006025186786963302,0.0040871024443727534,0.1268929991958612,1.0,0.7605102062225342,93.95712457760578,23.61129971896807,38.10022729837406,-32.18083247615829
159.4,37.47422363579479,-32.683705026246436,0.00034553799205753593,-0.003442184130492024,-0.00042121320358331853,7.554608501637237,1.3632777700544718,-0.10218100916227746,-0.0022614411278069468,-0.0014476700339408307,0.004441890694723166,0.15857308834408934,1.0,0.27862632274627686,95.79250979487128,27.863157784760926,38.14563742119239,-32.03787131227638
159.5,37.52400343832739,-32.55583254047787,0.0001799979882750588,-0.0033046976679644968,7.92288122814257e-05,7.571772065348898,1.3721552460933937,-0.11141365991061686,-0.002310627868748282,0.0030756350665835665,0.004364970463490815,0.17930610657176616,1.0,0.4214816987514496,98.0512699557336,29.89350686486181,38.19051112161311,-31.89474086602751
159.60000000000002,37.572734362372536,-32.42605972172395,-3.0073592642212352e-05,-0.0028492803424553107,0.0005591538601093238,7.590564987430177,1.3882258948050228,-0.12053930524817537,-0.0018729526474710115,0.005060900967682381,0.004088377932335052,0.1927918732863825,1.0,0.30400994420051575,99.61293197739306,33.25129223050911,38.23484776860055,-31.751443150181238
159.70000000000002,37.620326681818305,-32.29369063379689,-0.0002385875842420414,-0.0023659223973904716,0.0009978542140973773,7.61037334220979,1.4102634087191608,-0.12943788171666112,-0.0010135759006477058,0.0040627879780760785,0.0036976957947478417,0.20117606790781617,1.0,0.36985695362091064,101.3080250600269,35.475288675059176,38.27864673867133,-31.607980179859325
159.8,37.66668877830599,-32.158166052679285,-0.0004131039255444383,-0.002100081443857259,0.0013818309831277278,7.630813740998542,1.4370827424237216,-0.1381828635029843,2.0196904214780248e-05,0.0012325912119529059,0.0031473747238510816,0.2060401332531935,1.0,0.24350972473621368,102.26169542630862,38.971912908541924,38.321907415903155,-31.46435397250742
159.9,37.711708249750416,-32.01909502716491,-0.0005429286114822707,-0.002101759157894098,0.0016872267108524876,7.651465903507953,1.4666213401443804,-0.14669935538979045,0.000967405444295316,-0.0011479220751408144,0.0021884838804830152,0.20596882013868262,1.0,-0.027342692017555237,101.34936979288398,44.56167601421139,38.36462919194347,-31.320566547866704
160.0,37.75523553053808,-31.87641377022039,-0.0006307471461624567,-0.002216038001850352,0.0018573091300290766,7.671706300039747,1.495109173438976,-0.15470471524597407,0.0016929561879083022,-0.0013852492631758679,0.0005296318744914411,0.19894056906266033,1.0,-0.27796056866645813,98.13968878833147,51.13971853534983,38.406811466018006,-31.17661992794547
160.10000000000002,37.79714273278795,-31.730334309493497,-0.0006704071160165703,-0.0022418332422974646,0.0018711141520756963,7.690916826534513,1.5225171157833026,-0.16202482070848123,0.002334687367921197,-5.649082836685761e-05,-0.0006057969375408282,0.1874721171574374,1.0,-0.09710712730884552,97.03717241339888,56.050454694751615,38.44845364493922,-31.032516136990683
160.20000000000002,37.83743322649553,-31.580787241140445,-0.0006520670712752478,-0.0021295143848468726,0.001847147497907895,7.708929902911969,1.5515607075202476,-0.16869477840121502,0.0028817262202454775,0.0013285312351227492,-0.0005945821982008271,0.1750158251903038,1.0,-0.17011363804340363,95.36588203884578,60.946997640190745,38.48955514311467,-30.888257201459528
160.3,37.87612969803421,-31.42768700024603,-0.0006009299894398121,-0.001914098996307542,0.0018433146241348937,7.725654583858857,1.5821822507844792,-0.17464905384528695,0.0031184102190669172,0.0020352497479012746,-0.00019029969152866016,0.1622244936406005,1.0,-0.06846575438976288,94.77728175428176,64.72061057548548,38.5301153825552,-30.74384514999091
160.4,37.91319087804225,-31.271456563403795,-0.0005672810014030795,-0.0016113740145939134,0.001721405303217456,7.740763647535996,1.6006003179944763,-0.17924738554199043,0.0026816812909559356,0.0037316704382257017,-0.0034074652304281923,0.1408140222245901,1.0,-0.8682043552398682,80.2605807568932,70.95613186667235,38.57013379288312,-30.599282013376925
160.5,37.94839464852069,-31.114534667933363,-0.0005475373567103628,-0.0009998937072630213,0.0010546244572967915,7.752723148402948,1.5937973901564908,-0.18116015882793862,0.0022111077312116233,0.0074598351848032835,-0.008812020554880368,0.10397951913692521,1.0,-1.0,66.18386757165861,76.72211035105256,38.60960981134019,-30.454569824534296
160.60000000000002,37.9818313418225,-30.95882108634524,-0.00040192120642075637,-6.187129481511694e-05,6.667744705706613e-05,7.760481755123912,1.5736088861751927,-0.18000792995510143,0.0026114031732984325,0.010311695942218133,-0.010010752026179681,0.05922226917400975,1.0,-1.0,53.4596337729363,81.9340982169852,38.64854288279556,-30.309710618475798
160.70000000000002,38.01382450371188,-30.80522809019671,-6.77990012144702e-05,0.0010250443817049284,-0.0007930787256829825,7.763458305938594,1.5487552260770425,-0.1755540993825063,0.0030744107831476575,0.010951246291226104,-0.007317150096420266,0.00951831763986727,1.0,-1.0,41.957934218925736,86.64532244167094,38.68693245975355,-30.16470643228162
160.8,38.044801598154265,-30.654003546493247,0.00034579228933593134,0.002063679181815068,-0.001297962928433382,7.761185607506159,1.5248016853304212,-0.1676160145094962,0.002451524603031874,0.009757657753478605,-0.003635438946858648,-0.04464249351801247,1.0,-1.0,31.561308793510296,90.90389599675235,38.72477800236136,-30.01955930507075
160.9,38.075260486171395,-30.50495554189202,0.0006590233244603376,0.0028882925933070634,-0.001460775002517099,7.753490156912501,1.5054795226693467,-0.1564689602067183,0.0006196239146298548,0.006822087745797023,-0.0007477410074142635,-0.09783569076207672,1.0,-1.0,22.163582854937633,94.75330919789295,38.762078978416675,-29.87427127797227
161.0,38.10574624939594,-30.357586784962876,0.0007588884687122253,0.0033342077789042484,-0.001368419572469879,7.740907069671784,1.493328100196728,-0.14290234491288142,-0.0015498154747174645,0.0024576452111203773,0.0013085677413191496,-0.14309844679607123,1.0,-0.7303112745285034,16.07820746037563,97.90562445831357,38.798834863375134,-29.72884439409667
161.10000000000002,38.13679654233051,-30.21122831155914,0.0006486379283354486,0.003314657765198763,-0.0010859016859647668,7.724531788892518,1.4890215613578603,-0.12797706059571237,-0.0030694296777492146,-0.002312496298199021,0.0028583299537544068,-0.1754083530835692,1.0,-0.17712154984474182,22.11716683055735,98.82179170776931,38.835045140357714,-29.5832806985071
161.20000000000002,38.168809099263726,-30.065980146497626,0.0003935264834821498,0.0027819591899895142,-0.0008745197805750564,7.706210971882606,1.4732488410315243,-0.11362221384460984,-0.003924136723747258,-0.007958582800327975,-0.0007087889007256732,-0.18370591982476833,1.0,0.893082857131958,32.47435427045116,83.71240114483233,38.87070930015798,-29.437582238190636
161.3,38.20173757449497,-29.92397013891727,0.00013478213930184028,0.001739972650077046,-0.0011662201281657236,7.688417075782882,1.4425347958797283,-0.10148658561103047,-0.0032996933458416928,-0.011468112215589998,-0.0037661206100962387,-0.1740838237491029,1.0,0.21420226991176605,39.88601110343353,82.88147581633433,38.9058268412493,-29.291751062029473
161.4,38.235621624744624,-29.78473794102591,9.633638718608917e-05,0.0007216972298567574,-0.0013327086999035222,7.671593500597037,1.4226952762066538,-0.09092897920016856,-0.0012057500246770362,-0.009025929062139757,-0.00022762068628438663,-0.16429822148598364,1.0,0.1953059881925583,46.48082269279253,82.32204803516116,38.940397269791795,-29.145789220772123
161.5,38.2705635985641,-29.647294066612364,0.00024251980672066194,0.00015847766129892759,-0.0011128251303676635,7.655793986807348,1.4118881039889901,-0.08166313999927191,8.934373146142621e-05,-0.003569191344951067,0.003392805081955214,-0.15355832728708255,1.0,0.2552777826786041,52.762346102636386,81.19088376611707,38.97442009963941,-28.999698767004574
161.60000000000002,38.30655574992196,-29.511311086397836,0.0003659935536205948,6.309405216678655e-05,-0.0008171462971957908,7.641455570405794,1.396997897418317,-0.07397265699043616,-0.0005215112674487486,-0.00014544562188548285,0.0015096308506421297,-0.13426203898245334,1.0,0.8861004114151001,60.16740910616908,67.83142457696303,39.00789485234665,-28.85348175512142
161.70000000000002,38.34328612964885,-29.37773086488891,0.000356450005495374,6.735119214868553e-05,-0.000882931647639387,7.6296929947272405,1.3759716746839816,-0.06838777375358059,-0.0015813251476579906,-0.00015489148183273473,-0.0013440870511112937,-0.10676049268630704,1.0,0.457730770111084,65.97447052109699,65.46528256721489,39.04082105717536,-28.707140241296994
161.8,38.38063131421219,-29.24602637844104,0.00031171530901612547,-7.929552403489692e-06,-0.0009682241326325855,7.620676260109129,1.3621163937865415,-0.06456295097157728,-0.0017033648761243777,-0.0014842745407114563,-0.0003196337481558953,-0.07866400115018582,1.0,0.5816618204116821,71.5821349865463,60.323194555730645,39.07319825110132,-28.56067628345641
161.9,38.418465780775364,-29.115761242705116,0.000285144588600564,-0.0002866950731050907,-0.0009142925344606613,7.6147021376907364,1.3502127124051786,-0.06283318998511207,-0.0014783956692180965,-0.003842335232702794,0.0009785334339026544,-0.04638961411034485,1.0,0.6105146408081055,76.72043492997531,53.057001898757854,39.10502597882078,-28.414091941246664
162.0,38.45661580055886,-28.98668994312638,0.000267484154250358,-0.0008016434742532314,-0.0007557456478391039,7.612209109231585,1.341625622673535,-0.06341094368790144,-0.0012903875991021924,-0.005883912566255729,0.00211307825796832,-0.010419752801837174,1.0,0.5493109226226807,81.21183150207378,50.26645191724386,39.13630379275684,-28.267389276007655
162.10000000000002,38.49495532262401,-28.858258053311765,0.0002347646943702927,-0.0014655589513494667,-0.0005096124743301745,7.613538649154489,1.3365451613875172,-0.06644906291512445,-0.0013147742687316883,-0.007107252952593419,0.0023274357270378857,0.030210914622968453,1.0,0.7801564931869507,85.74525979389907,40.875659536661004,39.167031253065765,-28.120570350743193
162.20000000000002,38.53325281665673,-28.730207309015825,0.00016725776163351448,-0.0021874105956340715,-0.0002835411138451264,7.619166762651194,1.3348465539939618,-0.07192031284176195,-0.0013463132838928335,-0.006880456452225682,0.002300878908711757,0.07301697114439282,1.0,0.49017736315727234,89.19883364281661,40.542720623250844,39.19720792764315,-27.973637230092
162.3,38.571338482661375,-28.601662972482366,8.556805345460048e-05,-0.0027337545473963224,2.515190893961096e-05,7.628726928464847,1.3420200681547576,-0.07900371991621001,-0.001131686475778786,-0.004253268338504252,0.0032325970431011804,0.10973681591017413,1.0,0.4933304190635681,92.33029599349132,40.183748628091266,39.22683339213,-27.826591980298655
162.4,38.60900217968352,-28.471880464427745,-1.5122170417655877e-05,-0.0029658175513618238,0.00038726084501420266,7.641623626898143,1.353106902485683,-0.08727651708607752,-0.0009538079540653576,-0.0012226522765265465,0.002941289968838689,0.1415567603084712,1.0,0.7533700466156006,95.75376168296206,32.07236324312494,39.2559072299187,-27.679436669184568
162.5,38.64593519181685,-28.34058801816308,-0.00013741748635646116,-0.0029339023429958777,0.000671488620556371,7.657368617102943,1.3667599230892575,-0.09623991932999737,-0.0006652846137216991,0.0012536783727566917,0.00217701926613299,0.16628594324965024,1.0,0.16362059116363525,96.79717559869047,36.70549475013252,39.284429032158904,-27.532173366118876
162.60000000000002,38.6819040088172,-28.207130732130086,-0.00024873112546288474,-0.002677597078295871,0.0009473867750300866,7.674926959293127,1.3871165475505387,-0.10518841424393627,-7.671481484838077e-05,0.0029714583235487305,0.002389090024814025,0.18089983419039854,1.0,0.31134289503097534,98.51279539409514,39.322768045183125,39.31239839776323,-27.384804141989342
162.70000000000002,38.716743878288604,-28.07085228976795,-0.00034036869062754443,-0.002363198938904658,0.001251203700393946,7.693628617298528,1.4129847937949942,-0.11412266260003866,0.0005358787779326645,0.0026300850554120685,0.0026190232593731226,0.1907431614674337,1.0,0.4231327772140503,100.51612749664258,40.227922327654476,39.33981493341293,-27.237331069173266
162.8,38.75029813167728,-27.931261474769794,-0.00042665154554267056,-0.0021802249808758104,0.001547476769473052,7.713144464248603,1.4430331243131655,-0.1230968564468743,0.0010064941710840245,0.0007515226740951186,0.0024041799702700026,0.197662397564395,1.0,0.3251276910305023,101.93603432869304,42.342335829718884,39.366678253563435,-27.089756221508296
162.9,38.782407652197044,-27.787962111164546,-0.0005167442812222351,-0.002196241929727826,0.0018041417666080962,7.733173104034292,1.4765675036164416,-0.13211524404255223,0.0013925630545422263,-0.0012599038511272836,0.0019319432246271738,0.20171040112978594,1.0,0.2997484505176544,103.1047789329268,44.55359301132578,39.39298798044974,-26.942081674263292
163.0,38.81291890262935,-27.640648296196066,-0.0006061164117410096,-0.0023643412407478906,0.0020123188503688824,7.753474524039211,1.5127900269131311,-0.14121455256685583,0.0017943460064302973,-0.0024539585813025677,0.001425313175229431,0.20364547579044728,1.0,0.27919965982437134,104.0640328193399,46.786890994954,39.41874374409175,-26.79430950410915
163.10000000000002,38.8416557489419,-27.489282184753872,-0.0006866955482518544,-0.002537197372566516,0.0021291236545760684,7.773668569257505,1.5466915071966378,-0.150021934228928,0.0021462369708468,-0.0015057326515453375,-6.772168575229146e-05,0.19920336170859307,1.0,-0.3333492577075958,99.82491530467377,53.404995692651674,39.443945182299444,-26.64644178908957
163.20000000000002,38.868423735902645,-27.334439108776667,-0.0007400223739337804,-0.0024743792566102596,0.002051147612039616,7.792837994835276,1.5744593533530087,-0.15786053497109553,0.0025587000132224168,0.0014890919732265869,-0.001978981621760063,0.18581309439624283,1.0,-0.3657761514186859,95.70562148147887,59.52323316430922,39.46859194067804,-26.498480608591866
163.3,38.89317391712262,-27.176545351033504,-0.0007238264685257413,-0.002136593588548561,0.0018643985703424037,7.810457633323459,1.6007605942424978,-0.16466626120913525,0.003187559700545077,0.003746602544539026,-0.0021298775298268834,0.17008095260053066,1.0,-0.10002859681844711,94.81119595737181,63.64787191812071,39.492683672632886,-26.35042804331769
163.4,38.91595424420607,-27.01563663467468,-0.000636031127192795,-0.001688698655771004,0.0017166444499383644,7.826476779663015,1.625955482836966,-0.17037816306243528,0.003563424200513318,0.004425292309847041,-0.0017942891680784378,0.15271075525997252,1.0,-0.46381551027297974,89.75338055678837,69.14062281754047,39.5162200393744,-26.20228617525381
163.5,38.93682218692913,-26.852069848116244,-0.0005283316149779269,-0.0012562961625604305,0.0015693607943401769,7.840645858629107,1.6497547583025263,-0.17494084714886152,0.003472284153771266,0.0034527566402331035,-0.0013558228653351844,0.13544355300969435,1.0,0.10180921852588654,90.98530096148072,70.78278395700934,39.53920070992283,-26.054057087642796
163.60000000000002,38.955892735373496,-26.686031053733753,-0.00044502820231922467,-0.0009822523570122985,0.001408578209441237,7.853121678298581,1.6669905218703263,-0.17834408816171457,0.002844692103525006,0.002431443078428426,-0.0027917337859042278,0.11541414406141741,1.0,-0.6485093832015991,79.67292945501038,76.082093558585,39.56162536111285,-25.90574286495376
163.70000000000002,38.973264190317465,-26.519279026518962,-0.00040280042859191937,-0.000624058107568615,0.0009013184518383827,7.862730921215566,1.6644774222017291,-0.17932970403173198,0.0020459191951785537,0.004489680580973964,-0.006713126061714493,0.08155821353081372,1.0,-0.8776766061782837,66.52817934678887,81.23704581798042,39.58349367759819,-25.757345592853007
163.8,38.989222525534146,-26.35353030875446,-0.00030206169470100284,2.9640991740841272e-05,0.00010579004884387927,7.868332873444149,1.648347520299491,-0.17729626941666682,0.0019404074308069048,0.007867785184102616,-0.008356484538520021,0.037911791188729026,1.0,-1.0,53.77086434705967,86.0152422817512,39.604805351856,-25.60886735817473
163.9,39.00418247619934,-26.18974951845896,-6.33148585919699e-05,0.0009880487779581584,-0.0006533291900639079,7.8691343619838,1.626388844458586,-0.1717764411967665,0.0022057747383011127,0.010538375508038385,-0.006739216089025381,-0.012776846654524578,1.0,-1.0,42.239262007475844,90.33435343654983,39.62556008419122,-25.460310248891663
164.0,39.018610713927835,-26.02823037868144,0.00026374848330720357,0.0021036473930626984,-0.0011412892933020684,7.864566896457494,1.6044573550482484,-0.16250812812102805,0.0019020960849031768,0.011102013310179706,-0.003718021361754345,-0.06764550285712312,1.0,-1.0,31.815606832298496,94.23848783306318,39.645757582740764,-25.311676354085705
164.10000000000002,39.033008906138136,-25.868808593392398,0.0005423850352633931,0.0030887645383226455,-0.0013214241597219875,7.854669750268008,1.5863301321348322,-0.14993888921282755,0.0006303216826436505,0.008374193185109697,-0.0010518653523360773,-0.11890646399830933,1.0,-1.0,22.393448140783743,97.7675161075738,39.66539756347764,-25.162967763918548
164.20000000000002,39.04787608388484,-25.710953119367954,0.0006617202778467719,0.0036293596583038745,-0.0012414521751476844,7.8402348100331505,1.5759105427534594,-0.13507435775163495,-0.0010912978005449745,0.0028143634029332296,0.001241773576006588,-0.15938246053705968,1.0,-0.4868565797805786,23.896517899032215,100.0557038810261,39.68447975021495,-25.014186569602295
164.3,39.06367445956291,-25.55384197750391,0.0005948998417722226,0.0035446997913091676,-0.000949518534846091,7.8226470775306405,1.5734460751199868,-0.11927533699756586,-0.002531000457611288,-0.0035726431853752866,0.002767888247384852,-0.18465929754292867,1.0,-0.020512372255325317,30.56788592675852,99.72577210889614,39.70300387460974,-24.865334863370038
164.4,39.080785991773936,-25.396946393729397,0.00038569649737004184,0.0029153430716060604,-0.0005762189543961878,7.803408460232398,1.5756046243762407,-0.1037372286289301,-0.003158906716939787,-0.007910846370630274,0.003211947797860605,-0.19602108631448534,1.0,0.05345377326011658,37.15466014370209,98.84418540533224,39.72096967616683,-24.716414738446446
164.5,39.09948189265366,-25.23989610961145,0.00012834183736019173,0.0020710093004171794,-0.00020404108318696263,7.7836341635526205,1.5811796780280156,-0.08907941705844961,-0.0027674264271932703,-0.00842943130971552,0.003156043315738165,-0.197817241610285,1.0,0.14236965775489807,43.699309192752146,97.26331498580605,39.738376902242436,-24.567428289018316
164.60000000000002,39.119904654139006,-25.082981274469436,-9.997330865449939e-05,0.0013033064287714547,-1.8595183182085725e-05,7.7644154466204185,1.5757352040603023,-0.07616908218985775,-0.001991666982311951,-0.007383010518786337,-0.0005551728657814067,-0.18538358519708645,1.0,0.7551636695861816,51.798087843482406,83.64598258282035,39.75522530804772,-24.41837761020514
164.70000000000002,39.141909805153816,-24.928317340280206,-0.00022775577032606374,0.000601553709103971,-0.0003957907895468335,7.747466811585049,1.5488117425074017,-0.06617180112285509,-0.0009240220763163249,-0.0067677192974774595,-0.005785220898126365,-0.15770719502810612,1.0,0.6847279071807861,58.99457570524652,72.33818177394495,39.77151465665225,-24.26926479802963
164.8,39.1651710412106,-24.77705363244274,-0.00012841559339197786,6.928662748073718e-06,-0.0010287483653262305,7.733613214787077,1.5165973827781032,-0.058979912969962404,0.0006730192722774151,-0.005380911442889425,-0.005942200068694548,-0.12580900627199437,1.0,0.5814692378044128,65.27238303837112,66.54595189578308,39.78724471898734,-24.12009194938826
164.9,39.18940466362397,-24.62888309821635,0.00019132935536030852,-0.00038998427680266983,-0.001406988749551551,7.722890123172557,1.490870405068746,-0.0540953102252758,0.0016540996958128201,-0.003175025055806128,-0.002027874121886479,-0.0952136288596004,1.0,0.45683008432388306,70.58596558000073,64.31787447618859,39.80241527384924,-23.970861162021745
165.0,39.21438135545739,-24.483197111972746,0.0005348242731972214,-0.000616591252110021,-0.0014586011427945758,7.715314057161726,1.4668512661655553,-0.051501982933763964,0.0007545203789182863,-0.0022826181967407397,-0.00022895924849423988,-0.06135370029302463,1.0,1.0,76.38750934625585,51.77292380725574,39.81702610790228,-23.821574534485578
165.10000000000002,39.2397719199003,-24.340379803353045,0.0007046827097068518,-0.0009271340048404398,-0.0015432849675537752,7.711675560803973,1.4381147313320726,-0.05183417447405806,-0.0013432043371739203,-0.003982780765303151,-0.0012181613926153666,-0.01880256094499949,1.0,0.936469554901123,81.57534604370686,40.85692278688018,39.83107701568183,-23.672234166120493
165.20000000000002,39.26524808562449,-24.20038292477833,0.000702293590200182,-0.001483535546976268,-0.0016560456374676887,7.712672531841224,1.4118870409407431,-0.05525497953162223,-0.0028761289934877907,-0.006578652389685865,-0.0007767359744777634,0.029764780933556466,1.0,0.7499184608459473,86.02654543417606,32.72321942604481,39.84456779959724,-23.522842157022968
165.3,39.29050481069412,-24.06263671824461,0.0006217148844239985,-0.0022529451107268727,-0.0016041889419093833,7.718678329519772,1.391539916978865,-0.061569086028659493,-0.003335843352092478,-0.007978160864628795,0.0013008097954366265,0.08007144468569727,1.0,0.8630580902099609,90.20889123902896,24.212528785600007,39.857498269934595,-23.373400608015665
165.4,39.31521878401902,-23.926356151148344,0.0005216992250364988,-0.002999285307982191,-0.0012984471296805208,7.729430892491386,1.3794349824908638,-0.07000307542596232,-0.003143885861492644,-0.006379152277663019,0.0037746470370317873,0.12444971488241129,1.0,0.5691694021224976,93.45653798720538,23.57474328880618,39.86986824485936,-23.223911620617898
165.5,39.33908148083783,-23.790554052739402,0.0004010456439675684,-0.003422015389573148,-0.0007808124885025869,7.744025311628591,1.3757426661852143,-0.07966871750905397,-0.002863697840951974,-0.002396821264337274,0.005036064136652083,0.1592121697235072,1.0,0.6883059740066528,96.65738263821902,17.978471171465824,39.881677550418964,-23.0743772970161
165.60000000000002,39.36179237205421,-23.654499576562504,0.00023514107446938686,-0.003428967190339545,-0.0002310708062800243,7.761605038744011,1.3781661701090844,-0.08999337950278123,-0.0026152941463766792,0.0014966494819823226,0.004657074278576886,0.18581930056445564,1.0,0.6315832138061523,99.43414653903909,14.09553467321101,39.89292602054525,-22.924799740034224
165.70000000000002,39.38307378361579,-23.517533452987344,3.6820039397705906e-05,-0.0031419828149355385,0.00024756616667720807,7.7814232134481705,1.3865802464331056,-0.10055690698319596,-0.0021233457669568192,0.003447347584578757,0.00376835679215503,0.20574171130224475,1.0,0.7790184020996094,102.21507712070566,8.19261270688024,39.903613497056774,-22.775181053104205
165.8,39.40267104660817,-23.379043169962706,-0.00015323572297868223,-0.0027967543836532687,0.0006453769975071238,7.802902424245696,1.400698064632389,-0.11113924420867528,-0.001289002321338777,0.0030590781993189674,0.0030852304068043216,0.22001513326515085,1.0,0.48099130392074585,104.05756797160858,11.164488302092309,39.91373982966109,-22.62552334023636
165.9,39.420337733281265,-23.238583187697998,-0.00030392509731854084,-0.002562016191794726,0.0009598081824950613,7.825421955525418,1.417598646646554,-0.12150785048458451,-0.00034973027584401877,0.0015355285283812667,0.0020804413109006114,0.22771992852322,1.0,0.2227766364812851,104.05420704587817,17.21533537846369,39.92330487595681,-22.47582870598981
166.0,39.43585424843015,-23.0961030486393,-0.00040467116467584095,-0.0024671259672482777,0.0011384888241986317,7.848302169793762,1.4339011487512807,-0.13144840847894468,0.0004824511377596361,0.00029011747380826595,0.0005731002722319386,0.22854058246543235,1.0,-0.09350791573524475,102.30355032852857,25.361493982029895,39.93230850143563,-22.32609925544288
166.10000000000002,39.44907575392843,-22.951650418284178,-0.0004452207960491485,-0.0024643153030625277,0.0012010068088594806,7.87102374746636,1.451623599258111,-0.1410211401370735,0.0012462823100075294,-0.0006726877611690393,1.4190191645082306e-05,0.22671595288906232,1.0,0.4265150725841522,103.95476087089878,27.558217016568307,39.94075057948421,-22.176337094163504
166.20000000000002,39.459916563754334,-22.804882263186784,-0.0004292553684012723,-0.0025609508021187293,0.0012791547792194095,7.893632589617533,1.4730495554639607,-0.15048228423343635,0.0017656080141837803,-0.0015018450385060067,0.00030883374397195625,0.22539458936317475,1.0,0.24207966029644012,104.07538590456075,31.830774665565322,39.94863099138597,-22.026544328179607
166.3,39.46826906528039,-22.655614687268127,-0.0003995019296152056,-0.002682652694189268,0.0013733877170394953,7.915995949333347,1.4964418686598313,-0.15968503403331658,0.0018541600606893098,-0.0013974589512718255,0.0003926825339638226,0.2222213006390358,1.0,0.11763803660869598,103.90378289960918,36.91591874425531,39.955949626322735,-21.87672306394949
166.4,39.474035904141374,-22.503876671611312,-0.00039534396467497145,-0.002710674280526363,0.0014129808604526025,7.93776539692146,1.5167233642857993,-0.1682416223978416,0.001568652349843886,0.0002916007907469874,-0.000997372381145484,0.21314551553705977,1.0,-0.4432545006275177,98.30095139465371,44.90805897742533,39.96270638137634,-21.726875408332216
166.5,39.477220875277425,-22.350519446825547,-0.0004165498528680228,-0.00247721991460734,0.0012253401886071363,7.958083949220901,1.5282247788678012,-0.17550895283610599,0.001341811851776301,0.003251299895397022,-0.0032322931724799867,0.19575966621962695,1.0,-0.46366581320762634,92.91031476662774,52.20082520786476,39.96890116153003,-21.57700346855797
166.60000000000002,39.47799419394487,-22.1966995358178,-0.00040603174205100235,-0.0019349119698895438,0.0007682027366443663,7.976132571114418,1.523480245803347,-0.18083802444968183,0.0013231745039440235,0.0067381898606893136,-0.00669127202706388,0.1680312169613985,1.0,-1.0,77.6182252170459,59.768798611794864,39.974533879669785,-21.427109352198435
166.70000000000002,39.4768071646236,-22.04474294668999,-0.00030054493499005194,-0.0010506783199524116,-9.501279327695251e-05,7.990654695529259,1.4967343860568771,-0.1833756792265745,0.0015848323639765204,0.00989009628882845,-0.009851582574563979,0.12908943425068012,1.0,-1.0,63.79538744665095,66.60964716123657,39.979604456585626,-21.27719516713715
166.8,39.47421143022483,-21.896089731532356,-2.7083041813598453e-05,-8.564701426528698e-07,-0.001052447631600871,8.000970782642371,1.4605582401448485,-0.1830348664760843,0.002093022925390978,0.0106183778637813,-0.008994104139425023,0.08543605642601858,1.0,-1.0,51.30063691519841,72.79323243283605,39.98411282097264,-21.12726302153988
166.9,39.47070406105993,-21.751204029631687,0.00037024030516821246,0.0009719217937066806,-0.0017567870658643343,8.00674802371105,1.4230072553681332,-0.17984514965032572,0.0019395015930953427,0.009031713969711738,-0.005538017011346364,0.038979693706569445,1.0,-1.0,40.00637205899059,78.38270375862099,39.98805890943203,-20.977315023824943
167.0,39.46669613412719,-21.609922484433657,0.0007390994796819993,0.0017281543489235825,-0.0020832888690511075,8.007701719464263,1.3893272249179964,-0.1738407401880502,0.0006057943736278616,0.006624625274320282,-0.0018048666797381577,-0.010583152181926358,1.0,-1.0,29.797251170897,83.43514313311528,39.99144266647198,-20.827353282633588
167.10000000000002,39.46252743574619,-21.47166735197043,0.0009341000110638484,0.002277639218425314,-0.0020710267415739673,8.003520335515546,1.3630103024226055,-0.16505528071703768,-0.0014462222977895877,0.004636265635784941,0.0011503937673763983,-0.06257920924814508,1.0,-1.0,20.569014483103906,88.00214815829183,39.99426404450847,-20.677379906800333
167.20000000000002,39.45850837711804,-21.335589850309,0.0009043385208723716,0.0026404380755578856,-0.0017959410405146967,7.994314021726665,1.3461793624280596,-0.15393229811107642,-0.003256735636112958,0.0026153314729908802,0.0033609550222296206,-0.11084837186255965,1.0,-1.0,12.227419423214984,92.13035897963903,39.996523003865924,-20.5273970053233
167.3,39.45492384009887,-21.200696975362302,0.00069533021014928,0.0027841494736178915,-0.0013194085078215068,7.980774732864014,1.3396111686167056,-0.14112281290638917,-0.004122529552276953,0.00024762035182937395,0.005001109496971513,-0.1503714376076353,1.0,-0.6237620115280151,9.121352886835455,95.32466697311774,39.99821951277775,-20.377406687334574
167.4,39.45207128096184,-21.066276768179115,0.0003901246399532492,0.0026512292093766993,-0.0007857018564264407,7.964093034290071,1.335865385933681,-0.12764322839364917,-0.00408309477770912,-0.0028910527294107357,0.0042251812590802,-0.17501100896129035,1.0,0.36043715476989746,19.47255718589256,91.70654772378253,39.99935354738683,-20.227411062070523
167.5,39.45029468399547,-20.932494675032807,8.498329445433442e-05,0.002187892972317482,-0.0004346114712870372,7.9459466704843935,1.33111133380595,-0.11463698039872659,-0.003127025320751455,-0.0056870008990919626,0.002562487130201789,-0.1846220973680266,1.0,0.08798849582672119,27.364764112962956,91.30192312482559,39.99992509174583,-20.07741223884216
167.60000000000002,39.449729962939976,-20.798890097939765,-0.000107175914990513,0.0016015646212703203,-0.00013738661068036118,7.927239534210587,1.3333390060504278,-0.10222653409614067,-0.0014360464495609382,-0.005646614383755504,0.002859171673989598,-0.1883260043735118,1.0,-0.09348338842391968,33.09407498161662,92.32973735113525,39.99993413781739,-19.927412327005463
167.70000000000002,39.45043170991051,-20.664725101939457,-0.00017212924061615935,0.0011651040775107866,0.000211095343819306,7.908381402913694,1.3421157770723966,-0.09041900706211836,2.2895465801050065e-06,-0.003381546921677191,0.003294032546600704,-0.18798869131272558,1.0,0.14389760792255402,40.0382865092876,91.36047645586466,39.99938068547432,-19.777413435931724
167.8,39.45249606161193,-20.52998639722136,-0.00019109942301639922,0.0009208884042022179,0.0004106109173244747,7.890119908644958,1.343836108698849,-0.07983834332652545,0.0003899162197185672,-0.0021689915967461437,-6.562039887463944e-05,-0.17656375145237646,1.0,0.6452166438102722,48.28451607710517,80.08689058195179,39.99826474249953,-19.627417674977874
167.9,39.45599536294539,-20.395833912854663,-0.00019846777901435364,0.0007000400947582049,0.00020687924287746628,7.873596361661056,1.3389600177072933,-0.07091228722887814,0.0005925677670485458,-0.0018973497292848198,-0.002567912616541995,-0.15855088009139617,1.0,0.05597361922264099,53.1869925508083,81.07123698148388,39.99658632458595,-19.477427153456826
168.0,39.46080856164876,-20.262113253413435,-0.00013536654347351076,0.000513272709515154,-5.6136203826723626e-05,7.858926583304639,1.331841787110011,-0.063495267487701,0.0008826693078885769,-0.002305405853803224,-0.0034520179123513975,-0.1365073081487611,1.0,1.0,60.66021578220653,66.91663659212149,39.9943454553363,-19.327443980607825
168.10000000000002,39.46684282687561,-20.130099931714312,-2.225853390421206e-05,0.00015169095691459347,-0.000507391607461534,7.847199542916036,1.3118204579132857,-0.05857309438526121,0.0008449729278807829,-0.004532304486723731,-0.004918842793626826,-0.10382378312252176,1.0,0.6637290716171265,66.96364797057434,57.59856972222656,39.991542166262775,-19.17747026556676
168.20000000000002,39.47387171652005,-20.000038968027475,0.00015521459115299963,-0.0003647777209968521,-0.0008828543173352102,7.838808488678449,1.2961923031661158,-0.055810802417215546,0.0009222894195021521,-0.005263825675159314,-0.002275654756863961,-0.07154234804798121,1.0,0.2604427635669708,71.30315765879668,58.786509873852836,39.98817649678657,-19.027508117336534
168.3,39.48164147751307,-19.870775358035107,0.0003527966394172596,-0.0007959307041647193,-0.0008265322074791178,7.833301262908208,1.2938291605210197,-0.054559630081344825,0.0005794895828613844,-0.0035224111231586135,0.002421043284636805,-0.044705853877779596,1.0,0.18266311287879944,74.80736556534427,60.667696232739104,39.98424849423736,-18.87755964475738
168.4,39.489951144917924,-19.74111416645189,0.00043833951177197093,-0.0009959999401588202,-0.0003987065880915033,7.8302664187179225,1.3022782980373606,-0.05451679115229598,-0.0005878422416278235,-0.001065111954415953,0.005208138838012236,-0.02099265808927235,1.0,0.22291353344917297,78.19879622184068,61.96089210732879,39.97975821385263,-18.727626956477224
168.5,39.49863248636809,-19.610345585609558,0.00032186322353481645,-0.0010445001335027517,9.859427675914753e-05,7.829736567135366,1.313219444710927,-0.0559190690725996,-0.0020354253636437896,-0.000626550700094693,0.004158329004182105,0.006736188034332693,1.0,0.6575495004653931,82.80446932994934,53.24319556546331,39.97470571877685,-18.577712160922022
168.60000000000002,39.50750182150535,-19.478762539795536,5.062639025708912e-05,-0.0012420085655938207,0.0003466250594286175,7.832575240660793,1.3203256739049987,-0.059455661678585695,-0.00258797004837631,-0.0030922671836618254,0.0014600770242608843,0.043600923998941096,1.0,0.6168907880783081,86.87922668869241,46.4191321547139,39.96909108006067,-18.427817366266122
168.70000000000002,39.5162867316736,-19.34630913921302,-0.0002023371606117652,-0.0016959858243164503,0.00046642081679744836,7.839227513546709,1.3308939281720311,-0.06493444801644468,-0.0015884903337393206,-0.0052547058184249556,0.0013512322452661056,0.08109902436702464,1.0,0.424061119556427,90.00363036724028,46.62884224167526,39.962914376659846,-18.2779446804026
168.8,39.524654636213235,-19.21229482215794,-0.00032431063523932963,-0.0022247643061784573,0.0007108853450519182,7.849307769955069,1.3483389077992087,-0.07185108369121844,1.8414206872789478e-05,-0.005126206334806904,0.0027932623550158803,0.11331780629890027,1.0,0.5303600430488586,93.16661800251923,44.927147456879204,39.95617569543417,-18.128096210913633
168.9,39.53227564685257,-19.076327036859514,-0.0003533757338161214,-0.0026453920886461368,0.0010173296854831784,7.862401215212418,1.3666393359262623,-0.08007700083603322,0.0009641758997033785,-0.003754100427300196,0.0022884858291878315,0.14267078238261174,1.0,0.7552006840705872,96.51267646212023,36.33778429465893,39.948875131146224,-17.97827406504085
169.0,39.53882033473778,-18.93846074605209,-0.00036478498534336647,-0.002883530456870102,0.0012025274088481356,7.8781940232749905,1.3857561722305696,-0.08921835256488385,0.0012660799062043661,-0.0015366552025935783,0.0010593230097165685,0.16655754608283496,1.0,0.255676805973053,97.98919381303885,39.6204158864454,39.94101278646009,-17.82848034965571
169.10000000000002,39.54393647651417,-18.79821442454438,-0.00037775344180580373,-0.0028596302996079645,0.0013465693231273909,7.895834750523386,1.4103257083954708,-0.09864703900114141,0.0014083319974988056,0.0008779437334337516,0.0008935127465106048,0.18246776749189542,1.0,0.5188937187194824,100.35222341640005,38.84471779402661,39.932588771939855,-17.678717171229867
169.20000000000002,39.5473174579197,-18.655177324312707,-0.00040390869289319364,-0.002663712583510621,0.0014927954407587506,7.914757876998976,1.4385579120197716,-0.108164262163108,0.0014779207327436283,0.002144651364057784,0.000991283562329746,0.19260104261468067,1.0,0.13140451908111572,100.75655544555454,43.13028908114071,39.92360320604808,-17.52898663580555
169.3,39.54867742650914,-18.5090021993609,-0.0004486931826739891,-0.00240464114505389,0.0016555334403533185,7.934310822827545,1.4704275926670642,-0.11749126658125857,0.001571652447230293,0.0021445310915378163,0.0012263438514156144,0.19716473915157992,1.0,0.2940882742404938,102.01223799562545,45.331152352558945,39.914056215144136,-17.379290848965947
169.4,39.54779345154476,-18.359440095430614,-0.0005128216815691427,-0.00225069872747086,0.001817889008539322,7.954281289681693,1.5038823571266018,-0.12690417155628533,0.0016869412513085035,0.00030577585562633887,0.000972909730696465,0.20183107384974883,1.0,0.5715914964675903,104.13202861427051,42.573423585156256,39.903947933482435,-17.22963191580559
169.5,39.54448641774882,-18.206600252099616,-0.000588440359869456,-0.0023013781998261944,0.0019040180321618831,7.974645913280575,1.5356443063990157,-0.13633127611290297,0.0018612898700336702,-0.0013735780632957047,3.904576288129839e-05,0.203571691423238,1.0,-0.09212984144687653,102.31561470964091,48.273969680324626,39.89327850321051,-17.080011940900768
169.60000000000002,39.538577890785646,-18.050594530731964,-0.0006446244124323295,-0.0024029931997210287,0.0019291651864209584,7.994752741852211,1.567681874333136,-0.14533080610065632,0.0022617733138089397,-0.0012675347415292658,-0.0002614548974859699,0.1989850428842777,1.0,0.011356508359313011,101.69963632812406,52.67531627792638,39.882048074367056,-16.930433028279904
169.70000000000002,39.529947317802254,-17.891335713240007,-0.0006611064496507507,-0.0024487639990340274,0.0019700173638544224,8.014282514333209,1.6015280871236086,-0.15398587848109005,0.002738541962532679,-0.0005453023814002677,0.00011573163389415323,0.19285793833116657,1.0,0.1056123822927475,101.80879708745981,55.865670846821196,39.870256804879794,-16.780897281393994
169.8,39.51849813045486,-17.728691308248422,-0.000653876247559373,-0.002423651554920565,0.0020491436056956852,8.033182178416697,1.6369618800857033,-0.16229327240570302,0.00301829594318753,0.0001493869117963647,0.0004124692842784149,0.18624978754192872,1.0,0.026058295741677284,101.3517263869146,59.42131331458053,39.85790486056325,-16.631406803087017
169.9,39.50414579082896,-17.5625941070321,-0.0006535860795427747,-0.002346124047367646,0.0021334939337551055,8.051392694017443,1.6735079509686737,-0.17021332399054248,0.0030658379946909412,0.0004590460949051035,0.00038322147258163224,0.17951125322596112,1.0,0.12503471970558167,101.61974948970295,61.78833626361044,39.844992415116444,-16.481963695566357
170.0,39.48682138475664,-17.393031673103778,-0.0006757157870679342,-0.002256493473885968,0.002190358368851138,8.068890273071595,1.7098342267143594,-0.17765019411364305,0.0030153448156993445,0.0006542749716641704,-7.970387062226016e-05,0.17128063002272265,1.0,-0.17038127779960632,99.50557472728633,66.13516448349202,39.83151965012042,-16.332570060373254
170.10000000000002,39.46650013936867,-17.22016328591337,-0.0007114982424913956,-0.0021343459222477527,0.0021904772600893833,8.08539541104279,1.7453900648442364,-0.18440727404815854,0.0030841579496014653,0.0008999083102494043,-0.0004409408219181734,0.1610998157866374,1.0,0.02838917076587677,99.28705182357044,68.68546177750623,39.81748675503573,-16.18322799835324
170.20000000000002,39.44317476302591,-17.043984635276658,-0.0007361889536148194,-0.0020397899831078245,0.0021896589084018565,8.101016958466762,1.781783848327372,-0.19076281586981764,0.003333716902446443,0.0002582707127551841,-0.00022552310246070202,0.15352017207333876,1.0,0.19426435232162476,100.16878167666005,69.50040210621685,39.802893927199705,-16.0339396096266
170.3,39.416981911027925,-16.865151814756025,-0.0007562825067990831,-0.0019413982710416975,0.0020288407092528874,8.11555112359832,1.8018265950146357,-0.19595791965380213,0.003156351694870445,0.001772588142013718,-0.004220057130969312,0.13618966579939246,1.0,-1.0,84.17930440990875,75.40624594605615,39.78774137182376,-15.884706993558844
170.4,39.38870267396125,-16.686540272137066,-0.0007376751065217078,-0.0014386705612362601,0.001228437250187611,8.127073076748772,1.791814454801905,-0.1981555018696199,0.0029914991639051177,0.007030233780170947,-0.010444039606218779,0.09954561176323692,1.0,-1.0,69.72608337853143,80.74466101554007,39.772029301990464,-15.73553224873117
170.5,39.35922335725018,-16.51015812478738,-0.0005215713321705243,-0.00043257303576655265,6.932803735164802e-05,8.134338100788725,1.7663358220336052,-0.19684252539412905,0.0036088494177849064,0.011685311363176963,-0.0117583769507872,0.05384013813592716,1.0,-1.0,56.66151630752234,85.57016541879712,39.75575793865053,-15.586417472910973
170.60000000000002,39.32928342369455,-16.336895924776343,-6.902537135542955e-05,0.0008676093096523488,-0.000956628685396667,8.136687542840255,1.7346800293688207,-0.19167764607134602,0.00396356410698475,0.013460845811512356,-0.008931429961382435,0.002582664658697163,1.0,-1.0,44.85218243084876,89.93203920395112,39.73892751061973,-15.43736476302233
170.70000000000002,39.2994700591152,-16.166938629308074,0.0004636982548649821,0.002171111065800051,-0.0016137935364203674,8.133619984041031,1.702877088219432,-0.18247152410576556,0.00287222499812197,0.012303621927860525,-0.0051183626462446,-0.05313167259482254,1.0,-1.0,34.17747994336873,93.87482763136857,39.72153825457569,-15.288376215116516
170.8,39.27026696645017,-15.999994102153533,0.0008606598107905402,0.003199376798551711,-0.001911385444437095,8.125043203521018,1.6750441868315284,-0.1696656236249822,0.0003989332266386063,0.008343412470722664,-0.0020560054575604657,-0.106704007743532,1.0,-1.0,24.528394365282846,97.43879608829357,39.70359041505454,-15.139453924342533
170.9,39.24206794557569,-15.835446022609277,0.0009994409204122944,0.003726987484937937,-0.0019260113910524663,8.11157940177405,1.6538597656677143,-0.1542020614800762,-0.0023425117532630685,0.0027095598634745578,0.00029034205705478767,-0.15191933843165067,1.0,-1.0,15.806385241148066,100.66034129564727,39.68508424444747,-14.99059998491764
171.0,39.215162351829726,-15.672490508553661,0.0008948771295801608,0.003709843709960963,-0.0017045274249620685,8.09421779205769,1.6407414880922946,-0.13706655508341778,-0.004196019079180851,-0.002410689539764816,0.002387538935459105,-0.1866909220952933,1.0,-0.8715308904647827,8.849083233294236,103.44671007387639,39.6660200029972,-14.841816490097907
171.10000000000002,39.189825435450416,-15.510513542394607,0.0006381139668978192,0.0032710727639231395,-0.0013522807581639034,8.07418042711881,1.6295106820965968,-0.11949360752937359,-0.004847740372605238,-0.006141942045743042,0.0025739951168814905,-0.2067822088499955,1.0,0.2948562502861023,18.938759679357126,99.84359082100481,39.64639795879432,-14.693105532148776
171.20000000000002,39.166459795465634,-15.349820777314301,0.00034309130782117806,0.002544034344177895,-0.0011199727244238856,8.053161779244874,1.613515399318749,-0.1029154698375001,-0.0043434139369112855,-0.008108618448608516,0.0011269117304821253,-0.2108552462431375,1.0,0.31275996565818787,28.141365128834785,96.37786889630941,39.626218387773484,-14.544469202315646
171.3,39.14537947747518,-15.191204000425657,0.00012962615145567806,0.001716021484515094,-0.0011636722043423461,8.032642936860503,1.5820924809498582,-0.08844595472051622,-0.0032455526534260555,-0.008886091624626533,-0.003088535960204529,-0.19824001788655835,1.0,0.9732111692428589,37.998497248423384,80.92406487600921,39.605481573709596,-14.395909590794453
171.4,39.126990589103585,-15.037017074162124,8.330786027369007e-05,0.0008271130761607929,-0.0017518130714227252,8.014410125187023,1.5281659438659778,-0.0772628047402839,-0.0018736873792936112,-0.009062116716635621,-0.007551276437397033,-0.17073008081539962,1.0,0.7393794059753418,46.61912863583082,69.07377701226731,39.584187808213755,-14.247428786702287
171.5,39.111180607215324,-14.888277216490902,0.0002972851619506222,5.727255114359027e-05,-0.002458435575633211,7.999148626632495,1.4725989872974674,-0.0690374906813732,-0.00025503891132592664,-0.006943173783464681,-0.00594196429329942,-0.1409495364804006,1.0,0.5476394295692444,53.998126559600344,64.78939784095867,39.56233739072918,-14.09902887804801
171.60000000000002,39.09750980543972,-14.744458622780929,0.0006942830267095555,-0.0004046974810390246,-0.002787348935147742,7.986794542638622,1.4240450085052263,-0.06321085102360453,0.0001996221772070968,-0.0036752660493424866,-0.001657068016590114,-0.11160251862276765,1.0,0.5978335738182068,60.79597559524106,57.76216502156163,39.539930628527024,-13.950711951702889
171.70000000000002,39.085616289531856,-14.605251132553402,0.001033642431105103,-0.0006264541461039393,-0.002826838397261277,7.977607639178962,1.3767536057540137,-0.059836889625837754,-0.0012955559581669957,-0.0020418935968722733,5.7050107554644774e-05,-0.07774088360747752,1.0,0.9602898955345154,67.50419075748809,46.104858106340586,39.516967836702,-13.80248009337126
171.8,39.07518407617006,-14.470594915550517,0.0011554038509205178,-0.0008373319744980941,-0.0027996450058756553,7.972153427335551,1.331884306148376,-0.05906329909055706,-0.003485961570407577,-0.002614020642735475,0.0005896767603752945,-0.03863816441954428,1.0,0.720414400100708,73.25739635088449,37.85494243587449,39.49344933816799,-13.654335387561185
171.9,39.06579746384049,-14.33977350809965,0.0010824424740373364,-0.0011706828610417838,-0.0026184698575342858,7.9707247700873545,1.2978932111746144,-0.06066370626989082,-0.004820995984387867,-0.0038229888435765648,0.0030125319349833487,0.0017487758314360547,1.0,0.4642738103866577,77.82837387034053,38.26186353296122,39.46937546365349,-13.50627991755515
172.0,39.056978080848126,-14.211487017460964,0.0008984543295100096,-0.0016182439538390007,-0.002130755577565793,7.97334438275177,1.276418713481895,-0.06442157178278807,-0.005134669122212705,-0.004787139556357757,0.005812939115164085,0.04281544779058914,1.0,0.6008889079093933,82.34392281631449,33.58015698965655,39.44474655169697,-13.35831576538076
172.10000000000002,39.04829126140439,-14.084770614859513,0.000648098369414623,-0.002096449035595779,-0.001451628200931661,7.9799403886381715,1.2644626841460285,-0.06987175793799662,-0.004831482753766314,-0.004146454716865898,0.007117784881297713,0.07981518718320078,1.0,0.0037726163864135742,83.58902606307947,39.45232549359559,39.419562948642096,-13.21044501178147
172.20000000000002,39.039262281982836,-13.958571170441939,0.00036995425497774354,-0.0023676285619980103,-0.0006918204827943075,7.989631842055201,1.2635783130095657,-0.07615328126548082,-0.004059819504909996,-0.0015252886835877915,0.007427552697675355,0.10767946859020279,1.0,0.415181040763855,86.997442585015,40.46050685720712,39.393825008632874,-13.062669736187312
172.3,39.029498771800334,-13.83203069022258,9.08181732497935e-05,-0.0024055790443148596,6.919603507950624e-06,8.001936816084402,1.2686152476277865,-0.08329368688353782,-0.0031020033385335687,0.00015251865797027595,0.0058229717353832176,0.13361752147253786,1.0,0.820364236831665,91.03223365275406,31.595956570772216,39.36753309360865,-12.914992016685664
172.4,39.01872103626467,-13.704961759245817,-0.0001587090053413271,-0.0023895972136705147,0.0004641286681602291,8.016880708529811,1.274952018074803,-0.09135073202896736,-0.001954715738167179,-7.853013474596154e-05,0.0032079399022081905,0.1598217559658392,1.0,0.894334077835083,94.76949079217381,22.93564549038633,39.34068757329905,-12.767413929992026
172.5,39.00661232200003,-13.577185122573619,-0.0003237722305371262,-0.0023971659409409065,0.0007070105627026108,8.03406701333979,1.2831839475801974,-0.09968900973818473,-0.0005997667540277648,9.705896596007461e-05,0.0012911016299503343,0.17761317226150145,1.0,-0.21758148074150085,92.84142327052899,31.282131532708522,39.31328882521878,-12.619937551420808
172.60000000000002,38.99287537722247,-13.448584863023514,-0.0003790409852412988,-0.002320263395023016,0.0008194229825562402,8.052385723555053,1.2935907034412448,-0.10784509095984937,0.0006587199249901627,0.0007232388052467319,0.0004889673665001214,0.1872274700772198,1.0,0.6108260750770569,95.93787062804182,26.79362832937457,39.28533723466225,-12.472564954856153
172.70000000000002,38.97727271411943,-13.318787112030876,-0.0003455542976028369,-0.002270461918703511,0.0009288767804716445,8.071725234154275,1.3092548622186164,-0.11625383885047805,0.001473068821226951,-1.7209101544664242e-05,0.0008914436020388539,0.19729671442883576,1.0,0.5263088941574097,98.51924394378729,27.08922167225718,39.25683319469827,-12.325298212722775
172.8,38.95952500180712,-13.187302723896199,-0.0002890961270466893,-0.002325983689185574,0.0010878582217591058,8.09202504859091,1.3294123514075105,-0.12492014365069692,0.001581168445298311,-0.0013151691484250023,0.001128114339981676,0.20694375716556695,1.0,0.6428043842315674,101.14151449287567,22.04719778135814,39.22777710616442,-12.178139395956801
172.9,38.93941925385909,-13.05403771822307,-0.00027674953939555303,-0.0024669554617647556,0.0011971101274339069,8.113103515557032,1.3489291427535346,-0.13359216628029294,0.0011466955487255612,-0.0014757036521796645,2.4437107502680298e-05,0.21169692727353295,1.0,-0.21654680371284485,98.61189575283491,30.473436204043104,39.19816937766146,-12.031090573976675
173.0,38.91684288237684,-12.919314474718355,-0.00031385768191505086,-0.0024804229667007953,0.001162451240091622,8.134032511937747,1.3653481942456112,-0.14159153606325137,0.0008009330550532809,0.0005181115502861603,-0.0013830148918642677,0.20663786432857598,1.0,-0.28250572085380554,95.61406738550228,38.426953240960344,39.1680104255476,-11.884153814654027
173.10000000000002,38.89174392133341,-12.783267061720537,-0.000344996489519032,-0.0022950423607033484,0.001080720659558424,8.154230241291136,1.383613485280054,-0.14900611284027385,0.0010150592403658227,0.002050731791008624,-0.0008457899766126165,0.19947156400246324,1.0,0.24784907698631287,97.13712410967088,41.59347211234733,39.13730067393259,-11.737331184284617
173.20000000000002,38.86395450181836,-12.645423495412292,-0.0003364648561309009,-0.0020775703644342683,0.0011525708850902159,8.173873681602934,1.4078478731335116,-0.15612890367127452,0.0014277726825735002,0.001753571771354868,0.0010024162607716889,0.19430392629287785,1.0,0.048786960542201996,97.29464272081148,46.33580913479066,39.10604055467182,-11.590624747559263
173.3,38.83328381939319,-12.505385898202952,-0.00032918934669623777,-0.0019425362595131498,0.001364132977475674,8.192972765740915,1.43632940692574,-0.16291367049940939,0.0014996564539508828,0.0006119667945952505,0.002078230820408365,0.18882813946048357,1.0,0.09987542033195496,97.78922045793678,50.186149608524566,39.0742305073602,-11.444036567534814
173.4,38.79956421879831,-12.362869085204892,-0.000372095180956969,-0.001919500595132386,0.0016096859960667688,8.211468907391627,1.4675776523572432,-0.16935845799718885,0.0012849022680759146,-0.0003358135313976482,0.0019391007573908066,0.18188888335762537,1.0,-0.11668968200683594,96.54570399347284,55.31671123820084,39.04187097932599,-11.297568705605137
173.5,38.76270479819405,-12.217809214779635,-0.00047021388125347344,-0.001922780306007318,0.0017870592750993872,8.229058370983621,1.4994028464485916,-0.17525472935770853,0.0011801526426923553,-0.00016882688578834996,0.0010596540762838867,0.17140831223683925,1.0,-0.2062942087650299,94.56256101797834,60.49029101147442,39.008962425624524,-11.151223221472126
173.60000000000002,38.72267801880786,-12.070203726139908,-0.0005800630411365715,-0.0018648609528834187,0.0018896771028876188,8.24546293920038,1.532279620077166,-0.18054223900035216,0.0015172949933237017,0.0005608047113121437,0.0006184875843445497,0.15920045628123106,1.0,-0.08582943677902222,93.90228598742257,64.42695392290615,38.97550530903179,-11.005002173116738
173.70000000000002,38.67961455323763,-11.920362817885332,-0.0006645094602032183,-0.0016795177959055825,0.0018578951850082863,8.26034030435249,1.5553950091492421,-0.1846785610514173,0.0018879794230979583,0.0027053728583593725,-0.0022061795546327602,0.13939422462811496,1.0,-0.6834743022918701,81.63042624405178,70.40764942567131,38.94150010003795,-10.85890761677006
173.8,38.634385376642534,-11.770214117166908,-0.0006920660669904589,-0.0011437943689466712,0.001343672656941379,8.272315740637309,1.5553682795851274,-0.18640633904605855,0.0022624378263818683,0.006895317351466434,-0.007315213760381949,0.10497395112478365,1.0,-1.0,67.42209939590387,76.22632566595212,38.90694727684068,-10.71294160688438
173.9,38.5881953078561,-11.621882902834587,-0.00056819291426294,-0.00022869428969208685,0.0003345926225943965,8.280287310349493,1.5288470979458784,-0.18524326008994382,0.0028084321490720646,0.010188474990349647,-0.012271231729866702,0.06233770680526473,-1.0,-1.0,48.36085071159,75.26790157084677,38.87184732533851,-10.567106196104307
174.0,38.54248313813964,-11.47761615470279,-0.000223022696973818,0.0008411725156394832,-0.0009839019809437326,8.283803725976885,1.4852319385579862,-0.18109763511777627,0.0034931493195335533,0.01070156476770077,-0.012428470912532122,0.016517057825589137,1.0,-1.0,37.34903817140324,80.61960865766802,38.8362007391239,-10.421403435237902
174.10000000000002,38.49764974044136,-11.337296393089934,0.0003244655556755248,0.0018338118073181581,-0.001882479635750169,8.282487748426009,1.4482341035517732,-0.17383423876593293,0.003564458718137728,0.009171472760332892,-0.0064257763156945705,-0.033433164423709805,1.0,-1.0,27.395231805865386,85.45712799182769,38.8000080194764,-10.275835373227839
174.20000000000002,38.45378625541546,-11.200114941581313,0.0008424405049477137,0.002596645399485499,-0.0021514469677241395,8.276098404947536,1.4197701775368463,-0.16369196347179166,0.0017519228576301006,0.006201890689821117,-0.0007240136640034094,-0.08377438050131737,1.0,-1.0,18.3977792247355,89.8298623228967,38.76326967535553,-10.130404057122592
174.3,38.41093732958323,-11.065104826572986,0.0010885341128893423,0.0029781688749266786,-0.0019771388595328484,8.265127032423285,1.4011688596616256,-0.1516065577896456,-0.0013517219537468204,0.0015587508544157302,0.002574829105841427,-0.12484770329853902,1.0,-0.0732448399066925,25.163588752508616,90.86155432162317,38.725986223393654,-9.985111532047647
174.4,38.369086335108875,-10.93119786721709,0.0009933591585047316,0.00285585720111219,-0.0015611736063893661,8.250886445628952,1.3933227465194538,-0.1387000967040198,-0.004055348383829541,-0.003259413160866847,0.004435979583359134,-0.15297141930494482,1.0,-0.415347695350647,27.542223407200094,93.57184040341428,38.68815818788869,-9.83995984117674
174.5,38.32824997417713,-10.797597828203411,0.000653656741072739,0.0023397347471808515,-0.0010761308620069962,8.234584835623458,1.3879346745183803,-0.12587601016293712,-0.005321876696469849,-0.006791174648581712,0.0037675896767540044,-0.1667440777295758,1.0,0.5346773862838745,36.71854415884087,87.2592459364591,38.64978610079677,-9.694951025703133
174.60000000000002,38.288789168350846,-10.664505890903326,0.00024818701261158504,0.0015573449503028644,-0.0007569036511087645,8.217887927847569,1.3809336594962678,-0.11425195144866264,-0.0046915737826884255,-0.008235251113496229,0.0026978993680131336,-0.16643183839810477,1.0,0.16698192059993744,43.45398203617029,86.55769695284711,38.61087050172473,-9.550087124810908
174.70000000000002,38.25059257128771,-10.531366878434861,-2.8719826834785048e-05,0.0008516372244514884,-0.00040273402749208616,8.201478371512387,1.381939942667027,-0.10365517836320712,-0.0026118497847175534,-0.006043232062939112,0.0038929173574295743,-0.16219269889158147,1.0,0.12382197380065918,49.27705783758429,86.32854787262902,38.571411937922555,-9.405370175646281
174.8,38.21348092716056,-10.397580751689581,-0.00014437590132929164,0.00045975172608197915,2.3947395980327852e-05,8.185756004893465,1.3866455802507522,-0.09414789242751372,-0.0007279112606238458,-0.002679151240754572,0.003916507758146304,-0.15272881648117945,1.0,0.47955697774887085,56.20125953531136,81.8183427199515,38.531410964275636,-9.260802213288965
174.9,38.177445583062365,-10.26310581320499,-0.0001774546486685093,0.0003309218035030083,0.0003250798355083076,8.17139861371799,1.3914775689517889,-0.0859903180995131,0.00025700703651219937,-0.0005081075543305886,0.002298593155227322,-0.13696648556870814,1.0,0.4182245135307312,62.252144768178596,78.7121006883145,38.490868143297014,-9.116385270723548
175.0,38.14243800249234,-10.128004585926572,-0.0001868728906554194,0.0002926052787041081,0.00040941563573313686,8.15896997231883,1.392763246565892,-0.07943686377504516,0.0005148115800130957,-0.0006715871652687596,-0.0005452292840155407,-0.11432193284139598,1.0,0.6356436014175415,68.34344187326835,68.8867971125893,38.44978404511943,-8.972121378810908
175.10000000000002,38.10849941710629,-9.992808610793377,-0.00017621324014151956,0.00013463850226934837,0.0002531340097769751,8.14912004171508,1.3928100625443962,-0.07468541956120364,0.0007495351590445786,-0.0019122056266590002,-0.0014744164114486365,-0.08895943441318646,1.0,0.09119898080825806,71.56178067288113,70.64669030949456,38.40815924748734,-8.82801256625964
175.20000000000002,38.07519068146844,-9.856792063309847,-0.00010752098380158795,-6.508747273674163e-05,0.0002510680977364213,8.141461184664015,1.4034394276813011,-0.07108439257168694,0.0011530910402358834,-0.001927965024211467,0.0010760145187436085,-0.06868033000844145,1.0,0.19215992093086243,75.09542579561275,71.29421830487676,38.36599433574879,-8.684060859597553
175.3,38.04222945714936,-9.719533308870913,-4.849772462414225e-05,-0.00029646559283069934,0.00038972318486863296,8.136006042006862,1.4119773857655245,-0.06911578720821576,0.0007891809441741349,-0.002977657153492986,0.0007193330622792343,-0.042999675534071274,1.0,0.9130664467811584,80.38388050146858,58.674764309162924,38.32328990284714,-8.540268283143146
175.4,38.00977255920253,-9.582027097803472,-6.453672551154985e-05,-0.0007666670987630498,0.00028472344673587786,8.133905198393098,1.4099704910298925,-0.06981674268314521,7.502693785056424e-05,-0.005901040265878755,-0.0020514816848438227,-0.005209408063377191,1.0,0.7193883061408997,84.89780876228672,49.23156949431809,38.28004654931277,-8.396636858977157
175.5,37.97770874040848,-9.444772116948723,-8.454333139966535e-05,-0.0015153076877613353,3.371080816118177e-05,8.136027971250563,1.4063322385885721,-0.07340447427256737,2.279765405541223e-05,-0.008340685301536258,-0.0024644103657086814,0.039395655346889796,1.0,0.6286067962646484,88.79783788235436,42.4281743200696,38.23626488325464,-8.253168606914125
175.60000000000002,37.945632090421064,-9.307615873684316,-3.9079604795507495e-05,-0.002356876912948972,-7.997782394810123e-05,8.142603669409683,1.4079320784190734,-0.07943154549906606,0.000445772202779705,-0.007910326164977862,-0.00011368442395812953,0.0821739142001909,1.0,0.34674811363220215,91.43685836565466,44.065660683031766,38.19194552035171,-8.109865544473973
175.70000000000002,37.91289570776632,-9.169832129913239,4.336105895222715e-05,-0.002936444273176254,0.00011633860572938585,8.152890187167284,1.4186505092335417,-0.0868773039290729,0.0005631164369849274,-0.004045445487244208,0.0027401416943655874,0.11525181034364423,1.0,0.26376521587371826,93.44156671996745,46.5173941601715,38.14708908384427,-7.966729686853659
175.8,37.8788906902989,-9.030763494388784,6.157120895970762e-05,-0.0030513297107443217,0.0005076959108864336,8.165934278774179,1.4361172183104791,-0.09509267496284694,3.388941378882078e-05,0.0005779081854327249,0.0037473509861515987,0.1398159009532239,1.0,0.4525752067565918,96.03443662216114,46.28185366587065,38.10169620452525,-7.823763046898824
175.9,37.84311285506375,-8.889963996722232,-4.228700873817604e-05,-0.0027864014537211297,0.0009078190980278618,8.181025017639517,1.4587957553236954,-0.10362831814879675,-0.0005811942551671107,0.0036321503981129617,0.0033544881241831643,0.15704089305614652,1.0,0.15184353291988373,96.98001149649428,49.6620430882957,38.05576752073123,-7.680967635075483
176.0,37.80510851173736,-8.747089923820017,-0.00023562619787180164,-0.0023150842036820433,0.0012381876045026437,8.197240650759957,1.4849887374341126,-0.11183768666521031,-0.0006368500518998338,0.004970510623038378,0.0024891496056147723,0.16398612422466033,1.0,-0.1682557761669159,95.33219495531783,55.16141685844905,38.0093036783336,-7.5383454594417625
176.10000000000002,37.764574389454864,-8.602012046184527,-0.0004397041477086688,-0.0018293640839492631,0.0014832353124415265,8.21370123436062,1.5136517106166043,-0.11957837715433416,6.617041912228709e-05,0.003960426473557236,0.0019955334965082367,0.16522585824581934,1.0,0.30028262734413147,97.13790617634801,56.13483413904069,37.962305330729365,-7.395898525619655
176.20000000000002,37.72125908410888,-8.454469638005689,-0.0005867912976427858,-0.0015765233801817494,0.001713233877995169,8.230250874501273,1.5456827152028585,-0.1271329017774648,0.0011900775928632005,0.0011440909487094699,0.0020226170590409635,0.16497501704137582,1.0,-0.03147009015083313,96.68472619729818,60.10605511424001,37.91477313883202,-7.253628836766826
176.3,37.674954257932924,-8.304279386703,-0.0006671419554346056,-0.0015910133943390975,0.0019345438115217232,8.246598990536029,1.580167024292392,-0.13449581393622714,0.002192551934231824,-0.0014779196301129126,0.001889158145591918,0.16275346320858322,1.0,0.24217969179153442,98.07572336283116,61.25037544461991,37.86670777106222,-7.111538393548425
176.4,37.62549871644765,-8.151272691084452,-0.0007066361533445829,-0.0018111945071876145,0.0021258393589648,8.262748192276703,1.6167715318632974,-0.14186981387329453,0.002820757530935113,-0.0029354375374151774,0.0014292976104268132,0.16024400024474011,1.0,0.021410370245575905,97.94273621009886,64.32568837026469,37.81810990333841,-6.969629194108968
176.5,37.57277646262652,-7.99538803204451,-0.0007347868998753502,-0.0020810250706360207,0.0022499237114916586,8.278633172888767,1.6538044751085506,-0.1493167356660126,0.0031099200780231795,-0.0031130633346383636,0.0005361915784925779,0.15874997653768516,1.0,0.4366259276866913,100.0485456579972,62.62717378038022,37.76898021906731,-6.827903234044237
176.60000000000002,37.51683055552303,-7.8369219290241094,-0.0007641398122772293,-0.0022838497376540395,0.0022242997736202827,8.294320997934213,1.6849218590610537,-0.15656774121358855,0.003148849728072992,-0.0013051735547573926,-0.0016550965214924968,0.1534179342205139,1.0,-0.5127267837524414,93.59534654840347,68.36980011106616,37.71931940913429,-6.686362506373207
176.70000000000002,37.4579393952408,-7.676703842655417,-0.0007671417166767792,-0.0021431962514944424,0.001970958859059066,8.308769137703056,1.7090737543628143,-0.1625713062952327,0.0033544661817869314,0.0026690752789737685,-0.003257047294625676,0.13805680553303118,1.0,-0.31001153588294983,90.76237924554772,72.81065968815088,37.669128171893675,-6.54500900151003
176.8,37.39631195518792,-7.51506656451488,-0.0006936569133698313,-0.001649411893675264,0.001660113377321197,8.321409951166068,1.7293784703199573,-0.16707281555562667,0.0037236769491252666,0.005958224553600439,-0.003500599749802189,0.11758198974957311,1.0,-0.544813334941864,84.46857736583847,77.66553322499077,37.61840721315891,-6.403844707236036
176.9,37.33230312664966,-7.352457048592655,-0.0005535305428775246,-0.0009401699595322995,0.00134624119370436,8.331741185431698,1.7465082201034574,-0.16976414408914073,0.0038698365849160993,0.007119614699211958,-0.0028174903087819854,0.09414740434899269,1.0,-0.2576324939727783,83.10555625795577,80.96272101718681,37.56715724619264,-6.262871608671791
177.0,37.26625343578797,-7.189125253770588,-0.00039684312370990817,-0.00023405777530408593,0.001046168013640156,8.339526589491447,1.7548800341376993,-0.17034191689550696,0.003324622041492198,0.007102814412154272,-0.004049315178330805,0.06465929173456927,1.0,-1.0,68.75550009345555,85.76727438923584,37.515378991696686,-6.122091688249169
177.10000000000002,37.19922750588877,-7.026619251993354,-0.00026990496027345495,0.0005455175236143525,0.00043904212884182035,8.343499920889778,1.7445899038001547,-0.16763912247585103,0.0023696459285825902,0.00828014973942312,-0.007197310331108788,0.02174925318664657,1.0,-1.0,55.784185891115776,90.11021010156651,37.463073177801895,-5.981506925683481
177.20000000000002,37.13217279852413,-6.8658891837798395,-0.00010255627208901694,0.001456995593025125,-0.00032053936369326696,8.34262789246771,1.7260540881358872,-0.1611754209715652,0.0019131870836219904,0.0096335984096018,-0.007420673657363208,-0.030033245251031914,1.0,-1.0,44.05914522179365,94.03588001110765,37.41024054005791,-5.841119297945632
177.3,37.065756147553365,-6.707132306646247,0.0001449204969167655,0.002447520933312512,-0.0009189053021997453,8.336308135096496,1.7058618593737163,-0.15079285991406224,0.0016380819293732498,0.009716609808399303,-0.005016532823893043,-0.08509889643310262,1.0,-1.0,33.460637117467584,97.58437468371385,37.35688182142283,-5.7009307792343265
177.4,37.00040374060603,-6.549971568410205,0.0004091402368803945,0.0032768530688856382,-0.0011766249036962262,8.324841953191942,1.690928741958795,-0.13725531100549254,0.000920480225733149,0.00662373296182523,-0.0013436126069937128,-0.13247715357476766,1.0,-0.5025204420089722,33.60809708887488,99.9380509225045,37.30299777225276,-5.560943340948295
177.5,36.936214865859476,-6.393441251507215,0.0005743618452606468,0.003619517734755996,-0.001053595150619616,8.309509052356702,1.6854347760524215,-0.12193239426345752,-0.00043883209294389016,0.0008002794747889778,0.001851386040083114,-0.16517039620270305,1.0,-0.24639892578125,37.25318240999178,101.03822537637518,37.24858915029125,-5.421158951658583
177.60000000000002,36.87325107325611,-6.236692313502998,0.0005498867646243891,0.0033522696522950285,-0.0007241195724719247,8.291832621665797,1.6858204043689065,-0.1061913335967327,-0.002033553455930901,-0.005131784636758594,0.0028644949113577865,-0.18229417232351194,1.0,0.13435856997966766,43.73855550848556,99.32102832368047,37.19365672065865,-5.281579577080862
177.70000000000002,36.81195693491013,-6.079896303847623,0.00033865570971795394,0.002532596282784958,-0.0005796125594320512,8.273672086450803,1.6724338226667683,-0.0919411199237303,-0.0033647477585608326,-0.010526651946770299,-0.00162300364962171,-0.1769572774308625,1.0,1.0,52.119577042395534,83.41300252359359,37.13820125584136,-5.142207180047789
177.8,36.75349544783132,-5.925279822801379,9.17480072549469e-05,0.0012586598402644943,-0.0010811074271906008,8.257426578888092,1.6347217622552235,-0.08105440925335779,-0.0033160833834787523,-0.013816805666617324,-0.0071281218500767645,-0.15138061033659128,1.0,0.7099266052246094,59.33222577920264,71.72941633890628,37.08222353568091,-5.003043720481395
177.9,36.69811491585757,-5.773852331625607,8.076857501206327e-05,-2.3519082671364874e-05,-0.0017359530517049976,8.244044690224424,1.5962380737216444,-0.07331453477881267,-0.0013685743578853412,-0.011617490231060436,-0.005140114254464237,-0.12279369223863133,1.0,0.3797050416469574,64.93664587555676,70.1267018490837,37.025724347363095,-4.864091155365543
178.0,36.645179959610125,-5.624863388363891,0.00035401304685285875,-0.0007975811846854769,-0.0018896840686316219,8.233273107805896,1.5700476233638418,-0.06778540728373761,0.000348937531363003,-0.005220593331535007,0.0009050129565199613,-0.09805793987288648,1.0,0.32606497406959534,69.77912791491252,69.35715115971519,36.9687044854068,-4.725351438718384
178.10000000000002,36.594156101116,-5.4776875505433,0.0006591972348251871,-0.000965465590282096,-0.0016535394594681778,8.225082673306746,1.5457215710197674,-0.06433763858861735,-0.00026862013200697936,-0.0002201098661325187,0.002350318281924271,-0.06946013262416045,1.0,0.8552823662757874,75.51309998446526,57.394207787366774,36.91116475165292,-4.5868265215649
178.20000000000002,36.54499109006563,-5.332869336742439,0.0007614338245245738,-0.0009255424518935839,-0.001566188268256763,8.220346766291861,1.5163700439984287,-0.06352072011292105,-0.0023049961076942473,0.0001565966257612976,1.3446903696254459e-05,-0.0318803736144084,1.0,0.6551101803779602,80.37175823167532,49.16608645011072,36.853105955252985,-4.448518351909456
178.3,36.49737833288109,-5.190529330256779,0.0006853036584445487,-0.0010684664343832164,-0.0016326714320265203,8.219729754428723,1.488517023316033,-0.06548917545976168,-0.0036346357632760537,-0.0028692747250872092,-0.0008355861196234706,0.011963676443819373,1.0,0.8144866824150085,85.03515690222146,39.52264152121561,36.794528912657874,-4.310428874708407
178.4,36.45089012897218,-5.050571269798658,0.0005613060509411747,-0.0016194063323637388,-0.0016559371581649442,8.223877818456407,1.4634483958120923,-0.07052076635984968,-0.0036996689091703047,-0.0070744464070997435,0.0002805576556719409,0.06155791285287304,1.0,1.0,89.44843387935329,29.35999707775494,36.73543444760629,-4.172560031842753
178.5,36.404965496634624,-4.912700915027543,0.0004748641963484831,-0.002477887874237871,-0.00148528000904518,8.232942614758858,1.4441296850811534,-0.07817449974280447,-0.003068493890882491,-0.008811187415753458,0.0024120282242800018,0.10911909051271548,1.0,0.6530560851097107,92.96391602445216,23.86901127166145,36.675823391113155,-4.0349137620908255
178.60000000000002,36.35889099058063,-4.776331142994112,0.0004212238340614952,-0.0032498652967941234,-0.0010875193591433896,8.246185388819812,1.433636410348631,-0.0874104839779319,-0.0024983657192610394,-0.0060792807137838535,0.004323985263512439,0.14603182811546578,1.0,0.28014272451400757,94.90204229370985,28.0790606929118,36.615696581457996,-3.8974920011010212
178.70000000000002,36.311941754714816,-4.640758978819435,0.0003418430524961027,-0.0035645282640165746,-0.0005603854881510187,8.262414739911792,1.4309638845017436,-0.09737969767388197,-0.002344138060969439,-0.0009804399267555985,0.0046585197075616645,0.1724553689589776,1.0,0.6656563878059387,97.91945723341023,22.45495617079467,36.55505486417305,-3.7602966813645864
178.8,36.263603746959646,-4.505592703124755,0.00019584352776112624,-0.003428217947100744,-9.125102929330396e-05,8.280985281418,1.432908985950285,-0.10781382840423447,-0.002325411798935509,0.0027063678235945583,0.0035491099689972895,0.19399255579577757,1.0,0.7725781798362732,100.8361301543376,15.821110894224386,36.4938990920315,-3.623329732188452
178.9,36.21340586842173,-4.370495732860978,1.229158718554313e-05,-0.003079298458837183,0.00027005950365427655,8.301456628869868,1.4399315341836547,-0.11842193637150382,-0.0019221772291886687,0.0036052334811172045,0.0026243733089711006,0.2113476899081895,1.0,0.8053707480430603,103.52069150580154,9.472744437022426,36.43223012503536,-3.486593079668083
179.0,36.16090157632435,-4.235166137713918,-0.00015425296081884187,-0.0027778310923956082,0.000557901653875198,8.32338998129526,1.450226707163437,-0.12899393466794595,-0.0011424478734407765,0.002330573877454571,0.001817365450246013,0.22373756717326604,1.0,0.6826832294464111,104.38541832617774,5.326371918317249,36.37004883040347,-3.350088646660396
179.10000000000002,36.105882651763174,-4.09973231432704,-0.00027323853755395564,-0.002637194823684818,0.0007179155098049151,8.346178417393057,1.4590761678678075,-0.13928408147052912,-0.0002896769154161941,0.0005510982849869469,0.00046323802402609333,0.22997933198684858,1.0,0.4809298813343048,104.28004402679724,8.574713901323674,36.30735608255927,-3.2138183527567286
179.20000000000002,36.04828738584166,-3.9644500080794987,-0.00032519272805083416,-0.00263673569615494,0.00073908423286312,8.369250582033228,1.4650534978659306,-0.1491170337551001,0.00045917238911058597,-0.00041078536404923584,-0.0010636838867962546,0.2301341050968443,1.0,-0.20121550559997559,101.28960364061213,18.21102714319884,36.24415276311848,-3.0777841142558557
179.3,35.98817086470627,-3.8296236610057575,-0.0003035264836195963,-0.0026706492049169304,0.0006579979343176541,8.392077801459934,1.471121508589973,-0.15844944240615225,0.0010974925479283414,-0.0006335766831229016,-0.0012192284753653826,0.2274730718701085,1.0,0.40416473150253296,102.95666398898612,21.41644010943368,36.18043976087674,-2.941987844137003
179.4,35.92569511225186,-3.695603678546681,-0.0002374877561701651,-0.0026396384744686065,0.00045463590622569995,8.414275517748179,1.462706736357188,-0.1667204599650139,0.0009496803923815327,0.0015002747108642227,-0.005004962237076292,0.21472327889242795,1.0,-1.0,86.69932921105116,31.942152704622995,36.11621797179709,-2.8064314520329887
179.5,35.86255183234346,-3.5650913039267724,-0.0001565283981823881,-0.002176282355495617,-0.00042404149636361856,8.434014033460135,1.4215394068778495,-0.17246084659508623,0.0004837669259562234,0.006726996311432011,-0.011659170418539741,0.18443433952384974,1.0,-1.0,72.00398620473584,41.45656322055432,36.051488298997405,-2.6711168442033326
179.60000000000002,35.800209046802436,-3.4398070482701875,7.130861396717341e-05,-0.0012662627855287605,-0.0016702889899344615,8.45028211752514,1.3652698147956812,-0.17557113526813634,0.0009231301979415694,0.010534145363954603,-0.012631458969375071,0.14764971407462468,1.0,-1.0,58.72056004521799,50.05683675519727,35.986251652737614,-2.536045923507487
179.70000000000002,35.739509010641825,-3.3202591301275373,0.000492246940426366,-0.0001872035870032559,-0.0027052932244747796,8.462707806164829,1.3050914267380516,-0.1760984145886784,0.0013689457220132288,0.010920621398615117,-0.008587760459448594,0.10844150288920157,1.0,-1.0,46.71339488687264,57.830802861329666,35.92050895040699,-2.401220589378049
179.8,35.681012634412866,-3.2065106859200228,0.0009569506926419786,0.0007385413422475631,-0.0033337753242391457,8.47116473589086,1.2398230633023783,-0.17430783249113155,0.0003500869128230169,0.008224183229624331,-0.005353685512957903,0.06883646951597563,-1.0,-1.0,29.641822031090733,58.63980593973987,35.85426111651121,-2.266642737794051
179.9,35.625426482278996,-3.0988622127544816,0.0012738729215759253,0.001306218111491439,-0.003728328331912825,8.475721451501679,1.174173992838371,-0.17059763559569732,-0.0017020818937332075,0.0042852267489280685,-0.0024051471872531885,0.029881454401122595,1.0,-1.0,20.42851885120429,65.58912720553127,35.78750908265933,-2.1323142612543187
180.0,35.57241425173598,-2.9962391784651676,0.0013926571252309975,0.0015555245725378782,-0.0036661379647899436,8.476273583791437,1.124115008392803,-0.1650996936479977,-0.0035771432127414283,0.0016065488194693944,0.00270948693910481,-0.011083493348360061,1.0,-1.0,12.100422499681368,71.87076322132462,35.72025378755074,-1.998237048750834
180.10000000000002,35.52133940204842,-2.8972268190113892,0.001302933436719104,0.0016746190494369142,-0.003114556186592937,8.472601481082215,1.0900641289756448,-0.15790495593206938,-0.00499898545682437,0.0009095340586141275,0.007060394330556318,-0.05379999404054251,1.0,-1.0,4.572483009785591,77.5488646539281,35.65249617696191,-1.8644129857421952
180.20000000000002,35.47164906520057,-2.800536345143749,0.0010237997580771043,0.0017666115381831061,-0.002278121180373445,8.46489778316553,1.0679420902873291,-0.1495031581051259,-0.005796333043721805,0.0003900452261708288,0.00846168858346885,-0.09094425809015778,1.0,0.14707143604755402,14.276525997239382,77.96995669479531,35.58423720373313,-1.730843954127078
180.3,35.42320178794351,-2.705454816903189,0.0006230167727690134,0.0017180898326881891,-0.0014945900264226471,8.45426567649881,1.050504654027423,-0.14081824121349434,-0.005684544611693021,-0.00161621845199433,0.006805249440312657,-0.11455802619267186,1.0,0.39158499240875244,24.256065420882155,75.60766064572235,35.51547782775508,-1.5975318322177898
180.4,35.37592670343045,-2.6114812050818346,0.00023329692693135196,0.0014357040436502979,-0.0008918607867731776,8.44200096656978,1.0399639110341174,-0.13237108232227413,-0.00433773437309121,-0.0036675727733180875,0.005530774041361373,-0.12734696797095943,1.0,-0.01957382634282112,30.900326792111592,77.61965530122083,35.44621901595535,-1.4644784947138483
180.5,35.329617281810805,-2.5180450824327703,-3.751897324675088e-05,0.0009835648060091166,-0.00044080193085962164,8.429063188777587,1.0292915595374532,-0.12471383208614895,-0.0025921351323735732,-0.005455838175558794,0.0027632256340439903,-0.127815141640984,1.0,0.7664496898651123,40.24667282484661,65.75593959359742,35.376461742284846,-1.3316858126756195
180.60000000000002,35.28472465876964,-2.4256350361875976,-0.00016377423906379314,0.0003857887187083576,-0.0003322899646993407,8.416829359737136,1.01641441812328,-0.11836842129642762,-0.0008223442752142275,-0.005760104470767385,0.000729425388293726,-0.11958058164352083,1.0,-0.2208453118801117,43.52336633870896,70.0059100926108,35.30620698770407,-1.1991556534980035
180.70000000000002,35.24062084606465,-2.333324601490059,-0.00011958690585287225,-1.0464667956629488e-05,-0.0001454026192488332,8.405110319088458,1.0185045732467157,-0.11240635925265341,0.0007412750133725797,-0.0025555227569634374,0.00278185321359763,-0.11589919605182697,1.0,-0.09214289486408234,47.7119068707593,73.07085224281794,35.235455740169364,-1.0668898808841867
180.8,35.19659331340595,-2.2399928609988384,-1.2294308627747864e-05,-2.7530090066468094e-05,0.00025453011940447566,8.393639389845259,1.0327826894617091,-0.10657828637553997,0.0011086268115840122,0.0013571636318576818,0.0046347781299169106,-0.11415422598809333,1.0,-0.133241206407547,51.12858561386092,76.1078918341354,35.164208994618974,-0.9348903548194087
180.9,35.152100301008446,-2.1447208228276615,1.4702629842367317e-05,0.00025735288413279657,0.0007434510650377263,8.3823279113535,1.0565582979644275,-0.10075360386252624,0.00042135869582632043,0.00353883742607646,0.004821717996938183,-0.11198391072989136,1.0,0.12815755605697632,56.24180727073946,76.84309471302355,35.09246775295908,-0.8031589315448358
181.0,35.10675723853493,-2.0467869033024764,-9.755025565438982e-05,0.0005937377975442516,0.0011927323097356934,8.371378067783084,1.0880211546438092,-0.09503534779767138,-0.0003679553821375851,0.003151059854915217,0.0042051923911090635,-0.10777242089258166,1.0,0.028341427445411682,60.17967981228731,78.3649654346609,35.02023302404972,-0.6716974635314337
181.10000000000002,35.06049194501304,-1.9459708231884134,-0.0003146855209114492,0.0007162494735214382,0.0014582000508856956,8.361251342891867,1.1138957642450922,-0.09009987120200458,-0.0007770647835543808,-0.0004974872127395776,0.0006737872549148628,-0.09404134716917582,1.0,1.0,66.98105122337586,64.47038145916011,34.94750582369058,-0.5405077994539269
181.20000000000002,35.01396326612382,-1.8433382324180891,-0.0005284100896450282,0.000343514074712641,0.001314945748118476,8.353335607261684,1.1308533607685904,-0.08695034972701898,-7.306273324605414e-05,-0.00533251213811798,-0.00197776477388103,-0.06932803938613624,1.0,0.38897866010665894,71.88674471213143,63.4405530450966,34.8742871746067,-0.4095917841648138
181.3,34.96703038089127,-1.738790474190923,-0.000585068675186565,-0.0003507462642156727,0.0011644716662211473,8.348005117447634,1.1499339487101032,-0.08549704424485718,0.001478079997269071,-0.007662634351808799,-0.0012763024850359153,-0.041545632561370546,1.0,0.6200896501541138,77.01775193982189,55.529450711465785,34.80057810643414,-0.27895125866839265
181.4,34.91962990923792,-1.632436638441212,-0.0004910070578015584,-0.0011141939264886615,0.001106242792235962,8.345685709283776,1.1700637103542808,-0.08587767271401571,0.0025821376661070354,-0.006996589803521038,0.00021415956382583748,-0.011742266203253054,1.0,0.10202093422412872,79.4746986291093,58.477486411147225,34.72637965570545,-0.14858806009490522
181.5,34.87128591823432,-1.523777976857363,-0.0003408712707559896,-0.0016316004553640776,0.0012414656377266718,8.346164415189714,1.1973358860445273,-0.08762973736555532,0.0026954902082050444,-0.003944500477230898,0.0018773874399455367,0.016231674107191087,1.0,0.46317487955093384,83.44471838170524,56.921153731746166,34.65169286583513,-0.018504021674679905
181.60000000000002,34.821633274427676,-1.4125333273784029,-0.00026211489853295386,-0.0018735825428681154,0.0014347565973880537,8.349640620843585,1.226559200851592,-0.0909407968667115,0.0018521679777038105,-0.001714737705309238,0.0015881567249593103,0.047663974779894897,1.0,0.5816580057144165,87.37384584995716,52.60018173305516,34.57651878710492,0.11129902728763241
181.70000000000002,34.77038731577233,-1.298712648212784,-0.0002996254883454107,-0.0019454378252109234,0.0015575095913659758,8.356203182580899,1.2575295410867169,-0.09538614648836512,0.0010003106657696815,-7.655201671466039e-05,0.000952423353669635,0.07594617598964509,1.0,-0.08710893988609314,87.39314993271518,57.30357406654011,34.50085847664907,0.24081926143879429
181.8,34.71706489541601,-1.1821040649474797,-0.0004027241452823287,-0.0018465807356649073,0.0016870953960854125,8.365048499117568,1.2928591665155187,-0.10031151977425244,0.0008129774382485294,0.0011834458953369012,0.0013146203301742797,0.09665389725042017,1.0,0.4155515432357788,90.43742127956305,56.59129109472481,34.42471299843945,0.37005485940265714
181.9,34.66136025987071,-1.0626947914769582,-0.0005203091996763348,-0.0017629840508837742,0.0018144072375461794,8.376024954097621,1.3260523937909143,-0.10616975093169695,0.0010265425954705796,-0.0001320796395159112,0.0005246600830747958,0.1193390040485759,1.0,0.705018162727356,93.95959505120959,47.558062760612394,34.348083423270594,0.49900400380574084
182.0,34.6032690139507,-0.9410093409416446,-0.0006135399570861531,-0.0018940815209215404,0.0018257943912315404,8.389347006205865,1.3565612057022753,-0.11299002741959321,0.0015838488632250027,-0.002280866534991484,-0.00017297931348032018,0.14130805333622404,1.0,0.25689634680747986,95.68755823787458,49.749393085008876,34.27097082874464,0.6276648813028345
182.10000000000002,34.54235383626442,-0.8169190222805194,-0.0006387747692836776,-0.0021402590284911624,0.00188922559366099,8.40442978316562,1.3916982722056745,-0.12029005993730109,0.0023448105852431856,-0.0028804487888486278,0.0007119408199524598,0.15660618264126094,1.0,0.38567546010017395,97.82235249718053,50.17858359933834,34.19337629925616,0.7560356826024694
182.20000000000002,34.47822336840285,-0.6902966468816409,-0.0006243677273661989,-0.0023850630972054596,0.0020249939001381542,8.42085750297518,1.4286078583850224,-0.1281404846861386,0.002713270831652011,-0.0026539272799366797,0.0009955067465957004,0.16932575702007546,1.0,0.5334862470626831,100.24289084077377,48.06328794865443,34.11530092597697,0.8841146024923674
182.3,34.4106822974227,-0.5613139912716426,-0.0006234265517993823,-0.002535252494006188,0.002112067465919605,8.438256337426061,1.4634706147582184,-0.13611361883917714,0.0026210670103011258,-0.0009230558570245197,-0.00011522653149851833,0.1750175718011769,1.0,-0.29155948758125305,96.98542059636844,54.369814538985715,34.036745806840706,1.011899839864828
182.4,34.339669884258214,-0.43032617485987734,-0.000644011317192118,-0.0024094053822397367,0.0020795701398359547,8.455539678644127,1.496902489020299,-0.143464386054486,0.0025704939336741103,0.0020056716985195643,-0.000952261289525534,0.17084427853356574,1.0,-0.06664659082889557,96.2566111154556,58.762685735158996,33.95771204652745,1.1393895977420527
182.5,34.26501391133726,-0.2972985825528221,-0.0006534213749453668,-0.0020838008770063437,0.002050591847897949,8.472285650575321,1.5329937514815546,-0.15036667323750114,0.002811000520693338,0.003148456934377124,-0.00034410674065125544,0.1654736547317878,1.0,0.15784889459609985,97.21715651554855,60.886681558843435,33.87820075644813,1.2665820833014223
182.60000000000002,34.18650219621203,-0.16206756348542023,-0.0006484001166343578,-0.0017890776286008715,0.002105434698904014,8.48857500163023,1.5717299655683674,-0.15699024289868366,0.0030418547950898283,0.0020413402551804627,0.0005682170074436738,0.16117117144894533,1.0,0.09558288753032684,97.69065987694307,63.37681119452755,33.798213054728976,1.3934755079007175
182.70000000000002,34.103967356627116,-0.024555233977505506,-0.0006563407776655311,-0.0016609971231227568,0.002212689331866801,8.50438587449564,1.6117858585182352,-0.1632947647967004,0.0030621290750977646,0.00024782576134642635,0.0008442985985110595,0.1557100874657996,1.0,-0.04198785498738289,97.09904600587025,66.72900353750646,33.71775006619571,1.5200680871032262
182.8,34.017317523881054,0.11523408415820657,-0.0006945967122333684,-0.0016927436097031537,0.002312346952080311,8.519586770384866,1.6525998729324007,-0.1693348416990901,0.003015251964253744,-0.0012504369893724912,0.0006672333432754461,0.1498681626411116,1.0,0.1574217975139618,97.9760803385659,68.09167371592478,33.636812922357805,1.6463580407029035
182.9,33.926498480734985,0.2572868889681846,-0.0007532133628719217,-0.0018258545121111254,0.0023827891763529177,8.534212341801252,1.6933054841800164,-0.1751421926477125,0.003082576467846053,-0.0016699658351128639,0.00024242564422142387,0.1431782406638194,1.0,-0.1624007374048233,96.28894696870262,71.78556415841236,33.555402761392486,1.7723435927493547
183.0,33.8315415710426,0.40148373813241806,-0.0008084385331815292,-0.001912160471333808,0.0024098277687406725,8.54801140250535,1.7334243833512573,-0.18050705939340903,0.0033582096961031604,-0.0008647074602955868,-5.415700078288244e-05,0.134842074950276,1.0,0.07964063435792923,96.74399862409986,73.36713983150327,33.473520728128804,1.898022971572825
183.10000000000002,33.73254645521276,0.5476919618684148,-0.0008408387067757932,-0.0019218350939796327,0.0023893999457640963,8.56109022037667,1.7699930417712706,-0.1855918576015275,0.003663557673991415,-0.00013686208413352365,-0.0010063416584025202,0.12823768688471868,0.6510086059570312,0.07523037493228912,95.4997977423959,72.92563716465752,33.39116797403152,2.0233944098091285
183.20000000000002,33.62998621476445,0.6953456205913056,-0.0008417489956921637,-0.0019142330936191747,0.002215342223089227,8.57374361655815,1.7991617476526076,-0.19067102959483417,0.00389420236989565,-0.0005982009517443199,-0.002511258999164164,0.12682256956107296,1.0,0.5281388759613037,98.12844966718644,68.7478857155204,33.30834565718486,2.148456144424479
183.3,33.524136912916134,0.8440815851223172,-0.0007824860393395208,-0.002013806106788686,0.0019723477497163794,8.586549276310476,1.8260602107218693,-0.1959409530162124,0.00416439921677642,-0.0014332703568124708,-0.0025298147061520067,0.12786400222347458,1.0,-0.11849117279052734,96.83604333050934,72.10664207848556,33.2250549422763,2.273206416740294
183.4,33.415338728164926,0.9933446797218173,-0.0006777555179242075,-0.0020021321209292985,0.0016387148515499064,8.598669485084592,1.8385480392196492,-0.19995756577758186,0.0038644942909915984,0.0015953923150974897,-0.0053199543913284965,0.11308157287779716,1.0,-0.9604738354682922,81.42330293841557,77.7283040488618,33.14129700058015,2.397643472457922
183.5,33.30538462452849,1.1411839519751323,-0.000541964421107214,-0.0014473033828588853,0.0008105889212702406,8.608009324449522,1.8241658187209917,-0.2009902233772388,0.0032358156527682144,0.008077888928198277,-0.010215934150691362,0.0784281036278833,1.0,-1.0,67.23487633243734,82.84361762604406,33.057073009941085,2.521765561683317
183.60000000000002,33.19581697262497,1.2863830571071084,-0.0002756901701849312,-0.00030020565576588474,-0.0002920488856907585,8.613222091228026,1.796093383367284,-0.1984030715094198,0.0031195195245416227,0.013296908396013043,-0.01103016701004869,0.0335642953484912,1.0,-1.0,54.40966244942318,87.46745595061249,32.97238415475758,2.6455709389516535
183.70000000000002,33.08758331785936,1.4285871429026877,0.00014549135010393565,0.001158436743587313,-0.0012422386908073364,8.613534494931345,1.763112328896487,-0.19178898971297192,0.0028771440208395483,0.014937530285011288,-0.008184554809672099,-0.017997556182972316,1.0,-1.0,42.8166848971586,91.64703957323077,32.887231625965256,2.7690578632518417
183.8,32.98120989460982,1.5679743526405647,0.0005975632789545749,0.002561966183992914,-0.001821928351717117,8.60843043841191,1.7308880421133415,-0.1810811871591591,0.0016181364261950992,0.012791087624831464,-0.004392347898929601,-0.07296838370748944,1.0,-1.0,32.337551390831095,95.42505213168013,32.801616621020166,2.892224598051058
183.9,32.87686472632827,1.7051706068465537,0.0009119434213374799,0.0035321553513210425,-0.0020045443297753837,8.59814865436705,1.7060586509208076,-0.16719004627890466,-0.0005536599031025762,0.006817506869211509,-0.0005647211906198929,-0.12087105884200346,1.0,-0.4686731696128845,33.20125256469456,97.88051933794561,32.71554034388189,3.0150694113191108
184.0,32.7742768899801,1.8412626317390945,0.000988300121046478,0.0037627974254850313,-0.0018088999838779714,8.583966348077208,1.692047753663465,-0.1517053253420787,-0.0028736848367256927,-0.0012356839740725704,0.002552437348136819,-0.15349656328470865,1.0,-0.08257371187210083,38.46469933711235,98.20265986307318,32.629004004996666,3.137590575552842
184.10000000000002,32.67322867449152,1.977150735288107,0.000820921157031765,0.0032409123524481357,-0.001401004312304484,8.567503627721946,1.684854896357981,-0.1361073304467746,-0.0045309977496191655,-0.00794761108674679,0.0038384775910178777,-0.1699716819800997,1.0,0.16283588111400604,45.00772268430542,96.48958126502131,32.54200882128033,3.2597863678004018
184.20000000000002,32.57359516487291,2.1134408318856206,0.0005067050718270821,0.002301060433279386,-0.0009332752604002473,8.550053187796264,1.6836662137092615,-0.12114849279156834,-0.004809846528550029,-0.00984934888767676,0.00447830649108256,-0.17731590805324335,1.0,-0.2909717559814453,47.06392769601855,98.14057792552126,32.454556016101215,3.381655069685472
184.3,32.47523535837225,2.25058936188371,0.0001763719673510681,0.0014494345748545991,-0.00048449434232415825,8.532258927441749,1.6826998442743806,-0.10716413895037902,-0.003925101081082504,-0.007753159129603902,0.0033391255597140885,-0.17595970300827815,1.0,0.5468244552612305,54.3979851359686,91.08516061311377,32.36664681926296,3.5031949674314404
184.4,32.378530462785235,2.388320763569779,-7.378938768749319e-05,0.000868342442543141,-0.000243403755917948,8.515300452403292,1.679167948426882,-0.0948500830536755,-0.0023044588900166954,-0.004346167751383025,0.001913413980265619,-0.16538222479503958,1.0,0.1077176034450531,59.06563878177097,90.5663558912154,32.2782824669872,3.6244043518855023
184.5,32.283161281972674,2.5269716590673754,-0.00016995043500626282,0.0006810145818883379,-1.3875434197883972e-05,8.499425709929831,1.6820807935834017,-0.08370391410989016,-0.0004379961066760232,-0.00039844442657621844,0.0023966559206266003,-0.15404685876002017,1.0,0.21365192532539368,63.91942576263786,89.08255847578613,32.18946420189617,3.74528151854269
184.60000000000002,32.18940000263655,2.6660647849482304,-0.000178575715419077,0.0007118557440103472,-2.6885126385694564e-05,8.485167895676042,1.6637569666108434,-0.07437328075511304,6.273720014087895e-05,-7.57378240121745e-05,-0.0038844541063148596,-0.13204846553720112,-1.0,1.0,64.1434388041051,67.94019014213096,32.10019327299527,3.865824767569819
184.70000000000002,32.099161149636984,2.8027488843513515,-0.00012497688711592442,0.0005249015854539992,-0.0008646769059268261,8.473893296984224,1.6193447910883587,-0.0679205735602189,0.0002391862702913774,-0.003156027020696954,-0.009682664085188784,-0.09992152293232606,1.0,0.5657719373703003,69.88667577574344,63.22117169293112,32.01047093565546,3.986032403829462
184.8,32.0122864358435,2.9366797959085673,0.00014426409660306302,2.4999708445323885e-05,-0.0017074951582754278,8.465983013125017,1.5781755070694294,-0.06432967057579264,0.0010603913323750077,-0.00645251794733203,-0.00734026342679011,-0.06399951722660703,1.0,1.0,75.7554067491975,50.78159135356086,31.920298451595635,4.105902736903701
184.9,31.928441082512855,3.06776058698923,0.0005575590615897222,-0.000751267768287181,-0.0021714173776610207,8.46196141452137,1.5411079300136914,-0.06384154996167553,0.0009826025996891089,-0.008297797141693455,-0.0024060553691395243,-0.024883701745374496,1.0,0.41225242614746094,79.90574598116568,50.74323500243322,31.829677088864866,4.225434081117953
185.0,31.846783651054952,3.1965756422102958,0.000911535538383743,-0.0015680985528795561,-0.00215224512208063,8.461857681054857,1.5121376099246522,-0.06617462832413952,-0.0006629704205351819,-0.008052256969787501,0.001248821545152022,0.016050938389288873,1.0,0.8624914884567261,84.67549431101834,40.50606674932574,31.73860812182457,4.344624755564656
185.10000000000002,31.76677406009721,3.3233128528090403,0.001022792086544647,-0.0023117971512075924,-0.0019334539904264756,8.466106305793373,1.489093914457574,-0.0713056803815399,-0.0030704167705948885,-0.006514205932425889,0.0027990747117904074,0.059217261100521355,1.0,0.3058947026729584,87.53093815763117,42.822189376617075,31.647092831130593,4.463473084126925
185.20000000000002,31.687417273348142,3.448686099842796,0.0008925393284191396,-0.0027761593488039756,-0.0015191074433806987,8.474249243184723,1.4784846130659146,-0.07817720737165784,-0.004691862545578104,-0.0030337567991764298,0.004656542512573595,0.09536034983099909,1.0,0.41548776626586914,90.56173826792626,43.50218423646016,31.555132503715207,4.581977395502097
185.3,31.607747876687046,3.5733853420505826,0.0006070385584059066,-0.002872791955666085,-0.000934725046668543,8.4855707508575,1.4780137182454294,-0.08610922928735446,-0.00504336109191388,0.0005734034386339926,0.006008505420557304,0.12405652792174131,1.0,0.34111487865448,93.00738738103412,45.10660669878017,31.462728432769,4.700136023225241
185.4,31.52693828455979,3.6979519954110374,0.00026552474157204325,-0.0026817136919724907,-0.0002650540017584144,8.499342061334302,1.4855138470844271,-0.09461819954205175,-0.0042907084727101304,0.0026305002119843624,0.006329662566427764,0.14626976454104082,1.0,0.4941864013671875,95.77554957821755,44.29324694449942,31.369881917722697,4.8179473056925985
185.5,31.444334578211286,3.8227439666562653,-5.5711376728446265e-05,-0.002398457587499862,0.0003751468090600869,8.514983400909893,1.4992141165888597,-0.10337356686851336,-0.0028658267925720216,0.0028391081170873094,0.005720349596478882,0.1619190096609606,1.0,0.1264236718416214,96.58814602781729,48.10106225530494,31.276594264228883,4.93540958618496
185.60000000000002,31.359329936328418,3.9480941489447354,-0.00030905081454321733,-0.0021480834576020793,0.0009310095163741027,8.531724942566267,1.519053264591799,-0.11203075260759969,-0.0011973907260586967,0.0019483174210434165,0.004783706331622854,0.1705245907131198,1.0,0.23981590569019318,97.97616001226574,50.4239865257146,31.18286678414365,5.052521212890937
185.70000000000002,31.27153806126351,4.074171736085397,-0.00048621967636188173,-0.0020673692220375115,0.0013310775482776793,8.549272537371913,1.5395593659874582,-0.12095206316725093,0.00020406246782353574,-0.0005746842663318634,0.002527820242300857,0.17966743037436156,1.0,0.6610701084136963,100.68888013631819,42.7432162835027,31.088700795508146,5.169280538930213
185.8,31.1809733923299,4.200697268972587,-0.000588609740030432,-0.002263982129711286,0.0014774908286342011,8.567844685254347,1.559043877665615,-0.13031936883350936,0.001334678479912785,-0.0029905726731359094,0.0004524178217269945,0.18874165278434932,1.0,0.16358749568462372,101.25793463257149,46.35141872741054,30.994097622530028,5.285685922376686
185.9,31.08726706970565,4.327791087620496,-0.0005991772453271469,-0.0025510883993433825,0.0015498798698821569,8.58693495128646,1.5831563597802703,-0.1396396573317387,0.0022956650904143584,-0.002980422378968614,0.00029327511055784653,0.19170066523023002,1.0,0.13670912384986877,101.60846607501303,49.866715507440006,30.89905859556486,5.401735726281565
186.0,30.990053874211185,4.455628323622724,-0.0005528724194054982,-0.002729342271128381,0.00164649301498067,8.606071178275775,1.6106941741976553,-0.14877731662186386,0.002752789334903572,-0.0013522747508497778,0.000555655292366226,0.19068895443862552,1.0,0.09099836647510529,101.6293808715972,53.45579525003251,30.80358505109739,5.517428318696407
186.10000000000002,30.889069256293414,4.584314224631707,-0.0005112591804134,-0.002711625613786133,0.0017548180208574393,8.624931912365978,1.6406841030344164,-0.1575644614683234,0.002691086679421136,0.0006325883948513666,0.000527904364256044,0.1869027872786929,1.0,0.05246490240097046,101.38157919756398,57.027994767625266,30.707678331722764,5.632762072696028
186.20000000000002,30.784224977415565,4.713789059666247,-0.0005149133238095755,-0.0024978892227240177,0.0018016632194646452,8.643137724176654,1.6686847535714884,-0.1655839980602666,0.0023391521071397053,0.0027025734681063764,-0.0006464413303789952,0.1774496566149022,1.0,-0.39743030071258545,96.68971255234588,62.92231616709979,30.61133978612765,5.747735366401415
186.3,30.675780989714145,4.843710575351649,-0.0005499764119820138,-0.0021140672886575842,0.0017134467417296607,8.66009488149795,1.6944253542783916,-0.17258309659092017,0.002241357570994966,0.003677608518754024,-0.0013337411928503857,0.16504881182913286,1.0,0.12608762085437775,97.41234514848088,64.94334023410943,30.514570769071252,5.862346583002527
186.4,30.563646210862217,4.974212618952018,-0.0005623328941776727,-0.0017858942428347483,0.0016647735852259855,8.676017483510368,1.723198610493844,-0.17896538541888826,0.002549050056677321,0.002425323666614453,-0.00038169753872271256,0.15525646132577137,1.0,-0.06376920640468597,96.66678976611536,68.30019905469557,30.41737264136627,5.976594110781008
186.5,30.448178200214826,5.104957996733946,-0.0005631138313082062,-0.001533049192342124,0.0015351436322352462,8.69049755197571,1.737771135266947,-0.1838645450136462,0.002403859816308072,0.0028850204784663415,-0.0034903325975276225,0.13456643534125995,1.0,-1.0,81.01378109174206,74.32135744740324,30.31974676985979,6.090476343132888
186.60000000000002,30.33141706239692,5.234190332039293,-0.0005436812817621055,-0.0010186669797345605,0.0008454696054444328,8.7017784745669,1.725253165638468,-0.1858261491965629,0.00215408682038926,0.006583284057735776,-0.009069953506208508,0.09680306197585044,1.0,-1.0,66.86470101848522,79.7640077393986,30.221694527414012,6.2039916785911515
186.70000000000002,30.215027017567998,5.360881821063439,-0.00036717279991460594,-0.00013171766065451604,-0.00016857643822289526,8.708750561926356,1.6993715219266408,-0.18444639587974682,0.0026379627373057037,0.010146702347639298,-0.010265445046246246,0.0508590540820969,1.0,-1.0,54.075053284679896,84.68373252804277,30.123217292886974,6.317138520848257
186.8,30.09997279246917,5.48480113791643,1.0996324712215044e-05,0.0009953535136530325,-0.001054305758749359,8.710802453531082,1.668843537657113,-0.17941765029197929,0.0030041083941886905,0.01172869040509819,-0.00759700775666713,-0.0003735898796367546,1.0,-1.0,42.51422471434727,89.13077407903073,30.024316451113172,6.4299152787786085
186.9,29.986736172957947,5.606186833882431,0.0004613959274123924,0.002153119495752496,-0.0015892576630168,8.707451102198286,1.6392644984694387,-0.1705401318996972,0.0021651274669496857,0.011077692112378168,-0.003977581365495293,-0.055822227443094466,1.0,-1.0,32.064151341384,93.15054742120248,29.92499339288406,6.542320366460906
187.0,29.875479113930087,5.725592162300494,0.0007939183898606544,0.003101206281718665,-0.0017837834722099427,8.698643247830521,1.6143855841825252,-0.15823475142797372,0.00010463425822514232,0.00782909467715191,-0.0011026091517887335,-0.10873317681688405,1.0,-1.0,22.618112691476576,96.78410414361375,29.825249514928508,6.65435220320045
187.10000000000002,29.76613444688652,5.8437698778559675,0.0008966938318296442,0.0036120207087737806,-0.0017176828391746075,8.68502318829667,1.5965975503299314,-0.14338067031377566,-0.0022258753460129357,0.002770972913253748,0.0010066294762241317,-0.15317740768083468,1.0,-1.0,14.07964190844866,100.06855163135374,29.72508621989316,6.766009213551385
187.20000000000002,29.65845355455616,5.961574579785887,0.0007810085771043862,0.0036075407632991637,-0.001438738162366475,8.667620471913168,1.5875594734915774,-0.12698776181584165,-0.003780702056408566,-0.002275573288019658,0.0029165941287328,-0.18625592422732634,1.0,-0.552327036857605,14.950571013246396,102.32476941014089,29.624504916322696,6.877289827338849
187.3,29.552160900408495,6.079813846167928,0.0005301796421076803,0.0031776456958039294,-0.0010081890533098297,8.647693025961528,1.5845839960023376,-0.11018764634997677,-0.0042056886789448075,-0.005844386049549501,0.003820657449333681,-0.20595655291178802,1.0,0.017811261117458344,22.777237093085418,101.48219442942167,29.523507018640043,6.988192479681036
187.4,29.447783938121106,6.198425599346618,0.00022547340242582277,0.002436054624170684,-0.0007700240182135143,8.626961814300486,1.5663083034036247,-0.09470242788785056,-0.004050110382209402,-0.008969400167965477,-0.0008928598330896717,-0.20408854687706945,1.0,0.8960115909576416,33.0742149430359,86.09401141466748,29.422093947126477,7.0987156110112295
187.5,29.34716771297617,6.315746686794636,-8.900447213270274e-07,0.0014308183155079834,-0.0011674714187591831,8.607632674416685,1.527860430454436,-0.08200034792701938,-0.0028314373849609798,-0.01044615052128463,-0.005556942133299756,-0.18574951072301887,1.0,0.5179244875907898,41.67141863021671,80.87366197272911,29.32026712790163,7.208857667099714
187.60000000000002,29.250636392933117,6.431222656640332,4.255582862735153e-05,0.0005017764792114765,-0.0017067747510562388,8.590420976374107,1.4850185886019143,-0.07193375638452809,-0.0007624860785040941,-0.008741488293342526,-0.005551225553750479,-0.16166261547755223,1.0,0.7361558079719543,49.93374048341276,69.07007972712417,29.218027992903487,7.318617099075645
187.70000000000002,29.15842013888753,6.544259811036902,0.0003285263618039401,-0.00016133221485651293,-0.0021533482717905708,8.575947421075087,1.4402303985998457,-0.06452612919405752,0.0005254147675327935,-0.005411090823058217,-0.003221069938726659,-0.133885275621809,1.0,0.4811035692691803,56.79973458939452,66.19092167459134,29.115377979868185,7.427992363448816
187.8,29.069877372639013,6.655119221017839,0.0006941248084914508,-0.00045228647939091085,-0.0022764520154520125,8.564195864446372,1.4025778084576699,-0.05920476146170643,0.00019431962812397116,-0.0019022639369533747,-0.00017396498567466854,-0.10610679804389306,1.0,0.5944439172744751,63.32025464857091,59.346619874017975,29.012318532309852,7.536981922131378
187.9,28.984633863648686,6.763809394752128,0.0009245812128861991,-0.0005424451416925657,-0.00225987852554946,8.555523871565807,1.3646441994526337,-0.05617374131838178,-0.0016835991265564802,-0.001031909547710905,6.327708934881105e-05,-0.07266125195277903,1.0,0.9735034704208374,69.79768192198563,47.44882405806208,28.908851099500268,7.645584242459449
188.0,28.90255215273746,6.870061305229797,0.0009438389694601143,-0.000733202246088033,-0.0022889500324636963,8.550638634180798,1.3264218665038652,-0.055778569134255794,-0.0035767216670845093,-0.002934799982034745,-0.00030806339386204944,-0.03218241775277262,1.0,1.0,75.67496335399844,36.52463831204345,28.804977136448496,7.753797797214695
188.10000000000002,28.823072399928684,6.974052419389751,0.0008384353334362669,-0.0011707969206521537,-0.0022066189645317583,8.550002748333599,1.2972582659285847,-0.0579182909753365,-0.004231661921786703,-0.005167048912555773,0.002100986075372773,0.010500645731009211,1.0,0.3888689875602722,79.74492911654646,38.18130163494061,28.700698103880434,7.861621064645789
188.20000000000002,28.745152459743448,7.076512683936258,0.0006980426822222935,-0.0017713767383119217,-0.0018025419572372206,8.553630967632632,1.278629755503245,-0.062367060394969275,-0.0040598101560210004,-0.006385722196572258,0.004851928972699038,0.05411912410295913,1.0,0.9889998435974121,84.65748377034001,28.216743141940103,28.596015468218255,7.969052528489804
188.3,28.66814190654411,7.17772304028545,0.0005247928446903398,-0.0024332492001445287,-0.0012553162447180618,8.561733112930407,1.2652370190391384,-0.06902520361881954,-0.0037506773551552147,-0.006289671131955286,0.0054206931772339045,0.0985781651144268,1.0,0.8340907096862793,88.93524695222874,20.398090965299026,28.490930701559808,8.076090677993555
188.4,28.591268574162683,7.278029467156366,0.0003285458366147682,-0.002943767238213038,-0.0006808512891921459,8.573920008211083,1.2606498568796518,-0.0770800028752878,-0.003218543816919525,-0.0037459373453596267,0.00545477419862815,0.1358735133261207,1.0,0.38629788160324097,91.72121683445307,23.638943410485545,28.38544528165788,8.182734007934826
188.5,28.513578507283494,7.377962967048675,0.00013147643499661246,-0.003091102314002695,-9.183900953962058e-05,8.589209208325169,1.265903617867278,-0.08575356698161632,-0.0024752769590152012,0.00012618589106333153,0.005334258761091754,0.16323695271713937,1.0,0.555330753326416,94.78743889390213,23.505314270990738,28.279560691899462,8.288981018643543
188.60000000000002,28.434389835813853,7.477786862058457,-6.13060386680649e-05,-0.0028492215528180755,0.0004010612591025313,8.606574109651577,1.2735578354306678,-0.09430210381297985,-0.0017831663341091302,0.004008034300520699,0.003351811992058456,0.17801884690831726,1.0,-0.38888975977897644,90.84597714537847,32.587778582448436,28.173278421284845,8.394830216022878
188.70000000000002,28.35362926877911,7.577180737547806,-0.00023112709642282773,-0.002308314669853956,0.0006189728262785294,8.624779188948363,1.279341197023779,-0.1023762150562043,-0.0009401900492344795,0.005398166724417561,0.0008374135511311759,0.1857619628981364,1.0,1.0,94.70095514360932,23.091430244445725,28.066599964406706,8.500280111570227
188.8,28.27104079426613,7.676209561172862,-0.0003179412452993972,-0.0018892088737366228,0.0007089852036228895,8.643932049724615,1.289733363933184,-0.1104904247022415,0.0002219620948389404,0.0030073168446302966,0.000582693823981354,0.19454060097321135,1.0,0.13426966965198517,95.66623552355489,28.864121245403517,27.95952682142909,8.60532922239818
188.9,28.186058771970153,7.775203705960191,-0.0003136348415137398,-0.001762043244934067,0.0008655518158776119,8.663704050307267,1.3070952028926828,-0.11845300343531977,0.0011541698209509921,-0.0001990107096288468,0.001679343519648997,0.19979744098228144,1.0,0.4252394139766693,97.95060419626795,30.7431550301126,27.852060498066308,8.709976071255344
189.0,28.09815071463943,7.874480572863826,-0.00028354893531418955,-0.0019154634491371436,0.0011075585416079037,8.68386903460188,1.32946482547655,-0.12639397860570342,0.0013709713791192086,-0.0024153883428005797,0.002104127075448836,0.20201086377192043,1.0,-0.016902029514312744,97.53547432136911,37.045652654476044,27.74420250556176,8.814219186547128
189.10000000000002,28.006965155686053,7.974184379787739,-0.0002958786559212356,-0.0021633522994764114,0.0013418157269114107,8.704026168470207,1.3556977528560934,-0.13426660954180591,0.0011180668641401614,-0.0028097720717626027,0.0018474835087295665,0.20153158534161716,1.0,0.3634132146835327,99.40408528076986,38.98867195218496,27.635954360666688,8.918057102356446
189.20000000000002,27.91210127937862,8.07454169312632,-0.0003629502730998528,-0.0023983618300285887,0.0015642146233006114,8.724228798837489,1.3866814324485779,-0.1423346727147011,0.0009199223085555835,-0.002450098365483111,0.0017257740526314487,0.20253101537110635,1.0,0.39317113161087036,101.21071776790565,40.35000348276925,27.52731758561884,9.021488358464318
189.3,27.81322161862597,8.175672640460736,-0.0004651107491667907,-0.002542580991900302,0.0017704287335201304,8.744467998585362,1.4201382922289456,-0.15037932189280132,0.0009845857156340976,-0.0011230937905591946,0.001379394913058153,0.20146275991399729,1.0,-0.05108785629272461,100.20606791461833,45.98004874854362,27.418293708121084,9.124511500370403
189.4,27.71018540853511,8.277495705203336,-0.000572376137837787,-0.00249062554904314,0.0019196686954535544,8.764261967594319,1.4536415039504476,-0.157941153146376,0.001345271207622242,0.0010422784745005198,0.0006981287168698657,0.1949064545728592,1.0,-0.15583911538124084,98.36735745779096,51.75901350066589,27.308884261319896,9.227125079313474
189.5,27.602955058562678,8.379913645071936,-0.000652003150139318,-0.002276969095189424,0.0020096303154271433,8.78333063132987,1.4877713010196654,-0.16513791327256422,0.001960621122971361,0.0018243416325226512,0.0003799494433155754,0.18886632770555972,1.0,0.4273243248462677,100.39963400012341,51.407499736836456,27.199090783783817,9.32932765229176
189.60000000000002,27.49151392258797,8.482853734651057,-0.000691160616748779,-0.0020855618796289813,0.0020516392113636853,8.80188197442753,1.5198341474618196,-0.1719676556084797,0.0024902937937091993,0.0015481982153068743,-0.0005004363738534336,0.18174640131679354,1.0,-0.4018861949443817,95.74028465730387,57.85865382052702,27.08891481948182,9.431117782083277
189.70000000000002,27.376207134896813,8.585949771297253,-0.0006948973132072776,-0.001872795455512571,0.001967356165743084,8.819251590562383,1.5482145102691947,-0.1778292978708823,0.0028837963594784714,0.0018707251601447782,-0.0014178754713922803,0.16814359326431555,1.0,-0.1936788707971573,93.96167333038619,62.717482995043724,26.978357917761578,9.532494037265984
189.8,27.257060342554208,8.689196888265696,-0.000653022935127433,-0.0016668820274923122,0.001878060693405436,8.835237154234948,1.5785377109394743,-0.18295845950802248,0.0032460415618679583,0.0015550796759454311,-0.0008656350214548554,0.15455017511128552,1.0,-0.07309754937887192,93.46862007030681,66.35309365162804,26.867421633327716,9.63345499223798
189.9,27.133931776405024,8.79274434176679,-0.0005897316766922839,-0.001531622674256861,0.0018725642607666214,8.849936398318967,1.611342739684051,-0.1874770533452134,0.003319657231670409,0.0007482925804087848,5.274532240687405e-05,0.14200701016781606,1.0,-0.10070304572582245,92.78315984254304,69.82598698857214,26.756107526219893,9.733999227237483
190.0,27.007218596412653,8.89636744708385,-0.0005623369659524119,-0.0013866201227926982,0.0017668599453612263,8.862994041567653,1.631116109998993,-0.19065135871200137,0.0027029508850223124,0.002199875397312829,-0.003229379250494148,0.1199403835635336,1.0,-1.0,77.50328723675023,75.7005488923408,26.64441716179091,9.834125328362859
190.10000000000002,26.879074484811273,8.998797604610985,-0.000559854149564508,-0.0008889934553725106,0.0011086970020040038,8.872789340203514,1.6258184855146345,-0.19108368555856237,0.002173948953789959,0.006705002330127652,-0.00863890777460724,0.08184982564880641,1.0,-1.0,63.691492615919486,81.0106875692463,26.53235211068467,9.933831887592447
190.20000000000002,26.75117207907001,9.099360154645941,-0.0004278472171820388,3.659909993091541e-05,0.0001493936801689656,8.87825178268791,1.6083315900217965,-0.18834025937890445,0.002646466288596511,0.010630925176369654,-0.009620948616334004,0.03564002984072716,1.0,-1.0,51.206724217020216,85.8106323531932,26.41991394881412,10.03311750280442
190.3,26.624412493042456,9.197996625436502,-0.00010264268448037002,0.0012124278020527938,-0.0006659682143445786,8.878745163390693,1.5867552009484718,-0.18206151126624154,0.0031882273981307763,0.012158181081311156,-0.006886853259651705,-0.01627658714723897,1.0,-1.0,39.921482418023736,90.14940226689448,26.30710425733905,10.131980777796432
190.4,26.49918983657826,9.295010424018633,0.00030141403901895946,0.0023818556266658234,-0.001132702000206861,8.873808791330335,1.5662497944896745,-0.17212485924612103,0.0026028166869958885,0.010896552221840085,-0.003394917534642878,-0.07131366199638714,1.0,-1.0,29.720517658994165,94.07130662441922,26.19392462264388,10.23042032230532
190.5,26.37556641575171,9.39095294593879,0.0006030267855523767,0.0032541961935103033,-0.0012780688260635362,8.86358023234042,1.5502405341285066,-0.15910703947404012,0.0007839688739517707,0.006743622923831023,-0.0007773451556071905,-0.12191099828582515,1.0,-1.0,20.499653465883437,97.61639753624635,26.08037663631538,10.328434752026606
190.60000000000002,26.253339668920415,9.486542474135453,0.0006939771756723584,0.003589909978658326,-0.0011831813122332986,8.848952382365121,1.541683415732373,-0.14414181415319108,-0.0013478305370251708,0.0005730151567975132,0.0012453484468476004,-0.1601937488817798,1.0,-0.2019939124584198,25.866534983980568,98.70199565432851,25.96646189512021,10.426022688633985
190.70000000000002,26.132275181290655,9.582473534114719,0.0005772069962298792,0.0032632425743167374,-0.0009506809146005323,8.831610009164372,1.536056063548837,-0.12890023735156092,-0.002958541038925578,-0.006110421472785269,0.0015800859947352466,-0.17927404023925445,1.0,0.39887067675590515,34.76027927065965,94.24766197781233,25.852182000982555,10.523182759798715
190.8,26.012595766961894,9.67899587757681,0.0003440755977000253,0.0024116491330084685,-0.0007448648849230823,8.813294664269561,1.5320138745259904,-0.11448942679492019,-0.0033281956194391006,-0.009573610731022326,0.0018774545131923397,-0.18541373135373285,1.0,-0.21299543976783752,38.64501998399759,95.71760519895334,25.737538560961546,10.619913599208889
190.9,25.894141835796358,9.776428916413796,0.0001240135396160798,0.0014888073042029224,-0.000524264635438987,8.794817266795489,1.5264785515849353,-0.10128816217163657,-0.0026961435770835786,-0.009058632903320743,0.0010690824165389815,-0.18172493153193892,1.0,0.5925157070159912,46.905162767474934,86.47754341164145,25.622533187228665,10.716213846588673
191.0,25.77775483011086,9.874293784169268,-1.984507508669992e-05,0.0007037006518498436,-0.0005371401367097355,8.777560690201721,1.5118944302348287,-0.09023563127318392,-0.0016381700165991966,-0.006910683062628122,-0.000908555314361957,-0.16578020898868825,1.0,0.4924144148826599,54.097355060348356,81.7221301198956,25.50716749704508,10.812082147717426
191.10000000000002,25.66367692718405,9.97231754783124,-2.692630644836514e-05,0.00019584564369622246,-0.0006739565313866124,8.762266543321827,1.493581851506363,-0.0813349235047572,-0.0004720378549792996,-0.004148872690657452,-0.0019475734474232453,-0.14313441686994943,1.0,0.611060380935669,60.91684512040993,72.37801995064197,25.391443112738912,10.907517154448744
191.20000000000002,25.55233168293965,10.069967185891334,8.214458715701247e-05,-0.00010944833007321054,-0.0009299582404107137,8.74968714427921,1.4687832098704658,-0.07487808177516317,0.00016729006645360727,-0.0026731070623304044,-0.002833798263487833,-0.11357593206881016,1.0,0.6073155403137207,67.07239986869162,64.08959593228305,25.275361661682414,11.00251752472942
191.3,25.443916491525254,10.166771069238873,0.0002560933229336102,-0.0003720552988516138,-0.0012400879979203225,8.740412924597221,1.4392224804149936,-0.07105723609756377,0.00012230510461854968,-0.0030698562117587014,-0.0033160265327137014,-0.07770158504927348,1.0,1.0,73.21152422888017,51.566578083956294,25.158924776269068,11.097081922618308
191.4,25.33860777510588,10.262214954016653,0.0004359182081147289,-0.000781179431654267,-0.001569140835656183,8.735157532011891,1.4064631826265774,-0.07022986473201828,-0.00043469512389382177,-0.004979933636033695,-0.0030025196695507503,-0.035103750880740664,1.0,0.9009341597557068,78.66815049363538,40.93566228334019,25.042134093890667,11.191209018305123
191.5,25.236007855357762,10.356187111155434,0.0005905884745093108,-0.00138193601310073,-0.001733823730390803,8.734367411797017,1.3798156937422381,-0.0722970961805353,-0.0010895321446018303,-0.006516954526687276,-0.0003589695300904401,0.010170211056308644,1.0,0.5569955110549927,82.99290951753427,39.09102166022816,24.924991256914247,11.284897488129133
191.60000000000002,25.13503308445488,10.4490968054052,0.0006806340309552044,-0.002025711866375877,-0.0015405686377062827,8.737953063230057,1.3653098752644424,-0.07664571999695102,-0.0018577937319404364,-0.0058391375666090725,0.0033098610247167745,0.05169381227305269,1.0,0.0627252459526062,84.6082595080955,43.95771566742391,24.80749791265903,11.378146014597768
191.70000000000002,25.034631533482845,10.541320294035128,0.0006393354889403925,-0.002475723800660193,-0.0010821762596368465,8.745298178499361,1.3580979861307954,-0.08262633041298635,-0.0028698698133305966,-0.0035285954853722626,0.004609538683951758,0.08825909043512899,1.0,0.7343029975891113,88.7421089434106,35.7253103741962,24.68965571337323,11.470953286405177
191.8,24.9342352666686,10.632887932632036,0.0004514996205343115,-0.0027089406357817744,-0.0006123822663508199,8.756199420921535,1.3560992330156914,-0.08999042635579922,-0.0034876547876865793,-0.0012808651145043912,0.004424361575656386,0.12163712992400406,1.0,0.3683631122112274,91.47564655275498,37.73107287922943,24.57146631621083,11.563317998450614
191.9,24.832906592319464,10.724088121931073,0.00019847816223757944,-0.0027051580222980285,-0.0001097232620005467,8.76992940059413,1.3636430126867256,-0.09798499431049272,-0.0031473791596267897,0.0008934402291918488,0.004808958313161296,0.14687247622439537,1.0,0.46080178022384644,94.28481103022966,38.20699176913715,24.452931383208288,11.655238851856847
192.0,24.729775412394606,10.815187099829327,-4.7404990196986704e-05,-0.0025371179393972256,0.00042699290137085416,8.785767244958608,1.3788840812236245,-0.10627549041903614,-0.0021598396501432623,0.002042335030811047,0.004993101400822992,0.16503258298878704,1.0,0.29056817293167114,96.14573614042146,40.9212196165672,24.33405258126114,11.746714553988387
192.10000000000002,24.624100664379252,10.906378541986996,-0.0002545662540460936,-0.002301084305706969,0.0009478768096033964,8.80295163285935,1.400390507290788,-0.11449027934297124,-0.0009817411112589848,0.0023149982673355786,0.0045417846545646075,0.1752448835990028,1.0,0.06580281257629395,96.51892025919327,45.58614154773879,24.21483158210058,11.837743818469683
192.20000000000002,24.515309315587142,10.997782032644736,-0.0004195456056743423,-0.0020753962960247713,0.0013872819067759022,8.82075437963639,1.4269567310285651,-0.12247339498069963,0.00012217533665459502,0.0017297977081539608,0.0036291132935099353,0.17948128428682766,1.0,0.1962045133113861,97.67754796131129,48.60101434001828,24.095270062269943,11.9283253652032
192.3,24.40290561436484,11.089528632245832,-0.0005447106560265369,-0.0019531949327128498,0.001730955148635412,8.838813626870929,1.4581738616644244,-0.13033347876134488,0.001074108064480808,0.0003776140210505799,0.002711103792792972,0.1810219955991395,1.0,0.16721975803375244,98.557501782343,51.611421734246925,23.975369703101133,12.018457920387426
192.4,24.2866173201397,11.181615083316755,-0.0006384973201350964,-0.001925557813562985,0.001944294421013458,8.85671823904661,1.489045715991357,-0.13777572120227338,0.0017488093017772204,1.3897595917662051e-06,0.0009072079527396232,0.17612706029712177,1.0,-0.388520210981369,94.25882365465539,57.99204570509111,23.85513219069097,12.1081402165348
192.5,24.166680834542916,11.273751277496642,-0.0006974928121715582,-0.0018293555137461179,0.0019502975194087748,8.87361641592778,1.5170607868861863,-0.1443469610058687,0.0023401391801457262,0.001085050942387423,-0.0007826751281806274,0.16386329752263198,1.0,-0.21858689188957214,92.36944045178792,62.97578097438997,23.7345592158775,12.197370992489503
192.60000000000002,24.043066606594888,11.365956768727145,-0.0006924070612659762,-0.0016610193759073015,0.0018983315158364836,8.88930804210318,1.5476057910424528,-0.15038048666005555,0.003012171153101582,0.0012850949238035272,-0.0005674144037239975,0.15322818534381286,1.0,0.23103083670139313,94.11673632632724,63.962403849572055,23.613652474216195,12.286148993445217
192.70000000000002,23.91552484884015,11.45841696341776,-0.0006380288237576886,-0.001563377285929286,0.0019225887270217868,8.904203644500308,1.581565216590042,-0.15618025268351646,0.0033852254067893235,0.00030084412751401387,0.0003538909881756919,0.1460066678242993,1.0,-0.022900020703673363,94.02243421149102,67.1181081441176,23.492413665956104,12.37447297096277
192.8,23.783865442636596,11.55121704522006,-0.0005921027282167249,-0.0015435111471321923,0.002003730278743256,8.918295395020762,1.6171474019353267,-0.16151744317543032,0.0032580332826880184,-0.0001955972740278263,0.0006247926817113614,0.1371301371260397,1.0,-0.15171383321285248,92.8169737847658,70.84115237958011,23.370844496015977,12.462341682987685
192.9,23.648015535832588,11.644382702888011,-0.0005940898457485266,-0.00153487886628139,0.0020776952864284323,8.931422531380687,1.6539424707623418,-0.1663680505617951,0.002937309765119598,-0.00019109237147701394,0.0005039629528978967,0.1276776703400452,1.0,0.04284703731536865,93.34679720969149,72.82219256090937,23.24894667396027,12.549753893867639
193.0,23.50800619936849,11.737905709129747,-0.0006413822197733732,-0.0014894274104800393,0.002101336899328075,8.943516939015801,1.6882386187683798,-0.17053380112032296,0.002689154337909112,0.0007872242385194034,-0.000539906075021131,0.11506820317280324,1.0,-0.48968416452407837,87.98147631790548,77.51588000670314,23.126721913975086,12.636708374369874
193.10000000000002,23.364807558287577,11.831283809849179,-0.0007063396544956608,-0.0011935109036014671,0.0018485756881408343,8.953591799269427,1.7053736508631008,-0.17279457351478633,0.0025016683941674993,0.0045215361236499475,-0.004698363633929504,0.08857339051859914,1.0,-1.0,73.1629456391784,82.65160311659653,23.004171934844106,12.723203901698426
193.20000000000002,23.220562459744514,11.923576801506163,-0.0006973871940504043,-0.0004227889635457578,0.0011091177412649233,8.960073813783822,1.7005866722461271,-0.17194750920734056,0.0028246741340734282,0.009573042427864286,-0.00883425256682289,0.047591967488846545,1.0,-1.0,59.768167580658194,87.29389004223553,22.881298459924388,12.809239259511365
193.3,23.076813243727322,12.01439276963361,-0.0004902339427458167,0.000751932413528382,0.0001909284396252335,8.961921819369294,1.6851825609135058,-0.1674425238741162,0.003666301909984917,0.012810079020874672,-0.008896227582875208,-0.0018974506260989923,1.0,-1.0,47.66034912504145,91.49014973903336,22.758103217122148,12.894813237937896
193.4,22.934378414622255,12.10382352568573,-9.931954981148172e-05,0.0020756364930888975,-0.0005479908871036615,8.958434952258097,1.6663594570649685,-0.15890358668554797,0.0039052483762635655,0.013048065994572648,-0.006293982284507875,-0.057197336300457376,1.0,-1.0,36.715840219130605,95.28323614774256,22.63458793886846,12.979924633595367
193.5,22.7936052247048,12.192269443782386,0.00031825562303817794,0.00321241989631195,-0.0009766193749759754,8.949457240173285,1.6487855109762672,-0.1466725340728742,0.0027606743866282744,0.009671865838710941,-0.003406312057852028,-0.11070053772573873,1.0,-1.0,26.82287100831498,98.71188583663422,22.510754362094886,13.064572249606165
193.60000000000002,22.654437944975825,12.280362620589795,0.00059458072750447,0.003824036381768643,-0.001106611179986971,8.935723173818577,1.6376298590741047,-0.13189290204577936,0.0006280546636326458,0.0031276990036446075,-0.0006457378576078775,-0.1527660465487976,1.0,-0.29350244998931885,30.597265953326186,100.16127097467543,22.386604228209062,13.148754895614587
193.70000000000002,22.516532982112235,12.368849004278921,0.0006477082534126629,0.0036796831933421045,-0.0010030098857115323,8.91891129614776,1.6310987437568707,-0.11639350168520762,-0.001649428020717131,-0.004841938570983371,0.0006507845070559206,-0.17527947443230243,1.0,0.33591338992118835,38.78194264114624,96.38608475911732,22.262139283070198,13.232471387803571
193.8,22.380015671593156,12.458087380580952,0.0005041521823217982,0.002843655251020017,-0.0008612816899913824,8.900933468611258,1.6257468130514892,-0.1016831200914513,-0.003068264267844706,-0.010310234122653065,0.0010887849260936703,-0.1815528514835625,1.0,0.11099497228860855,44.97134498491617,95.32864332265926,22.137361276964533,13.315720548911308
193.9,22.24458553431055,12.548476580263559,0.0002915663964397256,0.0017848146199549823,-0.0006283780825350672,8.882786597035102,1.626180058373624,-0.08809595382145036,-0.0030597460711439543,-0.010289692828454116,0.002487862376081598,-0.18072099044529386,1.0,0.10495457053184509,50.52659691185853,94.42675514486092,22.012271964580723,13.398501208247858
194.0,22.10987941526294,12.640354690138523,0.00010232135071491346,0.0009833033204327936,-0.0002916214175119827,8.86505224981468,1.6303038305944835,-0.07576261882585751,-0.0022200550923754604,-0.006372113745065246,0.003318227860592482,-0.17418228328617044,1.0,0.2995986044406891,56.63402455337964,91.63551910736496,21.88687310498516,13.48081220171155
194.10000000000002,21.975850310064438,12.733795791878363,-4.2118331316512005e-05,0.0006143253237244044,9.32486885843881e-06,8.848393964969228,1.6331728492520539,-0.06491475614961545,-0.0012921194180835253,-0.0021511506531939595,0.0022837521742275517,-0.16038186841601543,1.0,0.4991315007209778,62.91196146602579,86.25864060566205,21.76116646159725,13.562652371805413
194.20000000000002,21.84307136953621,12.828374825786561,-0.0001447763872366984,0.0004976578290737868,2.6978351597070826e-05,8.83376509084306,1.6230917157427367,-0.05622907352312686,-0.0007128535864972318,-0.0011746236593172272,-0.0019928788421639185,-0.134555990448731,1.0,1.0,69.45081743290515,71.60563860941183,21.635153802164577,13.644020567653378
194.3,21.712994013535486,12.922924049620818,-0.00016489044599257252,0.00023870569253199304,-0.00045761157745589226,8.822539304389657,1.5951242149429374,-0.050668824042233614,-0.00012511261548137713,-0.003845412144381637,-0.006375830902331541,-0.09625986602317728,1.0,1.0,75.36142532864719,58.360485369449336,21.5088368987381,13.724915645016551
194.4,21.58627562849449,13.016591675665708,-9.308708118802086e-06,-0.00034342491996796254,-0.0011259901548858336,8.815514243747682,1.561720395939493,-0.04846946249231047,0.0007697914261176943,-0.007090940814313449,-0.006245331262048012,-0.05258809307055846,1.0,0.6972951292991638,80.3178120373159,49.276573609275516,21.382217527647185,13.805336466309242
194.5,21.46269106557256,13.109052868518354,0.00030434427918707413,-0.001171741932915288,-0.0015770884998549998,8.813020829908622,1.5304384527850028,-0.04965514736836534,0.0010872752839351835,-0.008900222724992668,-0.0031938160366618536,-0.006054316928577795,1.0,0.6831034421920776,84.77100886100493,41.298667347146036,21.255297469474662,13.885281900614963
194.60000000000002,21.341743732336766,13.200172294908896,0.0006225898471942037,-0.002097658129971808,-0.0017243932068297379,8.815444707512942,1.5024096391052166,-0.054308247800813676,9.212097032166905e-05,-0.009264125054444062,-0.0006069375899669326,0.04509995729737538,1.0,1.0,89.20966497146365,30.96538375746735,21.128078509031745,13.964750823702367
194.70000000000002,21.222864360996684,13.289826649439165,0.0007941438614295632,-0.0029676106261279805,-0.0016732395499324676,8.823089407471336,1.4788794014854145,-0.06205062201489131,-0.0017387247891610383,-0.007806505778582696,0.0008588247042165538,0.09686795309995447,1.0,1.0,93.22185853955071,21.62491382152463,21.00056243533298,14.043742118041038
194.8,21.105190717211414,13.378026211899968,0.0007780299516151813,-0.003553902929103597,-0.0014541058076702573,8.835480998410505,1.4639587493264117,-0.07179482847577817,-0.0032958683487597537,-0.0039029187944174797,0.002523145200888099,0.14018952722106295,1.0,0.496153324842453,95.97542154477648,23.030899653416792,20.872751041571043,14.122254672817192
194.9,20.987644922637752,13.464934780339131,0.0006169400965941748,-0.0036785902055324012,-0.001050011671823848,8.851520818101411,1.4577007229326222,-0.08254598826966841,-0.004021620585048777,0.0007057838547185256,0.003903035177468429,0.1729631881960004,1.0,1.0,99.33756661225448,14.452768627994308,20.744646125091556,14.20028738394933
195.0,20.869423630244214,13.550604948410307,0.00037391425081372063,-0.003424501002072754,-0.0005544426580416064,8.87031907449886,1.457913486986594,-0.09369123376056308,-0.0038689154457984595,0.0038347784372888684,0.004472131008119346,0.19641540881698744,1.0,0.3074404299259186,100.79135855594882,19.253967311310443,20.616249487367796,14.277839154103738
195.10000000000002,20.749786507846053,13.635096638612294,0.00011690116288214187,-0.0029863933423623194,-3.9511834090379496e-05,8.890934730930281,1.4639868928171809,-0.10478134683427007,-0.003025038001357972,0.004386199793610085,0.004360702604364611,0.21234800218714808,1.0,0.8336420655250549,103.51840940244048,12.300633166707028,20.487562933975365,14.354908892709915
195.20000000000002,20.628209214077206,13.718415624303622,-0.00010752206652882426,-0.0026513864988752713,0.0004119133763340964,8.912920229574507,1.4735099671575054,-0.11582863342653028,-0.0018722532115136425,0.0024725600736278503,0.00339098708355643,0.22389636238758698,1.0,0.5383184552192688,104.3153518613319,13.708868411102582,20.3585882745668,14.43149551597594
195.3,20.504478340976974,13.800414960732938,-0.00027360435445634686,-0.002525001839969756,0.0007096486591187264,8.935654843917638,1.4834547132737184,-0.12655376635418458,-0.000703587349548981,0.00030633735618491127,0.001780676046969619,0.22890275849076147,1.0,0.20702525973320007,104.03636241658342,19.67718913150755,20.22932732284612,14.507597946903687
195.4,20.378387416160454,13.881019588220557,-0.00036044339426009685,-0.0025693479925215372,0.0008852839001344882,8.95860430500923,1.4958406346904907,-0.13692877043411805,0.0003909884797807648,-0.0011047900543124805,0.00088940469344617,0.22942395095676713,1.0,0.12442049384117126,103.93426049749809,25.868404794678707,20.099781896543334,14.583215115303972
195.5,20.249654762680365,13.960252673252036,-0.00037482502090198117,-0.002687452695669075,0.0010152827139484192,8.981432633187676,1.5112496642965243,-0.14696743660968672,0.0011743880544644403,-0.0014565222741506846,0.0006212164813723746,0.2272787420270198,1.0,0.17506805062294006,103.99857802158893,30.986785836790954,19.96995381738886,14.658345957811605
195.60000000000002,20.118153752230516,14.038083720262028,-0.0003568079574023106,-0.0027579908106825785,0.0010913615195029807,9.003819118188973,1.5257689065400677,-0.1564276747123928,0.001417982556137501,-0.00031027030480162363,-0.0004171774202323258,0.22043960811598393,1.0,-0.3089977502822876,100.11679497045702,39.014765801115196,19.839844911087923,14.732989417900363
195.70000000000002,19.98480987634887,14.114027606403644,-0.00034975164189997125,-0.0025577376277411833,0.0008482100289694107,9.024779782799337,1.5211725667857399,-0.1642421645340663,0.0010043925672658294,0.0037187259658758628,-0.005671705319341136,0.19939599314070627,1.0,-1.0,84.1323125450147,47.84964528619366,19.709457007294873,14.807144445897812
195.8,19.852342549788442,14.187010615488761,-0.0003064433278640986,-0.0018467017128627008,-6.034132928854478e-05,9.042655626129388,1.4885316930378283,-0.16931772336165643,0.0008757295419847692,0.009058468962695198,-0.011446768946268435,0.16384743324479556,1.0,-1.0,69.68360645457328,55.83567658997777,19.57879193958746,14.880809999000093
195.9,19.722661948821443,14.256615356880447,-7.49460755339e-05,-0.0007530184124111506,-0.0012347291871953013,9.056608804795854,1.4431090003075133,-0.17152786174374804,0.0016387513221185943,0.011823628265175976,-0.011509716128225687,0.12286598962347473,1.0,-1.0,56.623120532572464,63.05441636936405,19.447851545441047,14.953985041286586
196.0,19.596632374419656,14.322964139218689,0.00035930603757295987,0.00038916751774796386,-0.002158919357707264,9.066310892273368,1.3945412848178977,-0.17091164999572891,0.002062064516890615,0.010976172768519681,-0.007488869609574015,0.07954661161648924,1.0,-1.0,44.817475691362304,69.57958538263875,19.316637666202762,15.026668543734452
196.10000000000002,19.47441907731057,14.386457268607801,0.0008278909614806967,0.001295168381358231,-0.002627069877447425,9.071570494363636,1.3490440864796944,-0.16763443359790559,0.0010112568914902873,0.007828804354309108,-0.002832430644969478,0.03435104990805739,1.0,-1.0,34.14610779975781,75.47782135637269,19.185152147065626,15.098859484233145
196.20000000000002,19.355707715516573,14.447650960897047,0.0011264769892158314,0.0018773807973004016,-0.002684955733380789,9.072156575625547,1.310840398088875,-0.1618184753989108,-0.001286892925621589,0.0046524298607349725,0.0007730256251304456,-0.013597949378040243,1.0,-1.0,24.500036432232733,80.80935951746469,19.053396837042587,15.170556847598753
196.3,19.239858432117124,14.507201084050427,0.0011570835547987746,0.0022316705171063827,-0.0024356386292340207,9.067794184380894,1.2827125780340944,-0.15354759636769277,-0.0036398229214051974,0.002758058963781226,0.00339271842039799,-0.063544257620127,1.0,-1.0,15.780751915709804,85.62864774020856,18.92137358894051,15.24175962558828
196.4,19.126041551718856,14.56583939014159,0.0009548939290334855,0.00244814124297926,-0.00194796671672925,9.058618755395814,1.26612142231885,-0.1432308795767768,-0.004981886133314241,0.0014466698540227239,0.005444408597947174,-0.10973450928764815,1.0,-1.0,7.899209308008495,89.98490259052006,18.78908425933416,15.312466816913847
196.5,19.013488139513512,14.624273626349183,0.0006220407619804834,0.002504436701016069,-0.0013167436577495874,9.045420034824668,1.2576530224296028,-0.13165388950430004,-0.005088331809440455,-0.00063972530319323,0.005981051083324995,-0.14451863167770612,1.0,0.1312812715768814,17.185577962951452,89.35810094410891,18.656530708540043,15.382677427256723
196.60000000000002,18.902437187740343,14.682796780096558,0.0002540044819720832,0.0022199481085682336,-0.0008762641608763708,9.029992298484528,1.239762271042269,-0.12044025794008677,-0.0044829033002392795,-0.005002060385559937,0.0017499450843706699,-0.15686476447819092,1.0,0.7322028875350952,27.79377309209788,76.79146716769603,18.523714800590287,15.452390469281369
196.70000000000002,18.794286788027087,14.741084994321687,-1.9855333582091033e-05,0.0014920041609856889,-0.0009158964842852813,9.014479705561426,1.2142213878343555,-0.1106837359231299,-0.002759833967177847,-0.00833321012553338,-0.001117570943167717,-0.1540342873936759,1.0,0.028682410717010498,34.467429669035695,78.31556347226545,18.39063840320641,15.521604962649278
196.8,18.688359683558716,14.7994514249694,-5.2663619026287485e-05,0.0007045436344597747,-0.0008944641132353915,8.999348746850947,1.1991823282548753,-0.1019991666422242,-0.00043342648363169735,-0.007430112413855135,0.0008753089778151632,-0.14860212061658282,1.0,0.4233149290084839,42.62484291811737,75.4716489674777,18.257303387773053,15.590319934032777
196.9,18.58409896731229,14.858149312753637,7.857434156553338e-05,0.00013703528306596474,-0.0007103730180372985,8.985123344076923,1.1886097439084677,-0.09463693000428014,0.0006890758388491269,-0.004569069131023538,0.0021632866603153228,-0.1373138144719369,1.0,0.4655778110027313,50.143237155116665,72.24276884344579,18.12371162931168,15.658534417128706
197.0,18.48096255500662,14.917385754709432,0.00021482217605651635,-0.00010194066820075966,-0.00045439036290470346,8.972186637243821,1.1857649977841271,-0.08833326249589141,0.0004734443307875802,-0.0009782716749148932,0.002927763661256561,-0.12450227323445887,1.0,0.06784139573574066,54.95052153014456,73.88110679605792,17.98986500645419,15.726247452672041
197.10000000000002,18.378300919113673,14.97738882887604,0.0002452611288097514,-5.618081290004155e-05,-0.0002098804007768807,8.960662136794328,1.184533121012681,-0.08307563348179274,-0.000588609686141788,0.0007203576453068146,0.0014154288772933337,-0.10710973505806959,1.0,0.7228415012359619,61.914128765402985,62.92861860104982,17.855765401416505,15.793458088449313
197.20000000000002,18.276468052104118,15.037910769176403,0.00015700567937246702,-4.084184250029081e-05,-0.00019041997001487416,8.95141436776105,1.181636421461063,-0.0793806663594799,-0.0012999100985183504,-0.0003029387135702157,8.818394883131574e-05,-0.08304358734763219,1.0,0.3191298842430115,67.01629091319307,62.93395640780791,17.72141469997212,15.860165379312072
197.3,18.17464330237016,15.099193776924782,6.112956671346212e-05,-0.00012821352446722823,-5.8366850310519956e-05,8.944409936569842,1.19027417271554,-0.0767257782335891,-0.0009628350301262361,-0.0011708973918222818,0.00241379064630198,-0.061940694104782576,1.0,0.12489107251167297,70.58232210397428,64.9647995568746,17.586814791425553,15.926368387190145
197.4,18.071778374366534,15.161612266783958,-1.090588100330728e-05,-0.0002638664836264037,0.000341128173775348,8.939319648109231,1.2090537201692653,-0.07491497138062725,-0.000447306824902655,-0.0014196129303899073,0.004883582401458593,-0.04374991835021027,1.0,0.17938470840454102,74.13683625607634,66.28460777122648,17.451967568585804,15.992066181104818
197.5,17.967063723396276,15.225460146684197,-0.00010858609484776357,-0.00041608551556255474,0.000878103967895239,8.936024993162867,1.2349964115918475,-0.07402126437152473,-0.00028556942855273025,-0.001615836751020588,0.005411631882444822,-0.025436290959356896,1.0,0.3396589756011963,78.15435576862646,65.71812651667801,17.316874927739722,16.05725783718195
197.60000000000002,17.859974156046764,15.290898535673755,-0.00026749215813661066,-0.0006165079200582773,0.0013562518104911101,8.93473468434978,1.2650342554600167,-0.07430836504669276,-0.0002439970747810155,-0.00233442422429554,0.0042091432316902775,-0.003943535949674055,1.0,0.4490044116973877,82.20395364065386,63.69434569676126,17.18153876862534,16.12194243866496
197.70000000000002,17.750119446169744,15.357985328618248,-0.0004579828973801838,-0.0008933715982250049,0.0017004656192716682,8.93574003828415,1.2991337097267668,-0.07585506255178283,0.00019453557650210278,-0.0029202926197806896,0.0030829690607026223,0.01897850587345948,1.0,0.10656669735908508,84.1925000423708,65.81749764175935,17.04596099440517,16.186119075927685
197.8,17.637252908534922,15.426655027176395,-0.0006259026587392034,-0.0012177440497956951,0.001897625202892314,8.939152054831894,1.3298939154597578,-0.07888071996965272,0.0008862084075115717,-0.0039122227327763395,0.0006153467859083828,0.04616428632383754,1.0,0.8935756087303162,88.58608077641198,53.875220920216286,16.910143511639422,16.24978684648724
197.9,17.522157321160314,15.496287991651906,-0.000727511952156789,-0.001720156715523946,0.0017707199902823488,8.945902387057798,1.3507907680067497,-0.08409441674906096,0.0017597946433566115,-0.005869667389019683,-0.002348996254024114,0.08204197954909254,1.0,0.6208023428916931,92.1142440365378,46.86013860348775,16.774088230259213,16.31294485501664
198.0,17.405116837617975,15.566398301259902,-0.0006980881023423815,-0.002344163644623626,0.0014923051999396098,8.956317154362646,1.3680026408952688,-0.09122823429707146,0.002775787792542066,-0.006576556106866067,-0.0032426342338200726,0.11889041818667204,1.0,0.8118236064910889,95.64577472754935,37.464657278167785,16.637797063539693,16.375592213357436
198.10000000000002,17.286251883594826,15.636524066356742,-0.0005470142806376061,-0.002936275027067678,0.0012108882859343214,8.970323548793731,1.3823176505039834,-0.09999496889453076,0.0033118043816648653,-0.005574309609233037,-0.003031449953548751,0.15365658866341347,1.0,0.9299904108047485,98.97693833091814,27.970091060739417,16.501271928073148,16.43772804053218
198.20000000000002,17.165397426358826,15.706309774911569,-0.0003453305144155592,-0.0033046352104902123,0.0010270027554727574,8.9873562383992,1.3984693144555334,-0.10961991774326851,0.003122480094804422,-0.0023809464734748176,-0.001743388249304445,0.17943525800718452,1.0,0.18227232992649078,99.82001819150373,32.815943097497176,16.36451474374205,16.499351462756827
198.3,17.04194871138807,15.775615398441273,-0.00018186336387174956,-0.003269105162815061,0.001021428623753849,9.006216000190632,1.4200974413085043,-0.11925500630414343,0.002312690392227226,0.0017545375394568948,-1.3060964821297847e-05,0.1936099531744907,1.0,0.27348095178604126,101.06712258612089,36.24099350471945,16.227527433692043,16.560461613453022
198.4,16.91532172611499,15.844372950403045,-0.00012932453402677638,-0.002906817523810428,0.0011534436581189227,9.026049860050406,1.4462411485035072,-0.12864109914778668,0.001233032450246649,0.004214409046275868,0.001054527506141678,0.2006193596563665,1.0,0.154796302318573,101.54706392277649,40.55790823981975,16.090311924304924,16.62105763326028
198.5,16.78511517130826,15.912484776573464,-0.00020151655462609882,-0.002430702496994242,0.001332767489338224,9.046200054169576,1.474864449128449,-0.13751376408228255,0.0004252110949606751,0.004470816977882101,0.0012563550009913513,0.20115398773022772,1.0,-0.050523608922958374,100.5147654235969,46.163945698648384,15.952870145171527,16.681138670048057
198.60000000000002,16.651172233725816,15.979808285587167,-0.0003503099347422303,-0.0020209612449538675,0.0014880853739533697,9.06602683647599,1.503936862674662,-0.14567952269687814,0.0002781755827414261,0.0032645821955166166,0.0009699355681204104,0.19559594079204332,1.0,-0.15188007056713104,98.68395417658581,51.90125968350199,15.81520402906461,16.740703878927775
198.70000000000002,16.513425797125045,16.04625068916232,-0.0004995104078085768,-0.0017852956020513152,0.0016224292819981283,9.085105627553304,1.5344485165678374,-0.15325632083133023,0.0008393801387200129,0.0011223014056596448,0.0011194944906746237,0.18779924961672723,1.0,0.10087232291698456,99.05164337321051,55.20806059851029,15.677315511911658,16.799752422264667
198.8,16.371625985791002,16.111853103315042,-0.0005983633119127393,-0.0017888049692012685,0.0018006711995735575,9.103481554046036,1.568127200039967,-0.16057185849056554,0.0017069371387084282,-0.0012551106001816225,0.0016599500746750774,0.1811840684643925,1.0,0.10526560246944427,99.41294549925526,58.15815830041251,15.539206532767675,16.858283469689553
198.9,16.22555720234909,16.176639784349128,-0.0006534679499370253,-0.001964593577001219,0.002004646332124343,9.121193117095338,1.6037238145201302,-0.1676528877496555,0.0023792621921449398,-0.0023952881850456942,0.0016329388836148746,0.17413718395223202,1.0,-0.02859903685748577,98.76425698509024,61.91381299570987,15.400879033787904,16.916296198110558
199.0,16.075120336050208,16.240591955691745,-0.0006932945897505259,-0.0021483254726729663,0.0021695733648035833,9.138111788443632,1.6403864946772098,-0.17439995184993726,0.0027601170926476342,-0.0018780834250175307,0.0010540263963764761,0.16582480558185922,1.0,-0.0030354391783475876,98.37929511594173,65.11617442693523,15.26233496020052,16.973789791724634
199.10000000000002,15.92035384906938,16.3036609291689,-0.0007329563840608003,-0.002193087905539901,0.002240589538547002,9.154041555413079,1.6751313176070837,-0.18051661988225828,0.0029487710367759948,0.0001850568965998578,-0.00028781435789877144,0.15389212312447514,1.0,-0.3747886121273041,94.28117599206243,70.14541452812003,15.12357626027927,17.030763442029077
199.20000000000002,15.76187803486146,16.365654304723076,-0.0007648337999229686,-0.0019438489554234274,0.0021023263123822323,9.168297954457065,1.7011718421673876,-0.18524347529591034,0.0030789374336596506,0.0036405171294998043,-0.0027859540596216386,0.13370485421062142,1.0,-0.568078875541687,86.95066786114268,75.3179408398741,14.984604885316088,17.087216347832864
199.3,15.600694176817633,16.426391488207095,-0.0007411549375358277,-0.001367053302313442,0.0017365618788262214,9.180132013762615,1.7194258157061595,-0.18810089389641757,0.0034635220378159046,0.006519102827965072,-0.004175581216070176,0.10788801879986386,1.0,-0.45976021885871887,82.7146069633956,79.67608218012046,14.845422789593648,17.143147715267936
199.4,15.437133703531059,16.486002312180734,-0.0006156182669142278,-0.0006966189419666038,0.0013964579599511058,9.18954086648038,1.7386266379706585,-0.18950266355830736,0.0039957932033275675,0.005895181425199799,-0.002707925534562706,0.08656202982193897,1.0,0.1911400556564331,85.17091114032101,79.46623977234256,14.706031930357872,17.19855675780036
199.5,15.271014154954106,16.544775763886012,-0.0004354412208305733,-0.0003484542174665466,0.0012608851813991186,9.197519791849686,1.7606832581385095,-0.19049638361136298,0.003923114713430746,0.001329566304863106,-0.0006879356469293241,0.07680834753242886,1.0,0.3665327727794647,88.24017043363287,77.29318621403283,14.566434267790422,17.253442696241386
199.60000000000002,15.102784343108416,16.602730492020708,-0.0003159446498107571,-0.0004181713621312979,0.0011104826382036031,9.204548099434582,1.7708116168626773,-0.19076755895207467,0.0027246700340574945,-0.0011615828121787715,-0.0031159627743249955,0.0625583324067409,1.0,-0.9645149111747742,73.62606055202782,82.42016726668572,14.426631764981131,17.307804758758422
199.70000000000002,14.934558661135718,16.65945676093442,-0.0002774550880703473,-0.00034104274459113116,0.00050683749952504,9.20889741224002,1.7593947615808607,-0.18848235356646859,0.0014782872467524546,0.002587178370628502,-0.0077043740036172115,0.02882116883343931,1.0,-1.0,60.18678678169101,87.08469036437606,14.286626387900386,17.361642180885845
199.8,14.767867300224014,16.714911333196195,-0.00017124213850555457,0.00028157113438266325,-0.00034142025104415394,9.209118001404208,1.7378383676533378,-0.18287564761964337,0.0013784242607653425,0.008686042198201908,-0.008407544887405086,-0.01685099507552312,1.0,-1.0,48.03874772679481,91.30104979953231,14.146420105371497,17.4149542055358
199.9,14.603413403276363,16.769373439075824,8.693418869383222e-05,0.001442021910695986,-0.0010352707335183754,9.204328075152242,1.7135205307446868,-0.1734261203199947,0.0017167275151202858,0.012976643519183992,-0.005764461660325739,-0.06883940255845133,1.0,-1.0,37.05788258473552,95.11230477975396,14.006014889043003,17.46774008300882
200.0,14.441221575876355,16.823348316745648,0.0004171849889147037,0.002718387766046172,-0.0013513686536260254,9.194597287988058,1.6947801027528429,-0.16075239344292502,0.001375178950175567,0.011416759061750631,-0.0015582908294245613,-0.11409986839198533,1.0,-0.22610273957252502,40.58627877659189,96.56990870035027,13.865412713360943,17.51999907100437
200.10000000000002,14.280495352619885,16.87752748887395,0.0006546729699816533,0.0034828121752101004,-0.0012318465577160207,9.181223680992126,1.686871937732189,-0.1462838899607813,-6.909492100121514e-05,0.004461174871072539,0.002069226791169532,-0.14537428813633166,1.0,-0.3789045214653015,41.98641454970844,98.59340656289768,13.724615555541096,17.57173043463129
200.20000000000002,14.120499672078521,16.932491565861326,0.0006647793330007172,0.003466016185083904,-0.0008744106201505656,9.165436053835418,1.6863636596843457,-0.13111704613303105,-0.002054693112344631,-0.0034781186842463103,0.0033275929829169625,-0.16422680303005666,1.0,0.06970416009426117,47.59035156459358,97.6842065089154,13.583625395541175,17.622933446418145
200.3,13.960746259131216,16.9886926924082,0.000454454905485471,0.0027926019371969993,-0.00047491260790492016,9.1484460753355,1.6918888940182797,-0.1162717900641185,-0.0033154921212808245,-0.008403934117275757,0.0035535578663434776,-0.17309393204555745,1.0,-0.19071508944034576,50.467512770998,98.69982933097694,13.442444216032978,17.673607386323404
200.4,13.800956670780751,17.04644145363876,0.00014190234782261837,0.0018853673128954164,-0.00013201404297891943,9.131078579417926,1.6965047247513187,-0.10241940398491847,-0.0033327358684669996,-0.009369344491093829,0.002128047910388839,-0.17160494773488563,1.0,0.5521650910377502,57.488925949230044,91.44507218356918,13.301074002374518,17.723751541745642
200.5,13.642195832542537,17.105586332958527,-0.00014169312799741798,0.000967226118781666,-0.00013147505962730405,9.114901836265227,1.6851806870824815,-0.09099216907451911,-0.0024286582807886564,-0.009036588089098883,-0.0021714180275493778,-0.15282613860027608,1.0,0.7300871014595032,64.22118913427484,78.70619427623913,13.159516742582094,17.773365207533487
200.60000000000002,13.486075912365925,17.165568002501796,-0.0002476515416656662,0.00013327806023102673,-0.000549202012112028,9.101379396181411,1.6595612327584492,-0.08268378542528239,-0.0007366088752466004,-0.007739516492069583,-0.0050602439807093955,-0.12278623404295416,1.0,0.6044548153877258,70.05254649798864,69.94473688193429,13.01777442730234,17.82244768599559
200.70000000000002,13.332975686875328,17.225992970622055,-8.575203589651695e-05,-0.0004823926707689169,-0.0009850539753598513,9.091020303180951,1.63487627154384,-0.07717473335038316,0.0010722365236962286,-0.005033861645525908,-0.003235948628382838,-0.09115441096166071,1.0,0.45773884654045105,74.90987863594923,67.3754187827167,12.875849049784229,17.8709982869104
200.8,13.182175219148531,17.28676720104524,0.0002436156491567907,-0.000796849600526039,-0.0011005486438912541,9.083736839519592,1.6177677536980235,-0.07396642823597378,0.0015795030244714421,-0.002152314124134846,0.00015953919079130538,-0.06052833850799659,1.0,0.5076359510421753,79.45737334574288,64.16403834901425,12.733742605851042,17.9190163275359
200.9,13.032969575370691,17.34781416958612,0.0005147529383680386,-0.0009182853436328059,-0.0009760782218119822,9.079586633350026,1.6062778752027198,-0.07295032194357073,0.00032489952347717726,-0.0009493629619665248,0.0017575853817021832,-0.028544725469091203,1.0,0.5198781490325928,83.60376837727472,61.00926553794838,12.591457093872304,17.96650113261917
201.0,12.884858069600115,17.40899015126027,0.0005799767430060288,-0.0010680844402583694,-0.0008161335550083064,9.078856639060673,1.5968095942185607,-0.07431543660388559,-0.0016739742039227012,-0.0022592759674337944,0.001197571970463624,0.007889742676190208,1.0,0.6108468770980835,87.58781052177302,53.66376844309917,12.448994514735684,18.013452034405937
201.10000000000002,12.737859372141855,17.469950511398572,0.0004552831104601813,-0.0014957255171850828,-0.0007877393699086877,9.082249311607926,1.5839758654145408,-0.07862640203749036,-0.003061518724814061,-0.005753948195020816,-0.00042731166721464827,0.05237053604224991,1.0,1.0,91.75583057309272,42.142455792633854,12.306356871818856,18.05986837264991
201.20000000000002,12.592093534481753,17.530239534749615,0.00028054863885012475,-0.0022641092133581335,-0.0008476660202443774,9.090335220787022,1.56970023455463,-0.08588603327615968,-0.00306481272992331,-0.008502926899446612,-0.0006349310574331361,0.09945905115161992,1.0,0.7282163500785828,95.19254083121668,34.16575094827758,12.163546170961316,18.105749494622096
201.3,12.447218055350609,17.58949081244939,0.00018197923562402116,-0.003120158479604463,-0.0008008998162862633,9.102843562851266,1.5582484243839723,-0.09537091257711597,-0.0021424815989406656,-0.007949771656897494,0.0007339356994417985,0.14119968077847037,1.0,0.770147442817688,98.36747551706736,26.434442139400552,12.0205644204362,18.151094755119985
201.4,12.302642617203231,17.647425695931574,0.00017066521537806653,-0.003715328296339834,-0.0005716829841302024,9.11896202231749,1.552675519339508,-0.1061481534931696,-0.0012657387860311997,-0.004020803069097645,0.0024529904614656213,0.17274644957881216,1.0,0.434818297624588,100.42616689724267,28.403892978372124,11.877413630922014,18.195903516476577
201.5,12.157478071170535,17.703903859070625,0.0001759139941621954,-0.0038120434138298994,-0.00018386939484059172,9.13753721105502,1.5550778582875078,-0.11730667205247772,-0.0009700407258959563,0.0011170409492097736,0.003473919281817475,0.19329457711452053,1.0,0.4767649471759796,102.42713892110184,29.50761242907739,11.734095815474372,18.240175148569428
201.60000000000002,12.010951076986244,17.758818199371035,0.00011873354318150702,-0.0034734762759059293,0.00023445087079776596,9.157679761809126,1.5638679839564233,-0.12835264490808468,-0.0011326446243544851,0.004580100340517803,0.0032962044887573437,0.20580990541352523,1.0,0.27832484245300293,103.44727516487117,33.196342331557595,11.590612989497702,18.283909028829427
201.70000000000002,11.86243403824673,17.812065232838837,-1.7631406303285888e-05,-0.0029474920364731707,0.0005963747365960122,9.178672174008875,1.5779699434138017,-0.13896588888582087,-0.0011955281802070792,0.005181412861072641,0.002664429761239597,0.2119919761034356,1.0,0.26211434602737427,104.09657678786421,36.71051795518195,11.44696717071687,18.3271045422496
201.8,11.711524450342498,17.863529917789375,-0.00019278031234172316,-0.002497952342392539,0.0008708231449320559,9.199941694410306,1.5946942748716693,-0.14897313975931506,-0.0008317751608794196,0.003622136851972783,0.0018390571501963287,0.21229621615501973,1.0,-0.01107989251613617,102.98690588576069,42.39572856434788,11.303160379148842,18.36976108139376
201.9,11.557973528907837,17.91311693237932,-0.00034650323411863877,-0.0022599785532789293,0.0010826840766173594,9.220967974849033,1.6143853798711099,-0.15837609098122357,-9.919825428106208e-06,0.0011243768105666727,0.001586668875294386,0.20879444948582773,1.0,0.1470683515071869,103.23535063936907,46.19433491443928,11.159194637074252,18.411878046405036
202.0,11.401503258073305,17.960799162390792,-0.00044447507245309897,-0.002256738207909399,0.0012810457005747134,9.241510820313664,1.6362753015145357,-0.1672632610791412,0.0008965136816831771,-0.0008552798603724829,0.0013720126723311705,0.2024601564948316,1.0,-0.1330038607120514,101.31957252166332,51.812160222047524,11.015071969008975,18.453454845014285
202.10000000000002,11.242762831819173,18.006389799821907,-0.0005069184935214098,-0.0022554934492992986,0.0012410567161030067,9.260750481033439,1.641643135618308,-0.17469810269228497,0.001164138004924731,0.0010159565312396208,-0.0034973393778859243,0.1823390363268865,1.0,-1.0,85.21952818747427,59.41747624812669,10.870794401675658,18.49449089254847
202.20000000000002,11.08466077162251,18.049460667018785,-0.0005087572009367759,-0.0018167548181095665,0.0004930634914329322,9.27686034500767,1.6178232359282043,-0.179345848714918,0.0013661203976860499,0.006495025355463095,-0.01020453633121468,0.14558914611661164,1.0,-1.0,70.66636328439876,66.29207957033599,10.726363963975212,18.53498561193885
202.3,10.929274492476015,18.0900404057698,-0.00030136249296801445,-0.0008764474603113865,-0.0006332878057592209,9.288851926810302,1.5800017265099178,-0.18091451240925785,0.0022933771188398872,0.010971955642777175,-0.011477795091958034,0.10222294108035382,1.0,-1.0,57.51145486924895,72.50617648303134,10.581782686958288,18.574938433729088
202.4,10.777548258258822,18.128454232238383,0.00014160773413896086,0.00031350438257530123,-0.0016087946684397853,9.296303103989391,1.5377739266582646,-0.17927006706088874,0.0028661272171959583,0.012169229352009538,-0.008306630891945532,0.0556846795604221,1.0,-1.0,45.62045957279571,78.12322791574734,10.437052603796708,18.614348796083306
202.5,10.629689833502692,18.165143415685368,0.0006542543790083732,0.0014368624733543218,-0.0021845397301628712,9.298937373740662,1.497300966570926,-0.1744146740915084,0.0019094429798000162,0.010399240510886925,-0.00406938984700602,0.006363022188020696,1.0,-1.0,34.87194162968064,83.20059752247457,10.292175749754886,18.653216144793923
202.60000000000002,10.48541107008607,18.200600581070706,0.001017949574904903,0.002308681997891102,-0.0023717635501198813,9.296433850609056,1.4627832511904906,-0.16637099525707216,-0.00044641160150240677,0.007432616358776,-0.0006286969213894574,-0.04624175529237692,1.0,-1.0,25.15613272612098,87.79013750303554,10.147154162161193,18.691539933289484
202.70000000000002,10.344087379151624,18.23536747933893,0.0011135217753738638,0.002867354368570095,-0.0022545481914906726,9.288712579175769,1.4370088316568612,-0.1555324178376148,-0.0030252284075623624,0.0040053121814779885,0.001957754954007486,-0.09718131391948054,1.0,-1.0,16.373811000458797,91.93871813920967,10.001989880379314,18.72931962264235
202.8,10.204887079480706,18.270017665590643,0.0009609119405117196,0.003081761359385543,-0.001890196894600097,9.27630542078502,1.4214480976631978,-0.14260873870501647,-0.004678262891805074,0.0005058228847197992,0.004104219063203746,-0.14081965197256313,1.0,-1.0,8.435287748444281,95.68870645344924,9.85668494577957,18.766554681576267
202.9,10.066884649842804,18.30510751398515,0.0006615483343047203,0.0029861008094322003,-0.001323610484827157,9.260096673652338,1.4164082530935063,-0.1282918197676545,-0.004972162012891052,-0.0022165831592255414,0.005794742756074288,-0.17501475002952463,1.0,-0.9127518534660339,1.857649753288708,98.99824801488634,9.71124140171021,18.803244586473816
203.0,9.929195158195204,18.341147833929078,0.0003205089932365548,0.0026979203692761317,-0.0006375371325792352,9.241034305275452,1.4205033782220977,-0.11318777021493909,-0.004177484298536494,-0.0034382317197479027,0.006464261644895251,-0.19984810654357,1.0,-0.5475907325744629,4.032642990456876,101.34457027619767,9.565661293468672,18.839388821383828
203.10000000000002,9.79135664512927,18.378542445396377,2.9991780641251746e-06,0.0023506947867193086,-2.129720593675186e-05,9.220099812535667,1.4262099427527868,-0.09797494679722123,-0.0029301893854906755,-0.0036095407848759473,0.004573307962292914,-0.2138572630395232,1.0,0.183925598859787,14.007417290073452,99.12436472546466,9.419946668272832,18.874986878028594
203.20000000000002,9.654344728186505,18.41735754840746,-0.0002543270550080523,0.001927559044709741,0.00012009486001165727,9.198786846854937,1.412833951159306,-0.08401740902698022,-0.0018291488193947806,-0.005012553410127156,-0.002452273969743014,-0.20918441741222946,1.0,0.8178795576095581,25.051672764350812,84.64763250969911,9.274099575232206,18.91003825581103
203.3,9.52101417758564,18.457056430719042,-0.0003591202411631686,0.0012730577236725418,-0.0005835901030887507,9.179140680259117,1.3702975498024164,-0.07276557899401867,-0.00043774802020510924,-0.007533351811651148,-0.010035186225590758,-0.18636442571977613,1.0,0.9113423824310303,35.14649489387086,70.7582587354004,9.128122065319136,18.944542461821705
203.4,9.393203556427185,18.497016468852426,-0.00015675411232530682,0.0004649805864039171,-0.0016912142957877106,9.162276842813862,1.314898553222736,-0.06442055844398674,0.0015064144356884005,-0.008383942294109522,-0.011068288143915445,-0.15641749321297055,1.0,0.7113146185874939,43.99240775322318,60.27011703783695,8.982016191339948,18.978499010845802
203.5,9.27111388563668,18.53687027788192,0.000340383846719662,-0.00024751321721257235,-0.0025253768869013204,9.148428553996144,1.2633930081861537,-0.058522563366072346,0.0026710223160476125,-0.006334987526769327,-0.005868597032189378,-0.12720421548362132,1.0,0.4831523597240448,51.43568648934782,58.20025114310569,8.835784007906089,19.0119074253699
203.60000000000002,9.153775334273291,18.576562101862002,0.0008930008025274452,-0.0006509846897187992,-0.0027674180114326315,9.137390476102468,1.2203188899369157,-0.054589139316799,0.0015420233203337053,-0.0031186046765880435,-0.0006269561623004177,-0.09855778787014803,1.0,0.6685672402381897,58.635183810656955,49.62648102107168,8.689427571405227,19.044767235588722
203.70000000000002,9.040557651245868,18.616003896804628,0.001211100342695095,-0.0007999599715302037,-0.002660181838361839,9.129356890122711,1.1846868852399797,-0.052503779981233255,-0.0013656515828347328,-0.0008605948984259984,0.0023226829800229807,-0.06852510742428462,1.0,0.4516434073448181,64.56908670386208,49.10703861459271,8.54294893997234,19.077077979411733
203.8,8.93017309681247,18.655310931674492,0.001201587478506352,-0.000800361165489162,-0.002269805546731621,9.124242405289356,1.1628371648540632,-0.051864127076320474,-0.004128131455026303,0.00011377484047810393,0.0049267998044594825,-0.03948118991045969,1.0,0.49562954902648926,70.07398821935911,47.882384396755924,8.396350173460768,19.108839202469625
203.9,8.821317524173033,18.694647038308005,0.0009297855962018667,-0.0008078104962129138,-0.0016514934359513702,9.12204922305914,1.153657025638417,-0.05258792966028202,-0.005555265862364386,-0.00041375537103267434,0.007014694760331531,-0.010339008634501452,1.0,0.3353663384914398,74.4634126184696,49.13682601727815,8.249633333413248,19.140050458120733
204.0,8.712879654010488,18.734141819977353,0.000528369787499241,-0.0009532107337312117,-0.0009053312256201158,9.122887442184842,1.1523293956621063,-0.0548356243987618,-0.005499967625555406,-0.0024036932950355495,0.007290411295276814,0.02198203105696801,1.0,0.6493344306945801,79.41083200448249,41.826846619224504,8.102800483032928,19.170711307457275
204.10000000000002,8.604536751110327,18.77369629849393,0.00012082344990437687,-0.0013748350759745064,-0.0002761772044426585,9.127394933481664,1.1517287579986997,-0.05910527592136774,-0.004325072957660683,-0.005376534279987036,0.005386312701844169,0.06125436910213445,1.0,0.9757457971572876,84.34423694761496,31.597612560486194,7.955853687154345,19.200821319311572
204.20000000000002,8.496069343840395,18.813120444090817,-0.00017941616231581257,-0.0020312361098220395,0.000159915840725478,9.136019141584514,1.1533635421627384,-0.06532454627859699,-0.0024018656964412606,-0.00702412398398207,0.003564420714135228,0.10276380078699601,1.0,1.0,88.82389696346036,22.19639858490933,7.808795012214393,19.230380070262072
204.3,8.38696233319315,18.852245762977223,-0.0003171577927390751,-0.0026824818044233396,0.0004905216375487716,9.14859528675242,1.1602559380735065,-0.07301117266430451,-0.00044162459038536554,-0.0058397880588418345,0.0027690692006280193,0.14021350975818245,1.0,0.765188992023468,92.60302488762406,15.672364743193373,7.661626526223269,19.259387144639334
204.4,8.276506910785429,18.8909258111827,-0.0003263622235233427,-0.003067947158338357,0.0007925777880179682,9.164501829923992,1.173564773222811,-0.08161766471360732,0.0008411647646509727,-0.0025515769543910387,0.002445729819809076,0.17074284202899728,1.0,1.0,96.2891871387956,7.801235888664543,7.514350298735377,19.287842134531843
204.5,8.16405331992247,18.928986661669978,-0.00029399996839701923,-0.0030718412495601235,0.0010500408577923833,9.182931788272722,1.1910519627317053,-0.09050870866734306,0.0011938425605445414,0.0014261233381138178,0.001520954138756662,0.19155108008969987,1.0,0.011690855026245117,96.25475595687682,16.088552400305172,7.366968400820243,19.31574463979178
204.60000000000002,8.049249307142446,18.966185044349317,-0.0002873988987459892,-0.002718209142021645,0.0012007746610255476,9.202819961809066,1.2118541651429604,-0.099162556673442,0.001071690620547893,0.004188788291656484,0.0007219323782315533,0.20319835425624863,1.0,0.3904103636741638,98.35337568340438,19.6877683009796,7.219482905033376,19.343094268040623
204.70000000000002,7.931502333273748,19.002402831206044,-0.0003134159334845392,-0.002268873285993198,0.0013389363827403394,9.22366651747024,1.2386500567767889,-0.10770614134677513,0.0009915377511032287,0.0038479510521906225,0.001029845323156011,0.21173784933939607,1.0,0.49265098571777344,100.60319154233213,21.345095084532964,7.07189588538713,19.369890634674675
204.8,7.810303994458683,19.037515494503264,-0.000367523419865172,-0.001984992272799311,0.0015093445714006435,9.245184279999735,1.269084024754877,-0.11612844558964568,0.0009875348991644104,0.001597173117371687,0.0012959055522123735,0.21665708276055706,1.0,0.08889704942703247,100.70655773320514,27.692835132182058,6.924209417321538,19.396133362870472
204.9,7.685378983116339,19.071358545422562,-0.00044278733500089713,-0.001937537425162303,0.0016846415253175128,9.2669366664908,1.3021633498516973,-0.12442249309362524,0.001111863561817436,-0.0008475870593509133,0.0013926626808019558,0.21800690918563906,1.0,0.30713942646980286,102.027443365044,31.22546763024455,6.77642557767512,19.42182208359008
205.0,7.5563830526652085,19.103820594310264,-0.0005230024165008588,-0.0021061597720205675,0.0018795226929916582,9.28879217945506,1.3387790009027496,-0.13284309817158071,0.001392364576348004,-0.002757751439128737,0.0015804561956258443,0.21892286639537714,1.0,0.35678204894065857,103.43726067307956,33.81265510307412,6.62854644465569,19.446956435586287
205.10000000000002,7.423041444894263,19.13477809000135,-0.0006008828151137504,-0.0023771920624200025,0.002078709271541885,9.310666138980622,1.3774682834767866,-0.1413598704500225,0.0017159764195774606,-0.0031103676716004833,0.0013737770254484479,0.2180913908260542,1.0,0.08703073859214783,103.25573854950815,38.978755098180855,6.480574097811116,19.471536065407683
205.20000000000002,7.285225811058252,19.164081707299538,-0.0006729661465566067,-0.0025860275794245243,0.0022435239442907453,9.332317680793377,1.4175034402625641,-0.14986096471895707,0.0020767236199711672,-0.0021217331682663472,0.0009493453455066599,0.2155689639329841,1.0,0.2925408184528351,104.12725074019801,41.59625349120143,6.332510618000088,19.495560627403634
205.3,7.142901750914989,19.191590718820414,-0.0007332729034734568,-0.002673724575550154,0.0023478909439946815,9.35371464452053,1.4568890864870307,-0.15834736279780184,0.0024355241212310435,-0.0008750203003127136,0.0001078059247795845,0.2128551023142135,1.0,0.3261093497276306,104.1590393144812,43.56734948998594,6.18435808736285,19.519029783729124
205.4,6.996208653447224,19.217146685057447,-0.0007721541773186542,-0.0026488835290528496,0.0023730393534093495,9.374795861093824,1.4956821866505468,-0.16667593099757438,0.0028402317154370862,0.00012519869818572517,-0.0004589530510566973,0.20921767795751742,1.0,0.11211882531642914,103.86811275092721,47.574603780167536,6.036118589291925,19.541943204349536
205.5,6.84509618667791,19.24061010347138,-0.0007791330350587069,-0.002554043368602995,0.002384766131540714,9.395429016030548,1.5356780634837297,-0.1747271505990637,0.0032492874566758772,0.0005892595047204656,-0.0003526095943413941,0.2042782989569349,1.0,0.10665702819824219,103.77577567045088,51.24572226978013,5.887794208402809,19.564300567045265
205.60000000000002,6.689497129359796,19.26185690774559,-0.000766775381663402,-0.00245630095191923,0.0024135269548584567,9.415534348638893,1.576608030552867,-0.1825069219160375,0.003486936028206921,0.00033901862234571653,-0.0001360418996927291,0.19892657178601655,1.0,0.14384694397449493,103.92863359732068,54.22425520988333,5.739387030504664,19.58610155741627
205.70000000000002,6.529376460160639,19.28077345641673,-0.000758221802278125,-0.0024116434756029713,0.0024509765037266404,9.435091467164296,1.618065034650539,-0.19002542901892047,0.0035199867067907094,-0.0002671448051175757,-0.00011548869614621963,0.19318207598232534,1.0,0.07324913144111633,103.60575651848185,57.547848873821344,5.590899142570986,19.607345868886483
205.8,6.364792907096497,19.29725766415604,-0.0007676238296322485,-0.002435501936943588,0.002467518251777441,9.454094671041052,1.6585164652938582,-0.19736588754469164,0.0034412902781178474,-0.0010561430940047303,-0.000540935868008444,0.18832569884679518,1.0,0.3549465537071228,104.18468413189481,57.62934063445207,5.442332632710252,19.628033202708117
205.9,6.196031017268922,19.311224487245077,-0.0007888203842519155,-0.0025315758117538008,0.002419490080600208,9.47267826967508,1.696625716119668,-0.20456905191568273,0.003423405185366524,-0.0015206239000922776,-0.0010662502009281482,0.1838981983418488,1.0,0.06611016392707825,103.55820577296677,60.6863642638521,5.293689590136555,19.64816326796589
206.0,6.023468324053617,19.322582887114514,-0.0008003146563898361,-0.0025692513902178804,0.0022915003382566433,9.490471051596709,1.7279445614462785,-0.21099293103316852,0.003426110489990987,0.00016039936907629034,-0.002628916327693089,0.17193201419454107,1.0,-0.54571932554245,96.01137194363878,66.70859262084454,5.144972105140235,19.667735781581094
206.10000000000002,5.848209649268431,19.331357331745572,-0.0007751352442455378,-0.002335160629519739,0.001971132852013938,9.506530297016011,1.7511342569291957,-0.21601980843732044,0.0036136565901515767,0.003016788916650365,-0.003731847041412936,0.1533254185597678,1.0,-0.16225525736808777,94.51440169050805,70.5344997776613,4.9961822690584725,19.686750468315566
206.20000000000002,5.670976784857816,19.33770097237494,-0.0006789039357805217,-0.0018449231844687192,0.001543724086943584,9.52045221861973,1.7614757892065471,-0.21922364229383984,0.0036439454675895695,0.0060864000329131866,-0.0060254506054955165,0.12707058798431553,1.0,-1.0,79.06819274741626,76.34098833719725,4.847322174245886,19.705207060775592
206.3,5.494253534760939,19.342005050575203,-0.0005179753547106177,-0.0009855035870462276,0.0007024457458670708,9.530805568887489,1.74680631196725,-0.21924446592673738,0.0033372135120080587,0.009930122929953097,-0.009956320119910619,0.08657905753351272,1.0,-1.0,65.10604325203745,81.58959410254306,4.698393914045106,19.72310529941565
206.4,5.31978519441772,19.344830704985174,-0.00022854702284458013,0.00015128026403353318,-0.0003390440632134573,9.536656895811861,1.7200124652883837,-0.21575951456410786,0.0032381257130201222,0.01196623067985984,-0.010231971157561913,0.03907911589912028,1.0,-1.0,52.48536595513392,86.33391800804353,4.549399582757336,19.740444932542054
206.5,5.148313532249625,19.346747317675813,0.00018247803512501764,0.001346556223371829,-0.0012061950246038454,9.537451863628782,1.689401040929295,-0.20856110195758895,0.002801689220960625,0.011685312041038641,-0.007372813510329791,-0.013477696736992473,1.0,-1.0,41.077273276761204,90.6224110529808,4.400341275612905,19.75722571631649
206.60000000000002,4.979933107461422,19.348291455938003,0.0005922502086615348,0.002413233235757664,-0.0017147934519103369,9.532762769111638,1.6603537188292565,-0.19761885952383193,0.001417929868754689,0.009620444675662842,-0.003738556520848144,-0.06906712485323474,1.0,-1.0,30.765261052958298,94.49886910323174,4.251221088741801,19.773447414759474
206.70000000000002,4.814308630669963,19.349982907251842,0.0008534349703561661,0.0031734776674835026,-0.0018738896204876145,9.522725322461353,1.636392252621653,-0.18355668091278624,-0.0007253177041172583,0.005748312846664726,-0.0007390643255120495,-0.12021113150166553,1.0,-1.0,21.444018747007032,98.00288015277638,4.102041119144195,19.789109799753632
206.8,4.650828525291831,19.352294750739077,0.0008944830570544202,0.0034957166237620262,-0.001759855984799816,9.50810192207899,1.6195866585734162,-0.16727680495269406,-0.002798480101215875,0.001103961471492406,0.0014977096832212492,-0.16227236391760658,0.8060007095336914,-1.0,11.820794784774304,101.3054652160854,3.95280346466095,19.80421265104693
206.9,4.488871940587885,19.355644621795097,0.0007410549332201378,0.003359391571510268,-0.0014765441497442096,9.490064002457519,1.607346113741173,-0.14998742385095742,-0.004098837302984765,-0.003568434395777007,0.0023584678084190122,-0.18971839875084326,1.0,0.15940478444099426,20.90321484393801,99.32713203631974,3.803510223944124,19.818755756255776
207.0,4.328620114524379,19.360433992537644,0.0004776102113834175,0.002756814900198412,-0.0012746529401601503,9.470513020678307,1.5880557799217025,-0.13350835436570338,-0.004463940376454319,-0.008056231364495793,0.00021796620727587788,-0.19636183564000245,1.0,0.5791184902191162,30.83493431390921,91.05990777392219,3.6541634964274534,19.832738910867995
207.10000000000002,4.171032943103788,19.36691314201704,0.0002457672352501153,0.0018323252660172305,-0.001326604021623748,9.4512408193976,1.562584787528923,-0.11892102778369429,-0.00355814373002196,-0.009801308166812251,-0.001104704742151985,-0.1898090539108132,1.0,0.25982731580734253,38.642582012711095,89.03964019142184,3.5047653822968323,19.8461619182457
207.20000000000002,4.016167803586844,19.375081029009934,0.00017560034631899235,0.0009540183907986025,-0.0014046495771289189,9.433026691275058,1.5342039005088115,-0.10642670469978918,-0.002062753388603323,-0.008398464671566113,-0.0014817105412564876,-0.1751152455349855,1.0,0.6241335868835449,46.976787718585115,78.54223531964797,3.3553179824607797,19.85902458962807
207.3,3.8646653018210158,19.384854708627905,0.0002562147113354931,0.00031718612632744585,-0.001543431971748199,9.41669712046419,1.5040294088072865,-0.09617811804294908,-0.0008980798796480721,-0.004956318315585426,-0.0007690708477105336,-0.15643720311095446,1.0,0.03759467601776123,51.87275960194691,79.82617814053036,3.205823398520893,19.87132674413401
207.4,3.7159212912708117,19.396032016427593,0.0004213755548696142,8.339685469861088e-05,-0.0015347957600115507,9.40217141745208,1.4770277985535698,-0.08765837457784151,-0.0006566854393072666,-0.001452167692628892,-0.00014025628812412854,-0.1360471806261435,1.0,0.6959229707717896,59.08335222276415,68.70158452647932,3.056283732742294,19.883068208764662
207.5,3.5703130405313366,19.40842497838975,0.0005447217951751145,2.7612481693909636e-05,-0.0015866446751376024,9.39014112078875,1.4485433260833742,-0.08127338202773708,-0.0012931589217858228,-0.00038322375555885,-0.0002587457091729026,-0.11021646386652369,1.0,0.36943215131759644,64.67078632648335,67.52508682324633,2.9067010880240702,19.89424881840589
207.60000000000002,3.42704929321615,19.421800377923127,0.0006021162774853362,4.792951539707982e-06,-0.0015026812850398102,9.380616354350847,1.4296990621272452,-0.0765740762152866,-0.001937598717427318,-0.0006074683624881444,0.0015613444212936524,-0.0849640275416205,1.0,0.5279672145843506,70.2609793013805,63.870086373558784,2.757077567869697,19.904868415830542
207.70000000000002,3.285663833365921,19.435955143862294,0.0005674608560101895,-0.00016769415262887414,-0.00132724374814816,9.373921445760955,1.4105624770215472,-0.07402911993400468,-0.0026853677474856044,-0.002998278626538431,0.0013528544252683935,-0.05335271313424963,1.0,1.0,76.0937474903364,51.368158828729044,2.60741527635746,19.9149268517007
207.8,3.1463514591519353,19.45064991274781,0.00045923676028294486,-0.000624067577662523,-0.0012144816723183166,9.370696024809176,1.3930495288750644,-0.07380781655319044,-0.0029118385020732622,-0.005203007852564653,0.0015871935947495588,-0.01951001119562191,1.0,-0.032087862491607666,77.6574962108215,55.80190094401337,2.4577163181108688,19.924423984569792
207.9,3.008049421224417,19.46564189937075,0.0003561098917547904,-0.0011350670245121133,-0.0009099430404457089,9.370473287621776,1.3878378852011668,-0.07518644184833403,-0.002421506767523852,-0.0049225089593616265,0.004021755341133345,0.009483391630775388,1.0,0.4058305025100708,81.60132686421164,55.3722214164531,2.3079827982690553,19.93335968088453
208.0,2.869679986594863,19.48074236318136,0.0002536452867852824,-0.0015515110322238581,-0.00039417970247392965,9.373112503545926,1.3924199866044513,-0.07810241127079715,-0.0019486152064103965,-0.003390964249749876,0.00569551407111057,0.036845940427115295,1.0,0.05117154121398926,83.2685756226627,58.77100525329082,2.158216822457176,19.94173381498684
208.10000000000002,2.7303352752581986,19.49574163182431,0.00010945680600204784,-0.0017668129010010528,0.0001901071069743512,9.378260829406718,1.4041693594925944,-0.08217015856672433,-0.0017196359298790142,-0.0015025670691542609,0.005471834034439138,0.06161723429313094,1.0,0.5226997137069702,87.0569055892768,56.07363084482181,2.008420496756797,19.949546269115586
208.20000000000002,2.5897421099641997,19.51042364544381,-9.137462189235228e-05,-0.0019029011186047092,0.0006045766035847372,9.386128983068264,1.414437163304762,-0.0877745049845066,-0.0015507520292533023,-0.001695372670220918,0.0026253395217615983,0.09112892551786998,1.0,0.862349271774292,91.13940560238616,45.325546224258716,1.85859592767628,19.956796933408278
208.3,2.4483254345091425,19.52450825375833,-0.0002875712943367402,-0.0021611385826842276,0.0007023206692290666,9.397217456781052,1.4207251664136826,-0.09504598532454421,-0.0008669105767466032,-0.0032824063219957333,-0.0001672085579609489,0.12384562967720675,1.0,0.6345438361167908,94.45283453917985,38.736465558209,1.7087452221211588,19.963485705902556
208.4,2.305991216651906,19.537656956183504,-0.0003752750210253274,-0.002498229010177309,0.0006964200879017958,9.411223507404758,1.430293894949969,-0.10325088848940284,0.00042958408501732716,-0.00312539628347878,-0.00011975365538162847,0.1488411310822973,1.0,0.01899898052215576,94.64989420468325,43.994012668128434,1.5588704873645107,19.969612492537678
208.5,2.1621237456806752,19.54953580580383,-0.00033896644007631773,-0.0026553077410643583,0.0008164947267245936,9.42694834632551,1.4465177199822534,-0.11153101654034939,0.0015164293764353687,-0.0005768258515377898,0.0014219204094070225,0.1616543025432721,1.0,0.08854442834854126,95.32287193846706,48.16873296228455,1.4089738310173234,19.975177207155795
208.60000000000002,2.0162621461745736,19.559908732169962,-0.00027157914180590934,-0.0025768161207332966,0.0010201007512079627,9.443698796963565,1.4644748053092622,-0.12000094749538759,0.0016455777180787957,0.0010130917745830301,0.001263126935911584,0.17220852974143486,1.0,0.6604546904563904,98.28925684808007,40.71700166547624,1.2590573609988565,19.98017977150321
208.70000000000002,1.868492643959905,19.568596126419013,-0.000258012750360521,-0.0024735879828225644,0.001122344899249961,9.461633022152926,1.4827547289743632,-0.12884625587058113,0.0012282684711157885,0.0006729316267609486,0.000339636980011493,0.1833841583588298,1.0,0.30677279829978943,99.8407192593974,43.002578609875506,1.1091231855069992,19.984620115231444
208.8,1.718419118709846,19.57536161487232,-0.0002916318310467689,-0.002402087262629969,0.0012081733281510561,9.480311720796756,1.5056345129467739,-0.1375204208523714,0.0009886019601803829,0.0005058523646818398,0.0004835342373319499,0.18786648148262566,1.0,-0.03970964252948761,99.06111720649048,48.29578327830016,0.9591734129886236,19.98849817589823
208.9,1.5657376231387254,19.579997845026508,-0.0003494304882325224,-0.002311039709896541,0.0013260554527557461,9.499020065103108,1.5314857090421201,-0.14575293694736075,0.001024803482596349,0.0007841392416605447,0.0009439065873023003,0.18606656753459608,1.0,0.02647937834262848,98.87116317244723,52.57536793383529,0.8092101521099344,19.991813898968402
209.0,1.4101461453319855,19.58236570313937,-0.0004146641802153501,-0.0022110116692244273,0.0014967356568021614,9.517419142779973,1.5608617172728851,-0.15366273985493525,0.0012666504891933376,0.0005942611027260034,0.0015145505127443439,0.18274740107518653,1.0,0.2015344500541687,99.83364406389195,54.865082029433296,0.6592355117268166,19.994567237814664
209.10000000000002,1.2514332002904451,19.582356333507004,-0.0004869042791269269,-0.002138671111233894,0.001681796982058615,9.535382129958514,1.5911060755421282,-0.16114906156927042,0.0015085261025179352,0.0005301246922552078,0.0011921082026263208,0.17647013677980747,1.0,-0.26097825169563293,96.95781070446168,60.36968922192808,0.5092516008551788,19.99675815371824
209.20000000000002,1.089735391262221,19.579910508926194,-0.0005629158080904026,-0.0020523749895475893,0.001787215727319097,9.55254243129964,1.6206825472249682,-0.16814852170614453,0.0018140116550637501,0.0003130763095436724,0.0004654054269616894,0.16944734443510112,1.0,0.3972019553184509,99.01484092348906,59.621364362547915,0.3592605286412964,19.9983866158694
209.3,0.9249644699725242,19.575005017924887,-0.0006171657671947636,-0.0020757512463318493,0.001860962483791462,9.569370728091242,1.6521838078614963,-0.1752397852305654,0.0022704502045279677,-0.0011567367267445558,0.0004183473190101241,0.1678896826083782,1.0,0.3155597746372223,100.53641405179118,59.98698273747084,0.20926440433215027,19.999452601367928
209.4,0.7576696877268786,19.56763148294527,-0.0006552112436350158,-0.0021251041630659085,0.0017592228908331292,9.585619067131354,1.668267061613047,-0.181433718039192,0.0022617035371011573,0.0003993277007713061,-0.0037642049711016433,0.15489509929983128,1.0,-0.9953745603561401,84.54052088619058,66.80311885416384,0.059265337245766825,19.999956095223418
209.5,0.5907439206592303,19.558203996221327,-0.0006495639136376936,-0.00172507754433441,0.000999486593834187,9.59919910379019,1.654666129894278,-0.18490800307259875,0.002247567382107125,0.00625609324466694,-0.010168274737496312,0.1212996126516016,1.0,-1.0,70.05259446358939,72.96811551966512,-0.09073456325844498,19.999897090355503
209.60000000000002,0.42622367158908725,19.547340062433626,-0.00044783841639751043,-0.0007645582861147137,-0.0001296647298640356,9.608815123103868,1.62620293033304,-0.1852322352939975,0.0030231172634773555,0.01139773803745682,-0.011510511310854947,0.07855999454991666,1.0,-1.0,56.95665646769195,78.54078421781436,-0.2407331878093562,19.99927558759392
209.70000000000002,0.2650000069436394,19.535620796291624,-1.3101257712168224e-05,0.0005089468039634549,-0.0011230088626075635,9.613846961596714,1.592318920623366,-0.1821517225634422,0.003537926216099004,0.013163439012309224,-0.008562040552501217,0.030937658198779694,1.0,-1.0,45.11896575959694,83.57803534774784,-0.3907284270537811,19.99809159567856
209.8,0.1072383818683892,19.52353574896405,0.0004996046866755353,0.0017572898998788728,-0.0017361140268757434,9.61386303539195,1.5591005939781937,-0.1755406195133099,0.002595736210627808,0.011698097064448371,-0.004553199890906273,-0.02096090864212212,1.0,-1.0,34.41863094246376,88.13131140279903,-0.5407181716861394,19.99634513125929
209.9,-0.04738075168342891,19.511498482824067,0.0008761498960124103,0.002742297030427616,-0.001976524912132641,9.608521937563346,1.5307129369844812,-0.1655105185204842,0.0002606368621676493,0.00821947259793549,-0.0013071372869440424,-0.07480188483378042,1.0,-1.0,24.746375768533937,92.24711232253125,-0.6907003124781192,19.994036218895715
210.0,-0.19951320565557062,19.49988516462346,0.0009948585283939707,0.0033060665310576613,-0.001924703095273268,9.598051188621092,1.509896145435385,-0.15274472279044243,-0.0023532276545828274,0.0034843160874890576,0.0011334889617423975,-0.12360609004749847,1.0,-1.0,16.003423164862372,95.96747036936578,-0.8406727403083372,19.991164891056904
210.10000000000002,-0.3500188947870916,19.489022133597285,0.0008703055605900491,0.0033995692632410334,-0.0016343973030883427,9.583228693968639,1.4981100466335393,-0.13808362261039728,-0.00410155872190214,-0.0010778226238133337,0.003214598424673182,-0.16333819868682434,1.0,-1.0,8.100486480966936,99.33037937944172,-0.9906333461919985,19.987731188120847
210.20000000000002,-0.4998447448429099,19.479176841433986,0.0005994621745570892,0.003129774440553049,-0.0011442515864647084,9.565017460632673,1.4957827299859296,-0.1222705710685385,-0.004513239952088326,-0.0039064977638559135,0.004956214144705034,-0.19342752141961908,1.0,-1.0,0.9568576566002218,102.37018277139548,-1.140580021310554,19.983735158373925
210.3,-0.649813928533182,19.470593282264883,0.0002826709811387336,0.0027029717166247805,-0.0005511895666547147,9.544382615944546,1.4995306824100285,-0.10599506179258078,-0.0038817031896447233,-0.004596180998320136,0.005220525305998508,-0.21346609001047248,1.0,-0.15078610181808472,8.701834881020279,102.70059107801559,-1.2905106570413558,19.979176858010256
210.4,-0.7999630277879751,19.46357386240712,-1.4326898609094678e-05,0.0022622353818145817,-0.00011580054466120884,9.522494404424132,1.498571222089712,-0.0901681608974583,-0.0028069123336177198,-0.004458275072606493,0.0023068223500469715,-0.2203281730916871,1.0,0.42298075556755066,19.33358695742304,97.5186837593255,-1.4404231449873102,19.974056351130855
210.5,-0.949609957899099,19.458383346085824,-0.00021458015714591637,0.0018624809936720955,-1.3700455110360608e-05,9.500547532293266,1.4940024742478242,-0.07532950089675597,-0.0012313787888531612,-0.0033991082649343965,5.0494601061776083e-05,-0.21899474216870451,1.0,-0.173475980758667,25.095340364823116,98.45074314428764,-1.5903153770065255,19.968373709742764
210.60000000000002,-1.0979715958897782,19.45512810608037,-0.0002673089418089901,0.0015758562835343853,-0.00026824209396321115,9.479161554502918,1.4657705607658413,-0.06190642094500136,-0.00023064136500608288,-0.0031166608147549643,-0.006915497965413621,-0.207206430809953,-1.0,0.3653649091720581,17.207072138513414,77.74399557856124,-1.740185245241959,19.962129013758044
210.70000000000002,-1.240563907920059,19.45402154313078,-0.00016759698623080817,0.0011627432371721824,-0.0015119426970772937,9.45993636761521,1.3958665237121335,-0.05129415230624127,0.0004267521199261091,-0.005069661130138648,-0.015152571204148708,-0.18144034937075398,1.0,0.8513752222061157,27.987318308311824,65.00971734401315,-1.8900306421510589,19.955322350992617
210.8,-1.3759529669443278,19.45479999911295,0.0002427287895185152,0.0006376985984526608,-0.002883242973120839,9.443361702767683,1.3270810383262583,-0.04308668047684557,0.0019346355912103176,-0.005485336303742466,-0.011355269991362871,-0.15641484467342226,1.0,0.31202855706214905,36.317238684761655,64.89944967192179,-2.0398494605354003,19.94795381716507
210.9,-1.505061168229511,19.457070169830263,0.0008703371713355922,0.00019880380231641535,-0.0035469647046253877,9.429123786072056,1.2655097358706344,-0.03684492964370173,0.0019182056081168374,-0.00456489074512526,-0.004302630310155315,-0.1318079843476335,1.0,1.0,45.41129442578978,52.298621721581995,-2.1896395935703183,19.940023515895298
211.0,-1.627763033990848,19.460553207714458,0.001369781683407837,-0.0002033355975571581,-0.003775075934815978,9.417774647593504,1.201720895326427,-0.03298099709213848,-0.0006721827290351821,-0.0044048998294855205,-0.0012700788935621236,-0.10068713443131717,1.0,0.9401482939720154,53.57885617144174,41.30590345586718,-2.339398934834536,19.93153155870302
211.10000000000002,-1.7444134222680174,19.464953655608504,0.0015507650363350276,-0.0006031964487598983,-0.003762110282142525,9.409707542342796,1.1453986122593074,-0.0312593847378496,-0.0038566607280754246,-0.0041533490992557215,0.0012817761983078386,-0.06735957905976772,1.0,0.6007981300354004,60.42406361150056,36.33716329004016,-2.4891253783397844,19.922478065006246
211.20000000000002,-1.8562421875312551,19.469997466033988,0.001440636929032311,-0.0009567047251954819,-0.0034212827433877566,9.404954131443708,1.103615226810761,-0.03133043752066898,-0.005919598491427483,-0.0033396545388145846,0.005026940888476546,-0.03445715569807596,1.0,0.5133315324783325,66.38013541954031,35.99291834794611,-2.6388168185604193,19.912863162119585
211.3,-1.9646882770728207,19.475467358536445,0.0011452903722724006,-0.0012523870969802671,-0.0027379422319069578,9.403586358708791,1.0740257779012121,-0.03318461426373763,-0.006612356966911413,-0.002991812875286193,0.007636643105803161,0.0011769434698787,1.0,1.0,72.58577199640702,26.169406894489743,-2.78847115046303,19.90268698525245
211.4,-2.070734924185113,19.481173705929884,0.0007655381732468554,-0.0015818388538310726,-0.0019050921434427012,9.406075261339668,1.0550239980940068,-0.0368960465272353,-0.006117539095593036,-0.0033055371829732007,0.008736891895695702,0.0404352718915464,1.0,0.37426167726516724,76.89524115974486,29.016095628211072,-2.9380862695360395,19.891949677507164
211.5,-2.1757407363741383,19.48688935489269,0.000397540900419446,-0.0018995389457616002,-0.0009874783195650324,9.41233337535134,1.0496322631442494,-0.041935829163608544,-0.0048084989560053795,-0.002847778221891776,0.009100361421523172,0.07700416895792962,1.0,0.5354111790657043,81.33180614640806,28.888514759260776,-3.087660071819302,19.88065138987693
211.60000000000002,-2.2808422700038644,19.49237104629029,8.088232807261972e-05,-0.0021385479151865843,-0.0001247771524355923,9.42207858868693,1.0535006646728806,-0.04809415868392117,-0.0033369500685529727,-0.001983473801543934,0.007719065501386387,0.11081955298759188,1.0,0.644492506980896,85.60904296666735,23.63397696506625,-3.237190453933687,19.868792281243742
211.70000000000002,-2.3867571531129332,19.497361866036876,-0.00017302384760980836,-0.002283704328565057,0.0005324928180493046,9.43503352704432,1.0635184539071498,-0.05518910877672416,-0.0019278439175188658,-0.0011535007647209218,0.0053104164090706256,0.14158071645891712,1.0,0.7578838467597961,89.68551934478104,17.058136366367,-3.3866753131106613,19.856372518376112
211.8,-2.494117067596739,19.50158566558013,-0.00034796007831949935,-0.0023466473110269714,0.0009770078646177463,9.450817819445097,1.0797943975693896,-0.06297767710301048,-0.0005781673153283594,-0.0005051514969258642,0.0033834955742455767,0.16807468972871384,1.0,0.821532130241394,93.46361316673152,10.430757406882533,-3.5361125472218555,19.84339227592676
211.9,-2.6035834930840083,19.504749441598573,-0.0004397129490725754,-0.00235435699180818,0.0012943863018358326,9.46896768972949,1.102760002638432,-0.0712632087604032,0.0005727457260624295,-0.0001837493916851087,0.0024513971320619357,0.18985179701572105,1.0,1.0,97.06709078176317,3.063238008713723,-3.6855000548086276,19.829851736430122
212.0,-2.7158371646951815,19.506546475935668,-0.00047304385311498326,-0.0023443563560116977,0.0015681855913929595,9.489016943062971,1.1324640730244568,-0.07991446934178247,0.0013249863588158624,-0.00022115627669823666,0.0021826553213682718,0.20697766930247513,1.0,0.8090430498123169,100.11890677352568,-2.096463044351775,-3.8348357351116142,19.81575109029982
212.10000000000002,-2.8313768823651717,19.50666708876641,-0.0004940691039801027,-0.002338490705539337,0.0017979433311008947,9.510477811047785,1.1653372662595514,-0.08877637002361637,0.0015714201015499837,-0.00031071900827652816,0.001345193292895326,0.21885831447914586,1.0,0.21051694452762604,101.01117981979168,5.354817401200878,-3.9841174881002717,19.801090535825942
212.20000000000002,-2.9502628122504326,19.504837666683205,-0.0005324294789620217,-0.002329512846719768,0.001914416733940679,9.532820607610716,1.1989115295759867,-0.09771460684926725,0.0016159716250546939,-0.00036941140617696797,0.00029018516442842453,0.226097237874817,1.0,0.36503806710243225,102.55245783140977,10.321686676752527,-4.133343214502409,19.785870279172315
212.3,-3.0726588938159596,19.500810242160785,-0.0005742047992821353,-0.002349429976876116,0.001976629531203857,9.555786587446672,1.234576739062985,-0.10684441738335435,0.0017851762271088166,-0.0009041068085765902,-3.686926889577529e-05,0.232017539823062,1.0,0.7811551094055176,104.42048111555434,4.757742781785822,-4.2825108158337075,19.770090534373537
212.4,-3.198419130963911,19.494385306336884,-0.0006082271141841553,-0.002420826526216692,0.0019691949906496756,9.579227566314485,1.2667417666662972,-0.1160820201714785,0.0019441098773017485,-0.001304413818375774,-0.0010873016275574489,0.23563851131098162,1.0,0.976253092288971,104.46750040262586,-1.9132424634023606,-4.431618194427232,19.753751523332006
212.5,-3.327084947281297,19.485426958414624,-0.0006188838927575721,-0.0025086215331333954,0.0018598043019531995,9.602892733005008,1.2951395855240997,-0.12531780722441763,0.0021749161434706926,-0.0013121997885900626,-0.0019932370487787715,0.23710646408034106,1.0,0.42006897926330566,104.2372237147027,2.9985962959070864,-4.5806632534629275,19.736853475814797
212.60000000000002,-3.458278549839945,19.473831545235292,-0.0005879644542502398,-0.00258018566234416,0.0016956201425677299,9.626602529192347,1.3204423780881298,-0.134462902114874,0.002426494382158984,-0.0009725845291131224,-0.002341505865651384,0.23677704664234395,1.0,0.04978816211223602,103.44281745031898,11.440833938759862,-4.729643896997109,19.71939662945043
212.70000000000002,-3.591680761413943,19.459516420917684,-0.0005178535533305521,-0.0026000008406741053,0.0015267245467509459,9.650133963584173,1.3433969110887223,-0.14334524669671753,0.002534237303485699,-0.0002788332229269711,-0.002237197358591165,0.23395144902426646,1.0,-0.025545090436935425,102.43138600129569,19.662437768086562,-4.87855802999193,19.701381229725513
212.8,-3.7270790361662645,19.442411085541206,-0.00043049442410872683,-0.002549556085119935,0.001390234240072766,9.673245002439101,1.365593211618643,-0.15184770676450743,0.0024163102724130536,0.0004223599592567582,-0.001707381549152969,0.22903314274254233,1.0,0.014538899064064026,101.82834271492152,26.787787434523146,-5.027403558344851,19.682807529981318
212.9,-3.8644416971079805,19.422444647818857,-0.0003550815971479713,-0.0024939556313581133,0.0013181577993439263,9.69598235927523,1.3882068809575034,-0.1602743093492476,0.0020751938706863563,-0.00020684830921420235,-0.0010663367288162714,0.2275128303567118,1.0,0.9025681018829346,104.45270265095346,18.524894403645863,-5.176178388918081,19.66367579141017
213.0,-4.0034431236062735,19.399624735333646,-0.0003214909906599418,-0.0025349678206044403,0.0012186120211055498,9.718659277246056,1.4046842502141803,-0.16852154144441184,0.0014719371341998344,-0.0006760352634248534,-0.0021693429618225594,0.22478051110940767,1.0,-0.35225701332092285,99.58997017382647,27.938787459798917,-5.324880429568019,19.643986283051852
213.10000000000002,-4.143439936505617,19.37403075325011,-0.00031249128687482725,-0.0025377997511476947,0.001026000385357648,9.740712510390962,1.4188618934077475,-0.1761829318889679,0.0012127916512796554,-0.0001470965637768107,-0.0021747516183807016,0.21830763142016593,1.0,0.30776017904281616,101.02097083672543,31.44050976998565,-5.473507589174666,19.62373928178974
213.20000000000002,-4.2847061738419345,19.345550314154583,-0.00028114587020766076,-0.0025171862478216025,0.0009640768118833835,9.762217232198827,1.4369772964929972,-0.18351120513039537,0.0012990724262420675,0.00019593640092227738,-0.0005803673348280254,0.2122734941960172,1.0,-0.13845470547676086,99.26744950434019,38.50991129545941,-5.622057777671041,19.60293507234696
213.3,-4.427307729290359,19.31410946005925,-0.00024942725243978705,-0.0024318108803330625,0.0010168410696195782,9.782908385569014,1.4558812467144504,-0.19020100259306694,0.0012200164797021744,0.0009579374464896893,0.0003276161356764249,0.20307398263706822,1.0,-0.11534997075796127,97.89400048305556,44.7536742433709,-5.770528906072567,19.58157394728235
213.4,-4.571166573822259,19.279712358540678,-0.0002524404997735696,-0.002250445584135444,0.0010743416727255724,9.802448807183918,1.4722970875082984,-0.19600558168410326,0.0009016765248448627,0.0021985413502275016,-0.00040049969484601885,0.18914902776866263,1.0,-0.4779384732246399,92.30081495589329,52.107347501641456,-5.918918886506481,19.55965620698639
213.5,-4.7152725584366895,19.242766590829564,-0.0002982428366597449,-0.0018601381073917861,0.0008532383706722798,9.81994949382828,1.4717956752130676,-0.20005502555811377,0.0004484837370860242,0.005068626013716091,-0.0046959654012098005,0.1632426904230756,1.0,-0.9530795812606812,77.37432606725716,59.64375574527498,-6.067225632241059,19.537182159676945
213.60000000000002,-4.857502823002887,19.20429610522735,-0.0003069320001370241,-0.0011274823032603985,0.00012073391696425752,9.83406977049098,1.4495158120945382,-0.20153507812895108,0.0006077609525361092,0.008556495304724979,-0.008956716769815213,0.12548768680835073,1.0,-1.0,63.574921932835075,66.49661831369777,-6.215447057715168,19.514152121394936
213.70000000000002,-4.996593549233464,19.16519639712483,-0.00014176190372885893,-0.00015902074214046953,-0.0007867618549196251,9.84406758749399,1.4176192797177485,-0.20030956500812358,0.0015509591137877502,0.01013553686299722,-0.008691499821296054,0.08248404218361308,1.0,-1.0,51.101353552283044,72.69106330690738,-6.363581078567455,19.490566415999886
213.8,-5.132198115409289,19.12605747199633,0.00020120339682512417,0.0008163852202097504,-0.0014705093552673841,9.849575040310105,1.3841458140764193,-0.1963594316852405,0.002088610455805024,0.009324604361344356,-0.005382047715011444,0.03642761831298518,1.0,-1.0,39.82623568279516,78.29035096090318,-6.5116256116656945,19.4664253751654
213.9,-5.264546699068143,19.08722517918246,0.0005736032007415164,0.0016273752312799213,-0.0017863451005659516,9.850291345394535,1.354269428035135,-0.1896854417589659,0.0012963018654664708,0.007264082391429322,-0.0017523928619822783,-0.01284772159329638,1.0,-1.0,29.634422154193743,83.3516635186155,-6.659578575136077,19.441729338374458
214.0,-5.394247644620304,19.048872426009403,0.0008040929108519937,0.002233787335985943,-0.0017816846595905644,9.845910392532849,1.3314625232426696,-0.1803339241912236,-0.0005585983660590084,0.005113814506278,0.0009736764844482425,-0.06435195016815573,1.0,-1.0,20.421829948583344,87.92668919863664,-6.807437888392492,19.416478652914677
214.10000000000002,-5.522166516028805,19.011075444302747,0.0008137698721740038,0.002616937311141267,-0.0015394494022129097,9.836567971861097,1.3178755194880214,-0.16877200376247167,-0.0024558597426727288,0.0026640863436843084,0.002941170867204077,-0.11192245642973198,1.0,-1.0,12.09437626149452,92.06215005670181,-6.955201472165786,19.390673673873394
214.20000000000002,-5.649314981068136,18.973848738927327,0.000634114842427898,0.002729783052312704,-0.0011106993564973214,9.82301040906851,1.3145023543407803,-0.15573956763611255,-0.0035205609090966485,-0.00029031214372135636,0.004531418204622191,-0.14960295935361256,1.0,-0.35011401772499084,16.604078153796618,94.40168562706761,-7.102867248532996,19.364314764132722
214.3,-5.776465394265625,18.9372898675488,0.0003467657801219373,0.002504198142021051,-0.0006184247749505115,9.806610671454182,1.3139572775862565,-0.14238919854221768,-0.003675618967157895,-0.003962669608309751,0.0038876788791650497,-0.1707481141811187,1.0,0.42177850008010864,26.47226815856461,90.03472948396886,-7.250433140946574,19.337402294364374
214.4,-5.903574186941577,18.901754094303328,5.144138495942052e-05,0.0019364889448553841,-0.00028303953849723575,9.789060627865691,1.3133790479988117,-0.1297079777677848,-0.0028353973712161203,-0.006508964662691712,0.0027010191020339328,-0.1779189979433369,1.0,-0.011986881494522095,32.963367695174746,90.60346312901507,-7.397897074263591,19.30993664302453
214.5,-6.031069603248654,18.867259685673172,-0.00014255168111953296,0.0012794622768138694,-8.66051190238865e-06,9.771247345227632,1.3155625722155018,-0.11794570842681644,-0.0013645201565887198,-0.006491508375364958,0.0020022730298391495,-0.1765866617861381,1.0,0.48089563846588135,41.45920580456582,85.65905226218386,-7.545256974774914,19.281918196348443
214.60000000000002,-6.158856308064016,18.8339608922807,-0.00021699820328414037,0.0007077801803689398,0.00013589296589568782,9.754149722040369,1.3163525338768867,-0.10759853566612358,-4.2368102112916957e-05,-0.0049631000131594065,0.0009297259774640031,-0.16661937039694222,1.0,0.3651787042617798,48.7227611038917,82.9085357113163,-7.692510770234372,19.25334734834506
214.70000000000002,-6.2870972567347465,18.801813186701864,-0.00019152969239744395,0.00035166369970762333,0.00021402217691432525,9.738311353465676,1.3195527300759777,-0.09860069585937138,0.0008374033763202152,-0.002586316393343175,0.0005624744572160934,-0.15230728254495235,1.0,0.4355173707008362,55.55372014832255,79.4414184125264,-7.839656389887892,19.224224500791472
214.8,-6.416074382234278,18.77067346654837,-0.00011978152771708831,0.00022355554242525669,0.0002898138089885095,9.724050624498721,1.327230914279519,-0.09081454187910841,0.0011470651829659127,-0.0003672746761093711,0.0010212198494538524,-0.13636865303691856,1.0,0.19760778546333313,60.656139351511214,79.18941756180793,-7.9866917645026225,19.194550063227233
214.9,-6.5460335364158455,18.74038088725744,-6.830845874490526e-05,0.00022574392519535437,0.0003498881748245321,9.711580379270796,1.3321995231241948,-0.08441244679532835,0.0007377045206103807,-0.00022395278162356974,-0.0004567649309142525,-0.11495160059756501,1.0,0.7461466789245605,67.11106872205455,67.4197166654151,-8.13361482639603,19.16432445294864
215.0,-6.675898188507304,18.711172146264744,-7.19914591375583e-05,4.798437797691639e-05,0.00011333848073752969,9.70195274840747,1.325276507111032,-0.08030609923547818,0.00015295485222601126,-0.002955460782679724,-0.0034262781237875154,-0.08287937076890599,1.0,0.6868449449539185,72.84036845911214,57.63522483176922,-8.280423509464981,19.13354809500283
215.10000000000002,-6.8052084876741805,18.68297986243857,-4.734758034405843e-05,-0.00040431392949539325,-0.00021340881317135404,9.695750488407581,1.319863780201063,-0.07846822661907889,0.00034152221255783226,-0.0052523401048367325,-0.0023828442919037202,-0.0486200087538874,1.0,0.3873683214187622,77.176874067059,57.28391253854592,-8.427115749214785,19.102221422181834
215.20000000000002,-6.934747097360972,18.655317627472684,5.21313671852196e-05,-0.0009377754014268375,-0.00021611229035555855,9.69275131973298,1.325318933163692,-0.07839504154834968,0.0007497471749153848,-0.005058330004698194,0.0016411586698345149,-0.018204755997225788,1.0,0.1822008192539215,80.11407423531736,59.31402004007558,-8.573689482788241,19.07034487501648
215.3,-7.065454890611047,18.62766987776557,0.00013676976480108741,-0.0013316012311185173,0.00013697761200534195,9.692554403740742,1.340355717333439,-0.07972062240124735,0.0004374577437944635,-0.003058282704768384,0.004482817438176951,0.008453706243630177,1.0,0.1461842656135559,82.55470113904774,61.49543861443422,-8.720142648994635,19.03791890177017
215.4,-7.19810428354237,18.599582028642995,9.595206160328334e-05,-0.0014911247952686143,0.0006390814910411009,9.694820011344238,1.36317014143987,-0.0821173636655073,-0.00042777928414241396,-0.0006338602830948373,0.00507594092861287,0.03149349909255006,1.0,0.05796512961387634,84.17862547457811,64.24942443803823,-8.866473188338732,19.004943958432634
215.5,-7.3333132886818335,18.5706349405679,-8.97589599058128e-05,-0.001421089552177641,0.001120190681740632,9.699059539763143,1.3922411347770312,-0.08510895238188489,-0.0009965519426127808,0.0014602019917814785,0.004451038629317972,0.04872343503466513,1.0,-0.06381112337112427,84.70420241586352,67.67324782596309,-9.012679043049731,18.971420508713457
215.60000000000002,-7.471562618617349,18.540460749963213,-0.0003487548207558997,-0.0011996653330478928,0.001530435096513572,9.70468036717087,1.4264350415453921,-0.08838500918183739,-0.000681036254870266,0.0023379951185022135,0.0037956794410433825,0.06089653310334235,1.0,0.11513935029506683,86.50829427208663,69.33724400473284,-9.158758157110213,18.937349024035612
215.70000000000002,-7.613193440230003,18.5087648844316,-0.0005900153944152688,-0.0009614904972975956,0.0018748979130840061,9.711231947637469,1.4631890485815002,-0.09169597683613963,0.00037544134363105017,0.002288291169242596,0.0029810445433342604,0.06712822278015024,1.0,-0.31875982880592346,84.25253449081106,73.72454784222174,-9.304708476285041,18.90272998352878
215.8,-7.758184418430248,18.47539290306218,-0.0007594578018884875,-0.0007630322921490549,0.0021031470806835125,9.718094953984098,1.4991409802951097,-0.09494877992256547,0.0016891471415374825,0.001136077885468023,0.0016792047004522699,0.07076362660207589,1.0,0.46069955825805664,87.7553523052329,70.74391332518462,-9.450527948150258,18.867563874022657
215.9,-7.9064603451642945,18.440294870313018,-0.0008359022038808417,-0.000805079402297844,0.0022145583284433144,9.725697791623139,1.535248117499518,-0.09888173075357456,0.0029081675232070217,-0.001752739740286315,0.0007804343596613509,0.0797824097593979,1.0,0.2973414957523346,90.27538111939579,70.25421150136704,-9.596214522121944,18.831851190040062
216.0,-8.058152957480866,18.40330244503844,-0.0008307978611100022,-0.0010847273862082821,0.0022861342012031835,9.734182791330223,1.573630619290502,-0.10335456152778785,0.0037536606684206767,-0.0034667833309727568,0.0006072666568567376,0.08751620322530836,1.0,-0.005183175206184387,90.68938264384121,72.67167982985555,-9.741766149485054,18.79559243379004
216.10000000000002,-8.213005810612948,18.364328163484117,-0.0007969558146749173,-0.0013140465329441854,0.002235430160124033,9.742808651130842,1.6031738056370632,-0.10738939407052615,0.0038021151321065865,-0.001021451037831432,-0.002216801911758631,0.08225092479629101,1.0,-0.6544339656829834,79.27656365495243,77.80193280456442,-9.887180783422224,18.758788115160748
216.20000000000002,-8.369603717480647,18.32374695229665,-0.0007494682312840688,-0.0011269208395320494,0.0018316256194880706,9.750138639219056,1.6219834888410558,-0.1102382444545868,0.003737320109305841,0.003063247393704281,-0.0045636116550004475,0.06869957632251986,1.0,0.2672058641910553,82.46666794183643,76.97439682753871,-10.032456379042564,18.721438751712313
216.3,-8.52805727966978,18.281629061467452,-0.0006187840281474795,-0.000725122683201654,0.001479273885123237,9.756484244685911,1.645422621655385,-0.11256876182384913,0.004057699089596377,0.004272705468188751,-0.002652325120355593,0.05954461241386175,1.0,-0.22637531161308289,81.62937907753812,80.176129573267,-10.177590893410404,18.683544868669543
216.4,-8.688735799936882,18.23790667299432,-0.00044409928475408326,-0.0003241463246760871,0.0013704193737744759,9.761887418693464,1.6724031215805382,-0.11421289583613188,0.003925178916455579,0.003315080846418794,-0.00018420153340603955,0.05113988544319631,1.0,0.1562729924917221,83.98580301230615,80.25775170214062,-10.322582285574027,18.645106998914535
216.5,-8.851964237389028,18.19253937473127,-0.0003288910514615992,-0.00014976768741033252,0.0014429592811712195,9.766739129341932,1.7025227933899203,-0.11568273038258922,0.003105961007738824,0.0004928672872636092,0.001137109128973926,0.04713972660240843,1.0,0.09464162588119507,85.7242845000398,80.8949898466003,-10.467428516594367,18.60612568297921
216.60000000000002,-9.01797740311993,18.145485902380408,-0.0003353137901013884,-0.00027405959327395736,0.0015699017129273364,9.771410999332925,1.7342933800682807,-0.11732805230481566,0.0020964682309548353,-0.0025027641246879494,0.0011896039492228921,0.04727546926239093,1.0,0.2962772846221924,88.43449472167117,79.44225835080171,-10.61212754957369,18.56660146903768
216.70000000000002,-9.186854842696865,18.096728996291045,-0.0004409092816923699,-0.0006404038013913076,0.0016743040343517313,9.776348004492036,1.7669937939770834,-0.11949039090604381,0.0015779708596509738,-0.004247919079417024,0.0009871369799966151,0.050714660713473324,1.0,0.08083540946245193,89.65235628128148,80.27789974888499,-10.756677349684233,18.52653491289854
216.8,-9.358720254754827,18.046180016117933,-0.0005724546633950997,-0.0010514668045604205,0.0017841638289727937,9.781661504057523,1.8009681971572995,-0.12214649883052316,0.001790531136296826,-0.003997351587500853,0.0010986394722845157,0.05514209889485375,1.0,0.2324896603822708,91.66840589980207,79.58680724982217,-10.901075884196809,18.48592657799709
216.9,-9.533438221906332,17.993836288815526,-0.0006787708599894503,-0.0014065006451819977,0.0018564894312852014,9.787726290502814,1.8307682180673897,-0.12574376812467547,0.002316563882958339,-0.0036166578327748227,1.805579400713679e-05,0.06578318853482766,1.0,0.5760456323623657,94.79333147068758,73.35610696688538,-11.045321122509407,18.44477703538736
217.0,-9.71039387271461,17.939815569524757,-0.0007291313605580027,-0.0017511624401761196,0.0017897942599761076,9.795234834027402,1.856002397056218,-0.13058534440743713,0.0029654298197392586,-0.003372494248477697,-0.000982597501927428,0.08079476544124006,1.0,0.17241105437278748,95.98099745043301,73.93777773112532,-11.189411036175741,18.403086863734124
217.10000000000002,-9.889572455513711,17.883893901059007,-0.0006963067842105327,-0.0019998890774734486,0.001735416240025792,9.804037379854455,1.8832780319567766,-0.13613682143366718,0.003617629873819349,-0.0020716845723550616,-0.00044743275522636267,0.0924390067787255,1.0,0.17354774475097656,97.0612168094394,74.45250546366897,-11.333343598933773,18.36085664930473
217.20000000000002,-10.071047476125134,17.825816057785445,-0.0006192946017705625,-0.002097770096791722,0.001744839657029139,9.813827270711267,1.911755579946591,-0.14214858808274178,0.003815492993560685,-0.0005540763834601587,5.8326826148945035e-05,0.10114844007804667,1.0,0.14755788445472717,97.88199543383679,75.16651771760905,-11.477116786734214,18.318086985960868
217.3,-10.254712623217296,17.76541186401828,-0.0005622228903182702,-0.002022080827770643,0.0017411045886008595,9.824117614324669,1.9377829522281405,-0.14799968591179305,0.0034648803351167248,0.0015729231805827882,-0.0007413982116748816,0.10214380486192037,1.0,-0.4048183858394623,93.42351698536744,79.34590528098587,-11.620728577768977,18.274778475150228
217.4,-10.439563160745067,17.702931581951223,-0.0005551898862608275,-0.0016089203639027942,0.0014601091051034676,9.833476938529076,1.9461240305552505,-0.1520874675430007,0.0026996395496903685,0.006021500314464667,-0.0052583941776973096,0.08446570470777238,1.0,-1.0,78.08211937552863,84.30580102069031,-11.764176952499621,18.23093172589803
217.5,-10.623262693966767,17.639424653979084,-0.0005203501462314665,-0.0006609814173932907,0.0006203788025327512,9.839831760084353,1.929679324236033,-0.15276174737096326,0.0023419268575133184,0.011517137786509372,-0.010120308031138834,0.04777446045378056,1.0,-1.0,64.21471102401753,88.78915392976887,-11.907459893685735,18.18654735479847
217.60000000000002,-10.804340382182644,17.575890393970226,-0.00029774433544926007,0.0007083669703598305,-0.00043864483861322343,9.84182778592957,1.9009419166970591,-0.14930666301151627,0.0027876835359221834,0.014705357611752531,-0.010297621086760082,0.0002319707599130194,1.0,-1.0,51.67967221736863,92.84174986367876,-12.050575386413325,18.14162598600602
217.70000000000002,-10.982257067888481,17.513084989702463,0.00012757321098419655,0.002200039194117286,-0.0012959667917058118,9.83859826867731,1.8678513626817743,-0.1412872104210328,0.0028739924559301753,0.014522493237221799,-0.007293008776916543,-0.054508951069587724,1.0,-1.0,40.34898995134363,96.50497560936702,-12.19352141812313,18.096168251226686
217.8,-11.156662035145695,17.45177129838093,0.0005857061978125336,0.003437714140667699,-0.0019143002699725524,9.829969309115786,1.8246981652120497,-0.12925000599328773,0.0013135153400441726,0.010068574751392091,-0.006698748065942868,-0.10588471032072042,-1.0,-1.0,23.888904050609504,93.59819498572665,-12.336295978638933,18.05017478970914
217.9,-11.32621746423522,17.39312930418544,0.0009061174398598405,0.00400662031744529,-0.0026438884053432304,9.817004117312562,1.7656774273852414,-0.11487088166093272,-0.0013408826995183654,0.0020307753090731554,-0.008327070297549751,-0.14344308597185526,-1.0,-1.0,9.01029008782146,90.97069552828283,-12.478897060195834,18.003646248235654
218.0,-11.49038718032365,17.337815841835532,0.0011094214194547136,0.003758095525739372,-0.0033300551693031615,9.801184751934525,1.70595519711427,-0.09983732927077621,-0.00332654245561206,-0.006019486016604279,-0.006192894034245319,-0.1660547386916974,1.0,0.17134302854537964,18.43364950263388,89.87034434541259,-12.621322657468472,17.956583281113076
218.10000000000002,-11.649859095731205,17.28580333850361,0.00125684999531412,0.0029089544080894273,-0.003579072731206686,9.78385845300621,1.6555512934025127,-0.08537330529045181,-0.004424752736976071,-0.010490411041658567,-0.0008996806176280422,-0.1768070094380123,1.0,0.1394195258617401,26.75873294773716,89.17919018484409,-12.763570767599234,17.90898655016362
218.20000000000002,-11.805427651240816,17.236901428794837,0.0013101906714609328,0.001894068741115712,-0.0033785594357140783,9.766041077256654,1.611243785229935,-0.072178453041085,-0.005427952540303927,-0.010501093171401936,0.0026634440826035955,-0.177527277841323,1.0,0.4484083354473114,35.74435960572366,84.91066946372503,-12.905639390226408,17.860856724715518
218.3,-11.957188400880097,17.191091355552818,0.0012098839784466043,0.0010334133705126882,-0.0030773185627543513,9.748843274169158,1.5646729015957994,-0.06094201006311968,-0.006432748311557827,-0.008158224464116542,0.002270249203417933,-0.16658549021205762,1.0,0.5931477546691895,44.28472799354674,76.47262795534385,-13.04752652751234,17.812194481593657
218.4,-12.104305816015465,17.148548256820703,0.000993151568262106,0.00039018615216517894,-0.0030478057401977583,9.733542410614813,1.5044734152209143,-0.05240486636407363,-0.0068749220249379565,-0.006341644335211712,-0.0017421774715494476,-0.14172104174347688,0.15288448333740234,1.0,51.600163674186014,58.69979635839727,-13.189230184171494,17.76300050511002
218.5,-12.245234517238329,17.109512609212306,0.0008108190986872723,-0.00016524755705722542,-0.0034006963593311615,9.721435250885131,1.4330725588402102,-0.047029583435715144,-0.0059497313807262316,-0.00570499587585013,-0.0039301381411440146,-0.10669081196257366,1.0,1.0,59.225848159664864,46.69462615853716,-13.330748367498533,17.71327548705409
218.60000000000002,-12.380013062033903,17.07357639690524,0.0008244400927745001,-0.0006531817511886934,-0.0036131730606781235,9.712946802761724,1.37048879191889,-0.04434844606730328,-0.003979510759882295,-0.004666464610889681,-0.00016180097671282946,-0.0708267134244294,1.0,0.544756293296814,65.38578436723617,44.63629884599739,-13.472079087396338,17.66302012668313
218.70000000000002,-12.509796178013392,17.04000365524031,0.0009824606184932944,-0.0010289833662947446,-0.003346787740554457,9.708003152430873,1.32020794942461,-0.04398358048709019,-0.002920119979145648,-0.0036154679404789536,0.004128048301788475,-0.03447928812959042,1.0,0.8171505928039551,71.49265744459149,35.40186967784393,-13.613220356403993,17.612235130712293
218.8,-12.63545717222195,17.00821484292622,0.0010823320163865567,-0.0013590401634001933,-0.0028074861881883244,9.706850156225736,1.2812490231015818,-0.04584720518882317,-0.0034135582766760954,-0.0030787592683804116,0.006205383671530035,0.0032842685189555885,1.0,0.2536858320236206,75.36301116283462,38.79603194364161,-13.75417018972472,17.560921213304766
218.9,-12.758272078111265,16.97752012355647,0.001003471671960274,-0.0016554243345563236,-0.0021405766962124886,9.709431767007352,1.2550367896910721,-0.04961212609872025,-0.004543244529152595,-0.002978317772851314,0.006511384051468346,0.04154001876471158,1.0,0.7037944793701172,80.3312790514702,31.491134968007568,-13.894926605253817,17.509079096061654
219.0,-12.879082135760735,16.947380892002318,0.000748196512841978,-0.0019860718481664154,-0.0015154344915451596,9.715948529657332,1.2384432703822508,-0.05519137388159946,-0.005147930005067679,-0.0031979484592782113,0.006052308337236716,0.08031234583508857,1.0,0.4778375029563904,84.26636363348989,32.27963844192088,-14.035487623606508,17.456709508011897
219.10000000000002,-12.998935698307985,16.917148576093407,0.0004253170337759683,-0.0022492922706018777,-0.0008789678672830777,9.72588755512914,1.2333648409157771,-0.06172939596592204,-0.004623119390630779,-0.0017060327938035972,0.006204518279289029,0.11026096140323143,1.0,-0.07661914825439453,84.67473089631103,38.8639484070685,-14.175851268145792,17.40381318560194
219.20000000000002,-13.118694395611824,16.886228908933134,0.00012726817696668988,-0.00224973168917168,-0.00022962928505172235,9.738056353945035,1.237509490386191,-0.06840675707042719,-0.0033447434842856115,0.0012983756231198418,0.006198846318093199,0.12798118406467507,1.0,-0.021575123071670532,85.49814200945394,44.421211453916946,-14.316015565010225,17.35039087268546
219.3,-13.239168110562042,16.854116094598137,-0.00010567814754369171,-0.0019867995673244682,0.00040278183428803477,9.75156173684355,1.2506667140982928,-0.07507943216190485,-0.0018640783445412446,0.0031525916795694217,0.005868384037882213,0.13965100021260504,1.0,0.37249764800071716,88.55996068176744,45.53746041121157,-14.455978543141697,17.296443320512843
219.4,-13.36095810146407,16.820434123808774,-0.00028256485738279536,-0.001711093727909433,0.0009276306818600112,9.766292256151843,1.2678078429766517,-0.08213681149242602,-0.0006942473623179778,0.0018618741443986444,0.004029035415083142,0.15319168658527235,1.0,0.6779560446739197,92.211226725517,38.00851340338805,-14.595738234313133,17.24197128772066
219.5,-13.484048993605668,16.785006066688755,-0.0004176276493322949,-0.0016524929361876072,0.001201693462438778,9.782360245400682,1.2850958643467727,-0.0894763174693919,0.00021895536494703012,-0.00023970486580098422,0.001591537864863457,0.163900890709588,1.0,-0.1964065134525299,90.74437247684529,44.78991101952065,-14.735292673156179,17.186975540320965
219.60000000000002,-13.60864995669045,16.74753912851488,-0.00048631604360864326,-0.001706151900223565,0.0013331800023967718,9.798983312711384,1.3071307918593837,-0.0966594663706992,0.0011700656654194377,-0.0011100086607605682,0.0009661159271165494,0.1679408848811963,1.0,0.37543433904647827,93.31384348374307,45.83210370428466,-14.874639897188837,17.131456851690558
219.70000000000002,-13.735130128491775,16.707750229129896,-0.000491816287163998,-0.0017946662363440273,0.0014487122971722107,9.815827205517113,1.3315144147254305,-0.10369596634820427,0.0018022755038482542,-0.0007175333797666509,0.0005510551755042643,0.1670425486558155,1.0,-0.39605242013931274,89.41611489759187,52.796883659018604,-15.01377794684307,17.07541600256009
219.8,-13.86339635992214,16.665550271477965,-0.00047387834916552246,-0.0017587301309768945,0.0014963901795035314,9.83218331979918,1.3564730150387838,-0.11030018279885277,0.002056183998113135,0.000419990448167556,0.00018271715474373214,0.16211362791690778,1.0,0.3707656264305115,92.09455995549246,53.13108612686105,-15.152704865492343,17.01885378100306
219.9,-13.993811874210916,16.620744411269317,-0.00045108391055605007,-0.0016890829095326683,0.0015798020454903168,9.848258958207882,1.38670307440641,-0.11688409228779341,0.0021433014222752822,0.0004733187772856156,0.0008494144580716469,0.1594945897399841,1.0,-0.004666224122047424,92.33778632720885,57.18977693158703,-15.291418699479154,16.961770982424788
220.0,-14.126699365116284,16.573112589415985,-0.0004526594492362502,-0.001649817148198282,0.0017157900548908994,9.864100466100302,1.419739416797767,-0.12347273017663785,0.002009639341643714,-0.00035783587281010466,0.0011137622779894506,0.15872769711785772,1.0,0.5157707929611206,95.23473691896432,54.79163216285488,-15.429917498142496,16.90416840955119
220.10000000000002,-14.262145433567163,16.522539297448926,-0.0004959409748755898,-0.0017646797713768152,0.0018415521489170525,9.880200807079511,1.4541219259760279,-0.13049860109177763,0.0018441944798336613,-0.002130394153462769,0.0009333917644711591,0.1627662513488392,1.0,0.4003068804740906,97.46906177772543,54.53624665907623,-15.568199313845298,16.84604687241749
220.20000000000002,-14.400241053896385,16.4688313600756,-0.0005650996352490274,-0.0019876356867741785,0.0019545265669064444,9.89661280154104,1.4898744644257451,-0.13763065937230592,0.0018743419069203022,-0.0024112248316034857,0.0007074214233500414,0.16378837227056509,1.0,-0.16049274802207947,95.84892343446799,59.52112252422598,-15.706262202001806,16.787407188356852
220.3,-14.540968225667589,16.411831445835926,-0.000634901272603267,-0.0021264714512167974,0.0020487866206197014,9.912831592921474,1.5265392737016523,-0.1446085700808428,0.002156757739285039,-0.00132363718477271,0.0006164433875879476,0.16166882218854514,1.0,0.3384794294834137,97.77530912634403,59.61903280870079,-15.844104221104928,16.728250181988862
220.4,-14.684418988273318,16.35138592814227,-0.00068578087517271,-0.002173433767864936,0.002154889600209988,9.928941577250107,1.5650971871112664,-0.15162194804192852,0.0025814557231783725,-0.0004003639590419348,0.0007837149351488208,0.16027592431778717,1.0,0.029996763914823532,97.73489555796813,62.78248936163564,-15.981723432753546,16.668576685207952
220.5,-14.830666536407197,16.287319445092155,-0.0007204441524818156,-0.0021198969850065195,0.002272275735333492,9.94475720890539,1.605202023871988,-0.15837789999748472,0.0029587778142769676,0.000521381273994553,0.0008371057259529845,0.15657348924187034,1.0,0.05711624026298523,97.8943139908724,65.41990302795011,-16.119117901679758,16.60838753717168
220.60000000000002,-14.979159384443035,16.21981439361682,-0.000763065395534111,-0.0019063377257403525,0.0021981027342581746,9.959663737529223,1.6299820812793433,-0.16397455115481246,0.0028294232523479743,0.0032952369874402177,-0.003489497007932915,0.14041924840332073,1.0,-1.0,82.12336576707574,71.71779796788763,-16.256285695776114,16.54768358428896
220.70000000000002,-15.12742281644422,16.15028522455091,-0.0007792906408804375,-0.0012457623420722346,0.001459145952819802,9.971693347252927,1.6258363151612232,-0.1667830703136212,0.002801590298069992,0.008414587983567081,-0.009879629878991136,0.10520880370473652,1.0,-1.0,67.86767768232991,77.41059618015863,-16.393224886122766,16.486465680208127
220.8,-15.273816750420552,16.080014637250155,-0.0006044202015307574,-0.0001626481259046141,0.00035280009806533635,9.979616332525623,1.606959689799964,-0.166387106996185,0.0036451623707336174,0.01192037977535505,-0.011224381409152424,0.06105003733758826,1.0,-1.0,54.981664749834195,82.55643487621627,-16.52993354701461,16.424734685804935
220.9,-15.417708430352462,16.009857533183247,-0.00019109841900197012,0.0010784554702380723,-0.0006199477937534785,9.982786536185838,1.582338535691101,-0.16252151691506395,0.004254322681362723,0.012333921255473161,-0.008385763558696642,0.011487340440826202,1.0,-1.0,43.33372967231756,87.20786549056098,-16.666409755988354,16.36249146917048
221.0,-15.559083789038377,15.940348883754373,0.00031190761655344257,0.002212641779531248,-0.0012244477203357214,9.980703483897106,1.5577756131393845,-0.15501245339903755,0.003394792230523396,0.010409384954478825,-0.004592244115530451,-0.04285753709846739,1.0,-1.0,32.804918915974056,91.41239035773933,-16.802651593849557,16.299736905598984
221.10000000000002,-15.698345753955453,15.871807661763693,0.0006921581051928285,0.003058661527445718,-0.0014767725925294093,9.973150598273017,1.537246013472225,-0.144138893914703,0.0011056007592824975,0.006782428286311532,-0.0016107593951167503,-0.09669066469963465,1.0,-1.0,23.28770790774362,95.21294782584461,-16.938657144699622,16.236471877575454
221.20000000000002,-15.836183962283679,15.80440165430613,0.0008262631378233299,0.0034801506281951443,-0.0014604858170171534,9.960611654645154,1.5233561500584136,-0.13067783989638043,-0.001510399432977076,0.00214600781909818,0.0005961722201817917,-0.14327463528864207,1.0,-1.0,14.684902949870235,98.6483507606985,-17.07442449596273,16.172697274763294
221.3,-15.973444571917305,15.738171331544338,0.0007254087307664147,0.003452943164989182,-0.0012256940869062635,9.944036956304782,1.5174525253745041,-0.11553720941797714,-0.003304482614210194,-0.002125091279603013,0.0025167896481335036,-0.1791714639989272,1.0,-0.6248157024383545,11.310910919889874,101.21878035120965,-17.209951738412737,16.108413993991817
221.4,-16.11087874505999,15.673160400660084,0.00047926412878582583,0.0030693311375323907,-0.0008478350454565923,9.924656419266126,1.5160930457394792,-0.09981528395677829,-0.00388563055663429,-0.0051940404326251965,0.003261035483797325,-0.20133729917325915,1.0,0.07909552752971649,19.926856385187644,99.97712312784863,-17.345236966200037,16.043622939243605
221.5,-16.248852254866833,15.609547727765548,0.0001963374900764218,0.0024850483459835115,-0.00045813642524165747,9.903842304311446,1.5178888032320985,-0.08441318191943495,-0.0032964946719011923,-0.0060770407847848765,0.003450597848178186,-0.21188330565573732,1.0,-0.2270279824733734,25.091525868178444,100.97224869735162,-17.48027827687834,15.97832502164178
221.60000000000002,-16.38701033711919,15.547763591528899,-4.971799100247974e-05,0.001876218532424179,-0.0003216173098062539,9.882799626989392,1.4997187269496959,-0.0703761143322271,-0.0026004351717289764,-0.006680056770102648,-0.0027081497338145672,-0.20524550486498486,-0.29902076721191406,0.4908435344696045,29.32207209913033,81.57903830360891,-17.61507377143144,15.912521159437254
221.70000000000002,-16.522236191150323,15.489451294689662,-0.00017596806678050214,0.001152463522688492,-0.0010371969797684474,9.86357049556822,1.452861406826145,-0.05908558472707053,-0.0013319592917351631,-0.007376274023218249,-0.008979514079628662,-0.18370254479127796,1.0,0.5207163691520691,38.2878424457419,76.733110818213,-17.749621554299914,15.846212277995733
221.8,-16.653808828878464,15.434708673219475,8.406584175312982e-06,0.0004946707165612855,-0.0018786904484803747,9.846665538483347,1.4031373700158403,-0.05024496842055302,0.0006809689562056969,-0.006459368782462558,-0.008124296372641896,-0.15792288614542932,1.0,0.8907686471939087,47.08880931446241,63.76442303910245,-17.883919733407787,15.779399309784779
221.9,-16.780889817290525,15.3836212096492,0.0004294108283281436,-6.849006226566206e-05,-0.002573081904277646,9.8328045673812,1.3456465864363047,-0.04421511652760743,0.001397026025535385,-0.005568765333413419,-0.006088096402433048,-0.12511896817426338,1.0,0.8663156032562256,55.0161447624958,52.24345657681703,-18.017966420189126,15.712083194360659
222.0,-16.903351642028507,15.335876727881335,0.0008905986987724017,-0.0005071719292594087,-0.0029570847796367198,9.822281334747593,1.2949447128344724,-0.04052374827679246,0.0005156778795767584,-0.0038401557445426936,-0.001807074808250595,-0.09289564380828583,1.0,0.35371267795562744,60.93004892459043,52.85023497166016,-18.15175972961461,15.64426487835513
222.10000000000002,-17.0221806336078,15.290688350595135,0.0011963468139182347,-0.0007577932452791354,-0.002894346606406141,9.814852226425568,1.254521769513507,-0.03874458061322894,-0.001717516984009641,-0.0023025292398329007,0.0016872329738727905,-0.06083632481042113,1.0,0.9610685110092163,67.626087159801,41.65958995384982,-18.285297780218023,15.575945315462157
222.20000000000002,-17.13782339926487,15.247583061539114,0.001221575379054237,-0.00096342227243449,-0.002618847572446005,9.810886279699652,1.2218372753734912,-0.039020023213453874,-0.004135142272363931,-0.0020605112236386676,0.003769518995326731,-0.026005472268567524,1.0,0.3420911431312561,72.27953660511123,43.42894317886128,-18.418578694122736,15.507125466424455
222.3,-17.25150083403402,15.205756735434907,0.0010196827746044197,-0.0011540493153820491,-0.0020675371352103953,9.810236940742097,1.2051158757872942,-0.0408328880178999,-0.005389412592260259,-0.0018474769999418743,0.006663710247249896,0.006252936217802954,1.0,0.25920945405960083,76.10212423160252,45.991772222937726,-18.55160059706809,15.437806299020018
222.4,-17.364482770651023,15.164416754667375,0.0006872170628580607,-0.001333817575348949,-0.0012671924778430604,9.812684102031607,1.2021318451752967,-0.04395000073922065,-0.005423152043428828,-0.0016629198711795182,0.008649161813673294,0.0361581923938276,1.0,0.17965500056743622,79.12786674707445,49.131842029448045,-18.684361618435773,15.3679887880485
222.5,-17.477747542808167,15.122888591922145,0.0003046747982711054,-0.0014449612718512538,-0.0003865277374993566,9.817725972349434,1.2083837846298369,-0.047756969264514906,-0.0046151573621758726,-0.0003799314497589296,0.008408155054925561,0.058098623491531366,1.0,-0.34291407465934753,77.28707883427789,55.56570504715802,-18.816859891276103,15.297673915317489
222.60000000000002,-17.591799997979635,15.080705890112316,-6.097792405196394e-05,-0.0013814409874269415,0.0003578995513313796,9.824441583015453,1.22024745227294,-0.05185656546081156,-0.0032108803889979733,0.0009813184371075783,0.006589626626491545,0.07373648257431799,1.0,0.498331218957901,81.57826256755364,53.66959277448711,-18.9490935523343,15.226862669628737
222.70000000000002,-17.707182835159916,15.037473521313029,-0.0003417329476770752,-0.001303804562303272,0.0009305996251400424,9.83285903554313,1.239184768128291,-0.05667145801311846,-0.00140391585577781,0.00040550222989834946,0.005087524491996873,0.09098979644003696,1.0,0.33050060272216797,84.84125639747614,54.427451844142524,-19.08106074207669,15.155556046764211
222.8,-17.824519835880732,14.992731114722194,-0.0005093318302052349,-0.0013286846721794652,0.0013912620691553061,9.842936087044757,1.2652597205088836,-0.0621127335804502,0.00031077344734797656,-0.0009305727119694864,0.004074259796852807,0.10720755295946711,1.0,0.38843926787376404,88.02887141894938,54.3698502057098,-19.212759604716844,15.083755049472124
222.9,-17.944138331854624,14.946136628536774,-0.0005938037498121014,-0.001508866536218717,0.0017076779272399134,9.854695542789917,1.2925640436446948,-0.06843882528755094,0.0014115853147365768,-0.0027962255327382756,0.0019838177786881536,0.1252393557045525,1.0,0.6193374395370483,91.6072484084037,47.35487620448294,-19.34418828824167,15.01146068745281
223.0,-18.065853747179656,14.89755905658836,-0.0006294741055010711,-0.0018391374842523052,0.0018016655216722185,9.868298417220783,1.3199860399425474,-0.07562579080583494,0.002086994011847114,-0.0036345443613691256,0.00024583670513646206,0.14198828872210933,1.0,0.1037490963935852,92.67383532244948,51.07298558253598,-19.475344944437474,14.938673977344557
223.10000000000002,-18.189914341525284,14.846606229348058,-0.0006166641668424745,-0.0020733833120645724,0.0018401327135829713,9.882985147158308,1.3514173664714224,-0.08286139706468748,0.0025736432885848405,-0.0015459508573185403,1.7128693818073363e-05,0.14849060254579285,1.0,-0.22754040360450745,90.84367676489734,56.76950820623185,-19.60622772891594,14.865395942709263
223.20000000000002,-18.316375555329476,14.793018915277203,-0.000583191679123476,-0.0019881254494721894,0.0018636505333481381,9.897697518188362,1.3836657870744908,-0.08958923927965781,0.002731200143197623,0.002018481911870325,-0.00012335305279213843,0.1451735965031935,1.0,-0.25864893198013306,88.85705585041559,62.07947545156024,-19.73683480114007,14.79162761401809
223.3,-18.445168601542896,14.736712701354174,-0.0005588815125096359,-0.0016504862704880634,0.0018498759227734253,9.911993904086108,1.4145021102203732,-0.09608051896119474,0.00262119584214024,0.0031290349992012375,-0.0007341657654126369,0.14320534047399205,1.0,0.5908647775650024,92.28885225861973,56.559858222061045,-19.867164324450062,14.717370028636942
223.4,-18.57605471540775,14.677753322261147,-0.0005501189931632855,-0.0014124051002688085,0.0017696905108498082,9.926465649526689,1.4441111807339948,-0.10272146785743422,0.0025123267774718326,0.001489829118998344,-0.0009900396699600803,0.14468236376692697,1.0,-0.14927959442138672,91.27294480347227,61.28250092594267,-19.99721446608914,14.64262423081189
223.5,-18.708958003808856,14.61605629149909,-0.0005412427931835907,-0.001373068608534656,0.0016866707652109772,9.940996292122607,1.4717163719884339,-0.10943903892028993,0.002444554507467587,-0.001129689381262571,-0.0013291639201828236,0.14741181810188672,1.0,0.625569224357605,94.55368505520259,53.40902992045341,-20.12698339722933,14.567391271654486
223.60000000000002,-18.843465206373697,14.55177259379841,-0.0005251683585724269,-0.0016529116903897644,0.001558388392298542,9.956236303143372,1.4970181695755136,-0.116851289558665,0.002444910225626875,-0.004011432749652021,-0.0012534200276486161,0.15528971635948904,1.0,0.2446480095386505,96.16217825945233,55.17042068164702,-20.25646929299718,14.491672209126975
223.70000000000002,-18.979735505606527,14.484632897480282,-0.00048609379820361285,-0.0020461249674520055,0.0015376403859403422,9.971966059589167,1.5259230848702101,-0.12435143313288645,0.0025162739151656874,-0.00376154485711751,-4.283186169634016e-05,0.15736769737270614,1.0,-0.1587613821029663,94.68415362576502,60.08398029443313,-20.38567033249942,14.415468108027426
223.8,-19.11781033503433,14.414442027181309,-0.0004555952868465333,-0.0022228481129545306,0.0016000981836897367,9.987400683815695,1.5552711124084175,-0.1313770919099252,0.0023534372612699075,-0.0005854593864798273,0.00037608221144043924,0.1513751909494728,1.0,-0.2524133324623108,92.39630075895457,65.04401656588634,-20.514584698848548,14.338780039974765
223.9,-19.257673004025346,14.341133670379202,-0.0004608214026443375,-0.0020681725044954828,0.0016730904742085352,10.002067046954853,1.5857511298476228,-0.1379107361934758,0.0021395207245651885,0.0021831046060965253,0.0004945487946080547,0.14439778327151978,1.0,0.2875482738018036,94.42437678778016,65.21420209324131,-20.64321057918842,14.261609083393665
224.0,-19.399504441367935,14.264572123231439,-0.0004982244976186301,-0.0017883652048762601,0.0017716452591885201,10.016265819891313,1.6190537695074245,-0.1442140101819956,0.002087722898946593,0.0026146803284848785,0.0008582513666737713,0.14014507015297684,1.0,-0.007759386673569679,94.41971769178592,68.13557002497431,-20.771546164719705,14.183956323499451
224.10000000000002,-19.543205417653596,14.184771339547968,-0.0005630228274611764,-0.0016097932645050164,0.001815241342898214,10.030274437861948,1.6468493854453141,-0.1506483729556479,0.002006159906586547,0.00019065422419874058,-0.0008164037818452663,0.14234749223621834,1.0,0.7437320947647095,97.62668672630663,57.45835228646374,-20.89958965072536,14.10582285228277
224.20000000000002,-19.68795793780001,14.102225847320716,-0.0006217249112545035,-0.0018014952059203894,0.0016384494710309032,10.045062577016076,1.668016987107513,-0.15779893147159155,0.0022002933870424934,-0.0034116998662311565,-0.0022181925859719826,0.15074154847669788,1.0,0.12622849643230438,98.26018940501034,60.0030607959614,-21.02733923659596,14.027209768494274
224.3,-19.833814675153086,14.016696809393352,-0.0005989264477355579,-0.0021975386563837782,0.0015226164359011427,10.060411037850344,1.6935437663272201,-0.16512332123877363,0.0028124403106387884,-0.004417682316022114,-0.0007965446252699541,0.15508097850476582,1.0,0.24349501729011536,99.50661745040112,61.14323339846496,-21.15479312585507,13.948118177629155
224.4,-19.980964119490217,13.927877130674903,-0.000519422437389354,-0.002566306661970628,0.0015715886566264902,10.076102339719526,1.7219341929813259,-0.1726448150814319,0.00306708289175848,-0.003386940133738789,0.0006085181421455845,0.15797103164359813,1.0,0.2363092601299286,100.59593625375493,62.250271508701225,-21.281949526184466,13.868549191911612
224.5,-20.12935587756019,13.835632929017033,-0.00046614074460577236,-0.002711546208944017,0.001655607679279355,10.091780024007603,1.7480515241571462,-0.17980642759570103,0.002652920464580835,-0.00016581122194216623,-0.0001342726731425738,0.1540633784831348,1.0,-0.4273897707462311,95.55123958231007,67.75288155761581,-21.408806649449367,13.788503930279191
224.60000000000002,-20.27846442229889,13.740234346228291,-0.00047404069682213895,-0.0024343182473683784,0.001569618328613657,10.106405413984133,1.7686961072269918,-0.18568742733521057,0.0021445020890285414,0.004233118033651023,-0.0018450334047633915,0.1402902491853766,1.0,-0.3537318706512451,91.99679760710576,72.44312999361759,-21.53536271172356,13.707983518367072
224.70000000000002,-20.427644003692127,13.64222348137841,-0.0004971499494102557,-0.0017472966084320536,0.0012445480096594061,10.119069432404945,1.77512001639504,-0.18948300467491608,0.0018450451940243964,0.00846548819418164,-0.005342750815141921,0.11480938131209756,1.0,-1.0,76.79247805832033,78.06623888280103,-21.66161593331452,13.626989088492216
224.8,-20.575164705995697,13.543213044196877,-0.00045688905382969746,-0.0006605971733094957,0.00046313558536810646,10.128232552709513,1.7585919551415914,-0.18994035206856932,0.0019514753701203535,0.012030729373410858,-0.009240967724319631,0.07485959870477829,1.0,-1.0,63.04897741698037,83.14908395040487,-21.78756453878838,13.545521779637461
224.9,-20.7200225155101,13.444521708873172,-0.0002371149901899834,0.0006189754991288802,-0.00048544701157485264,10.132915378106391,1.7312209110877148,-0.1867262891841516,0.0025599234288228427,0.012906534701910534,-0.0091369912768673,0.027335118553264325,1.0,-1.0,50.625941366439065,87.74357331392429,-21.913206756994967,13.463582737435488
225.0,-20.861997491116004,13.346954970086308,0.0001511011870248379,0.0018346372954646346,-0.001237423139347595,10.132496610882173,1.7007496337460273,-0.1796361829783587,0.0026480718034865252,0.011422229022576691,-0.0062683550370900105,-0.025933180410363497,1.0,-1.0,39.39650072095864,91.89662780028587,-22.03854082109265,13.38117311415273
225.10000000000002,-21.001361689774885,13.250964864792309,0.0005573996283605709,0.002816654673740893,-0.0016534272928108236,10.12656304149799,1.6722305928319092,-0.16875809766524694,0.0014694389953605984,0.008403710196098663,-0.0030518258735122584,-0.08130512382272023,1.0,-1.0,29.24597578507767,95.65066012075164,-22.16356496857322,13.298294068673158
225.20000000000002,-21.138716828340478,13.156765701700152,0.0008162750909094682,0.0034260520668915324,-0.0017681030174014258,10.115377549032628,1.6489951690654694,-0.1548207996023868,-0.0006567898838893693,0.004118049384682805,-0.0005601940293493672,-0.13108485536680325,1.0,-1.0,20.07070519709787,99.04400800708002,-22.28827744128666,13.214946766481987
225.3,-21.27485168531444,13.064388495946808,0.0008548482777332259,0.0035600481262696273,-0.0016522197322881033,10.09994593444897,1.6328845944984898,-0.1390662544669508,-0.002739245783195249,-0.0011196495824287943,0.0013385796667182907,-0.16717991159345177,1.0,-0.0497497022151947,26.872985892155913,99.02521114814947,-22.412676485465887,13.131132379649273
225.4,-21.410572751690385,12.973761833712766,0.0007065129424784063,0.0031725423162008498,-0.0013657777444497858,10.081962006675045,1.6236060079143921,-0.12301816363682158,-0.003954895720319656,-0.005916826596944677,0.0027826356528129225,-0.1863985373528682,1.0,0.01001144852489233,33.495273248764086,98.56093883033807,-22.53676035175138,13.046852086813459
225.5,-21.546331738418992,12.884928112200742,0.00045601485317548634,0.002424004012314272,-0.001041437606161937,10.062964428348863,1.6135664944436994,-0.10785055826706055,-0.004192968957273588,-0.008724884268909454,0.002102706101040042,-0.18982528307282057,1.0,0.5279398560523987,42.08070723676178,91.92465485811985,-22.660527295215825,12.962107073164766
225.60000000000002,-21.681830773162993,12.798326854151554,0.0002089557867549886,0.0015354848940274913,-0.0008836178162877075,10.044454871204731,1.5998305488529032,-0.09448204411525626,-0.003413212268502149,-0.0087781616713653,0.0009338434707382942,-0.1812993938752373,1.0,0.3107580542564392,49.050790511863774,89.2434120513102,-22.783975575388613,12.876898530428555
225.70000000000002,-21.81725691934601,12.713819331087276,7.841214164526693e-05,0.0008375796597198586,-0.0007328340241024602,10.027033826210081,1.5906496305426927,-0.08275852993068647,-0.0018943059681368441,-0.005731425015183625,0.0016796846294872972,-0.1691539012383622,1.0,0.28950196504592896,55.252726648278795,87.06627755007969,-22.90710345628034,12.791227656848548
225.8,-21.95292377413087,12.63109857417321,6.442475694855465e-05,0.0005046906806803421,-0.0005103661884604262,10.011009110098557,1.5849369170905987,-0.07257900841909147,-0.0006968909948858668,-0.002018523455190787,0.002219286106455217,-0.15369621177614656,1.0,0.4295095205307007,61.435173164269955,83.28998312769974,-23.029909206407208,12.705095657170006
225.9,-22.08903072475094,12.549892323082135,9.111011705440217e-05,0.0004772870200697178,-0.0002760746650020669,9.996659765105125,1.5836944997006341,-0.06377096189045256,-0.00021884979140951563,0.0006773638990401625,0.0024290206448431845,-0.13710751952849012,1.0,0.1281275749206543,65.55795650123106,83.33541140699927,-23.152391098815386,12.61850374262275
226.0,-22.22597666005406,12.469761257994978,9.239627313050443e-05,0.0006093482428332373,-3.660462260961103e-05,9.983966062843827,1.5865447660926204,-0.05615216074646967,-0.00031704170326892807,0.0012481928388965724,0.0019644841546494506,-0.1192550753752569,1.0,0.5183629989624023,71.03541820221605,78.37084880520639,-23.27454741110527,12.53145313090414
226.10000000000002,-22.36342430050386,12.39076659340105,2.9693645390983323e-05,0.0005793965317757561,-9.88652934532916e-07,9.973592612675713,1.5805549850954348,-0.050585582544085655,-0.0007829229242793848,-0.0018700687066363407,-0.0013295282242646025,-0.09138363355989404,1.0,0.9075400829315186,76.70816518034304,65.11355300505528,-23.396376425455742,12.443945046161986
226.20000000000002,-22.50014698462998,12.313447938843224,-4.1257320352745594e-05,8.880840638661523e-05,-0.0003458173489619002,9.966729554115151,1.561932458141298,-0.04806891250054516,-0.0008071033820289112,-0.00693265178992321,-0.004499095968518918,-0.05241386426074433,1.0,0.8283904790878296,81.74223792249488,53.80342430512988,-23.517876428648286,12.355980718977271
226.3,-22.635379449256096,12.237921684592601,5.981981382237982e-07,-0.0008508037123215167,-0.0008145908824369208,9.964209914034525,1.5386499631769117,-0.04906250047664049,-0.0001202364817860251,-0.010785050230399969,-0.004436500496964406,-0.006053731369621965,1.0,1.0,86.47189593140098,42.26869363071845,-23.63904571209112,12.267561386346912
226.4,-22.76878087256352,12.163973773845672,0.00017936008232534033,-0.002036216757638161,-0.0011410079565408813,9.966746591557625,1.515148083693,-0.05384020560554675,0.0004151233055377655,-0.012121404278783696,-0.002411913635819594,0.04691929746507915,1.0,1.0,90.7471321674029,31.842210688631067,-23.759882571843185,12.178688291666305
226.5,-22.900355698080645,12.091094158828529,0.00040294665394512803,-0.0031555247687437933,-0.0012212200850399077,9.97463205859931,1.495627721302013,-0.061872130292204765,8.574898679877718e-05,-0.009905603054200187,-0.00010787228797614002,0.09941609922184969,1.0,0.7736136317253113,94.354501422085,24.294718780346315,-23.880385308638136,12.089362684711887
226.60000000000002,-23.030412463811928,12.01851226631671,0.0005487998434577401,-0.0038463133748150406,-0.00106637511447453,9.987252207366828,1.4840792060412733,-0.07192607575587352,-0.00099967158246705,-0.004288586961120803,0.0019149665838400034,0.14220396041347427,1.0,0.45699140429496765,96.87443444015788,26.123501925825842,-24.00055222790822,11.999585821623533
226.70000000000002,-23.15876895964317,11.94577364311995,0.0005256262824809502,-0.0038407965578494533,-0.0009574175249200947,10.003114669966962,1.4602635668641586,-0.0823281955587823,-0.0027462832757122234,0.0034661374042916334,-0.0021618636798481083,0.16616971548486925,-1.0,0.5663420557975769,85.77780693453515,11.706014631025646,-24.12038163980811,11.909358964886895
226.8,-23.283273041927277,11.87386233974247,0.000384302731161038,-0.003132851844579323,-0.001418808136255693,10.02039384048472,1.4205934582727544,-0.09197688078117794,-0.003360907334322978,0.008900013484902887,-0.005604950446268191,0.17752786956762215,1.0,1.0,90.1197306883058,4.215969534886122,-24.239871859238686,11.818683383315665
226.9,-23.404558475966837,11.802222866157972,0.00036750534667723305,-0.002289973738380139,-0.0016623120038905775,10.03890476963948,1.3969870856780553,-0.1013620221851802,-0.0020423744190394364,0.007839195622522794,-0.0006509452182558567,0.19016286015656664,1.0,1.0,94.044485867459,-2.5544379964842494,-24.3590212058707,11.72756035203371
227.0,-23.523624909403125,11.730025395332177,0.00046642516079946654,-0.0018076521898234487,-0.0013895373471150608,10.058581147250331,1.3830010940684045,-0.11047765743277609,-0.001219194198091783,0.003163834167029399,0.003697922073735223,0.20045876416099606,1.0,0.07486876845359802,94.68243915034165,6.210580058695853,-24.47782800416843,11.635991152457162
227.10000000000002,-23.64088845340576,11.656828957334094,0.0005095977141139616,-0.0018142953755623753,-0.0009070683476467684,10.079087159761842,1.3751579370044602,-0.11945634561372583,-0.0016887600213306756,-0.001743277268380842,0.004764460910282248,0.20830231142300018,1.0,0.831384003162384,97.99348739203221,0.5315739883920667,-24.596290583413236,11.543977072276373
227.20000000000002,-23.75696641017807,11.582074766377715,0.0004097453703440696,-0.002209365438639358,-0.0004010944137665141,10.1003765096993,1.3756785788611325,-0.12862854773232654,-0.0025384036323621247,-0.004765098291036383,0.004379408968483162,0.21566641742658962,1.0,0.35231447219848633,99.77234095739533,6.1244754326790805,-24.71440727772704,11.451519405437836
227.3,-23.87229738312129,11.505303444212608,0.00019302682811943344,-0.0027084105202321495,3.506392502911869e-05,10.12226798247985,1.3818605651368854,-0.13792601589829614,-0.0028499557965755225,-0.0046704675478118195,0.0034941489618081846,0.22079982583617302,1.0,0.30676746368408203,101.18128543997426,11.733737224876728,-24.832176426095785,11.35861945212596
227.4,-23.987230790637316,11.426103025366332,-4.826649886053679e-05,-0.0030574964716525137,0.0004202501337908809,10.144604983465658,1.3934975397884262,-0.14732663578607516,-0.0022545608296060783,-0.002685182244394132,0.0031026652162244096,0.22527725754559755,1.0,0.6028432846069336,103.45774061865082,9.490310097856494,-24.94959637239276,11.265278518744815
227.5,-24.102037580303858,11.34409136726262,-0.00024040044279559413,-0.003172076464953668,0.0007813484530502623,10.167371733222668,1.4088997520502582,-0.1567110499411769,-0.0011403068093391788,-0.00029711687051835775,0.002675599684976329,0.22876449394408388,1.0,0.16373363137245178,103.76163574463091,16.292021038759337,-25.066665465401904,11.171497917899735
227.60000000000002,-24.216770116594354,11.259023974098772,-0.0003634718536639631,-0.0030538695057593795,0.0010709451010857407,10.190277575539472,1.4260583203829418,-0.16573689813126263,-2.0936242456825603e-05,0.0016973616275908579,0.0018072757222714804,0.22884178265699284,1.0,0.09803849458694458,103.6226894852087,23.045157956292712,-25.183382058841026,11.07727896837887
227.70000000000002,-24.331363040690555,11.170777434875493,-0.0004278546991616778,-0.0027852839111648,0.0012364922903808613,10.212943728573999,1.4424469259512607,-0.1741334291674667,0.0008006166766332609,0.0028460064300162955,0.0002791995275137508,0.2243057932421878,1.0,-0.21344944834709167,100.88652774130576,31.35865939716567,-25.299744511384958,10.982622995134655
227.8,-24.44560411039215,11.079426152120854,-0.000444768487502344,-0.002462321169468033,0.0012504291408507845,10.23491282186462,1.4586345663444718,-0.18178323849129271,0.0014092045023710237,0.0027626377310381515,-0.0006308578491673722,0.21677346397080619,1.0,0.07877728343009949,100.89394126071316,36.831841743848294,-25.415751186688624,10.887531329265148
227.9,-24.559574551950007,10.98483196308407,-0.00041729746150807764,-0.0022222474631270685,0.0012334343125988529,10.256070911200075,1.476201819457256,-0.18876176489912108,0.001780807412050206,0.0017742216717496855,-0.000805354904146918,0.20734926351785554,1.0,-0.2760081887245178,97.74989035623685,44.14309956803087,-25.53140045341006,10.792005307995328
228.0,-24.672712411530135,10.887560746915183,-0.0003854013196426451,-0.0019839356527252125,0.0010060970445191384,10.275668043329322,1.4771013726833044,-0.1942140264960597,0.0014579488825856263,0.0029904146534876132,-0.004958835433703036,0.18549611348731448,1.0,-1.0,81.99281824017922,52.48525283104043,-25.646690685233366,10.696046274658308
228.10000000000002,-24.783262117873168,10.789726133181782,-0.0003320259072976553,-0.0014623261352495148,0.00018759344798653364,10.292121638557104,1.451442701799013,-0.1971553128540548,0.0012007909294026345,0.0065545006220897135,-0.010332794553404056,0.14941741132988828,1.0,-1.0,67.74967305779734,60.02589865556775,-25.761620260891554,10.599655578676401
228.20000000000002,-24.890275949920955,10.69293127057249,-0.00012514420913681767,-0.0006348589402413496,-0.0008911643342560048,10.304592830876024,1.4137742452339055,-0.19747044586111914,0.001759006282215094,0.009200508309270921,-0.01061681531448621,0.10776094354359339,1.0,-1.0,54.874997915600616,66.84204523766108,-25.876187564189365,10.502834575542185
228.3,-24.993608376792437,10.597996513864318,0.0002605558977559336,0.0003142159250809546,-0.0017504592997070142,10.312728566679713,1.3732698656021431,-0.19513358603194694,0.0021284464958577585,0.009533358390001651,-0.006987265192415239,0.0634649018359839,1.0,-1.0,43.23731130252501,73.00330188725249,-25.990390984025975,10.405584626799424
228.4,-25.093574085657927,10.505197983903127,0.0006832892273708778,0.0011778799171743273,-0.002185822615055731,10.316300556066363,1.3357955740019558,-0.19019156474013982,0.0012421767471515062,0.007986891160440063,-0.0026322161201377745,0.016879287452851943,1.0,-1.0,32.71776434632501,78.57258990724043,-26.104228914417682,10.307907100023911
228.5,-25.190771238351395,10.414433398776115,0.0009582327116085281,0.0018568966139013016,-0.002234343274869372,10.315031966777243,1.305298498443645,-0.18264943276635698,-0.0007850353487634731,0.005964783093066483,0.0007532285484199741,-0.032807232914645476,1.0,-1.0,23.2089270797017,83.60678517187662,-26.217699754520467,10.209803368804266
228.60000000000002,-25.28599329657475,10.32535147039885,0.0009901850974247557,0.0023453626571229946,-0.0019959086850677775,10.308748822930198,1.284351438486256,-0.1727084366137346,-0.0029204678680067797,0.0039017948349566187,0.0031521719945896303,-0.08240149647777366,1.0,-1.0,14.613691321014018,88.15729896673335,-26.330801908652504,10.111274812722584
228.70000000000002,-25.38016258851886,10.237462656380588,0.0008055647890165055,0.0026097134357479816,-0.0015404458268942658,10.297840173811254,1.2742015941082647,-0.16093794802350775,-0.0041871229809091436,0.0014122492149775648,0.00496783610088417,-0.12572199141060447,1.0,-0.6896253824234009,9.856563686568908,91.86980684091849,-26.44353378631662,10.012322817335072
228.8,-25.473992609259962,10.150525592767684,0.0004913610328322433,0.0025603849411074994,-0.001026389173031264,10.283410454143695,1.26553805243862,-0.1484486342522594,-0.004476041862247234,-0.0024259900123800417,0.003900006894650688,-0.15342254740114025,1.0,0.5123898386955261,20.66835958459379,86.20929621523568,-26.55589380222264,9.912948774152525
228.9,-25.56740786985397,10.065153302898661,0.00016166246237188785,0.0020706436744437674,-0.0007497001094596856,10.267399893912813,1.2528431079654259,-0.13661321706635446,-0.003646413478940063,-0.006497397758155072,0.0017309387616609836,-0.1631097572248795,1.0,0.2759307622909546,29.532215961713046,84.47700045379506,-26.667880376309697,9.81315408062079
229.0,-25.660605697783335,9.981395887622291,-4.13935177575299e-05,0.001315723717254595,-0.0005923758726696114,10.251075367807594,1.2414773083078146,-0.12590572084944948,-0.001945926779885134,-0.008127235473563902,0.0009416589620760518,-0.1617250616292133,1.0,0.521499514579773,38.48004840343829,79.33579508764768,-26.779491933768433,9.712940140101104
229.10000000000002,-25.753659920826237,9.89930084969246,-7.941349954271064e-05,0.0005592148005069634,-0.0004917122267365893,10.235418447752718,1.2317988275795382,-0.11666334734299454,-0.0003218860265892555,-0.00690102922752399,0.0010601801735417539,-0.1527608498426313,1.0,0.30992528796195984,45.7922996871738,77.87388949415661,-26.89072690506316,9.61230836185035
229.20000000000002,-25.84700264284251,9.818398086799625,5.905805357610067e-07,8.029207564065197e-05,-0.00030802972929324415,10.220777818750797,1.2303376215931505,-0.10856528546425122,0.0006059683874002754,-0.003289890324597183,0.002331194528593045,-0.1421332878724763,1.0,0.20007716119289398,51.84642086449398,77.74764522444691,-27.00158372595393,9.511260161001257
229.3,-25.94122487040219,9.7380167084861,8.936758128947286e-05,-8.541066866730435e-06,-8.332300305363897e-06,10.2072199455112,1.2377870558758763,-0.10129112070080049,0.000558211866581328,0.0005459061537803318,0.003342917692758132,-0.13117048890666036,1.0,0.17994515597820282,57.20431288667708,77.83378838084928,-27.112060837518527,9.409796958542472
229.4,-26.03689354694458,9.657517799897697,9.230956010655742e-05,0.00019214693278919704,0.00035052509786681114,10.19477864398554,1.2533612277699584,-0.09463376163050165,-6.785946687026578e-05,0.0027117572018932716,0.0036690113864146575,-0.11986407799365184,1.0,0.17042647302150726,61.9918365421388,78.004511675655,-27.22215668617439,9.307920181298623
229.5,-26.134382243059996,9.576476042832002,-1.8836074023919587e-05,0.00043606004139097804,0.000668871115152032,10.183649770349493,1.2711968322733407,-0.08881307413032817,-0.000705520978161892,0.0018206992609237928,0.0024408007835233763,-0.10429138769634175,1.0,0.5749128460884094,67.96519890384658,71.97412385688973,-27.331869723700457,9.205631261910199
229.60000000000002,-26.23360457920885,9.49491602122944,-0.0001946766586668684,0.0004344395768845212,0.0008341017173005193,10.174448421204207,1.289359392901282,-0.08428251078974976,-0.0006701435955188446,-0.0011170976022312745,0.0014394028743115097,-0.08393563915878047,1.0,0.2906918227672577,72.35547491895016,71.44261920756014,-27.441198407258952,9.102931638813448
229.70000000000002,-26.334848479887114,9.412414942110793,-0.0003366793457834927,0.0002162895773963446,0.001021470704902384,10.167045803169229,1.3134329046470057,-0.08054334848459932,0.00014480791106368117,-0.0022883938614976606,0.002192234791074325,-0.06905665286207742,1.0,-0.3505115509033203,71.07033405563467,75.76492733219929,-27.55014119941706,8.999822756220127
229.8,-26.43812628795541,9.328821157396023,-0.0004245258559510691,-2.4130535970160663e-05,0.0011852025618212215,10.16094486712957,1.3326158896738687,-0.07765496945479604,0.0008134904013278411,-0.0028015962036431925,0.0005288261240637477,-0.05319347059856613,1.0,0.776006817817688,76.57188112480567,63.97043723863614,-27.658696568168565,8.896306064097196
229.9,-26.542719498547413,9.244745690187763,-0.00046578798852941463,-0.00041832464397233523,0.0010914437130485541,10.157184780722636,1.345442024893527,-0.07670584982856914,0.001393053998533247,-0.004470854750798175,-0.00128340057981028,-0.02706504409733399,1.0,0.4077017307281494,80.62697325439707,62.729548416724,-27.766862986955378,8.792383018146438
230.0,-26.64880874810356,9.15980846023903,-0.0004199364713265423,-0.0008719229332035323,0.0010356638038198542,10.155964517249659,1.3654665932481123,-0.07715840713081211,0.0021170119243942897,-0.004164093715140289,0.00019256988949034582,-0.0032848092225209874,1.0,-0.0712919533252716,81.43048342910919,66.35151201855811,-27.874638934689017,8.688055079783972
230.10000000000002,-26.756791342162398,9.073378161690854,-0.00033139728655253413,-0.0011775409106716576,0.0011700915049042639,10.156847158424599,1.3919004864509337,-0.07863785203318431,0.00230784286771039,-0.0023663108842115806,0.001957245095517235,0.01713639214371342,1.0,0.30344855785369873,84.58647529731425,66.21298667268955,-27.982022895772005,8.583323716119708
230.20000000000002,-26.866913434930268,8.984997956276185,-0.00029340726401277316,-0.0013400504586145857,0.0014007831008399213,10.15989077478251,1.4218683870680981,-0.08136762928050299,0.0018272968747680641,-0.001378230450499278,0.002250653984202623,0.03970509176474974,1.0,0.4320082366466522,87.959375880293,64.40288191829906,-28.089013360119143,8.478190399936729
230.3,-26.979030840464745,8.89453487592169,-0.00035469795319732853,-0.0015105092195110922,0.0015270441587780764,10.165492076121799,1.447293716271502,-0.0857280990225559,0.001089461652519213,-0.0024475001500438983,-4.304486320238425e-06,0.06829832618772856,1.0,0.7550048828125,91.80542760474698,53.94467646987936,-28.1956088231788,8.37265660967055
230.4,-27.092320978589193,8.802409548261393,-0.00046695216657261467,-0.0018916697320673014,0.001362216907511784,10.174398335306927,1.4635076482662108,-0.09214400387235062,0.000881649085152966,-0.004922725251820407,-0.0027242782952244075,0.10316669855091365,1.0,0.6797664761543274,95.14841511217084,45.57607939689162,-28.301807785954026,8.266723829388365
230.5,-27.2062609151779,8.708637688945261,-0.0005063382516368003,-0.002446078649233183,0.0011083946154905812,10.186708392351143,1.479134054370503,-0.10020534241145579,0.0015842404547484622,-0.005824466577485257,-0.00233468752908723,0.13535191412302286,1.0,0.5138904452323914,97.769834758321,44.33268237197343,-28.407608755023666,8.160393548768148
230.60000000000002,-27.320856327606563,8.61267648738724,-0.0004278033151228095,-0.0029004032122710824,0.0010493188076312633,10.201649327042588,1.4994199423603436,-0.10905110474756821,0.0023656296624586575,-0.0034756281260816977,-6.99931317442349e-05,0.1568057785322641,1.0,0.023878365755081177,97.68463200694383,49.013802101975976,-28.51301024256333,8.053667263077724
230.70000000000002,-27.436099075704867,8.514035467382582,-0.00031699277664341775,-0.0029504306714780476,0.0011601907372824237,10.217863178510362,1.521096970986673,-0.11766375938692014,0.002320268960533177,0.0014055964199598454,0.0007191653857397512,0.16362127571146745,1.0,-0.3051699101924896,94.5155577468506,55.29227112322819,-28.618010766366332,7.94654647315372
230.8,-27.55181680195619,8.412546643379113,-0.00026992204233811307,-0.0025334416255748432,0.0012596633483696073,10.234156479659568,1.5438485799747168,-0.1256247638005188,0.0017293498547198227,0.005164831529226779,0.0005351582968273716,0.16259053293143488,1.0,0.20306925475597382,95.90506618680831,57.30543109013426,-28.722608849864546,7.839032685380481
230.9,-27.66818525534472,8.307863009678941,-0.0002995115485362841,-0.001991322671326153,0.001367487882792171,10.250451803239223,1.5708436779477,-0.13336669038672366,0.0012720193271647025,0.004649350190472483,0.0008103452060852631,0.16373954838838606,1.0,0.41175419092178345,98.11761078023662,56.64738040255415,-28.826803022149143,7.731127411668879
231.0,-27.78527184932044,8.199753843528617,-0.000383219947744281,-0.001720667957511082,0.0014782118984210729,10.26710822063522,1.598652002941627,-0.14130022866345213,0.0011128883287140768,0.0007001519904297098,0.0006782369528900267,0.16910745740834332,1.0,0.5567243099212646,100.57296413063753,53.30125230265216,-28.930591817991285,7.622832169435046
231.10000000000002,-27.90286940966964,8.088225334861967,-0.0004831132132137974,-0.0018488077599082932,0.001532967105792377,10.284239264304055,1.6239564672952034,-0.1492660348000118,0.0012612485793218105,-0.002462724827302703,-0.00011575950210638316,0.17087690174321055,1.0,-0.31168824434280396,97.04982631310197,59.19748984187476,-29.03397377786275,7.514148481579035
231.20000000000002,-28.02064711451409,7.9734126227168565,-0.0005520472515775763,-0.002056010295406923,0.0015077895851796249,10.300850939510472,1.6464738425145422,-0.156463233523152,0.001719312665472292,-0.0018175613549536206,-0.0008022887875528564,0.16192049545666687,1.0,-0.3135947585105896,93.84264968842616,64.53583687321789,-29.136947447956434,7.405077876463423
231.3,-28.138511050138412,7.855390528525644,-0.0005563972170795701,-0.002090838508946879,0.0014749134018267255,10.316347411674391,1.6700646916534334,-0.16296003071738202,0.0023525097069292296,0.00014264438155990697,-0.0003239626938649315,0.1509358017174188,1.0,0.11713266372680664,94.78158306437444,66.48327520274614,-29.239511380206785,7.295621887891794
231.4,-28.2566725493918,7.733971828548804,-0.0005110761696676414,-0.001970847308927406,0.0015313000912157446,10.330884999458318,1.6968873402046507,-0.1689279606532904,0.0027418289859788437,0.0015254368672458884,0.000560583740426876,0.14134702844751726,1.0,-0.14396607875823975,93.57610959616181,70.21990075351918,-29.341664132310214,7.185782055087184
231.5,-28.375233974039705,7.609048698540396,-0.00047489763802361317,-0.0017361328457234447,0.0016252794386972971,10.344341273570496,1.7250130666332506,-0.17407739705336664,0.002667224359898297,0.002450742531565875,0.000678821255504228,0.1298323875429013,1.0,-0.15991482138633728,92.3355313140655,73.69444044601802,-29.443404267745308,7.075559922670433
231.60000000000002,-28.494286985354766,7.480560699643584,-0.0004828577212852408,-0.001479584434374318,0.0017051327161112188,10.356683714439045,1.7548446319559075,-0.17855369311935795,0.0024324977687382033,0.002014398272100068,0.0005755296644555649,0.11991858509644963,1.0,0.16058209538459778,93.68921713037867,74.35769372689346,-29.544730355793103,6.96495704063846
231.70000000000002,-28.613975190663012,7.348397348151067,-0.0005291719374468706,-0.001352366992400119,0.0017826986804607519,10.368257618755948,1.7867053554399055,-0.18266682025685482,0.002339120070634327,0.0004490483317915622,0.0006491119283443755,0.11290259851555416,1.0,-0.026200788095593452,93.6096643972493,76.5391597744538,-29.64564097155715,6.85397496434247
231.8,-28.73438463332183,7.212460428370897,-0.0005924943913715082,-0.0013619304916705811,0.001869274641020722,10.379111950427877,1.8198946354799221,-0.186352669653141,0.0024678569358789417,-0.0006883277269885228,0.0007626688269344118,0.10561754320249965,1.0,-0.025225192308425903,93.54554889592818,78.5037936115148,-29.746134695983578,6.7426152544660845
231.9,-28.855574820440058,7.072699429028232,-0.0006536347915882093,-0.0014490272135417313,0.001961988198373875,10.389295262436299,1.8539070775797202,-0.1897608335687015,0.002760251273334572,-0.0012998199570008946,0.0007793119552540302,0.09980315067738843,1.0,0.14889800548553467,94.71230567180508,78.8159411502609,-29.846210115881043,6.630879477003386
232.0,-28.97721129230899,6.929601064845707,-0.0007129258297172644,-0.0014728282502777658,0.0018804941000283913,10.398567087776891,1.8732068347239574,-0.19216317168375685,0.0027322733570850034,0.001045792585802596,-0.003188857131114336,0.08436264703818473,1.0,-1.0,79.24708227188017,83.82675542136998,-29.945865823940604,6.518769203236904
232.10000000000002,-29.097818765189835,6.785387071746242,-0.0007257430861958857,-0.000986423693759245,0.0011926595468424756,10.404983323018659,1.8655569435914436,-0.1915621151538221,0.0027886328569422234,0.007423582537503441,-0.009079533317358227,0.048773532876943276,1.0,-1.0,65.26774521353005,88.35613464992771,-30.04510041875551,6.406286009715522
232.20000000000002,-29.21656994190301,6.6418306528585225,-0.0005393349505080403,0.00012145648645336987,0.00016455282523222922,10.407122798229778,1.8441693860691413,-0.18716949383522344,0.0035525212168068462,0.013157510283541405,-0.010440876079375046,0.0019338293363166566,1.0,-1.0,52.631531721010425,92.45033473121498,-30.143912504840902,6.293431478232282
232.3,-29.33332596537657,6.499959845180032,-0.0001214841482429675,0.0016125061775024549,-0.0007516821176473391,10.40410310374945,1.8174301265745314,-0.17844005666297227,0.00399001093794522,0.015475905079668196,-0.008058545990422392,-0.05217714430971381,1.0,-1.0,41.209395552317176,96.15116733095078,-30.24230069265345,6.180207195802186
232.4,-29.448124832359724,6.360684351066918,0.0003665541156974916,0.003032647571281563,-0.0014612506561191676,10.395735117905316,1.779806143357872,-0.16581907232095203,0.002707987677126419,0.012358547402685344,-0.00758020971656943,-0.10312641210513081,-1.0,-1.0,24.666642567012687,93.27838032478621,-30.34026359861089,6.066614754639833
232.5,-29.56066193176588,6.225416079009766,0.0007504739801034824,0.003842442174877978,-0.0021588991147199273,10.383004592293982,1.7365804410764967,-0.15080323544679647,0.0003802634437277172,0.004560977390333316,-0.00634943141662902,-0.1419069515868178,1.0,-0.5474940538406372,24.652745792209828,96.17400158782347,-30.437799845111464,5.952655752137058
232.60000000000002,-29.671783682219992,6.093676598450626,0.0010022050100328074,0.0038243443451803404,-0.002440964815493412,10.36713054704209,1.7063907916744792,-0.13472723370105943,-0.001743104812272622,-0.0038398256532003565,-0.0014409439488479773,-0.16787370761027665,1.0,-0.014730356633663177,31.297124803418974,96.17360664289471,-30.53490806055331,5.838331790840456
232.70000000000002,-29.782292554476456,5.964910056967216,0.0010688355340772164,0.003100513029981499,-0.002289976339441703,10.349544145562538,1.6832153085366015,-0.11903470228066147,-0.003734994017333905,-0.009717622176870968,0.0020273171017318294,-0.17926552991614328,1.0,0.25164103507995605,39.01905461393313,93.75099936713528,-30.63158687935376,5.723644478428845
232.8,-29.892020629246307,5.839680755646189,0.0009145362742845235,0.0020133895815363898,-0.002217878287441252,10.33170545777003,1.6395819474670066,-0.104976894278019,-0.0057289001884514995,-0.011884557920838174,-0.0028665016239611467,-0.17553165120636388,-0.42391300201416016,0.07520762085914612,30.295933832210387,77.96902101666196,-30.727834941968503,5.608595427690666
232.9,-29.998745855395722,5.720896243316705,0.0006665199687859753,0.00088642548951435,-0.0029720514960540597,10.315136625308066,1.5617545532653718,-0.09374418141078518,-0.006205580425539039,-0.011289688530210644,-0.009975103191551893,-0.15717418562078564,1.0,1.0,39.96851174569592,64.11247906535398,-30.823650894910763,5.493186256501307
233.0,-30.1014012583247,5.609557702362931,0.0006593382197434981,-5.780454057551529e-05,-0.00392923219736209,10.301048962529864,1.4787035681357235,-0.08576257436540315,-0.00419636207578927,-0.008757472354298353,-0.008392829145108987,-0.12931390314158547,1.0,0.7831100225448608,48.46898449423978,53.35890958491664,-30.919033390770263,5.377418587800328
233.10000000000002,-30.19980708276665,5.50534483177444,0.000970414936593132,-0.0006770831400133757,-0.0044257581016568185,10.289990566232378,1.4001005663344164,-0.08068902933147393,-0.0022103363909445352,-0.005226880940751533,-0.0024701087195025057,-0.0977872748464266,1.0,0.7008099555969238,56.01570818686393,44.70063779001069,-31.01398108823224,5.2612940495686615
233.20000000000002,-30.294121077851013,5.407494024235402,0.0013686521863918632,-0.0009399095878993124,-0.004384249574830456,10.282015800472577,1.328649211602855,-0.07776729409036603,-0.002372013470689113,-0.0013607382880415995,0.0019675716655635908,-0.06902552518007506,0.23906326293945312,0.026528537273406982,55.49665018835363,44.429150993318785,-31.108492652096253,5.144814274805718
233.3,-30.384506228957086,5.315281203602844,0.0015779565926516373,-0.0008809562529215048,-0.004097587889202995,10.276661829100023,1.2634764277318327,-0.07635831138666704,-0.0043704384404708975,0.0009373926272897511,0.003283762609184377,-0.04214806524956413,1.0,0.8869025707244873,62.63990274093201,34.59524948170092,-31.202566753295,5.02798090150641
233.4,-30.471416183048973,5.227800632000644,0.0015123735710675249,-0.0008118010248130296,-0.003686871377588845,10.274290014649342,1.2116272141381426,-0.07667821837178655,-0.006249070015673587,0.0001794664921743593,0.005041384924278099,-0.011666748519916708,1.0,0.3269941210746765,67.70713748175498,37.22830021089214,-31.29620206891298,4.910795572638122
233.5,-30.555837365158034,5.143545390917741,0.0012533624979401668,-0.0009026020596603207,-0.003006321131135792,10.27492664712381,1.1780378183021993,-0.07840282934074548,-0.006920343112739933,-0.0017068717870567767,0.007926783842296536,0.01858315483564617,1.0,0.4494542181491852,72.7620195927793,37.934709458185125,-31.389397282205106,4.793259936117607
233.60000000000002,-30.638664584384404,5.061167824338937,0.0008931328667968019,-0.0012072439369704218,-0.002098760941206039,10.278662697032853,1.158555989593192,-0.0815848723589645,-0.0065746954110401604,-0.0037145789094273334,0.009493757671821408,0.050056463220950594,1.0,0.5600769519805908,77.66234949721974,36.284405316442104,-31.482151082615243,4.675375644787824
233.70000000000002,-30.720572485698046,4.979565685821815,0.0005035645134384389,-0.0016366420100813294,-0.0011345247374951349,10.285461344246182,1.1512332511662582,-0.08595549587560518,-0.005511094084433609,-0.0041246795993555,0.009459956460873943,0.07900274178876289,1.0,0.15659549832344055,80.4018675336621,40.58003948391638,-31.574462165794582,4.557144356394673
233.8,-30.802203954633704,4.897632221004364,0.00014490752363201514,-0.0019679287330438343,-0.0002214759707019314,10.294782231100369,1.1558639165070674,-0.09103145634428218,-0.003995396965651048,-0.002520578803218339,0.008516997977508397,0.10223760790883732,1.0,0.3833730220794678,83.9963229829917,41.92114889914754,-31.666329233620047,4.438567733563694
233.9,-30.884089211409552,4.814409716901007,-0.0001496555484429433,-0.002100812134499055,0.0005586504660545588,10.306233996280685,1.170028208019921,-0.09670236560264556,-0.002367361822819003,-0.0006148007061241246,0.006859801065483092,0.12241837233675065,1.0,0.4621180295944214,87.52843397812877,41.97292155647708,-31.757750994212508,4.319647443776699
234.0,-30.966513270218176,4.729227811958509,-0.0003719359359889716,-0.002097806335492115,0.0011216130746878835,10.319661383722682,1.1882197997818953,-0.10301727369089103,-0.0009335610030269346,-1.6062948243076694e-05,0.004106516039207266,0.1426260244628388,1.0,0.7251291275024414,91.36596738795987,34.05458393350735,-31.848726161954964,4.200385159348304
234.10000000000002,-31.049429365436993,4.641792818322423,-0.00051518294799359,-0.0021042898846898596,0.0014143498734322953,10.335088279362974,1.2093029320533368,-0.10988209266884835,0.00037543005185938967,-0.00035012213034168836,0.001959590863296866,0.16102512866595964,1.0,0.2810947000980377,93.46220420475262,37.275289916601146,-31.939253457510617,4.0807825574024115
234.20000000000002,-31.13302224849768,4.551454603451737,-0.0005654051064109459,-0.0021264966010752285,0.0016143607769131129,10.35201254032357,1.2369447309173394,-0.11698282815019811,0.0015139936692615168,-0.0006273695313835304,0.0015193796720812795,0.1744896921391136,1.0,0.527278482913971,96.28418961472825,36.54214693481222,-32.02933160784086,3.960841319848644
234.3,-31.2173404892477,4.457782241249957,-0.0005609739643473228,-0.002214788951250929,0.0017600623098154437,10.370278969552356,1.2656619841959282,-0.12462384032487649,0.0020482253425279564,-0.001726617571805942,0.000538503413518653,0.18862070977494272,1.0,0.9625818729400635,99.58479532168445,26.90814834579086,-32.1189593462232,3.840563133358682
234.4,-31.302170133585665,4.360691060092065,-0.0005464268824356553,-0.002421670006857261,0.0017968368024084403,10.389991806122616,1.2948444577634841,-0.13281947326050028,0.0021722916001970455,-0.0026863772495879317,-0.00026106595921981046,0.20209010970979843,1.0,0.4660264849662781,101.6319874445159,28.337749998798785,-32.20813541226904,3.7199496893425312
234.5,-31.387466179814933,4.259790935901631,-0.000530498887827651,-0.0026200719963902315,0.0018251919204177291,10.410666765315204,1.3268677007662024,-0.14106797838511598,0.002179696587620538,-0.0018389023832838052,-0.00023743856308544714,0.2085613688910489,1.0,-0.009639173746109009,100.92016620409424,34.81647685987614,-32.29685855194142,3.5990026839247733
234.60000000000002,-31.473106675269023,4.154845111748884,-0.0005249129141898913,-0.002670654711698244,0.0018642632337806102,10.431655828190236,1.360173039530094,-0.14924593731764213,0.0021239932890092846,-0.0004356842764275591,-6.931809120078419e-05,0.21114630536225154,1.0,0.5485267043113708,103.08435899179115,33.79969898121101,-32.38512751757264,3.477723817920669
234.70000000000002,-31.55899792014517,4.045667998245265,-0.0005362225741041288,-0.002621703774716021,0.0019159147334752076,10.452860302334457,1.3939412238374267,-0.1573622732003322,0.0020476236399545864,0.0005447537329253141,-0.00013841256127679406,0.21152020140796904,1.0,-0.10250642895698547,101.45905304384462,40.412204034210475,-32.472941067881834,3.356114796812271
234.8,-31.64495087472188,3.932208277948358,-0.0005629028394521535,-0.0024693101616936205,0.0019494835505313806,10.473760048713723,1.4280424171802626,-0.1650384244521159,0.002072960018618882,0.0013516319224278059,-0.00012590885801650424,0.20721527600559067,1.0,0.11319994926452637,101.64080359683065,44.71288526895682,-32.560297967992405,3.234177330724446
234.9,-31.7309455611562,3.8142489892223677,-0.0005907465194462933,-0.0023111914082726216,0.0020178769572506508,10.49422619116694,1.464872282100056,-0.17249085936256903,0.002252338092759885,0.0008781250133309365,0.00043651562352965006,0.20316115120769349,1.0,0.23657400906085968,102.52645658851931,47.39573613753734,-32.64719698944938,3.111913134400794
235.0,-31.816990379402053,3.6915430745713227,-0.0006213523344616964,-0.002261906149890705,0.002137395417164976,10.514362496999698,1.5040434065999126,-0.17987023294872154,0.002423451410118957,-0.0005164803514781953,0.0008852962559216965,0.2002987837987125,1.0,0.2548276484012604,103.42088569470349,49.625152085627704,-32.73363691023669,2.989323927179555
235.10000000000002,-31.902936823313294,3.5640920236694744,-0.0006689141107610551,-0.002304841455506494,0.002216245050914714,10.53401776214312,1.5393726601595228,-0.18682802095418655,0.0024080843552142066,-0.0006489700319043323,-0.000461148216332421,0.1923146645537917,1.0,-0.44441524147987366,97.84644537995777,56.4001789264827,-32.81961651479438,2.866411432969443
235.20000000000002,-31.988102284605144,3.433000765057419,-0.0007280358487524745,-0.0021669320013781713,0.001957369353618529,10.552044513303153,1.5558729419309831,-0.19224803055462103,0.002256071162846432,0.0025747853706474316,-0.0052593593934721385,0.16981455006531057,1.0,-0.7243834733963013,84.57007567667868,63.22719363204739,-32.90513459403569,2.7431773802253865
235.3,-32.07153624402494,3.300392738401396,-0.000707256608813255,-0.0016122257291725053,0.0011966594710119253,10.567074707312685,1.5525349130846113,-0.19540066619113114,0.0026871054307385073,0.006927089373150761,-0.008960352186389775,0.13676693314583196,1.0,-0.5985877513885498,75.58762363161895,69.14012604207579,-32.99018994536403,2.619623501924213
235.4,-32.153073481842966,3.167275778056133,-0.00048389069513778956,-0.0007814958073882687,0.00039460827205841655,10.578733030006928,1.5469583331468022,-0.19644236974171944,0.0037263293291921007,0.008513045893655067,-0.006858545131205223,0.10368447262866332,1.0,-0.44713839888572693,72.64489883462858,74.0494660640863,-33.07478137268992,2.495751535540304
235.5,-32.23317803578018,3.03342191917697,-0.00010641176781887847,-3.922737770569693e-05,1.536925899270028e-05,10.587390598583653,1.5492937456170526,-0.19589296714912763,0.003976633939432286,0.006158236914239411,-0.0017249508247143323,0.07627751831145128,1.0,-0.10490725934505463,73.92286765502936,76.81060456132843,-33.15890768644781,2.3715632230211448
235.60000000000002,-32.31245221513039,2.8982060390677282,0.0002132228979487183,0.00028866717667935376,8.349506693965403e-05,10.593826537263508,1.560047918017014,-0.19454451683618443,0.0025487213274323073,0.001123268157183125,0.0018983197925813615,0.057894288804544544,1.0,0.22322118282318115,77.40092979156393,76.5496050794135,-33.2425677036128,2.2470603107628335
235.70000000000002,-32.39134386199439,2.761169099832714,0.0002952088381816792,0.0001289856890402269,0.000340800355621462,10.598810296529134,1.5760405324599827,-0.19281924590427557,0.0002095134409824652,-0.00289913982091046,0.002739511292973819,0.04394959144418304,1.0,-0.33342528343200684,75.84302623515825,80.30846144158096,-33.325760247717284,2.1222445495855204
235.8,-32.46999901489853,2.622328257854992,0.00012898005566484253,-0.00014112464151840848,0.00051077672823929,10.601965747840582,1.5875938791236837,-0.18991502953047343,-0.0016372677297838217,-0.0017246299974737187,0.00042284622015905033,0.02116740175668093,1.0,-0.719150722026825,64.75366899007851,84.8292168200813,-33.40848414886747,1.9971176947087912
235.9,-32.54811311579545,2.4828504129125366,-0.00013682533990140022,2.136008487120456e-05,0.00033823220776626903,10.601964546683492,1.5862029763606535,-0.18460977779710572,-0.0018745474198954251,0.004265568567017871,-0.0029820545444433763,-0.01595761234229428,1.0,-1.0,52.166847531492174,89.26228035621209,-33.49073824375987,1.8716815057269862
236.0,-32.62565571593771,2.3435872399594704,-0.00027726316210952923,0.0008090259172511903,3.2110871773336776e-05,10.597779022278065,1.583480969904314,-0.17643102766279714,-0.0002697630480442187,0.00971100448772795,-0.0023264000557082828,-0.05845829430767745,1.0,-0.44481420516967773,51.51065164753027,92.2303689898295,-33.57252137569763,1.7459377465844348
236.10000000000002,-32.70322731831163,2.204150839599329,-0.0002068006859388767,0.0018393964029958655,1.9889502324920374e-05,10.589707402937545,1.5895519586597762,-0.16595804280145543,0.0015761231251184653,0.009966433206472272,0.0011711747002102518,-0.09452301056741531,1.0,-0.3973972797393799,51.61079990223536,94.74234907670693,-33.653832394606795,1.6198881855506855
236.20000000000002,-32.781465199851326,2.0640296941153853,-6.276865100483506e-05,0.0026000944203188516,0.0003005495221446448,10.578534408394564,1.602814982430993,-0.15384214309725558,0.0020183484242044104,0.005582504529759969,0.0031818785063914934,-0.12189859276370597,1.0,-0.24358554184436798,53.55632680614587,96.3272358096151,-33.73467015705251,1.4935345951956123
236.3,-32.86084507524899,1.9229758375329509,-2.0052786619718012e-05,0.0028298924276758787,0.0006098412608469357,10.564976598541698,1.6171982023954352,-0.1405195547503308,0.001077788283409202,0.0005314663770673105,0.0018512293390672186,-0.14510868532818735,1.0,-0.6716989278793335,45.370179708914854,99.21985555464566,-33.81503352625507,1.3668787523644923
236.4,-32.94151616530995,1.7813808968772498,-0.00011961652814745212,0.002655273513803485,0.0006880855043512953,10.549288792173883,1.6293062903216564,-0.12639900764410067,0.00012956253150972794,-0.0031252367842670996,-0.00038538795679039117,-0.16249272242488735,1.0,0.16887769103050232,51.28558593613634,97.35082206325733,-33.89492137210593,1.2399224381530374
236.5,-33.02380029862096,1.6393058520110535,-0.0002519546426383013,0.0021509436077789125,0.000662351440517581,10.532738630960619,1.6431653758313958,-0.11286625362487442,0.00017706377546597137,-0.0059005180831709575,-0.0006542421685373166,-0.16594767772986316,1.0,0.25578659772872925,57.10804015750992,94.77017624235212,-33.97433257118355,1.1126674378823154
236.60000000000002,-33.10795563051729,1.4966706620149013,-0.00032260601917105485,0.001524632550508683,0.000691506110150833,10.516305028396314,1.6599359004164673,-0.10025700479080285,0.0009173919106875185,-0.005803030943421042,0.0006036723739989241,-0.1632659466534422,1.0,-0.09100034832954407,60.00136188945167,95.44812178615214,-34.05326600676928,0.9851155410736752
236.70000000000002,-33.19421726488532,1.3532246321432166,-0.00032655237967099454,0.0010646082015572996,0.0008308448489192726,10.500312290476776,1.6782736682810964,-0.08856581788761628,0.001526248234631306,-0.0036173369950011445,0.0012122244712948988,-0.15638727226848217,1.0,0.39515000581741333,65.60133472251891,91.35774400584097,-34.13172056886297,0.8572685414235615
236.8,-33.28250284646791,1.2092543164945493,-0.0003213731140782392,0.0007871603887262125,0.0008892647220633976,10.485549489257197,1.6916260710797184,-0.07842812749261101,0.0015808776927744678,-0.002192568519019838,-0.0002870344565920952,-0.1406271071591967,1.0,0.5191218256950378,71.07682333868506,85.60632332797749,-34.20969515419862,0.7291282367783012
236.9,-33.372326709457916,1.065556821700043,-0.0003257801070139948,0.0005247842598795246,0.0006608589735822087,10.473013947948816,1.6905554069280353,-0.07064542347525023,0.001266211790123457,-0.003232798293347826,-0.00426902306221043,-0.11286041714295043,1.0,1.0,76.83120588260127,71.01599545600082,-34.28718866625993,0.6006964291088153
237.0,-33.46261453541743,0.9236785752168838,-0.00028145167708239086,1.8763622028228685e-05,1.1251435256083906e-05,10.464035982988099,1.6723402049380423,-0.06621636335673385,0.0012159608773724066,-0.006242533253689656,-0.0074611166470440575,-0.07352968341272141,1.0,0.7465357184410095,81.73268706859368,60.02671402489975,-34.36420001529565,0.4719749244852842
237.10000000000002,-33.552711213731776,0.7840751857118875,-8.384105360085926e-05,-0.0007323371394855899,-0.0006545077536368814,10.459201943013005,1.653367233040538,-0.06511557955299947,0.0017217233781936653,-0.008005948459221564,-0.005309304504201662,-0.03191729139679396,1.0,0.501213550567627,85.60545048889603,57.64694354314302,-34.44072811833497,0.34296553305174626
237.20000000000002,-33.64252293921832,0.646129489502066,0.00023023357698688545,-0.0015334262682070172,-0.0009426051219954647,10.458528581037797,1.6387978741548777,-0.06711827696698917,0.0015960490191468091,-0.00794267003367473,-0.0015748857208048653,0.010815931491907729,1.0,0.6208502054214478,89.4200986850001,50.267942707994344,-34.51677189920268,0.21367006900063856
237.3,-33.73179423906898,0.5095090192691306,0.0004853312256173586,-0.002292344970838589,-0.0009747892519452089,10.462379151878716,1.6256017147807278,-0.07230536487655438,0.0002151808404361138,-0.007130160556279858,0.0002476136542074815,0.05689382631377385,1.0,0.5876275300979614,92.78988065391158,46.20681096804991,-34.592330288534384,0.08409035054729586
237.4,-33.82036722474473,0.3735907703488205,0.000571903920411401,-0.0028950857039298237,-0.0008584224630790384,10.470670141355194,1.6180086465142047,-0.07998427919484877,-0.001539423828807845,-0.0049756423862081555,0.0014010941204540776,0.09937547337999343,1.0,0.5391619801521301,95.70968854337652,44.336674308101244,-34.667402223791456,-0.04577180009562554
237.5,-33.90802510563623,0.23781718986342987,0.0004837586271247584,-0.0032410490617134505,-0.0006997173804566521,10.482860485938037,1.60959108693315,-0.08947068145365726,-0.002926590252878717,-0.002377340477198173,0.0005552463158634001,0.13648786311808295,0.30170345306396484,0.6404178142547607,97.24656052713623,32.01979747587142,-34.741986649276065,-0.17591455674376988
237.60000000000002,-33.99415931707878,0.10239271552521714,0.00030219083254904455,-0.0033626645302615426,-0.0006737583470475879,10.49845340878801,1.5978079297277406,-0.10021955773025955,-0.0032303325345431674,-0.00033631012901166017,-0.0003577804043666026,0.1678951482445698,1.0,0.6337448358535767,99.97146881163158,26.7300542231869,-34.81608251614595,-0.30633608926677525
237.70000000000002,-34.078597533624254,-0.03317332180061601,0.00016396428727186125,-0.0033244354239766903,-0.0005753175854257384,10.516743747406384,1.5914010283693043,-0.1115990488062368,-0.002379331126804359,0.0009308453096518263,0.001005986863560058,0.19196861976204307,1.0,0.6116633415222168,102.38480777587571,22.645696089051793,-34.889688782429204,-0.4370345636139774
237.8,-34.161291802328314,-0.16948641862731273,0.00010266794277092247,-0.003224283070485583,-0.0003245523527414874,10.53707575240897,1.5892423080178921,-0.12327774185143853,-0.0014202392909202133,0.001058991184634352,0.0021839471870131817,0.21024312025208702,1.0,0.8024683594703674,104.42694089049708,15.6712581883205,-34.96280441303891,-0.5680081418402452
237.9,-34.24206980745983,-0.3068123949516201,6.54925367111249e-05,-0.003124778085443654,-6.85618250630352e-05,10.558778900680213,1.587343670141047,-0.1347712672085959,-0.0009930185339140653,0.001126343198766767,0.0015934663745462432,0.22017542600441972,1.0,0.04473184049129486,103.40648738237664,22.937537251950733,-35.03542837978773,-0.6992549821317908
238.0,-34.32081487508216,-0.4453925551751859,1.9748145524828832e-05,-0.0029847372402520425,0.00011723510774569916,10.580944990132746,1.5881880455989248,-0.14563199029518892,-0.000805415307481427,0.0015974865753461825,0.0009275993280020891,0.22177292704921123,1.0,-0.009233072400093079,102.52734415255324,29.932026496713775,-35.10755966140232,-0.8307732388320836
238.10000000000002,-34.39751850123631,-0.5854811829989706,-3.3105670016890306e-05,-0.00279222806466391,0.0002469848759098651,10.602912745656747,1.5912451408612904,-0.15568838781649974,-0.0006144695085502367,0.0020792229075415752,0.0004901231588106916,0.21755242596769328,1.0,-0.12428018450737,100.75966356519733,37.05719831753719,-35.179197243537736,-0.9625610624678025
238.20000000000002,-34.47213433368063,-0.7270869200059246,-8.364058392362326e-05,-0.002538025747607681,0.00030290765906272957,10.624084987044322,1.5924553246733488,-0.16462622405320657,-0.0004250158609074833,0.0028626508113509044,-0.0005507913394274045,0.2066496351417451,1.0,-0.42842188477516174,95.68391238936546,44.98400363126723,-35.25034011879165,-1.0946165997748594
238.3,-34.54431432661551,-0.8692726958188255,-0.00012489604816241909,-0.0021233325138264795,7.927990734475674e-05,10.643468538199008,1.576762891692728,-0.17159121406545824,-0.000455379036238728,0.005309351838964685,-0.004886258094018239,0.18268679672493593,1.0,-1.0,80.12533779019357,53.2453635019134,-35.32098728671854,-1.2269379937244267
238.4,-34.61334864342396,-1.0096546334609744,-9.909128155178841e-05,-0.0013846799634159733,-0.0006825544577150075,10.65959223735787,1.5378630385821648,-0.17570813612981917,-0.00018886728389530685,0.008714537948756465,-0.009416434083761766,0.14589984470020212,1.0,-1.0,66.06161864143789,60.71297849883943,-35.391137753843786,-1.3595233835490887
238.5,-34.67907783786221,-1.146645247963489,0.00011004169255349942,-0.00040847723899396077,-0.001634366293841157,10.67169604275481,1.4893699316832212,-0.17690314775387198,0.0006568372099870583,0.010338931706814262,-0.009162501136518477,0.10401786444937576,1.0,-1.0,53.349130422523224,67.46311099705643,-35.460790533677596,-1.4923709047689862
238.60000000000002,-34.74176561153987,-1.2796179915064352,0.000490024845351832,0.0005793101407868165,-0.0023510439733792944,10.679449072197507,1.4398835294681245,-0.17522607985434704,0.0010065503174410625,0.009531563834591746,-0.005612972014859009,0.05958066691980848,1.0,-1.0,41.85804794237127,73.56469614335032,-35.5299446467289,-1.6254786892180384
238.70000000000002,-34.80188513041897,-1.408583653413633,0.0008811328197194919,0.001395767932830532,-0.0026703599479367224,10.682618900710938,1.3949285987790991,-0.17078162284600554,1.9839969445036465e-05,0.007301994499593902,-0.0016124821472744233,0.012741956521649429,1.0,-1.0,31.471019510817793,79.08004585053133,-35.598599120519125,-1.7588448650702198
238.8,-34.86002248947308,-1.5339826670109284,0.0011079140159679331,0.0019999925640492473,-0.0026337795939331754,10.680914249018231,1.3581908954753086,-0.1635992948220196,-0.0019744333678293835,0.005212986939289459,0.001499150120362989,-0.037282622466387215,1.0,-1.0,22.081968494583727,84.06548515247705,-35.666752989595864,-1.8924675568658813
238.9,-34.916844663991654,-1.656534459745648,0.001094480063009547,0.0024312821915337033,-0.0023269299946940924,10.674187368812161,1.3319888424715092,-0.15392185223886373,-0.003909897083312268,0.00341992502652055,0.0037831590247705935,-0.08675495588266367,1.0,-1.0,13.59501001879358,88.57192741868985,-35.73440529554645,-2.0263448855381263
239.0,-34.9730727555406,-1.7771139963668887,0.0008792183960580194,0.002677222472194476,-0.0018096970875130787,10.662850526011047,1.3173937032499095,-0.1422998112053261,-0.004906236622038025,0.0013796469578487864,0.005554796004064419,-0.13006507922533017,1.0,-1.0,5.923471750948839,92.64539430269814,-35.80155508701146,-2.1604749684392175
239.10000000000002,-35.02942554130977,-1.8966529790048399,0.0005573289095985392,0.002710829567530149,-0.0011354554087111934,10.64769724698206,1.314356860219597,-0.12930287312048386,-0.004739819545823254,-0.000713531009562961,0.006751637772766434,-0.16466346985691493,1.0,-0.8873389959335327,-0.21435491291104936,96.21991354443759,-35.868201419698046,-2.2948559193670803
239.20000000000002,-35.08655656434842,-2.0159771234905715,0.000216518605306746,0.0025541454215587964,-0.00040259891145144134,10.62964060347925,1.3202117271673177,-0.11549055104485045,-0.0037547356175247535,-0.002295443411078876,0.006663153014553145,-0.18989277709602295,1.0,-0.3468570411205292,5.518828892986761,98.14628629009913,-35.934343356393256,-2.4294858485918063
239.3,-35.144920717856614,-2.1354405355074695,-8.865188192393747e-05,0.0022658172461547956,0.0002011379980229617,10.609677808553613,1.3282474995937423,-0.10153296926039257,-0.002440559211199013,-0.0032872457776078165,0.004481027440046247,-0.2044985509329579,1.0,0.12688873708248138,15.006167433430548,96.77568688181258,-35.9999799669772,-2.564362862882234
239.4,-35.2046555668007,-2.2547189462298225,-0.00031444220511039195,0.0018834504120339595,0.0004763499820068252,10.588980885114301,1.3311402049295011,-0.08823814828720093,-0.0010426405606546456,-0.004073025522588889,0.000701131462118598,-0.20687726027822662,1.0,0.43079042434692383,25.05999727265964,92.0473902875628,-36.06511032843612,-2.6994850655325706
239.5,-35.26569656615336,-2.3732855603951064,-0.000402925837582498,0.0014647818228617686,0.0004313094955343937,10.568574436049978,1.331966945510058,-0.07598137829579145,0.0005287182376250579,-0.00381073879026612,-0.0011961904766903378,-0.2020824404473631,1.0,0.06101939082145691,32.2295080288987,91.84040358558073,-36.12973352487537,-2.834850556389071
239.60000000000002,-35.32825813228843,-2.4915407429511665,-0.0003273146604404819,0.0011873001535228887,0.00039996010786297976,10.548664142630404,1.3398484998375755,-0.06440751266890521,0.0018744558303151332,-0.0017695049783714644,7.092870583031119e-05,-0.19725624582193169,1.0,-0.07162129878997803,37.68020625620034,92.66769983677435,-36.193848647532334,-2.9704574318767456
239.70000000000002,-35.392443060269876,-2.6096483550990888,-0.00018751535177542034,0.0010833294409863749,0.00038827013411432893,10.529538362401693,1.3417250905259643,-0.05389987678590755,0.0018803368996008697,-0.0009859527168277018,-0.0016399997559987571,-0.18473824024767038,1.0,0.6674544215202332,46.19908033373603,80.80345621572575,-36.25745479478915,-3.106303785026153
239.8,-35.45759640374531,-2.72627592561531,-8.552707959957202e-05,0.0008948192817483896,2.681165893297612e-05,10.512416317310356,1.3306638387746377,-0.045316526891064614,0.0011629900912250352,-0.002420028309371005,-0.004616676912209437,-0.161954689786999,1.0,0.5335935950279236,53.57984144502215,75.74322483386945,-36.3205510721854,-3.2423877055001817
239.9,-35.523532177790564,-2.841390857870238,2.9952072861813344e-05,0.0005992683667018598,-0.0003564091886954059,10.497588918560304,1.3241147632382892,-0.03828679979211295,0.0009504500986615797,-0.0031369174189390036,-0.0028979105323121636,-0.13959365660150955,1.0,0.3078548312187195,59.431890465116126,74.65082433159915,-36.38313659243076,-3.3787072796209436
240.0,-35.590291740417314,-2.955434343335739,0.00016172685606741127,0.0002675944029073755,-0.0005113138998728857,10.485076592730707,1.3171213060338205,-0.03293099641599614,0.0005431239152968414,-0.003756374544080697,-0.0014051281435042506,-0.11392331218934615,1.0,0.7677218317985535,66.03892541730389,63.057627609451686,-36.44521047541736,-3.5152605903966787
240.10000000000002,-35.657321113076044,-3.06771271172894,0.000240422362453128,-0.0002000800379700357,-0.0007143654786308765,10.47573427394376,1.2996439590301108,-0.03002905478610613,-0.00031704016793170103,-0.005450871684075348,-0.00255696389077918,-0.07862377532285574,1.0,1.0,72.27734517930934,50.63376045531021,-36.50677184823224,-3.652045717548699
240.20000000000002,-35.7240909189011,-3.1777475644196196,0.0002802127162672064,-0.0008385401960311399,-0.000999730730548584,10.470357611406177,1.2780684254766854,-0.029871982940703517,-0.0008487080405144637,-0.006984748417413999,-0.002740195996378464,-0.03642770321321159,1.0,1.0,77.91638254135417,39.40356855800129,-36.56781984516962,-3.7890607375384135
240.3,-35.7903490965075,-3.285661648828726,0.0003298434306961183,-0.0015838723162965745,-0.001182852919396952,10.46953920601408,1.2583743017616897,-0.032634516408233345,-0.000927287216248123,-0.007665682388701339,-0.0010207665583448627,0.011409832317361281,1.0,1.0,83.0136256868387,29.252364549968917,-36.62835360774305,-3.926303723594355
240.4,-35.856039499926624,-3.3919913856962616,0.0003891676276534481,-0.002344287971035798,-0.0011312840955755741,10.473779105105887,1.244229726638961,-0.038252434732736186,-0.0009985213641749851,-0.0072741035732881735,0.00139537786412275,0.06312604605922585,1.0,0.9151207208633423,87.54343506556235,20.656761285486827,-36.688372284697486,-4.0637727457393
240.5,-35.92121363370578,-3.497595825021046,0.00041055997545945796,-0.0029485475159878698,-0.0008333340871147021,10.482978235214164,1.239078509204579,-0.045933827634000626,-0.0013263436673382986,-0.00470195477061709,0.003602364730363473,0.10980292576614725,1.0,0.4412420094013214,90.66439974712651,23.083312002857127,-36.74787503202127,-4.201465870817387
240.60000000000002,-35.98600006879669,-3.603552362659186,0.0003439838646787018,-0.0031865203876445423,-0.00035842111691343595,10.496233405845084,1.2428923415500626,-0.05477830542239416,-0.0018460782892262915,-0.0007015469144250551,0.00455918896513081,0.14669971146421093,1.0,0.6500888466835022,94.05683060048183,18.259856407157837,-36.806861012958,-4.339381162521313
240.70000000000002,-36.05040131988632,-3.7106542032733634,0.0001751516583211093,-0.003065626651546073,0.0001293112341289176,10.512723949024803,1.2526283369321387,-0.06435146007435363,-0.0021691505267766678,0.002271681922452748,0.004128202250476715,0.17617611051460758,1.0,0.8494951128959656,97.4510813779318,11.257485313438059,-36.8653293980183,-4.477516681419564
240.8,-36.11439842493418,-3.8196172160429347,-4.6699074881828875e-05,-0.002758130798360283,0.0005660439268726073,10.531734448200485,1.2686553536633862,-0.0742607677468337,-0.001854201615152483,0.0032566560674093708,0.003642828917134255,0.19835455113699157,1.0,0.5756248235702515,100.01934895758177,11.609933799154842,-36.92327936499146,-4.615870484983679
240.9,-36.17798438960871,-3.9311430798413314,-0.0002548850598884286,-0.0024626575751467987,0.000965465349714328,10.552575432413274,1.2903459877142471,-0.0843222186771608,-0.0009772898388954443,0.0022359653493090868,0.0033060577797563227,0.21461860182125353,1.0,0.8125777244567871,102.79240238492395,5.593763323192669,-36.98071009895702,-4.754440627615576
241.0,-36.24111186690263,-4.045787539567938,-0.00041291107655764766,-0.002340508569369242,0.0013209503136054214,10.574789033590418,1.3161697910844745,-0.0945403259671746,7.146013665458134e-05,0.0001228057065160015,0.0027471149892246503,0.2264124142878021,1.0,0.4795059263706207,104.27910736820321,8.841384754469946,-37.03762079229624,-4.893225160674913
241.10000000000002,-36.30359006344077,-4.163757550332203,-0.0005203570521923617,-0.002393236125965552,0.0015503782867303372,10.597831627425096,1.3407051025376555,-0.10473822820097216,0.0009013365636948205,-0.0013834810556510558,0.000957947666516159,0.2324911702370117,1.0,0.5837822556495667,104.34013353265021,9.020818879255769,-37.094010644703424,-5.032222132506472
241.20000000000002,-36.36511846075092,-4.2848753856194275,-0.0005762147868974691,-0.00253346540823398,0.0015859651025857647,10.621255856277825,1.362554021799256,-0.11488254678712917,0.0015674294777726753,-0.0018999439845266495,-0.0009106366686313344,0.23506571168945822,1.0,0.5497758984565735,104.32185234422396,10.448552195720321,-37.14987886319721,-5.171429588467634
241.3,-36.42546993655584,-4.408988754130296,-0.0005667664242687057,-0.0026722145711890626,0.001493024610917208,10.64480600230541,1.3828597670571134,-0.12492240384183495,0.0021331726274311717,-0.0015618368518379065,-0.0018019032886223373,0.23554447734955236,1.0,0.39740338921546936,104.21975696880946,14.4938298968812,-37.20522466213169,-5.310845570955838
241.4,-36.4844847329762,-4.53602882380556,-0.0004977125632898697,-0.0027507519667693274,0.0013696721907111489,10.668318249205418,1.402428148250383,-0.13478876179537289,0.0024444290552665645,-0.0008206900691357056,-0.0018562124725677869,0.2347256538079395,1.0,0.45069071650505066,104.25949239597226,17.365009602207266,-37.26004726320748,-5.450468119436135
241.5,-36.54203301994791,-4.665959000161957,-0.00040277571186594745,-0.0027568944903317663,0.0012678708527201583,10.691683781710791,1.4220676591198569,-0.14439575103092792,0.0023840016683796734,-7.203505770162874e-05,-0.0014547329343880143,0.23267617446015118,1.0,0.0978427529335022,103.77435862244542,24.016779973591046,-37.31434589548267,-5.590295270468729
241.60000000000002,-36.59803525034096,-4.798875703414471,-0.00032200015581887356,-0.0026944991365356525,0.0012215784645712318,10.714718008955693,1.4429100115226567,-0.15359138588938845,0.002015526024984148,0.0005997278866325981,-0.000885128581750313,0.2284216219322978,1.0,0.0001605302095413208,102.93269852165868,30.83569145682221,-37.36811979538361,-5.730325057736621
241.70000000000002,-36.65241851426889,-4.934853370717658,-0.00028503383714437164,-0.002577899107621277,0.0012186598663974201,10.737184655224787,1.464666655602722,-0.16226472868982078,0.0015273224919932994,0.0010442774976006926,-0.0004610154308310184,0.22189763707449414,1.0,-0.025088265538215637,101.97392636217921,37.19046131546762,-37.42136820671574,-5.870555512073231
241.8,-36.70498483377516,-5.073434285382131,-0.00030546863567005477,-0.00236847639489494,0.0011002132547930537,10.758562303963775,1.4739229487577359,-0.16977414024070772,0.0008412308999440227,0.002830883498060762,-0.003538440053247744,0.20573054518251233,1.0,-0.6612730026245117,89.33621875815355,45.74383824647262,-37.474090380674156,-6.010984661490106
241.9,-36.755267636912436,-5.212618664462879,-0.00033281053495367517,-0.001979267213627253,0.0005643811321738584,10.777990294502073,1.467063179246243,-0.17609089154597557,0.0007455375109819517,0.0034560478839292634,-0.006373242674278747,0.1896396990475939,1.0,0.7246212959289551,92.99917883255625,37.470172053641555,-37.52628557585413,-6.15161053120465
242.0,-36.803397241537745,-5.352102230907992,-0.0002303030793182517,-0.0017788812520187897,8.419066467025273e-05,10.796604860047385,1.4636288317173893,-0.18222258208911218,0.0015295107134218684,0.0010126362887214074,-0.0038598288531316296,0.18324500597589294,1.0,-0.18407250940799713,91.57934204890712,44.233140018079816,-37.57795305826162,-6.2924311436678835
242.10000000000002,-36.84950909356098,-5.49227387097976,-2.0622605145068617e-05,-0.0017637287472727602,-5.6066866920738045e-05,10.814330892324113,1.464438142151565,-0.1875345581544237,0.0017847102482487671,-0.0001804993289183994,-0.00048685153870208365,0.17263875068507892,1.0,-0.30500975251197815,88.99873042955794,50.97019658137868,-37.62909210132349,-6.433444518592264
242.20000000000002,-36.89369858871614,-5.633317530263088,0.0001514722992837858,-0.0017572457052646884,1.5786701059986665e-05,10.83071981342478,1.4666020158124988,-0.19187605371801508,0.0009057047619823016,0.00048720669951841743,0.0006951426065600932,0.15737105467746643,1.0,-0.42699629068374634,85.07411519708495,57.555187878684386,-37.679701985897786,-6.574648672979533
242.3,-36.93609865844206,-5.775354146292935,0.00019235465932346412,-0.0016471638749695685,0.00013428119310879662,10.845548794246351,1.4727812632869643,-0.19545398500567404,-0.0002944933963190962,0.0012139307229237421,0.001272020366336077,0.14353360928028536,1.0,0.25834354758262634,87.66306530647789,58.77023065643646,-37.729782000283855,-6.716041621148596
242.4,-36.976902476868766,-5.918791251068256,0.00011052880152001936,-0.0015045074746478189,0.0002879128791365141,10.859167371187596,1.480627740196617,-0.19835487250964343,-0.001152222266669679,0.0018533319998792974,0.0008888096879122049,0.12968277741665915,1.0,-0.5784441232681274,80.54846475747783,65.06202574260742,-37.77933144023231,-6.8576213747634505
242.5,-37.01605444326973,-6.062806850867625,-4.469978622621489e-05,-0.0011560591877288573,0.00021418983187059416,10.870644921286967,1.4753329622125353,-0.19938646333057994,-0.0014778879994655487,0.004844104762407413,-0.0025004733498439615,0.10271205159290296,1.0,-1.0,66.44409190685305,71.39430524696405,-37.828349608954966,-6.9993859428611405
242.60000000000002,-37.053511072869235,-6.20575900169953,-0.00015157320023926273,-0.0004428059922212446,-0.00022422242900292912,10.878670475816476,1.455921309252891,-0.1978314412268763,-0.0007953038010905151,0.008531063057504108,-0.005342828951475173,0.06420396306783543,1.0,-1.0,53.694855961352,77.1181843821024,-37.87683581713464,-7.141333331879768
242.70000000000002,-37.08947273139817,-6.346724969358018,-8.512032383753426e-05,0.0005437162057955839,-0.0007495631673199874,10.882435525811363,1.4319454931933497,-0.1934377674668006,0.0005731983163924181,0.010466578703821913,-0.004800431084602656,0.019232195722930126,1.0,-1.0,42.17055644690348,82.29211777072354,-37.92478938293483,-7.28346154568651
242.8,-37.124286059695386,-6.485491007075145,0.0001414469189854114,0.001589265084467197,-0.0010889039911752036,10.881389338359241,1.409335258420508,-0.18600068780055615,0.001413876416332531,0.01015871235410048,-0.0023850460283885416,-0.030878819723540098,1.0,-1.0,31.753502447241324,86.96894376195608,-37.972209632009296,-7.425768585605702
242.9,-37.158387657773794,-6.62232026402735,0.0003934276837967301,0.0024755728055800568,-0.0011621338617012684,10.875239035539282,1.3925191060400424,-0.17570133047585684,0.0010258822890527812,0.007540736661144688,0.00011394963069232884,-0.08130970005562317,1.0,-0.6743146181106567,25.61422371069056,90.76589689853829,-38.019095897511576,-7.568252450446947
243.0,-37.19229837769353,-6.757827246551065,0.0005297884719405918,0.0029453886904080772,-0.0010088525183326656,10.864582733326946,1.3838752536726626,-0.16357763143621273,-0.0003043281458344928,0.0022093955823423443,0.0018857720755493471,-0.1209895711458998,1.0,0.03366757929325104,32.53398086367495,90.9072101546468,-38.06544752010433,-7.710911136533236
243.10000000000002,-37.22654486005205,-6.89274785437379,0.0004903148446991351,0.002799067180649277,-0.0007046445784432344,10.850932265467936,1.3840114885054813,-0.1509414609119223,-0.0017060620067327731,-0.003929923340107718,0.003119769562320612,-0.14521973022687218,1.0,-0.06397034972906113,38.02019332658192,91.77089017642375,-38.11126384796864,-7.853742637729152
243.20000000000002,-37.26156135261454,-7.027792979580695,0.00030707069594278024,0.0021617326753914736,-0.00031582834483522297,10.835601676495232,1.3905299011069263,-0.1385785066301985,-0.0024670994187954024,-0.007776538592992031,0.0035445267561896292,-0.1568804209993308,1.0,0.25136539340019226,45.094773955649735,89.77427080301598,-38.15654423681313,-7.996744945469059
243.3,-37.297642701227865,-7.163210553280646,5.995977914631509e-05,0.001315191511244182,3.034179619081422e-05,10.819861943296317,1.3981744478467975,-0.12728568559428238,-0.0023464877052473193,-0.008578753846845444,0.0027769605459391773,-0.15618264392056655,1.0,0.4191263020038605,52.2160286764302,85.8905500417293,-38.2012880498831,-8.139916048785363
243.4,-37.334947477369894,-7.29906053551766,-0.00015262296817376738,0.0005682989973218727,0.00028837758257986156,10.804698106004999,1.4080209567758544,-0.11731402621275668,-0.001353785382629046,-0.006272046878035175,0.0024320587419269435,-0.14831277985109806,1.0,0.1842408925294876,57.56319451130715,85.15204260781738,-38.245494657969395,-8.283253934336782
243.5,-37.37359178800628,-7.435739241559442,-0.00026948213758397864,0.00016175684529687312,0.0005400487839585123,10.790537838924728,1.4210842655408977,-0.10854535740753501,-7.969151265469482e-05,-0.002580571722672661,0.002298088269613241,-0.13617395584011188,1.0,0.45716583728790283,63.618587672176744,81.13088511754074,-38.28916343941734,-8.426756586436667
243.60000000000002,-37.41358546030846,-7.573332056406125,-0.0003084206498774682,6.238061153211269e-05,0.0007282000885238474,10.777924557392575,1.4348036000100175,-0.10113280263035346,0.0008470363519962906,-2.198853069081976e-06,0.0016205105820594537,-0.11907659463943539,1.0,0.3815825879573822,68.81855720207949,78.59985699713336,-38.33229378013539,-8.570421987081332
243.70000000000002,-37.45491269109689,-7.712141745348234,-0.000303713721401139,0.0001289644212172232,0.000879663618244481,10.767110442542421,1.452662627009174,-0.0948977468993267,0.001377640620968356,0.0010829067449136765,0.001557728539444766,-0.1010170824055148,1.0,0.22067663073539734,72.77336555313478,78.19335491456681,-38.374885073603856,-8.714248115978451
243.8,-37.49756382499496,-7.852629061611992,-0.00029579385499826796,0.00020588660712981486,0.0010346791910505746,10.758137011234664,1.4736815054472956,-0.08983139488954825,0.0014842067728676686,0.000392016318011863,0.0013579049434334748,-0.08156949671013551,1.0,0.4721250534057617,77.41634166950773,74.59292958338636,-38.41693672088338,-8.858232950575456
243.9,-37.54144526749586,-7.994873267888895,-0.0003175696119076931,0.00010375658685530143,0.0011219373398162363,10.751379845926166,1.4941083779154791,-0.08636514317711376,0.0013355632415989257,-0.0019803580188463166,0.0005021778973536035,-0.057652167203876434,1.0,0.5099345445632935,81.72982070414977,70.6421224493644,-38.458448130623346,-9.002374466087984
244.0,-37.58636626941673,-8.138698400781198,-0.0003609952667196291,-0.0002821105909462803,0.0010864777121388418,10.747362554023015,1.5098047517919817,-0.08501547633622353,0.0012003698451049244,-0.005139610156800802,-0.0011482110547364666,-0.027225222481294963,1.0,0.6257215738296509,85.92779752389463,61.86488630300607,-38.499418719070256,-9.146670635528347
244.10000000000002,-37.63199873216092,-8.283644235465278,-0.00038222396923863754,-0.0009228377134405508,0.0009223965235849316,10.746615665649493,1.5230832380228148,-0.08590379747963299,0.001432425168101141,-0.006636490259708516,-0.0014104854020271496,0.0043333430982742446,1.0,-0.10161986947059631,85.95873766735737,65.77506098802864,-38.53984791007588,-9.291119429734039
244.20000000000002,-37.67810690578999,-8.42993451297541,-0.00034236960522320063,-0.0015445285352737959,0.000819119689539688,10.748826160507571,1.5352118940873634,-0.08870974737444884,0.001715473143384762,-0.006139986341500709,-0.0012899752396145262,0.03565107041511559,1.0,0.7716366052627563,90.02314183673066,54.98975587044469,-38.57973513510538,-9.435718817396275
244.3,-37.724311739186035,-8.577132087825229,-0.00027076082944376984,-0.0021152555839143634,0.0006838122916110095,10.75451960982163,1.5444525697920728,-0.09376578905462953,0.00173939289115899,-0.005123195264483614,-0.001105418467193171,0.06992120699953201,1.0,0.1548517346382141,91.56451527793904,57.504777919003715,-38.61907983324532,-9.580466765088547
244.4,-37.77038144219458,-8.725850192620026,-0.00018268286869358152,-0.0024360617577784405,0.0007034761461244945,10.76304475002481,1.5608803126603796,-0.09986169817674347,0.0016467594016255633,-0.0017778901954174913,0.0007458837472986517,0.09386873614110232,1.0,-0.03479817509651184,91.61995769896801,61.368799580807405,-38.65788145121153,-9.725361237295227
244.5,-37.816126415851116,-8.876767142938705,-0.00013689283417577403,-0.002373431092719215,0.0008892218680371537,10.773350916341737,1.5827315331002936,-0.10628854033906086,0.0012214220538360257,0.0019418595412402603,0.0020653312003600017,0.10833103684002028,1.0,0.09426652640104294,92.62245053156961,63.82416416857247,-38.69613944335689,-9.870400196440187
244.60000000000002,-37.86137371166283,-9.030328142408178,-0.0001824101577943705,-0.0020015077623628764,0.00111985721341719,10.784584235298558,1.6062614210112156,-0.11245861574479589,0.0006405468070716854,0.004676605411501313,0.0017235093418540212,0.11306696290546991,1.0,-0.3889245390892029,88.8885275986925,69.03295983692617,-38.733853271679024,-10.015581602915455
244.70000000000002,-37.905924047480156,-9.186526681348907,-0.0003053094732119175,-0.0014578826722929628,0.0012573307650607733,10.795781900235989,1.6299696665708163,-0.11799848219230578,0.00046903081334334986,0.005125345779859071,0.0010086090291452987,0.11185236630778742,1.0,0.2735476493835449,91.1862462731459,68.97756464757131,-38.771022405827836,-10.160903415109892
244.8,-37.949757881707775,-9.345647254913972,-0.0004327581840060688,-0.001065151162743316,0.001386141376523029,10.806941434436757,1.6570579277668516,-0.12329062821295257,0.0009524026138247447,0.002800782377878613,0.0012924691443097825,0.11066982364851743,1.0,-0.14587590098381042,90.30830234179247,72.48628570176105,-38.80764632311299,-10.306363589437913
244.9,-37.99284282976789,-9.507945590890929,-0.0005243286933765747,-0.0009107749376494988,0.0015485146421010826,10.81768759701188,1.6862984936809715,-0.12803385584815977,0.0016783104760378943,0.0005429608261435888,0.001630839629930744,0.10481624939694642,1.0,-0.15667632222175598,89.41259398333808,75.7236031119541,-38.84372450851125,-10.451960080368211
245.0,-38.035193211703465,-9.673605630327597,-0.0005818091959357497,-0.0009445300636451685,0.0017256107416654522,10.82776565688926,1.7175963299264942,-0.13241374726062127,0.0023006827919752736,-0.001194997542680111,0.0016820004144528014,0.09864718612403804,1.0,0.1589513123035431,91.03733363516406,76.20748686037652,-38.879256454673744,-10.597690840452533
245.10000000000002,-38.076866750174744,-9.842824718550059,-0.0006238674164349392,-0.0011206895856078715,0.0018926019867195859,10.837400467020787,1.7510555735274265,-0.1367576232350936,0.0027073661522151286,-0.0022477674221861696,0.0014684541043794744,0.09486103662551906,1.0,0.04699469357728958,91.76804994031153,77.63890261101996,-38.91424166193305,-10.743553820354464
245.20000000000002,-38.11788586245644,-10.015730325442956,-0.0006664984898001561,-0.0013447296427573437,0.002016679611206977,10.846782567422256,1.7850835295073644,-0.14121816926890524,0.0029365125191450512,-0.0025602056329141897,0.0008105366535071569,0.09400453077838868,1.0,0.34542328119277954,94.11609939879561,75.90992441657825,-38.94867963831027,-10.889546968878257
245.3,-38.15822233449,-10.192236777516552,-0.0007095106306383958,-0.00160227845549185,0.0020566300822204603,10.856423067575037,1.8177772856419785,-0.14621651475327796,0.003118649916973345,-0.002907317653176003,-9.465763632003429e-05,0.09861701817494105,1.0,0.37131351232528687,96.34517106129458,74.0162777953895,-38.98256989952193,-11.035668232997663
245.4,-38.19755209591025,-10.370637184512846,-0.0007606866301676476,-0.0018274174253462457,0.001600049646088727,10.866486249876575,1.8102011362255073,-0.15137849087613242,0.0023850889876621327,-0.0016663829679058413,-0.010525331059865004,0.10028309948559956,-1.0,-0.08273500204086304,77.36088350200293,58.45284910748409,-39.015911968986785,-11.181915557884816
245.5,-38.23488957034134,-10.54396708731211,-0.0007077902364551777,-0.0017851501315615604,-0.00039985650643490267,10.876154280693918,1.7299787285674415,-0.155617423301196,0.0017905499182500008,0.0017489014433671904,-0.02555922873643931,0.09364282546999018,-1.0,0.033233627676963806,61.062578715387986,43.45917772165796,-39.04870537783254,-11.328286886939118
245.60000000000002,-38.269847032470466,-10.708009540310865,-0.00016514869825646694,-0.0014722668625611233,-0.0029857472185064573,10.8851331642763,1.6335415973205425,-0.15893813077044047,0.003641255320031377,0.003791671540951302,-0.022906526377017074,0.08823703864612749,1.0,0.41142910718917847,66.62156573463339,44.13609922195377,-39.08094966490242,-11.474780161816167
245.70000000000002,-38.302731863949155,-10.863885148379955,0.0008868295984199028,-0.0010959330382550015,-0.004445977498522002,10.893619999985239,1.5525339110541414,-0.16128444097105948,0.004526166215586245,0.004506624523410378,-0.009700616859218556,0.08039360151150662,1.0,-0.7546087503433228,55.954992785364325,52.192019858891925,-39.11264437676168,-11.6213933224567
245.8,-38.333733595210894,-11.012294600881972,0.0018846840443000313,-0.000612671430611288,-0.004827084645445867,10.90067131273391,1.480192340753297,-0.16192610949472444,0.0011350524650491243,0.005352193332684943,-0.00037345116820243257,0.06396426566304897,1.0,-0.3082917034626007,56.75870188161031,58.179401847081664,-39.14378906770394,-11.768124307115562
245.9,-38.36317349932624,-11.154539996450879,0.0023405873846212067,-9.104886019234518e-05,-0.0045843071436244935,10.905867743563025,1.4191611934437007,-0.1609661433803836,-0.004854078369519409,0.005709172559068178,0.003204513147310609,0.04226311551272424,1.0,-0.9885666966438293,45.0120001362301,65.16359454012375,-39.17438329975751,-11.914971052390698
246.0,-38.39126858049282,-11.291004206654966,0.0021492742238713365,0.0005297378979878847,-0.004262800246192581,10.908239202093906,1.3616613181392523,-0.15777024549376886,-0.009798650340307597,0.006726343448015577,0.0032541811325866804,0.01022977404681178,1.0,-1.0,34.321942490959785,71.48611539534504,-39.20442664269149,-12.061931493252171
246.10000000000002,-38.4183295878641,-11.422464079239504,0.001601444665111935,0.001226616372906201,-0.0038128278813032547,10.9070718476038,1.3167392750730387,-0.15238204989316198,-0.010977478308255973,0.006757151637815745,0.005855770385418427,-0.026154254611102018,1.0,-0.44663679599761963,35.35184231221628,76.16834646891208,-39.23391867402188,-12.209003563071207
246.20000000000002,-38.444783376826315,-11.550500879991356,0.0010350161852703255,0.0017929368984345557,-0.0029632112362092586,10.902453822357552,1.289203164926282,-0.14540249408875813,-0.00910088406445517,0.004298318800255255,0.0100319914930701,-0.05846982895968012,1.0,-0.07282492518424988,40.492298928356725,78.50972560485296,-39.26285897901747,-12.356185193649244
246.3,-38.47103323643224,-11.676330356727235,0.0005761616033747244,0.0019490882572576129,-0.0018786507856320318,10.89531013133301,1.2695509758166226,-0.13797072173979552,-0.006570774243193702,-0.0009760814684282994,0.010253589983327045,-0.07735730477064758,1.0,0.5774819850921631,48.53780480007462,72.31887834284888,-39.2912471507057,-12.50347431524703
246.4,-38.49735215752107,-11.800233626571538,0.00021964397807735814,0.001524752072187986,-0.000993776814463492,10.887188007514123,1.2548732555527171,-0.13112380166709522,-0.004324900031483276,-0.006159110221530796,0.007878604614676064,-0.08336880969179736,1.0,0.03793918341398239,53.28630624769098,74.1979574964718,-39.31908278987838,-12.65086885661372
246.5,-38.523972172375245,-11.923250836866712,-1.809139316592849e-05,0.0007895757383636652,-0.0002995174418794851,10.878757962895147,1.251287595438858,-0.12496460965924765,-0.0023457407400210416,-0.00785258803710565,0.006068329243354199,-0.08373554520895693,1.0,0.4003337025642395,59.55110400445862,72.07765501014582,-39.346365505097275,-12.798366745016002
246.60000000000002,-38.55107653704034,-12.046177338751091,-0.00015595771289192876,5.67193172988831e-05,0.00020358695405067213,10.870745212207652,1.2550267004987037,-0.11989240564763479,-0.000875717135813117,-0.006631047854590764,0.004370906095460863,-0.07705661376446124,1.0,0.3341202139854431,64.94617249282075,71.02270516932374,-39.37309491269966,-12.945965906267254
246.70000000000002,-38.5787890931152,-12.169832911064589,-0.00022273177730976738,-0.0004031775253355584,0.0005869279627451838,10.863523046184824,1.2676462867010478,-0.11559536298830321,0.00014743380117079963,-0.002857228142250732,0.0036592224912492363,-0.06966757742795104,1.0,-0.15331929922103882,66.51913213640522,74.38034619370191,-39.39927063680369,-13.093664264756704
246.8,-38.607199028896396,-12.295144770578643,-0.0002577774598979262,-0.0004255799201511393,0.000941625029701648,10.856877495230737,1.2891109069471491,-0.11158307154125983,0.0007313458782467414,0.0013775015322358784,0.003519325930795513,-0.06396724425585441,1.0,0.16902217268943787,70.40341675314714,74.89647499161512,-39.42489230931366,-13.241459743478616
246.9,-38.63638827721339,-12.422793891222613,-0.0003079654868779711,-0.0001794507496972588,0.0012582164381714268,10.851027281945592,1.315608659765553,-0.10810512100889423,0.0009087258879560982,0.002780042504435832,0.0028168892121618007,-0.05393056604435505,1.0,0.41704732179641724,75.08549539919937,72.47231095931494,-39.44995956992524,-13.389350264061509
247.0,-38.66637297776064,-12.553076576496984,-0.0003923565512242736,3.7231542757389444e-06,0.001475633142536442,10.846544572861287,1.3443359792657044,-0.1055384091560079,0.0009952092321762584,0.000980065847815805,0.00180132658084051,-0.03814388478431154,1.0,0.3991174101829529,79.2512538734417,70.53468602958225,-39.47447206613048,-13.537333746797374
247.10000000000002,-38.697118352432405,-12.686277221987233,-0.00048597693614206783,-8.824586445774209e-05,0.0016263731564135563,10.843875498735855,1.3759083627732323,-0.10413302163833275,0.0013053394003078,-0.0021473417104684927,0.0014170394530800482,-0.018705209936465326,1.0,0.3541504740715027,82.83848748043046,69.37851064540976,-39.49842945322281,-13.685408110670924
247.20000000000002,-38.72851667632172,-12.822390011800104,-0.0005660639667568642,-0.0005174042025450365,0.0016824036693790262,10.843536922451694,1.4020945864410248,-0.10454416480827955,0.00158438981844933,-0.005923232864608097,-0.0005680127006284394,0.008988389586328194,1.0,0.8531384468078613,87.31509539389951,57.43238143555989,-39.52183139430187,-13.833571273388856
247.3,-38.760264565851145,-12.960366162746903,-0.0006084879134840471,-0.0013296479754239215,0.0014598235058323169,10.846718503030752,1.4178324935198758,-0.1076655292773901,0.001936078065406853,-0.00935557767242226,-0.0030328866757424544,0.047658063507716016,1.0,0.609681248664856,90.93984786832604,50.47808396983981,-39.54467756027824,-13.981821151409136
247.4,-38.79201493397485,-13.09981319080942,-0.0005504829877260096,-0.0023050977548244506,0.001147190168397562,10.85392279907799,1.4309636186271872,-0.1132630434229107,0.00252034160574757,-0.009715635509229518,-0.003160602969515369,0.0881826342957502,1.0,0.6159116625785828,94.23072363258947,43.95396780072913,-39.5669676298781,-14.130155659970297
247.5,-38.823379647359914,-13.240631055454877,-0.00039860666620416315,-0.0031248245799502545,0.0009042928942145458,10.865063151248853,1.442164691314422,-0.12087610168129584,0.0027415554064064668,-0.007077286555011095,-0.0024516300701580905,0.12644651407721086,1.0,0.7198627591133118,97.4150943738613,35.918455683728176,-39.5887012896477,-14.27857271312076
247.60000000000002,-38.85394907539334,-13.38287264757486,-0.00022233592633587115,-0.0035575279270605564,0.0007769136052883123,10.879654043094714,1.4551924292550902,-0.12970147544376023,0.002375885556648744,-0.0024644509791171103,-0.0011040418574502502,0.1572460415743117,1.0,0.3821503520011902,99.37014830403717,37.723814686001866,-39.60987823395782,-14.427070223748157
247.70000000000002,-38.88337272341205,-13.527154582054262,-9.655096600913983e-05,-0.003493773405456191,0.0008344865604842016,10.896656647478956,1.4744488715980293,-0.13882432442970002,0.0015825851296563602,0.0023081188359795456,0.000619946678711419,0.17730429968342948,1.0,0.33977174758911133,100.96375383811812,39.90003798925574,-39.63049816500802,-14.575646103608692
247.8,-38.91133911385573,-13.674004016094742,-8.248933399216287e-05,-0.003048998039556842,0.001005603207609736,10.915057642552872,1.4969824286459545,-0.1476382805815046,0.0006153113500953517,0.005380512460394004,0.0011911671047035437,0.18673921843857094,1.0,-0.10898058116436005,99.48453479644196,45.96889215082028,-39.65056079283087,-14.724298263356507
247.9,-38.93757210097663,-13.823608699472981,-0.00018058189496461085,-0.0024270764394988746,0.0011690654907797152,10.933777570761235,1.5210469308200072,-0.15567715477658903,3.699503061472248e-05,0.006050989137937404,0.0010838492914565813,0.1867091442211411,1.0,-0.039627041667699814,98.73982749892919,50.97649547457765,-39.67006583529599,-14.873024612573053
248.0,-38.96191720811305,-13.976224937343058,-0.00032711708090897974,-0.0019170199585889025,0.001336621653932725,10.952294565391849,1.5484388402019165,-0.1631737205264721,0.000200543826792587,0.0036717185520496894,0.0014810942989271513,0.18443002198359695,1.0,0.2786533832550049,100.1158251445403,52.59882344284463,-39.689013018114046,-15.021823059796494
248.10000000000002,-38.984288404360825,-14.132197578064787,-0.0004622533278391155,-0.0017690541859482754,0.0015549396517841754,10.97068590943443,1.5793727855971396,-0.17056298560465058,0.0008446931021556975,-0.0004718265141485967,0.002053768040409291,0.18373272851230638,1.0,0.29445880651474,101.43480479917753,53.885699014186706,-39.70740207484058,-15.17069151255112
248.20000000000002,-39.004586883556094,-14.291787265922178,-0.0005677225973446502,-0.001990201972366936,0.0018021168993368189,10.988999027238677,1.612714210082553,-0.17794881987428063,0.001539869000596145,-0.0035453296966298214,0.0021024615218182096,0.18233393623104152,1.0,0.09372705221176147,101.49068936786027,57.06476419440922,-39.725232746879804,-15.319627877376764
248.3,-39.02269049587321,-14.454617323924452,-0.0006586056373824009,-0.0022773002250596817,0.0018790325888181046,11.006639725473628,1.6345241276737161,-0.18453750910017327,0.0017889619915010958,-0.0020317438205657325,-0.0017299379291098112,0.16938481862098026,1.0,-0.6458117961883545,89.2300924929308,63.676370473017286,-39.742504783488165,-15.468630059858253
248.4,-39.03857830408721,-14.618264239986344,-0.000710935095034523,-0.0020924671360941886,0.001333936396565504,11.021831946136444,1.6292944918628436,-0.18882281717420807,0.0019691048246281207,0.00438045504166594,-0.008426381076751758,0.1382141300996376,1.0,-1.0,74.29159576700468,70.14178263158601,-39.75921794177795,-15.617695964654853
248.5,-39.05252284975526,-14.780362832506784,-0.0005827901068447648,-0.0012340703999585095,0.00028821896332787854,11.033211493534058,1.6052491556311792,-0.19009455805015119,0.0028653208741758677,0.01089251366982636,-0.011416215582626505,0.09659980790103279,1.0,-1.0,60.788377903511346,75.98600314159988,-39.775371986720636,-15.76682349552973
248.60000000000002,-39.064956521108094,-14.939639731778469,-0.00019990363575361954,6.518214767140288e-05,-0.0007664034512648607,11.040107860867913,1.5732855723820787,-0.18804863205593794,0.0037456117351902032,0.013817597526148513,-0.009579844677371633,0.050016976619049254,1.0,-1.0,48.582538452978454,81.2687156016865,-39.79096669115024,-15.91601055537944
248.70000000000002,-39.07633830341373,-15.095662679071555,0.00031983857009793763,0.0014047898967874998,-0.001501155987607169,11.042121159896121,1.5403689187922798,-0.1825677905674964,0.0033002276985406027,0.012698489409086097,-0.005785626641254416,-0.00031154848964409093,1.0,-1.0,37.54942633123988,86.04386925787327,-39.80600183576648,-16.065255046263417
248.8,-39.087115879580104,-15.248555792631066,0.0007591492532811357,0.002485101290972366,-0.0018582553324197584,11.038871738528643,1.5111968266355156,-0.173653543079213,0.0012601345150133156,0.0092289534624385,-0.002315662790994163,-0.05411716233536262,1.0,-1.0,27.576366830974212,90.36022995561606,-39.82047720913789,-16.214554869433456
248.9,-39.09774557453811,-15.398826029568745,0.0009612494052934283,0.0031489424813790747,-0.001900025049074195,11.03033544948556,1.4889417144003558,-0.1618147817719101,-0.001431074891740694,0.004546615381214453,0.000360766282242241,-0.1053945383144692,1.0,-1.0,18.561510940960265,94.26187815679593,-39.834392607704764,-16.363907925363268
249.0,-39.108713408728335,-15.546817964523333,0.0008955056450412345,0.0032575344458554566,-0.0017949797866276276,11.017518558186914,1.4653312293071588,-0.14861854074730654,-0.0037881507333525216,-0.002122358084773183,6.087193217573991e-05,-0.13908007686598436,1.0,0.5871683359146118,28.73820140869432,86.00932559517258,-39.847747835782044,-16.513312113777957
249.10000000000002,-39.12047631936581,-15.691778425206394,0.0006623974664908429,0.0026304538634157734,-0.0018228689131896654,11.002864402161684,1.4364140344534322,-0.13619426193268122,-0.004702580206081609,-0.009029282012996666,-0.0007084697159530349,-0.14974179191848921,1.0,0.3467850983142853,37.14785989525611,83.45910698412081,-39.860542705562054,-16.662765333683588
249.20000000000002,-39.133225529898866,-15.834147461326292,0.0004636481321399416,0.00159359870631766,-0.001710290832919784,10.98771283851203,1.41673860561641,-0.12482997969682581,-0.0038007115261343414,-0.010845002118847613,0.002199270233304987,-0.152450489475795,1.0,-0.04857119917869568,42.319107285036125,84.92925163946508,-39.87277703711714,-16.812265483396715
249.3,-39.14704121205199,-15.97509335526179,0.00037026165664243274,0.0007150738974423254,-0.001255900971121767,10.972420955935833,1.4089424622991513,-0.11431491435943092,-0.0024871605521969635,-0.007299936147380947,0.005563555447183322,-0.15283522896773793,1.0,0.04342326521873474,47.70489151963296,85.55200218367997,-39.88445065840223,-16.96181046057395
249.4,-39.16199269086045,-16.115653557048933,0.0003020808112631679,0.0003409569684969469,-0.0006060985602072234,10.957223900667815,1.4109517310628674,-0.10442533405933524,-0.001840162148181705,-0.0015342736878187486,0.00668456439337995,-0.1513317121178539,1.0,-0.06207019090652466,51.74947655760236,86.91687713482627,-39.895563405257214,-17.111398162241517
249.5,-39.178134433725596,-16.256726109061876,0.0001715260460215979,0.000487184849163083,2.5790138822794035e-05,10.942277125324116,1.420999319257547,-0.09491903456690713,-0.0017355549796642658,0.002961644331764327,0.005759639205268554,-0.14763663994698706,1.0,0.15734615921974182,56.98320594461231,86.34063338070226,-39.90611512140926,-17.261026484824825
249.60000000000002,-39.19551171160882,-16.398993433985538,-3.0690193029331694e-05,0.0008861255775527937,0.0005250041384371337,10.927864343339866,1.4377901772247403,-0.0857591094333016,-0.0014926759685111133,0.00436915450673932,0.0044225883596794606,-0.1419079268498766,1.0,-0.043072015047073364,60.29386563559288,87.49432541249635,-39.91610565847505,-17.410693324178055
249.70000000000002,-39.2141382418482,-16.542660184268087,-0.0002569353925400382,0.0011898769003176042,0.0008034229121259073,10.914356132820952,1.4490950000399596,-0.07747072237642529,-0.0010325166782154177,0.0014654477377113015,0.0006620835073238185,-0.1277790889357377,1.0,0.7461147904396057,66.78354954381194,74.9270956334516,-39.92553487596281,-17.56039657561374
249.8,-39.23391124954245,-16.686531399189498,-0.0004235479885510259,0.0010130221235944896,0.0006714417042842335,10.902949199991557,1.4527365158175367,-0.07100010059747261,6.951248507203628e-05,-0.0034284503614881875,-0.0018286876624866153,-0.10580038176519993,1.0,0.08886125683784485,70.13603882336909,76.12703146734712,-39.93440264127433,-17.710134133932378
249.9,-39.25473019169036,-16.831132018198574,-0.00041565410668539696,0.0005086555609651781,0.000599735301331454,10.893520493905083,1.4642353504532784,-0.06589725827121952,0.0016520397681851744,-0.0057434230339970865,7.215497480016523e-06,-0.08628221626405438,1.0,0.4115527868270874,74.82371015107535,73.66348854609487,-39.94270882970681,-17.859903893452024
250.0,-39.27653005804358,-16.97698672766332,-0.0002929234138984373,-8.610630789704989e-05,0.0007120438603484983,10.886132092074773,1.4802442291677909,-0.06237427800968373,0.002369661663472721,-0.005658316448972068,0.0017424553053158602,-0.06572203332693571,1.0,0.27374783158302307,78.47374158661621,73.16096396419003,-39.9504533244546,-18.0097037480379
250.10000000000002,-39.29920506061875,-17.124221826004245,-0.00019560545624635613,-0.0006074016285637944,0.0008212401506492143,10.881064866039997,1.4913469223398739,-0.06080646156239727,0.0017599287828704649,-0.005161084011612299,-0.00019550641608152668,-0.038378281571075215,1.0,1.0,83.51743411913566,59.7663763034237,-39.95763601661088,-18.15953159113202
250.20000000000002,-39.32247291369218,-17.271568650543408,-0.00018806833354880262,-0.0011908034172439983,0.0005506061725576842,10.879606740375387,1.488705410984072,-0.06227003298183845,0.0007855737991654129,-0.006424050082589388,-0.004124877644512507,0.002798337582957361,1.0,1.0,88.07653269194485,47.65872995229634,-39.96425680516916,-18.30938531578281
250.3,-39.3459772867164,-17.418471513861682,-0.00016449694658894222,-0.001907088191791608,0.00012213455326345662,10.882698043314344,1.48603434092808,-0.06679125794897421,0.0007748006263213257,-0.007352600705076073,-0.0036229546058925187,0.049153455749269215,1.0,0.444177508354187,91.15636728243739,47.445565750833694,-39.9703155970247,-18.459262814674734
250.4,-39.369367372846256,-17.565493303887983,-5.4771633903767715e-05,-0.0026000611218245165,-5.463715863867639e-05,10.890273435095743,1.4871348403718296,-0.07379049229096801,0.0010585363007594322,-0.006571917203782371,-0.0010985466049904889,0.09369723664947896,1.0,0.9215102195739746,94.91037072629369,37.05425933918601,-39.97581230697585,-18.609161980157936
250.5,-39.39221657669729,-17.712756272850317,6.958701894812993e-05,-0.0031271501729044737,-3.1197832625715776e-05,10.902057060649017,1.4899919784884879,-0.08265601358377253,0.0007817292850313168,-0.003967458290765448,0.0006689676807928996,0.13186985005761304,1.0,0.19978368282318115,96.24362601059039,40.85289025405619,-39.980746857725215,-18.759080704277874
250.60000000000002,-39.41413280179727,-17.860989831779776,0.0001317856301305173,-0.003269057339368581,0.00018647315965052857,10.916842484332962,1.500676779316744,-0.09221818500039917,0.00010923021401184187,0.0002517701206696224,0.0022722121780635964,0.1572558734739831,1.0,0.37102168798446655,98.26711652417218,42.3313136539965,-39.98511917988075,-18.909016878804955
250.70000000000002,-39.434800068863204,-18.01092868333003,8.144645991050033e-05,-0.003029742965555502,0.0005127276424989509,10.933601104944609,1.5176119867762061,-0.10196240769043272,-0.000619306009315746,0.003533350957962705,0.002910630647637248,0.17315717068676242,1.0,0.15812547504901886,99.03615783934973,46.03138456271161,-39.98892921195675,-19.058968395264202
250.8,-39.45394982323468,-18.163132735606386,-7.23493175602578e-05,-0.0025949923064019615,0.0008538254542189209,10.951531042828954,1.5391276957914353,-0.11162056851045928,-0.0009225130151247793,0.004213675828077473,0.0028040985174695066,0.18327599811697756,1.0,0.4848051965236664,101.19605540832202,45.30014017807172,-39.992176900374716,-19.208933144964885
250.9,-39.471363638152035,-18.317980469263563,-0.0002717998766575167,-0.0022652884785928267,0.0011619649512741633,10.970368945655487,1.564138329118163,-0.12132547586826996,-0.0005590870919603315,0.0021603952428674396,0.0025346516720947477,0.1913345926055191,1.0,0.3406386375427246,102.61793485166707,46.73771378045856,-39.99486219946406,-19.358909019030175
251.0,-39.4868245684878,-18.475752699226376,-0.000452915963014281,-0.002163090622715352,0.0014290470411164973,10.989679244391214,1.590692219366048,-0.13077308493709694,0.0002766521420257645,9.937424970149304e-05,0.001912797116330924,0.1928152664246863,1.0,-0.17445313930511475,100.36827740010798,52.55448671129372,-39.99698507146282,-19.508893908426824
251.10000000000002,-39.500159999853224,-18.63642018361502,-0.0005786146232213812,-0.002201074285491566,0.0016087959796727432,11.008805048922005,1.6171455605533385,-0.1399046268743296,0.0012738458509196303,-0.0013001148600731234,0.0010969742240262955,0.19098444981041146,1.0,0.4799857437610626,102.3850316975675,51.28176090025125,-39.99854548651814,-19.65888570399479
251.20000000000002,-39.511287322186504,-18.80008522795538,-0.00063343110074865,-0.002387835049259878,0.0017396222909006288,11.027964040993359,1.645574827689338,-0.14920869020198413,0.0021859188059936466,-0.0026391020410892413,0.0008014424474669444,0.19196242618413994,1.0,0.30232948064804077,103.52257155466015,52.60415606108034,-39.99954342268671,-19.808882296476927
251.3,-39.520081945323824,-18.966801999809192,-0.0006393243157598103,-0.002592569769758831,0.0018194957675319895,11.046983426168076,1.6725217538486208,-0.15818197865779465,0.0026618052697712376,-0.0017207905653254347,-0.00027405217423675794,0.1873148339300093,1.0,-0.3600626289844513,99.12160446073727,58.776031025493985,-39.99997886593508,-19.958881576548617
251.4,-39.52646323577229,-19.136157860879898,-0.0006231950658408238,-0.002595516646880209,0.0017623679810260986,11.0651779695067,1.696867590154875,-0.16649532352675325,0.0028578330308707406,0.0002952870051255904,-0.0012813426809422522,0.17937737997455366,1.0,0.3665519654750824,100.85056995750855,58.590627337054826,-39.999851810139816,-20.108881434847458
251.5,-39.5304193479114,-19.308255078998773,-0.0005795804071766157,-0.002493493105823053,0.0017012458758928041,11.082862793788081,1.7239289499175006,-0.17458859427315782,0.0030239234804084656,0.0009063443580588144,-0.0007979783938793378,0.1750470478963519,1.0,0.09261400997638702,100.95513856076674,61.327395470342594,-39.999162257087654,-20.258879762002916
251.60000000000002,-39.53187712891139,-19.48323905980473,-0.0005306270110022884,-0.002349267594033512,0.0016930359436086852,11.099967507190712,1.7516395049477267,-0.18206045689200545,0.002948418672905896,0.0014023079481811768,-0.0004469554794461367,0.1675102987209643,1.0,-0.21796949207782745,98.42875463879164,65.98733345213275,-39.99791021647541,-20.40887444866599
251.70000000000002,-39.53079727089448,-19.660992996384877,-0.0005068443783233811,-0.0021453736030406165,0.0016805813828308814,11.116051675772315,1.7787550313035574,-0.18862930476191875,0.002702804707092498,0.0019269241103116262,-0.00047428427280365505,0.15629620619775855,1.0,-0.09418972581624985,97.3241018892304,69.45207529033767,-39.996095705909894,-20.558863385538867
251.8,-39.52725710064809,-19.84089817997865,-0.000520096817187309,-0.0018387529238468048,0.0015044974050210384,11.130556540883791,1.7912793012611727,-0.19358091680060813,0.0021557626152085944,0.004019198702218189,-0.004189212169628162,0.13434963452095275,1.0,-1.0,81.60793918981449,75.36256233213986,-39.99371875090763,-20.708844463404592
251.9,-39.52170642526372,-20.020274773612762,-0.0005207125800430989,-0.0011612560971583459,0.0007485911549422275,11.141763193395834,1.7766013264747185,-0.19540793590633346,0.0018665769183690301,0.00841325891456144,-0.009679307946270576,0.09575005360368193,1.0,-1.0,67.40177287992002,80.70517448844176,-39.99077938489451,-20.858815573156733
252.0,-39.514774350878085,-20.197250541366504,-0.00034486474820848764,-0.00010343871623678862,-0.0003035312540811436,11.148593401664321,1.7484590733702179,-0.19369713063721022,0.0024898885269899547,0.01167661190526652,-0.010497639696648377,0.049215887147917595,1.0,-1.0,54.56052370960689,85.53447272575954,-39.98727764920531,-21.00877460582903
252.10000000000002,-39.507069106187714,-20.371012507106503,4.923780705291864e-05,0.0011273071836729533,-0.0011959801374288818,11.150450355123946,1.7155651084731642,-0.18817919896837168,0.0029343046782916,0.012406082513444494,-0.007586660541291725,-0.002524973814356646,1.0,-1.0,42.95305152767011,89.89977583642066,-39.98321359308314,-21.158719452625057
252.20000000000002,-39.499135263711715,-20.54142137800949,0.0005158678127194854,0.0023006108495332244,-0.0017269461928006906,11.146859946830567,1.6835578500081658,-0.17871743243786714,0.002037635350538146,0.010896996346268482,-0.00395741476731914,-0.058314644855758616,1.0,-1.0,32.46081602413999,93.84566410248298,-39.97858727367871,-21.308648004947873
252.3,-39.49147727877593,-20.708791547738834,0.0008544925860174742,0.0031982217077287296,-0.0019226588816732796,11.137802861887563,1.6562527319610045,-0.1658107047286616,-0.00014115846968418993,0.007144377076629033,-0.0011664994492632953,-0.1111811233402936,1.0,-1.0,22.976666147575784,97.41243456802582,-39.97339875604958,-21.45855815442969
252.4,-39.484547215473974,-20.873760634944162,0.0009545813214377624,0.0036307727982852964,-0.0018595540005607218,11.123990327503847,1.6364659191271762,-0.15045107836281613,-0.0025438202615736304,0.0018957739987519673,0.0010041932073505337,-0.15447367275655396,1.0,-0.6318172216415405,18.607177720273633,100.11716935861655,-39.96764811315919,-21.608447792961492
252.5,-39.47871828083303,-21.037158245028305,0.0008321669470345867,0.0035320730631628354,-0.0015827276272023948,11.1066363995024,1.6250416470865816,-0.13385221521457594,-0.004129033127216244,-0.003329189805086493,0.002850603512152054,-0.1841767109804471,1.0,-0.19083519279956818,24.267823322397543,100.89971751847432,-39.961335425875845,-21.758314812722716
252.60000000000002,-39.474290405171,-21.199776759451826,0.0005765538347238278,0.0030048814913938926,-0.0011475612764751248,11.087145733846272,1.6209207619132329,-0.11715023076585357,-0.004488360160636464,-0.006642272610761654,0.004164613727107185,-0.20058318149461454,1.0,-0.11013615131378174,30.147144582010316,101.1153041047813,-39.95446078297162,-21.90815710621086
252.70000000000002,-39.47151070729154,-21.361998929745,0.000281147068244224,0.0022892481607933563,-0.0007071446956835407,11.066776409748268,1.6161885948188228,-0.10129620926771071,-0.003955696042916532,-0.0076774571774914264,0.003073669814085193,-0.20342999938131295,1.0,0.4809936285018921,38.91387230022597,95.15920066303745,-39.94702428112106,-22.057972566271143
252.8,-39.470603458040074,-21.523138645502325,2.8240585715917168e-05,0.0015430229347574514,-0.0005415781578650209,11.04700536246441,1.6026928223661137,-0.0873281612307973,-0.0028387123031212128,-0.00733981835912495,2.406175110870835e-05,-0.1924331776440063,1.0,0.546840488910675,47.03102398147103,88.38980700546054,-39.939026024899846,-22.207759086126128
252.9,-39.471617041567,-21.68221925078555,-8.813120878662474e-05,0.0008769324690236001,-0.0007154105092958368,11.028999115773908,1.5770889943546382,-0.07584560860054954,-0.0014254081575869437,-0.006461976791262054,-0.0034771580236155836,-0.17004311085121723,1.0,0.7090712189674377,54.731029279850624,76.24070433929522,-39.93046612678334,-22.35751455940535
253.0,-39.474452679199736,-21.837720433687117,-1.8850338207093547e-05,0.000271070809057827,-0.0012399353582768162,11.013893167905028,1.5363684024356405,-0.06746214472905608,-0.000199586053800583,-0.0060910449051935975,-0.0063364834603426125,-0.1372336560014942,1.0,0.9346956610679626,61.99787546848151,62.98657636113944,-39.92134470714496,-22.507236880174926
253.10000000000002,-39.47882093790088,-21.988873738663745,0.00024355199294405234,-0.00026993350611527255,-0.0018160968334925186,11.002271938887336,1.495852153467281,-0.061948134072361175,0.0007124532670252062,-0.0049270093843436875,-0.004423753054024303,-0.10317403697246677,1.0,0.37124648690223694,67.31257181518275,62.33547184763983,-39.91166189425451,-22.656923942967197
253.20000000000002,-39.48434916010575,-22.13645121773184,0.0005984420282092348,-0.0006471323560130844,-0.002039342209216094,10.993940226440746,1.4612398939411844,-0.05884603479972666,0.00039803988593284563,-0.0035703695783278673,-0.001302682974382298,-0.068831126474608,1.0,1.0,73.42862064612144,49.980988843679526,-39.9014178242764,-22.8065736428103
253.3,-39.49073704854034,-22.280327738237425,0.0008441447993490284,-0.001014641684913613,-0.0021302675415777765,10.989512981332506,1.4244097778337064,-0.058673897042918866,-0.0013306501984645684,-0.0040845807269870174,-0.0006742428728405627,-0.02714938368832237,1.0,0.871825098991394,78.83173534575201,39.73774814873812,-39.890612641267694,-22.956183875257803
253.4,-39.497650453026196,-22.420695986886958,0.0009091853271612787,-0.0015129252141980552,-0.0021516648592894267,10.98959694337079,1.3912470308132132,-0.06151173173488785,-0.0031012399012540644,-0.005678937745235344,0.00020283330227180215,0.02031677496204227,1.0,0.9775882363319397,83.82236995551216,29.6971884778764,-39.87924649717609,-23.10575253641828
253.5,-39.504723758933764,-22.5581721432937,0.000836603243411461,-0.0021740912561104535,-0.002010673856486487,10.994639495185895,1.365529331837574,-0.06719806138170643,-0.0040469638046908025,-0.006810443434368299,0.0022131900143928605,0.0701612805930952,1.0,0.6398864388465881,87.85042685361111,24.474826992674064,-39.86731955183781,-23.25527752298489
253.60000000000002,-39.51154439180122,-22.693667438687093,0.0006904794711156841,-0.002829173166927574,-0.001632318056884904,11.004420499850134,1.348664722032491,-0.07499361647733309,-0.004189491408297996,-0.005780739339920233,0.004318723151385484,0.11545414297644459,1.0,0.8169524073600769,91.7986455336138,17.179438010536597,-39.854831972975326,-23.404756732264982
253.70000000000002,-39.5176931716854,-22.82805777457035,0.0005030417684933253,-0.003259536383362713,-0.0010827202132177025,11.018278124888681,1.3401987423070392,-0.0841453151810728,-0.003875839093523469,-0.0027876513644006892,0.005433729167889165,0.15273043443988982,1.0,0.6400983929634094,95.06080576411401,13.154593860987683,-39.84178393619501,-23.554188062209633
253.8,-39.52276371483565,-22.962211552248025,0.0002909328631987258,-0.0033253069830529924,-0.0004707361206568895,11.03524659263877,1.3401008135259038,-0.09385420536546242,-0.0032896414611788918,0.0010158456165474707,0.005527601598048148,0.1794629178574164,1.0,0.3357202112674713,97.05104373656418,17.741311482748785,-39.82817562498466,-23.70356941144323
253.9,-39.52638859810199,-23.096917810065264,7.15199160727004e-05,-0.0030572742640885323,0.00010654760787689173,11.05433496643695,1.3471195273965457,-0.10364752292619345,-0.002501359510819939,0.0035025379333286587,0.004796921038029864,0.19794594930321696,1.0,0.6383194923400879,99.80471019652816,13.706331722108413,-39.81400723071093,-23.852898679293013
254.0,-39.52825854594311,-23.23277375043147,-0.0001318990324957039,-0.0026831228403192985,0.0005820073304908767,11.074973018205826,1.3598206578849545,-0.11340223954815008,-0.0015402462398589976,0.003539235351801668,0.0037453574148625397,0.21113372730926017,1.0,0.3359679877758026,101.3402262058918,18.2369967522821,-39.79927895261663,-24.00217376581861
254.10000000000002,-39.528083658995925,-23.370328287467373,-0.0002935623699315586,-0.0024052558949763723,0.000962716947983631,11.096618761905807,1.3781627598172808,-0.12301009468940871,-0.0004818186038175455,0.001793683712164674,0.002972368978766638,0.21969504264652528,1.0,0.50789475440979,103.34908198553288,19.741648892282733,-39.78399099781794,-24.151392571841583
254.20000000000002,-39.52561257776362,-23.510038859645274,-0.0004056474413285615,-0.002351946367609292,0.0012671536615783822,11.118974777380025,1.4002354447744847,-0.13260628191974017,0.00043687085365942495,-0.0006696704753229958,0.002068218186276204,0.22566135939531587,1.0,0.514037549495697,104.30098373190361,20.977374527075227,-39.76814358130145,-24.300552998974922
254.3,-39.52065242500849,-23.65193775672668,-0.00047941176589427867,-0.0024860541352841625,0.0014353320215329164,11.141691268100253,1.4217960814179933,-0.14208743011292035,0.0010762515412719917,-0.0020982688386381424,0.0005688335859038107,0.22766179270300205,1.0,0.29276973009109497,104.12747473067624,25.3218067640489,-39.751736925921215,-24.449652949652588
254.4,-39.513054355348025,-23.79599933519096,-0.0005121118532793709,-0.0026745645077620355,0.0014897629300664884,11.164425638257823,1.4439422368562895,-0.15140993128559524,0.0015918735603373728,-0.002139760642479442,-0.0003608610280814484,0.2268907143589419,1.0,0.3388397693634033,104.17054661702565,28.70111483883464,-39.73477126239554,-24.598690327158977
254.5,-39.50269538784436,-23.94225070983147,-0.0005033627274509512,-0.002806102800722034,0.0014987298909589868,11.186979372760486,1.4673385965039711,-0.1605226952840099,0.0019789828044530183,-0.0012327522878133714,-0.0005103495102950853,0.22438067635529177,1.0,0.14519475400447845,103.96130818771553,33.83308449351977,-39.7172468293038,-24.747663035658423
254.60000000000002,-39.48944303650847,-24.09083311878321,-0.0004700081068846743,-0.0028261453213089425,0.0015280752292848821,11.209197889907982,1.492763666284949,-0.16934543386149997,0.002144442801722929,-0.00010436055403940356,-0.00022816320518032393,0.22065079550558586,1.0,0.23833023011684418,104.07133102192608,37.54264513863908,-39.69916387308304,-24.896568980224668
254.70000000000002,-39.47323777097262,-24.241535449897395,-0.00044898132015121456,-0.0027068700266439467,0.001495158592596068,11.230770859749969,1.5121341969918458,-0.17741546912001555,0.0018861582646149911,0.0018026899303996053,-0.0019355220998665797,0.2105711120409637,1.0,-0.530502438545227,96.72036989876166,45.74644317469388,-39.680522648024535,-25.04540606687032
254.8,-39.45424020478165,-24.393409733544726,-0.0004386250700567781,-0.00237388630580878,0.001250826268010513,11.250896520465265,1.525784644655694,-0.1843341353701308,0.0017844215511851188,0.0035009173602893193,-0.0029959866823994767,0.1957551565212453,1.0,0.04548080265522003,96.89417040663903,50.116975668170184,-39.66132341627021,-25.194172202576308
254.9,-39.43245472822325,-24.546698953428105,-0.0003809405047642593,-0.0020220690422725015,0.0010964616898117877,11.269748937326483,1.5446561817701696,-0.19055699936957604,0.0020772711507730025,0.002970962946227841,-0.00116011171428186,0.1836928554666862,1.0,-0.10699732601642609,95.82366917969827,55.19123317261402,-39.641566447808934,-25.34286529532129
255.0,-39.407830443216795,-24.701738616509324,-0.0003028360722268086,-0.0017960475399193818,0.0011298715386443604,11.287419384775545,1.5671388697155155,-0.1960940115882163,0.002080730356113779,0.0013646987123932702,0.0006836954184146167,0.1722458936065151,1.0,-0.02173362672328949,95.57464012315212,59.180966813504064,-39.62125202047277,-25.491483254111106
255.10000000000002,-39.38045971064328,-24.85830910139902,-0.0002805870649641319,-0.0016673404286138146,0.0011401584709367643,11.303641821411066,1.57964233017768,-0.20044195946075652,0.0013343107193567831,0.0015661245456444772,-0.0018633570898073757,0.15286127985162917,1.0,-0.7438105344772339,82.26010486718263,65.77377673128802,-39.600380419932996,-25.640023989008156
255.20000000000002,-39.35107796731767,-25.014293589733324,-0.0003197549445712899,-0.0012983272451157239,0.0006312151884025883,11.31694873384659,1.5682377217440313,-0.20236255382826332,0.0006328346007783625,0.005153151801746717,-0.007424763678651791,0.11828587386581704,1.0,-1.0,67.99127899865225,72.0376717677754,-39.57895193969616,-25.788485411160806
255.3,-39.320545835785886,-25.167972928848908,-0.0002626521112776059,-0.0005384824515242448,-0.0002517485102571047,11.326249843544993,1.5429751987671263,-0.20143326425661168,0.0010831513025758499,0.009012762538297952,-0.009249342275777343,0.07539488365129055,1.0,-1.0,55.093390550169815,77.69973676022863,-39.55696688109991,-25.936865432832754
255.4,-39.28953417976949,-25.31862712986157,-6.19870799152879e-06,0.0004905076879044538,-0.0010569000935649092,11.330972546315337,1.5131367045355009,-0.19743292886422417,0.001950988709591912,0.010846949318681387,-0.006890451948530799,0.027920455433691045,1.0,-1.0,43.43472094678005,82.81779505974035,-39.53442555330878,-26.08516196743239
255.5,-39.25851662360597,-25.46621859396922,0.0003679218197915533,0.0015631459068510775,-0.0015254770942036533,11.330702778775871,1.4845601056069653,-0.19019822680641904,0.0018709546088739788,0.010382278915074478,-0.0032396692374223454,-0.02368746846207112,1.0,-1.0,32.89620702925604,87.44411439590384,-39.51132827330981,-26.23337292954214
255.60000000000002,-39.227826425153026,-25.611151315333313,0.0006783700389656007,0.002484517572511778,-0.0016545120136659264,11.325130980197791,1.4611294269525141,-0.17980831576474168,0.0004557741158673318,0.008023001184986498,-0.0003269388256543768,-0.07676920766219837,1.0,-1.0,23.370225131839838,91.62594065649998,-39.487675365908125,-26.381496234947786
255.70000000000002,-39.19771628467094,-25.754133012843806,0.0007925343906175008,0.0030720133575120596,-0.001534279122937538,11.314526500032724,1.445365473369464,-0.1668978225509088,-0.0015398396332544266,0.003997924697015756,0.001639979920891637,-0.12451015309668155,1.0,-1.0,14.759491984825015,95.4059803820572,-39.463467163722335,-26.529529800667795
255.8,-39.16838328483595,-25.896021379006537,0.0006946527499096216,0.0031971223355915256,-0.001238071192197029,11.299812646962982,1.4377087274512754,-0.15250369557246563,-0.00308372992875589,-0.0010629398658813392,0.0029741092904757172,-0.15991525538222767,1.0,-0.0736834853887558,21.871123437033948,95.90495117907437,-39.4387040071799,-26.677471544982584
255.9,-39.140046911691485,-26.03748906497198,0.0004557118673129842,0.0028075429437285034,-0.0008623967973617475,11.282578519893967,1.4341863522272902,-0.13799260885478434,-0.0036546315609871367,-0.005950104422212931,0.003158680807008208,-0.17833629973963516,1.0,0.24997954070568085,30.490233360650755,93.52609190503354,-39.41338624451229,-26.825319387463814
256.0,-39.11298176056595,-26.178677632419557,0.00018093073014088847,0.0020371298008149182,-0.0005547607111982859,11.264437399374835,1.4296789361877302,-0.12443939392796888,-0.0032142533175786893,-0.008729671811065254,0.002126716649514347,-0.18164336855758142,1.0,0.4168480336666107,39.00641412412327,89.31488738886132,-39.38751423175014,-26.973071249003567
256.1,-39.08737677633999,-26.3195333243708,-2.2770307775174094e-05,0.0011773972074140503,-0.00035871519134340576,11.246596281711698,1.4255161271155343,-0.11234291651005542,-0.001959305092361787,-0.008153785793069957,0.0015688538014767765,-0.1755818414553644,1.0,0.2841956615447998,46.14817855303062,87.19119869726096,-39.36108833271822,-27.12072505184365
256.2,-39.06329384409285,-26.460015885143505,-0.00010714700521292456,0.000508425624745427,-0.00026643277378264737,11.229846416345373,1.4161846232704196,-0.1020428461503057,-0.0007502699749455618,-0.005907060261410378,-0.0003879652465032448,-0.16000877544514067,1.0,0.658881425857544,53.835996222233334,76.02208901398208,-39.33410891903027,-27.26827871960504
256.3,-39.04089316149354,-26.59928850160822,-8.381866458209797e-05,9.022570697045215e-05,-0.0004043902053347064,11.215060999319098,1.4032848938595421,-0.09360426553560004,0.00022321195004745262,-0.002685251372029017,-0.0012488165085093718,-0.1412818539609984,1.0,-0.18826249241828918,56.13745975108381,79.10502261201493,-39.30657637008385,-27.41573017731671
256.40000000000003,-39.019889990208995,-26.737835801339127,3.739979992619378e-05,3.516832225631868e-05,-0.0004712426109073997,11.201920384022651,1.3937761940351938,-0.08637140578727515,0.0007113869183534874,0.00021550350711220474,-0.0008233751349043915,-0.1231078321692019,1.0,0.6294045448303223,62.80253006608249,69.4090082602569,-39.27849107305499,-27.563077351444974
256.5,-39.000318312903524,-26.87494847268847,0.00015748374529123282,2.237678261605328e-05,-0.0006712488048812662,11.191311554157682,1.3734554021334502,-0.0813769364455983,0.00022124263307635083,-0.0009673874240403446,-0.0029878317015090915,-0.09315783142601636,1.0,1.0,69.35190011467348,56.37490551396617,-39.24985342289269,-27.710318169922616
256.6,-38.98216304545174,-27.009717317042195,0.0002535889845309483,-0.0002711366825527812,-0.0010585136556063714,11.184261189756315,1.346721011672407,-0.07910308078962996,-0.00036295752858527295,-0.004433658821874467,-0.004063451433145116,-0.054639841007544016,1.0,0.837762713432312,75.10495221354238,45.816817251907494,-39.220663822313455,-27.857450562178055
256.7,-38.96518212968943,-27.141949804100314,0.00036341043170562523,-0.0009122539438268403,-0.001391931290514389,11.18139492653626,1.3204915025938033,-0.07972969741420019,-0.0006444187538792336,-0.007651666625639716,-0.002581628907703758,-0.010572172596433602,1.0,1.0,80.47231534477537,35.04943341944118,-39.190922681795556,-28.004472459164454
256.8,-38.949017461454936,-27.271896959842653,0.00048248061048413463,-0.001790761673679316,-0.0014862046804095452,11.183237707351251,1.2988560052019498,-0.08333515695982477,-0.0009493459730747835,-0.009168964780686234,0.0001971810778532519,0.03806978493751685,1.0,0.6940918564796448,84.93164655108937,28.25620600755915,-39.1606304195733,-28.1513817933888
256.90000000000003,-38.9331712560211,-27.400257934782893,0.0005578305061627898,-0.002633899277231108,-0.001275528013139001,11.189809054784297,1.2864247849037251,-0.08919453536746913,-0.0015254315540034705,-0.007174860210858746,0.0031295216244757364,0.0825680450646408,1.0,0.14772173762321472,86.91882766802529,33.40718005349126,-39.12978746163111,-28.29817649894101
257.0,-38.9170324880746,-27.528065507111094,0.0005282708504193921,-0.0030732496684452645,-0.0008005643410035596,11.200168986868103,1.2851723649160052,-0.0961775840720878,-0.0022849942293022797,-0.0022159915981847514,0.005138007791872517,0.1165645101732485,1.0,0.423240602016449,90.03648578636059,34.87911773162951,-39.09839424169758,-28.444854511522955
257.1,-38.90003556891262,-27.656279827163413,0.00036623017496736015,-0.003001496150305884,-0.0002030175738091362,11.213393045551447,1.293442050574994,-0.10364148861163797,-0.0028482141525356976,0.002668074773636674,0.005685454383404924,0.1412630280208885,1.0,0.15934956073760986,91.60367318455152,39.28350277677418,-39.066451201239346,-28.5914137684775
257.2,-38.88170998863147,-27.785556510316123,0.00010305191300162057,-0.002578868948547984,0.00035516259722705645,11.228678263120893,1.306244925921946,-0.11131154590448293,-0.0028462702632596954,0.004595628849536496,0.004472316048762015,0.16090287082201893,1.0,0.7655490040779114,95.11628498791805,31.113560372319803,-39.03395878945489,-28.737852208817504
257.3,-38.8617441287225,-27.9160593773097,-0.00017914321855935425,-0.0021884318755646935,0.0007523143541453095,11.245867073475619,1.3220440103990112,-0.1192709785982598,-0.001993921726909109,0.0030773224940919518,0.003211267311365985,0.17822830499562725,1.0,0.33067238330841064,97.07930519732122,34.03649451406441,-39.00091746326823,-28.88416777325482
257.40000000000003,-38.839718315650245,-28.04832176572374,-0.00038519121462818746,-0.002004485892850691,0.001106732306219455,11.264360760918025,1.3445650852268307,-0.12715967295651115,-0.0005191592440183814,0.0007482641756781546,0.003178151095626351,0.18848155753290566,1.0,0.18346677720546722,98.11159046021281,38.2877213527044,-38.967327687322445,-29.030358404229233
257.5,-38.81526320342431,-28.182832332883226,-0.000497152379071678,-0.002035274434831189,0.0014609561219359542,11.28358192690473,1.372214375067591,-0.13506284070484956,0.0008175555934142018,-0.001391152874868988,0.0030805950040110964,0.1945917606927793,1.0,0.4254869818687439,100.16189535107168,39.25769161162488,-38.933189933973225,-29.176422045937397
257.6,-38.78808313021851,-28.319960934654475,-0.0005544478577937019,-0.0022301902420417256,0.0017769013719656699,11.303311213608415,1.4039624885836546,-0.1431224143004661,0.0016297584635719719,-0.0026281381302311483,0.0024620571153588255,0.19860737364179987,1.0,0.2224711775779724,101.11490943683066,42.612539025364924,-38.898504683282155,-29.322356644361765
257.7,-38.75791297151002,-28.459958278994552,-0.0006001536611675187,-0.002437284219918919,0.0020090538740487347,11.323187770764308,1.4382732524245263,-0.15110252389232637,0.0019970608161646516,-0.0020533482918886565,0.0013979210462756813,0.1980703697210224,1.0,-0.020796746015548706,100.3649402061668,47.803826504703245,-38.86327242301001,-29.46816014729945
257.8,-38.72456057994381,-28.602905048980674,-0.0006495013147402501,-0.0025002257230837387,0.0021369918877899496,11.342733387202546,1.4740686075818124,-0.15877914835921744,0.0022379989050077737,-0.0003154095930631462,0.00047828359198578534,0.1934126574257328,1.0,0.028241142630577087,100.062756030534,52.11657103246579,-38.82749364860986,-29.613830504391096
257.90000000000003,-38.687870778961056,-28.748911578315326,-0.0006912004761337162,-0.002417807291280955,0.002211746493052412,11.361801913631853,1.5118811486325698,-0.16627591152333976,0.002560109925362827,0.0006404165271546701,0.0002208315116371776,0.18945295893012515,1.0,0.3547419309616089,101.65289249226151,52.72249254940521,-38.791168863220136,-29.7593656671497
258.0,-38.64770970176089,-28.8980684235937,-0.0007186284485944151,-0.0023471794345592944,0.0022761368049811163,11.380716003271205,1.5507921386345083,-0.17389482638257261,0.002872908313198648,-0.0001652433764392724,0.000144657382733088,0.1894620764376391,1.0,0.45626839995384216,103.46919260514203,51.831619070722034,-38.754298577657536,-29.904763588989447
258.1,-38.60399093736372,-29.050214393558186,-0.0007394374631798889,-0.002367668744967493,0.002291018360615492,11.399567423969197,1.5868430849828716,-0.18132993657441968,0.003015436450711806,-0.0005919280453104321,-0.0007901227272089965,0.1862473818891479,1.0,-0.3157734274864197,99.6194086392525,57.887478221809026,-38.71688331040984,-30.050022225254445
258.2,-38.5567512551019,-29.2048768788201,-0.0007486415121901666,-0.002323425867941147,0.002196308094854468,11.41759556727076,1.619763255884032,-0.18799785355201507,0.003183471975760167,0.00047020302682140755,-0.0015314927018018315,0.1761044894399838,1.0,-0.08706238865852356,98.46257323430225,62.08255677483432,-38.67892358762862,-30.19513953324752
258.3,-38.506058380793725,-29.3617926928802,-0.0007266226977532439,-0.0021474461424093433,0.0020463470727902777,11.434366154042149,1.6483630517924224,-0.19370023399528744,0.003340310858090976,0.002232659862705044,-0.002401564649485155,0.16069235107077093,1.0,-0.5204786062240601,91.99958628516625,67.90004116934693,-38.64041994312186,-30.34011347225892
258.40000000000003,-38.452426613434675,-29.519879208552666,-0.0006775007610566476,-0.001720754075171428,0.0016707485216591223,11.448949298366296,1.661058884956889,-0.1975108554279997,0.0032164894966861444,0.0053388006347554,-0.005518729234044108,0.13413077192056008,1.0,-0.6679708957672119,80.18970555807576,73.51645744074422,-38.60137291834643,-30.484942003595016
258.5,-38.39688379122141,-29.677357037766296,-0.0005671159722861028,-0.0009590621313373966,0.000915993084633048,11.460176755699708,1.6534468479311937,-0.19858504444636416,0.0031091888760209747,0.008827185282753879,-0.009012178108853831,0.09626842501967826,1.0,-1.0,66.11980200547018,79.03644188403503,-38.56178306240046,-30.629623090606977
258.6,-38.34051102242427,-29.832775055039235,-0.0003261428895107199,7.304007898904305e-05,-4.8003240207458167e-05,11.46710879621121,1.6322641587237976,-0.196419832257546,0.003232551062371594,0.01096958619283709,-0.009634328665182114,0.050580132046306465,1.0,-1.0,53.401723575299805,84.02607062033806,-38.52165093201566,-30.774154698719393
258.7,-38.28410376277832,-29.985523810777103,4.7261876576920446e-05,0.0011858968683213526,-0.0008845383058177317,11.469156141231753,1.6062789844076637,-0.19079878154014812,0.003055706098285692,0.010985835358850303,-0.007234562322940017,-0.0002480216866669223,1.0,-1.0,41.90558798693531,88.53629980339328,-38.48097709154944,-30.91853479545891
258.8,-38.228188208100335,-30.13562287566079,0.00044273587021236417,0.002207982839174556,-0.0013997703235241446,11.465844722524391,1.5811820140849957,-0.1815823482851944,0.001946082499896778,0.009446174079445402,-0.0038586188576404654,-0.055242083284426306,1.0,-1.0,31.51399194578003,92.61318976029115,-38.43976211297702,-31.0627613504828
258.90000000000003,-38.17311609568094,-30.28350991005436,0.0007156204745916196,0.0029878548644559568,-0.00158187203595024,11.457118472009494,1.560716352378967,-0.16918787360137041,7.050849518985087e-06,0.006265106053004307,-0.0009378542357022928,-0.10777675734531626,1.0,-1.0,22.12081217223523,96.2983753785962,-38.39800657588336,-31.20683233560751
259.0,-38.11910640273602,-30.429898321723517,0.0007847641280169876,0.003376830748620508,-0.0014921145445882143,11.44363301599224,1.5473477344376327,-0.15447574778248696,-0.0020014433029785245,0.0018627397685731643,0.0013327065093630627,-0.1514268556163074,1.0,-0.7129255533218384,16.282201796979244,99.27175908356291,-38.355711067455005,-31.350745724837175
259.1,-38.066342166214405,-30.5754901461397,0.0006600730018663329,0.003288162650245795,-0.0012377141591487844,11.426647020377041,1.537808619131524,-0.13874609163556004,-0.0034065632977951198,-0.0032590128153439923,0.002041539685573703,-0.17920129105277421,1.0,0.2524111866950989,25.450667148919557,96.5431559549422,-38.31287618247185,-31.494499494392148
259.2,-38.015105839611294,-30.720584627676526,0.00042602808899208145,0.0027297983274954785,-0.0009607746002432961,11.407894915359664,1.5315540705275554,-0.12330248340761968,-0.003664468166793069,-0.006966011052935407,0.0025582372640608484,-0.19220902861975775,1.0,-0.22181466221809387,30.13889755644624,97.84032943459904,-38.269502523298755,-31.6380916227374
259.3,-37.96529611834022,-30.865959274795145,0.0002016496245218742,0.002043463193772895,-0.0005648377127318193,11.388157969779702,1.5341608626955217,-0.10821376263511298,-0.0028131915777573693,-0.006515489650952811,0.0040934492345117875,-0.20042018834471054,1.0,-0.3094322383403778,33.40959255446891,99.44705101881142,-38.22559069987708,-31.781520090611004
259.40000000000003,-37.916819378366455,-31.01227334664397,2.5090542730562842e-05,0.0015622024923184516,-9.84543305976227e-05,11.367923133292074,1.5405298260419475,-0.09371229402790608,-0.0017529402226968331,-0.003797609758787403,0.004007095875262497,-0.20213067092404235,1.0,0.2752333879470825,41.04589288478602,96.45067928292605,-38.18114132971614,-31.92478288105248
259.5,-37.86988409070131,-31.159373923245443,-0.00012080699326915176,0.0013009156229759457,0.00017122905690913537,11.348203632472714,1.5408351980599897,-0.08055342079065675,-0.001005917424739864,-0.00211256189085822,0.0009312804704327746,-0.1921185574754249,1.0,0.5642963647842407,49.004497811724505,89.04223641196074,-38.13615503788445,-32.06787797943121
259.6,-37.824795285732925,-31.306499510937286,-0.00021014250127272542,0.0011021067762862656,9.334699331430762e-05,11.330068885881452,1.5344202900405501,-0.06921762750590313,-0.00020739423774614847,-0.0019500774507638687,-0.0018776364394849424,-0.17366784376558778,1.0,0.4723110795021057,55.931766382676585,84.39629459038608,-38.09063245700101,-32.210803373474725
259.7,-37.78153319713934,-31.453356539805643,-0.0001829290372795958,0.0008756042508385805,-0.00012590570183164946,11.314025098404732,1.525840499134172,-0.05977921869841452,0.0006936979329411606,-0.0026074691169472217,-0.0025713100086684534,-0.1508657181353319,1.0,0.5774965882301331,62.49389727043308,77.63920856338383,-38.04457422722635,-32.353557053297024
259.8,-37.74012040592704,-31.59935138852807,-5.6499484950899874e-05,0.0005184357870271232,-0.0004339916324002428,11.300677054182607,1.5082887746218312,-0.05276307271337848,0.0009997301355146144,-0.004482353462547178,-0.003890827022499665,-0.120424349813893,1.0,0.8472880125045776,68.91793658599077,64.95145482854228,-37.997980996253574,-32.49613701142685
259.90000000000003,-37.70067587801186,-31.743367598848447,0.00011978972608710583,-6.419834716051931e-05,-0.0009004494736822963,11.290870927637357,1.4812551327852566,-0.04871611455560093,0.0007385999032089714,-0.00671177561409534,-0.004927068164570883,-0.08257803640260288,1.0,0.7137992978096008,74.52357607844043,54.98503368967229,-37.950853419299236,-32.638541242835885
260.0,-37.66303640776297,-31.884887348620513,0.0003266096448489164,-0.0008127343063872406,-0.0013541608641058813,11.285132214464678,1.4515537398876845,-0.047796369063541615,0.00023301971103005477,-0.007985467268953004,-0.004088992540194436,-0.03976450480434139,1.0,1.0,79.94679736549352,43.336774927100386,-37.9031921590941,-32.780767744966965
260.1,-37.62690030606052,-32.0237471419318,0.0005254430889803743,-0.0016330339139667236,-0.0016471628514961876,11.284011265406573,1.4228674681305726,-0.050188400991012676,-0.0005238417438710063,-0.00823173554702087,-0.001987098372478383,0.008445474540989215,1.0,0.8117229342460632,84.64722778410761,34.280818228090304,-37.85499788587384,-32.92281451776225
260.2,-37.591790642545675,-32.16023665251282,0.000663402246187018,-0.0024267211467651367,-0.0016829573388555802,11.28795193945453,1.3994650213521165,-0.05573496635938701,-0.0015006245699308283,-0.007460350346937642,0.0005712944391978688,0.0601334894008361,1.0,0.7915564179420471,88.86745114429748,26.302401201620484,-37.80627127736966,-33.06467956369134
260.3,-37.55710995603275,-32.29486242380494,0.0006912928958133925,-0.0030680306273926806,-0.0014760048934334548,11.29695717851877,1.3827878114278433,-0.06376728632485411,-0.002537253990496523,-0.005291255878065834,0.0025443146589926285,0.10930722992058481,1.0,0.9874070286750793,92.90219266867874,17.489314672250917,-37.75701301879866,-33.20636088777937
260.40000000000003,-37.52218448494115,-32.428259825858426,0.0005969998681694423,-0.0034116821217807488,-0.0010868151469380775,11.310396348460204,1.374840806119617,-0.07332226686870667,-0.0032451108513173866,-0.0017255501567401308,0.0040485342513486055,0.1494419680108723,1.0,0.5146151185035706,95.74154544197275,18.929525672758274,-37.7072238028543,-33.34785649763504
260.5,-37.48629362741496,-32.56123808802066,0.00040846339398446796,-0.003366235023577938,-0.0005600111046428445,11.327131396779846,1.3763700901393763,-0.08348251063213752,-0.003378678059445396,0.0020245058200376873,0.005013310566228742,0.1779415748866336,1.0,0.522340714931488,98.33045321858033,20.06788146227731,-37.656904329696616,-33.48916440347869
260.6,-37.44881466534794,-32.69448465940187,0.00016678182451616708,-0.0030355139040241456,1.2528128497753073e-05,11.346177465467916,1.3853762356562844,-0.09382109828934851,-0.0029514721400811478,0.003921993825054582,0.005040546103296185,0.19796426078895085,1.0,0.5812444686889648,100.82834043572304,19.309535692773995,-37.60605530694235,-33.630282618170206
260.7,-37.40925217105465,-32.82847530488066,-8.208455217910766e-05,-0.0026648567001718213,0.0005307478538855636,11.366906357958339,1.3994055210051533,-0.10424180618636816,-0.0020827669123674357,0.00313441043607316,0.004172083123307902,0.21311018252058378,1.0,0.6735039949417114,103.2920871436926,14.380624305656484,-37.55467744965507,-33.771209157237024
260.8,-37.3672198818513,-32.963479815298854,-0.00029368514414945693,-0.002473353353401798,0.0009318164926330467,11.388917023560076,1.4166673585159646,-0.11470095012171345,-0.0009457969676545952,0.0008234875784550138,0.0028848201542819936,0.223906959025918,1.0,0.4892456531524658,104.28545385839136,16.610299062647577,-37.502771480335035,-33.91194203890201
260.90000000000003,-37.32245908284543,-33.099505064079025,-0.00043848061112998266,-0.0024834310715463235,0.0011710157279922534,11.411632642449153,1.433711657042353,-0.12497922283121654,0.0001896952680747879,-0.000987325840084841,0.0011524042569759211,0.22868257699874284,1.0,0.4062175154685974,104.22665095609541,19.94067012756819,-37.45033812890909,-34.05247928411134
261.0,-37.27486650969918,-33.236360348252845,-0.0005021380563544781,-0.0026181330564543992,0.0012394529081119084,11.434632957350468,1.448533602340415,-0.13513751588727196,0.001132775313229438,-0.001968105810530185,-0.0006688148704820472,0.2308508126508532,1.0,0.6935059428215027,104.38972501863744,14.608504817759474,-37.39737813272036,-34.19281891656232
261.1,-37.22448350801494,-33.37367211627294,-0.00048548504798343566,-0.0027905596341842383,0.0011508443150022058,11.457756053191652,1.4607763556266473,-0.1451211292017524,0.0018009185296362193,-0.0018073027294529932,-0.0018309398797339308,0.23087236801047134,1.0,0.020928367972373962,103.23171951848715,22.16895764900539,-37.34389223651793,-34.33295896273116
261.2,-37.17126869604868,-33.511290446966896,-0.0004016220164015364,-0.0028569560888196837,0.0010130588204360794,11.480582493022748,1.4718971981846924,-0.15453284296858924,0.0021031280632276086,-0.00012523388542823077,-0.002198437313281422,0.2256252489291315,1.0,-0.23083651065826416,100.35262521595696,30.6600329209059,-37.289881192446344,-34.4728974519008
261.3,-37.11526335638583,-33.64900921468988,-0.00028958830774020427,-0.002727322522554983,0.0008651349719433894,11.502636704373847,1.4828423721505022,-0.16319203012007003,0.002023075359044529,0.0017429855878770047,-0.0017960937741073187,0.21723934125463462,1.0,0.020211271941661835,99.99191373524798,36.683955236521335,-37.235345760035,-34.612632416188525
261.40000000000003,-37.05632819378911,-33.787074446570564,-0.0001860098357696443,-0.0024938746830416446,0.0008254006150941078,11.523895822432621,1.4983388445686652,-0.17126851706292204,0.00168538332908422,0.00222609773785359,-0.00034918114619063556,0.2096245000977216,1.0,0.07419292628765106,100.05378556962643,41.68475322390247,-37.18028670618752,-34.7521618905737
261.5,-36.99429996667648,-33.92573877051979,-0.00013915392505642758,-0.002269884664729489,0.0008908713849938931,11.544327274686523,1.515568929506012,-0.1786439373662585,0.0010536203776266948,0.002010311324612219,0.00023637898115738974,0.1999943936266502,1.0,-0.277180016040802,96.97733538051779,48.53542999415459,-37.124704805170964,-34.89148391292541
261.6,-36.92953930196774,-34.064360173624316,-0.00018175751484158912,-0.0019786995814166947,0.0007724001944254291,11.563173089854859,1.516850884958457,-0.1844244926624742,0.00012527870617544737,0.0037722833024649155,-0.0038504947178307943,0.17787143539499012,1.0,-1.0,81.29448973095543,56.45557164963106,-37.068600838604866,-35.03059652402999
261.7,-36.86354259638342,-34.20073603397165,-0.00024296297283337193,-0.0013716384155924705,6.242878251444217e-05,11.578839431268323,1.492320156228049,-0.1875770405984832,-0.00013112186303715218,0.007459355491252225,-0.0092279754747785,0.1413524193983908,1.0,-1.0,67.11843939531163,63.61475240561823,-37.01197559545036,-35.16949776761865
261.8,-36.797553648570535,-34.33355579369224,-0.00013542291620411464,-0.0004667019508897543,-0.000909717360409447,11.59046427040921,1.456143093462259,-0.18795839963436162,0.0008660835952883453,0.00986552432678741,-0.009550994457667343,0.09899837514074109,1.0,-1.0,54.30441268043956,70.08608477900538,-36.95482987199897,-35.308185690394936
261.90000000000003,-36.732309007411025,-34.46247059171594,0.00019304715813308455,0.0005276131241601167,-0.0016750269422593687,11.597665636583626,1.4172005188598702,-0.18553062726858102,0.0017846125037690038,0.009822238735661322,-0.006134885700715051,0.05368874665030583,1.0,-1.0,42.721547442115906,75.93565669431513,-36.89716447186151,-35.44665834206223
262.0,-36.6681689203123,-34.587708711517394,0.0005987787275556643,0.0014052376007673824,-0.0020485650498546044,11.600177372433677,1.3811744395343746,-0.18032019578621844,0.001311005703509545,0.008018145402063177,-0.0021931890274429445,0.005657284512727111,1.0,-1.0,32.251554666663374,81.22320640094081,-36.83898020595671,-35.58491377535114
262.1,-36.605223120492504,-34.70986934141638,0.0008820899963103349,0.0020844744648405257,-0.0020795166534297656,11.597685889542058,1.3519204159130038,-0.17232179463293854,-0.0005114759512464358,0.005897164332224511,0.0007185824880950698,-0.04556125644440129,1.0,-1.0,22.787510454586076,86.0027325448735,-36.78027789249985,-35.72295004604691
262.2,-36.543389857557216,-34.82980956629552,0.0009337247938235784,0.0025541164978617648,-0.0018631151271503255,11.590113836772016,1.3319509726054817,-0.16185453099044586,-0.0026046923611005883,0.0035924454986433966,0.0027603274206573917,-0.0951819452474159,1.0,-1.0,14.232764069454735,90.32304562522356,-36.72105835699125,-35.86076521301677
262.3,-36.48248881739101,-34.9485432623482,0.0007716543953572012,0.0027781252182097677,-0.0014518478639510687,11.577969724269266,1.3225129649427334,-0.14951620803265295,-0.003913975481386164,0.0009769954366180766,0.004441711430020983,-0.1378193288534178,1.0,-1.0,6.499950900584896,94.22826646723907,-36.661322432204656,-35.9983573382372
262.40000000000003,-36.422299187714174,-35.06711129872315,0.00048610173275760076,0.002738461382512308,-0.0008863513434214342,11.56214974752879,1.3230643288925517,-0.1359850679548857,-0.004068592264049257,-0.0016161299262653008,0.005608462517325205,-0.17022008301678598,1.0,-0.38157546520233154,11.139498600371954,96.4872545076399,-36.60107095817551,-36.135724486821196
262.5,-36.363107655489074,-35.18573306841641,0.00015388518331581512,0.002377388397750945,-0.0004716205721251634,11.544192007050196,1.3118762029522315,-0.12278379687887737,-0.003766358942786909,-0.005625901764495535,0.0008845608428618549,-0.18127781560439635,1.0,0.8976122140884399,22.556363873059706,81.56638293188215,-36.54030478218919,-36.272864727045516
262.6,-36.30626925321399,-35.30270313078665,-0.00011186838143489141,0.0016028907007188276,-0.0006800033174885111,11.526382724901335,1.2863325589298467,-0.11128878130540208,-0.002373229294142668,-0.008520351013280702,-0.003174815885688337,-0.17646227909508175,1.0,-0.10454404354095459,28.6500296798085,83.602915764639,-36.47902475876903,-36.40977613037777
262.7,-36.25141622049815,-35.418628402576864,-0.00011735827055477843,0.0008642972037404733,-0.0008083680151811394,11.508907325241776,1.2742790137214266,-0.10067332105985229,7.07667685851223e-05,-0.006340151686104945,1.092800331180992e-05,-0.17363315658184128,1.0,-0.0019504576921463013,35.009974097678686,84.71307814097914,-36.41723174966436,-36.54645677150363
262.8,-36.198005849012084,-35.534439572732964,6.63284323059741e-05,0.0004937575295010169,-0.0005933935703693876,11.491790778166656,1.270892306280598,-0.09085134481529687,0.0012825515389809142,-0.002157036678523877,0.002996659544685984,-0.16892897318780337,1.0,0.2467137724161148,42.35000290529963,83.44465880977324,-36.354926623838345,-36.682904728353805
262.90000000000003,-36.14592704663014,-35.650354486153496,0.00021706824814344305,0.0004465640120048957,-0.00035168092940189593,11.475602554416225,1.2636692019578686,-0.08225079709384969,0.00048013376009075216,-5.2776556776766996e-05,0.0009712440614130543,-0.15510844414643593,1.0,0.6524109244346619,50.38931581801345,72.77113126219804,-36.292110257455796,-36.81911808213117
263.0,-36.095520985661075,-35.765644290256226,0.0002293778300223037,0.0004257322307380577,-0.0004394913056058955,11.461367541237001,1.2519657702119655,-0.07529017922765016,-0.0007128442845281375,-0.0004518703702875076,-0.001475249776064019,-0.13407903070317653,1.0,0.35567986965179443,56.75592448798485,71.38066762603532,-36.228783533870825,-36.955094917337675
263.1,-36.04634915016001,-35.88083312704453,0.00019630267445156716,0.00035978071866888723,-0.0004828734923405653,11.449100282408287,1.2509496248111867,-0.06942851742603272,-0.0009052953281001409,-0.0008193489410242552,0.0006168728476056991,-0.11560786513433342,1.0,0.14867794513702393,61.45605454400808,72.37927330220725,-36.16494734361445,-37.09083332180131
263.2,-35.99779806636222,-35.99684280112104,0.00016610692560154003,0.00027754409354208864,-0.00022312648388931786,11.438510869175722,1.260246435111438,-0.06444111804001935,-0.0007172754557778317,-0.0009019180896911504,0.0037305750417136216,-0.09949455015436608,1.0,0.23862062394618988,66.2133106220819,72.38226487770696,-36.10060258438203,-37.226331386703016
263.3,-35.94940370891768,-36.114412408150514,9.763428235098842e-05,0.00017843321217280445,0.00025520917497223966,11.429519681749012,1.2772395492527235,-0.06034861824897739,-0.0007617015076681081,-0.0010771363554379911,0.005178714725337571,-0.08346909944518882,1.0,0.26295921206474304,70.63746834081637,72.1222168710896,-36.03575016102069,-37.361587206603474
263.40000000000003,-35.90078642478532,-36.23415183824421,-4.740647543095512e-05,5.923197730397847e-05,0.0007777029314542314,11.422123089170293,1.3011617357218885,-0.05710819000309752,-0.0008690335987582879,-0.0011594663685487601,0.00512673860820345,-0.06784718706259266,1.0,0.14493486285209656,73.98092477495119,73.08475898255453,-35.97039098551656,-37.49659887946995
263.5,-35.85174392218964,-36.35631956969954,-0.0002589980148451574,-0.00011078122124698694,0.0011584985709749045,11.416491705244443,1.3225610953537084,-0.055122445246383024,-0.0008376287780046341,-0.0023910584393404505,0.0022551483924614134,-0.04655066737311386,1.0,0.738376796245575,79.14271293142541,62.00062472239395,-35.904525976981965,-37.63136450670302
263.6,-35.80262548221167,-36.479971524407496,-0.00046853293895175507,-0.0005324688552439315,0.001129798737179577,11.413775069165709,1.3330559304559493,-0.05544130737629583,-0.00022000569179230002,-0.0054507579714724586,-0.0016898560906012702,-0.01299976619589899,1.0,0.6754763126373291,83.69390078562006,52.934214998339314,-35.838156061642515,-37.765882193163264
263.7,-35.753526446669035,-36.60445162052279,-0.0005443033128271431,-0.0012522384931094694,0.0008640990817299894,11.414939460307497,1.339098338052778,-0.05845791950837528,0.001157120652795622,-0.008249762217190813,-0.002967708375240292,0.02909328938699441,1.0,0.7117801308631897,87.87625532058351,44.15177858756652,-35.771282172824044,-37.900150047197954
263.8,-35.70420763721384,-36.729581470975845,-0.0004377914151276541,-0.0021064053732609694,0.0006530340510998902,11.420425502970836,1.347862655551081,-0.06386949885394706,0.0024803696507361317,-0.008136291374425184,-0.0012450732481525235,0.07057420256602466,1.0,0.1233186423778534,89.42806739223704,48.00154564676384,-35.703905250939506,-38.03416618066758
263.90000000000003,-35.654069063182135,-36.85576945840179,-0.0002359723302901387,-0.0027245903764560667,0.0006777926468828362,11.429574507595287,1.3614452778419204,-0.07084122078612738,0.0027024558234591046,-0.004886327608605217,0.00047660908854356345,0.1053841625120041,1.0,0.6203410029411316,92.87428819430892,41.56566100923037,-35.63602624347576,-38.16792870897248
264.0,-35.60271063033936,-36.98304163265864,-9.165479120347618e-05,-0.0029841836861609623,0.0007764753716753936,11.442015081729622,1.377209662873983,-0.07909861639372363,0.0017959602590538843,-0.0011662171425749525,0.000784281044507804,0.13594923087862126,1.0,0.4272458255290985,95.43405533778339,42.194680022352316,-35.567646104980234,-38.301435751079325
264.1,-35.54955391156351,-37.1117494274392,-6.900687480878261e-05,-0.002889700092043522,0.000930063978922844,11.457025600646936,1.399228114191068,-0.08794117494995725,0.000720194383208556,0.0019430391905364078,0.0013065047422797732,0.15858801456211116,1.0,0.4181285500526428,97.71513675546188,42.89683807453665,-35.4987657970475,-38.43468542954751
264.2,-35.49412785079971,-37.242093560673425,-0.0001604125861253887,-0.002622736603133873,0.0010932937383328015,11.474051924222644,1.4219330846955012,-0.0973084031516759,-2.128157407967204e-05,0.0023561982428594876,0.0007515412908770229,0.17838571032260367,1.0,0.9053963422775269,100.8222468583618,33.06433180349608,-35.429386288305736,-38.56767587055563
264.3,-35.43630325212513,-37.37368457672222,-0.00030736088911468933,-0.0024897363087972475,0.0011436494661487648,11.493102810594158,1.4412866523716445,-0.10738786309546583,-7.913003804232447e-05,0.00010007950079065644,-0.00036449398057268557,0.19834241472064423,1.0,0.8334007263183594,103.54601633876398,24.78636054587689,-35.35950855440315,-38.700405203927815
264.40000000000003,-35.37586859288948,-37.506274558156214,-0.0004176300627892592,-0.00259938309730389,0.0011452337174409001,11.51391672203292,1.4600780445000183,-0.11788868343912244,0.0005639906138464805,-0.002055347534660022,-0.0005713975566969615,0.21349793502958672,1.0,0.5743781328201294,104.3352263305303,23.8913941467858,-35.289133577994235,-38.83287156315999
264.5,-35.312641507034485,-37.639602970917046,-0.00044902311108263577,-0.0027953127507944985,0.0011394479933480247,11.535699774540422,1.4772749677430206,-0.12825596910815334,0.0013342806261255132,-0.001956767127026039,-0.0006257209502484242,0.2193346472594041,1.0,-0.04335238039493561,102.72853539418728,31.04718608539962,-35.218262348725915,-38.965073085446164
264.6,-35.24643694656557,-37.773576696138456,-0.0004130472208862397,-0.0028704294477729857,0.0011641504896260607,11.557606615000333,1.4962491461474536,-0.13820547874487138,0.001866032622965225,-0.0003203447131477243,-0.00011904503140553567,0.21849015794292195,1.0,0.1189078688621521,102.82513436045704,36.19611899787752,-35.146895863223705,-39.09700791170461
264.7,-35.17701537296333,-37.90834764001916,-0.00035731459223803017,-0.002778025924904815,0.001245886445676072,11.5792421074205,1.5179720111425727,-0.14768821292215212,0.0019386830451080669,0.0012899926630516754,0.0003238862204180888,0.21441325871472208,1.0,-0.02487311139702797,101.87841394582804,42.03426513233757,-35.07503512507762,-39.22867418660401
264.8,-35.10430363812569,-38.04384656396682,-0.0003369116224135006,-0.0025296147482265874,0.001289643865593028,11.600146315141242,1.5371658536292891,-0.15629580176602928,0.0015654901351115273,0.0029131796525458803,-0.0007513399384237508,0.2041792348040239,1.0,-0.41494128108024597,96.89219347297576,49.434354478351636,-35.0026811448281,-39.360070058589535
264.90000000000003,-35.028522361139444,-38.17968147232587,-0.000354173809482861,-0.002174845889106636,0.0012012479366179303,11.619829866118344,1.5545064153200538,-0.16403326370943533,0.001349318967244984,0.003052090463719579,-0.001335522371262921,0.19323403447732415,1.0,0.38635340332984924,98.91388189432307,49.8846771233671,-34.929834939951824,-39.4911936799089
265.0,-34.94967372720653,-38.31590826516112,-0.0003644900108507638,-0.0019246539277795974,0.0011126676026167444,11.638576277767013,1.5705257385289169,-0.17109634431484583,0.0013833122645337357,0.002040551310846125,-0.0015809913599231114,0.1819522276090611,1.0,-0.5188655853271484,92.44191145728307,56.8694690198761,-34.85649753484732,-39.62204320663837
265.1,-34.868081970468985,-38.45210131793351,-0.0003528211589118716,-0.001729932236238593,0.0009736489806990878,11.655846477925113,1.5840013107709119,-0.17710963642420383,0.0015580238705743877,0.0013419351270052917,-0.0013328986779060537,0.16753702528049108,1.0,0.15675774216651917,93.76239905986789,59.18576181963152,-34.782669960820655,-39.75261679870859
265.2,-34.78362275606785,-38.58858303801944,-0.0003045199938353851,-0.0016549416638421983,0.0009654889221433601,11.671907679614169,1.6022485417131738,-0.18254849336108442,0.0017616636515300269,0.00026557727140917895,0.0001960006338256628,0.15551238574321266,1.0,-0.2524529993534088,91.56267846657249,64.23229962856817,-34.708353256070865,-39.88291261993059
265.3,-34.69651627064896,-38.7251588952878,-0.00027448072209197884,-0.0015550540385096112,0.0009297023253527424,11.68630380026077,1.6106004990483895,-0.18657622227897472,0.001326406643054647,0.0018379777122492142,-0.0020350810954397453,0.1338690058834179,1.0,-0.73680579662323,78.72361699333958,70.32808619273317,-34.63354846567539,-40.01292883802154
265.40000000000003,-34.60810869281681,-38.86036369550648,-0.0002756831079860788,-0.0011109159884973721,0.00045110320586884043,11.697646793439986,1.5980735708893017,-0.1880755614957402,0.0008113818051624276,0.006203702425697385,-0.006757503968741316,0.09827888724282564,1.0,-1.0,64.79457406185449,76.15440680503868,-34.558256641575355,-40.1426636246305
265.5,-34.51969717422134,-38.99311391926687,-0.00018989409136710133,-0.00023548270708593664,-0.0003441836426808897,11.704889933678615,1.5735555875450309,-0.18655281110921296,0.0011269444311686882,0.010189734273645064,-0.008258000728368506,0.05439190196494559,1.0,-1.0,52.20382247656508,81.42093917532613,-34.48247884256081,-40.27211515536419
265.6,-34.43207513040512,-39.12310153705072,5.773063250857659e-05,0.0008967737495577669,-0.0010599618267008615,11.70742292518514,1.545577924744198,-0.1817313225112704,0.0017090344131861965,0.011733128742285218,-0.006085317005957731,0.0053176033322320515,1.0,-1.0,40.82278027127941,86.18146731184936,-34.406216134255786,-40.40128160981258
265.7,-34.34563904934499,-39.25053565828072,0.00039040495003911206,0.0020343218680369136,-0.0014634429050800603,11.704767949268234,1.5195020337133232,-0.17342635208128526,0.001465356382694765,0.010757591443411235,-0.0027427940873301733,-0.04814402880003209,1.0,-1.0,30.53521953266317,90.48460769820427,-34.329469589103375,-40.530161171574534
265.8,-34.26053255952195,-39.37596372104447,0.0006515855680997265,0.002935577785276231,-0.0015478631648800038,11.69678932708112,1.4988211098133641,-0.16197540778333502,0.00011307652282309156,0.007344583983009471,-3.9090312220657186e-05,-0.10018995911538162,1.0,-1.0,21.236079432684782,94.37430578498045,-34.2522402863506,-40.65875202828333
265.90000000000003,-34.1766979324034,-39.50020203701529,0.0007317249102751787,0.003374382099829481,-0.0013809701157428856,11.68413249780705,1.4870467830330678,-0.14836817940560826,-0.001643857103726937,0.0018512627007439774,0.002141327746775958,-0.1421069881319144,1.0,-0.31366610527038574,25.312182413072765,96.33321414162882,-34.174529312033265,-40.787052371632186
266.0,-34.09388079793417,-39.62426837038294,0.0006200567950245737,0.0032207715656758238,-0.001008990005254931,11.668185570793352,1.484851814413012,-0.13389429755786614,-0.002968078858423062,-0.003983030651890004,0.003735327423865368,-0.16910313090838644,1.0,-0.09595943987369537,31.216972065425196,96.89415557757036,-34.09633775896065,-40.91506039739962
266.1,-34.011947281606886,-39.74891412717502,0.0003732798096217524,0.0025879371917974384,-0.000557980987295443,11.65039672794846,1.4875178293786906,-0.11961508398194506,-0.0034320986655313242,-0.007795003474389872,0.0038876212128824824,-0.18179087050002155,1.0,0.2190263569355011,38.77560987593242,94.74703021735793,-34.0176667267002,-41.04277430547489
266.2,-33.93113706652922,-39.874272639096304,8.306341307062485e-05,0.0017173734962805352,-0.00024225338755238865,11.632249095199164,1.4853206757832578,-0.10663550565168034,-0.0030506082144167584,-0.009214305466753054,0.0015105408167756201,-0.1788715983506468,1.0,0.583810567855835,47.00185818314343,86.67103991865743,-33.93851732156199,-41.17019229988327
266.3,-33.85194192169528,-39.999894862956964,-0.0001314236762956023,0.000889312598372977,-0.00017969349728873819,11.614945252521826,1.4807721311361202,-0.09522432921412868,-0.0016759036732428808,-0.006936207736461886,0.0003906359235509865,-0.17028804662719504,1.0,-0.3251185715198517,48.46554731577456,89.42113154091321,-33.85889065658324,-41.297312588811295
266.40000000000003,-33.774046068428305,-40.1261653245856,-0.00017941345813523356,0.00048701231744468663,-7.967782911075836e-05,11.59836751450779,1.4803978800943154,-0.08477165222564435,-1.6850565058055688e-05,-0.0023513905486630318,0.0008950181411556432,-0.1612323110190694,1.0,0.5333788394927979,55.627948019831145,83.53796478930123,-33.77878785151261,-41.424133384632015
266.5,-33.69746566994477,-40.253031027681104,-0.00011787205794225051,0.00043930373417388634,7.067818426776893e-06,11.583143635974759,1.4803189771406235,-0.07568968658477591,0.0008863116652625483,0.0006004058275742647,0.0009452793686001463,-0.1462829787622872,1.0,0.2261640578508377,60.879504427776865,82.59995176171155,-33.69821003279448,-41.55065290393007
266.6,-33.6220420079142,-40.380557868692826,-3.489041006936727e-05,0.0005368531003107123,4.7825181333127506e-05,11.5696619389472,1.4774098570829226,-0.06807605918242944,0.0007875612384911174,0.0005786873814026261,-0.0007449303288124841,-0.1252447495118842,1.0,0.6892050504684448,67.21204027259931,71.31769320116902,-33.617158333553085,-41.67686936752681
266.7,-33.54814624576394,-40.507951154103594,1.2595713544388822e-05,0.00043206243962095464,-0.00016259948139998404,11.558847764405085,1.4679866881468322,-0.0626232159259502,0.0003185926006042441,-0.002179760322596568,-0.0025067767546262144,-0.09671399468424578,1.0,0.5076861381530762,72.4992860871685,67.72654446651491,-33.53563389357662,-41.80278100050529
