;current_time;tau_X;tau_N;controller_X_cmd;controller_N_cmd;PMARMAN_X;PMARMAN_N;distance_to_target;yaw_setpoint;target_north_from_observer;target_east_from_observer;lat;lon;height;previous_lat;previous_lon;previous_height;last_speed_update;current_course_over_ground;current_speed;current_fuel_capacity;current_orientation_1;current_orientation_2;current_orientation_3;current_rotational_velocities_1;current_rotational_velocities_2;current_rotational_velocities_3;observer_lat;observer_lon;observer_height;north_from_observer;east_from_observer;down_from_observer;previous_time;cycle_time;speed_n;speed_e;yaw_rad;yaw_deg_wrapped;speed_surge;speed_sway;north_error;east_error;current_angle;heading_error;yaw_setpoint_deg;current_angle_deg;heading_error_deg;drl_x_rel;drl_y_rel;drl_yaw_rel;drl_distance_to_target
2026-05-12_13:56:16:375710;1778586976.3757105;0.0;0.0;0.0;0.0;0.0;0.0;11.180827553400434;3.0378953889506537;-11.118910150745286;1.1704003843358244;59.90850833333333;10.719836733333333;0.0;59.90850833333333;10.719836733333333;0.0;1778586976.3757105;53.475;0.0;0.0;1.127;1.402;147.426;-9.012;1.112;-0.731;59.90850831666667;10.7198365;0.0;0.0018568462327044014;0.01305593353327064;-3.872662447884992e-10;1778586976.3067987;0.06891179084777832;0.0;0.0;2.5730691030451602;147.426;0.0;-0.0;-11.12076699697799;1.1573444508025537;2.5730691030451602;0.46482628590549346;174.0585843891261;147.426;26.63258438912612;-11.12076699697799;1.1573444508025537;0.46482628590549346;11.180827553400434
2026-05-12_13:56:16:563938;1778586976.5639384;150.0;110.0;0.75;0.9565217391304348;0.75;0.9565217391304348;11.193311070298444;3.0400215721060966;-11.118910150745286;1.1704003843358244;59.90850846666667;10.719837133333334;0.0;59.90850846666667;10.719837133333334;0.0;1778586976.5639384;48.522;0.0;0.20;-0.706;1.48;147.249;-11.543;0.047;-1.14;59.90850831666667;10.7198365;0.0;0.016711612077102464;0.035437533920847315;1.7214366824364058e-09;1778586976.4981186;0.06581974029541016;0.0;0.0;2.5699798702691297;147.24899999999997;0.0;-0.0;-11.135621762822389;1.1349628504149771;2.5699798702691297;0.4700417018369669;174.1804057104048;147.24899999999997;26.93140571040484;-11.135621762822389;1.1349628504149771;0.4700417018369669;11.193311070298444
2026-05-12_13:56:16:675393;1778586976.6753933;150.0;110.0;0.75;0.9565217391304348;0.75;0.9565217391304348;11.202242397307378;3.0420272569791833;-11.118910150745286;1.1704003843358244;59.90850856666667;10.719837516666667;0.0;59.90850856666667;10.719837516666667;0.0;1778586976.6753933;27.841;0.46690346758562795;0.20;-0.706;1.48;147.249;-11.543;0.047;-1.14;59.90850831666667;10.7198365;0.0;0.02785268459429053;0.05688656730283464;-2.0029525434062112e-10;1778586976.6753933;0.0;0.21521823945363927;0.41434280185609584;2.5699798702691297;147.24899999999997;0.04315005665165392;-0.4649052813793827;-11.146762835339576;1.1135138170329897;2.5699798702691297;0.47204738671005364;174.2953229886659;147.24899999999997;27.04632298866594;-11.146762835339576;1.1135138170329897;0.47204738671005364;11.202242397307378
2026-05-12_13:56:16:840417;1778586976.8404176;150.0;110.0;0.75;0.9565217391304348;0.75;0.9565217391304348;11.203259016034115;3.0427891875875193;-11.118910150745286;1.1704003843358244;59.90850858333334;10.719837666666667;0.0;59.90850858333334;10.719837666666667;0.0;1778586976.8401093;-26.573;0.19709520738355238;0.20;-0.706;1.48;147.249;-11.543;0.047;-1.14;59.90850831666667;10.7198365;0.0;0.02970952979397147;0.06527966738113847;9.666054970325355e-10;1778586976.7964957;0.04392194747924805;0.04227602158484096;0.19109125528346269;2.5699798702691297;147.24899999999997;0.0678229115044586;-0.1835842654529789;-11.148619680539257;1.105120716954686;2.5699798702691297;0.4728093173183896;174.3389783968054;147.24899999999997;27.089978396805424;-11.148619680539257;1.105120716954686;0.4728093173183896;11.203259016034115
2026-05-12_13:56:17:027423;1778586977.0274234;150.0;110.0;0.75;0.9565217391304348;0.75;0.9565217391304348;11.203259016034115;3.0427891875875193;-11.118910150745286;1.1704003843358244;59.90850858333334;10.719837666666667;0.0;59.90850858333334;10.719837666666667;0.0;1778586977.0274234;-21.051;0.0;0.20;-0.089;0.761;146.54;9.651;-2.452;-0.513;59.90850831666667;10.7198365;0.0;0.02970952979397147;0.06527966738113847;9.666054970325355e-10;1778586977.0274234;0.0;0.0;0.0;2.5576054858724904;146.54;0.0;-0.0;-11.148619680539257;1.105120716954686;2.5576054858724904;0.4851837017150289;174.3389783968054;146.54;27.798978396805396;-11.148619680539257;1.105120716954686;0.4851837017150289;11.203259016034115
2026-05-12_13:56:17:231426;1778586977.2314262;150.0;110.0;0.75;0.9565217391304348;0.75;0.9565217391304348;11.198454414209673;3.0420771570498486;-11.118910150745286;1.1704003843358244;59.90850853333333;10.719837533333333;0.0;59.90850856666667;10.719837583333334;0.0;1778586977.2314262;45.171;0.0;0.20;0.952;0.406;146.551;1.29;-0.987;0.399;59.90850831666667;10.7198365;0.0;0.02413899339341426;0.057819134070535634;1.3070102482942714e-09;1778586977.2314262;0.0;0.0;0.0;2.5577974720902095;146.551;0.0;-0.0;-11.1430491441387;1.1125812502652888;2.5577974720902095;0.48427968495963913;174.29818205211242;146.551;27.747182052112453;-11.1430491441387;1.1125812502652888;0.48427968495963913;11.198454414209673
2026-05-12_13:56:17:406498;1778586977.406498;150.0;110.0;0.75;0.9565217391304348;0.75;0.9565217391304348;11.198454414209673;3.0420771570498486;-11.118910150745286;1.1704003843358244;59.90850853333333;10.719837533333333;0.0;59.90850853333333;10.719837533333333;0.0;1778586977.406498;54.232;0.0;0.20;0.495;0.422;146.574;-5.824;0.558;0.185;59.90850831666667;10.7198365;0.0;0.02413899339341426;0.057819134070535634;1.3070102482942714e-09;1778586977.3602026;0.0462954044342041;0.0;0.0;2.558198897818169;146.57400000000004;0.0;-0.0;-11.1430491441387;1.1125812502652888;2.558198897818169;0.4838782592316795;174.29818205211242;146.57400000000004;27.7241820521124;-11.1430491441387;1.1125812502652888;0.4838782592316795;11.198454414209673
2026-05-12_13:56:17:575566;1778586977.5755665;150.0;110.0;0.75;0.9565217391304348;0.75;0.9565217391304348;11.201043819197432;3.043104239434342;-11.118910150745286;1.1704003843358244;59.90850856666667;10.719837733333334;0.0;59.90850856666667;10.719837733333334;0.0;1778586977.57536;58.716;0.0;0.20;-1.474;0.633;146.436;-10.41;0.935;-1.148;59.90850831666667;10.7198365;0.0;0.027852684968664186;0.06900993407430418;1.6647298123340093e-11;1778586977.5293293;0.04623723030090332;0.0;0.0;2.5557903434504166;146.436;0.0;-0.0;-11.14676283571395;1.1013904502615202;2.5557903434504166;0.4873138959839256;174.35702953795615;146.436;27.921029537956134;-11.14676283571395;1.1013904502615202;0.4873138959839256;11.201043819197432
2026-05-12_13:56:17:789577;1778586977.7895777;150.0;110.0;0.75;0.9565217391304348;0.75;0.9565217391304348;11.211533817306066;3.0454531936414675;-11.118910150745286;1.1704003843358244;59.90850868333333;10.719838183333334;0.0;59.90850868333333;10.719838183333334;0.0;1778586977.7895777;69.511;0.0;0.20;-2.618;0.664;146.099;-1.405;-0.182;-1.55;59.90850831666667;10.7198365;0.0;0.04085060370680695;0.09418923405517457;2.0064100172967336e-09;1778586977.703701;0.0858767032623291;0.0;0.0;2.5499085838711952;146.099;0.0;-0.0;-11.159760754452092;1.0762111502806497;2.5499085838711952;0.49554460977027226;174.49161470029392;146.099;28.39261470029394;-11.159760754452092;1.0762111502806497;0.49554460977027226;11.211533817306066
2026-05-12_13:56:18:014213;1778586978.0142133;150.0;110.0;0.75;0.9565217391304348;0.75;0.9565217391304348;11.211343834637145;3.047373413020649;-11.118910150745286;1.1704003843358244;59.9085087;10.719838566666667;0.0;59.9085087;10.719838566666667;0.0;1778586978.0122526;97.901;0.0;0.20;-0.551;0.77;145.848;11.857;1.139;-0.424;59.90850831666667;10.7198365;0.0;0.042707449548848475;0.11563826742958791;2.4691543393240423e-09;1778586978.002133;0.01208043098449707;0.0;0.0;2.54552780744869;145.848;0.0;-0.0;-11.161617600294134;1.0547621169062364;2.54552780744869;0.5018456055719591;174.60163516646026;145.848;28.753635166460246;-11.161617600294134;1.0547621169062364;0.5018456055719591;11.211343834637145
2026-05-12_13:56:18:179139;1778586978.1791396;150.0;110.0;0.75;0.9565217391304348;0.75;0.9565217391304348;11.203075328523166;3.0481397684841602;-11.118910150745286;1.1704003843358244;59.908508633333334;10.719838733333333;0.0;59.908508633333334;10.719838733333333;0.0;1778586978.1783757;82.953;0.0;0.20;0.796;0.952;145.786;10.619;1.576;-0.406;59.90850831666667;10.7198365;0.0;0.03528006844218906;0.12496393445141142;1.9286780037625073e-09;1778586978.132629;0.04651069641113281;0.0;0.0;2.5444457033124532;145.786;0.0;-0.0;-11.154190219187475;1.0454364498844129;2.5444457033124532;0.503694065171707;174.64554410012624;145.786;28.859544100126243;-11.154190219187475;1.0454364498844129;0.503694065171707;11.203075328523166
2026-05-12_13:56:18:411770;1778586978.41177;150.0;110.0;0.75;0.9565217391304348;0.75;0.9565217391304348;11.195245931942528;3.0484925420614943;-11.118910150745286;1.1704003843358244;59.90850856666667;10.719838816666666;0.0;59.90850856666667;10.719838816666666;0.0;1778586978.41177;61.325;0.0;0.20;1.665;1.211;145.683;-0.716;1.52;-0.986;59.90850831666667;10.7198365;0.0;0.02785268680306119;0.12962676816041932;1.0796461381162858e-09;1778586978.3095195;0.10225057601928711;0.0;0.0;2.542648014182899;145.683;0.0;-0.0;-11.146762837548348;1.040773616175405;2.542648014182899;0.5058445278785952;174.66575653723123;145.683;28.982756537231218;-11.146762837548348;1.040773616175405;0.5058445278785952;11.195245931942528
2026-05-12_13:56:18:629185;1778586978.6291857;150.0;110.0;0.75;0.9565217391304348;0.75;0.9565217391304348;11.19395414670498;3.049736778349874;-11.118910150745286;1.1704003843358244;59.90850856666667;10.719839066666667;0.0;59.90850856666667;10.719839066666667;0.0;1778586978.6291857;53.847;0.0;0.20;0.08;1.575;145.257;-10.563;1.359;-2.354;59.90850831666667;10.7198365;0.0;0.027852687137911156;0.14361526829655238;1.273685445307704e-09;1778586978.6074793;0.021706342697143555;0.0;0.0;2.5352129115694035;145.257;0.0;-0.0;-11.146762837883196;1.026785116039272;2.5352129115694035;0.5145238667804706;174.7370460252724;145.257;29.480046025272383;-11.146762837883196;1.026785116039272;0.5145238667804706;11.19395414670498
2026-05-12_13:56:18:793168;1778586978.793168;150.0;110.0;0.75;0.9565217391304348;0.75;0.9565217391304348;11.202602427103894;3.052231947069003;-11.118910150745286;1.1704003843358244;59.90850866666667;10.71983955;0.0;59.90850866666667;10.71983955;0.0;1778586978.793168;46.54;0.0;0.20;-1.938;1.695;144.75;-7.941;-0.115;-2.155;59.90850831666667;10.7198365;0.0;0.038993761127741604;0.1706597013771576;2.3581071158240707e-09;1778586978.745596;0.04757213592529297;0.0;0.0;2.526364092261792;144.75;0.0;-0.0;-11.157903911873028;0.9997406829586668;2.526364092261792;0.5258678548072111;174.88000866205155;144.75;30.130008662051555;-11.157903911873028;0.9997406829586668;0.5258678548072111;11.202602427103894
2026-05-12_13:56:19:121615;1778586979.1216154;150.0;110.0;0.75;0.9565217391304348;0.75;0.9565217391304348;11.211725855947225;3.054308930009336;-11.118910150745286;1.1704003843358244;59.908508766666664;10.71983995;0.0;59.908508766666664;10.71983995;0.0;1778586979.1216154;-2.127;0.0;0.20;-2.293;1.394;144.57;2.561;-2.127;0.032;59.90850831666667;10.7198365;0.0;0.0501348348950261;0.19304130106164466;5.4663523776921075e-09;1778586978.9376051;0.18401026725769043;0.0;0.0;2.5232224996082024;144.57000000000002;0.0;-0.0;-11.169044985640312;0.9773590832741798;2.5232224996082024;0.5310864304011336;174.9990110186533;144.57000000000002;30.42901101865329;-11.169044985640312;0.9773590832741798;0.5310864304011336;11.211725855947225
2026-05-12_13:56:19:323458;1778586979.3234582;150.0;110.0;0.75;0.9565217391304348;0.75;0.9565217391304348;11.209308811141264;3.0548746428284654;-11.118910150745286;1.1704003843358244;59.90850875;10.719840066666666;0.0;59.90850875;10.719840066666666;0.0;1778586979.3234582;2.155;0.0;0.20;0.675;0.842;145.257;5.661;-0.816;3.266;59.90850831666667;10.7198365;0.0;0.048277989812497805;0.1995692677584975;4.367339399846681e-09;1778586979.2493484;0.07410979270935059;0.0;0.0;2.5352129115694035;145.257;0.0;-0.0;-11.167188140557784;0.9708311165773269;2.5352129115694035;0.5196617312590619;175.03142397560586;145.257;29.77442397560585;-11.167188140557784;0.9708311165773269;0.5196617312590619;11.209308811141264
2026-05-12_13:56:19:533391;1778586979.533391;150.0;110.0;0.75;0.9565217391304348;0.75;0.9565217391304348;11.203920989183532;3.054665735150401;-11.118910150745286;1.1704003843358244;59.9085087;10.719840033333334;0.0;59.9085087;10.719840033333334;0.0;1778586979.533391;-148.394;0.0;0.20;0.84;0.808;145.418;4.301;-0.834;4.076;59.90850831666667;10.7198365;0.0;0.04270745325589823;0.19770413477065257;4.617320512045886e-09;1778586979.455978;0.07741308212280273;0.0;0.0;2.538022891665115;145.41800000000003;0.0;-0.0;-11.161617604001185;0.9726962495651719;2.538022891665115;0.5166428434852861;175.01945444734488;145.41800000000003;29.601454447344853;-11.161617604001185;0.9726962495651719;0.5166428434852861;11.203920989183532
2026-05-12_13:56:19:689274;1778586979.6892748;150.0;110.0;0.75;0.9565217391304348;0.75;0.9565217391304348;11.191459933310727;3.0540668213841773;-11.118910150745286;1.1704003843358244;59.90850858333334;10.719839933333333;0.0;59.90850858333334;10.719839933333333;0.0;1778586979.6892748;-147.134;0.5219000476005887;0.20;0.473;0.612;147.261;-4.998;-0.414;10.5;59.90850831666667;10.7198365;0.0;0.02970953460674975;0.19210873544967294;3.755520725998163e-09;1778586979.6621602;0.0271146297454834;-0.4793692103176737;-0.20636089717993228;2.5701893097793693;147.261;0.29161533263028744;0.43282809227269836;-11.148619685352037;0.9782916488861515;2.5701893097793693;0.48387751160480796;174.985139216248;147.261;27.72413921624801;-11.148619685352037;0.9782916488861515;0.48387751160480796;11.191459933310727
2026-05-12_13:56:19:851278;1778586979.8512788;150.0;110.0;0.75;0.9565217391304348;0.75;0.9565217391304348;11.160066033215093;3.0518904357665027;-11.118910150745286;1.1704003843358244;59.90850828333333;10.71983955;0.0;59.90850828333333;10.71983955;0.0;1778586979.8512788;-144.749;0.9244240897284108;0.20;0.473;0.612;147.261;-4.998;-0.414;10.5;59.90850831666667;10.7198365;0.0;-0.0037136866029441537;0.1706597033395652;3.0953289731697198e-09;1778586979.8083184;0.042960405349731445;-0.7780006016610558;-0.49927443504072566;2.5701893097793693;147.261;0.3843955471193687;0.8407139590996464;-11.115196464142342;0.9997406809962592;2.5701893097793693;0.4817011259871333;174.86044150576225;147.261;27.59944150576228;-11.115196464142342;0.9997406809962592;0.4817011259871333;11.160066033215093
2026-05-12_13:56:20:021174;1778586980.0211742;150.0;110.0;0.75;0.9565217391304348;0.75;0.9565217391304348;11.160066033215093;3.0518904357665027;-11.118910150745286;1.1704003843358244;59.90850828333333;10.71983955;0.0;59.90850828333333;10.71983955;0.0;1778586980.0211742;-139.725;0.0;0.20;-1.774;1.125;152.948;-7.257;2.389;24.618;59.90850831666667;10.7198365;0.0;-0.0037136866029441537;0.1706597033395652;3.0953289731697198e-09;1778586979.9769824;0.044191837310791016;0.0;0.0;2.6694461843402877;152.94800000000004;0.0;-0.0;-11.115196464142342;0.9997406809962592;2.6694461843402877;0.38244425142621497;174.86044150576225;152.94800000000004;21.91244150576223;-11.115196464142342;0.9997406809962592;0.38244425142621497;11.160066033215093
2026-05-12_13:56:20:243968;1778586980.2439682;150.0;54.75526809692383;0.75;0.4761327660602072;0.75;0.4761327660602072;11.039424431845697;3.0391102487079107;-11.118910150745286;1.1704003843358244;59.90850708333333;10.719837233333333;0.0;59.90850708333333;10.719837233333333;0.0;1778586980.2424307;-130.321;7.418668183791095;0.20;-2.873;2.443;160.614;-3.924;3.485;37.543;59.90850831666667;10.7198365;0.0;-0.13740656734649892;0.04103293561451387;1.7512736330549394e-09;1778586980.2273417;0.016626596450805664;0.0;0.0;2.803243124798172;160.61399999999998;0.0;-0.0;-10.981503583398787;1.1293674487213106;2.803243124798172;0.23586712390973874;174.12819072591722;160.61399999999998;13.514190725917258;-10.981503583398787;1.1293674487213106;0.23586712390973874;11.039424431845697
2026-05-12_13:56:20:554411;1778586980.5544114;150.0;0.0012809783220291138;0.75;1.1138941930687945e-05;0.75;1.1138941930687945e-05;11.039424431845697;3.0391102487079107;-11.118910150745286;1.1704003843358244;59.90850708333333;10.719837233333333;0.0;59.90850708333333;10.719837233333333;0.0;1778586980.5544114;-123.823;0.0;0.20;-2.594;3.11;171.885;1.18;-3.655;43.122;59.90850831666667;10.7198365;0.0;-0.13740656734649892;0.04103293561451387;1.7512736330549394e-09;1778586980.366394;0.1880173683166504;0.0;0.0;2.9999591847904536;171.88500000000002;0.0;-0.0;-10.981503583398787;1.1293674487213106;2.9999591847904536;0.03915106391745704;174.12819072591722;171.88500000000002;2.2431907259172115;-10.981503583398787;1.1293674487213106;0.03915106391745704;11.039424431845697
2026-05-12_13:56:20:692081;1778586980.6920815;102.26456451416016;-110.0;0.5113228225708008;-0.9565217391304348;0.5113228225708008;-0.9565217391304348;10.90195664529288;3.016114153266969;-11.118910150745286;1.1704003843358244;59.9085056;10.719833033333334;0.0;59.9085056;10.719833033333334;0.0;1778586980.6920815;-114.572;8.520000629658947;0.20;-1.09;1.706;-175.493;3.501;-7.248;45.108;59.90850831666667;10.7198365;0.0;-0.30266581429693207;-0.19397388619791936;1.0900230551502688e-08;1778586980.6746063;0.017475128173828125;0.0;0.0;-3.062930664202409;-175.493;-0.0;0.0;-10.816244336448355;1.3643742705337438;-3.062930664202409;-0.20414048971020904;172.81061151187123;-175.493;-11.696388488128788;-10.816244336448355;1.3643742705337438;-0.20414048971020904;10.90195664529288
2026-05-12_13:56:20:848300;1778586980.8483007;150.0;-62.316654205322266;0.75;-0.541883949611498;0.75;-0.541883949611498;10.853077908202156;3.0020223093478133;-11.118910150745286;1.1704003843358244;59.90850498333333;10.719830433333334;0.0;59.90850498333333;10.719830433333334;0.0;1778586980.8483007;-111.825;2.9693426747118745;0.20;-1.09;1.706;-175.493;3.501;-7.248;45.108;59.90850831666667;10.7198365;0.0;-0.3713690881396563;-0.33945430705388996;1.9625258168565196e-08;1778586980.794118;0.05418276786804199;-1.2679912183527764;-2.6849942625721352;-3.062930664202409;-175.493;1.4750595037390233;2.577051683667642;-10.74754106260563;1.5098546913897144;-3.062930664202409;-0.21823233362936456;172.0032083297465;-175.493;-12.503791670253493;-10.74754106260563;1.5098546913897144;-0.21823233362936456;10.853077908202156
2026-05-12_13:56:21:073213;1778586981.0706716;150.0;-15.068832397460938;0.75;-0.1310333251953125;0.75;-0.1310333251953125;10.810758505690211;2.9874322101745374;-11.118910150745286;1.1704003843358244;59.9085044;10.71982775;0.0;59.9085044;10.71982775;0.0;1778586981.0706716;-105.911;1.8422676948334828;0.20;-0.978;0.713;-165.025;-2.908;-1.884;42.458;59.90850831666667;10.7198365;0.0;-0.436358663834752;-0.48959756682520295;3.4097670825739e-08;1778586980.9818652;0.0888063907623291;-0.731811924088055;-1.6906807999115583;-2.8802295981036425;-165.025;1.1438264008882901;1.4441646111361364;-10.682551486910533;1.6599979511610274;-2.8802295981036425;-0.41552349890140583;171.1672572244405;-165.025;-23.807742775559454;-10.682551486910533;1.6599979511610274;-0.41552349890140583;10.810758505690211
2026-05-12_13:56:21:276333;1778586981.2763338;150.0;-7.030210018157959;0.75;-0.06113226102746051;0.75;-0.06113226102746051;10.786451019617122;2.9734171090010117;-11.118910150745286;1.1704003843358244;59.908503966666665;10.71982515;0.0;59.908503966666665;10.71982515;0.0;1778586981.2763338;-98.666;1.8924886104543415;0.20;-1.761;1.14;-156.586;-3.883;3.227;41.946;59.90850831666667;10.7198365;0.0;-0.48463662500673693;-0.6350779950349823;5.063254399084727e-08;1778586981.195339;0.08099484443664551;-0.5960621507181006;-1.7961689934916132;-2.732941262527841;-156.586;1.2607284330538704;1.4114095645094997;-10.63427352573855;1.8054783793708067;-2.732941262527841;-0.5768269356507325;170.36425107774863;-156.586;-33.0497489222513;-10.63427352573855;1.8054783793708067;-0.5768269356507325;10.786451019617122
2026-05-12_13:56:21:484812;1778586981.4848127;150.0;-10.2096586227417;0.75;-0.0887796401977539;0.75;-0.0887796401977539;10.785242784364076;2.958292958977915;-11.118910150745286;1.1704003843358244;59.9085037;10.719822283333333;0.0;59.9085037;10.719822283333333;0.0;1778586981.4848127;-95.034;10.390831845396283;0.20;-2.053;1.936;-142.176;-0.217;-2.207;38.618;59.90850831666667;10.7198365;0.0;-0.5143461225126156;-0.7954794921548658;7.160546308671023e-08;1778586981.4691133;0.015699386596679688;0.0;0.0;-2.481439317315458;-142.176;-0.0;0.0;-10.604564028232671;1.9658798764906902;-2.481439317315458;-0.8434530308862129;169.49770111270252;-142.176;-48.32629888729747;-10.604564028232671;1.9658798764906902;-0.8434530308862129;10.785242784364076
2026-05-12_13:56:21:649772;1778586981.6455364;98.90789794921875;25.422134399414062;0.49453948974609374;0.22106203825577445;0.49453948974609374;0.22106203825577445;10.80475263567439;2.9417475485726574;-11.118910150745286;1.1704003843358244;59.90850356666667;10.719819083333334;0.0;59.90850356666667;10.719819083333334;0.0;1778586981.6455364;-95.806;5.257635016643943;0.20;-2.053;1.936;-142.176;-0.217;-2.207;38.618;59.90850831666667;10.7198365;0.0;-0.529200844328397;-0.974532324095887;9.716330701126097e-08;1778586981.6113636;0.034172773361206055;0.0;0.0;-2.481439317315458;-142.176;-0.0;0.0;-10.58970930641689;2.1449327084317114;-2.481439317315458;-0.8599984412914701;168.54971892616942;-142.176;-49.274281073830544;-10.58970930641689;2.1449327084317114;-0.8599984412914701;10.80475263567439
2026-05-12_13:56:21:811897;1778586981.8118975;40.90205764770508;94.2015380859375;0.20451028823852538;0.8191438094429347;0.20451028823852538;0.8191438094429347;10.80475263567439;2.9417475485726574;-11.118910150745286;1.1704003843358244;59.90850356666667;10.719819083333334;0.0;59.90850356666667;10.719819083333334;0.0;1778586981.8118975;-98.691;0.0;0.20;-2.053;1.936;-142.176;-0.217;-2.207;38.618;59.90850831666667;10.7198365;0.0;-0.529200844328397;-0.974532324095887;9.716330701126097e-08;1778586981.7591968;0.05270075798034668;0.0;0.0;-2.481439317315458;-142.176;-0.0;0.0;-10.58970930641689;2.1449327084317114;-2.481439317315458;-0.8599984412914701;168.54971892616942;-142.176;-49.274281073830544;-10.58970930641689;2.1449327084317114;-0.8599984412914701;10.80475263567439
2026-05-12_13:56:22:094462;1778586982.0944626;-150.0;-110.0;-0.75;-0.9565217391304348;-0.75;-0.9565217391304348;10.815111884966933;2.923960836695408;-11.118910150745286;1.1704003843358244;59.9085033;10.719815683333334;0.0;59.9085033;10.719815683333334;0.0;1778586982.0944626;-97.509;0.0;0.20;-1.995;1.895;-129.704;-1.282;2.376;31.889;59.90850831666667;10.7198365;0.0;-0.5589103162093503;-1.1647759642413078;1.3083260752555503e-07;1778586981.9568427;0.1376199722290039;0.0;0.0;-2.2637618530067254;-129.704;-0.0;0.0;-10.559999834535937;2.335176348577132;-2.2637618530067254;-1.0954626174774518;167.5306154041878;-129.704;-62.765384595812115;-10.559999834535937;2.335176348577132;-1.0954626174774518;10.815111884966933
2026-05-12_13:56:22:300727;1778586982.270081;-150.0;-110.0;-0.75;-0.9565217391304348;-0.75;-0.9565217391304348;10.839908914270042;2.885259051129867;-11.118910150745286;1.1704003843358244;59.908502633333335;10.7198083;0.0;59.908502633333335;10.7198083;0.0;1778586982.2436037;-94.062;18.757251909070536;0.20;-1.856;3.621;-122.338;0.041;5.934;30.034;59.90850831666667;10.7198365;0.0;-0.6331839845916203;-1.5779030992902932;2.264094189907695e-07;1778586982.2319815;0.03809952735900879;0.0;0.0;-2.135200900304823;-122.33800000000001;-0.0;0.0;-10.485726166153666;2.7483034836261178;-2.135200900304823;-1.2627253557448963;165.31316643166198;-122.33800000000001;-72.34883356833802;-10.485726166153666;2.7483034836261178;-1.2627253557448963;10.839908914270042
2026-05-12_13:56:22:497509;1778586982.4975095;73.8764419555664;-110.0;0.36938220977783204;-0.9565217391304348;0.36938220977783204;-0.9565217391304348;10.839908914270042;2.885259051129867;-11.118910150745286;1.1704003843358244;59.908502633333335;10.7198083;0.0;59.908502633333335;10.7198083;0.0;1778586982.4975095;-94.127;0.0;0.20;-1.601;3.405;-113.612;-2.419;-7.066;25.489;59.90850831666667;10.7198365;0.0;-0.6331839845916203;-1.5779030992902932;2.264094189907695e-07;1778586982.4187715;0.07873797416687012;0.0;0.0;-1.9829034697757977;-113.612;-0.0;0.0;-10.485726166153666;2.7483034836261178;-1.9829034697757977;-1.415022786273921;165.31316643166198;-113.612;-81.074833568338;-10.485726166153666;2.7483034836261178;-1.415022786273921;10.839908914270042
2026-05-12_13:56:22:674955;1778586982.6749554;51.85318374633789;-110.0;0.25926591873168947;-0.9565217391304348;0.25926591873168947;-0.9565217391304348;10.91457035524048;2.839058492886158;-11.118910150745286;1.1704003843358244;59.908502033333335;10.7197993;0.0;59.908502033333335;10.7197993;0.0;1778586982.6692426;-94.349;4.8447836167678195;0.20;-1.759;2.827;-111.662;-3.378;-8.085;23.785;59.90850831666667;10.7198365;0.0;-0.7000301744624216;-2.0814892323803207;3.789709766555127e-07;1778586982.6154788;0.059476613998413086;0.0;0.0;-1.9488695493619084;-111.662;-0.0;0.0;-10.418879976282865;3.251889616716145;-1.9488695493619084;-1.49525726493152;162.66606943314912;-111.662;-85.67193056685089;-10.418879976282865;3.251889616716145;-1.49525726493152;10.91457035524048
2026-05-12_13:56:22:851138;1778586982.8511384;79.71661376953125;-110.0;0.39858306884765626;-0.9565217391304348;0.39858306884765626;-0.9565217391304348;10.959380265733559;2.8160031846293285;-11.118910150745286;1.1704003843358244;59.90850171666666;10.719794766666666;0.0;59.90850171666666;10.719794766666666;0.0;1778586982.8511384;-93.543;2.339679369212887;0.20;-2.189;1.531;-106.62;0.683;-2.444;13.891;59.90850831666667;10.7198365;0.0;-0.7353100883656035;-2.3351474406836576;4.6982394746875045e-07;1778586982.7444057;0.10673260688781738;-0.33054485346041773;-2.376576528014045;-1.8608700484763543;-106.62;2.371833183029099;0.36301962142357025;-10.383600062379683;3.505547825019482;-1.8608700484763543;-1.6063120740739034;161.34509757465966;-106.62;-92.03490242534033;-10.383600062379683;3.505547825019482;-1.6063120740739034;10.959380265733559
2026-05-12_13:56:23:008790;1778586983.0087903;106.3304214477539;-110.0;0.5316521072387695;-0.9565217391304348;0.5316521072387695;-0.9565217391304348;10.959380265733559;2.8160031846293285;-11.118910150745286;1.1704003843358244;59.90850171666666;10.719794766666666;0.0;59.90850171666666;10.719794766666666;0.0;1778586983.0074687;-93.018;0.0;0.20;-1.768;1.449;-105.237;4.196;-0.715;10.528;59.90850831666667;10.7198365;0.0;-0.7353100883656035;-2.3351474406836576;4.6982394746875045e-07;1778586982.970895;0.03789520263671875;0.0;0.0;-1.8367321449212726;-105.237;-0.0;0.0;-10.383600062379683;3.505547825019482;-1.8367321449212726;-1.6304499776289854;161.34509757465966;-105.237;-93.41790242534034;-10.383600062379683;3.505547825019482;-1.6304499776289854;10.959380265733559
2026-05-12_13:56:23:176716;1778586983.1757436;89.31228637695312;-110.0;0.4465614318847656;-0.9565217391304348;0.4465614318847656;-0.9565217391304348;11.011548379355169;2.7937404282977685;-11.118910150745286;1.1704003843358244;59.908501433333335;10.719790333333334;0.0;59.908501433333335;10.719790333333334;0.0;1778586983.1743603;-93.263;0.0;0.20;-1.768;1.449;-105.237;4.196;-0.715;10.528;59.90850831666667;10.7198365;0.0;-0.7668762965681546;-2.5832102498203127;5.6864834241388e-07;1778586983.1229732;0.052770376205444336;0.0;0.0;-1.8367321449212726;-105.237;-0.0;0.0;-10.352033854177131;3.753610634156137;-1.8367321449212726;-1.652712733960545;160.06953559653311;-105.237;-94.69346440346686;-10.352033854177131;3.753610634156137;-1.652712733960545;11.011548379355169
2026-05-12_13:56:23:324059;1778586983.3240595;130.63304138183594;-110.0;0.6531652069091797;-0.9565217391304348;0.6531652069091797;-0.9565217391304348;11.072344431060651;2.7728047440685137;-11.118910150745286;1.1704003843358244;59.908501216666664;10.719786083333334;0.0;59.908501216666664;10.719786083333334;0.0;1778586983.323458;-94.024;0.0;0.20;-0.287;0.21;-102.083;-1.371;-4.394;6.845;59.90850831666667;10.7198365;0.0;-0.7910151158339835;-2.821014821815286;6.714741964675142e-07;1778586983.2861416;0.0379178524017334;0.0;0.0;-1.7816844603133715;-102.083;-0.0;0.0;-10.327895034911302;3.9914152061511103;-1.7816844603133715;-1.7286961027977013;158.87000924897822;-102.083;-99.04699075102178;-10.327895034911302;3.9914152061511103;-1.7286961027977013;11.072344431060651
2026-05-12_13:56:23:492041;1778586983.4867733;79.60680389404297;-110.0;0.39803401947021483;-0.9565217391304348;0.39803401947021483;-0.9565217391304348;11.127528656702037;2.752628521011565;-11.118910150745286;1.1704003843358244;59.908500933333336;10.719782;0.0;59.908500933333336;10.719782;0.0;1778586983.4867733;-95.118;5.357935282166001;0.20;-0.287;0.21;-102.083;-1.371;-4.394;6.845;59.90850831666667;10.7198365;0.0;-0.822581308191048;-3.0494937342068082;7.816335400590013e-07;1778586983.4472737;0.039499521255493164;0.0;0.0;-1.7816844603133715;-102.083;-0.0;0.0;-10.296328842554239;4.219894118542633;-1.7816844603133715;-1.7488723258546495;157.71399682130053;-102.083;-100.20300317869946;-10.296328842554239;4.219894118542633;-1.7488723258546495;11.127528656702037
2026-05-12_13:56:23:740121;1778586983.7401216;105.43692016601562;-110.0;0.5271846008300781;-0.9565217391304348;0.5271846008300781;-0.9565217391304348;11.179567607483712;2.733818043008858;-11.118910150745286;1.1704003843358244;59.90850063333333;10.719778183333334;0.0;59.90850063333333;10.719778183333334;0.0;1778586983.7401216;-95.392;1.7286168648129214;0.20;-0.964;-0.054;-101.051;-3.054;1.167;4.168;59.90850831666667;10.7198365;0.0;-0.856004346102534;-3.2630515817205556;8.904204175097519e-07;1778586983.618386;0.1217355728149414;-0.27455440623173133;-1.754276441762765;-1.76367266243279;-101.05100000000002;1.7743741350372368;0.06680108543985941;-10.262905804642752;4.43345196605638;-1.76367266243279;-1.785694601737938;156.63623582112174;-101.05100000000002;-102.31276417887825;-10.262905804642752;4.43345196605638;-1.785694601737938;11.179567607483712
2026-05-12_13:56:23:894513;1778586983.894513;127.60906982421875;-110.0;0.6380453491210938;-0.9565217391304348;0.6380453491210938;-0.9565217391304348;11.233362124180319;2.716012601092264;-11.118910150745286;1.1704003843358244;59.90850035;10.719774533333334;0.0;59.90850035;10.719774533333334;0.0;1778586983.894513;-96.597;0.0;0.20;-0.366;1.046;-100.537;2.693;-0.941;-0.614;59.90850831666667;10.7198365;0.0;-0.887570533216538;-3.4672837622782673;1.0014652319645378e-06;1778586983.8675694;0.026943445205688477;0.0;0.0;-1.7547016700775393;-100.53700000000002;-0.0;0.0;-10.231339617528748;4.637684146614092;-1.7547016700775393;-1.812471036009783;155.61605914693558;-100.53700000000002;-103.84694085306442;-10.231339617528748;4.637684146614092;-1.812471036009783;11.233362124180319
2026-05-12_13:56:24:119116;1778586984.1191163;137.82513427734375;-110.0;0.6891256713867188;-0.9565217391304348;0.6891256713867188;-0.9565217391304348;11.286051494582285;2.6980960942543897;-11.118910150745286;1.1704003843358244;59.908500016666665;10.719770866666666;0.0;59.908500016666665;10.719770866666666;0.0;1778586984.1191163;-100.349;0.0;0.20;-0.059;0.648;-100.967;1.258;-1.371;-2.935;59.90850831666667;10.7198365;0.0;-0.9247072471460898;-3.672448518800917;1.1227103551281203e-06;1778586984.0806422;0.038474082946777344;0.0;0.0;-1.7622065858611147;-100.967;-0.0;0.0;-10.194202903599196;4.842848903136741;-1.7622065858611147;-1.8228826270640823;154.5895189215081;-100.967;-104.44348107849193;-10.194202903599196;4.842848903136741;-1.8228826270640823;11.286051494582285
2026-05-12_13:56:24:449283;1778586984.4492831;150.0;-110.0;0.75;-0.9565217391304348;0.75;-0.9565217391304348;11.381466093597444;2.660273956549651;-11.118910150745286;1.1704003843358244;59.908499066666664;10.71976325;0.0;59.908499066666664;10.71976325;0.0;1778586984.4492831;-105.192;6.034993943471007;0.20;0.169;1.407;-102.332;0.876;4.94;-6.112;59.90850831666667;10.7198365;0.0;-1.030546995324098;-4.098631716918496;1.3979792684581938e-06;1778586984.4124844;0.036798715591430664;0.0;0.0;-1.7860303301508371;-102.332;-0.0;0.0;-10.088363155421188;5.269032101254321;-1.7860303301508371;-1.8368810204790975;152.42247005886395;-102.332;-105.24552994113603;-10.088363155421188;5.269032101254321;-1.8368810204790975;11.381466093597444
2026-05-12_13:56:24:616070;1778586984.6160705;150.0;-110.0;0.75;-0.9565217391304348;0.75;-0.9565217391304348;11.381466093597444;2.660273956549651;-11.118910150745286;1.1704003843358244;59.908499066666664;10.71976325;0.0;59.908499066666664;10.71976325;0.0;1778586984.6145923;-106.894;0.0;0.20;0.169;1.407;-102.332;0.876;4.94;-6.112;59.90850831666667;10.7198365;0.0;-1.030546995324098;-4.098631716918496;1.3979792684581938e-06;1778586984.58136;0.03471040725708008;0.0;0.0;-1.7860303301508371;-102.332;-0.0;0.0;-10.088363155421188;5.269032101254321;-1.7860303301508371;-1.8368810204790975;152.42247005886395;-102.332;-105.24552994113603;-10.088363155421188;5.269032101254321;-1.8368810204790975;11.381466093597444
2026-05-12_13:56:24:820863;1778586984.820863;150.0;-110.0;0.75;-0.9565217391304348;0.75;-0.9565217391304348;11.424310617103005;2.6394631605192402;-11.118910150745286;1.1704003843358244;59.9084984;10.71975915;0.0;59.9084984;10.71975915;0.0;1778586984.820863;-110.535;0.0;0.20;0.63;2.39;-106.037;2.044;-0.512;-11.3;59.90850831666667;10.7198365;0.0;-1.1048205547301762;-4.328043271739448;1.562087712070337e-06;1778586984.7268333;0.09402966499328613;0.0;0.0;-1.8506947789372272;-106.037;-0.0;0.0;-10.01408959601511;5.498443656075272;-1.8506947789372272;-1.793027367723119;151.2300992780138;-106.037;-102.73290072198621;-10.01408959601511;5.498443656075272;-1.793027367723119;11.424310617103005
2026-05-12_13:56:24:950456;1778586984.9504569;150.0;-110.0;0.75;-0.9565217391304348;0.75;-0.9565217391304348;11.460293696124081;2.6160625605180012;-11.118910150745286;1.1704003843358244;59.9084975;10.719754666666667;0.0;59.9084975;10.719754666666667;0.0;1778586984.9504569;-114.46;0.0;0.20;0.773;2.329;-107.433;1.527;-0.592;-11.648;59.90850831666667;10.7198365;0.0;-1.2050899108040798;-4.578903908494172;1.754475510984399e-06;1778586984.904204;0.04625296592712402;0.0;0.0;-1.8750595752950683;-107.43300000000002;-0.0;0.0;-9.913820239941206;5.749304292829996;-1.8750595752950683;-1.7920631713665163;149.88934365986898;-107.43300000000002;-102.67765634013098;-9.913820239941206;5.749304292829996;-1.7920631713665163;11.460293696124081
2026-05-12_13:56:25:128614;1778586985.1286142;96.68635559082031;-110.0;0.4834317779541016;-0.9565217391304348;0.4834317779541016;-0.9565217391304348;11.492154908920824;2.5915086595426233;-11.118910150745286;1.1704003843358244;59.90849645;10.71975005;0.0;59.90849645;10.71975005;0.0;1778586985.121999;-116.6;0.0;0.20;0.773;2.329;-107.433;1.527;-0.592;-11.648;59.90850831666667;10.7198365;0.0;-1.322070849804537;-4.837225116823162;1.9674160343097213e-06;1778586985.088576;0.040038108825683594;0.0;0.0;-1.8750595752950683;-107.43300000000002;-0.0;0.0;-9.79683930094075;6.007625501158986;-1.8750595752950683;-1.816617072341895;148.48250876339768;-107.43300000000002;-104.08449123660235;-9.79683930094075;6.007625501158986;-1.816617072341895;11.492154908920824
2026-05-12_13:56:25:384984;1778586985.3849847;150.0;-110.0;0.75;-0.9565217391304348;0.75;-0.9565217391304348;11.518510888073013;2.5669873395177167;-11.118910150745286;1.1704003843358244;59.9084953;10.719745533333333;0.0;59.9084953;10.719745533333333;0.0;1778586985.3849847;-123.111;0.0;0.20;-0.558;2.565;-112.064;-4.533;1.916;-12.201;59.90850831666667;10.7198365;0.0;-1.4501928525309784;-5.089950954516333;2.191678197926983e-06;1778586985.3790421;0.005942583084106445;0.0;0.0;-1.9558857729549253;-112.064;-0.0;0.0;-9.668717298214307;6.260351338852157;-1.9558857729549253;-1.7603121947069447;147.07754061788089;-112.064;-100.85845938211914;-9.668717298214307;6.260351338852157;-1.7603121947069447;11.518510888073013
2026-05-12_13:56:25:558021;1778586985.5580213;150.0;-110.0;0.75;-0.9565217391304348;0.75;-0.9565217391304348;11.529018805002204;2.5429109987849;-11.118910150745286;1.1704003843358244;59.908494;10.7197413;0.0;59.908494;10.7197413;0.0;1778586985.555001;-128.185;0.0;0.20;-1.16;2.75;-115.07;0.165;0.273;-16.226;59.90850831666667;10.7198365;0.0;-1.5950264685940565;-5.326823193081531;2.4188710102679423e-06;1778586985.5189688;0.039052486419677734;0.0;0.0;-2.008350370269875;-115.07;-0.0;0.0;-9.52388368215123;6.497223577417356;-2.008350370269875;-1.7319239381248117;145.6980679077716;-115.07;-99.23193209222845;-9.52388368215123;6.497223577417356;-1.7319239381248117;11.529018805002204
2026-05-12_13:56:25:788293;1778586985.7882934;150.0;-110.0;0.75;-0.9565217391304348;0.75;-0.9565217391304348;11.517761367947584;2.519013722557825;-11.118910150745286;1.1704003843358244;59.9084925;10.719737383333333;0.0;59.9084925;10.719737383333333;0.0;1778586985.7882934;-130.683;0.0;0.20;-0.405;2.637;-118.344;6.695;0.034;-15.56;59.90850831666667;10.7198365;0.0;-1.7621422431218732;-5.545976708402075;2.6485829965894325e-06;1778586985.7679286;0.020364761352539062;0.0;0.0;-2.0654924499801695;-118.34400000000001;-0.0;0.0;-9.356767907623412;6.7163770927379;-2.0654924499801695;-1.6986791346415924;144.32885483810185;-118.34400000000001;-97.32714516189816;-9.356767907623412;6.7163770927379;-1.6986791346415924;11.517761367947584
2026-05-12_13:56:25:971629;1778586985.9716294;150.0;-10.549901962280273;0.75;-0.09173827793287194;0.75;-0.09173827793287194;11.4948526961161;2.4953087963701703;-11.118910150745286;1.1704003843358244;59.908490883333336;10.7197337;0.0;59.908490883333336;10.7197337;0.0;1778586985.9716294;-135.117;0.0;0.20;0.951;2.816;-121.419;7.391;0.231;-15.612;59.90850831666667;10.7198365;0.0;-1.9422559440350018;-5.752074323156722;2.883714144696903e-06;1778586985.9215193;0.0501101016998291;0.0;0.0;-2.119161324478995;-121.419;-0.0;0.0;-9.176654206710284;6.922474707492547;-2.119161324478995;-1.668715186330421;142.9706626138801;-121.419;-95.6103373861199;-9.176654206710284;6.922474707492547;-1.668715186330421;11.4948526961161
2026-05-12_13:56:26:152920;1778586986.1529202;120.85526275634766;-110.0;0.6042763137817383;-0.9565217391304348;0.6042763137817383;-0.9565217391304348;11.469445494915265;2.4722505422425374;-11.118910150745286;1.1704003843358244;59.90848925;10.719730233333333;0.0;59.90848925;10.719730233333333;0.0;1778586986.152275;-140.989;0.0;0.20;1.873;2.001;-124.979;4.23;-7.686;-18.737;59.90850831666667;10.7198365;0.0;-2.1242264989745987;-5.946048587265195;3.1200981804868633e-06;1778586986.114558;0.03836226463317871;0.0;0.0;-2.181295045849993;-124.979;-0.0;0.0;-8.994683651770687;7.116448971601019;-2.181295045849993;-1.6296397190870557;141.64952196942664;-124.979;-93.37147803057336;-8.994683651770687;7.116448971601019;-1.6296397190870557;11.469445494915265
2026-05-12_13:56:26:308847;1778586986.3088472;150.0;-110.0;0.75;-0.9565217391304348;0.75;-0.9565217391304348;11.419199839672583;2.4485506904204715;-11.118910150745286;1.1704003843358244;59.90848736666667;10.719727033333333;0.0;59.90848736666667;10.719727033333333;0.0;1778586986.3078237;-142.351;0.0;0.20;2.131;0.087;-128.912;0.029;-10.444;-18.801;59.90850831666667;10.7198365;0.0;-2.3340497492867107;-6.1251018399982495;3.3612006553607188e-06;1778586986.267871;0.04097628593444824;0.0;0.0;-2.2499388453309304;-128.912;-0.0;0.0;-8.784860401458575;7.295502224334074;-2.2499388453309304;-1.5846957714281844;140.29162048493683;-128.912;-90.79637951506315;-8.784860401458575;7.295502224334074;-1.5846957714281844;11.419199839672583
2026-05-12_13:56:26:620058;1778586986.620058;150.0;-110.0;0.75;-0.9565217391304348;0.75;-0.9565217391304348;11.357311179672728;2.4242451324984455;-11.118910150745286;1.1704003843358244;59.90848533333333;10.719723983333333;0.0;59.90848533333333;10.719723983333333;0.0;1778586986.620058;-147.208;15.08601928537629;0.20;1.423;0.014;-133.868;-5.964;7.203;-18.156;59.90850831666667;10.7198365;0.0;-2.560584616456285;-6.295762035612996;3.6139574504101546e-06;1778586986.6032696;0.016788482666015625;0.0;0.0;-2.336437363059769;-133.868;-0.0;0.0;-8.558325534289;7.46616241994882;-2.336437363059769;-1.5225028116213721;138.89901459729398;-133.868;-87.23298540270605;-8.558325534289;7.46616241994882;-1.5225028116213721;11.357311179672728
2026-05-12_13:56:26:768926;1778586986.7689261;150.0;86.89041900634766;0.75;0.7555688609247623;0.75;0.7555688609247623;11.29601440410078;2.4005293073282354;-11.118910150745286;1.1704003843358244;59.90848331666667;10.719721133333334;0.0;59.90848331666667;10.719721133333334;0.0;1778586986.7689261;-155.084;0.0;0.20;1.423;0.014;-133.868;-5.964;7.203;-18.156;59.90850831666667;10.7198365;0.0;-2.785262648475881;-6.455231440344097;3.8663631010127375e-06;1778586986.7136571;0.05526900291442871;0.0;0.0;-2.336437363059769;-133.868;-0.0;0.0;-8.333647502269406;7.625631824679921;-2.336437363059769;-1.5462186367915818;137.5401979073708;-133.868;-88.5918020926292;-8.333647502269406;7.625631824679921;-1.5462186367915818;11.29601440410078
2026-05-12_13:56:27:116955;1778586987.116955;138.58836364746094;-110.0;0.6929418182373047;-0.9565217391304348;0.6929418182373047;-0.9565217391304348;11.20782539210709;2.377751217368305;-11.118910150745286;1.1704003843358244;59.90848116666667;10.719718866666668;0.0;59.90848116666667;10.719718866666668;0.0;1778586987.1129138;-159.798;0.0;0.20;0.088;0.932;-141.168;1.951;-5.011;-25.772;59.90850831666667;10.7198365;0.0;-3.0247954964262815;-6.5820610301246685;4.1059345807781256e-06;1778586986.9231646;0.19379043579101562;0.0;0.0;-2.463846398455355;-141.168;-0.0;0.0;-8.094114654319004;7.752461414460493;-2.463846398455355;-1.4415876913559256;136.23510948729748;-141.168;-82.59689051270249;-8.094114654319004;7.752461414460493;-1.4415876913559256;11.20782539210709
2026-05-12_13:56:27:223505;1778586987.2235053;150.0;-77.47325134277344;0.75;-0.6736804464588995;0.75;-0.6736804464588995;10.962324590270754;2.3314643236650663;-11.118910150745286;1.1704003843358244;59.90847635;10.7197155;0.0;59.9084788;10.7197171;0.0;1778586987.2235053;-163.703;0.0;0.20;1.571;-0.705;-146.377;9.034;-7.818;-25.488;59.90850831666667;10.7198365;0.0;-3.5614235095421547;-6.770440634755987;4.578544633204729e-06;1778586987.2235053;0.0;0.0;0.0;-2.55476059919174;-146.37700000000004;-0.0;0.0;-7.557486641203131;7.9408410190918115;-2.55476059919174;-1.3969603843227798;133.58306583133123;-146.37700000000004;-80.03993416866874;-7.557486641203131;7.9408410190918115;-1.3969603843227798;10.962324590270754
2026-05-12_13:56:27:396315;1778586987.3963156;150.0;-110.0;0.75;-0.9565217391304348;0.75;-0.9565217391304348;10.962324590270754;2.3314643236650663;-11.118910150745286;1.1704003843358244;59.90847635;10.7197155;0.0;59.90847635;10.7197155;0.0;1778586987.3944612;-167.356;0.0;0.20;2.615;-0.689;-150.861;0.87;4.169;-19.776;59.90850831666667;10.7198365;0.0;-3.5614235095421547;-6.770440634755987;4.578544633204729e-06;1778586987.3643198;0.03199577331542969;0.0;0.0;-2.6330211628511653;-150.861;-0.0;0.0;-7.557486641203131;7.9408410190918115;-2.6330211628511653;-1.3186998206633547;133.58306583133123;-150.861;-75.55593416866877;-7.557486641203131;7.9408410190918115;-1.3186998206633547;10.962324590270754
2026-05-12_13:56:27:584719;1778586987.5835183;150.0;-110.0;0.75;-0.9565217391304348;0.75;-0.9565217391304348;10.832143817180162;2.307672504467949;-11.118910150745286;1.1704003843358244;59.90847385;10.71971405;0.0;59.90847385;10.71971405;0.0;1778586987.5756207;-172.448;0.0;0.20;2.615;-0.689;-150.861;0.87;4.169;-19.776;59.90850831666667;10.7198365;0.0;-3.8399501864039305;-6.851574529211967;4.827069098434222e-06;1778586987.5396898;0.043828487396240234;0.0;0.0;-2.6330211628511653;-150.861;-0.0;0.0;-7.278959964341356;8.02197491354779;-2.6330211628511653;-1.342491639860473;132.21989500439807;-150.861;-76.91910499560198;-7.278959964341356;8.02197491354779;-1.342491639860473;10.832143817180162
2026-05-12_13:56:27:835855;1778586987.835855;150.0;-110.0;0.75;-0.9565217391304348;0.75;-0.9565217391304348;10.684533031370037;2.2840849998641612;-11.118910150745286;1.1704003843358244;59.908471266666666;10.719713016666667;0.0;59.908471266666666;10.719713016666667;0.0;1778586987.8246064;-176.183;0.0;0.20;0.374;2.548;-158.321;-4.425;3.788;-19.511;59.90850831666667;10.7198365;0.0;-4.127761132247898;-6.909394260307096;5.06853139037311e-06;1778586987.7037005;0.1321544647216797;0.0;0.0;-2.7632227250499426;-158.321;-0.0;0.0;-6.991149018497388;8.07979464464292;-2.7632227250499426;-1.2358775822654824;130.86843054135565;-158.321;-70.81056945864434;-6.991149018497388;8.07979464464292;-1.2358775822654824;10.684533031370037
2026-05-12_13:56:28:046390;1778586988.0463905;150.0;-110.0;0.75;-0.9565217391304348;0.75;-0.9565217391304348;10.51456458894497;2.2611662439262514;-11.118910150745286;1.1704003843358244;59.90846861666667;10.719712533333333;0.0;59.90846861666667;10.719712533333333;0.0;1778586988.0463905;-178.547;0.0;0.20;0.156;2.051;-162.415;2.389;-6.422;-20.576;59.90850831666667;10.7198365;0.0;-4.422999518074099;-6.936439276985746;5.294710972547634e-06;1778586987.945642;0.10074853897094727;0.0;0.0;-2.8346765046265903;-162.415;-0.0;0.0;-6.695910632671187;8.10683966132157;-2.8346765046265903;-1.187342558626744;129.55528255442303;-162.415;-68.02971744557695;-6.695910632671187;8.10683966132157;-1.187342558626744;10.51456458894497
2026-05-12_13:56:28:203160;1778586988.2014964;150.0;-110.0;0.75;-0.9565217391304348;0.75;-0.9565217391304348;10.336594460040478;2.2378648352647605;-11.118910150745286;1.1704003843358244;59.908465916666664;10.719712283333333;0.0;59.908465916666664;10.719712283333333;0.0;1778586988.2014964;178.727;0.0;0.20;1.102;0.446;-166.442;5.352;-7.351;-19.351;59.90850831666667;10.7198365;0.0;-4.72380846537042;-6.950428358166697;5.525002286344005e-06;1778586988.1974788;0.00401759147644043;0.0;0.0;-2.904960913604402;-166.442;-0.0;0.0;-6.395101685374866;8.120828742502521;-2.904960913604402;-1.1403595583104238;128.22021018141;-166.442;-65.33778981858998;-6.395101685374866;8.120828742502521;-1.1403595583104238;10.336594460040478
2026-05-12_13:56:28:365088;1778586988.365089;150.0;-110.0;0.75;-0.9565217391304348;0.75;-0.9565217391304348;10.160689865864772;2.2144933640996007;-11.118910150745286;1.1704003843358244;59.90846325;10.719712166666667;0.0;59.90846325;10.719712166666667;0.0;1778586988.365089;174.23;0.0;0.20;1.102;0.446;-166.442;5.352;-7.351;-19.351;59.90850831666667;10.7198365;0.0;-5.02090373317879;-6.956956891040035;5.759915581826647e-06;1778586988.3363886;0.02870035171508789;0.0;0.0;-2.904960913604402;-166.442;-0.0;0.0;-6.098006417566496;8.127357275375859;-2.904960913604402;-1.1637310294755832;126.88112352263465;-166.442;-66.67687647736531;-6.098006417566496;8.127357275375859;-1.1637310294755832;10.160689865864772
2026-05-12_13:56:28:527147;1778586988.5261445;150.0;-110.0;0.75;-0.9565217391304348;0.75;-0.9565217391304348;9.992112447032696;2.1929405947252736;-11.118910150745286;1.1704003843358244;59.90846078333333;10.7197123;0.0;59.90846078333333;10.7197123;0.0;1778586988.5261445;168.965;0.0;0.20;1.102;0.446;-166.442;5.352;-7.351;-19.351;59.90850831666667;10.7198365;0.0;-5.295716881872627;-6.94949686301293;5.973812563286884e-06;1778586988.4955168;0.030627727508544922;0.0;0.0;-2.904960913604402;-166.442;-0.0;0.0;-5.823193268872659;8.119897247348755;-2.904960913604402;-1.1852837988499108;125.6462408006669;-166.442;-67.9117591993331;-5.823193268872659;8.119897247348755;-1.1852837988499108;9.992112447032696
2026-05-12_13:56:28:731809;1778586988.7318091;150.0;-110.0;0.75;-0.9565217391304348;0.75;-0.9565217391304348;9.810397737878414;2.174206722703694;-11.118910150745286;1.1704003843358244;59.908458483333334;10.71971305;0.0;59.908458483333334;10.71971305;0.0;1778586988.7307713;161.439;0.0;0.20;0.403;1.706;-176.49;-1.919;1.755;-23.577;59.90850831666667;10.7198365;0.0;-5.551961639637078;-6.907531779902743;6.145692448278339e-06;1778586988.6528773;0.07893180847167969;0.0;0.0;-3.0803315968447924;-176.49;-0.0;0.0;-5.566948511108208;8.077932164238568;-3.0803315968447924;-1.0286469876310989;124.57286899989218;-176.49;-58.93713100010776;-5.566948511108208;8.077932164238568;-1.0286469876310989;9.810397737878414
2026-05-12_13:56:28:887946;1778586988.8828886;150.0;-110.0;0.75;-0.9565217391304348;0.75;-0.9565217391304348;9.60296049071436;2.157022349704101;-11.118910150745286;1.1704003843358244;59.9084562;10.71971445;0.0;59.9084562;10.71971445;0.0;1778586988.8802128;158.716;9.339091418578013;0.20;0.403;1.706;-176.49;-1.919;1.755;-23.577;59.90850831666667;10.7198365;0.0;-5.806349619867064;-6.82919653000779;6.288139643650936e-06;1778586988.8517115;0.031177043914794922;0.0;0.0;-3.0803315968447924;-176.49;-0.0;0.0;-5.312560530878222;7.9995969143436145;-3.0803315968447924;-1.045831360630693;123.58827695343692;-176.49;-59.92172304656307;-5.312560530878222;7.9995969143436145;-1.045831360630693;9.60296049071436
2026-05-12_13:56:29:046860;1778586989.0468605;150.0;-110.0;0.75;-0.9565217391304348;0.75;-0.9565217391304348;9.383770377962692;2.1403212382097476;-11.118910150745286;1.1704003843358244;59.908453933333334;10.719716183333333;0.0;59.908453933333334;10.719716183333333;0.0;1778586989.0436122;153.849;8.5710149142005;0.20;1.297;-0.008;176.412;6.801;-9.847;-25.322;59.90850831666667;10.7198365;0.0;-6.058880785587111;-6.732209901517013;6.4204279608404136e-06;1778586989.021499;0.02536153793334961;0.0;0.0;3.0789702400282373;176.41200000000003;0.0;-0.0;-5.060029365158175;7.9026102858528375;3.0789702400282373;-0.9386490018184896;122.63137375163305;176.41200000000003;-53.78062624836699;-5.060029365158175;7.9026102858528375;-0.9386490018184896;9.383770377962692
2026-05-12_13:56:29:373064;1778586989.3730648;150.0;-110.0;0.75;-0.9565217391304348;0.75;-0.9565217391304348;9.16328379604757;2.124050269552787;-11.118910150745286;1.1704003843358244;59.90845173333334;10.719718083333333;0.0;59.90845173333334;10.719718083333333;0.0;1778586989.3730648;145.448;0.0;0.20;2.192;-0.744;166.402;-3.191;2.59;-26.582;59.90850831666667;10.7198365;0.0;-6.303984582465731;-6.625897563975014;6.5461492821938805e-06;1778586989.23682;0.1362447738647461;0.0;0.0;2.904262781903604;166.402;0.0;-0.0;-4.8149255682795555;7.796297948310839;2.904262781903604;-0.780212512350817;121.69911591899957;166.402;-44.70288408100043;-4.8149255682795555;7.796297948310839;-0.780212512350817;9.16328379604757
2026-05-12_13:56:29:680930;1778586989.6809309;150.0;-110.0;0.75;-0.9565217391304348;0.75;-0.9565217391304348;8.938156789858306;2.111331629345454;-11.118910150745286;1.1704003843358244;59.9084498;10.71972045;0.0;59.9084498;10.71972045;0.0;1778586989.6744878;136.198;0.0;0.20;1.8;-0.24;160.487;0.808;0.033;-31.336;59.90850831666667;10.7198365;0.0;-6.519378896139262;-6.493473247059234;6.627541148329641e-06;1778586989.5058045;0.175126314163208;0.0;0.0;2.8010265566481394;160.487;0.0;-0.0;-4.599531254606024;7.663873631395059;2.8010265566481394;-0.6896949273026856;120.97039151397398;160.487;-39.516608486026016;-4.599531254606024;7.663873631395059;-0.6896949273026856;8.938156789858306
2026-05-12_13:56:29:841037;1778586989.841037;150.0;-56.98369216918945;0.75;-0.49551036668860393;0.75;-0.49551036668860393;8.435047717002622;2.095088898616044;-11.118910150745286;1.1704003843358244;59.90844641666666;10.719726916666668;0.0;59.90844641666666;10.719726916666668;0.0;1778586989.841037;124.024;5.355423707824619;0.20;2.301;-0.434;152.388;1.89;-2.971;-33.827;59.90850831666667;10.7198365;0.0;-6.896319150165004;-6.131637360700115;6.66485099642955e-06;1778586989.7917533;0.049283742904663086;0.0;0.0;2.659672340529119;152.388;0.0;-0.0;-4.222591000580282;7.302037745035939;2.659672340529119;-0.5645834419130753;120.03975159541133;152.388;-32.34824840458868;-4.222591000580282;7.302037745035939;-0.5645834419130753;8.435047717002622
2026-05-12_13:56:30:079319;1778586990.0793197;150.0;110.0;0.75;0.9565217391304348;0.75;0.9565217391304348;8.181270462198082;2.091531501516823;-11.118910150745286;1.1704003843358244;59.90844505;10.719730583333334;0.0;59.90844505;10.719730583333334;0.0;1778586990.0789213;116.422;4.964635175820798;0.20;1.832;-1.024;145.776;-7.125;-3.655;-31.562;59.90850831666667;10.7198365;0.0;-7.048580814664478;-5.926472551787155;6.6393472506476314e-06;1778586990.0409665;0.03835320472717285;0.0;0.0;2.544271170387254;145.776;0.0;-0.0;-4.070329336080808;7.096872936122979;2.544271170387254;-0.4527396688704308;119.83592775557389;145.776;-25.940072244426105;-4.070329336080808;7.096872936122979;-0.4527396688704308;8.181270462198082
2026-05-12_13:56:30:233927;1778586990.2339275;150.0;110.0;0.75;0.9565217391304348;0.75;0.9565217391304348;8.181270462198082;2.091531501516823;-11.118910150745286;1.1704003843358244;59.90844505;10.719730583333334;0.0;59.90844505;10.719730583333334;0.0;1778586990.2339275;111.93;0.0;0.20;1.832;-1.024;145.776;-7.125;-3.655;-31.562;59.90850831666667;10.7198365;0.0;-7.048580814664478;-5.926472551787155;6.6393472506476314e-06;1778586990.1791124;0.054815053939819336;0.0;0.0;2.544271170387254;145.776;0.0;-0.0;-4.070329336080808;7.096872936122979;2.544271170387254;-0.4527396688704308;119.83592775557389;145.776;-25.940072244426105;-4.070329336080808;7.096872936122979;-0.4527396688704308;8.181270462198082
2026-05-12_13:56:30:413913;1778586990.413913;150.0;110.0;0.75;0.9565217391304348;0.75;0.9565217391304348;7.92880876637505;2.092515481267116;-11.118910150745286;1.1704003843358244;59.908443983333335;10.719734566666666;0.0;59.908443983333335;10.719734566666666;0.0;1778586990.4109075;104.124;0.0;0.20;-0.545;-0.365;135.785;-5.819;7.452;-31.117;59.90850831666667;10.7198365;0.0;-7.167419275120501;-5.703588873264154;6.5690352304415e-06;1778586990.377781;0.036132097244262695;0.0;0.0;2.369895324820501;135.78500000000003;0.0;-0.0;-3.951490875624785;6.873989257599979;2.369895324820501;-0.27737984355338474;119.89230564239203;135.78500000000003;-15.892694357608;-3.951490875624785;6.873989257599979;-0.27737984355338474;7.92880876637505
2026-05-12_13:56:30:581259;1778586990.5812597;150.0;-40.48984909057617;0.75;-0.35208564426587974;0.75;-0.35208564426587974;7.684908254764353;2.097668463480974;-11.118910150745286;1.1704003843358244;59.9084432;10.7197387;0.0;59.9084432;10.7197387;0.0;1778586990.5803068;100.048;0.0;0.20;-0.476;1.278;129.455;5.599;5.979;-32.14;59.90850831666667;10.7198365;0.0;-7.254691363574918;-5.472312017162893;6.464678324658024e-06;1778586990.5132124;0.06804728507995605;0.0;0.0;2.2594159831692595;129.455;0.0;-0.0;-3.864218787170368;6.642712401498717;2.2594159831692595;-0.16174751968828538;120.18754977515208;129.455;-9.267450224847941;-3.864218787170368;6.642712401498717;-0.16174751968828538;7.684908254764353
2026-05-12_13:56:30:746219;1778586990.7462196;150.0;110.0;0.75;0.9565217391304348;0.75;0.9565217391304348;7.4454860509856395;2.106588277470253;-11.118910150745286;1.1704003843358244;59.90844263333334;10.719743;0.0;59.90844263333334;10.719743;0.0;1778586990.7452784;93.717;0.0;0.20;0.55;2.016;122.995;5.452;1.423;-32.262;59.90850831666667;10.7198365;0.0;-7.31782445680368;-5.231709430618476;6.3357803670172075e-06;1778586990.695914;0.05030560493469238;0.0;0.0;2.1466677134904257;122.995;0.0;-0.0;-3.801085693941606;6.402109814954301;2.1466677134904257;-0.04007943602017283;120.6986174707795;122.995;-2.2963825292205122;-3.801085693941606;6.402109814954301;-0.04007943602017283;7.4454860509856395
2026-05-12_13:56:31:183010;1778586991.1830106;150.0;110.0;0.75;0.9565217391304348;0.75;0.9565217391304348;7.2119106658106755;2.119278108194956;-11.118910150745286;1.1704003843358244;59.90844226666667;10.719747433333334;0.0;59.90844226666667;10.719747433333334;0.0;1778586991.1830106;89.913;0.0;0.20;1.145;1.388;115.703;2.802;-4.791;-28.246;59.90850831666667;10.7198365;0.0;-7.358675400378306;-4.98364625781488;6.184188162894344e-06;1778586990.8687744;0.3142361640930176;0.0;0.0;2.019398304434999;115.70299999999999;0.0;-0.0;-3.7602347503669797;6.154046642150704;2.019398304434999;0.09987980375995731;121.42569121404043;115.70299999999999;5.722691214040445;-3.7602347503669797;6.154046642150704;0.09987980375995731;7.2119106658106755
2026-05-12_13:56:31:284251;1778586991.2842515;150.0;110.0;0.75;0.9565217391304348;0.75;0.9565217391304348;6.807653541398705;2.152060369095255;-11.118910150745286;1.1704003843358244;59.908442066666666;10.719755733333333;0.0;59.908442066666666;10.719755733333333;0.0;1778586991.2842515;85.401;0.0;0.20;1.737;1.426;105.258;1.546;0.529;-22.504;59.90850831666667;10.7198365;0.0;-7.380958142451527;-4.519227153861292;5.865739387544977e-06;1778586991.2704296;0.013821840286254883;0.0;0.0;1.8370986640641913;105.258;0.0;-0.0;-3.7379520082937594;5.689627538197116;1.8370986640641913;0.3149617050310636;123.30397640652428;105.258;18.04597640652429;-3.7379520082937594;5.689627538197116;0.3149617050310636;6.807653541398705
2026-05-12_13:56:31:595331;1778586991.593769;150.0;110.0;0.75;0.9565217391304348;0.75;0.9565217391304348;6.623062539470839;2.171162806743358;-11.118910150745286;1.1704003843358244;59.9084421;10.71975975;0.0;59.9084421;10.71975975;0.0;1778586991.5919774;86.19;0.0;0.20;1.384;1.445;101.54;-3.577;-0.739;-16.253;59.90850831666667;10.7198365;0.0;-7.3772447173897175;-4.29447813092634;5.706780280778645e-06;1778586991.5584111;0.03535795211791992;0.0;0.0;1.772207322475042;101.53999999999999;0.0;-0.0;-3.7416654333555686;5.464878515262164;1.772207322475042;0.39895548426831606;124.39846546217241;101.53999999999999;22.858465462172422;-3.7416654333555686;5.464878515262164;0.39895548426831606;6.623062539470839
2026-05-12_13:56:31:744214;1778586991.7442145;150.0;110.0;0.75;0.9565217391304348;0.75;0.9565217391304348;6.448935193498298;2.190830169801627;-11.118910150745286;1.1704003843358244;59.90844215;10.719763616666667;0.0;59.90844215;10.719763616666667;0.0;1778586991.742787;86.243;0.0;0.20;0.02;1.527;98.738;-6.646;-0.009;-12.453;59.90850831666667;10.7198365;0.0;-7.371674427364477;-4.078122223347183;5.558288013851609e-06;1778586991.7308652;0.013349294662475586;0.0;0.0;1.723303196834161;98.738;0.0;-0.0;-3.7472357233808093;5.248522607683007;1.723303196834161;0.46752697296746604;125.52532235956274;98.738;26.787322359562733;-3.7472357233808093;5.248522607683007;0.46752697296746604;6.448935193498298
2026-05-12_13:56:31:942797;1778586991.942798;150.0;110.0;0.75;0.9565217391304348;0.75;0.9565217391304348;6.2830907268603;2.2098050271619796;-11.118910150745286;1.1704003843358244;59.90844215;10.719767283333333;0.0;59.90844215;10.719767283333333;0.0;1778586991.942798;88.362;0.0;0.20;-0.74;0.975;96.642;-1.348;-4.325;-9.083;59.90850831666667;10.7198365;0.0;-7.371674647489229;-3.8729571446417923;5.430729827171632e-06;1778586991.9308422;0.011955738067626953;0.0;0.0;1.6867210957123602;96.64200000000001;0.0;-0.0;-3.747235503256057;5.043357528977617;1.6867210957123602;0.5230839314496194;126.61250160317367;96.64200000000001;29.970501603173663;-3.747235503256057;5.043357528977617;0.5230839314496194;6.2830907268603
2026-05-12_13:56:32:535545;1778586992.5355458;150.0;110.0;0.75;0.9565217391304348;0.75;0.9565217391304348;5.977622736867678;2.2483348610444174;-11.118910150745286;1.1704003843358244;59.90844215;10.719774183333334;0.0;59.90844215;10.719774183333334;0.0;1778586992.5355458;92.524;0.0;0.20;-0.89;-0.178;94.693;-0.256;0.108;-1.816;59.90850831666667;10.7198365;0.0;-7.371675030938242;-3.486873769200997;5.208528278011215e-06;1778586992.3314667;0.20407915115356445;0.0;0.0;1.6527046285909908;94.69300000000001;0.0;-0.0;-3.747235119807044;4.657274153536822;1.6527046285909908;0.5956302324534266;128.82009846997752;94.69300000000001;34.127098469977504;-3.747235119807044;4.657274153536822;0.5956302324534266;5.977622736867678
2026-05-12_13:56:32:863699;1778586992.8626997;150.0;110.0;0.75;0.9565217391304348;0.75;0.9565217391304348;5.563190512958243;2.3048772050869584;-11.118910150745286;1.1704003843358244;59.908441966666665;10.7197836;0.0;59.908441966666665;10.7197836;0.0;1778586992.8617003;95.396;7.366142498739772;0.20;-0.012;-0.232;94.49;0.721;0.002;0.541;59.90850831666667;10.7198365;0.0;-7.3921007891143695;-2.9599725607538505;4.966237004300211e-06;1778586992.8379922;0.024707555770874023;-0.1025956518211604;1.9373791648005383;1.6491616102094415;94.48999999999998;1.939465082691214;-0.04938713392577654;-3.7268093616309166;4.130372945089675;1.6491616102094415;0.6557155948775168;132.0597361473918;94.48999999999998;37.569736147391815;-3.7268093616309166;4.130372945089675;0.6557155948775168;5.563190512958243
2026-05-12_13:56:33:295596;1778586993.2955968;150.0;110.0;0.75;0.9565217391304348;0.75;0.9565217391304348;5.432777535270531;2.3239395742154674;-11.118910150745286;1.1704003843358244;59.908441866666664;10.719786583333333;0.0;59.908441866666664;10.719786583333333;0.0;1778586993.2955968;95.212;0.5731029541922301;0.20;-0.435;0.258;94.635;-3.114;4.131;1.079;59.90850831666667;10.7198365;0.0;-7.40324199067712;-2.7930427995632208;4.903066772143916e-06;1778586993.0036752;0.29192161560058594;-0.038165044886550765;0.5718307664446027;1.6516923376248336;94.63499999999999;0.5730447428654667;-0.008168156344333058;-3.715668160068166;3.963443183899045;1.6516923376248336;0.6722472365906338;133.15192944597584;94.63499999999999;38.51692944597584;-3.715668160068166;3.963443183899045;0.6722472365906338;5.432777535270531
2026-05-12_13:56:33:568630;1778586993.5686307;150.0;110.0;0.75;0.9565217391304348;0.75;0.9565217391304348;5.307773643195843;2.343318420764133;-11.118910150745286;1.1704003843358244;59.90844176666667;10.719789483333333;0.0;59.90844176666667;10.719789483333333;0.0;1778586993.5686307;96.093;0.0;0.20;-0.935;1.443;95.017;0.3;1.596;1.209;59.90850831666667;10.7198365;0.0;-7.4143831833257385;-2.6307758803309182;4.8482912902159114e-06;1778586993.3782206;0.19041013717651367;0.0;0.0;1.6583594953674519;95.01699999999998;0.0;-0.0;-3.7045269674195476;3.8011762646667426;1.6583594953674519;0.684958925396681;134.26225556504602;95.01699999999998;39.24525556504604;-3.7045269674195476;3.8011762646667426;0.684958925396681;5.307773643195843
2026-05-12_13:56:33:767682;1778586993.7676823;-150.0;110.0;-0.75;0.9565217391304348;-0.75;0.9565217391304348;5.060068825513799;2.383630739340572;-11.118910150745286;1.1704003843358244;59.9084415;10.71979525;0.0;59.9084415;10.71979525;0.0;1778586993.7676823;105.037;0.0;0.20;-0.496;1.968;95.645;1.706;3.194;3.372;59.90850831666667;10.7198365;0.0;-7.444092925178562;-2.308107180355487;4.758885093103515e-06;1778586993.706606;0.06107640266418457;0.0;0.0;1.669320163069976;95.64499999999998;0.0;-0.0;-3.6748172255667244;3.4785075646913115;1.669320163069976;0.7143105762705959;136.5719812818628;95.64499999999998;40.92698128186284;-3.6748172255667244;3.4785075646913115;0.7143105762705959;5.060068825513799
2026-05-12_13:56:33:879522;1778586993.8795228;150.0;110.0;0.75;0.9565217391304348;0.75;0.9565217391304348;4.935558850311516;2.402256785660011;-11.118910150745286;1.1704003843358244;59.90844125;10.719797983333333;0.0;59.90844125;10.719797983333333;0.0;1778586993.8795228;109.229;3.625667548569404;0.20;-0.006;2.659;96.889;2.279;2.977;8.349;59.90850831666667;10.7198365;0.0;-7.471945700650875;-2.1551659530924194;4.737638649832121e-06;1778586993.8795228;0.0;0.0;0.0;1.6910320589647858;96.889;0.0;-0.0;-3.646964450094411;3.325566337428244;1.6910320589647858;0.7112247266952254;137.63917512498188;96.889;40.75017512498187;-3.646964450094411;3.325566337428244;0.7112247266952254;4.935558850311516
2026-05-12_13:56:34:180141;1778586994.1801414;150.0;110.0;0.75;0.9565217391304348;0.75;0.9565217391304348;4.794266213608979;2.4192147799651433;-11.118910150745286;1.1704003843358244;59.9084408;10.719800766666667;0.0;59.9084408;10.719800766666667;0.0;1778586994.1801414;112.753;0.9936256372870543;0.20;-0.006;2.659;96.889;2.279;2.977;8.349;59.90850831666667;10.7198365;0.0;-7.52208061748593;-1.9994270298345214;4.746043946290968e-06;1778586994.0154822;0.1646592617034912;-0.3044767498431696;0.9458254679797097;1.6910320589647858;96.889;0.9755178169018076;0.18883033649609426;-3.5968295332593563;3.1698274141703457;1.6910320589647858;0.7281827210003575;138.6107966276728;96.889;41.72179662767282;-3.5968295332593563;3.1698274141703457;0.7281827210003575;4.794266213608979
2026-05-12_13:56:34:488958;1778586994.4889588;150.0;66.29764556884766;0.75;0.5765012658160665;0.75;0.5765012658160665;4.622344581635735;2.4360623132752615;-11.118910150745286;1.1704003843358244;59.9084401;10.71980385;0.0;59.9084401;10.71980385;0.0;1778586994.4889588;123.534;0.0;0.20;-1.405;2.055;103.229;-10.27;-4.582;20.154;59.90850831666667;10.7198365;0.0;-7.600068216442406;-1.82690188149737;4.786221508013e-06;1778586994.3369348;0.1520240306854248;0.0;0.0;1.8016859335412265;103.229;0.0;-0.0;-3.5188419343028805;2.9973022658331945;1.8016859335412265;0.6343763797340349;139.57608918154867;103.229;36.347089181548654;-3.5188419343028805;2.9973022658331945;0.6343763797340349;4.622344581635735
2026-05-12_13:56:34:831802;1778586994.831381;150.0;-28.995162963867188;0.75;-0.25213185185971465;0.75;-0.25213185185971465;4.21087296125973;2.4741160574970973;-11.118910150745286;1.1704003843358244;59.9084382;10.719810833333334;0.0;59.9084382;10.719810833333334;0.0;1778586994.831381;138.449;5.893432394883919;0.20;-3.389;1.868;113.889;5.382;0.451;24.452;59.90850831666667;10.7198365;0.0;-7.811748775275817;-1.436155721423492;4.941733950492022e-06;1778586994.8081157;0.023265361785888672;0.0;0.0;1.987738031803822;113.88900000000001;0.0;-0.0;-3.3071613754694695;2.6065561057593163;1.987738031803822;0.48637802569327526;141.7564081201302;113.88900000000001;27.86740812013019;-3.3071613754694695;2.6065561057593163;0.48637802569327526;4.21087296125973
2026-05-12_13:56:34:997535;1778586994.9975355;150.0;-110.0;0.75;-0.9565217391304348;0.75;-0.9565217391304348;3.9852780662293257;2.484282575890312;-11.118910150745286;1.1704003843358244;59.90843683333333;10.7198139;0.0;59.90843683333333;10.7198139;0.0;1778586994.9910576;146.449;0.0;0.20;-2.35;1.817;116.9;8.617;-3.235;25.705;59.90850831666667;10.7198365;0.0;-7.96401016935712;-1.2645631415933638;5.094460338472828e-06;1778586994.936657;0.06087851524353027;0.0;0.0;2.0402898955813713;116.9;0.0;-0.0;-3.1548999813881657;2.434963525929188;2.0402898955813713;0.4439926803089409;142.33890671640353;116.9;25.438906716403526;-3.1548999813881657;2.434963525929188;0.4439926803089409;3.9852780662293257
2026-05-12_13:56:35:207485;1778586995.2074854;150.0;-110.0;0.75;-0.9565217391304348;0.75;-0.9565217391304348;3.745749674470869;2.486817605208489;-11.118910150745286;1.1704003843358244;59.90843518333333;10.71981665;0.0;59.90843518333333;10.71981665;0.0;1778586995.2074854;149.355;0.0;0.20;-2.35;1.817;116.9;8.617;-3.235;25.705;59.90850831666667;10.7198365;0.0;-8.147837922218983;-1.1106893632800747;5.297504101609007e-06;1778586995.1208465;0.0866389274597168;0.0;0.0;2.0402898955813713;116.9;0.0;-0.0;-2.971072228526303;2.281089747615899;2.0402898955813713;0.44652770962711763;142.48415319727698;116.9;25.58415319727698;-2.971072228526303;2.281089747615899;0.44652770962711763;3.745749674470869
2026-05-12_13:56:35:463159;1778586995.4631593;1.242125391960144;-110.0;0.00621062695980072;-0.9565217391304348;0.00621062695980072;-0.9565217391304348;3.280417956929039;2.474621504098489;-11.118910150745286;1.1704003843358244;59.90843165;10.71982115;0.0;59.90843165;10.71982115;0.0;1778586995.461195;156.173;5.846411039457913;0.20;-2.191;-0.287;131.639;-7.95;1.823;28.706;59.90850831666667;10.7198365;0.0;-8.541489234748692;-0.8588958961332864;5.773357375282728e-06;1778586995.4223404;0.04081892967224121;0.0;0.0;2.297533974032816;131.639;0.0;-0.0;-2.577420915996594;2.0292962804691106;2.297533974032816;0.17708753006567335;141.78536807715918;131.639;10.146368077159156;-2.577420915996594;2.0292962804691106;0.17708753006567335;3.280417956929039
2026-05-12_13:56:35:597063;1778586995.5970628;150.0;-110.0;0.75;-0.9565217391304348;0.75;-0.9565217391304348;3.280417956929039;2.474621504098489;-11.118910150745286;1.1704003843358244;59.90843165;10.71982115;0.0;59.90843165;10.71982115;0.0;1778586995.5970628;159.961;0.0;0.20;-2.191;-0.287;131.639;-7.95;1.823;28.706;59.90850831666667;10.7198365;0.0;-8.541489234748692;-0.8588958961332864;5.773357375282728e-06;1778586995.5762024;0.02086043357849121;0.0;0.0;2.297533974032816;131.639;0.0;-0.0;-2.577420915996594;2.0292962804691106;2.297533974032816;0.17708753006567335;141.78536807715918;131.639;10.146368077159156;-2.577420915996594;2.0292962804691106;0.17708753006567335;3.280417956929039
2026-05-12_13:56:35:778796;1778586995.778796;150.0;44.72250747680664;0.75;0.388891369363536;0.75;0.388891369363536;3.070440679084583;2.4609066045673864;-11.118910150745286;1.1704003843358244;59.90842993333333;10.719822883333334;0.0;59.90842993333333;10.719822883333334;0.0;1778586995.778796;163.348;0.0;0.20;-2.191;-0.287;131.639;-7.95;1.823;28.706;59.90850831666667;10.7198365;0.0;-8.732744341312673;-0.7619087766609854;6.01972728508926e-06;1778586995.7526846;0.026111364364624023;0.0;0.0;2.297533974032816;131.639;0.0;-0.0;-2.3861658094326135;1.9323091609968097;2.297533974032816;0.16337263053457063;140.99956221758103;131.639;9.36056221758102;-2.3861658094326135;1.9323091609968097;0.16337263053457063;3.070440679084583
2026-05-12_13:56:35:925114;1778586995.9251149;150.0;-110.0;0.75;-0.9565217391304348;0.75;-0.9565217391304348;2.872097378482158;2.438623039585082;-11.118910150745286;1.1704003843358244;59.908428183333335;10.719824233333334;0.0;59.908428183333335;10.719824233333334;0.0;1778586995.9251149;165.543;2.9079813232859615;0.20;-3.237;1.1;143.424;5.078;-3.218;20.316;59.90850831666667;10.7198365;0.0;-8.927713133457035;-0.6863707331989019;6.281625396287183e-06;1778586995.8532126;0.07190227508544922;-2.7115802930110275;1.0505654149651538;2.5032210263803467;143.42399999999998;2.8036009507265125;0.7721250453469761;-2.1911970172882516;1.8567711175347261;2.5032210263803467;-0.06459798679526463;139.7228079915895;143.42399999999998;-3.7011920084104855;-2.1911970172882516;1.8567711175347261;-0.06459798679526463;2.872097378482158
2026-05-12_13:56:36:086460;1778586996.0864604;150.0;-110.0;0.75;-0.9565217391304348;0.75;-0.9565217391304348;2.6841013897144856;2.4094190130315933;-11.118910150745286;1.1704003843358244;59.90842643333333;10.71982535;0.0;59.90842643333333;10.71982535;0.0;1778586996.0864604;167.944;2.5000149227679693;0.20;-3.237;1.1;143.424;5.078;-3.218;20.316;59.90850831666667;10.7198365;0.0;-9.122681922372621;-0.6238886477087243;6.549700092062238e-06;1778586996.0045664;0.0818939208984375;-2.380748006404299;0.7629636584095909;2.5032210263803467;143.42399999999998;2.366541818308209;0.8059494005520862;-1.9962282283726651;1.7942890320445488;2.5032210263803467;-0.09380201334875338;138.0495405252866;143.42399999999998;-5.374459474713379;-1.9962282283726651;1.7942890320445488;-0.09380201334875338;2.6841013897144856
2026-05-12_13:56:36:266816;1778586996.260381;150.0;-95.58772277832031;0.75;-0.8311975893766984;0.75;-0.8311975893766984;2.6841013897144856;2.4094190130315933;-11.118910150745286;1.1704003843358244;59.90842643333333;10.71982535;0.0;59.90842643333333;10.71982535;0.0;1778586996.260381;168.355;0.0;0.20;-3.237;1.1;143.424;5.078;-3.218;20.316;59.90850831666667;10.7198365;0.0;-9.122681922372621;-0.6238886477087243;6.549700092062238e-06;1778586996.1452758;0.11510515213012695;0.0;0.0;2.5032210263803467;143.42399999999998;0.0;-0.0;-1.9962282283726651;1.7942890320445488;2.5032210263803467;-0.09380201334875338;138.0495405252866;143.42399999999998;-5.374459474713379;-1.9962282283726651;1.7942890320445488;-0.09380201334875338;2.6841013897144856
2026-05-12_13:56:36:448664;1778586996.448665;150.0;-87.01937866210938;0.75;-0.7566902492357337;0.75;-0.7566902492357337;2.332545886986024;2.334812462350881;-11.118910150745286;1.1704003843358244;59.908423;10.719827316666667;0.0;59.908423;10.719827316666667;0.0;1778586996.4473426;163.778;1.8213954510199823;0.20;1.638;-0.232;151.084;0.53;1.175;10.638;59.90850831666667;10.7198365;0.0;-9.5051921115632;-0.5138455611584023;7.097214089313297e-06;1778586996.3387682;0.10989665985107422;-1.7234213469115771;0.5176379759754665;2.636913247083113;151.084;1.7588534610452364;0.38021666945530597;-1.6137180391820856;1.6842459454942267;2.636913247083113;-0.3021007847322319;133.7749000472529;151.084;-17.309099952747104;-1.6137180391820856;1.6842459454942267;-0.3021007847322319;2.332545886986024
2026-05-12_13:56:36:741248;1778586996.7412484;150.0;-47.73175811767578;0.75;-0.41505876624065896;0.75;-0.41505876624065896;2.16160779755481;2.29704681492032;-11.118910150745286;1.1704003843358244;59.9084214;10.719828533333333;0.0;59.9084214;10.719828533333333;0.0;1778586996.7387183;161.462;1.2094606437454216;0.20;0.294;0.014;152.628;-12.17;1.9;9.032;59.90850831666667;10.7198365;0.0;-9.68344928582298;-0.44576803997095626;7.360969784819815e-06;1778586996.58095;0.16029834747314453;-1.1120337612316586;0.4246925951551144;2.6638611307339044;152.62799999999996;1.1827898129447554;0.13413107355391585;-1.4354608649223053;1.6161684243067806;2.6638611307339044;-0.36681431581358437;131.61108783890268;152.62799999999996;-21.016912161097277;-1.4354608649223053;1.6161684243067806;-0.36681431581358437;2.16160779755481
2026-05-12_13:56:36:986411;1778586996.9864113;150.0;-34.43315887451172;0.75;-0.29941877282184104;0.75;-0.29941877282184104;1.996995428014061;2.258968637899226;-11.118910150745286;1.1704003843358244;59.9084199;10.71982985;0.0;59.9084199;10.71982985;0.0;1778586996.9706373;161.235;1.5425167462076679;0.20;-2.556;0.71;154.249;-0.671;2.953;3.759;59.90850831666667;10.7198365;0.0;-9.850565389960346;-0.3720950961432776;7.613881277457324e-06;1778586996.8522367;0.13417458534240723;-1.2455123577307357;0.5490827017625488;2.692152917908733;154.249;1.3603763507236393;0.04657285718817361;-1.2683447607849399;1.542495480479102;2.692152917908733;-0.43318428000950693;129.42936900404197;154.249;-24.819630995958022;-1.2683447607849399;1.542495480479102;-0.43318428000950693;1.996995428014061
2026-05-12_13:56:37:093042;1778586997.093042;150.0;-26.306121826171875;0.75;-0.22874888544497282;0.75;-0.22874888544497282;1.8469636434998968;2.21713724657886;-11.118910150745286;1.1704003843358244;59.9084185;10.719831066666666;0.0;59.9084185;10.719831066666666;0.0;1778586997.093042;164.499;0.0;0.20;-2.5;0.97;154.515;1.816;3.154;3.483;59.90850831666667;10.7198365;0.0;-10.006540416624961;-0.3040175601505726;7.850520413299478e-06;1778586997.0757067;0.017335176467895508;0.0;0.0;2.696795493719038;154.515;0.0;-0.0;-1.1123697341203247;1.474417944486397;2.696795493719038;-0.4796582471401778;127.03260683022481;154.515;-27.482393169775175;-1.1123697341203247;1.474417944486397;-0.4796582471401778;1.8469636434998968
2026-05-12_13:56:37:266484;1778586997.2664843;150.0;-27.555667877197266;0.75;-0.23961450327997622;0.75;-0.23961450327997622;1.7120756213693524;2.1661313952332217;-11.118910150745286;1.1704003843358244;59.90841713333333;10.719832083333333;0.0;59.90841713333333;10.719832083333333;0.0;1778586997.2607565;164.846;5.200958393187365;0.20;-2.5;0.97;154.515;1.816;3.154;3.483;59.90850831666667;10.7198365;0.0;-10.158801752740061;-0.24713084895926385;8.088503972381034e-06;1778586997.2295043;0.03697991371154785;0.0;0.0;2.696795493719038;154.515;0.0;-0.0;-0.9601083980052252;1.4175312332950882;2.696795493719038;-0.5306640984858162;124.11018681764806;154.515;-30.404813182351926;-0.9601083980052252;1.4175312332950882;-0.5306640984858162;1.7120756213693524
2026-05-12_13:56:37:431434;1778586997.4314342;150.0;-16.85952377319336;0.75;-0.14660455454950747;0.75;-0.14660455454950747;1.7120756213693524;2.1661313952332217;-11.118910150745286;1.1704003843358244;59.90841713333333;10.719832083333333;0.0;59.90841713333333;10.719832083333333;0.0;1778586997.4314342;162.258;0.0;0.20;-0.019;1.452;155.475;6.54;-1.424;1.872;59.90850831666667;10.7198365;0.0;-10.158801752740061;-0.24713084895926385;8.088503972381034e-06;1778586997.3917415;0.03969264030456543;0.0;0.0;2.7135506545381833;155.47499999999997;0.0;-0.0;-0.9601083980052252;1.4175312332950882;2.7135506545381833;-0.5474192593049616;124.11018681764806;155.47499999999997;-31.36481318235192;-0.9601083980052252;1.4175312332950882;-0.5474192593049616;1.7120756213693524
2026-05-12_13:56:37:668802;1778586997.663193;71.76473236083984;-110.0;0.3588236618041992;-0.9565217391304348;0.3588236618041992;-0.9565217391304348;1.5877987861978875;2.1100107851575536;-11.118910150745286;1.1704003843358244;59.908415833333336;10.719833066666666;0.0;59.908415833333336;10.719833066666666;0.0;1778586997.6475515;160.789;0.0;0.20;0.863;0.925;155.586;3.568;-2.868;0.104;59.90850831666667;10.7198365;0.0;-10.303635703670448;-0.19210927118897314;8.318627236825193e-06;1778586997.540925;0.1222679615020752;0.0;0.0;2.7154879700078975;155.586;0.0;-0.0;-0.8152744470748381;1.3625096555247975;2.7154879700078975;-0.605477184850344;120.8947127166129;155.586;-34.6912872833871;-0.8152744470748381;1.3625096555247975;-0.605477184850344;1.5877987861978875
2026-05-12_13:56:37:791842;1778586997.7918427;-105.90303802490234;80.63468933105469;-0.5295151901245118;0.7011712115743886;-0.5295151901245118;0.7011712115743886;1.471168863477582;2.0525032633537643;-11.118910150745286;1.1704003843358244;59.90841463333334;10.719834116666666;0.0;59.90841463333334;10.719834116666666;0.0;1778586997.7918427;160.296;0.0;0.20;1.309;0.815;155.396;1.205;1.288;-1.418;59.90850831666667;10.7198365;0.0;-10.437328582182495;-0.1333574115225189;8.534931173365123e-06;1778586997.7737327;0.018110036849975586;0.0;0.0;2.7121718444291076;155.39599999999996;0.0;-0.0;-0.6815815685627911;1.3037577958583433;2.7121718444291076;-0.6596685810753433;117.59977442699922;155.39599999999996;-37.79622557300074;-0.6815815685627911;1.3037577958583433;-0.6596685810753433;1.471168863477582
2026-05-12_13:56:37:960600;1778586997.9606009;-150.0;10.42404842376709;-0.75;0.09064389933710514;-0.75;0.09064389933710514;1.364665644087692;1.994354306870357;-11.118910150745286;1.1704003843358244;59.90841355;10.719835183333334;0.0;59.90841355;10.719835183333334;0.0;1778586997.9594002;158.677;0.0;0.20;1.309;0.815;155.396;1.205;1.288;-1.418;59.90850831666667;10.7198365;0.0;-10.55802354035101;-0.0736729778232148;8.732627317264985e-06;1778586997.9262903;0.03431057929992676;0.0;0.0;2.7121718444291076;155.39599999999996;0.0;-0.0;-0.5608866103942756;1.2440733621590392;2.7121718444291076;-0.7178175375587506;114.2680846374101;155.39599999999996;-41.12791536258986;-0.5608866103942756;1.2440733621590392;-0.7178175375587506;1.364665644087692
2026-05-12_13:56:38:199241;1778586998.197891;-8.822434425354004;-110.0;-0.044112172126770016;-0.9565217391304348;-0.044112172126770016;-0.9565217391304348;1.26506563920808;1.9340296732190332;-11.118910150745286;1.1704003843358244;59.90841255;10.719836283333333;0.0;59.90841255;10.719836283333333;0.0;1778586998.197891;155.796;0.0;0.20;-1.118;1.754;154.132;-8.712;0.73;-3.87;59.90850831666667;10.7198365;0.0;-10.669434270730097;-0.012123401805291367;8.917820766285445e-06;1778586998.164669;0.03322196006774902;0.0;0.0;2.6901108826839;154.132;0.0;-0.0;-0.44947588001518923;1.1825237861411158;2.6901108826839;-0.7560812094648668;110.81173772851638;154.132;-43.32026227148362;-0.44947588001518923;1.1825237861411158;-0.7560812094648668;1.26506563920808
2026-05-12_13:56:38:357662;1778586998.3576627;150.0;-5.132958889007568;0.75;-0.04463442512180494;0.75;-0.04463442512180494;1.1626278639414078;1.8624981044295446;-11.118910150745286;1.1704003843358244;59.90841151666667;10.719837516666667;0.0;59.90841151666667;10.719837516666667;0.0;1778586998.3576627;153.346;0.0;0.20;-2.074;1.647;153.407;-3.426;-1.034;-4.781;59.90850831666667;10.7198365;0.0;-10.784558690221262;0.056886733382944144;9.11219029386956e-06;1778586998.332435;0.025227785110473633;0.0;0.0;2.6774572456069414;153.407;0.0;-0.0;-0.3343514605240241;1.1135136509528802;2.6774572456069414;-0.8149591411773969;106.71328073492896;153.407;-46.69371926507106;-0.3343514605240241;1.1135136509528802;-0.8149591411773969;1.1626278639414078
2026-05-12_13:56:38:551483;1778586998.5514832;150.0;1.0031421184539795;0.75;0.008722974943078082;0.75;0.008722974943078082;1.0452925166774263;1.7639593548482695;-11.118910150745286;1.1704003843358244;59.90841031666667;10.719839083333333;0.0;59.90841031666667;10.719839083333333;0.0;1778586998.5514832;150.416;1.8159769222717992;0.20;-1.446;1.527;151.655;7.268;0.741;-8.991;59.90850831666667;10.7198365;0.0;-10.918251563719117;0.14454826201288018;9.340011001057746e-06;1778586998.463448;0.08803510665893555;-1.5186313570994634;0.9957564880287267;2.6468790771120005;151.655;1.809319501735866;-0.1553548288767984;-0.2006585870261688;1.0258521223229442;2.6468790771120005;-0.8829197222637308;101.0674262654254;151.655;-50.587573734574605;-0.2006585870261688;1.0258521223229442;-0.8829197222637308;1.0452925166774263
2026-05-12_13:56:38:782315;1778586998.7823157;150.0;41.176780700683594;0.75;0.35805896261463993;0.75;0.35805896261463993;0.9240247607869405;1.631247801967452;-11.118910150745286;1.1704003843358244;59.90840901666667;10.719840933333334;0.0;59.90840901666667;10.719840933333334;0.0;1778586998.7823157;147.285;0.0;0.20;0.39;1.844;149.456;9.2;2.336;-12.055;59.90850831666667;10.7198365;0.0;-11.063085506113422;0.2480634786451279;9.592303043426398e-06;1778586998.651296;0.13101983070373535;0.0;0.0;2.6084992868606456;149.45600000000002;0.0;-0.0;-0.05582464463186376;0.9223369056906965;2.6084992868606456;-0.9772514848931939;93.4636143927273;149.45600000000002;-55.99238560727274;-0.05582464463186376;0.9223369056906965;-0.9772514848931939;0.9240247607869405
2026-05-12_13:56:39:010285;1778586999.0089276;38.269657135009766;-3.860628604888916;0.19134828567504883;-0.033570683520773185;0.19134828567504883;-0.033570683520773185;0.8068830364140421;1.4417156022855562;-11.118910150745286;1.1704003843358244;59.908407583333336;10.719843116666667;0.0;59.908407583333336;10.719843116666667;0.0;1778586999.0009637;137.573;0.0;0.20;1.073;2.533;146.887;-0.086;3.148;-12.66;59.90850831666667;10.7198365;0.0;-11.222774208419498;0.3702300949747457;9.877139611980112e-06;1778586998.9011369;0.10779070854187012;0.0;0.0;2.563661778376911;146.88700000000003;0.0;-0.0;0.10386405767421181;0.8001702893610787;2.563661778376911;-1.1219461760913552;82.60421926912392;146.88700000000003;-64.28278073087611;0.10386405767421181;0.8001702893610787;-1.1219461760913552;0.8068830364140421
2026-05-12_13:56:39:197661;1778586999.1976619;150.0;-15.637360572814941;0.75;-0.13597704845926037;0.75;-0.13597704845926037;0.6929441271012873;1.1661040656412966;-11.118910150745286;1.1704003843358244;59.908406066666664;10.719846033333333;0.0;59.908406066666664;10.719846033333333;0.0;1778586999.1976619;135.866;0.0;0.20;0.749;2.773;145.903;-4.065;2.676;-12.086;59.90850831666667;10.7198365;0.0;-11.39174712903636;0.5334297833178805;1.018750631676113e-05;1778586999.1056762;0.09198570251464844;0.0;0.0;2.5464877385372864;145.903;0.0;-0.0;0.27283697829107467;0.6369706010179439;2.5464877385372864;-1.3803836728959897;66.81284143429261;145.903;-79.09015856570738;0.27283697829107467;0.6369706010179439;-1.3803836728959897;0.6929441271012873
2026-05-12_13:56:39:389754;1778586999.3897548;130.0000762939453;-110.0;0.6500003814697266;-0.9565217391304348;0.6500003814697266;-0.9565217391304348;0.63622963089092;0.7702063280942936;-11.118910150745286;1.1704003843358244;59.90840441666667;10.7198495;0.0;59.90840441666667;10.7198495;0.0;1778586999.3897548;135.571;0.0;0.20;-1.304;3.12;142.545;-3.526;-0.12;-10.008;59.90850831666667;10.7198365;0.0;-11.575574798264858;0.7274042862385373;1.0538042157115513e-05;1778586999.3554263;0.034328460693359375;0.0;0.0;2.4878795822553172;142.54500000000002;0.0;-0.0;0.45666464751957214;0.4429960980972871;2.4878795822553172;-1.7176732541610238;44.12957195407139;142.54500000000002;-98.41542804592864;0.45666464751957214;0.4429960980972871;-1.7176732541610238;0.63622963089092
2026-05-12_13:56:39:550642;1778586999.5495315;-75.80264282226562;14.073081970214844;-0.3790132141113281;0.12237462582795516;-0.3790132141113281;0.12237462582795516;0.698471218952077;0.3375281553484871;-11.118910150745286;1.1704003843358244;59.9084026;10.719853283333334;0.0;59.9084026;10.719853283333334;0.0;1778586999.5495315;135.914;2.5773885970802866;0.20;-1.268;2.83;140.992;4.109;-2.051;-8.603;59.90850831666667;10.7198365;0.0;-11.777970908463358;0.9390976361020829;1.0934965653852657e-05;1778586999.4358974;0.11363410949707031;-1.7811211008233192;1.8629384328391594;2.460774618971845;140.992;2.556621829459324;-0.32652228328148336;0.6590607577180716;0.23130274823374153;2.460774618971845;-2.123246463623358;19.338938768304317;140.992;-121.65306123169569;0.6590607577180716;0.23130274823374153;-2.123246463623358;0.698471218952077
2026-05-12_13:56:39:903165;1778586999.9031649;-150.0;-110.0;-0.75;-0.9565217391304348;-0.75;-0.9565217391304348;0.698471218952077;0.3375281553484871;-11.118910150745286;1.1704003843358244;59.9084026;10.719853283333334;0.0;59.9084026;10.719853283333334;0.0;1778586999.9031649;136.857;0.0;0.20;-1.268;2.83;140.992;4.109;-2.051;-8.603;59.90850831666667;10.7198365;0.0;-11.777970908463358;0.9390976361020829;1.0934965653852657e-05;1778586999.8871408;0.016024112701416016;0.0;0.0;2.460774618971845;140.992;0.0;-0.0;0.6590607577180716;0.23130274823374153;2.460774618971845;-2.123246463623358;19.338938768304317;140.992;-121.65306123169569;0.6590607577180716;0.23130274823374153;-2.123246463623358;0.698471218952077
2026-05-12_13:56:40:234695;1778587000.2307098;-150.0;-110.0;-0.75;-0.9565217391304348;-0.75;-0.9565217391304348;1.136984980317938;-0.2014698545882207;-11.118910150745286;1.1704003843358244;59.908398516666665;10.719861483333332;0.0;59.908398516666665;10.719861483333332;0.0;1778587000.2307098;137.337;0.0;0.20;1.092;3.848;138.123;4.905;4.793;-5.929;59.90850831666667;10.7198365;0.0;-12.232897909152037;1.3979220747050825;1.1875543864725557e-05;1778587000.2102547;0.020455121994018555;0.0;0.0;2.410701122732128;138.12300000000002;0.0;-0.0;1.1139877584067506;-0.22752169036925807;2.410701122732128;-2.6121709773203485;-11.54337236701945;138.12300000000002;-149.66637236701945;1.1139877584067506;-0.22752169036925807;-2.6121709773203485;1.136984980317938
2026-05-12_13:56:40:532911;1778587000.532911;-150.0;-110.0;-0.75;-0.9565217391304348;-0.75;-0.9565217391304348;1.7727008550919194;-0.42453914841976226;-11.118910150745286;1.1704003843358244;59.90839401666667;10.719870466666666;0.0;59.90839401666667;10.719870466666666;0.0;1778587000.532911;133.209;0.0;0.20;-0.152;3.045;135.976;-8.989;-5.13;-4.303;59.90850831666667;10.7198365;0.0;-12.734245966446018;1.900577434206658;1.2984476300381687e-05;1778587000.3454535;0.18745756149291992;0.0;0.0;2.3732289036918095;135.976;0.0;-0.0;1.6153358157007318;-0.7301770498708335;2.3732289036918095;-2.7977680521115715;-24.32430144253043;135.976;-160.3003014425304;1.6153358157007318;-0.7301770498708335;-2.7977680521115715;1.7727008550919194
2026-05-12_13:56:40:695071;1778587000.683402;-150.0;-110.0;-0.75;-0.9565217391304348;-0.75;-0.9565217391304348;2.388346611728618;-0.5419366708874057;-11.118910150745286;1.1704003843358244;59.90839015;10.719879433333332;0.0;59.90839015;10.719879433333332;0.0;1778587000.683402;131.963;0.0;0.20;-1.661;2.367;134.648;1.222;-0.815;-6.578;59.90850831666667;10.7198365;0.0;-13.165033827683256;2.4023003138874945;1.4028221702488963e-05;1778587000.6628437;0.02055835723876953;0.0;0.0;2.350050931225325;134.648;0.0;-0.0;2.0461236769379703;-1.2318999295516702;2.350050931225325;-2.8919876021127306;-31.050684005218656;134.648;-165.69868400521867;2.0461236769379703;-1.2318999295516702;-2.8919876021127306;2.388346611728618
2026-05-12_13:56:40:893148;1778587000.8924444;-150.0;-110.0;-0.75;-0.9565217391304348;-0.75;-0.9565217391304348;2.68728267531188;-0.5782560197366658;-11.118910150745286;1.1704003843358244;59.90838831666667;10.719883666666666;0.0;59.90838831666667;10.719883666666666;0.0;1778587000.8914218;131.402;3.2825854128041985;0.20;-1.661;2.367;134.648;1.222;-0.815;-6.578;59.90850831666667;10.7198365;0.0;-13.369286670200978;2.639173238698901;1.4546439215834539e-05;1778587000.7961388;0.09630560874938965;0.0;0.0;2.350050931225325;134.648;0.0;-0.0;2.250376519455692;-1.4687728543630767;2.350050931225325;-2.9283069509619906;-33.13162940894458;134.648;-167.77962940894457;2.250376519455692;-1.4687728543630767;-2.9283069509619906;2.68728267531188
2026-05-12_13:56:41:011069;1778587001.0110693;-150.0;-110.0;-0.75;-0.9565217391304348;-0.75;-0.9565217391304348;2.68728267531188;-0.5782560197366658;-11.118910150745286;1.1704003843358244;59.90838831666667;10.719883666666666;0.0;59.90838831666667;10.719883666666666;0.0;1778587001.0110693;130.14;0.0;0.20;-1.661;2.367;134.648;1.222;-0.815;-6.578;59.90850831666667;10.7198365;0.0;-13.369286670200978;2.639173238698901;1.4546439215834539e-05;1778587000.961883;0.04918622970581055;0.0;0.0;2.350050931225325;134.648;0.0;-0.0;2.250376519455692;-1.4687728543630767;2.350050931225325;-2.9283069509619906;-33.13162940894458;134.648;-167.77962940894457;2.250376519455692;-1.4687728543630767;-2.9283069509619906;2.68728267531188
2026-05-12_13:56:41:720364;1778587001.7203646;-150.0;-110.0;-0.75;-0.9565217391304348;-0.75;-0.9565217391304348;3.263900252527856;-0.637100038948508;-11.118910150745286;1.1704003843358244;59.90838496666667;10.719892116666667;0.0;59.90838496666667;10.719892116666667;0.0;1778587001.7203646;124.811;0.0;0.20;1.211;1.904;128.661;-6.221;-2.311;-6.657;59.90850831666667;10.7198365;0.0;-13.742512245814396;3.111986567125653;1.555042478251778e-05;1778587001.3778765;0.34248805046081543;0.0;0.0;2.2455580689084247;128.66100000000003;0.0;-0.0;2.62360209506911;-1.9415861827898286;2.2455580689084247;-2.8826581078569324;-36.50314335936987;128.66100000000003;-165.1641433593699;2.62360209506911;-1.9415861827898286;-2.8826581078569324;3.263900252527856
2026-05-12_13:56:41:899456;1778587001.8936808;-150.0;-110.0;-0.75;-0.9565217391304348;-0.75;-0.9565217391304348;4.1418721273557795;-0.7159385548629426;-11.118910150745286;1.1704003843358244;59.908380466666664;10.719906;0.0;59.908380466666664;10.719906;0.0;1778587001.8936808;121.784;9.352401986477421;0.20;-0.512;0.985;124.037;2.904;0.918;-8.336;59.90850831666667;10.7198365;0.0;-14.243859792715982;3.888818022321921;1.707567603848048e-05;1778587001.8600268;0.033653974533081055;0.0;0.0;2.1648540442962068;124.03700000000002;0.0;-0.0;3.124949641970696;-2.7184176379860965;2.1648540442962068;-2.8807925991591494;-41.02025758434195;124.03700000000002;-165.05725758434198;3.124949641970696;-2.7184176379860965;-2.8807925991591494;4.1418721273557795
2026-05-12_13:56:42:231293;1778587002.231294;-150.0;-110.0;-0.75;-0.9565217391304348;-0.75;-0.9565217391304348;4.749689717205821;-0.7595169257913066;-11.118910150745286;1.1704003843358244;59.9083776;10.719915866666668;0.0;59.9083776;10.719915866666668;0.0;1778587002.231294;117.958;19.110938194380306;0.20;-0.466;1.138;121.67;0.308;-0.905;-7.177;59.90850831666667;10.7198365;0.0;-14.563236593461657;4.440900004536919;1.8155661001273415e-05;1778587002.214584;0.01670980453491211;0.0;0.0;2.123542100901501;121.67000000000002;0.0;-0.0;3.4443264427163705;-3.270499620201095;2.123542100901501;-2.8830590266928073;-43.51711431659281;121.67000000000002;-165.1871143165928;3.4443264427163705;-3.270499620201095;-2.8830590266928073;4.749689717205821
2026-05-12_13:56:42:419021;1778587002.412276;-150.0;-110.0;-0.75;-0.9565217391304348;-0.75;-0.9565217391304348;4.749689717205821;-0.7595169257913066;-11.118910150745286;1.1704003843358244;59.9083776;10.719915866666668;0.0;59.9083776;10.719915866666668;0.0;1778587002.4115205;115.548;0.0;0.20;-0.224;0.848;120.732;3.189;-3.09;-7.917;59.90850831666667;10.7198365;0.0;-14.563236593461657;4.440900004536919;1.8155661001273415e-05;1778587002.367112;0.04516410827636719;0.0;0.0;2.1071709125177938;120.73199999999999;0.0;-0.0;3.4443264427163705;-3.270499620201095;2.1071709125177938;-2.8666878383091;-43.51711431659281;120.73199999999999;-164.2491143165928;3.4443264427163705;-3.270499620201095;-2.8666878383091;4.749689717205821
2026-05-12_13:56:42:580834;1778587002.5808344;-150.0;-110.0;-0.75;-0.9565217391304348;-0.75;-0.9565217391304348;5.063521857481869;-0.7829627147265054;-11.118910150745286;1.1704003843358244;59.9083763;10.71992125;0.0;59.9083763;10.71992125;0.0;1778587002.5808344;113.841;0.0;0.20;0.568;-0.147;118.998;3.275;-5.302;-8.988;59.90850831666667;10.7198365;0.0;-14.708070169438876;4.742120412754634;1.8704243517575492e-05;1778587002.549491;0.03134346008300781;0.0;0.0;2.0769069032882124;118.998;0.0;-0.0;3.5891600186935904;-3.5717200284188095;2.0769069032882124;-2.859869618014718;-44.86045906993422;118.998;-163.85845906993424;3.5891600186935904;-3.5717200284188095;-2.859869618014718;5.063521857481869
2026-05-12_13:56:42:741023;1778587002.7410235;-150.0;-110.0;-0.75;-0.9565217391304348;-0.75;-0.9565217391304348;5.380770565752778;-0.8062273418849096;-11.118910150745286;1.1704003843358244;59.90837508333333;10.719926816666666;0.0;59.90837508333333;10.719926816666666;0.0;1778587002.7400248;111.028;0.0;0.20;0.656;-0.54;117.859;-0.425;-2.309;-9.734;59.90850831666667;10.7198365;0.0;-14.843619477092162;5.0535991064586145;1.9256277583146186e-05;1778587002.6963727;0.04465079307556152;0.0;0.0;2.057027603107997;117.85900000000001;0.0;-0.0;3.7247093263468756;-3.88319872212279;2.057027603107997;-2.8632549449929066;-46.19342401805622;117.85900000000001;-164.05242401805623;3.7247093263468756;-3.88319872212279;-2.8632549449929066;5.380770565752778
2026-05-12_13:56:42:957176;1778587002.9543564;-150.0;-110.0;-0.75;-0.9565217391304348;-0.75;-0.9565217391304348;5.684611271481684;-0.82873967993359;-11.118910150745286;1.1704003843358244;59.90837403333333;10.7199323;0.0;59.90837403333333;10.7199323;0.0;1778587002.9543564;108.109;0.0;0.20;0.319;0.187;114.732;0.235;5.809;-11.905;59.90850831666667;10.7198365;0.0;-14.960600312408925;5.360414943932653;1.9780100304345183e-05;1778587002.9207895;0.033566951751708984;0.0;0.0;2.0024511573981343;114.73200000000001;0.0;-0.0;3.8416901616636387;-4.190014559596829;2.0024511573981343;-2.8311908373317243;-47.483285975217385;114.73200000000001;-162.2152859752174;3.8416901616636387;-4.190014559596829;-2.8311908373317243;5.684611271481684
2026-05-12_13:56:43:297520;1778587003.2975204;-116.63435363769531;-110.0;-0.5831717681884766;-0.9565217391304348;-0.5831717681884766;-0.9565217391304348;5.964420273837895;-0.8500062505373218;-11.118910150745286;1.1704003843358244;59.90837318333333;10.7199375;0.0;59.90837318333333;10.7199375;0.0;1778587003.2975204;102.449;0.0;0.20;0.856;1.437;112.072;4.221;4.873;-14.161;59.90850831666667;10.7198365;0.0;-15.055298998017879;5.6513770687246705;2.025219728629679e-05;1778587003.1513972;0.14612317085266113;0.0;0.0;1.9560253992950853;112.07200000000002;0.0;-0.0;3.9363888472725925;-4.480976684388846;1.9560253992950853;-2.8060316498324074;-48.701770715528205;112.07200000000002;-160.77377071552823;3.9363888472725925;-4.480976684388846;-2.8060316498324074;5.964420273837895
2026-05-12_13:56:43:569451;1778587003.5694518;-150.0;-110.0;-0.75;-0.9565217391304348;-0.75;-0.9565217391304348;6.484843968328999;-0.8937618209562663;-11.118910150745286;1.1704003843358244;59.90837205;10.71994775;0.0;59.90837205;10.71994775;0.0;1778587003.5694518;97.763;4.2630222766053745;0.20;0.454;1.441;106.008;-4.42;-1.858;-14.153;59.90850831666667;10.7198365;0.0;-15.181563572454133;6.224908121855908;2.108461452277055e-05;1778587003.5009005;0.06855130195617676;0.0;0.0;1.8501886334541489;106.008;0.0;-0.0;4.062653421708847;-5.054507737520083;1.8501886334541489;-2.743950454410415;-51.208780230721196;106.008;-157.21678023072118;4.062653421708847;-5.054507737520083;-2.743950454410415;6.484843968328999
2026-05-12_13:56:43:760829;1778587003.7608297;-150.0;-110.0;-0.75;-0.9565217391304348;-0.75;-0.9565217391304348;6.743034041934748;-0.9155171891758714;-11.118910150745286;1.1704003843358244;59.90837163333333;10.719952966666666;0.0;59.90837163333333;10.719952966666666;0.0;1778587003.7600946;96.876;0.0;0.20;-0.087;1.129;103.341;0.514;-1.298;-12.791;59.90850831666667;10.7198365;0.0;-15.22798420757311;6.516802771567391;2.148429550086206e-05;1778587003.6609237;0.09990596771240234;0.0;0.0;1.8036407023034595;103.34099999999997;0.0;-0.0;4.109074056827824;-5.346402387231566;1.8036407023034595;-2.719157891479331;-52.45527101145761;103.34099999999997;-155.79627101145758;4.109074056827824;-5.346402387231566;-2.719157891479331;6.743034041934748
2026-05-12_13:56:43:902957;1778587003.9029572;-150.0;-110.0;-0.75;-0.9565217391304348;-0.75;-0.9565217391304348;6.982711925306246;-0.93735640761476;-11.118910150745286;1.1704003843358244;59.90837141666667;10.719958;0.0;59.90837141666667;10.719958;0.0;1778587003.9029572;94.922;2.871611106958421;0.20;-0.087;1.129;103.341;0.514;-1.298;-12.791;59.90850831666667;10.7198365;0.0;-15.252122692163514;6.798439111927981;2.1835955532623075e-05;1778587003.8136685;0.08928871154785156;0.0;0.0;1.8036407023034595;103.34099999999997;0.0;-0.0;4.133212541418228;-5.628038727592156;1.8036407023034595;-2.7409971099182195;-53.70656605587021;103.34099999999997;-157.0475660558702;4.133212541418228;-5.628038727592156;-2.7409971099182195;6.982711925306246
2026-05-12_13:56:44:127629;1778587004.1265535;-150.0;-110.0;-0.75;-0.9565217391304348;-0.75;-0.9565217391304348;7.20688426714049;-0.9578102790043059;-11.118910150745286;1.1704003843358244;59.9083713;10.719962766666667;0.0;59.9083713;10.719962766666667;0.0;1778587004.125319;89.363;1.8213178385460407;0.20;0.957;0.828;98.613;3.403;-0.74;-16.066;59.90850831666667;10.7198365;0.0;-15.265120111655088;7.065154306257371;2.21577143992846e-05;1778587004.0867267;0.03982686996459961;0.0;0.0;1.7211215352691678;98.61299999999997;0.0;-0.0;4.146209960909802;-5.894753921921547;1.7211215352691678;-2.678931814273474;-54.87848656119458;98.61299999999997;-153.49148656119456;4.146209960909802;-5.894753921921547;-2.678931814273474;7.20688426714049
2026-05-12_13:56:44:319839;1778587004.3198397;-150.0;-110.0;-0.75;-0.9565217391304348;-0.75;-0.9565217391304348;7.421194219559556;-0.9788855001962568;-11.118910150745286;1.1704003843358244;59.90837135;10.719967483333333;0.0;59.90837135;10.719967483333333;0.0;1778587004.2326946;84.755;4.775074844316678;0.20;1.161;0.634;95.972;1.515;-2.528;-16.71;59.90850831666667;10.7198365;0.0;-15.259549063146977;7.329071754163014;2.2440137666279725e-05;1778587004.2326946;0.08714509010314941;0.0;0.0;1.675027389723998;95.97200000000001;0.0;-0.0;4.140638912401691;-6.158671369827189;1.675027389723998;-2.653912889920255;-56.08600778779803;95.97200000000001;-152.05800778779803;4.140638912401691;-6.158671369827189;-2.653912889920255;7.421194219559556
2026-05-12_13:56:44:481281;1778587004.4812818;-150.0;-110.0;-0.75;-0.9565217391304348;-0.75;-0.9565217391304348;7.62793074141633;-1.001628723488785;-11.118910150745286;1.1704003843358244;59.90837161666666;10.71997225;0.0;59.90837135;10.719967483333333;0.0;1778587004.4812818;78.442;0.0;0.20;1.316;0.269;91.214;-2.264;-0.468;-17.386;59.90850831666667;10.7198365;0.0;-15.22983899869113;7.595786863215592;2.2680965345855952e-05;1778587004.4812818;0.0;0.0;0.0;1.591984623914108;91.21400000000001;0.0;-0.0;4.110928847945845;-6.425386478879767;1.591984623914108;-2.593613347402893;-57.38909849498353;91.21400000000001;-148.60309849498356;4.110928847945845;-6.425386478879767;-2.593613347402893;7.62793074141633
2026-05-12_13:56:44:725483;1778587004.7254832;-150.0;-110.0;-0.75;-0.9565217391304348;-0.75;-0.9565217391304348;7.817426142731696;-1.0245844402677267;-11.118910150745286;1.1704003843358244;59.908372066666665;10.7199768;0.0;59.908372066666665;10.7199768;0.0;1778587004.7254832;75.837;2.0054889726676386;0.20;1.316;0.269;91.214;-2.264;-0.468;-17.386;59.90850831666667;10.7198365;0.0;-15.179703639809258;7.85037850827011;2.286843995857879e-05;1778587004.5960977;0.12938547134399414;0.38748831967832764;1.9676988645629379;1.591984623914108;91.21400000000001;1.9590475845118025;-0.4290904113446028;4.060793489063972;-6.679978123934285;1.591984623914108;-2.6165690641818347;-58.70436418211453;91.21400000000001;-149.91836418211454;4.060793489063972;-6.679978123934285;-2.6165690641818347;7.817426142731696
2026-05-12_13:56:44:928359;1778587004.9283597;-150.0;-110.0;-0.75;-0.9565217391304348;-0.75;-0.9565217391304348;7.996194081545588;-1.045651097890823;-11.118910150745286;1.1704003843358244;59.908372533333335;10.719981066666666;0.0;59.908372533333335;10.719981066666666;0.0;1778587004.9283597;69.297;1.9047417255127796;0.20;0.517;0.371;86.314;-0.88;0.058;-18.063;59.90850831666667;10.7198365;0.0;-15.127711452134701;8.089116444106107;2.304326835300685e-05;1778587004.9283597;0.0;0.4053131524617453;1.861118558649349;1.5064634905663858;86.31400000000002;1.88332553046905;-0.28482624034835613;4.008801301389415;-6.918716059770283;1.5064634905663858;-2.5521145884572087;-59.91139475236505;86.31400000000002;-146.22539475236508;4.008801301389415;-6.918716059770283;-2.5521145884572087;7.996194081545588
2026-05-12_13:56:45:107222;1778587005.1072223;-150.0;-110.0;-0.75;-0.9565217391304348;-0.75;-0.9565217391304348;8.148927845016061;-1.069255935256219;-11.118910150745286;1.1704003843358244;59.90837335;10.719985116666667;0.0;59.90837335;10.719985116666667;0.0;1778587005.1072223;58.53;0.0;0.20;1.739;-0.478;78.09;3.793;-5.749;-25.643;59.90850831666667;10.7198365;0.0;-15.036725522263259;8.315730869203238;2.312014420713382e-05;1778587005.0752645;0.03195786476135254;0.0;0.0;1.3629276128823715;78.08999999999997;0.0;0.0;3.917815371517973;-7.145330484867413;1.3629276128823715;-2.4321835481385907;-61.26385230949495;78.08999999999997;-139.35385230949495;3.917815371517973;-7.145330484867413;-2.4321835481385907;8.148927845016061
2026-05-12_13:56:45:328452;1778587005.3274515;-150.0;-110.0;-0.75;-0.9565217391304348;-0.75;-0.9565217391304348;8.280738491818433;-1.0949397894357735;-11.118910150745286;1.1704003843358244;59.908374466666665;10.719988966666667;0.0;59.908374466666665;10.719988966666667;0.0;1778587005.3274515;52.651;0.0;0.20;1.772;-0.989;72.952;-2.492;-1.294;-25.453;59.90850831666667;10.7198365;0.0;-14.91231638561807;8.531154361144972;2.3110738245790685e-05;1778587005.2471685;0.08028292655944824;0.0;0.0;1.2732525959149035;72.95200000000001;0.0;0.0;3.7934062348727835;-7.360753976809148;1.2732525959149035;-2.368192385350677;-62.735428755612865;72.95200000000001;-135.6874287556129;3.7934062348727835;-7.360753976809148;-2.368192385350677;8.280738491818433
2026-05-12_13:56:45:537804;1778587005.5378048;-150.0;-110.0;-0.75;-0.9565217391304348;-0.75;-0.9565217391304348;8.39706644333884;-1.1203248192088564;-11.118910150745286;1.1704003843358244;59.9083757;10.719992516666666;0.0;59.9083757;10.719992516666666;0.0;1778587005.5378048;48.32;2.8690671782822674;0.20;1.268;-0.757;68.888;-2.335;1.933;-25.407;59.90850831666667;10.7198365;0.0;-14.774909357783338;8.729791540506032;2.3060448335776584e-05;1778587005.4536202;0.08418464660644531;1.6322100688632144;2.359541642903934;1.202322415113854;68.88800000000002;2.7890740959386893;-0.6727645656989077;3.655999207038052;-7.559391156170207;1.202322415113854;-2.3226472343227105;-64.18988382442446;68.88800000000002;-133.07788382442448;3.655999207038052;-7.559391156170207;-2.3226472343227105;8.39706644333884
2026-05-12_13:56:45:758236;1778587005.7582366;-150.0;-110.0;-0.75;-0.9565217391304348;-0.75;-0.9565217391304348;8.496218803156305;-1.1452428530152072;-11.118910150745286;1.1704003843358244;59.90837703333333;10.719995716666666;0.0;59.90837703333333;10.719995716666666;0.0;1778587005.668402;41.511;3.867257784643008;0.20;1.131;-0.536;66.822;-1.507;2.422;-26.013;59.90850831666667;10.7198365;0.0;-14.626361292556348;8.90884470079343;2.296527821155081e-05;1778587005.668402;0.08983469009399414;0.0;0.0;1.1662639127676506;66.82199999999999;0.0;0.0;3.507451141811062;-7.738444316457606;1.1662639127676506;-2.311506765782858;-65.61758199529267;66.82199999999999;-132.43958199529266;3.507451141811062;-7.738444316457606;-2.311506765782858;8.496218803156305
2026-05-12_13:56:45:890769;1778587005.8907692;-150.0;-110.0;-0.75;-0.9565217391304348;-0.75;-0.9565217391304348;8.569642895634212;-1.171101887464111;-11.118910150745286;1.1704003843358244;59.90837858333333;10.7199985;0.0;59.90837858333333;10.7199985;0.0;1778587005.8907692;33.165;0.0;0.20;1.318;0.157;56.332;0.75;-0.854;-30.232;59.90850831666667;10.7198365;0.0;-14.453674285172118;9.064583529312534;2.279005785510435e-05;1778587005.8851042;0.0056650638580322266;0.0;0.0;0.9831788742334453;56.33199999999998;0.0;0.0;3.334764134426832;-7.89418314497671;0.9831788742334453;-2.1542807616975566;-67.09919553149825;56.33199999999998;-123.43119553149825;3.334764134426832;-7.89418314497671;-2.1542807616975566;8.569642895634212
2026-05-12_13:56:46:065635;1778587006.0639083;-150.0;-110.0;-0.75;-0.9565217391304348;-0.75;-0.9565217391304348;8.628622234626745;-1.196515804602073;-11.118910150745286;1.1704003843358244;59.9083802;10.72000095;0.0;59.9083802;10.72000095;0.0;1778587006.0639083;28.915;3.997890011774664;0.20;1.318;0.157;56.332;0.75;-0.854;-30.232;59.90850831666667;10.7198365;0.0;-14.273559935234882;9.201670919258351;2.2580120143445015e-05;1778587006.0083148;0.05559349060058594;0.0;0.0;0.9831788742334453;56.33199999999998;0.0;0.0;3.154649784489596;-8.031270534922527;0.9831788742334453;-2.179694678835518;-68.55530572439866;56.33199999999998;-124.88730572439863;3.154649784489596;-8.031270534922527;-2.179694678835518;8.628622234626745
2026-05-12_13:56:46:234357;1778587006.2343576;-150.0;-110.0;-0.75;-0.9565217391304348;-0.75;-0.9565217391304348;8.628622234626745;-1.196515804602073;-11.118910150745286;1.1704003843358244;59.9083802;10.72000095;0.0;59.9083802;10.72000095;0.0;1778587006.2313764;25.65;0.0;0.20;1.318;0.157;56.332;0.75;-0.854;-30.232;59.90850831666667;10.7198365;0.0;-14.273559935234882;9.201670919258351;2.2580120143445015e-05;1778587006.171283;0.06307458877563477;0.0;0.0;0.9831788742334453;56.33199999999998;0.0;0.0;3.154649784489596;-8.031270534922527;0.9831788742334453;-2.179694678835518;-68.55530572439866;56.33199999999998;-124.88730572439863;3.154649784489596;-8.031270534922527;-2.179694678835518;8.628622234626745
2026-05-12_13:56:46:408480;1778587006.4084811;-150.0;-110.0;-0.75;-0.9565217391304348;-0.75;-0.9565217391304348;8.672878672689878;-1.2223146777288287;-11.118910150745286;1.1704003843358244;59.90838193333333;10.7200031;0.0;59.90838193333333;10.7200031;0.0;1778587006.4084811;16.495;0.0;0.20;1.291;-0.47;44.856;-0.461;0.133;-27.714;59.90850831666667;10.7198365;0.0;-14.080447704067256;9.321971999151133;2.2325680126833447e-05;1778587006.388335;0.02014613151550293;0.0;0.0;0.7828848892745763;44.855999999999995;0.0;0.0;2.9615375533219694;-8.151571614815309;0.7828848892745763;-2.0051995670034053;-70.03347227075525;44.855999999999995;-114.88947227075525;2.9615375533219694;-8.151571614815309;-2.0051995670034053;8.672878672689878
2026-05-12_13:56:46:574674;1778587006.5746741;-147.7024383544922;-110.0;-0.738512191772461;-0.9565217391304348;-0.738512191772461;-0.9565217391304348;8.698679987531982;-1.2466796650045047;-11.118910150745286;1.1704003843358244;59.90838365;10.720004783333334;0.0;59.90838365;10.720004783333334;0.0;1778587006.5746741;9.462;0.0;0.20;1.291;-0.47;44.856;-0.461;0.133;-27.714;59.90850831666667;10.7198365;0.0;-13.88919238236372;9.41616110622611;2.2043597105003698e-05;1778587006.5290756;0.045598506927490234;0.0;0.0;0.7828848892745763;44.855999999999995;0.0;0.0;2.7702822316184346;-8.245760721890285;0.7828848892745763;-2.029564554279081;-71.42948320954143;44.855999999999995;-116.28548320954143;2.7702822316184346;-8.245760721890285;-2.029564554279081;8.698679987531982
2026-05-12_13:56:46:736920;1778587006.7359204;7.1905107498168945;-110.0;0.03595255374908447;-0.9565217391304348;0.03595255374908447;-0.9565217391304348;8.699074273321337;-1.2684591895271948;-11.118910150745286;1.1704003843358244;59.90838526666667;10.720005833333333;0.0;59.90838526666667;10.720005833333333;0.0;1778587006.734356;-1.956;0.0;0.20;1.405;0.551;32.894;1.084;1.251;-33.13;59.90850831666667;10.7198365;0.0;-13.709078219020963;9.474912566929465;2.1741677260322945e-05;1778587006.6978061;0.038114309310913086;0.0;0.0;0.5741086041510148;32.894000000000005;0.0;0.0;2.590168068275677;-8.30451218259364;0.5741086041510148;-1.8425677936782097;-72.67735804449326;32.894000000000005;-105.57135804449327;2.590168068275677;-8.30451218259364;-1.8425677936782097;8.699074273321337
2026-05-12_13:56:46:986333;1778587006.9863336;-75.3536376953125;-110.0;-0.3767681884765625;-0.9565217391304348;-0.3767681884765625;-0.9565217391304348;8.657385443257068;-1.288911273197869;-11.118910150745286;1.1704003843358244;59.908386899999996;10.720006033333334;0.0;59.908386899999996;10.720006033333334;0.0;1778587006.9863336;-14.231;0.0;0.20;1.454;0.694;25.878;0.424;-1.772;-35.484;59.90850831666667;10.7198365;0.0;-13.527107334197122;9.486102942672915;2.1370308089352363e-05;1778587006.8569715;0.1293621063232422;0.0;0.0;0.45165630383109256;25.878;0.0;0.0;2.4081971834518363;-8.31570255833709;0.45165630383109256;-1.7405675770289615;-73.84917612107131;25.878;-99.72717612107131;2.4081971834518363;-8.31570255833709;-1.7405675770289615;8.657385443257068
2026-05-12_13:56:47:193565;1778587007.1880398;-34.13058090209961;-110.0;-0.17065290451049805;-0.9565217391304348;-0.17065290451049805;-0.9565217391304348;8.585667383462253;-1.307831610803829;-11.118910150745286;1.1704003843358244;59.90838848333333;10.720005583333334;0.0;59.90838848333333;10.720005583333334;0.0;1778587007.172303;-25.404;0.0;0.20;1.202;0.29;20.305;-1.472;-3.714;-34.232;59.90850831666667;10.7198365;0.0;-13.350707077538933;9.460923099882896;2.096117265715236e-05;1778587007.1107605;0.07727932929992676;0.0;0.0;0.35438910461744877;20.30500000000001;0.0;0.0;2.2317969267936473;-8.290522715547072;0.35438910461744877;-1.6622207154212778;-74.93323161285548;20.30500000000001;-95.23823161285549;2.2317969267936473;-8.290522715547072;-1.6622207154212778;8.585667383462253
2026-05-12_13:56:47:395129;1778587007.37915;129.7630157470703;-97.58384704589844;0.6488150787353516;-0.8485551917034647;0.6488150787353516;-0.8485551917034647;8.503939062113385;-1.3255542911599556;-11.118910150745286;1.1704003843358244;59.908389983333336;10.72000485;0.0;59.908389983333336;10.72000485;0.0;1778587007.37915;-37.024;0.0;0.20;0.819;0.018;12.292;-1.817;-0.071;-33.99;59.90850831666667;10.7198365;0.0;-13.183591086692356;9.419889593061091;2.0554347091028546e-05;1778587007.295324;0.08382582664489746;0.0;0.0;0.21453587165514287;12.291999999999994;0.0;0.0;2.06468093594707;-8.249489208725267;0.21453587165514287;-1.5400901628150985;-75.94866639892095;12.291999999999994;-88.24066639892094;2.06468093594707;-8.249489208725267;-1.5400901628150985;8.503939062113385
2026-05-12_13:56:47:581917;1778587007.5819175;150.0;-16.90934944152832;0.75;-0.14703782123068104;0.75;-0.14703782123068104;8.401109940819426;-1.3415979934445594;-11.118910150745286;1.1704003843358244;59.90839138333333;10.720003633333333;0.0;59.90839138333333;10.720003633333333;0.0;1778587007.5819175;-48.881;0.0;0.20;0.51;0.219;8.02;-2.461;1.563;-36.232;59.90850831666667;10.7198365;0.0;-13.027616239525972;9.351811589280025;2.0132962646357555e-05;1778587007.555196;0.026721477508544922;0.0;0.0;0.1399754060099454;8.02000000000001;0.0;0.0;1.9087060887806864;-8.181411204944201;0.1399754060099454;-1.4815733994545048;-76.86790282759314;8.02000000000001;-84.88790282759315;1.9087060887806864;-8.181411204944201;-1.4815733994545048;8.401109940819426
2026-05-12_13:56:47:737427;1778587007.7374277;28.509517669677734;-110.0;0.14254758834838868;-0.9565217391304348;0.14254758834838868;-0.9565217391304348;8.267085872234587;-1.3548629004898889;-11.118910150745286;1.1704003843358244;59.90839261666667;10.720001733333334;0.0;59.90839261666667;10.720001733333334;0.0;1778587007.7374277;-53.497;0.0;0.20;-0.055;0.289;-2.865;-0.03;-1.378;-40.143;59.90850831666667;10.7198365;0.0;-12.890209940469443;9.245498270666605;1.9699109491178035e-05;1778587007.657644;0.07978367805480957;0.0;0.0;-0.05000368306963754;-2.8649999999999998;0.0;0.0;1.7712997897241571;-8.07509788633078;-0.05000368306963754;-1.3048592174202513;-77.62792601692387;-2.8649999999999998;-74.76292601692387;1.7712997897241571;-8.07509788633078;-1.3048592174202513;8.267085872234587
2026-05-12_13:56:48:117086;1778587008.1170866;150.0;-110.0;0.75;-0.9565217391304348;0.75;-0.9565217391304348;8.118448981413389;-1.3651190493830232;-11.118910150745286;1.1704003843358244;59.90839363333333;10.71999945;0.0;59.90839363333333;10.71999945;0.0;1778587008.1170866;-65.833;0.0;0.20;0.671;0.153;-10.942;5.941;-0.041;-39.921;59.90850831666667;10.7198365;0.0;-12.776942683422842;9.117735911693087;1.928959658314966e-05;1778587007.9658759;0.15121078491210938;0.0;0.0;-0.19097392675321956;-10.942000000000002;0.0;0.0;1.6580325326775558;-7.947335527357263;-0.19097392675321956;-1.1741451226298036;-78.21556006255824;-10.942000000000002;-67.27356006255823;1.6580325326775558;-7.947335527357263;-1.1741451226298036;8.118448981413389
2026-05-12_13:56:48:244003;1778587008.2440035;150.0;110.0;0.75;0.9565217391304348;0.75;0.9565217391304348;7.809263831904651;-1.3806380957599136;-11.118910150745286;1.1704003843358244;59.908395266666666;10.719994466666666;0.0;59.908395266666666;10.719994466666666;0.0;1778587008.2440035;-73.854;4.801114881961586;0.20;1.641;0.804;-18.625;3.938;4.023;-37.749;59.90850831666667;10.7198365;0.0;-12.594972501260349;8.838897077540175;1.8535805295094576e-05;1778587008.2233257;0.020677804946899414;0.0;0.0;-0.32506757318394364;-18.624999999999986;0.0;0.0;1.476062350515063;-7.66849669320435;-0.32506757318394364;-1.05557052257597;-79.10473592202185;-18.624999999999986;-60.47973592202186;1.476062350515063;-7.66849669320435;-1.05557052257597;7.809263831904651
2026-05-12_13:56:48:417185;1778587008.4157138;150.0;-39.36488723754883;0.75;-0.3423033672830333;0.75;-0.3423033672830333;7.809263831904651;-1.3806380957599136;-11.118910150745286;1.1704003843358244;59.908395266666666;10.719994466666666;0.0;59.908395266666666;10.719994466666666;0.0;1778587008.4157138;-83.303;0.0;0.20;1.641;0.804;-18.625;3.938;4.023;-37.749;59.90850831666667;10.7198365;0.0;-12.594972501260349;8.838897077540175;1.8535805295094576e-05;1778587008.3925142;0.02319955825805664;0.0;0.0;-0.32506757318394364;-18.624999999999986;0.0;0.0;1.476062350515063;-7.66849669320435;-0.32506757318394364;-1.05557052257597;-79.10473592202185;-18.624999999999986;-60.47973592202186;1.476062350515063;-7.66849669320435;-1.05557052257597;7.809263831904651
2026-05-12_13:56:48:609144;1778587008.609144;150.0;110.0;0.75;0.9565217391304348;0.75;0.9565217391304348;7.633361956538579;-1.3833856116791112;-11.118910150745286;1.1704003843358244;59.90839575;10.71999145;0.0;59.90839575;10.71999145;0.0;1778587008.6085548;-88.484;0.0;0.20;1.641;0.804;-18.625;3.938;4.023;-37.749;59.90850831666667;10.7198365;0.0;-12.541124380520198;8.670101808003052;1.8199381791816904e-05;1778587008.5232792;0.08586478233337402;0.0;0.0;-0.32506757318394364;-18.624999999999986;0.0;0.0;1.4222142297749123;-7.4997014236672275;-0.32506757318394364;-1.0583180384951678;-79.26215698833688;-18.624999999999986;-60.637156988336905;1.4222142297749123;-7.4997014236672275;-1.0583180384951678;7.633361956538579
2026-05-12_13:56:48:865114;1778587008.86342;17.992279052734375;-110.0;0.08996139526367188;-0.9565217391304348;0.08996139526367188;-0.9565217391304348;7.449070522289218;-1.381484437126194;-11.118910150745286;1.1704003843358244;59.90839593333333;10.719988166666667;0.0;59.90839593333333;10.719988166666667;0.0;1778587008.857711;-98.911;0.0;0.20;1.667;-0.499;-47.858;-4.657;-4.882;-39.634;59.90850831666667;10.7198365;0.0;-12.520699505511317;8.486385502616397;1.791159545128096e-05;1778587008.824944;0.038475990295410156;0.0;0.0;-0.8352796734194463;-47.858000000000004;0.0;0.0;1.4017893547660307;-7.315985118280572;-0.8352796734194463;-0.546204763706748;-79.15322771033705;-47.858000000000004;-31.295227710337063;1.4017893547660307;-7.315985118280572;-0.546204763706748;7.449070522289218
2026-05-12_13:56:49:103072;1778587009.1030731;150.0;110.0;0.75;0.9565217391304348;0.75;0.9565217391304348;7.0856390147853805;-1.3697754056823392;-11.118910150745286;1.1704003843358244;59.90839581666667;10.7199815;0.0;59.90839581666667;10.7199815;0.0;1778587009.1020684;-107.52;2.2217643429417087;0.20;-0.282;0.161;-57.319;-8.219;8.277;-39.107;59.90850831666667;10.7198365;0.0;-12.533698259741126;8.113357596827683;1.7453440057657588e-05;1778587009.0159488;0.08712434768676758;-0.2344433388488256;-2.18359398243762;-1.00040527395063;-57.31900000000001;1.7113186556325055;-1.376384691193753;1.4147881089958396;-6.942957212491859;-1.00040527395063;-0.3693701317317091;-78.4823496264182;-57.31900000000001;-21.163349626418174;1.4147881089958396;-6.942957212491859;-0.3693701317317091;7.0856390147853805
2026-05-12_13:56:49:262259;1778587009.262259;150.0;110.0;0.75;0.9565217391304348;0.75;0.9565217391304348;6.909910492370587;-1.357721908366303;-11.118910150745286;1.1704003843358244;59.9083954;10.719978116666667;0.0;59.9083954;10.719978116666667;0.0;1778587009.262259;-113.582;3.3261892189563667;0.20;-0.282;0.161;-57.319;-8.219;8.277;-39.107;59.90850831666667;10.7198365;0.0;-12.580119805526797;7.924046018905825;1.7306031612207562e-05;1778587009.2036574;0.05860161781311035;0.0;0.0;-1.00040527395063;-57.31900000000001;0.0;0.0;1.461209654781511;-6.753645634570001;-1.00040527395063;-0.35731663441567285;-77.79173510183706;-57.31900000000001;-20.472735101837035;1.461209654781511;-6.753645634570001;-0.35731663441567285;6.909910492370587
2026-05-12_13:56:49:435940;1778587009.4359405;150.0;110.0;0.75;0.9565217391304348;0.75;0.9565217391304348;6.909910492370587;-1.357721908366303;-11.118910150745286;1.1704003843358244;59.9083954;10.719978116666667;0.0;59.9083954;10.719978116666667;0.0;1778587009.4356394;-119.309;0.0;0.20;-1.105;2.003;-66.852;2.786;7.313;-40.82;59.90850831666667;10.7198365;0.0;-12.580119805526797;7.924046018905825;1.7306031612207562e-05;1778587009.3853893;0.05055117607116699;0.0;0.0;-1.1667875115432493;-66.852;0.0;0.0;1.461209654781511;-6.753645634570001;-1.1667875115432493;-0.1909343968230539;-77.79173510183706;-66.852;-10.939735101837062;1.461209654781511;-6.753645634570001;-0.1909343968230539;6.909910492370587
2026-05-12_13:56:49:603989;1778587009.6039894;150.0;110.0;0.75;0.9565217391304348;0.75;0.9565217391304348;6.753819075436942;-1.3417226218125111;-11.118910150745286;1.1704003843358244;59.90839475;10.719974966666667;0.0;59.90839475;10.719974966666667;0.0;1778587009.6039894;-123.42;0.0;0.20;0.404;2.198;-75.625;12.631;-3.127;-44.111;59.90850831666667;10.7198365;0.0;-12.652537153118526;7.74779046865708;1.7233439062458444e-05;1778587009.560542;0.043447256088256836;0.0;0.0;-1.3199052468207118;-75.625;0.0;0.0;1.5336270023732403;-6.577390084321256;-1.3199052468207118;-0.021817374991799365;-76.87504350708437;-75.625;-1.2500435070843727;1.5336270023732403;-6.577390084321256;-0.021817374991799365;6.753819075436942
2026-05-12_13:56:49:770319;1778587009.770319;150.0;-70.0886001586914;0.75;-0.609466088336447;0.75;-0.609466088336447;6.610865518626842;-1.32221436568596;-11.118910150745286;1.1704003843358244;59.90839391666667;10.719971933333333;0.0;59.90839391666667;10.719971933333333;0.0;1778587009.7662268;-125.83;0.0;0.20;2.046;1.229;-83.418;4.671;-5.368;-34.305;59.90850831666667;10.7198365;0.0;-12.745379777770017;7.578062942377983;1.7215651869406656e-05;1778587009.7166004;0.05371856689453125;0.0;0.0;-1.45591875542863;-83.418;0.0;0.0;1.626469627024731;-6.4076625580421585;-1.45591875542863;0.13370438974266996;-75.75730276537276;-83.418;7.660697234627244;1.626469627024731;-6.4076625580421585;0.13370438974266996;6.610865518626842
2026-05-12_13:56:49:929061;1778587009.9270382;150.0;110.0;0.75;0.9565217391304348;0.75;0.9565217391304348;6.48771250534787;-1.3052518968646738;-11.118910150745286;1.1704003843358244;59.908393233333335;10.7199693;0.0;59.908393233333335;10.7199693;0.0;1778587009.9270382;-130.831;0.0;0.20;0.833;1.251;-89.327;-10.335;1.599;-27.401;59.90850831666667;10.7198365;0.0;-12.821510740912533;7.43071705223764;1.7195939186365194e-05;1778587009.8881395;0.03889870643615723;0.0;0.0;-1.5590502609289747;-89.327;0.0;0.0;1.702600590167247;-6.260316667901815;-1.5590502609289747;0.2537983640643011;-74.78542489179083;-89.327;14.541575108209193;1.702600590167247;-6.260316667901815;0.2537983640643011;6.48771250534787
2026-05-12_13:56:50:149651;1778587010.149651;150.0;110.0;0.75;0.9565217391304348;0.75;0.9565217391304348;6.394683795372474;-1.2871062890936416;-11.118910150745286;1.1704003843358244;59.90839245;10.719967133333334;0.0;59.90839245;10.719967133333334;0.0;1778587010.149651;-135.043;0.0;0.20;-1.392;1.37;-94.68;-7.16;-1.254;-26.71;59.90850831666667;10.7198365;0.0;-12.90878271954968;7.309483135874597;1.7230566807135972e-05;1778587010.1045625;0.04508852958679199;0.0;0.0;-1.6524777357882314;-94.68;-0.0;0.0;1.7898725688043946;-6.139082751538773;-1.6524777357882314;0.3653714466945899;-73.74575814981088;-94.68;20.93424185018913;1.7898725688043946;-6.139082751538773;0.3653714466945899;6.394683795372474
2026-05-12_13:56:50:295093;1778587010.295093;150.0;110.0;0.75;0.9565217391304348;0.75;0.9565217391304348;6.3147136747306085;-1.2658880416444174;-11.118910150745286;1.1704003843358244;59.9083915;10.719965066666667;0.0;59.9083915;10.719965066666667;0.0;1778587010.295093;-131.653;0.0;0.20;-1.092;0.489;-99.915;6.715;-4.627;-25.128;59.90850831666667;10.7198365;0.0;-13.014623139355034;7.193844669680052;1.7315772799619822e-05;1778587010.2703109;0.024782180786132812;0.0;0.0;-1.7438457221301344;-99.915;-0.0;0.0;1.8957129886097484;-6.023444285344228;-1.7438457221301344;0.4779576804857171;-72.53004212230611;-99.915;27.384957877693896;1.8957129886097484;-6.023444285344228;0.4779576804857171;6.3147136747306085
2026-05-12_13:56:50:500054;1778587010.5000544;150.0;110.0;0.75;0.9565217391304348;0.75;0.9565217391304348;6.229372285877263;-1.2462019477554758;-11.118910150745286;1.1704003843358244;59.90839068333333;10.719962933333333;0.0;59.90839068333333;10.719962933333333;0.0;1778587010.497057;-127.939;1.478443396708132;0.20;-1.092;0.489;-99.915;6.715;-4.627;-25.128;59.90850831666667;10.7198365;0.0;-13.105608798722503;7.074475888441544;1.7367662748846158e-05;1778587010.3955374;0.10451698303222656;-0.8705346894620427;-1.1420993773012211;-1.7438457221301344;-99.915;1.2749360550330777;-0.6608779681342882;1.9866986479772173;-5.90407550410572;-1.7438457221301344;0.4976437743746587;-71.40211202737147;-99.915;28.51288797262853;1.9866986479772173;-5.90407550410572;0.4976437743746587;6.229372285877263
2026-05-12_13:56:50:867885;1778587010.8678858;150.0;110.0;0.75;0.9565217391304348;0.75;0.9565217391304348;6.144882871762507;-1.227165923955052;-11.118910150745286;1.1704003843358244;59.90838993333333;10.719960816666667;0.0;59.90838993333333;10.719960816666667;0.0;1778587010.8678858;-129.689;0.0;0.20;0.632;0.066;-107.515;-1.769;3.581;-15.338;59.90850831666667;10.7198365;0.0;-13.189167069101178;6.95603965754322;1.7410667623174447e-05;1778587010.7349484;0.13293743133544922;0.0;0.0;-1.8764907452817035;-107.515;-0.0;0.0;2.0702569183558914;-5.785639273207396;-1.8764907452817035;0.6493248213266511;-70.31142820489661;-107.515;37.20357179510338;2.0702569183558914;-5.785639273207396;0.6493248213266511;6.144882871762507
2026-05-12_13:56:51:284469;1778587011.2803438;62.73344802856445;110.0;0.31366724014282227;0.9565217391304348;0.31366724014282227;0.9565217391304348;5.943680617005478;-1.1706533246588677;-11.118910150745286;1.1704003843358244;59.908387733333335;10.71995525;0.0;59.908387733333335;10.71995525;0.0;1778587011.2803438;-129.205;0.884011288776112;0.20;-1.974;2.112;-112.709;-5.591;0.654;-8.179;59.90850831666667;10.7198365;0.0;-13.43427124426644;6.644561715861883;1.7589506172477343e-05;1778587010.9872828;0.2930610179901123;-0.5702445830760587;-0.6841655593673158;-1.9671431466302889;-112.709;0.8512707702379058;-0.26191501081561364;2.3153610935211546;-5.474161331526059;-1.9671431466302889;0.7964898219714209;-67.07349477591126;-112.709;45.635505224088725;2.3153610935211546;-5.474161331526059;0.7964898219714209;5.943680617005478
2026-05-12_13:56:51:394400;1778587011.394401;150.0;110.0;0.75;0.9565217391304348;0.75;0.9565217391304348;5.943680617005478;-1.1706533246588677;-11.118910150745286;1.1704003843358244;59.908387733333335;10.71995525;0.0;59.908387733333335;10.71995525;0.0;1778587011.394401;-127.058;0.0;0.20;-2.535;2.071;-113.674;-2.912;-0.628;-8.096;59.90850831666667;10.7198365;0.0;-13.43427124426644;6.644561715861883;1.7589506172477343e-05;1778587011.355864;0.038537025451660156;0.0;0.0;-1.9839855739120342;-113.674;-0.0;0.0;2.3153610935211546;-5.474161331526059;-1.9839855739120342;0.8133322492531665;-67.07349477591126;-113.674;46.60050522408874;2.3153610935211546;-5.474161331526059;0.8133322492531665;5.943680617005478
2026-05-12_13:56:51:563733;1778587011.562695;123.29222869873047;110.0;0.6164611434936523;0.9565217391304348;0.6164611434936523;0.9565217391304348;5.8852967902549675;-1.1533758658685598;-11.118910150745286;1.1704003843358244;59.9083871;10.719953566666666;0.0;59.9083871;10.719953566666666;0.0;1778587011.5614262;-124.615;0.0;0.20;-2.535;2.071;-113.674;-2.912;-0.628;-8.096;59.90850831666667;10.7198365;0.0;-13.504831542024043;6.5503722638184545;1.764204432852523e-05;1778587011.4988616;0.06383347511291504;0.0;0.0;-1.9839855739120342;-113.674;-0.0;0.0;2.3859213912787567;-5.37997187948263;-1.9839855739120342;0.8306097080434744;-66.08356930651541;-113.674;47.59043069348459;2.3859213912787567;-5.37997187948263;0.8306097080434744;5.8852967902549675
2026-05-12_13:56:51:707187;1778587011.707187;150.0;110.0;0.75;0.9565217391304348;0.75;0.9565217391304348;5.826557329576299;-1.1376939373173163;-11.118910150745286;1.1704003843358244;59.908386566666664;10.719951933333334;0.0;59.908386566666664;10.719951933333334;0.0;1778587011.707187;-124.038;0.0;0.20;-2.535;2.071;-113.674;-2.912;-0.628;-8.096;59.90850831666667;10.7198365;0.0;-13.564250757079279;6.45898049943793;1.7674882241358603e-05;1778587011.6680238;0.03916311264038086;0.0;0.0;-1.9839855739120342;-113.674;-0.0;0.0;2.4453406063339926;-5.288580115102105;-1.9839855739120342;0.8462916365947182;-65.18506098590345;-113.674;48.488939014096566;2.4453406063339926;-5.288580115102105;0.8462916365947182;5.826557329576299
2026-05-12_13:56:51:868111;1778587011.8681116;150.0;110.0;0.75;0.9565217391304348;0.75;0.9565217391304348;5.768508710056779;-1.1223467628539052;-11.118910150745286;1.1704003843358244;59.908386066666665;10.719950316666667;0.0;59.908386066666665;10.719950316666667;0.0;1778587011.8681116;-129.232;2.6359199050515962;0.20;-2.535;2.071;-113.674;-2.912;-0.628;-8.096;59.90850831666667;10.7198365;0.0;-13.6199562780413;6.368521295505412;1.7702506942107732e-05;1778587011.8278086;0.04030299186706543;-1.3821683796021793;-2.244478629052822;-1.9839855739120342;-113.674;2.6105794381829766;-0.3646213690709903;2.5010461272960143;-5.198120911169587;-1.9839855739120342;0.8616388110581292;-64.30573266169905;-113.674;49.368267338300974;2.5010461272960143;-5.198120911169587;0.8616388110581292;5.768508710056779
2026-05-12_13:56:52:033959;1778587012.0339596;150.0;110.0;0.75;0.9565217391304348;0.75;0.9565217391304348;5.768508710056779;-1.1223467628539052;-11.118910150745286;1.1704003843358244;59.908386066666665;10.719950316666667;0.0;59.908386066666665;10.719950316666667;0.0;1778587012.033355;-132.93;0.0;0.20;-2.535;2.071;-113.674;-2.912;-0.628;-8.096;59.90850831666667;10.7198365;0.0;-13.6199562780413;6.368521295505412;1.7702506942107732e-05;1778587011.9897954;0.044164180755615234;0.0;0.0;-1.9839855739120342;-113.674;-0.0;0.0;2.5010461272960143;-5.198120911169587;-1.9839855739120342;0.8616388110581292;-64.30573266169905;-113.674;49.368267338300974;2.5010461272960143;-5.198120911169587;0.8616388110581292;5.768508710056779
2026-05-12_13:56:52:215616;1778587012.2156165;-150.0;110.0;-0.75;0.9565217391304348;-0.75;0.9565217391304348;5.724349948711937;-1.1070592251950029;-11.118910150745286;1.1704003843358244;59.90838553333333;10.719948916666667;0.0;59.90838553333333;10.719948916666667;0.0;1778587012.2136986;-131.655;0.0;0.20;-0.425;0.917;-117.176;-12.072;1.16;-2.254;59.90850831666667;10.7198365;0.0;-13.679375466338831;6.290185507069082;1.7751926837838994e-05;1778587012.1450577;0.07055878639221191;0.0;0.0;-2.0451070043168755;-117.176;-0.0;0.0;2.560465315593545;-5.119785122733258;-2.0451070043168755;0.9380477791218729;-63.429821274696636;-117.176;53.74617872530337;2.560465315593545;-5.119785122733258;0.9380477791218729;5.724349948711937
2026-05-12_13:56:52:343789;1778587012.343789;-150.0;110.0;-0.75;0.9565217391304348;-0.75;0.9565217391304348;5.689083840760101;-1.0911223699098769;-11.118910150745286;1.1704003843358244;59.90838495;10.719947616666667;0.0;59.90838495;10.719947616666667;0.0;1778587012.343789;-120.763;0.0;0.20;-1.936;0.858;-117.458;-2.997;-1.665;-0.644;59.90850831666667;10.7198365;0.0;-13.744365181699763;6.217445146137877;1.7820014555525177e-05;1778587012.3054557;0.03833341598510742;0.0;0.0;-2.0500288328074996;-117.458;-0.0;0.0;2.625455030954477;-5.047044761802052;-2.0500288328074996;0.9589064628976232;-62.51670672814816;-117.458;54.94129327185187;2.625455030954477;-5.047044761802052;0.9589064628976232;5.689083840760101
2026-05-12_13:56:52:542719;1778587012.5408897;102.74008178710938;110.0;0.5137004089355469;0.9565217391304348;0.5137004089355469;0.9565217391304348;5.644303263572381;-1.0758088440082658;-11.118910150745286;1.1704003843358244;59.90838445;10.719946183333333;0.0;59.90838445;10.719946183333333;0.0;1778587012.5408897;-108.863;0.0;0.20;-1.089;0.312;-117.031;7.652;-2.379;4.029;59.90850831666667;10.7198365;0.0;-13.800070679480246;6.137244206153408;1.786322531138751e-05;1778587012.5140665;0.02682328224182129;0.0;0.0;-2.042576276901484;-117.031;-0.0;0.0;2.68116052873496;-4.966843821817584;-2.042576276901484;0.9667674328932181;-61.63930632452157;-117.031;55.391693675478436;2.68116052873496;-4.966843821817584;0.9667674328932181;5.644303263572381
2026-05-12_13:56:52:752258;1778587012.752258;150.0;110.0;0.75;0.9565217391304348;0.75;0.9565217391304348;5.584219569562366;-1.0601088720152454;-11.118910150745286;1.1704003843358244;59.908384016666666;10.719944483333334;0.0;59.908384016666666;10.719944483333334;0.0;1778587012.742369;-101.796;0.0;0.20;0.226;0.569;-115.59;4.318;3.866;9.027;59.90850831666667;10.7198365;0.0;-13.848348819296726;6.042122128822001;1.787634352634626e-05;1778587012.6445906;0.10766744613647461;0.0;0.0;-2.0174260823802457;-115.59000000000002;-0.0;0.0;2.72943866855144;-4.871721744486177;-2.0174260823802457;0.9573172103649998;-60.73976419084791;-115.59000000000002;54.850235809152075;2.72943866855144;-4.871721744486177;0.9573172103649998;5.584219569562366
2026-05-12_13:56:52:875600;1778587012.8756008;150.0;110.0;0.75;0.9565217391304348;0.75;0.9565217391304348;5.4986004020072805;-1.0447377578717094;-11.118910150745286;1.1704003843358244;59.90838373333333;10.7199424;0.0;59.90838373333333;10.7199424;0.0;1778587012.8701522;-98.419;3.338613352840186;0.20;0.226;0.569;-115.59;4.318;3.866;9.027;59.90850831666667;10.7198365;0.0;-13.879915380312443;5.925550908058227;1.7836379210933728e-05;1778587012.8339787;0.041622161865234375;-0.7584075310149546;-2.8007007694893913;-2.0174260823802457;-115.59000000000002;2.8535519299636563;0.5256882786589046;2.761005229567157;-4.755150523722403;-2.0174260823802457;0.9726883245085363;-59.85906422400945;-115.59000000000002;55.73093577599056;2.761005229567157;-4.755150523722403;0.9726883245085363;5.4986004020072805
2026-05-12_13:56:53:117172;1778587013.1171722;150.0;110.0;0.75;0.9565217391304348;0.75;0.9565217391304348;5.392766815555152;-1.030496253847568;-11.118910150745286;1.1704003843358244;59.90838361666667;10.719940066666666;0.0;59.90838361666667;10.719940066666666;0.0;1778587013.1171722;-90.696;1.0078579767563436;0.20;-0.163;2.631;-111.869;-5.305;7.997;17.242;59.90850831666667;10.7198365;0.0;-13.892913504652052;5.794991103466208;1.774538622090205e-05;1778587012.98699;0.13018226623535156;-0.09984558354599264;-1.0029000751606632;-1.9524823809135365;-111.869;0.9679203577294613;0.2809054688036089;2.7740033539067657;-4.624590719130383;-1.9524823809135365;0.9219861270659688;-59.043086149507566;-111.869;52.825913850492455;2.7740033539067657;-4.624590719130383;0.9219861270659688;5.392766815555152
2026-05-12_13:56:53:282920;1778587013.2823114;150.0;110.0;0.75;0.9565217391304348;0.75;0.9565217391304348;5.268540613203349;-1.0162917243565102;-11.118910150745286;1.1704003843358244;59.90838361666667;10.719937466666666;0.0;59.90838361666667;10.719937466666666;0.0;1778587013.276576;-80.781;4.2779615454330795;0.20;-0.922;3.299;-109.395;-8.039;3.771;22.263;59.90850831666667;10.7198365;0.0;-13.892913729150061;5.649510155258014;1.76152938129448e-05;1778587013.242569;0.039742469787597656;0.0;0.0;-1.9093029352191968;-109.395;-0.0;0.0;2.774003578404775;-4.479109770922189;-1.9093029352191968;0.8930112108626869;-58.22922655970084;-109.395;51.16577344029917;2.774003578404775;-4.479109770922189;0.8930112108626869;5.268540613203349
2026-05-12_13:56:53:464797;1778587013.4647975;150.0;23.260189056396484;0.75;0.20226251353388247;0.75;0.20226251353388247;5.103444090435648;-1.0047746668534654;-11.118910150745286;1.1704003843358244;59.90838395;10.7199344;0.0;59.90838395;10.7199344;0.0;1778587013.462781;-65.13;2.575811159328088;0.20;-2.549;2.453;-103.977;-9.561;-10.576;29.414;59.90850831666667;10.7198365;0.0;-13.855777077848071;5.477917187266893;1.738563889475131e-05;1778587013.3946216;0.0701758861541748;0.5291939060149812;-2.445184199229558;-1.814740996346144;-103.977;2.244971587458712;1.1041170815762247;2.736866927102785;-4.307516802931069;-1.814740996346144;0.8099663294926787;-57.569347772366896;-103.977;46.40765222763311;2.736866927102785;-4.307516802931069;0.8099663294926787;5.103444090435648
2026-05-12_13:56:53:646518;1778587013.6455128;150.0;-45.9672966003418;0.75;-0.3997156226116678;0.75;-0.3997156226116678;4.919652821562336;-0.9989141454716223;-11.118910150745286;1.1704003843358244;59.908384616666666;10.71993135;0.0;59.908384616666666;10.71993135;0.0;1778587013.6455128;-56.02;3.381210895595726;0.20;-3.522;-0.025;-94.737;0.285;-6.379;33.234;59.90850831666667;10.7198365;0.0;-13.78150350733494;5.307256739365679;1.7080501020672045e-05;1778587013.5904667;0.05504608154296875;0.0;0.0;-1.6534725734618678;-94.737;-0.0;0.0;2.662593356589653;-4.136856355029854;-1.6534725734618678;0.6545584279902457;-57.23356463144111;-94.737;37.50343536855889;2.662593356589653;-4.136856355029854;0.6545584279902457;4.919652821562336
2026-05-12_13:56:53:810169;1778587013.810169;150.0;-110.0;0.75;-0.9565217391304348;0.75;-0.9565217391304348;4.919652821562336;-0.9989141454716223;-11.118910150745286;1.1704003843358244;59.908384616666666;10.71993135;0.0;59.908384616666666;10.71993135;0.0;1778587013.8093398;-50.996;0.0;0.20;-3.522;-0.025;-94.737;0.285;-6.379;33.234;59.90850831666667;10.7198365;0.0;-13.78150350733494;5.307256739365679;1.7080501020672045e-05;1778587013.777252;0.032917022705078125;0.0;0.0;-1.6534725734618678;-94.737;-0.0;0.0;2.662593356589653;-4.136856355029854;-1.6534725734618678;0.6545584279902457;-57.23356463144111;-94.737;37.50343536855889;2.662593356589653;-4.136856355029854;0.6545584279902457;4.919652821562336
2026-05-12_13:56:53:979430;1778587013.9732625;150.0;-110.0;0.75;-0.9565217391304348;0.75;-0.9565217391304348;4.7494251819938365;-0.9990924654582523;-11.118910150745286;1.1704003843358244;59.90838545;10.7199288;0.0;59.90838545;10.7199288;0.0;1778587013.9732625;-40.66;0.0;0.20;-2.198;1.35;-83.69;2.376;3.841;37.79;59.90850831666667;10.7198365;0.0;-13.688661435831229;5.164573376602976;1.676375629511284e-05;1778587013.935046;0.038216590881347656;0.0;0.0;-1.4606660509940543;-83.69;0.0;0.0;2.5697512850859425;-3.994172992267152;-1.4606660509940543;0.4615735855358021;-57.24378161407784;-83.69;26.44621838592216;2.5697512850859425;-3.994172992267152;0.4615735855358021;4.7494251819938365
2026-05-12_13:56:54:172309;1778587014.1723094;68.84162902832031;-93.69964599609375;0.3442081451416016;-0.8147795304008152;0.3442081451416016;-0.8147795304008152;4.571651959624601;-1.006415693599373;-11.118910150745286;1.1704003843358244;59.908386566666664;10.71992645;0.0;59.908386566666664;10.71992645;0.0;1778587014.1723094;-35.323;0.0;0.20;-2.462;1.417;-75.477;-5.013;-3.725;41.191;59.90850831666667;10.7198365;0.0;-13.564252968377307;5.033080819499332;1.6393476287568376e-05;1778587014.0776253;0.09468412399291992;0.0;0.0;-1.3173221595277602;-75.477;0.0;0.0;2.445342817632021;-3.862680435163508;-1.3173221595277602;0.3109064659283871;-57.6633716789755;-75.477;17.81362832102451;2.445342817632021;-3.862680435163508;0.3109064659283871;4.571651959624601
2026-05-12_13:56:54:288085;1778587014.2880852;150.0;-110.0;0.75;-0.9565217391304348;0.75;-0.9565217391304348;4.388591436141035;-1.0200117630009526;-11.118910150745286;1.1704003843358244;59.9083879;10.71992425;0.0;59.9083879;10.71992425;0.0;1778587014.2880852;-33.216;3.1783544312005088;0.20;-2.462;1.417;-75.477;-5.013;-3.725;41.191;59.90850831666667;10.7198365;0.0;-13.415705493840292;4.909981369594403;1.598399854607635e-05;1778587014.2273858;0.060699462890625;0.0;0.0;-1.3173221595277602;-75.477;0.0;0.0;2.296795343095006;-3.739580985258579;-1.3173221595277602;0.29731039652680735;-58.44236907365296;-75.477;17.03463092634703;2.296795343095006;-3.739580985258579;0.29731039652680735;4.388591436141035
2026-05-12_13:56:54:470366;1778587014.4550097;150.0;-110.0;0.75;-0.9565217391304348;0.75;-0.9565217391304348;4.388591436141035;-1.0200117630009526;-11.118910150745286;1.1704003843358244;59.9083879;10.71992425;0.0;59.9083879;10.71992425;0.0;1778587014.4550097;-30.093;0.0;0.20;-3.396;0.457;-67.636;-3.777;-8.255;37.368;59.90850831666667;10.7198365;0.0;-13.415705493840292;4.909981369594403;1.598399854607635e-05;1778587014.3427405;0.11226916313171387;0.0;0.0;-1.1804708928788847;-67.636;0.0;0.0;2.296795343095006;-3.739580985258579;-1.1804708928788847;0.16045912987793187;-58.44236907365296;-67.636;9.193630926347025;2.296795343095006;-3.739580985258579;0.16045912987793187;4.388591436141035
2026-05-12_13:56:54:656508;1778587014.654413;150.0;-110.0;0.75;-0.9565217391304348;0.75;-0.9565217391304348;4.2121181391365985;-1.0381534357320563;-11.118910150745286;1.1704003843358244;59.908389316666664;10.719922266666666;0.0;59.908389316666664;10.719922266666666;0.0;1778587014.654413;-26.611;0.0;0.20;-2.47;-0.116;-58.315;9.147;1.402;31.115;59.90850831666667;10.7198365;0.0;-13.257873773775122;4.799005328029563;1.557014458697381e-05;1778587014.5223243;0.13208866119384766;0.0;0.0;-1.0177887533004935;-58.31500000000001;0.0;0.0;2.138963623029836;-3.6286049436937384;-1.0177887533004935;-0.020364682431562642;-59.481810354452776;-58.31500000000001;-1.1668103544527544;2.138963623029836;-3.6286049436937384;-0.020364682431562642;4.2121181391365985
2026-05-12_13:56:54:794440;1778587014.7944403;150.0;-110.0;0.75;-0.9565217391304348;0.75;-0.9565217391304348;4.040209449848054;-1.0593550834694878;-11.118910150745286;1.1704003843358244;59.90839076666666;10.719920383333333;0.0;59.90839076666666;10.719920383333333;0.0;1778587014.7944403;-21.172;0.0;0.20;-2.47;-0.116;-58.315;9.147;1.402;31.115;59.90850831666667;10.7198365;0.0;-13.096328352317663;4.693624710820271;1.5157459878345492e-05;1778587014.7246387;0.06980156898498535;0.0;0.0;-1.0177887533004935;-58.31500000000001;0.0;0.0;1.9774182015723767;-3.5232243264844465;-1.0177887533004935;-0.04156633016899436;-60.696575288530696;-58.31500000000001;-2.3815752885306827;1.9774182015723767;-3.5232243264844465;-0.04156633016899436;4.040209449848054
2026-05-12_13:56:55:004261;1778587015.0042615;98.07429504394531;-110.0;0.49037147521972657;-0.9565217391304348;0.49037147521972657;-0.9565217391304348;3.880818534187199;-1.0860365111736803;-11.118910150745286;1.1704003843358244;59.908392283333335;10.719918783333334;0.0;59.908392283333335;10.719918783333334;0.0;1778587015.0042615;-17.518;1.5873938228477815;0.20;-0.217;2.391;-48.792;1.467;7.358;29.034;59.90850831666667;10.7198365;0.0;-12.927355524581301;4.604097782934308;1.4748062172387222e-05;1778587014.89107;0.11319160461425781;1.4928035370838557;-0.7909325801242858;-0.851581048633073;-48.79199999999999;1.5784874927226986;0.6020082905991736;1.8084453738360153;-3.4336973985984836;-0.851581048633073;-0.23445546254060723;-62.22530848736435;-48.79199999999999;-13.433308487364364;1.8084453738360153;-3.4336973985984836;-0.23445546254060723;3.880818534187199
2026-05-12_13:56:55:271654;1778587015.2716548;150.0;-110.0;0.75;-0.9565217391304348;0.75;-0.9565217391304348;3.7362550062901865;-1.118743472669527;-11.118910150745286;1.1704003843358244;59.908393866666664;10.719917483333333;0.0;59.908393866666664;10.719917483333333;0.0;1778587015.2716548;-16.086;0.0;0.20;-0.645;2.511;-43.29;-4.942;-4.41;26.037;59.90850831666667;10.7198365;0.0;-12.750955293058999;4.5313571120368366;1.4341583241872513e-05;1778587015.1158993;0.15575551986694336;0.0;0.0;-0.7555530331883453;-43.290000000000006;0.0;0.0;1.6320451423137126;-3.360956727701012;-0.7555530331883453;-0.36319043948118157;-64.09927934177325;-43.290000000000006;-20.809279341773248;1.6320451423137126;-3.360956727701012;-0.36319043948118157;3.7362550062901865
2026-05-12_13:56:55:601163;1778587015.6011636;150.0;-110.0;0.75;-0.9565217391304348;0.75;-0.9565217391304348;3.469926902496154;-1.1897661907411823;-11.118910150745286;1.1704003843358244;59.908396933333336;10.719914983333334;0.0;59.908396933333336;10.719914983333334;0.0;1778587015.6011636;-19.42;0.8596837749116493;0.20;-1.311;0.901;-38.927;-3.254;-9.858;18.623;59.90850831666667;10.7198365;0.0;-12.409295891529563;4.391471223148154;1.3570290740894109e-05;1778587015.3969746;0.20418906211853027;0.8002501047521144;-0.3471072418255223;-0.6794043179238325;-38.92699999999999;0.8406500797545704;0.23278984275978643;1.2903857407842771;-3.22107083881233;-0.6794043179238325;-0.5103618728173496;-68.16858133682663;-38.92699999999999;-29.241581336826624;1.2903857407842771;-3.22107083881233;-0.5103618728173496;3.469926902496154
2026-05-12_13:56:56:206636;1778587016.206636;150.0;-110.0;0.75;-0.9565217391304348;0.75;-0.9565217391304348;3.2558457988804332;-1.257179563586895;-11.118910150745286;1.1704003843358244;59.9083995;10.719912766666667;0.0;59.9083995;10.719912766666667;0.0;1778587016.2047145;-13.687;0.0;0.20;-0.12;1.577;-32.698;11.041;8.314;6.995;59.90850831666667;10.7198365;0.0;-12.12334183138241;4.267439109476317;1.2937144401981016e-05;1778587015.9472013;0.25943470001220703;0.0;0.0;-0.570687758817106;-32.69800000000001;0.0;0.0;1.0044316806371238;-3.097038725140493;-0.570687758817106;-0.6864918047697888;-72.03108308362779;-32.69800000000001;-39.33308308362777;1.0044316806371238;-3.097038725140493;-0.6864918047697888;3.2558457988804332
2026-05-12_13:56:56:351994;1778587016.3519945;150.0;-4.646787166595459;0.75;-0.040406844926917034;0.75;-0.040406844926917034;3.082968464315337;-1.3318684606699156;-11.118910150745286;1.1704003843358244;59.908401966666666;10.71991095;0.0;59.908401966666666;10.71991095;0.0;1778587016.35108;-23.764;0.0;0.20;1.773;1.545;-31.097;-0.965;-6.39;5.656;59.90850831666667;10.7198365;0.0;-11.848528814576746;4.165788699287938;1.2354041949436123e-05;1778587016.3051848;0.04680967330932617;0.0;0.0;-0.5427450374926766;-31.096999999999994;0.0;0.0;0.7296186638314595;-2.9953883149521134;-0.5427450374926766;-0.789123423177239;-76.31044166297184;-31.096999999999994;-45.213441662971846;0.7296186638314595;-2.9953883149521134;-0.789123423177239;3.082968464315337
2026-05-12_13:56:56:500958;1778587016.5009587;6.316404342651367;-110.0;0.03158202171325684;-0.9565217391304348;0.03158202171325684;-0.9565217391304348;2.986809744843467;-1.3692946249353748;-11.118910150745286;1.1704003843358244;59.90840315;10.719909716666667;0.0;59.90840315;10.719909716666667;0.0;1778587016.5009587;-27.289;0.0;0.20;1.773;1.545;-31.097;-0.965;-6.39;5.656;59.90850831666667;10.7198365;0.0;-11.7166928636512;4.096778398202581;1.206622524740908e-05;1778587016.4612427;0.03971600532531738;0.0;0.0;-0.5427450374926766;-31.096999999999994;0.0;0.0;0.5977827129059143;-2.9263780138667563;-0.5427450374926766;-0.826549587442698;-78.45480291874598;-31.096999999999994;-47.35780291874598;0.5977827129059143;-2.9263780138667563;-0.826549587442698;2.986809744843467
2026-05-12_13:56:56:666705;1778587016.664701;150.0;-51.58867645263672;0.75;-0.4485971865446671;0.75;-0.4485971865446671;2.89080022490081;-1.4023955975038256;-11.118910150745286;1.1704003843358244;59.908404166666664;10.71990835;0.0;59.908404166666664;10.71990835;0.0;1778587016.664701;-26.124;3.4534317388350853;0.20;1.773;1.545;-31.097;-0.965;-6.39;5.656;59.90850831666667;10.7198365;0.0;-11.60342537195655;4.020307565403512;1.1810985178328792e-05;1778587016.6430845;0.021616458892822266;0.0;0.0;-0.5427450374926766;-31.096999999999994;0.0;0.0;0.48451522121126445;-2.849907181067688;-0.5427450374926766;-0.8596505600111488;-80.35134894469654;-31.096999999999994;-49.254348944696524;0.48451522121126445;-2.849907181067688;-0.8596505600111488;2.89080022490081
2026-05-12_13:56:56:823713;1778587016.821662;150.0;10.741055488586426;0.75;0.09340048250944719;0.75;0.09340048250944719;2.89080022490081;-1.4023955975038256;-11.118910150745286;1.1704003843358244;59.908404166666664;10.71990835;0.0;59.908404166666664;10.71990835;0.0;1778587016.821662;-19.003;0.0;0.20;-3.121;0.133;-29.775;4.143;6.848;0.503;59.90850831666667;10.7198365;0.0;-11.60342537195655;4.020307565403512;1.1810985178328792e-05;1778587016.7757492;0.045912742614746094;0.0;0.0;-0.5196717847813117;-29.775000000000006;0.0;0.0;0.48451522121126445;-2.849907181067688;-0.5196717847813117;-0.8827238127225137;-80.35134894469654;-29.775000000000006;-50.57634894469651;0.48451522121126445;-2.849907181067688;-0.8827238127225137;2.89080022490081
2026-05-12_13:56:57:030876;1778587017.0285854;-150.0;-110.0;-0.75;-0.9565217391304348;-0.75;-0.9565217391304348;2.8117942947581156;-1.439043540528063;-11.118910150745286;1.1704003843358244;59.9084052;10.719907233333334;0.0;59.9084052;10.719907233333334;0.0;1778587017.0285854;-18.94;0.0;0.20;-0.015;1.767;-29.849;14.576;4.124;-0.616;59.90850831666667;10.7198365;0.0;-11.488301018374733;3.957825278919758;1.156335291785382e-05;1778587016.9301841;0.09840130805969238;0.0;0.0;-0.5209633284277873;-29.84899999999999;0.0;0.0;0.3693908676294466;-2.7874248945839337;-0.5209633284277873;-0.9180802121002758;-82.45112140782125;-29.84899999999999;-52.60212140782126;0.3693908676294466;-2.7874248945839337;-0.9180802121002758;2.8117942947581156
2026-05-12_13:56:57:143320;1778587017.1423573;-150.0;-110.0;-0.75;-0.9565217391304348;-0.75;-0.9565217391304348;2.7490233821151864;-1.4774921568383876;-11.118910150745286;1.1704003843358244;59.90840621666667;10.719906333333334;0.0;59.90840621666667;10.719906333333334;0.0;1778587017.1423573;-24.52;0.0;0.20;-0.015;1.767;-29.849;14.576;4.124;-0.616;59.90850831666667;10.7198365;0.0;-11.37503349700806;3.907466402340355;1.1330689194011256e-05;1778587017.1245406;0.017816781997680664;0.0;0.0;-0.5209633284277873;-29.84899999999999;0.0;0.0;0.25612334626277367;-2.7370660180045308;-0.5209633284277873;-0.9565288284106002;-84.65406485052071;-29.84899999999999;-54.8050648505207;0.25612334626277367;-2.7370660180045308;-0.9565288284106002;2.7490233821151864
2026-05-12_13:56:57:390630;1778587017.3900206;-28.331745147705078;-110.0;-0.1416587257385254;-0.9565217391304348;-0.1416587257385254;-0.9565217391304348;2.6823214999817977;-1.516126309835306;-11.118910150745286;1.1704003843358244;59.9084072;10.719905283333333;0.0;59.9084072;10.719905283333333;0.0;1778587017.3900206;-37.8;0.0;0.20;1.905;1.031;-31.35;-1.97;-2.709;-7.457;59.90850831666667;10.7198365;0.0;-11.265479675744887;3.8487144069265273;1.109975583268863e-05;1778587017.2687974;0.12122321128845215;0.0;0.0;-0.5471607205002225;-31.35000000000001;0.0;0.0;0.14656952499960063;-2.678314022590703;-0.5471607205002225;-0.9689655893350837;-86.86763876230683;-31.35000000000001;-55.51763876230683;0.14656952499960063;-2.678314022590703;-0.9689655893350837;2.6823214999817977
2026-05-12_13:56:57:624059;1778587017.6240597;150.0;-42.269561767578125;0.75;-0.3675614066745924;0.75;-0.3675614066745924;2.597499709997591;-1.555115445956574;-11.118910150745286;1.1704003843358244;59.90840815;10.719903833333333;0.0;59.90840815;10.719903833333333;0.0;1778587017.6240597;-45.649;0.0;0.20;0.738;1.229;-33.385;-7.392;2.758;-11.899;59.90850831666667;10.7198365;0.0;-11.159639564968012;3.767580751244261;1.0864536196919516e-05;1778587017.5083547;0.11570501327514648;0.0;0.0;-0.5826781707783066;-33.384999999999984;0.0;0.0;0.040729414222726135;-2.597180366908437;-0.5826781707783066;-0.9724372751782671;-89.10155170891655;-33.384999999999984;-55.71655170891655;0.040729414222726135;-2.597180366908437;-0.9724372751782671;2.597499709997591
2026-05-12_13:56:57:795135;1778587017.7951357;-150.0;-110.0;-0.75;-0.9565217391304348;-0.75;-0.9565217391304348;2.485052731806936;-1.5947579221301236;-11.118910150745286;1.1704003843358244;59.90840905;10.719901816666667;0.0;59.90840905;10.719901816666667;0.0;1778587017.790589;-54.703;0.0;0.20;-0.714;2.085;-36.386;-5.295;4.07;-16.999;59.90850831666667;10.7198365;0.0;-11.05937002075487;3.6547397437595404;1.0625094678751168e-05;1778587017.7473133;0.04782247543334961;0.0;0.0;-0.6350555016306569;-36.38600000000001;0.0;0.0;-0.0595401299904168;-2.484339359423716;-0.6350555016306569;-0.9597024204994664;-91.37289828310887;-36.38600000000001;-54.98689828310884;-0.0595401299904168;-2.484339359423716;-0.9597024204994664;2.485052731806936
2026-05-12_13:56:57:962826;1778587017.961671;150.0;110.0;0.75;0.9565217391304348;0.75;0.9565217391304348;2.354630602268398;-1.6331870165559819;-11.118910150745286;1.1704003843358244;59.90840983333333;10.719899416666667;0.0;59.90840983333333;10.719899416666667;0.0;1778587017.961671;-60.652;0.0;0.20;-0.714;2.085;-36.386;-5.295;4.07;-16.999;59.90850831666667;10.7198365;0.0;-10.972098413126714;3.520449657614207;1.0400231293061779e-05;1778587017.8958948;0.06577634811401367;0.0;0.0;-0.6350555016306569;-36.38600000000001;0.0;0.0;-0.14681173761857202;-2.3500492732783824;-0.6350555016306569;-0.9981315149253249;-93.57472320422026;-36.38600000000001;-57.18872320422025;-0.14681173761857202;-2.3500492732783824;-0.9981315149253249;2.354630602268398
2026-05-12_13:56:58:250202;1778587018.2453318;-104.16839599609375;-110.0;-0.5208419799804688;-0.9565217391304348;-0.5208419799804688;-0.9565217391304348;2.209505863677355;-1.6727144790647313;-11.118910150745286;1.1704003843358244;59.90841053333333;10.7198967;0.0;59.90841053333333;10.7198967;0.0;1778587018.2434268;-67.327;0.0;0.20;0.077;1.525;-45.598;6.829;-2.696;-24.058;59.90850831666667;10.7198365;0.0;-10.894111044157178;3.3684407668815597;1.0183724893586543e-05;1778587018.0966563;0.14867544174194336;0.0;0.0;-0.7958352323243743;-45.59799999999999;0.0;0.0;-0.2247991065881081;-2.1980403825457353;-0.7958352323243743;-0.8768792467403568;-95.8394799808332;-45.59799999999999;-50.24147998083319;-0.2247991065881081;-2.1980403825457353;-0.8768792467403568;2.209505863677355
2026-05-12_13:56:58:404996;1778587018.398715;-150.0;-100.41355895996094;-0.75;-0.8731613822605299;-0.75;-0.8731613822605299;2.0473267228534806;-1.7137343720406633;-11.118910150745286;1.1704003843358244;59.90841113333333;10.719893633333333;0.0;59.90841113333333;10.719893633333333;0.0;1778587018.3899622;-79.301;0.0;0.20;0.954;1.209;-50.411;3.927;-1.431;-24.049;59.90850831666667;10.7198365;0.0;-10.827264758361189;3.196847934905811;9.981263736413837e-06;1778587018.3607666;0.0379483699798584;0.0;0.0;-0.8798379292228615;-50.411;0.0;0.0;-0.2916453923840976;-2.0264475505699866;-0.8798379292228615;-0.8338964428178017;-98.18974672443244;-50.411;-47.77874672443243;-0.2916453923840976;-2.0264475505699866;-0.8338964428178017;2.0473267228534806
2026-05-12_13:56:58:587271;1778587018.58602;-78.14957427978516;-110.0;-0.3907478713989258;-0.9565217391304348;-0.3907478713989258;-0.9565217391304348;1.872665126853424;-1.7553436141952212;-11.118910150745286;1.1704003843358244;59.9084116;10.719890316666667;0.0;59.9084116;10.719890316666667;0.0;1778587018.578689;-84.872;0.0;0.20;1.089;1.194;-55.594;0.018;-0.787;-27.161;59.90850831666667;10.7198365;0.0;-10.775273240280502;3.0112665802064447;9.803595925284014e-06;1778587018.5488834;0.03713655471801758;0.0;0.0;-0.9702983443537274;-55.593999999999994;0.0;0.0;-0.3436369104647845;-1.8408661958706203;-0.9702983443537274;-0.7850452698414938;-100.57378068862644;-55.593999999999994;-44.97978068862645;-0.3436369104647845;-1.8408661958706203;-0.7850452698414938;1.872665126853424
2026-05-12_13:56:58:761107;1778587018.7611077;150.0;110.0;0.75;0.9565217391304348;0.75;0.9565217391304348;1.6806813801130867;-1.7902747259821912;-11.118910150745286;1.1704003843358244;59.9084118;10.719886733333333;0.0;59.9084118;10.719886733333333;0.0;1778587018.7611077;-91.748;0.0;0.20;1.132;0.67;-60.263;1.882;-5.675;-29.695;59.90850831666667;10.7198365;0.0;-10.752991251897754;2.810764143056749;9.675607600456715e-06;1778587018.7060091;0.055098533630371094;0.0;0.0;-1.0517877671293427;-60.263;0.0;0.0;-0.36591889884753215;-1.6403637587209245;-1.0517877671293427;-0.7384869588528487;-102.57518596771949;-60.263;-42.312185967719515;-0.36591889884753215;-1.6403637587209245;-0.7384869588528487;1.6806813801130867
2026-05-12_13:56:58:925273;1778587018.9214518;150.0;110.0;0.75;0.9565217391304348;0.75;0.9565217391304348;1.4770383619968555;-1.81984387579622;-11.118910150745286;1.1704003843358244;59.908411783333335;10.719883;0.0;59.908411783333335;10.719883;0.0;1778587018.9214518;-98.218;0.0;0.20;2.207;-0.924;-67.947;5.546;-7.709;-33.073;59.90850831666667;10.7198365;0.0;-10.754848250011108;2.601868600973613;9.590135649162335e-06;1778587018.8910367;0.030415058135986328;0.0;0.0;-1.1858988668525872;-67.947;0.0;0.0;-0.3640619007341783;-1.4314682166377888;-1.1858988668525872;-0.6339450089436331;-104.2693734558534;-67.947;-36.32237345585341;-0.3640619007341783;-1.4314682166377888;-0.6339450089436331;1.4770383619968555
2026-05-12_13:56:59:327104;1778587019.3271046;150.0;110.0;0.75;0.9565217391304348;0.75;0.9565217391304348;1.2756450744052013;-1.8390164955012078;-11.118910150745286;1.1704003843358244;59.90841155;10.7198794;0.0;59.90841155;10.7198794;0.0;1778587019.3271046;-106.418;0.0;0.20;2.624;-1.329;-70.64;4.246;-6.095;-33.277;59.90850831666667;10.7198365;0.0;-10.780844222387742;2.400433629389796;9.555345155121131e-06;1778587019.0525174;0.27458715438842773;0.0;0.0;-1.2329005836087945;-70.64000000000001;0.0;0.0;-0.338065928357544;-1.2300332450539715;-1.2329005836087945;-0.6061159118924131;-105.36788364715855;-70.64000000000001;-34.727883647158535;-0.338065928357544;-1.2300332450539715;-0.6061159118924131;1.2756450744052013
2026-05-12_13:56:59:791359;1778587019.7841413;150.0;110.0;0.75;0.9565217391304348;0.75;0.9565217391304348;0.9176073690031873;-1.8182984198875252;-11.118910150745286;1.1704003843358244;59.90841053333333;10.719873316666666;0.0;59.90841053333333;10.719873316666666;0.0;1778587019.4372504;-123.506;3.0594186885243557;0.20;1.33;-0.378;-83.898;-8.402;4.76;-30.007;59.90850831666667;10.7198365;0.0;-10.894112002567955;2.0600458621667377;9.628343729417566e-06;1778587019.4372504;0.346890926361084;0.0;0.0;-1.4642963358382026;-83.898;0.0;0.0;-0.22479814817733157;-0.8896454778309133;-1.4642963358382026;-0.35400208404932254;-104.18082535486162;-83.898;-20.28282535486162;-0.22479814817733157;-0.8896454778309133;-0.35400208404932254;0.9176073690031873
2026-05-12_13:56:59:866065;1778587019.8650641;150.0;110.0;0.75;0.9565217391304348;0.75;0.9565217391304348;0.6653435580577501;-1.6352093662904301;-11.118910150745286;1.1704003843358244;59.9084089;10.719869283333333;0.0;59.9084089;10.719869283333333;0.0;1778587019.8647242;-153.861;5.072642449093417;0.20;-0.292;-0.012;-93.886;-0.719;-2.431;-29.193;59.90850831666667;10.7198365;0.0;-11.076082979475697;1.8343641511559665;9.872080919848258e-06;1778587019.8382638;0.02680039405822754;0.0;0.0;-1.6386198215273962;-93.886;-0.0;0.0;-0.04282717126958957;-0.6639637668201421;-1.6386198215273962;0.003410455236966037;-93.69059530870355;-93.886;0.19540469129644297;-0.04282717126958957;-0.6639637668201421;0.003410455236966037;0.6653435580577501
2026-05-12_13:57:00:074763;1778587020.074763;150.0;110.0;0.75;0.9565217391304348;0.75;0.9565217391304348;0.6039177196896051;-1.5002186198824117;-11.118910150745286;1.1704003843358244;59.90840813333333;10.719868183333332;0.0;59.90840813333333;10.719868183333332;0.0;1778587020.071508;-172.727;4.541367295809042;0.20;-0.316;-0.712;-100.369;-0.425;-1.93;-24.574;59.90850831666667;10.7198365;0.0;-11.161497901565935;1.7728146069726498;1.000451380051004e-05;1778587020.0483253;0.026437759399414062;0.0;0.0;-1.7517695169341887;-100.369;-0.0;0.0;0.04258775082064936;-0.6024142226368254;-1.7517695169341887;0.2515508970517768;-85.95619526620332;-100.369;14.412804733796674;0.04258775082064936;-0.6024142226368254;0.2515508970517768;0.6039177196896051
2026-05-12_13:57:00:530174;1778587020.5301747;150.0;110.0;0.75;0.9565217391304348;0.75;0.9565217391304348;0.5863032530363596;-1.3539462447913113;-11.118910150745286;1.1704003843358244;59.90840738333333;10.71986765;0.0;59.90840738333333;10.71986765;0.0;1778587020.5301747;165.147;0.37715916137296324;0.20;-0.735;0.236;-106.851;-1.434;6.825;-23.057;59.90850831666667;10.7198365;0.0;-11.245055962490035;1.742972422336525;1.0143060275247251e-05;1778587020.2949235;0.23525118827819824;-0.3551865626510132;-0.12685242890605353;-1.8649017590484611;-106.851;0.22436845365953195;-0.30316304195867605;0.12614581174474893;-0.5725720380007007;-1.8649017590484611;0.5109555142571498;-77.57540551412876;-106.851;29.275594485871245;0.12614581174474893;-0.5725720380007007;0.5109555142571498;0.5863032530363596
2026-05-12_13:57:00:658205;1778587020.6582053;-150.0;110.0;-0.75;0.9565217391304348;-0.75;0.9565217391304348;0.6408372222802737;-1.1181572475238037;-11.118910150745286;1.1704003843358244;59.908406;10.719867716666666;0.0;59.908406;10.719867716666666;0.0;1778587020.6582053;158.915;1.8011665861516106;0.20;-0.923;1.678;-112.588;0.16;4.949;-23.541;59.90850831666667;10.7198365;0.0;-11.399174137317635;1.746702773095815;1.0417004297380572e-05;1778587020.6148574;0.043347835540771484;-1.7991096523375665;0.08605538870178041;-1.9650312982353757;-112.588;0.6115874006341772;-1.6941552238340927;0.28026398657234886;-0.5763023887599905;-1.9650312982353757;0.846874050711572;-64.06569111507888;-112.588;48.522308884921124;0.28026398657234886;-0.5763023887599905;0.846874050711572;0.6408372222802737
2026-05-12_13:57:00:804190;1778587020.8041906;-150.0;110.0;-0.75;0.9565217391304348;-0.75;0.9565217391304348;0.6408372222802737;-1.1181572475238037;-11.118910150745286;1.1704003843358244;59.908406;10.719867716666666;0.0;59.908406;10.719867716666666;0.0;1778587020.802298;158.033;0.0;0.20;-0.923;1.678;-112.588;0.16;4.949;-23.541;59.90850831666667;10.7198365;0.0;-11.399174137317635;1.746702773095815;1.0417004297380572e-05;1778587020.781304;0.02288675308227539;0.0;0.0;-1.9650312982353757;-112.588;-0.0;0.0;0.28026398657234886;-0.5763023887599905;-1.9650312982353757;0.846874050711572;-64.06569111507888;-112.588;48.522308884921124;0.28026398657234886;-0.5763023887599905;0.846874050711572;0.6408372222802737
2026-05-12_13:57:00:989799;1778587020.989799;-150.0;110.0;-0.75;0.9565217391304348;-0.75;0.9565217391304348;0.66877309262597;-1.0250856169252176;-11.118910150745286;1.1704003843358244;59.9084054;10.719867633333333;0.0;59.9084054;10.719867633333333;0.0;1778587020.9877884;152.49;0.0;0.20;-0.177;0.804;-120.909;4.662;-4.772;-17.212;59.90850831666667;10.7198365;0.0;-11.466020577921277;1.7420399567642952;1.053729205402476e-05;1778587020.9369955;0.05280351638793945;0.0;0.0;-2.110260145293824;-120.909;-0.0;0.0;0.3471104271759913;-0.5716395724284709;-2.110260145293824;1.085174528368606;-58.733079489379236;-120.909;62.17592051062075;0.3471104271759913;-0.5716395724284709;1.085174528368606;0.66877309262597
2026-05-12_13:57:01:218388;1778587021.2183888;63.37723159790039;110.0;0.3168861579895019;0.9565217391304348;0.3168861579895019;0.9565217391304348;0.6915271556820147;-0.9588687113097436;-11.118910150745286;1.1704003843358244;59.90840495;10.719867533333334;0.0;59.90840495;10.719867533333334;0.0;1778587021.2183888;136.362;0.0;0.20;0.077;1.099;-125.26;-2.73;5.961;-15.31;59.90850831666667;10.7198365;0.0;-11.516155408881428;1.736444562765395;1.0624522850832818e-05;1778587021.0752916;0.1430971622467041;0.0;0.0;-2.1861994210480975;-125.26000000000002;-0.0;0.0;0.39724525813614164;-0.5660441784295707;-2.1861994210480975;1.2273307097383537;-54.939130265196454;-125.26000000000002;70.32086973480355;0.39724525813614164;-0.5660441784295707;1.2273307097383537;0.6915271556820147
2026-05-12_13:57:01:392334;1778587021.3913236;-150.0;110.0;-0.75;0.9565217391304348;-0.75;0.9565217391304348;0.7161183483323412;-0.9157806554465231;-11.118910150745286;1.1704003843358244;59.9084046;10.719867566666666;0.0;59.9084046;10.719867566666666;0.0;1778587021.3913236;126.891;0.0;0.20;-0.573;1.975;-127.158;-5.659;7.483;-15.774;59.90850831666667;10.7198365;0.0;-11.555149161908343;1.738309720372589;1.0694671744637674e-05;1778587021.3755708;0.015752792358398438;0.0;0.0;-2.2193257702509497;-127.15800000000002;-0.0;0.0;0.43623901116305674;-0.5679093360367646;-2.2193257702509497;1.303545114804427;-52.470366516809996;-127.15800000000002;74.68763348319004;0.43623901116305674;-0.5679093360367646;1.303545114804427;0.7161183483323412
2026-05-12_13:57:01:568632;1778587021.5686321;-150.0;110.0;-0.75;0.9565217391304348;-0.75;0.9565217391304348;0.7504062327135043;-0.891363700113393;-11.118910150745286;1.1704003843358244;59.90840428333333;10.71986785;0.0;59.90840428333333;10.71986785;0.0;1778587021.5682998;124.143;0.0;0.20;-1.811;2.678;-130.114;-3.892;0.254;-13.523;59.90850831666667;10.7198365;0.0;-11.590429219396372;1.7541634201591685;1.0764750734360007e-05;1778587021.5409224;0.0277097225189209;0.0;0.0;-2.270917702939902;-130.114;-0.0;0.0;0.4715190686510855;-0.5837630358233441;-2.270917702939902;1.3795540028265094;-51.0713780276622;-130.114;79.04262197233783;0.4715190686510855;-0.5837630358233441;1.3795540028265094;0.7504062327135043
2026-05-12_13:57:01:817802;1778587021.8178027;44.50934982299805;110.0;0.22254674911499023;0.9565217391304348;0.22254674911499023;0.9565217391304348;0.7851022754568113;-0.8690925425288812;-11.118910150745286;1.1704003843358244;59.90840396666667;10.719868133333334;0.0;59.90840396666667;10.719868133333334;0.0;1778587021.8178027;106.12;0.0;0.20;-1.775;1.835;-132.075;3.736;-7.235;-11.889;59.90850831666667;10.7198365;0.0;-11.625709275539759;1.7700171202888992;1.0832379741643194e-05;1778587021.6932669;0.12453579902648926;0.0;0.0;-2.3051436095715108;-132.07500000000002;-0.0;0.0;0.5067991247944725;-0.5996167359530749;-2.3051436095715108;1.43605106704263;-49.7953346931989;-132.07500000000002;82.27966530680114;0.5067991247944725;-0.5996167359530749;1.43605106704263;0.7851022754568113
2026-05-12_13:57:01:991340;1778587021.9913404;-150.0;110.0;-0.75;0.9565217391304348;-0.75;0.9565217391304348;0.8064974477653019;-0.8522038384761526;-11.118910150745286;1.1704003843358244;59.90840375;10.719868266666667;0.0;59.90840375;10.719868266666667;0.0;1778587021.9913404;85.972;0.0;0.20;0.02;-0.119;-134.772;7.834;-6.106;-10.637;59.90850831666667;10.7198365;0.0;-11.649848263588302;1.7774776887894195;1.0878302074246449e-05;1778587021.9468713;0.04446911811828613;0.0;0.0;-2.3522151394977975;-134.772;-0.0;0.0;0.5309381128430157;-0.6070773044535951;-2.3522151394977975;1.5000113010216447;-48.827683229532056;-134.772;85.9443167704679;0.5309381128430157;-0.6070773044535951;1.5000113010216447;0.8064974477653019
2026-05-12_13:57:02:196686;1778587022.1966865;-150.0;110.0;-0.75;0.9565217391304348;-0.75;0.9565217391304348;0.8180572790859281;-0.8464552595887467;-11.118910150745286;1.1704003843358244;59.90840365;10.719868366666667;0.0;59.90840365;10.719868366666667;0.0;1778587022.1966865;52.021;0.0;0.20;0.596;-0.403;-136.393;-0.989;1.207;-6.07;59.90850831666667;10.7198365;0.0;-11.660989334196564;1.7830731116007708;1.090070505682661e-05;1778587022.1612618;0.03542470932006836;0.0;0.0;-2.3805069266726258;-136.393;-0.0;0.0;0.5420791834512784;-0.6126727272649464;-2.3805069266726258;1.5340516670838795;-48.49831392108569;-136.393;87.89468607891433;0.5420791834512784;-0.6126727272649464;1.5340516670838795;0.8180572790859281
2026-05-12_13:57:02:340162;1778587022.340162;-129.7447052001953;110.0;-0.6487235260009766;0.9565217391304348;-0.6487235260009766;0.9565217391304348;0.8226139560831026;-0.8453278338008228;-11.118910150745286;1.1704003843358244;59.90840361666667;10.719868416666667;0.0;59.90840361666667;10.719868416666667;0.0;1778587022.340162;28.642;0.0;0.20;-0.518;0.236;-137.019;-7.386;3.798;-1.097;59.90850831666667;10.7198365;0.0;-11.6647030241281;1.7858708223807598;1.0907253490621827e-05;1778587022.3066628;0.03349924087524414;0.0;0.0;-2.3914326877901106;-137.019;-0.0;0.0;0.5457928733828137;-0.6154704380449354;-2.3914326877901106;1.5461048539892879;-48.43371718172344;-137.019;88.58528281827658;0.5457928733828137;-0.6154704380449354;1.5461048539892879;0.8226139560831026
2026-05-12_13:57:02:506559;1778587022.506559;-13.326274871826172;110.0;-0.06663137435913086;0.9565217391304348;-0.06663137435913086;0.9565217391304348;0.8163019425665876;-0.8506195108965394;-11.118910150745286;1.1704003843358244;59.90840368333333;10.719868383333333;0.0;59.90840368333333;10.719868383333333;0.0;1778587022.5051317;12.858;0.0;0.20;-0.518;0.236;-137.019;-7.386;3.798;-1.097;59.90850831666667;10.7198365;0.0;-11.657275642960856;1.7840056794804078;1.0893835972858312e-05;1778587022.4544897;0.05206918716430664;0.0;0.0;-2.3914326877901106;-137.019;-0.0;0.0;0.5383654922155703;-0.6136052951445834;-2.3914326877901106;1.5408131768935718;-48.73690794585405;-137.019;88.282092054146;0.5383654922155703;-0.6136052951445834;1.5408131768935718;0.8163019425665876
2026-05-12_13:57:02:743036;1778587022.7430365;14.566351890563965;110.0;0.07283175945281982;0.9565217391304348;0.07283175945281982;0.9565217391304348;0.7929718919829082;-0.8682822939784791;-11.118910150745286;1.1704003843358244;59.908403916666664;10.719868233333333;0.0;59.908403916666664;10.719868233333333;0.0;1778587022.7430365;-4.348;0.0;0.20;-2.007;1.761;-135.194;0.2;3.246;10.179;59.90850831666667;10.7198365;0.0;-11.631279809841377;1.7756125404535847;1.0843623973855188e-05;1778587022.648196;0.09484052658081055;0.0;0.0;-2.359580428941214;-135.19400000000002;-0.0;0.0;0.5123696590960911;-0.6052121561177604;-2.359580428941214;1.4912981349627348;-49.74891087090427;-135.19400000000002;85.44508912909573;0.5123696590960911;-0.6052121561177604;1.4912981349627348;0.7929718919829082
2026-05-12_13:57:02:899148;1778587022.8991487;64.52125549316406;-110.0;0.3226062774658203;-0.9565217391304348;0.3226062774658203;-0.9565217391304348;0.7463888291881089;-0.9061164571561453;-11.118910150745286;1.1704003843358244;59.908404383333334;10.719867916666667;0.0;59.908404383333334;10.719867916666667;0.0;1778587022.8984275;-17.477;0.0;0.20;-1.848;2.05;-134.152;2.164;3.136;14.129;59.90850831666667;10.7198365;0.0;-11.579288143510567;1.7578936933310902;1.0745405989887047e-05;1778587022.8708265;0.028322219848632812;0.0;0.0;-2.341394098135433;-134.152;-0.0;0.0;0.4603779927652809;-0.5874933089952659;-2.341394098135433;1.4352776409792876;-51.916648742393804;-134.152;82.23535125760618;0.4603779927652809;-0.5874933089952659;1.4352776409792876;0.7463888291881089
2026-05-12_13:57:03:045463;1778587023.0454633;150.0;-110.0;0.75;-0.9565217391304348;0.75;-0.9565217391304348;0.6686798555567898;-0.9687804560760103;-11.118910150745286;1.1704003843358244;59.908405116666664;10.719867266666666;0.0;59.908405116666664;10.719867266666666;0.0;1778587023.0454633;-22.901;17.340863245705247;0.20;-1.848;2.05;-134.152;2.164;3.136;14.129;59.90850831666667;10.7198365;0.0;-11.497586959796937;1.721523440933812;1.0587142958762286e-05;1778587023.040306;0.0051572322845458984;0.0;0.0;-2.341394098135433;-134.152;-0.0;0.0;0.378676809051651;-0.5511230565979877;-2.341394098135433;1.3726136420594228;-55.50703140791442;-134.152;78.64496859208559;0.378676809051651;-0.5511230565979877;1.3726136420594228;0.6686798555567898
2026-05-12_13:57:03:273748;1778587023.2727556;150.0;-110.0;0.75;-0.9565217391304348;0.75;-0.9565217391304348;0.5707090255298929;-1.0537278331676478;-11.118910150745286;1.1704003843358244;59.90840598333333;10.719866283333333;0.0;59.90840598333333;10.719866283333333;0.0;1778587023.2727556;-27.367;3.9716051466385154;0.20;-0.201;2.457;-124.132;0.955;-4.256;32.524;59.90850831666667;10.7198365;0.0;-11.401031019897566;1.666501792326209;1.0399558201257264e-05;1778587023.2447739;0.02798175811767578;0.0;0.0;-2.1665121070856013;-124.132;-0.0;0.0;0.28212086915227985;-0.4961014079903847;-2.1665121070856013;1.1127842739179536;-60.374157595971546;-124.132;63.75784240402847;0.28212086915227985;-0.4961014079903847;1.1127842739179536;0.5707090255298929
2026-05-12_13:57:03:438988;1778587023.4389884;150.0;-110.0;0.75;-0.9565217391304348;0.75;-0.9565217391304348;0.4658294694404139;-1.191301760734553;-11.118910150745286;1.1704003843358244;59.90840696666667;10.71986515;0.0;59.90840696666667;10.71986515;0.0;1778587023.4389884;-24.382;3.0080924093890378;0.20;-0.431;0.944;-116.957;-3.932;-9.67;36.754;59.90850831666667;10.7198365;0.0;-11.291477163759593;1.6030870153038468;1.0188834135504976e-05;1778587023.3969073;0.04208111763000488;0.0;0.0;-2.041284733255008;-116.957;-0.0;0.0;0.17256701301430688;-0.4326866309680224;-2.041284733255008;0.8499829725204551;-68.2565630165937;-116.957;48.700436983406306;0.17256701301430688;-0.4326866309680224;0.8499829725204551;0.4658294694404139
2026-05-12_13:57:03:677741;1778587023.6777418;150.0;-110.0;0.75;-0.9565217391304348;0.75;-0.9565217391304348;0.3798415940292064;-1.3942098274658805;-11.118910150745286;1.1704003843358244;59.90840791666667;10.7198641;0.0;59.90840791666667;10.7198641;0.0;1778587023.6777418;-14.492;3.2555243740970954;0.20;-0.915;-0.833;-110.13;-0.3;-7.912;31.954;59.90850831666667;10.7198365;0.0;-11.18563699414986;1.5443350911014708;9.98770704452312e-06;1778587023.6448598;0.032881975173950195;0.0;0.0;-1.922131105221355;-110.13;-0.0;0.0;0.0667268434045738;-0.37393470676564644;-1.922131105221355;0.5279212777554747;-79.88233886945764;-110.13;30.24766113054237;0.0667268434045738;-0.37393470676564644;0.5279212777554747;0.3798415940292064
2026-05-12_13:57:03:845492;1778587023.8444273;150.0;-110.0;0.75;-0.9565217391304348;0.75;-0.9565217391304348;0.3435248221342642;-1.6577382817566637;-11.118910150745286;1.1704003843358244;59.908408783333336;10.719863533333333;0.0;59.908408783333336;10.719863533333333;0.0;1778587023.8444273;-4.824;2.117199072126267;0.20;-0.77;-1.261;-106.528;2.858;-1.957;29.533;59.90850831666667;10.7198365;0.0;-11.089081043521537;1.5126276886010042;9.810645083874192e-06;1778587023.8067605;0.03766679763793945;2.5634234042521373;-0.8417865199278248;-1.8592643455645195;-106.528;0.07775196256162376;2.696979556266163;-0.029829107223749318;-0.3422273042651798;-1.8592643455645195;0.20152606380785576;-94.98140708192574;-106.528;11.546592918074262;-0.029829107223749318;-0.3422273042651798;0.20152606380785576;0.3435248221342642
2026-05-12_13:57:03:998742;1778587023.9987426;122.7967529296875;-110.0;0.6139837646484375;-0.9565217391304348;0.6139837646484375;-0.9565217391304348;0.3435248221342642;-1.6577382817566637;-11.118910150745286;1.1704003843358244;59.908408783333336;10.719863533333333;0.0;59.908408783333336;10.719863533333333;0.0;1778587023.9979935;6.106;0.0;0.20;-0.355;-0.661;-100.468;1.756;4.191;31.289;59.90850831666667;10.7198365;0.0;-11.089081043521537;1.5126276886010042;9.810645083874192e-06;1778587023.9458473;0.052895307540893555;0.0;0.0;-1.753497392893663;-100.468;-0.0;0.0;-0.029829107223749318;-0.3422273042651798;-1.753497392893663;0.09575911113699931;-94.98140708192574;-100.468;5.486592918074258;-0.029829107223749318;-0.3422273042651798;0.09575911113699931;0.3435248221342642
2026-05-12_13:57:04:186523;1778587024.186524;150.0;-110.0;0.75;-0.9565217391304348;0.75;-0.9565217391304348;0.3611034816192613;-1.9338590421458606;-11.118910150745286;1.1704003843358244;59.908409666666664;10.71986345;0.0;59.908409666666664;10.71986345;0.0;1778587024.186524;13.159;0.0;0.20;-0.355;-0.661;-100.468;1.756;4.191;31.289;59.90850831666667;10.7198365;0.0;-10.99066823505134;1.5079648011464517;9.639923154836083e-06;1778587024.183522;0.0030019283294677734;0.0;0.0;-1.753497392893663;-100.468;-0.0;0.0;-0.1282419156939465;-0.3375644168106273;-1.753497392893663;-0.18036164925219733;-110.8019612881698;-100.468;-10.333961288169787;-0.1282419156939465;-0.3375644168106273;-0.18036164925219733;0.3611034816192613
2026-05-12_13:57:04:423701;1778587024.4237015;-7.681646347045898;-110.0;-0.03840823173522949;-0.9565217391304348;-0.03840823173522949;-0.9565217391304348;0.41394500214781627;-2.1183891794631045;-11.118910150745286;1.1704003843358244;59.90841045;10.719863733333334;0.0;59.90841045;10.719863733333334;0.0;1778587024.4185421;26.229;0.0;0.20;-0.565;-0.001;-89.844;0.387;0.395;21.195;59.90850831666667;10.7198365;0.0;-10.903396488784137;1.5238184460011153;9.494322118719367e-06;1778587024.3115985;0.11210298538208008;0.0;0.0;-1.5680736131617854;-89.844;0.0;0.0;-0.21551366196114863;-0.3534180616652909;-1.5680736131617854;-0.5503155663013191;-121.37475934941742;-89.844;-31.530759349417412;-0.21551366196114863;-0.3534180616652909;-0.5503155663013191;0.41394500214781627
2026-05-12_13:57:04:898486;1778587024.8984866;-6.120265483856201;-110.0;-0.030601327419281007;-0.9565217391304348;-0.030601327419281007;-0.9565217391304348;0.5367698906476037;-2.230038607151818;-11.118910150745286;1.1704003843358244;59.908411466666664;10.719865;0.0;59.908411466666664;10.719865;0.0;1778587024.8984866;51.372;0.0;0.20;0.919;1.947;-83.279;1.523;8.734;12.909;59.90850831666667;10.7198365;0.0;-10.790128886103352;1.594693673849447;9.319542328967145e-06;1778587024.6486583;0.24982833862304688;0.0;0.0;-1.4534927477683577;-83.279;0.0;0.0;-0.32878126464193436;-0.42429328951362266;-1.4534927477683577;-0.7765458593834604;-127.77180034103178;-83.279;-44.49280034103178;-0.32878126464193436;-0.42429328951362266;-0.7765458593834604;0.5367698906476037
2026-05-12_13:57:05:070093;1778587025.0695968;-150.0;-110.0;-0.75;-0.9565217391304348;-0.75;-0.9565217391304348;0.6475790773063952;-2.1887794458992644;-11.118910150745286;1.1704003843358244;59.908411883333336;10.71986685;0.0;59.908411883333336;10.71986685;0.0;1778587025.0581622;65.578;1.778139804298137;0.20;0.159;3.121;-81.107;-7.432;2.897;10.003;59.90850831666667;10.7198365;0.0;-10.74370770057768;1.698208855993136;9.267874358620531e-06;1778587025.028644;0.04095268249511719;0.2720480432155173;1.2524530356620578;-1.4155841964150409;-81.107;-1.195341176143054;0.4623940062040558;-0.3752024501676061;-0.5278084716573117;-1.4155841964150409;-0.7731952494842238;-125.40782453501075;-81.107;-44.30082453501077;-0.3752024501676061;-0.5278084716573117;-0.7731952494842238;0.6475790773063952
2026-05-12_13:57:05:318025;1778587025.314169;-131.57228088378906;-110.0;-0.6578614044189454;-0.9565217391304348;-0.6578614044189454;-0.9565217391304348;0.6896872369949459;-2.162143324719571;-11.118910150745286;1.1704003843358244;59.90841196666667;10.71986765;0.0;59.90841196666667;10.71986765;0.0;1778587025.2964926;63.605;0.46055892688084604;0.20;-1.457;1.95;-78.982;-1.712;-10.89;7.677;59.90850831666667;10.7198365;0.0;-10.7344234524837;1.7429721822211435;9.264984988099911e-06;1778587025.19882;0.11534881591796875;0.08048845599405775;0.38806923046215913;-1.3784959498101614;-78.982;-0.3655332820155734;0.15317159958270027;-0.3844866982615862;-0.5725717978853191;-1.3784959498101614;-0.7836473749094095;-123.88168720881531;-78.982;-44.89968720881529;-0.3844866982615862;-0.5725717978853191;-0.7836473749094095;0.6896872369949459
2026-05-12_13:57:05:481917;1778587025.4819174;-120.06147003173828;-110.0;-0.6003073501586914;-0.9565217391304348;-0.6003073501586914;-0.9565217391304348;0.6896872369949459;-2.162143324719571;-11.118910150745286;1.1704003843358244;59.90841196666667;10.71986765;0.0;59.90841196666667;10.71986765;0.0;1778587025.4806552;64.613;0.0;0.20;-1.246;0.197;-77.805;3.802;-10.814;6.724;59.90850831666667;10.7198365;0.0;-10.7344234524837;1.7429721822211435;9.264984988099911e-06;1778587025.453514;0.028403282165527344;0.0;0.0;-1.3579534245141882;-77.805;0.0;0.0;-0.3844866982615862;-0.5725717978853191;-1.3579534245141882;-0.8041899002053832;-123.88168720881531;-77.805;-46.07668720881531;-0.3844866982615862;-0.5725717978853191;-0.8041899002053832;0.6896872369949459
2026-05-12_13:57:05:643111;1778587025.6421027;-0.6971743106842041;-110.0;-0.0034858715534210206;-0.9565217391304348;-0.0034858715534210206;-0.9565217391304348;0.7775219566377222;-2.115756845718593;-11.118910150745286;1.1704003843358244;59.908412133333336;10.7198693;0.0;59.908412133333336;10.7198693;0.0;1778587025.6400719;74.41;1.7900655801302798;0.20;-0.161;-0.917;-76.732;5.314;-1.549;4.277;59.90850831666667;10.7198365;0.0;-10.715854953161626;1.8352965422090286;9.258869622108534e-06;1778587025.6174045;0.024698257446289062;0.30072593166261935;1.9256838239106628;-1.339226041640289;-76.732;-1.8052634818502686;0.7346550460885626;-0.4030551975836598;-0.6648961578732042;-1.339226041640289;-0.7765308040783041;-121.22393773558704;-76.732;-44.49193773558704;-0.4030551975836598;-0.6648961578732042;-0.7765308040783041;0.7775219566377222
2026-05-12_13:57:05:802325;1778587025.8023255;-141.46673583984375;-110.0;-0.7073336791992187;-0.9565217391304348;-0.7073336791992187;-0.9565217391304348;0.7775219566377222;-2.115756845718593;-11.118910150745286;1.1704003843358244;59.908412133333336;10.7198693;0.0;59.908412133333336;10.7198693;0.0;1778587025.8023255;90.88;0.0;0.20;-0.161;-0.917;-76.732;5.314;-1.549;4.277;59.90850831666667;10.7198365;0.0;-10.715854953161626;1.8352965422090286;9.258869622108534e-06;1778587025.7778256;0.024499893188476562;0.0;0.0;-1.339226041640289;-76.732;0.0;0.0;-0.4030551975836598;-0.6648961578732042;-1.339226041640289;-0.7765308040783041;-121.22393773558704;-76.732;-44.49193773558704;-0.4030551975836598;-0.6648961578732042;-0.7765308040783041;0.7775219566377222
2026-05-12_13:57:06:220046;1778587026.219249;150.0;-110.0;0.75;-0.9565217391304348;0.75;-0.9565217391304348;0.8342844153878352;-2.047252005679624;-11.118910150745286;1.1704003843358244;59.90841195;10.719870666666667;0.0;59.90841195;10.719870666666667;0.0;1778587026.214328;94.493;0.10577689919824146;0.20;-1.421;0.961;-75.995;0.993;-2.037;-0.188;59.90850831666667;10.7198365;0.0;-10.73628021461018;1.911767242060302;9.315186633607198e-06;1778587026.1826043;0.036644697189331055;-0.45604397300152966;0.8652648290390197;-1.3263629650530908;-75.995;-0.9499101325311422;-0.23308811595105347;-0.3826299361351069;-0.7413668577244776;-1.3263629650530908;-0.7208890406265334;-117.29889952513531;-75.995;-41.3038995251353;-0.3826299361351069;-0.7413668577244776;-0.7208890406265334;0.8342844153878352
2026-05-12_13:57:06:416923;1778587026.4156296;150.0;-110.0;0.75;-0.9565217391304348;0.75;-0.9565217391304348;0.8527301427478353;-2.016719996224945;-11.118910150745286;1.1704003843358244;59.908411816666664;10.719871166666668;0.0;59.908411816666664;10.719871166666668;0.0;1778587026.4148066;92.689;0.0;0.20;-0.68;0.751;-76.325;5.032;0.147;-2.518;59.90850831666667;10.7198365;0.0;-10.751134964758801;1.9397443314253886;9.350159543508596e-06;1778587026.292796;0.1228337287902832;0.0;0.0;-1.3321225515846722;-76.32500000000002;0.0;0.0;-0.36777518598648484;-0.7693439470895642;-1.3321225515846722;-0.6845974446402727;-115.54954424332865;-76.32500000000002;-39.224544243328644;-0.36777518598648484;-0.7693439470895642;-0.6845974446402727;0.8527301427478353
2026-05-12_13:57:06:530234;1778587026.5302343;-61.96677017211914;-110.0;-0.3098338508605957;-0.9565217391304348;-0.3098338508605957;-0.9565217391304348;0.8827200712775535;-1.989001319630248;-11.118910150745286;1.1704003843358244;59.90841173333333;10.719871833333332;0.0;59.90841173333333;10.719871833333332;0.0;1778587026.5302343;104.226;0.0;0.20;-0.063;0.796;-76.848;5.41;0.218;-5.195;59.90850831666667;10.7198365;0.0;-10.760419172896178;1.9770471118671764;9.376203020217133e-06;1778587026.5191758;0.011058568954467773;0.0;0.0;-1.3412506235726023;-76.848;0.0;0.0;-0.3584909778491081;-0.806646727531352;-1.3412506235726023;-0.6477506960576456;-113.96138106076447;-76.848;-37.11338106076446;-0.3584909778491081;-0.806646727531352;-0.6477506960576456;0.8827200712775535
2026-05-12_13:57:06:767321;1778587026.7663035;-150.0;-110.0;-0.75;-0.9565217391304348;-0.75;-0.9565217391304348;0.9110528271074988;-1.9487650435412887;-11.118910150745286;1.1704003843358244;59.908411533333336;10.71987255;0.0;59.908411533333336;10.71987255;0.0;1778587026.7663035;132.094;0.0;0.20;0.721;0.453;-78.669;1.67;-3.543;-12.89;59.90850831666667;10.7198365;0.0;-10.782701297109494;2.0171476078432136;9.425480064884084e-06;1778587026.647255;0.1190485954284668;0.0;0.0;-1.373033069251419;-78.669;0.0;0.0;-0.33620885363579234;-0.8467472235073892;-1.373033069251419;-0.5757319742898694;-111.65601225754395;-78.669;-32.98701225754394;-0.33620885363579234;-0.8467472235073892;-0.5757319742898694;0.9110528271074988
2026-05-12_13:57:06:928621;1778587026.9256773;-150.0;-110.0;-0.75;-0.9565217391304348;-0.75;-0.9565217391304348;0.927984037103265;-1.8862793511920803;-11.118910150745286;1.1704003843358244;59.9084111;10.719873183333334;0.0;59.9084111;10.719873183333334;0.0;1778587026.9256773;140.152;0.0;0.20;0.433;-0.168;-81.931;-3.998;-2.57;-19.191;59.90850831666667;10.7198365;0.0;-10.83097926061857;2.0525852717768363;9.519237284649762e-06;1778587026.8659973;0.05967998504638672;0.0;0.0;-1.4299657094514742;-81.931;0.0;0.0;-0.2879308901267166;-0.8821848874410119;-1.4299657094514742;-0.4563136417406062;-108.07584580598142;-81.931;-26.14484580598141;-0.2879308901267166;-0.8821848874410119;-0.4563136417406062;0.927984037103265
2026-05-12_13:57:07:115980;1778587027.1150203;-118.01324462890625;-110.0;-0.5900662231445313;-0.9565217391304348;-0.5900662231445313;-0.9565217391304348;0.9390228257058751;-1.798307858862484;-11.118910150745286;1.1704003843358244;59.90841041666667;10.719873766666666;0.0;59.90841041666667;10.719873766666666;0.0;1778587027.1150203;148.078;0.0;0.20;0.247;-0.215;-82.756;-5.294;0.171;-21.674;59.90850831666667;10.7198365;0.0;-10.907109906591966;2.0852252439528116;9.659637555614609e-06;1778587027.05057;0.06445026397705078;0.0;0.0;-1.4443646757804274;-82.756;0.0;0.0;-0.21180024415332;-0.9148248596169872;-1.4443646757804274;-0.3539431830820563;-103.03545057802805;-82.756;-20.279450578028026;-0.21180024415332;-0.9148248596169872;-0.3539431830820563;0.9390228257058751
2026-05-12_13:57:07:276188;1778587027.2761886;-28.012601852416992;-41.865753173828125;-0.14006300926208495;-0.3640500275985054;-0.14006300926208495;-0.3640500275985054;0.9560616472211636;-1.6975022861527724;-11.118910150745286;1.1704003843358244;59.9084096;10.719874366666666;0.0;59.9084096;10.719874366666666;0.0;1778587027.2761886;150.911;1.362762474441624;0.20;0.247;-0.215;-82.756;-5.294;0.171;-21.674;59.90850831666667;10.7198365;0.0;-10.998095317321031;2.118797795399306;9.826546227387212e-06;1778587027.205023;0.07116556167602539;-1.278503374191965;0.4717527783920276;-1.4443646757804274;-82.756;-0.6292003159135517;-1.20881285739155;-0.12081483342425514;-0.9483974110634814;-1.4443646757804274;-0.2531376103723453;-97.25971671036243;-82.756;-14.503716710362436;-0.12081483342425514;-0.9483974110634814;-0.2531376103723453;0.9560616472211636
2026-05-12_13:57:07:445251;1778587027.4452515;21.803627014160156;69.03480529785156;0.10901813507080078;0.6003026547639266;0.10901813507080078;0.6003026547639266;0.9560616472211636;-1.6975022861527724;-11.118910150745286;1.1704003843358244;59.9084096;10.719874366666666;0.0;59.9084096;10.719874366666666;0.0;1778587027.4452515;153.251;0.0;0.20;-0.734;1.682;-95.525;3.206;3.465;-35.584;59.90850831666667;10.7198365;0.0;-10.998095317321031;2.118797795399306;9.826546227387212e-06;1778587027.4177647;0.027486801147460938;0.0;0.0;-1.6672257679675835;-95.525;-0.0;0.0;-0.12081483342425514;-0.9483974110634814;-1.6672257679675835;-0.030276518185188728;-97.25971671036243;-95.525;-1.7347167103624006;-0.12081483342425514;-0.9483974110634814;-0.030276518185188728;0.9560616472211636
2026-05-12_13:57:07:643234;1778587027.6432347;150.0;110.0;0.75;0.9565217391304348;0.75;0.9565217391304348;1.0331541404952205;-1.4592511794620748;-11.118910150745286;1.1704003843358244;59.908407483333335;10.719875766666666;0.0;59.908407483333335;10.719875766666666;0.0;1778587027.6380005;151.796;2.368312722175872;0.20;-0.326;1.456;-101.412;3.594;-3.745;-37.088;59.90850831666667;10.7198365;0.0;-11.233914647797135;2.197133769241696;1.0263176180025368e-05;1778587027.5968232;0.04641151428222656;-2.720563434131291;0.8841153438664737;-1.7699733010324896;-101.412;-0.32833829463300856;-2.841710630002616;0.11500449705184934;-1.0267333849058717;-1.7699733010324896;0.3107221215704148;-83.60893383266436;-101.412;17.803066167335647;0.11500449705184934;-1.0267333849058717;0.3107221215704148;1.0331541404952205
2026-05-12_13:57:07:949566;1778587027.9495661;-118.04446411132812;110.0;-0.5902223205566406;0.9565217391304348;-0.5902223205566406;0.9565217391304348;1.0331541404952205;-1.4592511794620748;-11.118910150745286;1.1704003843358244;59.908407483333335;10.719875766666666;0.0;59.908407483333335;10.719875766666666;0.0;1778587027.94738;145.422;0.0;0.20;-0.111;0.305;-107.236;1.437;-8.753;-35.954;59.90850831666667;10.7198365;0.0;-11.233914647797135;2.197133769241696;1.0263176180025368e-05;1778587027.7509017;0.19866442680358887;0.0;0.0;-1.8716212766686393;-107.236;-0.0;0.0;0.11500449705184934;-1.0267333849058717;-1.8716212766686393;0.4123700972065647;-83.60893383266436;-107.236;23.627066167335656;0.11500449705184934;-1.0267333849058717;0.4123700972065647;1.0331541404952205
2026-05-12_13:57:08:177084;1778587028.1634874;111.51060485839844;110.0;0.5575530242919922;0.9565217391304348;0.5575530242919922;0.9565217391304348;1.1807722865411787;-1.2691277338619131;-11.118910150745286;1.1704003843358244;59.90840536666666;10.719877566666666;0.0;59.90840536666666;10.719877566666666;0.0;1778587028.1634874;123.959;0.0;0.20;0.028;-2.099;-116.491;-0.81;-5.382;-30.466;59.90850831666667;10.7198365;0.0;-11.469733965227947;2.2978514226765228;1.0718129560771672e-05;1778587028.049746;0.11374139785766602;0.0;0.0;-2.0331514989407142;-116.49099999999999;-0.0;0.0;0.350823814482661;-1.1274510383406984;-2.0331514989407142;0.7640237650788011;-72.71566281329;-116.49099999999999;43.77533718670999;0.350823814482661;-1.1274510383406984;0.7640237650788011;1.1807722865411787
2026-05-12_13:57:08:374806;1778587028.374807;-150.0;110.0;-0.75;0.9565217391304348;-0.75;0.9565217391304348;1.2718612508508418;-1.2269055960310542;-11.118910150745286;1.1704003843358244;59.90840466666667;10.719878816666666;0.0;59.90840466666667;10.719878816666666;0.0;1778587028.374807;109.712;0.0;0.20;-0.101;-2.108;-122.205;-1.916;2.68;-27.233;59.90850831666667;10.7198365;0.0;-11.54772143168449;2.3677941903809145;1.0884602411387334e-05;1778587028.283912;0.09089493751525879;0.0;0.0;-2.1328796123996705;-122.20500000000001;-0.0;0.0;0.42881128093920395;-1.1973938060450902;-2.1328796123996705;0.9059740163686163;-70.29651251356213;-122.20500000000001;51.90848748643788;0.42881128093920395;-1.1973938060450902;0.9059740163686163;1.2718612508508418
2026-05-12_13:57:08:546140;1778587028.5461404;-150.0;110.0;-0.75;0.9565217391304348;-0.75;0.9565217391304348;1.3670385373052947;-1.2128483594186612;-11.118910150745286;1.1704003843358244;59.90840421666667;10.7198803;0.0;59.90840421666667;10.7198803;0.0;1778587028.540808;98.171;0.0;0.20;-1.18;-0.427;-129.394;-6.588;7.206;-23.879;59.90850831666667;10.7198365;0.0;-11.597856206308924;2.450792917248225;1.1006631491561336e-05;1778587028.5000522;0.046088218688964844;0.0;0.0;-2.258351332325543;-129.394;-0.0;0.0;0.4789460555636378;-1.2803925329124004;-2.258351332325543;1.0455029729068812;-69.49109218405523;-129.394;59.90290781594475;0.4789460555636378;-1.2803925329124004;1.0455029729068812;1.3670385373052947
2026-05-12_13:57:08:695889;1778587028.69589;-150.0;110.0;-0.75;0.9565217391304348;-0.75;0.9565217391304348;1.4645732098537576;-1.214746913358844;-11.118910150745286;1.1704003843358244;59.90840393333333;10.71988195;0.0;59.90840393333333;10.71988195;0.0;1778587028.69589;86.672;0.0;0.20;-1.18;-0.427;-129.394;-6.588;7.206;-23.879;59.90850831666667;10.7198365;0.0;-11.629422516120336;2.543117329601858;1.1100395066243607e-05;1778587028.669649;0.026241064071655273;0.0;0.0;-2.258351332325543;-129.394;-0.0;0.0;0.5105123653750496;-1.3727169452660335;-2.258351332325543;1.0436044189666989;-69.59987131200565;-129.394;59.794128687994366;0.5105123653750496;-1.3727169452660335;1.0436044189666989;1.4645732098537576
2026-05-12_13:57:08:868527;1778587028.8685272;-150.0;70.83616638183594;-0.75;0.6159666641898777;-0.75;0.6159666641898777;1.5473883719303767;-1.2320354597558087;-11.118910150745286;1.1704003843358244;59.9084039;10.7198835;0.0;59.9084039;10.7198835;0.0;1778587028.8631556;74.483;1.6793010462245657;0.20;-1.18;-0.427;-129.394;-6.588;7.206;-23.879;59.90850831666667;10.7198365;0.0;-11.633136147013644;2.6298463060291075;1.1142231445049333e-05;1778587028.813563;0.05496406555175781;-0.06756470534028383;1.5779214211434174;-2.258351332325543;-129.394;-1.1765378218613225;-1.053641188659971;0.5142259962683582;-1.4594459216932831;-2.258351332325543;1.0263158725697341;-70.59043205446783;-129.394;58.80356794553218;0.5142259962683582;-1.4594459216932831;1.0263158725697341;1.5473883719303767
2026-05-12_13:57:09:107277;1778587029.1062763;-150.0;101.4144287109375;-0.75;0.881864597486413;-0.75;0.881864597486413;1.616259026683638;-1.2578970391871283;-11.118910150745286;1.1704003843358244;59.90840405;10.7198849;0.0;59.90840405;10.7198849;0.0;1778587029.1062763;64.04;0.7892910811973264;0.20;-0.19;2.082;-140.213;12.546;1.112;-12.54;59.90850831666667;10.7198365;0.0;-11.616424481928172;2.7081821411543876;1.1144531255169454e-05;1778587029.00654;0.09973621368408203;0.16755864763832662;0.7854302086643433;-2.447178504098809;-140.213;-0.6313814477675079;-0.4963204413440015;0.49751433118288624;-1.5377817568185632;-2.447178504098809;1.189281464911681;-72.07219140742477;-140.213;68.14080859257523;0.49751433118288624;-1.5377817568185632;1.189281464911681;1.616259026683638
2026-05-12_13:57:09:297456;1778587029.297457;-150.0;110.0;-0.75;0.9565217391304348;-0.75;0.9565217391304348;1.6777552973428689;-1.284763994423983;-11.118910150745286;1.1704003843358244;59.908404266666665;10.719886183333333;0.0;59.908404266666665;10.719886183333333;0.0;1778587029.2587047;59.514;1.1875918286649159;0.20;1.018;1.925;-141.524;9.225;-2.532;-9.931;59.90850831666667;10.7198365;0.0;-11.592285437435098;2.7799899828712387;1.1131317475765456e-05;1778587029.2587047;0.03875231742858887;0.0;0.0;-2.470059770592455;-141.52400000000003;-0.0;0.0;0.4733752866898122;-1.6095895985354143;-2.470059770592455;1.1852957761684717;-73.61155455086346;-141.52400000000003;67.91244544913653;0.4733752866898122;-1.6095895985354143;1.1852957761684717;1.6777552973428689
2026-05-12_13:57:09:484551;1778587029.4845512;-150.0;110.0;-0.75;0.9565217391304348;-0.75;0.9565217391304348;1.7303579063786425;-1.3126093700818078;-11.118910150745286;1.1704003843358244;59.90840455;10.719887316666666;0.0;59.90840455;10.719887316666666;0.0;1778587029.4780173;56.614;1.0087097801124654;0.20;1.474;1.607;-142.217;5.145;-4.576;-8.069;59.90850831666667;10.7198365;0.0;-11.560719014862265;2.843404691489498;1.1100744255365669e-05;1778587029.407792;0.07675909996032715;0.4112401342531171;0.8261523213669169;-2.4821549023087757;-142.217;-0.8311791010490769;-0.40098305213526875;0.44180886411697884;-1.6730043071536738;-2.4821549023087757;1.1695455322269677;-75.20697705501314;-142.217;67.01002294498686;0.44180886411697884;-1.6730043071536738;1.1695455322269677;1.7303579063786425
2026-05-12_13:57:09:616625;1778587029.616625;-150.0;110.0;-0.75;0.9565217391304348;-0.75;0.9565217391304348;1.7303579063786425;-1.3126093700818078;-11.118910150745286;1.1704003843358244;59.90840455;10.719887316666666;0.0;59.90840455;10.719887316666666;0.0;1778587029.616625;53.904;0.0;0.20;1.113;0.548;-143.459;-5.423;-5.057;-4.977;59.90850831666667;10.7198365;0.0;-11.560719014862265;2.843404691489498;1.1100744255365669e-05;1778587029.5523257;0.06429934501647949;0.0;0.0;-2.503831891618545;-143.459;-0.0;0.0;0.44180886411697884;-1.6730043071536738;-2.503831891618545;1.1912225215367371;-75.20697705501314;-143.459;68.25202294498685;0.44180886411697884;-1.6730043071536738;1.1912225215367371;1.7303579063786425
2026-05-12_13:57:09:811705;1778587029.8117056;7.051387786865234;110.0;0.035256938934326174;0.9565217391304348;0.035256938934326174;0.9565217391304348;1.7756848514698729;-1.3408798014854286;-11.118910150745286;1.1704003843358244;59.90840488333333;10.719888316666667;0.0;59.90840488333333;10.719888316666667;0.0;1778587029.8117056;45.136;0.0;0.20;-0.489;0.084;-144.286;-7.98;-0.433;-3.543;59.90850831666667;10.7198365;0.0;-11.523582062900505;2.8993588382184567;1.1059309165339926e-05;1778587029.7470465;0.06465911865234375;0.0;0.0;-2.518265764532538;-144.286;-0.0;0.0;0.40467191215521936;-1.7289584538826324;-2.518265764532538;1.1773859630471097;-76.82675345945471;-144.286;67.4592465405453;0.40467191215521936;-1.7289584538826324;1.1773859630471097;1.7756848514698729
2026-05-12_13:57:09:989410;1778587029.9894109;112.52507019042969;110.0;0.5626253509521484;0.9565217391304348;0.5626253509521484;0.9565217391304348;1.8174184043667645;-1.36820590612453;-11.118910150745286;1.1704003843358244;59.90840523333333;10.719889233333333;0.0;59.90840523333333;10.719889233333333;0.0;1778587029.9894109;36.427;0.0;0.20;-1.436;0.473;-144.939;-1.981;3.021;-2.891;59.90850831666667;10.7198365;0.0;-11.484588266409123;2.950650134302267;1.1012194335968672e-05;1778587029.9535193;0.03589153289794922;0.0;0.0;-2.5296627645480614;-144.939;-0.0;0.0;0.3656781156638367;-1.7802497499664427;-2.5296627645480614;1.1614568584235316;-78.39242392580807;-144.939;66.54657607419195;0.3656781156638367;-1.7802497499664427;1.1614568584235316;1.8174184043667645
2026-05-12_13:57:10:139963;1778587030.1399636;150.0;110.0;0.75;0.9565217391304348;0.75;0.9565217391304348;1.8512110584875106;-1.3964529877308312;-11.118910150745286;1.1704003843358244;59.90840563333333;10.71989;0.0;59.90840563333333;10.71989;0.0;1778587030.1389716;33.5;0.0;0.20;-1.436;0.473;-144.939;-1.981;3.021;-2.891;59.90850831666667;10.7198365;0.0;-11.440023939734179;2.9935482986827777;1.0953601722540895e-05;1778587030.0981338;0.041829824447631836;0.0;0.0;-2.5296627645480614;-144.939;-0.0;0.0;0.3211137889888924;-1.8231479143469533;-2.5296627645480614;1.13320977681723;-80.01086248541075;-144.939;64.92813751458924;0.3211137889888924;-1.8231479143469533;1.13320977681723;1.8512110584875106
2026-05-12_13:57:10:341761;1778587030.3417614;34.85430145263672;110.0;0.1742715072631836;0.9565217391304348;0.1742715072631836;0.9565217391304348;1.8783994706775375;-1.4220335910472812;-11.118910150745286;1.1704003843358244;59.90840601666667;10.719890616666667;0.0;59.90840601666667;10.719890616666667;0.0;1778587030.3397982;36.142;0.0;0.20;-0.808;1.029;-145.703;3.27;-0.37;-1.647;59.90850831666667;10.7198365;0.0;-11.397316465771937;3.0280533377140744;1.0892717728694379e-05;1778587030.3098485;0.031912803649902344;0.0;0.0;-2.542997080033298;-145.703;-0.0;0.0;0.2784063150266505;-1.85765295337825;-2.542997080033298;1.1209634889860167;-81.4765230928417;-145.703;64.2264769071583;0.2784063150266505;-1.85765295337825;1.1209634889860167;1.8783994706775375
2026-05-12_13:57:10:530494;1778587030.5304945;6.461076259613037;110.0;0.032305381298065185;0.9565217391304348;0.032305381298065185;0.9565217391304348;1.905161352314265;-1.445780348532315;-11.118910150745286;1.1704003843358244;59.908406383333336;10.7198912;0.0;59.908406383333336;10.7198912;0.0;1778587030.5304945;35.432;0.0;0.20;-0.808;1.029;-145.703;3.27;-0.37;-1.647;59.90850831666667;10.7198365;0.0;-11.356465838026807;3.0606932383116634;1.0835459215208232e-05;1778587030.497763;0.03273153305053711;0.0;0.0;-2.542997080033298;-145.703;-0.0;0.0;0.237555687281521;-1.890292853975839;-2.542997080033298;1.0972167315009829;-82.83711207385484;-145.703;62.86588792614516;0.237555687281521;-1.890292853975839;1.0972167315009829;1.905161352314265
2026-05-12_13:57:10:686197;1778587030.6861978;-80.77850341796875;110.0;-0.40389251708984375;0.9565217391304348;-0.40389251708984375;0.9565217391304348;1.932039748394857;-1.468807489793567;-11.118910150745286;1.1704003843358244;59.90840675;10.719891766666667;0.0;59.90840675;10.719891766666667;0.0;1778587030.6861978;25.439;0.0;0.20;-0.292;0.712;-145.746;-0.094;0.341;2.851;59.90850831666667;10.7198365;0.0;-11.315615211518736;3.0924005686344045;1.0777483847590474e-05;1778587030.652622;0.03357577323913574;0.0;0.0;-2.5437475716116555;-145.746;-0.0;0.0;0.19670506077344996;-1.92200018429858;-2.5437475716116555;1.074940081818088;-84.15647008237613;-145.746;61.58952991762385;0.19670506077344996;-1.92200018429858;1.074940081818088;1.932039748394857
2026-05-12_13:57:10:845434;1778587030.8454342;-83.77384185791016;110.0;-0.4188692092895508;0.9565217391304348;-0.4188692092895508;0.9565217391304348;1.9518985085754337;-1.4946804449165731;-11.118910150745286;1.1704003843358244;59.90840718333333;10.7198922;0.0;59.90840718333333;10.7198922;0.0;1778587030.8454342;17.969;1.5775171152724483;0.20;-0.292;0.712;-145.746;-0.094;0.341;2.851;59.90850831666667;10.7198365;0.0;-11.267337208282305;3.116647335873554;1.0704595106325598e-05;1778587030.8111875;0.03424668312072754;1.4097132579596154;0.7080033752078649;-2.5437475716116555;-145.746;-1.5637077801441324;0.2082744038271428;0.14842705753701857;-1.9462469515377294;-2.5437475716116555;1.049067126695082;-85.63888121445576;-145.746;60.107118785544216;0.14842705753701857;-1.9462469515377294;1.049067126695082;1.9518985085754337
2026-05-12_13:57:11:012925;1778587031.0125093;-32.6506233215332;110.0;-0.163253116607666;0.9565217391304348;-0.163253116607666;0.9565217391304348;1.9518985085754337;-1.4946804449165731;-11.118910150745286;1.1704003843358244;59.90840718333333;10.7198922;0.0;59.90840718333333;10.7198922;0.0;1778587031.0093362;4.011;0.0;0.20;-0.292;0.712;-145.746;-0.094;0.341;2.851;59.90850831666667;10.7198365;0.0;-11.267337208282305;3.116647335873554;1.0704595106325598e-05;1778587030.971935;0.04057431221008301;0.0;0.0;-2.5437475716116555;-145.746;-0.0;0.0;0.14842705753701857;-1.9462469515377294;-2.5437475716116555;1.049067126695082;-85.63888121445576;-145.746;60.107118785544216;0.14842705753701857;-1.9462469515377294;1.049067126695082;1.9518985085754337
2026-05-12_13:57:11:208392;1778587031.2063615;150.0;-110.0;0.75;-0.9565217391304348;0.75;-0.9565217391304348;1.96039196960795;-1.5253775521711392;-11.118910150745286;1.1704003843358244;59.908407716666666;10.719892416666667;0.0;59.908407716666666;10.719892416666667;0.0;1778587031.2014;-7.608;0.0;0.20;-0.778;0.82;-141.324;-2.496;1.876;17.964;59.90850831666667;10.7198365;0.0;-11.207918142507511;3.12877068943795;1.0605703417709833e-05;1778587031.1200447;0.08631682395935059;0.0;0.0;-2.4665691120884663;-141.324;-0.0;0.0;0.08900799176222485;-1.9583703051021257;-2.4665691120884663;0.9411915599173266;-87.39769590340282;-141.324;53.92630409659716;0.08900799176222485;-1.9583703051021257;0.9411915599173266;1.96039196960795
2026-05-12_13:57:11:386697;1778587031.3866973;150.0;-110.0;0.75;-0.9565217391304348;0.75;-0.9565217391304348;1.9574513041262824;-1.567063510172421;-11.118910150745286;1.1704003843358244;59.90840845;10.719892399999999;0.0;59.90840845;10.719892399999999;0.0;1778587031.3830814;-16.608;0.0;0.20;-1.109;1.387;-137.679;-1.899;3.675;25.496;59.90850831666667;10.7198365;0.0;-11.126216940542283;3.127838050993066;1.0463398808724378e-05;1778587031.3538592;0.03283810615539551;0.0;0.0;-2.402951860853273;-137.679;-0.0;0.0;0.007306789796997393;-1.9574376666572415;-2.402951860853273;0.8358883506808521;-89.78612536183587;-137.679;47.89287463816414;0.007306789796997393;-1.9574376666572415;0.8358883506808521;1.9574513041262824
2026-05-12_13:57:11:539814;1778587031.5398147;-61.56612777709961;32.93630599975586;-0.30783063888549805;0.28640266086744226;-0.30783063888549805;0.28640266086744226;1.9416864606500301;-1.6158199952200587;-11.118910150745286;1.1704003843358244;59.9084093;10.719892083333333;0.0;59.9084093;10.719892083333333;0.0;1778587031.5398147;-22.099;0.0;0.20;-1.091;2.163;-131.808;0.637;2.091;31.548;59.90850831666667;10.7198365;0.0;-11.031517836280557;3.110119151282244;1.0289875704394547e-05;1778587031.445824;0.09399080276489258;0.0;0.0;-2.300483580468686;-131.808;-0.0;0.0;-0.08739231446472928;-1.9397187669464198;-2.300483580468686;0.6846635852486269;-92.57966617895822;-131.808;39.22833382104177;-0.08739231446472928;-1.9397187669464198;0.6846635852486269;1.9416864606500301
2026-05-12_13:57:11:770607;1778587031.7706077;27.309804916381836;-50.11693572998047;0.13654902458190918;-0.4357994411302649;0.13654902458190918;-0.4357994411302649;1.9146164835628745;-1.6699439363809336;-11.118910150745286;1.1704003843358244;59.90841021666667;10.719891466666667;0.0;59.90841021666667;10.719891466666667;0.0;1778587031.7699227;-20.718;0.0;0.20;-0.474;1.962;-125.117;2.847;-3.52;34.213;59.90850831666667;10.7198365;0.0;-10.929391362396503;3.075613996504674;1.0096245018687e-05;1778587031.7202456;0.05036211013793945;0.0;0.0;-2.1837036002177452;-125.117;-0.0;0.0;-0.18951878834878322;-1.9052136121688497;-2.1837036002177452;0.5137596638368116;-95.68073957809075;-125.117;29.43626042190925;-0.18951878834878322;-1.9052136121688497;0.5137596638368116;1.9146164835628745
2026-05-12_13:57:11:996983;1778587031.9962814;50.08085250854492;-57.82004165649414;0.25040426254272463;-0.502782970926036;0.25040426254272463;-0.502782970926036;1.8855283465005666;-1.7340747727051606;-11.118910150745286;1.1704003843358244;59.90841126666667;10.719890666666666;0.0;59.90841126666667;10.719890666666666;0.0;1778587031.9962814;-11.195;0.0;0.20;0.082;0.97;-116.921;0.277;-3.508;33.796;59.90850831666667;10.7198365;0.0;-10.812410134529754;3.030850567898136;9.876321552582112e-06;1778587031.9586346;0.03764677047729492;0.0;0.0;-2.0406564147242903;-116.92100000000002;-0.0;0.0;-0.3065000162155318;-1.8604501835623117;-2.0406564147242903;0.30658164201912985;-99.35516583611323;-116.92100000000002;17.565834163886798;-0.3065000162155318;-1.8604501835623117;0.30658164201912985;1.8855283465005666
2026-05-12_13:57:12:181978;1778587032.1784873;150.0;-110.0;0.75;-0.9565217391304348;0.75;-0.9565217391304348;1.8792514217143697;-1.803168002913556;-11.118910150745286;1.1704003843358244;59.9084124;10.7198901;0.0;59.9084124;10.7198901;0.0;1778587032.1784873;-6.406;0.0;0.20;0.082;0.97;-116.921;0.277;-3.508;33.796;59.90850831666667;10.7198365;0.0;-10.68614466702929;2.9991431060218297;9.649682541024163e-06;1778587032.1351385;0.04334878921508789;0.0;0.0;-2.0406564147242903;-116.92100000000002;-0.0;0.0;-0.4327654837159969;-1.8287427216860053;-2.0406564147242903;0.23748841181073432;-103.31391631998008;-116.92100000000002;13.60708368001993;-0.4327654837159969;-1.8287427216860053;0.23748841181073432;1.8792514217143697
2026-05-12_13:57:12:407880;1778587032.4078808;-44.808895111083984;-110.0;-0.22404447555541993;-0.9565217391304348;-0.22404447555541993;-0.9565217391304348;1.9015809538933797;-1.8691868251098234;-11.118910150745286;1.1704003843358244;59.90841353333333;10.7198899;0.0;59.90841353333333;10.7198899;0.0;1778587032.40688;8.487;0.0;0.20;-0.01;0.721;-104.628;0.785;1.328;25.781;59.90850831666667;10.7198365;0.0;-10.559879181585393;2.9879521716943596;9.433441415573895e-06;1778587032.3420954;0.06578540802001953;0.0;0.0;-1.826103089776627;-104.628;-0.0;0.0;-0.5590309691598936;-1.8175517873585352;-1.826103089776627;-0.043083735333196316;-107.0965162002508;-104.628;-2.4685162002508103;-0.5590309691598936;-1.8175517873585352;-0.043083735333196316;1.9015809538933797
2026-05-12_13:57:12:651604;1778587032.6485207;-142.97869873046875;-110.0;-0.7148934936523438;-0.9565217391304348;-0.7148934936523438;-0.9565217391304348;1.998945814137583;-1.9515553413404572;-11.118910150745286;1.1704003843358244;59.90841518333333;10.719890583333333;0.0;59.90841518333333;10.719890583333333;0.0;1778587032.6477325;23.542;2.310713942418495;0.20;-0.051;1.063;-100.077;-1.606;1.745;20.13;59.90850831666667;10.7198365;0.0;-10.376051447876579;3.0261873644147306;9.150409702840534e-06;1778587032.6124902;0.03603053092956543;2.112949387729188;0.8023636008680053;-1.7466731555183652;-100.077;-1.1596918753934695;1.9399631999729787;-0.7428587028687073;-1.8557869800789062;-1.7466731555183652;-0.20488218582209194;-111.81588454502095;-100.077;-11.738884545020941;-0.7428587028687073;-1.8557869800789062;-0.20488218582209194;1.998945814137583
2026-05-12_13:57:12:853547;1778587032.8535478;-37.97347640991211;-110.0;-0.18986738204956055;-0.9565217391304348;-0.18986738204956055;-0.9565217391304348;1.998945814137583;-1.9515553413404572;-11.118910150745286;1.1704003843358244;59.90841518333333;10.719890583333333;0.0;59.90841518333333;10.719890583333333;0.0;1778587032.84652;34.981;0.0;0.20;-0.051;1.063;-100.077;-1.606;1.745;20.13;59.90850831666667;10.7198365;0.0;-10.376051447876579;3.0261873644147306;9.150409702840534e-06;1778587032.752467;0.10108089447021484;0.0;0.0;-1.7466731555183652;-100.077;-0.0;0.0;-0.7428587028687073;-1.8557869800789062;-1.7466731555183652;-0.20488218582209194;-111.81588454502095;-100.077;-11.738884545020941;-0.7428587028687073;-1.8557869800789062;-0.20488218582209194;1.998945814137583
2026-05-12_13:57:12:979867;1778587032.9787865;150.0;-110.0;0.75;-0.9565217391304348;0.75;-0.9565217391304348;2.05590974040401;-1.966778117466291;-11.118910150745286;1.1704003843358244;59.908415633333334;10.719891316666667;0.0;59.908415633333334;10.719891316666667;0.0;1778587032.9787865;35.222;0.0;0.20;-1.358;1.092;-94.839;-2.859;-2.753;11.664;59.90850831666667;10.7198365;0.0;-10.32591658512883;3.0672203719938476;9.088057582040676e-06;1778587032.929259;0.04952740669250488;0.0;0.0;-1.6552528092989023;-94.83900000000001;-0.0;0.0;-0.792993565616456;-1.8968199876580232;-1.6552528092989023;-0.311525308167389;-112.68808536950374;-94.83900000000001;-17.849085369503744;-0.792993565616456;-1.8968199876580232;-0.311525308167389;2.05590974040401
2026-05-12_13:57:13:142467;1778587033.1424677;102.94094848632812;-108.01897430419922;0.5147047424316407;-0.9392954287321671;0.5147047424316407;-0.9392954287321671;2.111228486910373;-1.9777747725589372;-11.118910150745286;1.1704003843358244;59.90841601666666;10.719892066666667;0.0;59.90841601666666;10.719892066666667;0.0;1778587033.140747;30.579;0.0;0.20;-1.197;0.437;-93.091;3.211;-4.927;10.663;59.90850831666667;10.7198365;0.0;-10.28320910430828;3.1091859539453046;9.039758989359825e-06;1778587033.0890613;0.053406476974487305;0.0;0.0;-1.6247444539740412;-93.091;-0.0;0.0;-0.8357010464370056;-1.9387855696094802;-1.6247444539740412;-0.35303031858489575;-113.3181472950734;-93.091;-20.227147295073397;-0.8357010464370056;-1.9387855696094802;-0.35303031858489575;2.111228486910373
2026-05-12_13:57:13:354751;1778587033.344929;-39.045841217041016;-110.0;-0.19522920608520508;-0.9565217391304348;-0.19522920608520508;-0.9565217391304348;2.1631874092461927;-1.9908266721649819;-11.118910150745286;1.1704003843358244;59.908416433333336;10.719892716666667;0.0;59.908416433333336;10.719892716666667;0.0;1778587033.344929;31.561;0.0;0.20;-1.197;0.437;-93.091;3.211;-4.927;10.663;59.90850831666667;10.7198365;0.0;-10.236787935460505;3.1455561161256815;8.982732056850296e-06;1778587033.2465587;0.09837031364440918;0.0;0.0;-1.6247444539740412;-93.091;-0.0;0.0;-0.882122215284781;-1.9751557317898571;-1.6247444539740412;-0.36608221819094044;-114.06596605712822;-93.091;-20.974966057128217;-0.882122215284781;-1.9751557317898571;-0.36608221819094044;2.1631874092461927
2026-05-12_13:57:13:464519;1778587033.4645193;-11.209573745727539;-110.0;-0.05604786872863769;-0.9565217391304348;-0.05604786872863769;-0.9565217391304348;2.1631874092461927;-1.9908266721649819;-11.118910150745286;1.1704003843358244;59.908416433333336;10.719892716666667;0.0;59.908416433333336;10.719892716666667;0.0;1778587033.4645193;39.051;0.0;0.20;-1.197;0.437;-93.091;3.211;-4.927;10.663;59.90850831666667;10.7198365;0.0;-10.236787935460505;3.1455561161256815;8.982732056850296e-06;1778587033.410898;0.05362129211425781;0.0;0.0;-1.6247444539740412;-93.091;-0.0;0.0;-0.882122215284781;-1.9751557317898571;-1.6247444539740412;-0.36608221819094044;-114.06596605712822;-93.091;-20.974966057128217;-0.882122215284781;-1.9751557317898571;-0.36608221819094044;2.1631874092461927
2026-05-12_13:57:13:702920;1778587033.6984313;48.95126724243164;-110.0;0.2447563362121582;-0.9565217391304348;0.2447563362121582;-0.9565217391304348;2.2106261127651425;-2.001506790607436;-11.118910150745286;1.1704003843358244;59.9084168;10.719893316666667;0.0;59.9084168;10.719893316666667;0.0;1778587033.6974318;48.983;0.0;0.20;-1.197;0.437;-93.091;3.211;-4.927;10.663;59.90850831666667;10.7198365;0.0;-10.195937307738378;3.1791285743881446;8.934071352051376e-06;1778587033.5699685;0.1284627914428711;0.0;0.0;-1.6247444539740412;-93.091;-0.0;0.0;-0.9229728430069084;-2.00872819005232;-1.6247444539740412;-0.37676233663339476;-114.67789176858068;-93.091;-21.586891768580685;-0.9229728430069084;-2.00872819005232;-0.37676233663339476;2.2106261127651425
2026-05-12_13:57:13:843086;1778587033.8423731;52.40327072143555;-110.0;0.26201635360717773;-0.9565217391304348;0.26201635360717773;-0.9565217391304348;2.2935397562320676;-2.0080713334307267;-11.118910150745286;1.1704003843358244;59.90841723333333;10.71989455;0.0;59.90841723333333;10.71989455;0.0;1778587033.8385756;55.169;1.5323691832831938;0.20;-0.045;1.481;-88.533;-5.158;6.184;3.975;59.90850831666667;10.7198365;0.0;-10.147659263812912;3.248138656604526;8.891219501094838e-06;1778587033.8130047;0.02936840057373047;0.6322606923470232;1.1749038079779526;-1.5451923466681399;-88.533;-1.1583320953087817;0.6621323871143885;-0.9712508869323742;-2.0777382722687014;-1.5451923466681399;-0.4628789867625871;-115.05401236678813;-88.533;-26.521012366788142;-0.9712508869323742;-2.0777382722687014;-0.4628789867625871;2.2935397562320676
2026-05-12_13:57:13:999383;1778587033.9948654;-38.2136344909668;-110.0;-0.19106817245483398;-0.9565217391304348;-0.19106817245483398;-0.9565217391304348;2.2935397562320676;-2.0080713334307267;-11.118910150745286;1.1704003843358244;59.90841723333333;10.71989455;0.0;59.90841723333333;10.71989455;0.0;1778587033.9948654;52.263;0.0;0.20;-0.889;2.177;-87.86;-2.884;1.233;3.341;59.90850831666667;10.7198365;0.0;-10.147659263812912;3.248138656604526;8.891219501094838e-06;1778587033.945915;0.0489504337310791;0.0;0.0;-1.533446280802218;-87.86;0.0;0.0;-0.9712508869323742;-2.0777382722687014;-1.533446280802218;-0.47462505262850874;-115.05401236678813;-87.86;-27.19401236678813;-0.9712508869323742;-2.0777382722687014;-0.47462505262850874;2.2935397562320676
2026-05-12_13:57:14:164975;1778587034.164465;102.05460357666016;-110.0;0.5102730178833008;-0.9565217391304348;0.5102730178833008;-0.9565217391304348;2.3318180592411446;-2.0091882033773274;-11.118910150745286;1.1704003843358244;59.9084174;10.71989515;0.0;59.9084174;10.71989515;0.0;1778587034.164465;50.733;0.0;0.20;-0.889;2.177;-87.86;-2.884;1.233;3.341;59.90850831666667;10.7198365;0.0;-10.129090780887491;3.2817111327708943;8.879908151016025e-06;1778587034.1407924;0.02367258071899414;0.0;0.0;-1.533446280802218;-87.86;0.0;0.0;-0.9898193698577948;-2.11131074843507;-1.533446280802218;-0.4757419225751094;-115.11800430099335;-87.86;-27.25800430099335;-0.9898193698577948;-2.11131074843507;-0.4757419225751094;2.3318180592411446
2026-05-12_13:57:14:327177;1778587034.3261778;90.47907257080078;-110.0;0.4523953628540039;-0.9565217391304348;0.4523953628540039;-0.9565217391304348;2.3725772667418323;-2.010642792205077;-11.118910150745286;1.1704003843358244;59.90841758333333;10.719895783333333;0.0;59.90841758333333;10.719895783333333;0.0;1778587034.3251786;55.517;0.0;0.20;-0.643;1.132;-86.496;1.482;-3.055;3.162;59.90850831666667;10.7198365;0.0;-10.108665447142094;3.3171487453464583;8.864409417164154e-06;1778587034.2764902;0.04968762397766113;0.0;0.0;-1.5096399898050152;-86.496;0.0;0.0;-1.0102447036031919;-2.146748361010634;-1.5096399898050152;-0.5010028024000617;-115.20134610175029;-86.496;-28.705346101750283;-1.0102447036031919;-2.146748361010634;-0.5010028024000617;2.3725772667418323
2026-05-12_13:57:14:512183;1778587034.5106044;-42.61663055419922;-110.0;-0.2130831527709961;-0.9565217391304348;-0.2130831527709961;-0.9565217391304348;2.4175583731140318;-2.011224533914985;-11.118910150745286;1.1704003843358244;59.908417766666666;10.7198965;0.0;59.908417766666666;10.7198965;0.0;1778587034.4419765;66.611;0.7194829560153088;0.20;-0.523;0.916;-86.211;0.888;-1.261;2.052;59.90850831666667;10.7198365;0.0;-10.088240111836402;3.3572492035982178;8.854120415513478e-06;1778587034.4419765;0.06862783432006836;0.0;0.0;-1.5046658014368315;-86.211;0.0;0.0;-1.0306700389088839;-2.1868488192623934;-1.5046658014368315;-0.5065587324781538;-115.23467744649474;-86.211;-29.02367744649475;-1.0306700389088839;-2.1868488192623934;-0.5065587324781538;2.4175583731140318
2026-05-12_13:57:14:638016;1778587034.638016;-58.963722229003906;-110.0;-0.2948186111450195;-0.9565217391304348;-0.2948186111450195;-0.9565217391304348;2.4620312095091226;-2.006884388878865;-11.118910150745286;1.1704003843358244;59.90841785;10.7198973;0.0;59.90841785;10.7198973;0.0;1778587034.638016;86.9;0.9714058349426583;0.20;-0.465;0.889;-86.129;0.747;-0.193;0.882;59.90850831666667;10.7198365;0.0;-10.07895584290937;3.4020125177968503;8.863303411210666e-06;1778587034.5929406;0.045075416564941406;0.2059718940956787;0.9930759959620296;-1.503234631450196;-86.129;-0.9769051430877618;0.2725448519455434;-1.0399543078359166;-2.231612133461026;-1.503234631450196;-0.5036497574286689;-114.98600545345042;-86.129;-28.85700545345041;-1.0399543078359166;-2.231612133461026;-0.5036497574286689;2.4620312095091226
2026-05-12_13:57:14:855017;1778587034.8550174;-81.32425689697266;-110.0;-0.4066212844848633;-0.9565217391304348;-0.4066212844848633;-0.9565217391304348;2.4620312095091226;-2.006884388878865;-11.118910150745286;1.1704003843358244;59.90841785;10.7198973;0.0;59.90841785;10.7198973;0.0;1778587034.8550174;96.902;0.0;0.20;-0.465;0.889;-86.129;0.747;-0.193;0.882;59.90850831666667;10.7198365;0.0;-10.07895584290937;3.4020125177968503;8.863303411210666e-06;1778587034.814956;0.04006147384643555;0.0;0.0;-1.503234631450196;-86.129;0.0;0.0;-1.0399543078359166;-2.231612133461026;-1.503234631450196;-0.5036497574286689;-114.98600545345042;-86.129;-28.85700545345041;-1.0399543078359166;-2.231612133461026;-0.5036497574286689;2.4620312095091226
2026-05-12_13:57:15:012565;1778587035.0125651;150.0;-89.73722839355469;0.75;-0.7803237251613451;0.75;-0.7803237251613451;2.5012980988985416;-1.996318501999643;-11.118910150745286;1.1704003843358244;59.908417783333334;10.719898133333334;0.0;59.908417783333334;10.719898133333334;0.0;1778587035.0125651;111.883;0.0;0.20;-0.587;0.295;-87.299;-0.68;-3.801;-6.463;59.90850831666667;10.7198365;0.0;-10.086383181767676;3.4486409857401994;8.900161775571291e-06;1778587034.9698422;0.04272294044494629;0.0;0.0;-1.5236549836985298;-87.299;0.0;0.0;-1.03252696897761;-2.278240601404375;-1.5236549836985298;-0.472663518301113;-114.38062472845834;-87.299;-27.08162472845832;-1.03252696897761;-2.278240601404375;-0.472663518301113;2.5012980988985416
2026-05-12_13:57:15:172286;1778587035.1722867;150.0;-10.203102111816406;0.75;-0.0887226270592731;0.75;-0.0887226270592731;2.5340236015376245;-1.980864925648292;-11.118910150745286;1.1704003843358244;59.90841758333333;10.71989895;0.0;59.90841758333333;10.71989895;0.0;1778587035.1722867;124.373;0.0;0.20;-0.587;0.295;-87.299;-0.68;-3.801;-6.463;59.90850831666667;10.7198365;0.0;-10.10866528408258;3.4943368986432537;8.95889936458616e-06;1778587035.1316466;0.04064011573791504;0.0;0.0;-1.5236549836985298;-87.299;0.0;0.0;-1.0102448666627062;-2.3239365143074293;-1.5236549836985298;-0.4572099419497624;-113.49520002514275;-87.299;-26.196200025142755;-1.0102448666627062;-2.3239365143074293;-0.4572099419497624;2.5340236015376245
2026-05-12_13:57:15:335948;1778587035.3359482;67.12743377685547;-110.0;0.33563716888427736;-0.9565217391304348;0.33563716888427736;-0.9565217391304348;2.5645669161464593;-1.9584263410459346;-11.118910150745286;1.1704003843358244;59.90841721666666;10.719899850000001;0.0;59.90841721666666;10.719899850000001;0.0;1778587035.3359482;132.086;0.0;0.20;-0.587;0.295;-87.299;-0.68;-3.801;-6.463;59.90850831666667;10.7198365;0.0;-10.149515837694803;3.544695676252637;9.052658159980354e-06;1778587035.3074636;0.028484582901000977;0.0;0.0;-1.5236549836985298;-87.299;0.0;0.0;-0.9693943130504827;-2.3742952919168125;-1.5236549836985298;-0.4347713573474046;-112.20956382918044;-87.299;-24.91056382918042;-0.9693943130504827;-2.3742952919168125;-0.4347713573474046;2.5645669161464593
2026-05-12_13:57:15:555386;1778587035.554907;-105.17618560791016;-110.0;-0.5258809280395508;-0.9565217391304348;-0.5258809280395508;-0.9565217391304348;2.5963491445598135;-1.927355924342595;-11.118910150745286;1.1704003843358244;59.90841665;10.7199009;0.0;59.90841665;10.7199009;0.0;1778587035.554907;146.903;0.0;0.20;0.742;1.785;-99.133;2.984;7.559;-31.263;59.90850831666667;10.7198365;0.0;-10.212648528205946;3.603447599654269;9.186190144561124e-06;1778587035.446354;0.10855317115783691;0.0;0.0;-1.7301972473795386;-99.133;-0.0;0.0;-0.9062616225393398;-2.4330472153184446;-1.7301972473795386;-0.19715867696305622;-110.42936008436631;-99.133;-11.296360084366292;-0.9062616225393398;-2.4330472153184446;-0.19715867696305622;2.5963491445598135
2026-05-12_13:57:15:690768;1778587035.6907685;-69.45394134521484;-110.0;-0.3472697067260742;-0.9565217391304348;-0.3472697067260742;-0.9565217391304348;2.6206291044136933;-1.8856552604947128;-11.118910150745286;1.1704003843358244;59.9084158;10.71990195;0.0;59.9084158;10.71990195;0.0;1778587035.6907685;151.431;0.0;0.20;0.503;2.672;-106.029;-1.406;0.861;-35.899;59.90850831666667;10.7198365;0.0;-10.307347590033368;3.6621995562095995;9.3713864286471e-06;1778587035.667308;0.02346038818359375;0.0;0.0;-1.8505551525970676;-106.029;-0.0;0.0;-0.8115625607119181;-2.491799171873775;-1.8505551525970676;-0.035100107897645394;-108.04008804298887;-106.029;-2.01108804298889;-0.8115625607119181;-2.491799171873775;-0.035100107897645394;2.6206291044136933
2026-05-12_13:57:15:861587;1778587035.8615873;27.886770248413086;63.180938720703125;0.13943385124206542;0.5493994671365489;0.13943385124206542;0.5493994671365489;2.636992204214491;-1.8344218036715991;-11.118910150745286;1.1704003843358244;59.90841468333333;10.719902916666667;0.0;59.90841468333333;10.719902916666667;0.0;1778587035.8564317;154.788;3.252960140873078;0.20;0.503;2.672;-106.029;-1.406;0.861;-35.899;59.90850831666667;10.7198365;0.0;-10.431756184555057;3.716288699214746;9.605602275364333e-06;1778587035.8147287;0.04685854911804199;-2.6549817880252795;1.1543068239029337;-1.8505551525970676;-106.029;-0.376325936473086;-2.870493220335565;-0.6871539661902286;-2.5458883148789218;-1.8505551525970676;0.01613334892546847;-105.10462719715873;-106.029;0.9243728028412651;-0.6871539661902286;-2.5458883148789218;0.01613334892546847;2.636992204214491
2026-05-12_13:57:16:042639;1778587036.0358863;150.0;110.0;0.75;0.9565217391304348;0.75;0.9565217391304348;2.636992204214491;-1.8344218036715991;-11.118910150745286;1.1704003843358244;59.90841468333333;10.719902916666667;0.0;59.90841468333333;10.719902916666667;0.0;1778587036.0358863;153.186;0.0;0.20;0.503;2.672;-106.029;-1.406;0.861;-35.899;59.90850831666667;10.7198365;0.0;-10.431756184555057;3.716288699214746;9.605602275364333e-06;1778587036.0053632;0.030523061752319336;0.0;0.0;-1.8505551525970676;-106.029;-0.0;0.0;-0.6871539661902286;-2.5458883148789218;-1.8505551525970676;0.01613334892546847;-105.10462719715873;-106.029;0.9243728028412651;-0.6871539661902286;-2.5458883148789218;0.01613334892546847;2.636992204214491
2026-05-12_13:57:16:287123;1778587036.2851179;150.0;110.0;0.75;0.9565217391304348;0.75;0.9565217391304348;2.686192383233505;-1.7256091180354547;-11.118910150745286;1.1704003843358244;59.90841223333334;10.71990485;0.0;59.90841223333334;10.71990485;0.0;1778587036.2743416;149.321;3.8640602493004605;0.20;-0.472;-0.14;-124.886;4.066;-4.27;-39.966;59.90850831666667;10.7198365;0.0;-10.704712361167953;3.824467020811056;1.0120233887356278e-05;1778587036.2364821;0.04863572120666504;0.0;0.0;-2.1796718896456384;-124.886;-0.0;0.0;-0.414197789577333;-2.6540666364752314;-2.1796718896456384;0.4540627716101837;-98.87011955272386;-124.886;26.015880447276142;-0.414197789577333;-2.6540666364752314;0.4540627716101837;2.686192383233505
2026-05-12_13:57:16:533967;1778587036.5298738;69.26431274414062;110.0;0.3463215637207031;0.9565217391304348;0.3463215637207031;0.9565217391304348;2.7341591658850324;-1.674935489955137;-11.118910150745286;1.1704003843358244;59.908411066666666;10.719906016666666;0.0;59.908411066666666;10.719906016666666;0.0;1778587036.5289838;141.113;0.0;0.20;1.02;-0.215;-134.772;6.024;0.573;-41.016;59.90850831666667;10.7198365;0.0;-10.834691477602082;3.8897470136256347;1.0378255226761723e-05;1778587036.4374332;0.09244060516357422;0.0;0.0;-2.3522151394977975;-134.772;-0.0;0.0;-0.28421867314320437;-2.7193466292898103;-2.3522151394977975;0.6772796495426605;-95.96673453110604;-134.772;38.80526546889394;-0.28421867314320437;-2.7193466292898103;0.6772796495426605;2.7341591658850324
2026-05-12_13:57:16:738864;1778587036.7323916;-74.7100830078125;110.0;-0.3735504150390625;0.9565217391304348;-0.3735504150390625;0.9565217391304348;2.8090830708878984;-1.6297039255052497;-11.118910150745286;1.1704003843358244;59.90841;10.719907533333334;0.0;59.90841;10.719907533333334;0.0;1778587036.7308488;130.255;1.424305782823127;0.20;0.588;0.478;-145.432;-6.19;1.573;-36.246;59.90850831666667;10.7198365;0.0;-10.953529499240975;3.974610957608986;1.063434783610262e-05;1778587036.638561;0.09383058547973633;-1.2665168935193083;0.9044379671027272;-2.538267237760393;-145.432;0.5297540531391549;-1.4633638375637652;-0.1653806515043108;-2.8042105732731617;-2.538267237760393;0.9085633122551435;-93.37515678735352;-145.432;52.05684321264647;-0.1653806515043108;-2.8042105732731617;0.9085633122551435;2.8090830708878984
2026-05-12_13:57:16:847293;1778587036.8472931;-150.0;110.0;-0.75;0.9565217391304348;-0.75;0.9565217391304348;2.9056999920184823;-1.5938454647728926;-11.118910150745286;1.1704003843358244;59.90840911666667;10.719909333333334;0.0;59.90840911666667;10.719909333333334;0.0;1778587036.8472931;122.008;2.530556838477272;0.20;0.588;0.478;-145.432;-6.19;1.573;-36.246;59.90850831666667;10.7198365;0.0;-11.05194220067048;4.075328565423781;1.0866021457722752e-05;1778587036.791647;0.05564618110656738;-1.7685436713264358;1.809964418257421;-2.538267237760393;-145.432;0.4293685451668088;-2.493864584368616;-0.06696795007480638;-2.904928181087957;-2.538267237760393;0.9444217729875;-91.32061832755387;-145.432;54.111381672446086;-0.06696795007480638;-2.904928181087957;0.9444217729875;2.9056999920184823
2026-05-12_13:57:17:007322;1778587037.007322;-150.0;65.58798217773438;-0.75;0.5703302798063858;-0.75;0.5703302798063858;2.9056999920184823;-1.5938454647728926;-11.118910150745286;1.1704003843358244;59.90840911666667;10.719909333333334;0.0;59.90840911666667;10.719909333333334;0.0;1778587037.007322;109.282;0.0;0.20;0.588;0.478;-145.432;-6.19;1.573;-36.246;59.90850831666667;10.7198365;0.0;-11.05194220067048;4.075328565423781;1.0866021457722752e-05;1778587036.9774766;0.029845476150512695;0.0;0.0;-2.538267237760393;-145.432;-0.0;0.0;-0.06696795007480638;-2.904928181087957;-2.538267237760393;0.9444217729875;-91.32061832755387;-145.432;54.111381672446086;-0.06696795007480638;-2.904928181087957;0.9444217729875;2.9056999920184823
2026-05-12_13:57:17:188835;1778587037.1888356;58.95368957519531;110.0;0.29476844787597656;0.9565217391304348;0.29476844787597656;0.9565217391304348;3.0215043595119786;-1.5689929541409147;-11.118910150745286;1.1704003843358244;59.908408466666664;10.719911416666667;0.0;59.908408466666664;10.719911416666667;0.0;1778587037.1888356;100.878;0.0;0.20;-1.838;-0.901;-159.518;-0.173;-6.948;-33.663;59.90850831666667;10.7198365;0.0;-11.124359046127676;4.191899830652008;1.1068260616475811e-05;1778587037.1228588;0.06597685813903809;0.0;0.0;-2.7841143161963147;-159.518;-0.0;0.0;0.005448895382389907;-3.0214994463161835;-2.7841143161963147;1.2151213620553998;-89.89667435803753;-159.518;69.62132564196246;0.005448895382389907;-3.0214994463161835;1.2151213620553998;3.0215043595119786
2026-05-12_13:57:17:320753;1778587037.3207538;123.13081359863281;110.0;0.615654067993164;0.9565217391304348;0.615654067993164;0.9565217391304348;3.1356148093524197;-1.5560301486374195;-11.118910150745286;1.1704003843358244;59.9084081;10.71991345;0.0;59.9084081;10.71991345;0.0;1778587037.3207538;91.469;0.0;0.20;-0.567;-2.135;-165.504;8.454;-3.372;-27.137;59.90850831666667;10.7198365;0.0;-11.165209515091572;4.305673355145757;1.12143007156007e-05;1778587037.285818;0.034935712814331055;0.0;0.0;-2.888589725220695;-165.504;-0.0;0.0;0.0462993643462859;-3.1352729708099325;-2.888589725220695;1.3325595765832752;-89.15396031203831;-165.504;76.35003968796167;0.0462993643462859;-3.1352729708099325;1.3325595765832752;3.1356148093524197
2026-05-12_13:57:17:594787;1778587037.5947874;-150.0;48.82254409790039;-0.75;0.42454386172087294;-0.75;0.42454386172087294;3.2251874452303473;-1.5552887152322974;-11.118910150745286;1.1704003843358244;59.90840806666667;10.719915050000001;0.0;59.90840806666667;10.719915050000001;0.0;1778587037.5947874;73.676;0.0;0.20;0.683;-2.068;-168.422;9.555;2.442;-23.058;59.90850831666667;10.7198365;0.0;-11.168923100237082;4.395200031097556;1.1282647088606268e-05;1778587037.4594877;0.1352996826171875;0.0;0.0;-2.9395184327938897;-168.422;-0.0;0.0;0.05001294949179602;-3.2247996467617313;-2.9395184327938897;1.3842297175615919;-89.11147930713479;-168.422;79.31052069286518;0.05001294949179602;-3.2247996467617313;1.3842297175615919;3.2251874452303473
2026-05-12_13:57:17:766883;1778587037.7668831;-150.0;110.0;-0.75;0.9565217391304348;-0.75;0.9565217391304348;3.2921323721210993;-1.5601166911282287;-11.118910150745286;1.1704003843358244;59.9084082;10.71991625;0.0;59.9084082;10.71991625;0.0;1778587037.7661316;64.351;0.0;0.20;1.665;1.149;-173.555;-3.499;14.779;-15.447;59.90850831666667;10.7198365;0.0;-11.154068256713032;4.462345016791306;1.1302859892481365e-05;1778587037.7189465;0.04793667793273926;0.0;0.0;-3.029106183298759;-173.555;-0.0;0.0;0.03515810596774571;-3.2919446324554817;-3.029106183298759;1.4689894921705307;-89.38810194956255;-173.555;84.1668980504375;0.03515810596774571;-3.2919446324554817;1.4689894921705307;3.2921323721210993
2026-05-12_13:57:17:944804;1778587037.9442718;69.07304382324219;110.0;0.34536521911621093;0.9565217391304348;0.34536521911621093;0.9565217391304348;3.3432607219293957;-1.566945017620319;-11.118910150745286;1.1704003843358244;59.9084084;10.719917166666667;0.0;59.9084084;10.719917166666667;0.0;1778587037.939915;53.975;0.0;0.20;-0.208;3.17;-175.992;-10.797;2.158;-9.618;59.90850831666667;10.7198365;0.0;-11.13178604960613;4.513636311700866;1.130054173970052e-05;1778587037.9059749;0.03829693794250488;0.0;0.0;-3.07163985716986;-175.992;-0.0;0.0;0.012875898860844615;-3.3432359273650416;-3.07163985716986;1.5046948395495416;-89.7793362386967;-175.992;86.21266376130332;0.012875898860844615;-3.3432359273650416;1.5046948395495416;3.3432607219293957
2026-05-12_13:57:18:090514;1778587038.0905147;-150.0;110.0;-0.75;0.9565217391304348;-0.75;0.9565217391304348;3.3814760450423913;-1.5724797947761948;-11.118910150745286;1.1704003843358244;59.908408566666665;10.71991785;0.0;59.908408566666665;10.71991785;0.0;1778587038.0905147;41.601;0.0;0.20;-0.208;3.17;-175.992;-10.797;2.158;-9.618;59.90850831666667;10.7198365;0.0;-11.1132175467828;4.5518716377188335;1.1294302503017661e-05;1778587038.0456903;0.04482436180114746;0.0;0.0;-3.07163985716986;-175.992;-0.0;0.0;-0.005692603962486942;-3.381471253383009;-3.07163985716986;1.4991600623936652;-90.0964556102738;-175.992;85.89554438972618;-0.005692603962486942;-3.381471253383009;1.4991600623936652;3.3814760450423913
2026-05-12_13:57:18:241871;1778587038.2418716;-128.16444396972656;110.0;-0.6408222198486329;0.9565217391304348;-0.6408222198486329;0.9565217391304348;3.407683264638853;-1.578460827871789;-11.118910150745286;1.1704003843358244;59.90840875;10.719918316666666;0.0;59.90840875;10.719918316666666;0.0;1778587038.2418716;11.219;0.6160870291539308;0.20;-0.208;3.17;-175.992;-10.797;2.158;-9.618;59.90850831666667;10.7198365;0.0;-11.092792214410025;4.57798355800911;1.1278008360982028e-05;1778587038.1932979;0.04857373237609863;0.4205016039250192;0.5375728611525213;-3.07163985716986;-175.992;-0.457047246743605;-0.5068668406941925;-0.02611793633526105;-3.4075831736732853;-3.07163985716986;1.4931790292980711;-90.43914356377941;-175.992;85.55285643622057;-0.02611793633526105;-3.4075831736732853;1.4931790292980711;3.407683264638853
2026-05-12_13:57:18:468745;1778587038.4687455;-53.703433990478516;110.0;-0.26851716995239255;0.9565217391304348;-0.26851716995239255;0.9565217391304348;3.407683264638853;-1.578460827871789;-11.118910150745286;1.1704003843358244;59.90840875;10.719918316666666;0.0;59.90840875;10.719918316666666;0.0;1778587038.4620447;-4.138;0.0;0.20;-1.235;-0.483;-179.671;7.677;-5.759;-5.177;59.90850831666667;10.7198365;0.0;-11.092792214410025;4.57798355800911;1.1278008360982028e-05;1778587038.4367123;0.03203320503234863;0.0;0.0;-3.135850520350732;-179.671;-0.0;0.0;-0.02611793633526105;-3.4075831736732853;-3.135850520350732;1.5573896924789423;-90.43914356377941;-179.671;89.23185643622057;-0.02611793633526105;-3.4075831736732853;1.5573896924789423;3.407683264638853
2026-05-12_13:57:18:895019;1778587038.8950198;-12.571849822998047;110.0;-0.06285924911499023;0.9565217391304348;-0.06285924911499023;0.9565217391304348;3.428906810208678;-1.592494724192072;-11.118910150745286;1.1704003843358244;59.90840918333333;10.719918683333333;0.0;59.90840918333333;10.719918683333333;0.0;1778587038.8950198;7.736;0.09177186927474176;0.20;-0.295;-0.726;179.744;7.681;-0.325;-4.846;59.90850831666667;10.7198365;0.0;-11.044514206315515;4.5985000264914975;1.1209011177015782e-05;1778587038.5973558;0.29766392707824707;0.08733287530495185;0.02819654023339363;3.1371246107046877;179.744;-0.08720602064372657;-0.02858646451818745;-0.07439594442977082;-3.428099642155673;3.1371246107046877;1.5535659722828266;-91.2432265930558;179.744;89.01277340694419;-0.07439594442977082;-3.428099642155673;1.5535659722828266;3.428906810208678
2026-05-12_13:57:19:131018;1778587039.131018;-102.33297729492188;110.0;-0.5116648864746094;0.9565217391304348;-0.5116648864746094;0.9565217391304348;3.467380392006223;-1.6045756349831968;-11.118910150745286;1.1704003843358244;59.90840956666667;10.71991935;0.0;59.90840956666667;10.71991935;0.0;1778587039.131018;29.153;0.18617762568250346;0.20;-0.398;0.907;177.836;-7.341;3.494;-2.779;59.90850831666667;10.7198365;0.0;-11.001806712826175;4.635802751694737;1.1161595558029092e-05;1778587038.98497;0.14604783058166504;0.11442577811804973;0.14686337054161983;3.1038237285766357;177.83599999999998;-0.1087986211460085;-0.151079344522981;-0.11710343791911093;-3.4654023673589123;3.1038237285766357;1.5747859436197533;-91.93541179406131;177.83599999999998;90.22858820593868;-0.11710343791911093;-3.4654023673589123;1.5747859436197533;3.467380392006223
2026-05-12_13:57:19:328839;1778587039.3288395;-58.608707427978516;110.0;-0.29304353713989256;0.9565217391304348;-0.29304353713989256;0.9565217391304348;3.4878473175879314;-1.6113029984125695;-11.118910150745286;1.1704003843358244;59.90840978333333;10.7199197;0.0;59.90840978333333;10.7199197;0.0;1778587039.3288395;-8.274;0.0;0.20;-2.114;1.319;177.752;0.518;-1.436;2.053;59.90850831666667;10.7198365;0.0;-10.97766769707232;4.655386679873551;1.1134957115466193e-05;1778587039.2509103;0.07792925834655762;0.0;0.0;3.1023576520049607;177.752;0.0;-0.0;-0.14124245367296595;-3.484986295537727;3.1023576520049607;1.5695246567620558;-92.32086132581502;177.752;89.92713867418496;-0.14124245367296595;-3.484986295537727;1.5695246567620558;3.4878473175879314
2026-05-12_13:57:19:554224;1778587039.5542247;-50.29166030883789;110.0;-0.25145830154418947;0.9565217391304348;-0.25145830154418947;0.9565217391304348;3.495880402160364;-1.6207804262031766;-11.118910150745286;1.1704003843358244;59.90841008333334;10.719919816666668;0.0;59.90841008333334;10.719919816666668;0.0;1778587039.5542247;-33.957;0.0;0.20;-0.853;0.744;178.457;9.577;-3.783;4.647;59.90850831666667;10.7198365;0.0;-10.944244469495993;4.66191462403221;1.1082257854511113e-05;1778587039.5383184;0.015906333923339844;0.0;0.0;3.1146622232315204;178.457;0.0;-0.0;-0.1746656812492926;-3.491514239696386;3.1146622232315204;1.5477426577448892;-92.8638779388568;178.457;88.6791220611432;-0.1746656812492926;-3.491514239696386;1.5477426577448892;3.495880402160364
2026-05-12_13:57:19:880480;1778587039.880481;-12.540182113647461;110.0;-0.0627009105682373;0.9565217391304348;-0.0627009105682373;0.9565217391304348;3.444982620693717;-1.651770231766279;-11.118910150745286;1.1704003843358244;59.90841101666667;10.719918783333334;0.0;59.90841101666667;10.719918783333334;0.0;1778587039.880481;-38.262;2.1289457362934274;0.20;2.19;-0.795;-179.097;8.781;-6.106;12.175;59.90850831666667;10.7198365;0.0;-10.840261194822947;4.604095189679645;1.0862982509962649e-05;1778587039.8468096;0.03367137908935547;1.7646739674592762;-1.1909390146597376;-3.1258323304442843;-179.097;-1.7456860035613515;1.2186017910035936;-0.27864895592233907;-3.433694805343821;-3.1258323304442843;1.4740620986780053;-94.63946300555361;-179.097;84.45753699444639;-0.27864895592233907;-3.433694805343821;1.4740620986780053;3.444982620693717
2026-05-12_13:57:20:071921;1778587040.0719216;105.9303207397461;-75.67204284667969;0.5296516036987304;-0.6580177638841712;0.5296516036987304;-0.6580177638841712;3.404326460353656;-1.676845623757607;-11.118910150745286;1.1704003843358244;59.90841175;10.719917916666667;0.0;59.90841175;10.719917916666667;0.0;1778587040.0719216;-30.835;2.112147556905601;0.20;2.542;-1.452;-177.444;0.838;-3.937;14.905;59.90850831666667;10.7198365;0.0;-10.758560053713577;4.555601479726361;1.0689718637379997e-05;1778587040.0269394;0.044982194900512695;1.816299566752333;-1.078064555554437;-3.096982037908818;-177.444;-1.766415377781759;1.1579913709797771;-0.3603500970317093;-3.3852010953905367;-3.096982037908818;1.4201364141512105;-96.07617713629286;-177.444;81.36782286370712;-0.3603500970317093;-3.3852010953905367;1.4201364141512105;3.404326460353656
2026-05-12_13:57:20:245149;1778587040.2451496;41.256935119628906;-60.72439956665039;0.20628467559814453;-0.5280382571013077;0.20628467559814453;-0.5280382571013077;3.3678448843596818;-1.7068831598863854;-11.118910150745286;1.1704003843358244;59.908412616666666;10.71991705;0.0;59.908412616666666;10.71991705;0.0;1778587040.244113;-32.277;8.962036420274714;0.20;-0.596;-0.596;-172.24;-16.735;8.435;22.066;59.90850831666667;10.7198365;0.0;-10.662004147212986;4.507107753741152;1.0492467441558517e-05;1778587040.2320566;0.013092994689941406;0.0;0.0;-3.0061551036350336;-172.24000000000004;-0.0;0.0;-0.4569060035322998;-3.3367073694053273;-3.0061551036350336;1.2992719437486482;-97.79720118344358;-172.24000000000004;74.44279881655645;-0.4569060035322998;-3.3367073694053273;1.2992719437486482;3.3678448843596818
2026-05-12_13:57:20:408969;1778587040.4057634;7.779094696044922;-49.21894454956055;0.03889547348022461;-0.4279908221700917;0.03889547348022461;-0.4279908221700917;3.3678448843596818;-1.7068831598863854;-11.118910150745286;1.1704003843358244;59.908412616666666;10.71991705;0.0;59.908412616666666;10.71991705;0.0;1778587040.4057634;-39.967;0.0;0.20;-0.596;-0.596;-172.24;-16.735;8.435;22.066;59.90850831666667;10.7198365;0.0;-10.662004147212986;4.507107753741152;1.0492467441558517e-05;1778587040.3545759;0.05118751525878906;0.0;0.0;-3.0061551036350336;-172.24000000000004;-0.0;0.0;-0.4569060035322998;-3.3367073694053273;-3.0061551036350336;1.2992719437486482;-97.79720118344358;-172.24000000000004;74.44279881655645;-0.4569060035322998;-3.3367073694053273;1.2992719437486482;3.3678448843596818
2026-05-12_13:57:20:571650;1778587040.5716503;150.0;-110.0;0.75;-0.9565217391304348;0.75;-0.9565217391304348;3.331097401930214;-1.7382857673140175;-11.118910150745286;1.1704003843358244;59.9084135;10.719916116666667;0.0;59.9084135;10.719916116666667;0.0;1778587040.5716503;-43.733;0.0;0.20;-3.041;2.834;-163.644;3.975;6.517;29.383;59.90850831666667;10.7198365;0.0;-10.56359139944861;4.454883750955988;1.0291949584129156e-05;1778587040.5232358;0.04841446876525879;0.0;0.0;-2.856126601133601;-163.644;-0.0;0.0;-0.5553187512966762;-3.2844833666201634;-2.856126601133601;1.1178408338195833;-99.59643805475307;-163.644;64.04756194524694;-0.5553187512966762;-3.2844833666201634;1.1178408338195833;3.331097401930214
2026-05-12_13:57:20:784264;1778587040.7788234;-82.40464782714844;43.46745681762695;-0.4120232391357422;0.3779778853706692;-0.4120232391357422;0.3779778853706692;3.27871486719229;-1.7732622549149928;-11.118910150745286;1.1704003843358244;59.908414433333334;10.719914816666666;0.0;59.908414433333334;10.719914816666666;0.0;1778587040.767323;-40.883;0.0;0.20;-0.61;3.068;-159.073;18.155;-2.639;28.347;59.90850831666667;10.7198365;0.0;-10.459608138726637;4.3821432191991505;1.007212460191198e-05;1778587040.681892;0.09693145751953125;0.0;0.0;-2.77634760102494;-159.073;-0.0;0.0;-0.6593020120186495;-3.211742834863326;-2.77634760102494;1.0030853461099474;-101.60044317648061;-159.073;57.47255682351941;-0.6593020120186495;-3.211742834863326;1.0030853461099474;3.27871486719229
2026-05-12_13:57:20:921550;1778587040.9215508;43.41025161743164;-107.03010559082031;0.2170512580871582;-0.9306965703549592;0.2170512580871582;-0.9306965703549592;3.2231973612534888;-1.811063510771749;-11.118910150745286;1.1704003843358244;59.9084154;10.719913366666667;0.0;59.9084154;10.719913366666667;0.0;1778587040.9215508;-35.004;0.0;0.20;3.073;1.722;-152.489;7.21;-4.545;27.586;59.90850831666667;10.7198365;0.0;-10.351911196504783;4.301009563678629;9.840865197396909e-06;1778587040.8885071;0.033043622970581055;0.0;0.0;-2.661435123073633;-152.489;-0.0;0.0;-0.7669989542405027;-3.1306091793428044;-2.661435123073633;0.8503716123018839;-103.76629559736692;-152.489;48.72270440263306;-0.7669989542405027;-3.1306091793428044;0.8503716123018839;3.2231973612534888
2026-05-12_13:57:21:093667;1778587041.0936675;55.185604095458984;-110.0;0.2759280204772949;-0.9565217391304348;0.2759280204772949;-0.9565217391304348;3.191153596582355;-1.8472404158238056;-11.118910150745286;1.1704003843358244;59.908416333333335;10.719912283333333;0.0;59.908416333333335;10.719912283333333;0.0;1778587041.0936675;-26.05;0.0;0.20;2.257;0.797;-147.053;-11.268;-2.761;27.002;59.90850831666667;10.7198365;0.0;-10.24792791776013;4.240392440808396;9.63256041419669e-06;1778587041.0562449;0.03742265701293945;0.0;0.0;-2.5665590249352213;-147.053;-0.0;0.0;-0.8709822329851562;-3.0699920564725716;-2.5665590249352213;0.7193186091114159;-105.83907957269527;-147.053;41.213920427304735;-0.8709822329851562;-3.0699920564725716;0.7193186091114159;3.191153596582355
2026-05-12_13:57:21:383093;1778587041.3830934;-12.407285690307617;-46.34477233886719;-0.06203642845153809;-0.40299802033797555;-0.06203642845153809;-0.40299802033797555;3.1878992771666304;-1.8822216396305438;-11.118910150745286;1.1704003843358244;59.908417283333335;10.71991165;0.0;59.908417283333335;10.71991165;0.0;1778587041.3830934;-21.235;0.7044158683715345;0.20;2.257;0.797;-147.053;-11.268;-2.761;27.002;59.90850831666667;10.7198365;0.0;-10.142087764182369;4.204954688755017;9.440441764319019e-06;1778587041.2246425;0.15845084190368652;0.6679683888463984;-0.22365139640544962;-2.5665590249352213;-147.053;-0.43890599184161216;0.550965739350181;-0.9768223865629171;-3.034554304419193;-2.5665590249352213;0.6843373853046772;-107.84335605902393;-147.053;39.20964394097605;-0.9768223865629171;-3.034554304419193;0.6843373853046772;3.1878992771666304
2026-05-12_13:57:21:545986;1778587041.545986;150.0;-110.0;0.75;-0.9565217391304348;0.75;-0.9565217391304348;3.2082341079256076;-1.916247523108419;-11.118910150745286;1.1704003843358244;59.908418266666665;10.719911366666667;0.0;59.908418266666665;10.719911366666667;0.0;1778587041.545275;-9.08;0.0;0.20;-2.096;-0.542;-139.313;-9.089;-3.589;21.083;59.90850831666667;10.7198365;0.0;-10.032533898538002;4.189100887846776;9.256754326614214e-06;1778587041.4994836;0.04650235176086426;0.0;0.0;-2.43147054083086;-139.313;-0.0;0.0;-1.086376252207284;-3.018700503510952;-2.43147054083086;0.5152230177224411;-109.7928955765101;-139.313;29.52010442348989;-1.086376252207284;-3.018700503510952;0.5152230177224411;3.2082341079256076
2026-05-12_13:57:21:735627;1778587041.7335768;67.00384521484375;98.24263763427734;0.33501922607421875;0.8542838055154551;0.33501922607421875;0.8542838055154551;3.2466044038464434;-1.9492749992680924;-11.118910150745286;1.1704003843358244;59.90841928333333;10.719911333333334;0.0;59.90841928333333;10.719911333333334;0.0;1778587041.733167;-4.571;0.0;0.20;-2.096;-0.542;-139.313;-9.089;-3.589;21.083;59.90850831666667;10.7198365;0.0;-9.919266325742026;4.187235621501863;9.07757355506078e-06;1778587041.702336;0.03124070167541504;0.0;0.0;-2.43147054083086;-139.313;-0.0;0.0;-1.1996438250032604;-3.0168352371660383;-2.43147054083086;0.4821955415627679;-111.68523056842834;-139.313;27.62776943157167;-1.1996438250032604;-3.0168352371660383;0.4821955415627679;3.2466044038464434
2026-05-12_13:57:21:880998;1778587041.8809984;15.496027946472168;-110.0;0.07748013973236084;-0.9565217391304348;0.07748013973236084;-0.9565217391304348;3.2958991962787234;-1.9817390210159969;-11.118910150745286;1.1704003843358244;59.90842033333333;10.719911416666667;0.0;59.90842033333333;10.719911416666667;0.0;1778587041.8809984;2.109;1.5854366714640515;0.20;-2.096;-0.542;-139.313;-9.089;-3.589;21.083;59.90850831666667;10.7198365;0.0;-9.802285053752776;4.191898335021907;8.900440533921028e-06;1778587041.807155;0.07384347915649414;1.5841787700893006;0.06314319928186221;-2.43147054083086;-139.313;-1.2424193956191278;0.9848875492189954;-1.3166250969925102;-3.021497950686083;-2.43147054083086;0.44973151981486303;-113.54528200060417;-139.313;25.767717999395806;-1.3166250969925102;-3.021497950686083;0.44973151981486303;3.2958991962787234
2026-05-12_13:57:22:069454;1778587042.0694547;36.6148681640625;-110.0;0.1830743408203125;-0.9565217391304348;0.1830743408203125;-0.9565217391304348;3.3572609119346497;-2.0089312072562246;-11.118910150745286;1.1704003843358244;59.9084213;10.71991175;0.0;59.9084213;10.71991175;0.0;1778587042.067723;9.25;0.8571243816211364;0.20;1.002;2.351;-130.418;1.446;0.51;10.933;59.90850831666667;10.7198365;0.0;-9.694587994862577;4.2105495956519245;8.748628575361295e-06;1778587041.9479659;0.12148880958557129;0.8864771929001602;0.15352245769500444;-2.276223503865965;-130.418;-0.691637534514576;0.5753681251159654;-1.4243221558827095;-3.0401492113161;-2.276223503865965;0.2672922966097402;-115.10327950790294;-130.418;15.314720492097075;-1.4243221558827095;-3.0401492113161;0.2672922966097402;3.3572609119346497
2026-05-12_13:57:22:240919;1778587042.2409194;65.22136688232422;-110.0;0.3261068344116211;-0.9565217391304348;0.3261068344116211;-0.9565217391304348;3.3572609119346497;-2.0089312072562246;-11.118910150745286;1.1704003843358244;59.9084213;10.71991175;0.0;59.9084213;10.71991175;0.0;1778587042.240319;17.047;0.0;0.20;1.002;2.351;-130.418;1.446;0.51;10.933;59.90850831666667;10.7198365;0.0;-9.694587994862577;4.2105495956519245;8.748628575361295e-06;1778587042.163298;0.0776214599609375;0.0;0.0;-2.276223503865965;-130.418;-0.0;0.0;-1.4243221558827095;-3.0401492113161;-2.276223503865965;0.2672922966097402;-115.10327950790294;-130.418;15.314720492097075;-1.4243221558827095;-3.0401492113161;0.2672922966097402;3.3572609119346497
2026-05-12_13:57:22:423422;1778587042.4234228;150.0;-110.0;0.75;-0.9565217391304348;0.75;-0.9565217391304348;3.4219884509830774;-2.027112784780513;-11.118910150745286;1.1704003843358244;59.90842205;10.719912316666667;0.0;59.90842205;10.719912316666667;0.0;1778587042.4166276;20.165;0.0;0.20;-0.317;0.629;-128.03;-6.987;-7.497;7.418;59.90850831666667;10.7198365;0.0;-9.6110299128278;4.242256850181757;8.643843192324141e-06;1778587042.3722935;0.05112934112548828;0.0;0.0;-2.23454504132834;-128.03;-0.0;0.0;-1.5078802379174867;-3.071856465845933;-2.23454504132834;0.20743225654782727;-116.14500716493457;-128.03;11.884992835065438;-1.5078802379174867;-3.071856465845933;0.20743225654782727;3.4219884509830774
2026-05-12_13:57:22:610926;1778587042.5864923;150.0;-110.0;0.75;-0.9565217391304348;0.75;-0.9565217391304348;3.48938555125705;-2.0407970977061964;-11.118910150745286;1.1704003843358244;59.9084227;10.719913016666666;0.0;59.9084227;10.719913016666666;0.0;1778587042.5845194;23.375;0.0;0.20;-0.317;0.629;-128.03;-6.987;-7.497;7.418;59.90850831666667;10.7198365;0.0;-9.538612891856843;4.2814246688554976;8.56268604820798e-06;1778587042.526635;0.05985736846923828;0.0;0.0;-2.23454504132834;-128.03;-0.0;0.0;-1.580297258888443;-3.111024284519673;-2.23454504132834;0.19374794362214365;-116.92906054111255;-128.03;11.100939458887447;-1.580297258888443;-3.111024284519673;0.19374794362214365;3.48938555125705
2026-05-12_13:57:22:739063;1778587042.7390633;150.0;110.0;0.75;0.9565217391304348;0.75;0.9565217391304348;3.5573399907623062;-2.0527924134370634;-11.118910150745286;1.1704003843358244;59.90842331666666;10.71991375;0.0;59.90842331666666;10.71991375;0.0;1778587042.7390633;27.31;0.0;0.20;-1.93;0.424;-126.048;-0.606;4.746;4.372;59.90850831666667;10.7198365;0.0;-9.469909562401874;4.322457628346448;8.485006391723005e-06;1778587042.689958;0.049105167388916016;0.0;0.0;-2.1999526155538125;-126.048;-0.0;0.0;-1.6490005883434122;-3.1520572440106234;-2.1999526155538125;0.14716020211674907;-117.61634150641811;-126.048;8.431658493581885;-1.6490005883434122;-3.1520572440106234;0.14716020211674907;3.5573399907623062
2026-05-12_13:57:22:898331;1778587042.898331;132.11349487304688;-74.72846221923828;0.6605674743652343;-0.6498127149498981;0.6605674743652343;-0.6498127149498981;3.6206302348749873;-2.0627738986202426;-11.118910150745286;1.1704003843358244;59.908423866666666;10.719914450000001;0.0;59.908423866666666;10.719914450000001;0.0;1778587042.898331;27.179;0.0;0.20;-1.184;1.523;-125.244;5.427;2.154;3.19;59.90850831666667;10.7198365;0.0;-9.408633613773784;4.361625457058786;8.422017882203647e-06;1778587042.845816;0.05251502990722656;0.0;0.0;-2.1859201683677782;-125.24400000000001;-0.0;0.0;-1.7102765369715023;-3.191225072722961;-2.1859201683677782;0.12314626974753562;-118.18823848068665;-125.24400000000001;7.055761519313361;-1.7102765369715023;-3.191225072722961;0.12314626974753562;3.6206302348749873
2026-05-12_13:57:23:048283;1778587043.048283;142.29473876953125;-53.675235748291016;0.7114736938476562;-0.46674118041992185;0.7114736938476562;-0.46674118041992185;3.6842687871851814;-2.0724114952839643;-11.118910150745286;1.1704003843358244;59.90842441666667;10.71991515;0.0;59.90842441666667;10.71991515;0.0;1778587043.048283;24.64;1.8502858916205258;0.20;-1.184;1.523;-125.244;5.427;2.154;3.19;59.90850831666667;10.7198365;0.0;-9.347357665750076;4.400793284454053;8.358679141728942e-06;1778587043.0089786;0.039304494857788086;1.5590061199213212;0.9965228541159282;-2.1859201683677782;-125.24400000000001;-1.7135017517738742;0.6981902515757099;-1.77155248499521;-3.230392900118229;-2.1859201683677782;0.11350867308381396;-118.74043209416726;-125.24400000000001;6.503567905832747;-1.77155248499521;-3.230392900118229;0.11350867308381396;3.6842687871851814
2026-05-12_13:57:23:276452;1778587043.276452;148.7542724609375;-58.07853698730469;0.7437713623046875;-0.5050307564113451;0.7437713623046875;-0.5050307564113451;3.7448895274359106;-2.08165376582266;-11.118910150745286;1.1704003843358244;59.90842495;10.719915799999999;0.0;59.90842495;10.719915799999999;0.0;1778587043.2741847;25.058;1.718584251344253;0.20;0.584;0.772;-124.483;7.933;-5.74;3.451;59.90850831666667;10.7198365;0.0;-9.287938568528578;4.437163405709429;8.29738529528612e-06;1778587043.2399511;0.03650093078613281;1.6278789592969125;0.9964162686282181;-2.172638212760101;-124.483;-1.7429828602562238;0.777718480789555;-1.8309715822167085;-3.2667630213736043;-2.172638212760101;0.09098444693744101;-119.26997518915263;-124.483;5.213024810847358;-1.8309715822167085;-3.2667630213736043;0.09098444693744101;3.7448895274359106
2026-05-12_13:57:23:441014;1778587043.4357042;150.0;-50.01762771606445;0.75;-0.43493589318316916;0.75;-0.43493589318316916;3.7448895274359106;-2.08165376582266;-11.118910150745286;1.1704003843358244;59.90842495;10.719915799999999;0.0;59.90842495;10.719915799999999;0.0;1778587043.4357042;35.275;0.0;0.20;1.662;-0.002;-123.933;2.876;-1.403;2.209;59.90850831666667;10.7198365;0.0;-9.287938568528578;4.437163405709429;8.29738529528612e-06;1778587043.4080253;0.027678966522216797;0.0;0.0;-2.1630389018741325;-123.933;-0.0;0.0;-1.8309715822167085;-3.2667630213736043;-2.1630389018741325;0.08138513605147235;-119.26997518915263;-123.933;4.663024810847367;-1.8309715822167085;-3.2667630213736043;0.08138513605147235;3.7448895274359106
2026-05-12_13:57:23:605366;1778587043.6053662;150.0;-110.0;0.75;-0.9565217391304348;0.75;-0.9565217391304348;3.8038660930034838;-2.0892080591794637;-11.118910150745286;1.1704003843358244;59.908425433333335;10.719916466666668;0.0;59.908425433333335;10.719916466666668;0.0;1778587043.6033745;48.017;0.0;0.20;1.662;-0.002;-123.933;2.876;-1.403;2.209;59.90850831666667;10.7198365;0.0;-9.234090003168948;4.474466101719772;8.245520294991593e-06;1778587043.577605;0.027761220932006836;0.0;0.0;-2.1630389018741325;-123.933;-0.0;0.0;-1.8848201475763382;-3.3040657173839474;-2.1630389018741325;0.07383084269466877;-119.7028043157012;-123.933;4.230195684298807;-1.8848201475763382;-3.3040657173839474;0.07383084269466877;3.8038660930034838
2026-05-12_13:57:23:804668;1778587043.7708147;150.0;-110.0;0.75;-0.9565217391304348;0.75;-0.9565217391304348;3.882548268574124;-2.094172491887053;-11.118910150745286;1.1704003843358244;59.90842593333333;10.719917516666667;0.0;59.90842593333333;10.719917516666667;0.0;1778587043.7697997;49.283;0.0;0.20;1.662;-0.002;-123.933;2.876;-1.403;2.209;59.90850831666667;10.7198365;0.0;-9.178384566875252;4.53321788104209;8.207582004260416e-06;1778587043.7110734;0.05974125862121582;0.0;0.0;-2.1630389018741325;-123.933;-0.0;0.0;-1.9405255838700342;-3.362817496706265;-2.1630389018741325;0.06886640998707971;-119.98724535752275;-123.933;3.9457546424772496;-1.9405255838700342;-3.362817496706265;0.06886640998707971;3.882548268574124
2026-05-12_13:57:24:149976;1778587044.1499765;150.0;-12.209328651428223;0.75;-0.10616807522981063;0.75;-0.10616807522981063;3.9759567024537947;-2.0973336185036513;-11.118910150745286;1.1704003843358244;59.90842645;10.71991885;0.0;59.90842645;10.71991885;0.0;1778587044.1499765;44.977;0.0;0.20;-1.234;1.935;-124.155;-6.528;1.797;-0.622;59.90850831666667;10.7198365;0.0;-9.120822264738845;4.607823328865863;8.177390904862136e-06;1778587043.901859;0.24811744689941406;0.0;0.0;-2.16691353281356;-124.15500000000002;-0.0;0.0;-1.9980878860064415;-3.437422944530039;-2.16691353281356;0.06957991430990873;-120.16836457116032;-124.15500000000002;3.9866354288396924;-1.9980878860064415;-3.437422944530039;0.06957991430990873;3.9759567024537947
2026-05-12_13:57:24:366330;1778587044.3506606;150.0;-41.13478088378906;0.75;-0.35769374681555705;0.75;-0.35769374681555705;4.151499428016748;-2.104327194479838;-11.118910150745286;1.1704003843358244;59.908427466666666;10.7199213;0.0;59.908427466666666;10.7199213;0.0;1778587044.3506606;51.659;0.0;0.20;0.088;-0.146;-125.666;7.827;-5.771;-6.04;59.90850831666667;10.7198365;0.0;-9.007554515564259;4.744910823908312;8.116564135463022e-06;1778587044.2814786;0.06918191909790039;0.0;0.0;-2.193285457811194;-125.66600000000001;-0.0;0.0;-2.1113556351810274;-3.574510439572488;-2.193285457811194;0.08895826333135615;-120.56906695829991;-125.66600000000001;5.0969330417000975;-2.1113556351810274;-3.574510439572488;0.08895826333135615;4.151499428016748
2026-05-12_13:57:24:543620;1778587044.54362;52.10150146484375;-110.0;0.26050750732421873;-0.9565217391304348;0.26050750732421873;-0.9565217391304348;4.22796706817911;-2.1058867511692414;-11.118910150745286;1.1704003843358244;59.90842786666666;10.719922416666666;0.0;59.90842786666666;10.719922416666666;0.0;1778587044.538932;63.198;0.0;0.20;0.924;0.274;-127.153;-0.739;6.949;-6.769;59.90850831666667;10.7198365;0.0;-8.962990144449543;4.807392885848691;8.10094581860099e-06;1778587044.5216568;0.02196335792541504;0.0;0.0;-2.21923850378835;-127.153;-0.0;0.0;-2.1559200062957427;-3.636992501512867;-2.21923850378835;0.11335175261910857;-120.65842297451411;-127.153;6.4945770254858965;-2.1559200062957427;-3.636992501512867;0.11335175261910857;4.22796706817911
2026-05-12_13:57:24:689708;1778587044.6897082;64.82377624511719;-96.29057312011719;0.32411888122558596;-0.8373093314792799;0.32411888122558596;-0.8373093314792799;4.2978144659402595;-2.1047916336075363;-11.118910150745286;1.1704003843358244;59.90842815;10.719923533333333;0.0;59.90842815;10.719923533333333;0.0;1778587044.6891978;84.238;0.0;0.20;-0.302;2.674;-129.168;-8.118;13.845;-12.641;59.90850831666667;10.7198365;0.0;-8.931423688406147;4.8698749633440865;8.102684873279031e-06;1778587044.6732428;0.016465425491333008;0.0;0.0;-2.2544068882160357;-129.168;-0.0;0.0;-2.1874864623391392;-3.699474579008262;-2.2544068882160357;0.14961525460849945;-120.59567736015775;-129.168;8.572322639842259;-2.1874864623391392;-3.699474579008262;0.14961525460849945;4.2978144659402595
2026-05-12_13:57:24:851481;1778587044.8502133;39.986732482910156;-100.98637390136719;0.1999336624145508;-0.878142381751019;0.1999336624145508;-0.878142381751019;4.346622795916759;-2.09717647222993;-11.118910150745286;1.1704003843358244;59.90842811666667;10.719924583333333;0.0;59.90842811666667;10.719924583333333;0.0;1778587044.8502133;131.199;1.24712046761134;0.20;-0.302;2.674;-129.168;-8.118;13.845;-12.641;59.90850831666667;10.7198365;0.0;-8.935137301793809;4.928626811011787;8.154665447346332e-06;1778587044.8030093;0.047204017639160156;-0.07867155325738759;1.244636592520894;-2.2544068882160357;-129.168;-0.9152747945075689;-0.8471018305216199;-2.1837728489514774;-3.7582264266759626;-2.2544068882160357;0.15723041598610576;-120.15936075290988;-129.168;9.00863924709013;-2.1837728489514774;-3.7582264266759626;0.15723041598610576;4.346622795916759
2026-05-12_13:57:25:022600;1778587045.0226007;23.719270706176758;-66.45723724365234;0.11859635353088378;-0.5778890195100204;0.11859635353088378;-0.5778890195100204;4.346622795916759;-2.09717647222993;-11.118910150745286;1.1704003843358244;59.90842811666667;10.719924583333333;0.0;59.90842811666667;10.719924583333333;0.0;1778587045.016951;148.811;0.0;0.20;-2.229;4.966;-132.729;-6.976;9.314;-20.379;59.90850831666667;10.7198365;0.0;-8.935137301793809;4.928626811011787;8.154665447346332e-06;1778587044.9765005;0.04610013961791992;0.0;0.0;-2.3165580628795537;-132.729;-0.0;0.0;-2.1837728489514774;-3.7582264266759626;-2.3165580628795537;0.2193815906496237;-120.15936075290988;-132.729;12.569639247090123;-2.1837728489514774;-3.7582264266759626;0.2193815906496237;4.346622795916759
2026-05-12_13:57:25:208816;1778587045.19281;150.0;110.0;0.75;0.9565217391304348;0.75;0.9565217391304348;4.36714362072269;-2.081241872346915;-11.118910150745286;1.1704003843358244;59.90842766666667;10.719925516666667;0.0;59.90842766666667;10.719925516666667;0.0;1778587045.19281;162.133;0.0;0.20;-2.825;5.179;-137.735;4.578;-2.472;-27.291;59.90850831666667;10.7198365;0.0;-8.985272060313086;4.980850738700216;8.264499314680762e-06;1778587045.129795;0.06301498413085938;0.0;0.0;-2.40392924523439;-137.735;-0.0;0.0;-2.1336380904322;-3.8104503543643915;-2.40392924523439;0.32268737288747484;-119.24637543138347;-137.735;18.488624568616537;-2.1336380904322;-3.8104503543643915;0.32268737288747484;4.36714362072269
2026-05-12_13:57:25:482798;1778587045.4827986;150.0;106.73097229003906;0.75;0.928095411217731;0.75;0.928095411217731;4.360545606866902;-2.0592844434975803;-11.118910150745286;1.1704003843358244;59.908426883333334;10.719926233333334;0.0;59.908426883333334;10.719926233333334;0.0;1778587045.4827986;167.72;0.0;0.20;-0.812;3.103;-143.739;15.717;-12.793;-31.384;59.90850831666667;10.7198365;0.0;-9.07254374424968;5.020951321530721;8.419309965201904e-06;1778587045.2653697;0.21742892265319824;0.0;0.0;-2.5087188135241294;-143.739;-0.0;0.0;-2.046366406495606;-3.850550937194897;-2.5087188135241294;0.44943437002654907;-117.98830742935779;-143.739;25.75069257064221;-2.046366406495606;-3.850550937194897;0.44943437002654907;4.360545606866902
2026-05-12_13:57:25:708087;1778587045.7070878;150.0;110.0;0.75;0.9565217391304348;0.75;0.9565217391304348;4.297903222020018;-2.0008752410030355;-11.118910150745286;1.1704003843358244;59.908424600000004;10.719927233333333;0.0;59.908424600000004;10.719927233333333;0.0;1778587045.7070878;165.598;0.0;0.20;2.958;0.583;-155.636;-1.8;4.747;-27.984;59.90850831666667;10.7198365;0.0;-9.326931501457189;5.076905808157179;8.829849146962943e-06;1778587045.6774552;0.029632568359375;0.0;0.0;-2.7163606346338947;-155.636;-0.0;0.0;-1.7919786492880974;-3.906505423821355;-2.7163606346338947;0.7154853936308592;-114.64170664169538;-155.636;40.994293358304624;-1.7919786492880974;-3.906505423821355;0.7154853936308592;4.297903222020018
2026-05-12_13:57:25:878293;1778587045.8782933;150.0;110.0;0.75;0.9565217391304348;0.75;0.9565217391304348;4.277110370441089;-1.9670610113904126;-11.118910150745286;1.1704003843358244;59.90842333333333;10.719927933333333;0.0;59.90842333333333;10.719927933333333;0.0;1778587045.8782933;159.514;2.335874386360814;0.20;2.958;0.583;-155.636;-1.8;4.747;-27.984;59.90850831666667;10.7198365;0.0;-9.468051704362177;5.116073902373049;9.069866009348004e-06;1778587045.8155951;0.0626981258392334;-2.250788217607005;0.6247091709934398;-2.7163606346338947;-155.636;1.7926272495384425;-1.4975969728381755;-1.6508584463831095;-3.945673518037225;-2.7163606346338947;0.7492996232434823;-112.7042939974058;-155.636;42.93170600259422;-1.6508584463831095;-3.945673518037225;0.7492996232434823;4.277110370441089
2026-05-12_13:57:26:038724;1778587046.0387247;150.0;110.0;0.75;0.9565217391304348;0.75;0.9565217391304348;4.2752589681526025;-1.9261499082986306;-11.118910150745286;1.1704003843358244;59.908421866666664;10.71992905;0.0;59.908421866666664;10.71992905;0.0;1778587046.0387247;158.827;4.332061069195442;0.20;0.978;2.307;-161.378;-11.67;7.189;-29.657;59.90850831666667;10.7198365;0.0;-9.631454021795216;5.1785562582032725;9.363695952835371e-06;1778587045.9983418;0.04038286209106445;0.0;0.0;-2.816577440283409;-161.378;-0.0;0.0;-1.48745612895007;-4.008155873867448;-2.816577440283409;0.8904275319847788;-110.36026045502207;-161.378;51.01773954497794;-1.48745612895007;-4.008155873867448;0.8904275319847788;4.2752589681526025
2026-05-12_13:57:26:198743;1778587046.1981502;150.0;110.0;0.75;0.9565217391304348;0.75;0.9565217391304348;4.2752589681526025;-1.9261499082986306;-11.118910150745286;1.1704003843358244;59.908421866666664;10.71992905;0.0;59.908421866666664;10.71992905;0.0;1778587046.1981502;162.68;0.0;0.20;-0.726;2.478;-167.17;-2.666;-4.137;-27.603;59.90850831666667;10.7198365;0.0;-9.631454021795216;5.1785562582032725;9.363695952835371e-06;1778587046.1700654;0.028084754943847656;0.0;0.0;-2.9176669105589204;-167.17;-0.0;0.0;-1.48745612895007;-4.008155873867448;-2.9176669105589204;0.9915170022602897;-110.36026045502207;-167.17;56.80973954497791;-1.48745612895007;-4.008155873867448;0.9915170022602897;4.2752589681526025
2026-05-12_13:57:26:502783;1778587046.502783;150.0;110.0;0.75;0.9565217391304348;0.75;0.9565217391304348;4.279701457372374;-1.8789562276133722;-11.118910150745286;1.1704003843358244;59.908420166666666;10.7199303;0.0;59.908420166666666;10.7199303;0.0;1778587046.502783;172.872;0.0;0.20;0.015;0.609;-171.803;7.762;-10.823;-19.839;59.90850831666667;10.7198365;0.0;-9.82085216426104;5.248499209518913;9.70919480636212e-06;1778587046.3433065;0.15947651863098145;0.0;0.0;-2.998528014803818;-171.803;-0.0;0.0;-1.2980579864842454;-4.078098825183089;-2.998528014803818;1.1195717871904458;-107.6562617320687;-171.803;64.14673826793131;-1.2980579864842454;-4.078098825183089;1.1195717871904458;4.279701457372374
2026-05-12_13:57:26:966299;1778587046.9662988;150.0;110.0;0.75;0.9565217391304348;0.75;0.9565217391304348;4.219824158586031;-1.7567068026948274;-11.118910150745286;1.1704003843358244;59.908415516666665;10.719931533333334;0.0;59.908415516666665;10.719931533333334;0.0;1778587046.9662988;171.732;0.0;0.20;-0.937;1.048;-176.815;-8.094;9.703;-4.724;59.90850831666667;10.7198365;0.0;-10.338911958477404;5.317510070544419;1.0584754218889714e-05;1778587046.9166207;0.04967808723449707;0.0;0.0;-3.0860039169137736;-176.815;-0.0;0.0;-0.7799981922678825;-4.147109686208594;-3.0860039169137736;1.3292971142189458;-100.65188563633464;-176.815;76.16311436366533;-0.7799981922678825;-4.147109686208594;1.3292971142189458;4.219824158586031
2026-05-12_13:57:27:240449;1778587047.2404492;150.0;110.0;0.75;0.9565217391304348;0.75;0.9565217391304348;4.224690200192283;-1.7212697717858667;-11.118910150745286;1.1704003843358244;59.9084142;10.719932066666667;0.0;59.9084142;10.719932066666667;0.0;1778587047.2404492;178.5;0.0;0.20;-2.006;1.97;-178.393;0.387;-2.635;-4.658;59.90850831666667;10.7198365;0.0;-10.485602708988518;5.347352499433173;1.0848757055370584e-05;1778587047.1877298;0.0527193546295166;0.0;0.0;-3.1135452125102443;-178.393;-0.0;0.0;-0.6333074417567683;-4.1769521150973485;-3.1135452125102443;1.3922754407243776;-98.62149332677654;-178.393;79.77150667322346;-0.6333074417567683;-4.1769521150973485;1.3922754407243776;4.224690200192283
2026-05-12_13:57:27:422925;1778587047.4229257;-150.0;110.0;-0.75;0.9565217391304348;-0.75;0.9565217391304348;4.233636677853301;-1.6873161786911144;-11.118910150745286;1.1704003843358244;59.90841293333333;10.719932566666667;0.0;59.90841293333333;10.719932566666667;0.0;1778587047.4040833;-176.659;0.0;0.20;-2.006;1.97;-178.393;0.387;-2.635;-4.658;59.90850831666667;10.7198365;0.0;-10.626722926174802;5.375329783985043;1.1105255198096131e-05;1778587047.3489728;0.07395291328430176;0.0;0.0;-3.1135452125102443;-178.393;-0.0;0.0;-0.49218722457048436;-4.2049293996492185;-3.1135452125102443;1.42622903381913;-96.67609574314271;-178.393;81.7169042568573;-0.49218722457048436;-4.2049293996492185;1.42622903381913;4.233636677853301
2026-05-12_13:57:27:697474;1778587047.6974742;150.0;110.0;0.75;0.9565217391304348;0.75;0.9565217391304348;4.228529956938918;-1.6235446995938683;-11.118910150745286;1.1704003843358244;59.90841051666666;10.719932883333334;0.0;59.90841051666666;10.719932883333334;0.0;1778587047.6954832;178.801;2.089405777612437;0.20;0.538;0.296;-178.83;5.863;1.237;-0.232;59.90850831666667;10.7198365;0.0;-10.895965496282574;5.393048993653956;1.1573605465997616e-05;1778587047.6491904;0.04828381538391113;-2.691982281980288;0.13520420846326514;-3.12117230134146;-178.83;2.6886603098930713;-0.19014342609638132;-0.2229446544627116;-4.2226486093181315;-3.12117230134146;1.4976276017475918;-93.02225913756375;-178.83;85.80774086243628;-0.2229446544627116;-4.2226486093181315;1.4976276017475918;4.228529956938918
2026-05-12_13:57:27:850509;1778587047.8505094;149.0874481201172;110.0;0.7454372406005859;0.9565217391304348;0.7454372406005859;0.9565217391304348;4.236051656548251;-1.5953751213974812;-11.118910150745286;1.1704003843358244;59.90840945;10.7199331;0.0;59.90840945;10.7199331;0.0;1778587047.8505094;177.27;2.211692452951122;0.20;0.826;0.504;-178.846;3.082;2.85;-0.061;59.90850831666667;10.7198365;0.0;-11.014803589984906;5.405172569584026;1.178901505038965e-05;1778587047.7964988;0.054010629653930664;-2.2002723253511065;0.22446648016789855;-3.1214515540217787;-178.846;2.1953053588553746;-0.26873386054943976;-0.10410656076038016;-4.234772185248201;-3.1214515540217787;1.526076432624297;-91.40826119624703;-178.846;87.43773880375295;-0.10410656076038016;-4.234772185248201;1.526076432624297;4.236051656548251
2026-05-12_13:57:28:020674;1778587048.0206745;94.38057708740234;110.0;0.4719028854370117;0.9565217391304348;0.4719028854370117;0.9565217391304348;4.236051656548251;-1.5953751213974812;-11.118910150745286;1.1704003843358244;59.90840945;10.7199331;0.0;59.90840945;10.7199331;0.0;1778587048.019674;-178.91;0.0;0.20;0.826;0.504;-178.846;3.082;2.85;-0.061;59.90850831666667;10.7198365;0.0;-11.014803589984906;5.405172569584026;1.178901505038965e-05;1778587047.9682815;0.05239295959472656;0.0;0.0;-3.1214515540217787;-178.846;-0.0;0.0;-0.10410656076038016;-4.234772185248201;-3.1214515540217787;1.526076432624297;-91.40826119624703;-178.846;87.43773880375295;-0.10410656076038016;-4.234772185248201;1.526076432624297;4.236051656548251
2026-05-12_13:57:28:238517;1778587048.2385175;-150.0;110.0;-0.75;0.9565217391304348;-0.75;0.9565217391304348;4.245982709070992;-1.567764117274361;-11.118910150745286;1.1704003843358244;59.9084084;10.719933300000001;0.0;59.9084084;10.719933300000001;0.0;1778587048.2385175;-171.804;0.0;0.20;-0.82;0.805;-178.316;-5.12;-0.86;2.733;59.90850831666667;10.7198365;0.0;-11.131784840210791;5.416363574013875;1.2001363776548146e-05;1778587048.2019172;0.036600351333618164;0.0;0.0;-3.112201308986209;-178.316;-0.0;0.0;0.012874689465505185;-4.245963189678051;-3.112201308986209;1.5444371917118476;-89.82626719187392;-178.316;88.48973280812608;0.012874689465505185;-4.245963189678051;1.5444371917118476;4.245982709070992
2026-05-12_13:57:28:758459;1778587048.7584589;-150.0;110.0;-0.75;0.9565217391304348;-0.75;0.9565217391304348;4.239013378428442;-1.5094617372407664;-11.118910150745286;1.1704003843358244;59.908406183333334;10.719933033333334;0.0;59.908406183333334;10.719933033333334;0.0;1778587048.7584589;-161.024;0.0;0.20;-0.735;2.014;-176.253;1.827;5.492;7.711;59.90850831666667;10.7198365;0.0;-11.378745311200335;5.401442822303874;1.2424193535309769e-05;1778587048.5432062;0.21525263786315918;0.0;0.0;-3.0761951665175653;-176.253;-0.0;0.0;0.25983516045504906;-4.23104243796805;-3.0761951665175653;1.5667334292767991;-86.48578688038116;-176.253;89.76721311961884;0.25983516045504906;-4.23104243796805;1.5667334292767991;4.239013378428442
2026-05-12_13:57:29:165895;1778587049.1658955;-150.0;110.0;-0.75;0.9565217391304348;-0.75;0.9565217391304348;4.136160686114994;-1.4057697519418018;-11.118910150745286;1.1704003843358244;59.90840241666667;10.719930333333334;0.0;59.90840241666667;10.719930333333334;0.0;1778587049.1658955;-147.214;1.133753106487602;0.20;-2.228;2.146;-169.482;-5.892;-8.319;21.132;59.90850831666667;10.7198365;0.0;-11.798392609548213;5.2503671500757605;1.3059828967598719e-05;1778587049.016342;0.14955353736877441;-1.0181065620377177;-0.49885382107774695;-2.9580189228650298;-169.482;1.0920629155559158;0.304622216746649;0.6794824588029265;-4.079966765739936;-2.9580189228650298;1.5522491709232282;-80.54467375341791;-169.482;88.93732624658212;0.6794824588029265;-4.079966765739936;1.5522491709232282;4.136160686114994
2026-05-12_13:57:29:294486;1778587049.2944868;150.0;110.0;0.75;0.9565217391304348;0.75;0.9565217391304348;4.071483528860437;-1.3641309874254297;-11.118910150745286;1.1704003843358244;59.908401016666666;10.719928633333334;0.0;59.908401016666666;10.719928633333334;0.0;1778587049.2944868;-136.766;0.0;0.20;-2.704;-0.994;-161.205;2.03;-4.203;24.666;59.90850831666667;10.7198365;0.0;-11.954367763813924;5.155245262439299;1.3274192486534275e-05;1778587049.275269;0.019217729568481445;0.0;0.0;-2.8135580206774593;-161.205;-0.0;0.0;0.8354576130686375;-3.984844878103474;-2.8135580206774593;1.4494270332520296;-78.1589482824907;-161.205;83.04605171750933;0.8354576130686375;-3.984844878103474;1.4494270332520296;4.071483528860437
2026-05-12_13:57:29:862893;1778587049.8628933;150.0;110.0;0.75;0.9565217391304348;0.75;0.9565217391304348;3.9923528167030393;-1.3246358802899254;-11.118910150745286;1.1704003843358244;59.90839978333333;10.719926616666667;0.0;59.90839978333333;10.719926616666667;0.0;1778587049.5373235;-122.19;2.9271877586210557;0.20;-2.143;-0.069;-155.782;3.432;6.957;29.513;59.90850831666667;10.7198365;0.0;-12.091774484925182;5.042404516606011;1.344194495267459e-05;1778587049.5373235;0.32556986808776855;0.0;0.0;-2.718908815341807;-155.782;-0.0;0.0;0.9728643341798957;-3.8720041322701864;-2.718908815341807;1.3942729350518812;-75.89604533220928;-155.782;79.88595466779074;0.9728643341798957;-3.8720041322701864;1.3942729350518812;3.9923528167030393
2026-05-12_13:57:30:201651;1778587050.2016518;150.0;110.0;0.75;0.9565217391304348;0.75;0.9565217391304348;3.7540890091659804;-1.2586246177902203;-11.118910150745286;1.1704003843358244;59.908398166666665;10.719921266666667;0.0;59.908398166666665;10.719921266666667;0.0;1778587050.191617;-106.565;0.0;0.20;-2.059;1.275;-141.851;-6.082;-6.838;36.924;59.90850831666667;10.7198365;0.0;-12.271888892824176;4.7430498646312245;1.3556940538173023e-05;1778587049.9646535;0.2369983196258545;0.0;0.0;-2.475766997246476;-141.851;-0.0;0.0;1.15297874207889;-3.5726494802954;-2.475766997246476;1.2171423794562557;-72.11387859064597;-141.851;69.737121409354;1.15297874207889;-3.5726494802954;1.2171423794562557;3.7540890091659804
2026-05-12_13:57:30:490762;1778587050.4907627;150.0;110.0;0.75;0.9565217391304348;0.75;0.9565217391304348;3.4631390024966198;-1.1976326443588383;-11.118910150745286;1.1704003843358244;59.908397183333335;10.719915050000001;0.0;59.908397183333335;10.719915050000001;0.0;1778587050.4907627;-99.184;0.0;0.20;-3.967;0.569;-128.853;-0.571;2.539;31.452;59.90850831666667;10.7198365;0.0;-12.381443204891138;4.3952014693335375;1.3519608147660733e-05;1778587050.2934434;0.19731926918029785;0.0;0.0;-2.2489091010722535;-128.853;-0.0;0.0;1.2625330541458517;-3.224801084997713;-2.2489091010722535;1.0512764567134152;-68.61929592885373;-128.853;60.23370407114627;1.2625330541458517;-3.224801084997713;1.0512764567134152;3.4631390024966198
2026-05-12_13:57:30:699125;1778587050.698093;-76.45172882080078;-110.0;-0.3822586441040039;-0.9565217391304348;-0.3822586441040039;-0.9565217391304348;3.1327448425152506;-1.1397408634888242;-11.118910150745286;1.1704003843358244;59.90839676666667;10.719908283333334;0.0;59.90839676666667;10.719908283333334;0.0;1778587050.698093;-86.947;8.97112431272109;0.20;-2.617;1.308;-116.373;3.737;-4.041;36.993;59.90850831666667;10.7198365;0.0;-12.427864771808903;4.016578180662348;1.3361030439362764e-05;1778587050.676721;0.021371841430664062;0.0;0.0;-2.0310920104233614;-116.37300000000002;-0.0;0.0;1.3089546210636165;-2.846177796326524;-2.0310920104233614;0.8913511469345377;-65.30234121650572;-116.37300000000002;51.070658783494316;1.3089546210636165;-2.846177796326524;0.8913511469345377;3.1327448425152506
2026-05-12_13:57:30:858773;1778587050.858773;150.0;-85.29060363769531;0.75;-0.741657422936481;0.75;-0.741657422936481;2.941844822787882;-1.1146126597817478;-11.118910150745286;1.1704003843358244;59.90839688333333;10.719904616666666;0.0;59.90839688333333;10.719904616666666;0.0;1778587050.8560076;-81.844;5.478401425881257;0.20;-2.617;1.308;-116.373;3.737;-4.041;36.993;59.90850831666667;10.7198365;0.0;-12.414867069844899;3.8114128086158967;1.3208341038684068e-05;1778587050.8184826;0.04029035568237305;0.0;0.0;-2.0310920104233614;-116.37300000000002;-0.0;0.0;1.2959569190996127;-2.6410124242800723;-2.0310920104233614;0.9164793506416133;-63.86260119734526;-116.37300000000002;52.51039880265474;1.2959569190996127;-2.6410124242800723;0.9164793506416133;2.941844822787882
2026-05-12_13:57:31:063362;1778587051.0633621;150.0;-110.0;0.75;-0.9565217391304348;0.75;-0.9565217391304348;2.7419445162281786;-1.0922919762523708;-11.118910150745286;1.1704003843358244;59.908397183333335;10.719900916666667;0.0;59.908397183333335;10.719900916666667;0.0;1778587051.0594387;-74.577;2.1158127680277374;0.20;-2.373;0.042;-104.649;-1.517;-4.995;36.197;59.90850831666667;10.7198365;0.0;-12.381444058610485;3.6043822785914923;1.3024893712021424e-05;1778587050.9603226;0.10303950309753418;0.3243708503017152;-2.009234553746201;-1.826469608919546;-104.649;1.8618884863598;0.8219557195214144;1.2625339078651994;-2.433981894255668;-1.826469608919546;0.7341776326671754;-62.58372023526479;-104.649;42.06527976473523;1.2625339078651994;-2.433981894255668;0.7341776326671754;2.7419445162281786
2026-05-12_13:57:31:190582;1778587051.1905823;150.0;-110.0;0.75;-0.9565217391304348;0.75;-0.9565217391304348;2.7419445162281786;-1.0922919762523708;-11.118910150745286;1.1704003843358244;59.908397183333335;10.719900916666667;0.0;59.908397183333335;10.719900916666667;0.0;1778587051.1905823;-70.332;0.0;0.20;-2.373;0.042;-104.649;-1.517;-4.995;36.197;59.90850831666667;10.7198365;0.0;-12.381444058610485;3.6043822785914923;1.3024893712021424e-05;1778587051.1747975;0.015784740447998047;0.0;0.0;-1.826469608919546;-104.649;-0.0;0.0;1.2625339078651994;-2.433981894255668;-1.826469608919546;0.7341776326671754;-62.58372023526479;-104.649;42.06527976473523;1.2625339078651994;-2.433981894255668;0.7341776326671754;2.7419445162281786
2026-05-12_13:57:31:393673;1778587051.3936734;150.0;-110.0;0.75;-0.9565217391304348;0.75;-0.9565217391304348;2.5371625571714627;-1.0734164689533927;-11.118910150745286;1.1704003843358244;59.90839765;10.719897266666667;0.0;59.90839765;10.719897266666667;0.0;1778587051.3936734;-62.497;0.0;0.20;-2.559;-0.223;-93.136;1.021;-0.428;35.318;59.90850831666667;10.7198365;0.0;-12.329452578684899;3.4001494445824934;1.2811122631184446e-05;1778587051.3879585;0.005714893341064453;0.0;0.0;-1.6255298521374386;-93.136;-0.0;0.0;1.2105424279396129;-2.229749060246669;-1.6255298521374386;0.5521133831840457;-61.50223333086497;-93.136;31.633766669135014;1.2105424279396129;-2.229749060246669;0.5521133831840457;2.5371625571714627
2026-05-12_13:57:31:870119;1778587051.8701196;150.0;-110.0;0.75;-0.9565217391304348;0.75;-0.9565217391304348;2.136625308204704;-1.0665607163421114;-11.118910150745286;1.1704003843358244;59.90839925;10.71989085;0.0;59.90839925;10.71989085;0.0;1778587051.8701196;-55.643;0.7275401946560636;0.20;-2.194;0.115;-85.062;2.617;-2.06;31.845;59.90850831666667;10.7198365;0.0;-12.151195722933455;3.0411099302335813;1.2288526219705886e-05;1778587051.5934482;0.2766714096069336;0.36912508138584865;-0.626946097468547;-1.4846119683314165;-85.062;0.6563925809530654;0.3137889649253519;1.0322855721881687;-1.870709545897757;-1.4846119683314165;0.41805125198930515;-61.10942764085275;-85.062;23.952572359147247;1.0322855721881687;-1.870709545897757;0.41805125198930515;2.136625308204704
2026-05-12_13:57:32:130025;1778587052.1300251;150.0;-110.0;0.75;-0.9565217391304348;0.75;-0.9565217391304348;1.9490915751041542;-1.0776310587944753;-11.118910150745286;1.1704003843358244;59.90840023333333;10.7198881;0.0;59.90840023333333;10.7198881;0.0;1778587052.1300251;-49.946;0.0;0.20;-0.821;-0.193;-74.702;4.054;0.05;25.87;59.90850831666667;10.7198365;0.0;-12.041641962037604;2.887235837304801;1.2009694412284944e-05;1778587051.947191;0.18283414840698242;0.0;0.0;-1.3037958578248041;-74.702;0.0;0.0;0.9227318112923175;-1.7168354529689767;-1.3037958578248041;0.22616479903032882;-61.743711541137706;-74.702;12.958288458862295;0.9227318112923175;-1.7168354529689767;0.22616479903032882;1.9490915751041542
2026-05-12_13:57:32:341235;1778587052.3412356;-26.669530868530273;-110.0;-0.13334765434265136;-0.9565217391304348;-0.13334765434265136;-0.9565217391304348;1.6328185983174226;-1.1252774718844845;-11.118910150745286;1.1704003843358244;59.9084022;10.71988375;0.0;59.9084022;10.71988375;0.0;1778587052.3412356;-47.838;0.0;0.20;-0.621;0.668;-65.876;-2.305;0.773;18.301;59.90850831666667;10.7198365;0.0;-11.822534376947967;2.6438349852977914;1.14951691250198e-05;1778587052.2523353;0.08890032768249512;0.0;0.0;-1.1497530980437847;-65.876;0.0;0.0;0.7036242262026811;-1.473434600961967;-1.1497530980437847;0.024475626159300212;-64.47364992013212;-65.876;1.402350079867895;0.7036242262026811;-1.473434600961967;0.024475626159300212;1.6328185983174226
2026-05-12_13:57:32:520240;1778587052.5202408;150.0;-61.71168518066406;0.75;-0.5366233493970788;0.75;-0.5366233493970788;1.5048316076181576;-1.1501522266175794;-11.118910150745286;1.1704003843358244;59.908403;10.719881966666666;0.0;59.908403;10.719881966666666;0.0;1778587052.5202408;-50.194;0.0;0.20;-0.935;0.592;-62.959;-0.307;-0.619;12.283;59.90850831666667;10.7198365;0.0;-11.73340586419323;2.544049970453314;1.129005327538124e-05;1778587052.4677777;0.05246305465698242;0.0;0.0;-1.0988418437631102;-62.95900000000002;0.0;0.0;0.6144957134479441;-1.3736495861174896;-1.0988418437631102;-0.05131038285446898;-65.89886838276152;-62.95900000000002;-2.9398683827614946;0.6144957134479441;-1.3736495861174896;-0.05131038285446898;1.5048316076181576
2026-05-12_13:57:32:647127;1778587052.6465518;150.0;-19.045080184936523;0.75;-0.16560939291249152;0.75;-0.16560939291249152;1.380654936548533;-1.1731549940824164;-11.118910150745286;1.1704003843358244;59.90840371666667;10.719880166666666;0.0;59.90840371666667;10.719880166666666;0.0;1778587052.6455357;-51.577;6.349219742037659;0.20;-0.935;0.592;-62.959;-0.307;-0.619;12.283;59.90850831666667;10.7198365;0.0;-11.653561574337962;2.4433323970789083;1.1105655723042673e-05;1778587052.6252928;0.021259069442749023;0.0;0.0;-1.0988418437631102;-62.95900000000002;0.0;0.0;0.5346514235926758;-1.2729320127430839;-1.0988418437631102;-0.07431315031930641;-67.21682987561753;-62.95900000000002;-4.2578298756175235;0.5346514235926758;-1.2729320127430839;-0.07431315031930641;1.380654936548533
2026-05-12_13:57:32:859235;1778587052.8592353;150.0;33.87851333618164;0.75;0.2945957681407099;0.75;0.2945957681407099;1.2643974510983482;-1.1965437875732523;-11.118910150745286;1.1704003843358244;59.908404366666666;10.71987845;0.0;59.908404366666666;10.71987845;0.0;1778587052.8592353;-49.845;1.1355548068216554;0.20;-0.37;0.987;-60.17;1.738;2.131;7.827;59.90850831666667;10.7198365;0.0;-11.581144662515698;2.347277680604373;1.0937568315050328e-05;1778587052.753301;0.10593438148498535;0.6836015919206404;-0.9067378798841591;-1.050164610924988;-60.169999999999995;1.126642498990507;0.1419908404147206;0.4622345117704114;-1.1768772962685485;-1.050164610924988;-0.1463791766482645;-68.55690903054547;-60.169999999999995;-8.38690903054549;0.4622345117704114;-1.1768772962685485;-0.1463791766482645;1.2643974510983482
2026-05-12_13:57:33:093638;1778587053.092716;150.0;45.42363739013672;0.75;0.39498815121858016;0.75;0.39498815121858016;1.1553673582965895;-1.2283525772637884;-11.118910150745286;1.1704003843358244;59.90840503333333;10.719876866666667;0.0;59.90840503333333;10.719876866666667;0.0;1778587053.092716;-51.09;2.5182973158313033;0.20;-0.443;1.534;-58.612;-2.271;2.395;7.685;59.90850831666667;10.7198365;0.0;-11.506870898614846;2.258683523380867;1.077032843532777e-05;1778587053.0468082;0.04590773582458496;1.6178921170204152;-1.9298306839184394;-1.0229723811789162;-58.61199999999999;2.490067197483176;0.37601425894265517;0.3879607478695597;-1.0882831390450427;-1.0229723811789162;-0.20538019608487224;-70.37941843123244;-58.61199999999999;-11.767418431232453;0.3879607478695597;-1.0882831390450427;-0.20538019608487224;1.1553673582965895
2026-05-12_13:57:33:281411;1778587053.2814112;150.0;46.971431732177734;0.75;0.40844723245371944;0.75;0.40844723245371944;1.0579204278490255;-1.2568661416048323;-11.118910150745286;1.1704003843358244;59.908405583333334;10.7198754;0.0;59.908405583333334;10.7198754;0.0;1778587053.2814112;-54.734;1.3654251781539777;0.20;-0.443;1.534;-58.612;-2.271;2.395;7.685;59.90850831666667;10.7198365;0.0;-11.445595045865149;2.1766173643956868;1.0632405120780675e-05;1778587053.2064025;0.07500863075256348;0.8169173618410929;-1.0940895489200175;-1.0229723811789162;-58.61199999999999;1.3594561398663925;0.1275339990472586;0.3266848951198629;-1.0062169800598624;-1.0229723811789162;-0.23389376042591614;-72.01312532684898;-58.61199999999999;-13.401125326848991;0.3266848951198629;-1.0062169800598624;-0.23389376042591614;1.0579204278490255
2026-05-12_13:57:33:540361;1778587053.540362;150.0;87.70217895507812;0.75;0.7626276430876359;0.75;0.7626276430876359;0.9616051325747585;-1.2770676963111984;-11.118910150745286;1.1704003843358244;59.90840601666667;10.719873866666667;0.0;59.90840601666667;10.719873866666667;0.0;1778587053.540362;-59.703;0.0;0.20;-1.749;0.843;-56.136;-1.007;-4.616;2.845;59.90850831666667;10.7198365;0.0;-11.397317113556166;2.090820937155317;1.0517338852267244e-05;1778587053.518443;0.021918773651123047;0.0;0.0;-0.9797580288995369;-56.136;0.0;0.0;0.2784069628108803;-0.9204205528194924;-0.9797580288995369;-0.2973096674116613;-73.1705891511264;-56.136;-17.034589151126383;0.2784069628108803;-0.9204205528194924;-0.2973096674116613;0.9616051325747585
2026-05-12_13:57:33:695151;1778587053.6948247;150.0;110.0;0.75;0.9565217391304348;0.75;0.9565217391304348;0.8654720234953994;-1.29497591039478;-11.118910150745286;1.1704003843358244;59.9084064;10.7198723;0.0;59.9084064;10.7198723;0.0;1778587053.6948247;-53.319;0.0;0.20;-1.325;0.28;-55.476;4.843;-1.511;3.677;59.90850831666667;10.7198365;0.0;-11.35460971612689;2.0031593760808217;1.0413181827040319e-05;1778587053.661955;0.032869577407836914;0.0;0.0;-0.9682388558363741;-55.47599999999999;0.0;0.0;0.2356995653816032;-0.8327589917449973;-0.9682388558363741;-0.32673705455840585;-74.19665423673237;-55.47599999999999;-18.720654236732372;0.2356995653816032;-0.8327589917449973;-0.32673705455840585;0.8654720234953994
2026-05-12_13:57:33:896783;1778587053.894221;150.0;110.0;0.75;0.9565217391304348;0.75;0.9565217391304348;0.7769096067987356;-1.3296150342151976;-11.118910150745286;1.1704003843358244;59.90840685;10.7198709;0.0;59.90840685;10.7198709;0.0;1778587053.8933656;-47.944;1.0058141173970843;0.20;-1.325;0.28;-55.476;4.843;-1.511;3.677;59.90850831666667;10.7198365;0.0;-11.304474928482545;1.9248235085834098;1.0299773936850443e-05;1778587053.8008978;0.0933232307434082;0.53721658846327;-0.8394037248109858;-0.9682388558363741;-55.47599999999999;0.996043630128423;-0.03312647019024234;0.18556477773725888;-0.7544231242475854;-0.9682388558363741;-0.36137617837882363;-76.18132983767337;-55.47599999999999;-20.705329837673386;0.18556477773725888;-0.7544231242475854;-0.36137617837882363;0.7769096067987356
2026-05-12_13:57:34:264705;1778587054.2586036;150.0;110.0;0.75;0.9565217391304348;0.75;0.9565217391304348;0.6084834738220215;-1.4670527935000888;-11.118910150745286;1.1704003843358244;59.90840795;10.719868233333333;0.0;59.90840795;10.719868233333333;0.0;1778587054.2586036;-59.223;7.6846413200675245;0.20;2.043;0.633;-54.638;-5.835;0.977;0.985;59.90850831666667;10.7198365;0.0;-11.181923202202261;1.7756123251140903;1.00402750149442e-05;1778587054.23555;0.023053646087646484;0.0;0.0;-0.9536129967046616;-54.63799999999999;0.0;0.0;0.06301305145697533;-0.6052119407782659;-0.9536129967046616;-0.513439796795427;-84.05593339043257;-54.63799999999999;-29.417933390432573;0.06301305145697533;-0.6052119407782659;-0.513439796795427;0.6084834738220215
2026-05-12_13:57:34:503122;1778587054.5031219;150.0;110.0;0.75;0.9565217391304348;0.75;0.9565217391304348;0.5204648011266932;-1.549618643074935;-11.118910150745286;1.1704003843358244;59.90840841666667;10.719866716666667;0.0;59.90840841666667;10.719866716666667;0.0;1778587054.5031219;-56.275;0.0;0.20;-0.888;0.83;-54.111;-17.582;0.951;3.567;59.90850831666667;10.7198365;0.0;-11.129931565807528;1.6907484770793975;9.926862416520521e-06;1778587054.4880044;0.015117406845092773;0.0;0.0;-0.9444151115466517;-54.111000000000004;0.0;0.0;0.011021415062241857;-0.5203480927435731;-0.9444151115466517;-0.6052035315282831;-88.7866081029833;-54.111000000000004;-34.675608102983276;0.011021415062241857;-0.5203480927435731;-0.6052035315282831;0.5204648011266932
2026-05-12_13:57:34:658482;1778587054.6516218;150.0;110.0;0.75;0.9565217391304348;0.75;0.9565217391304348;0.4462163423809696;-1.6502127939052558;-11.118910150745286;1.1704003843358244;59.90840883333333;10.719865366666667;0.0;59.90840883333333;10.719865366666667;0.0;1778587054.6516218;-50.748;2.1404104849155146;0.20;-0.888;0.83;-54.111;-17.582;0.951;3.567;59.90850831666667;10.7198365;0.0;-11.08351046349016;1.6152103284131685;9.826976785198838e-06;1778587054.610199;0.04142284393310547;1.120664297997835;-1.8235867336442897;-0.9444151115466517;-54.111000000000004;2.1343387242749383;-0.1611063437325171;-0.035399687255125656;-0.4448099440773441;-0.9444151115466517;-0.7057976823586039;-94.5502283892631;-54.111000000000004;-40.43922838926308;-0.035399687255125656;-0.4448099440773441;-0.7057976823586039;0.4462163423809696
2026-05-12_13:57:34:835426;1778587054.8343465;150.0;110.0;0.75;0.9565217391304348;0.75;0.9565217391304348;0.4462163423809696;-1.6502127939052558;-11.118910150745286;1.1704003843358244;59.90840883333333;10.719865366666667;0.0;59.90840883333333;10.719865366666667;0.0;1778587054.8343465;-43.379;0.0;0.20;-0.888;0.83;-54.111;-17.582;0.951;3.567;59.90850831666667;10.7198365;0.0;-11.08351046349016;1.6152103284131685;9.826976785198838e-06;1778587054.796969;0.03737759590148926;0.0;0.0;-0.9444151115466517;-54.111000000000004;0.0;0.0;-0.035399687255125656;-0.4448099440773441;-0.9444151115466517;-0.7057976823586039;-94.5502283892631;-54.111000000000004;-40.43922838926308;-0.035399687255125656;-0.4448099440773441;-0.7057976823586039;0.4462163423809696
2026-05-12_13:57:34:968919;1778587054.9689193;150.0;105.62074279785156;0.75;0.9184412417204484;0.75;0.9184412417204484;0.3853448623512567;-1.804524558431976;-11.118910150745286;1.1704003843358244;59.90840931666666;10.719864116666667;0.0;59.90840931666666;10.719864116666667;0.0;1778587054.9689193;-44.485;0.0;0.20;-0.789;1.156;-52.869;12.998;0.91;1.494;59.90850831666667;10.7198365;0.0;-11.029661974499684;1.545267595461768;9.717940575804107e-06;1778587054.89775;0.07116937637329102;0.0;0.0;-0.9227381222368822;-52.86900000000001;0.0;0.0;-0.08924817624560255;-0.3748672111259437;-0.9227381222368822;-0.8817864361950938;-103.39164122586074;-52.86900000000001;-50.522641225860724;-0.08924817624560255;-0.3748672111259437;-0.8817864361950938;0.3853448623512567
2026-05-12_13:57:35:121974;1778587055.1219742;-32.87593078613281;-110.0;-0.16437965393066406;-0.9565217391304348;-0.16437965393066406;-0.9565217391304348;0.3450630692784405;-2.046255297515164;-11.118910150745286;1.1704003843358244;59.90840993333333;10.7198629;0.0;59.90840993333333;10.7198629;0.0;1778587055.1219742;-49.549;0.0;0.20;0.587;1.222;-52.42;1.569;0.177;3.347;59.90850831666667;10.7198365;0.0;-10.960958718381303;1.4771899975792062;9.58269424167213e-06;1778587055.0596218;0.06235241889953613;0.0;0.0;-0.9149015938954275;-52.419999999999995;0.0;0.0;-0.15795143236398346;-0.30678961324338183;-0.9149015938954275;-1.1313537036197365;-117.24179235390551;-52.419999999999995;-64.82179235390551;-0.15795143236398346;-0.30678961324338183;-1.1313537036197365;0.3450630692784405
2026-05-12_13:57:35:431889;1778587055.4318893;150.0;46.26260757446289;0.75;0.4022835441257643;0.75;0.4022835441257643;0.31993036900429817;-2.3337209043941045;-11.118910150745286;1.1704003843358244;59.9084105;10.719861550000001;0.0;59.9084105;10.719861550000001;0.0;1778587055.4284642;-48.016;0.0;0.20;-0.489;1.565;-51.431;-7.469;2.849;6.072;59.90850831666667;10.7198365;0.0;-10.89782600122455;1.401651848854255;9.455991751394777e-06;1778587055.407448;0.024441242218017578;0.0;0.0;-0.8976402875932035;-51.43099999999999;0.0;0.0;-0.22108414952073652;-0.2312514645184307;-0.8976402875932035;-1.436080616800901;-133.71235838323568;-51.43099999999999;-82.2813583832357;-0.22108414952073652;-0.2312514645184307;-1.436080616800901;0.31993036900429817
2026-05-12_13:57:35:824087;1778587055.8240876;-150.0;-110.0;-0.75;-0.9565217391304348;-0.75;-0.9565217391304348;0.3144339080669468;-2.6472456964392306;-11.118910150745286;1.1704003843358244;59.908411;10.719860083333334;0.0;59.908411;10.719860083333334;0.0;1778587055.8240876;-39.576;0.0;0.20;-1.143;1.989;-50.655;-2.161;3.485;6.902;59.90850831666667;10.7198365;0.0;-10.842120666905018;1.3195857193312288;9.34496823568054e-06;1778587055.577507;0.2465806007385254;0.0;0.0;-0.8840965325977277;-50.655;0.0;0.0;-0.27678948384026825;-0.14918533499540443;-0.8840965325977277;-1.7631491638415029;-151.6760057401382;-50.655;-101.02100574013821;-0.27678948384026825;-0.14918533499540443;-1.7631491638415029;0.3144339080669468
2026-05-12_13:57:35:998521;1778587055.9974732;-150.0;-110.0;-0.75;-0.9565217391304348;-0.75;-0.9565217391304348;0.4757690310837651;3.1062486484317673;-11.118910150745286;1.1704003843358244;59.90841278333333;10.719857116666667;0.0;59.90841278333333;10.719857116666667;0.0;1778587055.9974732;-30.183;0.0;0.20;-1.409;3.269;-44.778;-9.13;-1.524;18.438;59.90850831666667;10.7198365;0.0;-10.643438253755672;1.1535883020292623;8.977378454844143e-06;1778587055.9672492;0.030224084854125977;0.0;0.0;-0.7815235324580208;-44.77799999999999;0.0;0.0;-0.4754718969896139;0.01681208230656206;-0.7815235324580208;-2.3954131262897977;177.9749376733565;-44.77799999999999;-137.24706232664346;-0.4754718969896139;0.01681208230656206;-2.3954131262897977;0.4757690310837651
2026-05-12_13:57:36:165722;1778587056.160336;-150.0;-110.0;-0.75;-0.9565217391304348;-0.75;-0.9565217391304348;0.6221954024908892;2.968319085775122;-11.118910150745286;1.1704003843358244;59.90841401666667;10.7198555;0.0;59.90841401666667;10.7198555;0.0;1778587056.160336;-25.23;0.0;0.20;-1.409;3.269;-44.778;-9.13;-1.524;18.438;59.90850831666667;10.7198365;0.0;-10.506031715545799;1.0631290342546986;8.734853429892553e-06;1778587056.0976138;0.06272220611572266;0.0;0.0;-0.7815235324580208;-44.77799999999999;0.0;0.0;-0.6128784351994874;0.10727135008112576;-0.7815235324580208;-2.533342688946444;170.07215586304548;-44.77799999999999;-145.14984413695456;-0.6128784351994874;0.10727135008112576;-2.533342688946444;0.6221954024908892
2026-05-12_13:57:36:671357;1778587056.6630497;26.79710578918457;-110.0;0.13398552894592286;-0.9565217391304348;0.13398552894592286;-0.9565217391304348;0.992372236038755;2.8645734129983804;-11.118910150745286;1.1704003843358244;59.90841708333333;10.719852566666667;0.0;59.90841708333333;10.719852566666667;0.0;1778587056.6625445;-16.465;0.0;0.20;0.382;1.645;-35.154;4.849;-2.786;15.92;59.90850831666667;10.7198365;0.0;-10.164372188234857;0.8989967495278182;8.157004914188803e-06;1778587056.507614;0.15543580055236816;0.0;0.0;-0.6135530452460864;-35.15399999999999;0.0;0.0;-0.9545379625104289;0.2714036348080062;-0.6135530452460864;-2.8050588489351194;164.1279666701929;-35.15399999999999;-160.7180333298071;-0.9545379625104289;0.2714036348080062;-2.8050588489351194;0.992372236038755
2026-05-12_13:57:36:790561;1778587056.7905614;-150.0;-110.0;-0.75;-0.9565217391304348;-0.75;-0.9565217391304348;1.2059337505116905;2.861058330584532;-11.118910150745286;1.1704003843358244;59.90841891666667;10.71985145;0.0;59.90841891666667;10.71985145;0.0;1778587056.7905614;-19.461;0.0;0.20;0.018;0.914;-32.75;-6.391;-5.575;14.611;59.90850831666667;10.7198365;0.0;-9.960119199021786;0.8365145642911007;7.826051897197317e-06;1778587056.7634785;0.02708292007446289;0.0;0.0;-0.5715953300281429;-32.75;0.0;0.0;-1.1587909517234998;0.33388582004472367;-0.5715953300281429;-2.8505316465669113;163.92656728323874;-32.75;-163.32343271676126;-1.1587909517234998;0.33388582004472367;-2.8505316465669113;1.2059337505116905
2026-05-12_13:57:36:947481;1778587056.9464715;-150.0;-110.0;-0.75;-0.9565217391304348;-0.75;-0.9565217391304348;1.4169888357881;2.8553413080226777;-11.118910150745286;1.1704003843358244;59.90842071666667;10.719850266666667;0.0;59.90842071666667;10.719850266666667;0.0;1778587056.9464715;-19.226;0.0;0.20;-2.153;-0.408;-29.78;-7.283;-4.4;10.88;59.90850831666667;10.7198365;0.0;-9.759579899602866;0.770302110061617;7.5071088900813265e-06;1778587056.9124136;0.0340578556060791;0.0;0.0;-0.5197590512439114;-29.780000000000005;0.0;0.0;-1.3593302511424206;0.4000982742742074;-0.5197590512439114;-2.9080849479129967;163.5990060190634;-29.780000000000005;-166.62099398093656;-1.3593302511424206;0.4000982742742074;-2.9080849479129967;1.4169888357881
2026-05-12_13:57:37:169464;1778587057.1674576;-21.191999435424805;-110.0;-0.10595999717712402;-0.9565217391304348;-0.10595999717712402;-0.9565217391304348;1.6249014255542031;2.8457257044023647;-11.118910150745286;1.1704003843358244;59.908422466666664;10.71984895;0.0;59.908422466666664;10.71984895;0.0;1778587057.1674576;-14.551;0.0;0.20;-2.266;-0.474;-27.803;4.234;1.384;9.389;59.90850831666667;10.7198365;0.0;-9.564611137177094;0.6966291112630199;7.20323238478926e-06;1778587057.0732436;0.09421396255493164;0.0;0.0;-0.48525389193198354;-27.803000000000004;0.0;0.0;-1.5542990135681922;0.47377127307280453;-0.48525389193198354;-2.952205710845238;163.04807251414877;-27.803000000000004;-169.14892748585123;-1.5542990135681922;0.47377127307280453;-2.952205710845238;1.6249014255542031
2026-05-12_13:57:37:408608;1778587057.4061787;-150.0;-110.0;-0.75;-0.9565217391304348;-0.75;-0.9565217391304348;1.826617275514433;2.842557385911923;-11.118910150745286;1.1704003843358244;59.90842418333333;10.7198478;0.0;59.90842418333333;10.7198478;0.0;1778587057.4033668;-15.419;0.0;0.20;-0.57;0.571;-25.611;4.68;3.083;7.034;59.90850831666667;10.7198365;0.0;-9.373356063178274;0.6322818113559774;6.9143109380220835e-06;1778587057.3727655;0.03341317176818848;0.0;0.0;-0.44699627472826764;-25.610999999999994;0.0;0.0;-1.7455540875670117;0.538118572979847;-0.44699627472826764;-2.993631646539395;162.8665412364932;-25.610999999999994;-171.52245876350676;-1.7455540875670117;0.538118572979847;-2.993631646539395;1.826617275514433
2026-05-12_13:57:37:549838;1778587057.549838;-150.0;110.0;-0.75;0.9565217391304348;-0.75;0.9565217391304348;2.0220468297045096;2.84387762796952;-11.118910150745286;1.1704003843358244;59.90842586666667;10.719846816666667;0.0;59.90842586666667;10.719846816666667;0.0;1778587057.5493343;-16.283;0.0;0.20;-0.57;0.571;-25.611;4.68;3.083;7.034;59.90850831666667;10.7198365;0.0;-9.185814676234445;0.5772602087080363;6.635757615836013e-06;1778587057.5361674;0.013670682907104492;0.0;0.0;-0.44699627472826764;-25.610999999999994;0.0;0.0;-1.933095474510841;0.5931401756277881;-0.44699627472826764;-2.992311404481798;162.94218553432918;-25.610999999999994;-171.4468144656708;-1.933095474510841;0.5931401756277881;-2.992311404481798;2.0220468297045096
2026-05-12_13:57:37:722626;1778587057.721038;-47.441925048828125;-110.0;-0.23720962524414063;-0.9565217391304348;-0.23720962524414063;-0.9565217391304348;2.2073756946024243;2.8426818229860995;-11.118910150745286;1.1704003843358244;59.90842745;10.7198458;0.0;59.90842745;10.7198458;0.0;1778587057.721038;-16.269;0.0;0.20;-0.302;0.531;-23.75;-0.803;-1.992;5.123;59.90850831666667;10.7198365;0.0;-9.009414363969576;0.5203734751258571;6.3804775591869145e-06;1778587057.6858606;0.03517746925354004;0.0;0.0;-0.41451569734865323;-23.75;0.0;0.0;-2.1094957867757103;0.6500269092099673;-0.41451569734865323;-3.0259877868448335;162.87367095565847;-23.75;-173.37632904434153;-2.1094957867757103;0.6500269092099673;-3.0259877868448335;2.2073756946024243
2026-05-12_13:57:37:900643;1778587057.895514;-150.0;-110.0;-0.75;-0.9565217391304348;-0.75;-0.9565217391304348;2.3815129280336316;2.841037342418031;-11.118910150745286;1.1704003843358244;59.90842893333333;10.719844816666667;0.0;59.90842893333333;10.719844816666667;0.0;1778587057.8945153;-16.935;0.0;0.20;-0.481;0.281;-22.977;-0.778;-0.331;3.085;59.90850831666667;10.7198365;0.0;-8.844155121824286;0.4653518861529382;6.144654489670387e-06;1778587057.8535335;0.04198050498962402;0.0;0.0;-0.40102430223073693;-22.97699999999999;0.0;0.0;-2.2747550289209997;0.7050484981828862;-0.40102430223073693;-3.0411236625308185;162.77944915961686;-22.97699999999999;-174.24355084038314;-2.2747550289209997;0.7050484981828862;-3.0411236625308185;2.3815129280336316
2026-05-12_13:57:38:040453;1778587058.0399365;-150.0;-110.0;-0.75;-0.9565217391304348;-0.75;-0.9565217391304348;2.5467930976370416;2.8385327860369505;-11.118910150745286;1.1704003843358244;59.908430333333335;10.719843833333334;0.0;59.908430333333335;10.719843833333334;0.0;1778587058.0399365;-17.639;10.89056112081162;0.20;-0.481;0.281;-22.977;-0.778;-0.331;3.085;59.90850831666667;10.7198365;0.0;-8.688180105271353;0.41033030322358144;5.926912847176169e-06;1778587058.0247495;0.01518702507019043;0.0;0.0;-0.40102430223073693;-22.97699999999999;0.0;0.0;-2.4307300454739327;0.760070081112243;-0.40102430223073693;-3.0436282189118984;162.6359486494284;-22.97699999999999;-174.3870513505716;-2.4307300454739327;0.760070081112243;-3.0436282189118984;2.5467930976370416
2026-05-12_13:57:38:206941;1778587058.2069416;-150.0;-110.0;-0.75;-0.9565217391304348;-0.75;-0.9565217391304348;2.5467930976370416;2.8385327860369505;-11.118910150745286;1.1704003843358244;59.908430333333335;10.719843833333334;0.0;59.908430333333335;10.719843833333334;0.0;1778587058.2069416;-17.806;0.0;0.20;-0.481;0.281;-22.977;-0.778;-0.331;3.085;59.90850831666667;10.7198365;0.0;-8.688180105271353;0.41033030322358144;5.926912847176169e-06;1778587058.180671;0.026270627975463867;0.0;0.0;-0.40102430223073693;-22.97699999999999;0.0;0.0;-2.4307300454739327;0.760070081112243;-0.40102430223073693;-3.0436282189118984;162.6359486494284;-22.97699999999999;-174.3870513505716;-2.4307300454739327;0.760070081112243;-3.0436282189118984;2.5467930976370416
2026-05-12_13:57:38:368800;1778587058.3688004;-150.0;29.94514274597168;-0.75;0.26039254561714503;-0.75;0.26039254561714503;2.7052853610180096;2.8351795900708985;-11.118910150745286;1.1704003843358244;59.908431666666665;10.719842833333333;0.0;59.908431666666665;10.719842833333333;0.0;1778587058.367264;-18.281;0.0;0.20;-0.481;0.281;-22.977;-0.778;-0.331;3.085;59.90850831666667;10.7198365;0.0;-8.539632471910968;0.354376156751008;5.72249148822479e-06;1778587058.339329;0.029471397399902344;0.0;0.0;-0.40102430223073693;-22.97699999999999;0.0;0.0;-2.579277678834318;0.8160242275848164;-0.40102430223073693;-3.0469814148779513;162.44382467269332;-22.97699999999999;-174.5791753273067;-2.579277678834318;0.8160242275848164;-3.0469814148779513;2.7052853610180096
2026-05-12_13:57:38:575512;1778587058.5688524;-61.54664611816406;-110.0;-0.3077332305908203;-0.9565217391304348;-0.3077332305908203;-0.9565217391304348;2.8526251591426015;2.831631197187212;-11.118910150745286;1.1704003843358244;59.9084329;10.719841866666666;0.0;59.9084329;10.719841866666666;0.0;1778587058.567737;-19.615;0.0;0.20;-0.524;1.593;-22.743;1.13;1.113;-1.01;59.90850831666667;10.7198365;0.0;-8.402225910081162;0.3002871531408582;5.537785861875477e-06;1778587058.4909813;0.07787108421325684;0.0;0.0;-0.3969402317810702;-22.74299999999999;0.0;0.0;-2.716684240664124;0.8701132311949662;-0.3969402317810702;-3.0546138782113044;162.24051673640383;-22.74299999999999;-175.0164832635962;-2.716684240664124;0.8701132311949662;-3.0546138782113044;2.8526251591426015
2026-05-12_13:57:38:684503;1778587058.6845036;-150.0;-110.0;-0.75;-0.9565217391304348;-0.75;-0.9565217391304348;2.9985184593206746;2.827944736081795;-11.118910150745286;1.1704003843358244;59.90843411666667;10.719840883333333;0.0;59.90843411666667;10.719840883333333;0.0;1778587058.6845036;-22.024;2.1174396092945313;0.20;-0.524;1.593;-22.743;1.13;1.113;-1.01;59.90850831666667;10.7198365;0.0;-8.266676192209992;0.24526558514982466;5.358014458778371e-06;1778587058.6845036;0.0;1.9619666154756514;-0.7963902929855644;-0.3969402317810702;-22.74299999999999;2.117303326031116;0.024023417329538388;-2.852233958535294;0.9251347991859997;-0.3969402317810702;-3.0583003393167214;162.0292980737243;-22.74299999999999;-175.22770192627573;-2.852233958535294;0.9251347991859997;-3.0583003393167214;2.9985184593206746
2026-05-12_13:57:38:869629;1778587058.8696291;-150.0;-110.0;-0.75;-0.9565217391304348;-0.75;-0.9565217391304348;3.1409077943107433;2.8223548637629596;-11.118910150745286;1.1704003843358244;59.90843528333333;10.719839799999999;0.0;59.90843528333333;10.719839799999999;0.0;1778587058.869051;-26.064;4.119902356001832;0.20;-0.238;1.643;-23.358;1.329;-0.036;-3.467;59.90850831666667;10.7198365;0.0;-8.136697011215912;0.18464860889723655;5.18907124247292e-06;1778587058.8342397;0.03538942337036133;0.0;0.0;-0.40767400668083553;-23.358000000000004;0.0;0.0;-2.9822131395293745;0.9857517754385878;-0.40767400668083553;-3.053156436735791;161.70902198183802;-23.358000000000004;-174.93297801816198;-2.9822131395293745;0.9857517754385878;-3.053156436735791;3.1409077943107433
2026-05-12_13:57:39:104667;1778587059.1036677;-150.0;-110.0;-0.75;-0.9565217391304348;-0.75;-0.9565217391304348;3.277880299122831;2.8133809594254844;-11.118910150745286;1.1704003843358244;59.90843636666666;10.719838533333334;0.0;59.90843636666666;10.719838533333334;0.0;1778587059.102667;-34.758;0.0;0.20;-0.046;2.105;-25.275;1.678;2.115;-8.932;59.90850831666667;10.7198365;0.0;-8.016002057922334;0.11377338161849315;5.033758645023312e-06;1778587059.044451;0.05921673774719238;0.0;0.0;-0.4411319684415669;-25.275000000000006;0.0;0.0;-3.102908092822952;1.0566270027173312;-0.4411319684415669;-3.0286723793125354;161.19485513754657;-25.275000000000006;-173.53014486245345;-3.102908092822952;1.0566270027173312;-3.0286723793125354;3.277880299122831
2026-05-12_13:57:39:263230;1778587059.2632308;-150.0;-110.0;-0.75;-0.9565217391304348;-0.75;-0.9565217391304348;3.4238052269869756;2.797928560549556;-11.118910150745286;1.1704003843358244;59.90843745;10.7198368;0.0;59.90843745;10.7198368;0.0;1778587059.2632308;-41.822;3.0621350859330807;0.20;-0.046;2.105;-25.275;1.678;2.115;-8.932;59.90850831666667;10.7198365;0.0;-7.895307099913873;0.01678623609832197;4.8833310191120916e-06;1778587059.2126665;0.05056428909301758;0.0;0.0;-0.4411319684415669;-25.275000000000006;0.0;0.0;-3.2236030508314135;1.1536141482375024;-0.4411319684415669;-3.044124778188463;160.30949789860315;-25.275000000000006;-174.4155021013968;-3.2236030508314135;1.1536141482375024;-3.044124778188463;3.4238052269869756
2026-05-12_13:57:39:382495;1778587059.3824954;-150.0;-110.0;-0.75;-0.9565217391304348;-0.75;-0.9565217391304348;3.4238052269869756;2.797928560549556;-11.118910150745286;1.1704003843358244;59.90843745;10.7198368;0.0;59.90843745;10.7198368;0.0;1778587059.3824954;-48.654;0.0;0.20;-0.046;2.105;-25.275;1.678;2.115;-8.932;59.90850831666667;10.7198365;0.0;-7.895307099913873;0.01678623609832197;4.8833310191120916e-06;1778587059.364235;0.018260478973388672;0.0;0.0;-0.4411319684415669;-25.275000000000006;0.0;0.0;-3.2236030508314135;1.1536141482375024;-0.4411319684415669;-3.044124778188463;160.30949789860315;-25.275000000000006;-174.4155021013968;-3.2236030508314135;1.1536141482375024;-3.044124778188463;3.4238052269869756
2026-05-12_13:57:39:560082;1778587059.5569837;-150.0;-110.0;-0.75;-0.9565217391304348;-0.75;-0.9565217391304348;3.5878526798094397;2.773879714383589;-11.118910150745286;1.1704003843358244;59.90843856666667;10.719834366666667;0.0;59.90843856666667;10.719834366666667;0.0;1778587059.5569837;-52.939;0.0;0.20;-0.046;2.105;-25.275;1.678;2.115;-8.932;59.90850831666667;10.7198365;0.0;-7.770898451292451;-0.11936878584259092;4.732131793527827e-06;1778587059.5309758;0.026007890701293945;0.0;0.0;-0.4411319684415669;-25.275000000000006;0.0;0.0;-3.348011699452835;1.2897691701784153;-0.4411319684415669;-3.06817362435443;158.9316005111339;-25.275000000000006;-175.7933994888661;-3.348011699452835;1.2897691701784153;-3.06817362435443;3.5878526798094397
2026-05-12_13:57:39:743677;1778587059.742676;-103.3642349243164;-110.0;-0.5168211746215821;-0.9565217391304348;-0.5168211746215821;-0.9565217391304348;3.7578477435327433;2.7467490454543424;-11.118910150745286;1.1704003843358244;59.90843965;10.719831583333333;0.0;59.90843965;10.719831583333333;0.0;1778587059.736455;-57.384;0.0;0.20;-0.046;2.105;-25.275;1.678;2.115;-8.932;59.90850831666667;10.7198365;0.0;-7.6502034859354975;-0.2751077398469084;4.590268051885005e-06;1778587059.6854699;0.057206153869628906;0.0;0.0;-0.4411319684415669;-25.275000000000006;0.0;0.0;-3.4687066648097886;1.4455081241827328;-0.4411319684415669;-3.095304293283677;157.37712768612133;-25.275000000000006;-177.34787231387867;-3.4687066648097886;1.4455081241827328;-3.095304293283677;3.7578477435327433
2026-05-12_13:57:39:892153;1778587059.8921535;-150.0;-110.0;-0.75;-0.9565217391304348;-0.75;-0.9565217391304348;3.9236322720987173;2.7188728482992026;-11.118910150745286;1.1704003843358244;59.908440633333335;10.71982865;0.0;59.908440633333335;10.71982865;0.0;1778587059.891162;-65.092;0.0;0.20;1.024;-0.819;-40.538;4.496;0.071;-24.782;59.90850831666667;10.7198365;0.0;-7.540649584938769;-0.4392398021184538;4.469045951083217e-06;1778587059.8613539;0.03079962730407715;0.0;0.0;-0.7075215721734613;-40.538000000000004;0.0;0.0;-3.5782605658065174;1.6096401864542782;-0.7075215721734613;-2.8567908867069223;155.77993924025725;-40.538000000000004;-163.68206075974277;-3.5782605658065174;1.6096401864542782;-2.8567908867069223;3.9236322720987173
2026-05-12_13:57:40:152661;1778587060.147477;-150.0;-110.0;-0.75;-0.9565217391304348;-0.75;-0.9565217391304348;4.070359314912925;2.6876334721395794;-11.118910150745286;1.1704003843358244;59.90844135;10.719825516666667;0.0;59.90844135;10.719825516666667;0.0;1778587060.147477;-74.29;1.6521915836466112;0.20;1.872;0.246;-47.014;1.742;4.544;-28.968;59.90850831666667;10.7198365;0.0;-7.46080520372215;-0.6145626822465843;4.391410217685632e-06;1778587060.0308754;0.11660146713256836;0.6847630924389727;-1.5036078399322337;-0.8205490945326144;-47.01400000000002;1.56680461599285;-0.5242712316881025;-3.658104947023136;1.7849630665824088;-0.8205490945326144;-2.775002740507393;153.99005483168924;-47.01400000000002;-158.99594516831078;-3.658104947023136;1.7849630665824088;-2.775002740507393;4.070359314912925
2026-05-12_13:57:40:302458;1778587060.302458;-112.80848693847656;-110.0;-0.5640424346923828;-0.9565217391304348;-0.5640424346923828;-0.9565217391304348;4.1979838926952615;2.653733269846904;-11.118910150745286;1.1704003843358244;59.9084418;10.71982225;0.0;59.9084418;10.71982225;0.0;1778587060.3021367;-83.234;0.0;0.20;1.947;0.594;-49.43;1.216;2.897;-30.549;59.90850831666667;10.7198365;0.0;-7.410670339370798;-0.797346109668462;4.352591594258826e-06;1778587060.2751226;0.027335405349731445;0.0;0.0;-0.8627162492607972;-49.43000000000001;0.0;0.0;-3.7082398113744883;1.9677464940042864;-0.8627162492607972;-2.7667357880718857;152.0477163156792;-49.43000000000001;-158.52228368432083;-3.7082398113744883;1.9677464940042864;-2.7667357880718857;4.1979838926952615
2026-05-12_13:57:40:488984;1778587060.4886758;-76.0314712524414;-110.0;-0.38015735626220704;-0.9565217391304348;-0.38015735626220704;-0.9565217391304348;4.311797834056936;2.617183827534722;-11.118910150745286;1.1704003843358244;59.90844201666667;10.719818833333333;0.0;59.90844201666667;10.719818833333333;0.0;1778587060.4853914;-93.175;3.390280978694741;0.20;1.947;0.594;-49.43;1.216;2.897;-30.549;59.90850831666667;10.7198365;0.0;-7.3865313023135;-0.9885226558759143;4.349062022956929e-06;1778587060.4436781;0.0449976921081543;0.0;0.0;-0.8627162492607972;-49.43000000000001;0.0;0.0;-3.732378848431786;2.1589230402117385;-0.8627162492607972;-2.803285230384067;149.9535875276343;-49.43000000000001;-160.6164124723657;-3.732378848431786;2.1589230402117385;-2.803285230384067;4.311797834056936
2026-05-12_13:57:40:746699;1778587060.7466998;-33.31273651123047;-110.0;-0.16656368255615234;-0.9565217391304348;-0.16656368255615234;-0.9565217391304348;4.40309993459428;2.5815811656299816;-11.118910150745286;1.1704003843358244;59.908442;10.719815616666667;0.0;59.908442;10.719815616666667;0.0;1778587060.7466998;-98.391;1.3194201110745158;0.20;1.796;-0.867;-63.686;-3.383;-5.481;-30.492;59.90850831666667;10.7198365;0.0;-7.3883880959012265;-1.16850838522878;4.383185248535426e-06;1778587060.6102798;0.13642001152038574;-0.01361085933824901;-1.3193499058308604;-1.111530387425109;-63.68600000000002;1.176602854820062;-0.5970554007268556;-3.7305220548440596;2.3389087695646045;-1.111530387425109;-2.5900737541244956;147.9137052610615;-63.68600000000002;-148.4002947389385;-3.7305220548440596;2.3389087695646045;-2.5900737541244956;4.40309993459428
2026-05-12_13:57:40:906820;1778587060.899633;-18.04365348815918;-110.0;-0.0902182674407959;-0.9565217391304348;-0.0902182674407959;-0.9565217391304348;4.4683214550418295;2.546743947253454;-11.118910150745286;1.1704003843358244;59.90844173333333;10.719812666666666;0.0;59.90844173333333;10.719812666666666;0.0;1778587060.899633;-116.484;0.0;0.20;0.018;-0.211;-73.839;-5.222;5.593;-32.573;59.90850831666667;10.7198365;0.0;-7.418097567754422;-1.3335730282953122;4.45023879924733e-06;1778587060.869963;0.029670000076293945;0.0;0.0;-1.288733666380093;-73.839;0.0;0.0;-3.7008125829908645;2.5039734126311366;-1.288733666380093;-2.4477076935460396;145.91767967811086;-73.839;-140.24332032188917;-3.7008125829908645;2.5039734126311366;-2.4477076935460396;4.4683214550418295
2026-05-12_13:57:41:040882;1778587061.0408823;-12.975508689880371;-110.0;-0.06487754344940186;-0.9565217391304348;-0.06487754344940186;-0.9565217391304348;4.513655951487686;2.512218222038896;-11.118910150745286;1.1704003843358244;59.908441266666664;10.719809933333334;0.0;59.908441266666664;10.719809933333334;0.0;1778587061.0408823;-126.072;10.26785544568977;0.20;0.018;-0.211;-73.839;-5.222;5.593;-32.573;59.90850831666667;10.7198365;0.0;-7.470089183044426;-1.4865142913861416;4.5435894220346995e-06;1778587061.02515;0.015732288360595703;0.0;0.0;-1.288733666380093;-73.839;0.0;0.0;-3.6488209677008605;2.656914675721966;-1.288733666380093;-2.4822334187605968;143.93950133868827;-73.839;-142.2214986613117;-3.6488209677008605;2.656914675721966;-2.4822334187605968;4.513655951487686
2026-05-12_13:57:41:248903;1778587061.2489035;-11.304868698120117;-110.0;-0.056524343490600586;-0.9565217391304348;-0.056524343490600586;-0.9565217391304348;4.5264430058534275;2.477119901133571;-11.118910150745286;1.1704003843358244;59.9084405;10.719807533333334;0.0;59.9084405;10.719807533333334;0.0;1778587061.2460063;-137.769;4.807482691579516;0.20;-0.506;1.088;-82.201;2.695;1.983;-37.975;59.90850831666667;10.7198365;0.0;-7.555504021522266;-1.6208042021205722;4.6771128605627155e-06;1778587061.22116;0.02774357795715332;0.0;0.0;-1.4346780984318588;-82.201;0.0;0.0;-3.5634061292230204;2.791204586456397;-1.4346780984318588;-2.3713873076141567;141.92851568281736;-82.201;-135.87048431718264;-3.5634061292230204;2.791204586456397;-2.3713873076141567;4.5264430058534275
2026-05-12_13:57:41:428689;1778587061.4286895;-34.72913360595703;-110.0;-0.17364566802978515;-0.9565217391304348;-0.17364566802978515;-0.9565217391304348;4.5264430058534275;2.477119901133571;-11.118910150745286;1.1704003843358244;59.9084405;10.719807533333334;0.0;59.9084405;10.719807533333334;0.0;1778587061.4217205;-143.782;0.0;0.20;-0.506;1.088;-82.201;2.695;1.983;-37.975;59.90850831666667;10.7198365;0.0;-7.555504021522266;-1.6208042021205722;4.6771128605627155e-06;1778587061.360813;0.06787657737731934;0.0;0.0;-1.4346780984318588;-82.201;0.0;0.0;-3.5634061292230204;2.791204586456397;-1.4346780984318588;-2.3713873076141567;141.92851568281736;-82.201;-135.87048431718264;-3.5634061292230204;2.791204586456397;-2.3713873076141567;4.5264430058534275
2026-05-12_13:57:41:570337;1778587061.5703373;-144.9443817138672;-110.0;-0.7247219085693359;-0.9565217391304348;-0.7247219085693359;-0.9565217391304348;4.515623991849309;2.438445721269701;-11.118910150745286;1.1704003843358244;59.908439433333335;10.719805233333334;0.0;59.908439433333335;10.719805233333334;0.0;1778587061.5703373;-148.582;0.0;0.20;0.935;-0.156;-96.214;4.751;-7.137;-38.647;59.90850831666667;10.7198365;0.0;-7.674342073490933;-1.749498722983696;4.8531991740929925e-06;1778587061.5271783;0.04315900802612305;0.0;0.0;-1.6792510865138242;-96.214;-0.0;0.0;-3.4445680772543534;2.9198991073195204;-1.6792510865138242;-2.1654884993960613;139.71264840048778;-96.214;-124.07335159951222;-3.4445680772543534;2.9198991073195204;-2.1654884993960613;4.515623991849309
2026-05-12_13:57:41:742079;1778587061.7420795;60.96430969238281;-110.0;0.30482154846191406;-0.9565217391304348;0.30482154846191406;-0.9565217391304348;4.4945510243754025;2.4001104412891445;-11.118910150745286;1.1704003843358244;59.908438266666664;10.719803166666667;0.0;59.908438266666664;10.719803166666667;0.0;1778587061.7420795;-158.351;0.0;0.20;1.481;-0.608;-103.612;0.97;0.224;-36.136;59.90850831666667;10.7198365;0.0;-7.804321202282847;-1.865137296775159;5.043781432068073e-06;1778587061.7084963;0.03358316421508789;0.0;0.0;-1.8083705445763647;-103.612;-0.0;0.0;-3.314588948462439;3.0355376811109833;-1.8083705445763647;-2.0747043213140772;137.51619865114955;-103.612;-118.87180134885047;-3.314588948462439;3.0355376811109833;-2.0747043213140772;4.4945510243754025
2026-05-12_13:57:41:967707;1778587061.967707;117.14816284179688;-110.0;0.5857408142089844;-0.9565217391304348;0.5857408142089844;-0.9565217391304348;4.453305889838689;2.3669834699832024;-11.118910150745286;1.1704003843358244;59.90843708333333;10.71980175;0.0;59.90843708333333;10.71980175;0.0;1778587061.967707;-168.613;0.0;0.20;1.12;0.479;-111.208;-3.119;5.769;-40.104;59.90850831666667;10.7198365;0.0;-7.936157191647085;-1.9444057010928661;5.229670591244684e-06;1778587061.8865721;0.08113479614257812;0.0;0.0;-1.940945754557854;-111.208;-0.0;0.0;-3.1827529590982007;3.1148060854286905;-1.940945754557854;-1.9752560826385297;135.61816300726807;-111.208;-113.1738369927319;-3.1827529590982007;3.1148060854286905;-1.9752560826385297;4.453305889838689
2026-05-12_13:57:42:117058;1778587062.114584;150.0;-110.0;0.75;-0.9565217391304348;0.75;-0.9565217391304348;4.3727229279812;2.3353226670272362;-11.118910150745286;1.1704003843358244;59.90843568333333;10.719801016666667;0.0;59.90843568333333;10.719801016666667;0.0;1778587062.114584;173.928;0.0;0.20;0.37;1.407;-119.98;-2.073;2.068;-45.823;59.90850831666667;10.7198365;0.0;-8.092132193119735;-1.9854388067708104;5.437852306666713e-06;1778587062.0960295;0.0185544490814209;0.0;0.0;-2.094046036542797;-119.98000000000002;-0.0;0.0;-3.0267779576255514;3.155839191106635;-2.094046036542797;-1.8538166036095536;133.8041326218959;-119.98000000000002;-106.21586737810411;-3.0267779576255514;3.155839191106635;-1.8538166036095536;4.3727229279812
2026-05-12_13:57:42:464519;1778587062.4645197;150.0;-110.0;0.75;-0.9565217391304348;0.75;-0.9565217391304348;4.256129397977884;2.3040288644462237;-11.118910150745286;1.1704003843358244;59.90843408333333;10.7198009;0.0;59.90843408333333;10.7198009;0.0;1778587062.3848095;166.997;0.0;0.20;0.154;1.498;-123.663;-1.362;0.598;-45.834;59.90850831666667;10.7198365;0.0;-8.270389356618313;-1.9919668836705067;5.66801739898537e-06;1778587062.255838;0.20868182182312012;0.0;0.0;-2.1583265128937477;-123.663;-0.0;0.0;-2.848520794126973;3.162367268006331;-2.1583265128937477;-1.820829929839615;132.01112980908826;-123.663;-104.32587019091173;-2.848520794126973;3.162367268006331;-1.820829929839615;4.256129397977884
2026-05-12_13:57:42:674348;1778587062.674348;150.0;-110.0;0.75;-0.9565217391304348;0.75;-0.9565217391304348;4.1343452777553305;2.2776788196796;-11.118910150745286;1.1704003843358244;59.908432616666666;10.719801233333333;0.0;59.908432616666666;10.719801233333333;0.0;1778587062.674348;159.76;0.0;0.20;0.278;0.89;-135.897;3.799;-3.537;-41.961;59.90850831666667;10.7198365;0.0;-8.433791770579063;-1.9733155952321955;5.876848741870333e-06;1778587062.4944425;0.17990565299987793;0.0;0.0;-2.371850093582734;-135.897;-0.0;0.0;-2.685118380166223;3.14371597956802;-2.371850093582734;-1.6336563939172528;130.50138345397997;-135.897;-93.60161654602008;-2.685118380166223;3.14371597956802;-1.6336563939172528;4.1343452777553305
2026-05-12_13:57:42:894801;1778587062.8948014;150.0;-82.67243957519531;0.75;-0.7188907789147418;0.75;-0.7188907789147418;3.8521440404909053;2.2308662507635924;-11.118910150745286;1.1704003843358244;59.90842971666667;10.719803033333333;0.0;59.90842971666667;10.719803033333333;0.0;1778587062.8948014;144.032;43.525965856304026;0.20;1.346;0.155;-153.692;0.864;-0.674;-45.072;59.90850831666667;10.7198365;0.0;-8.75688293897039;-1.8725983273833426;6.281109892203318e-06;1778587062.8907897;0.004011631011962891;0.0;0.0;-2.682431433975125;-153.692;-0.0;0.0;-2.3620272117748957;3.042998711719167;-2.682431433975125;-1.369887622440869;127.8192208269274;-153.692;-78.48877917307259;-2.3620272117748957;3.042998711719167;-1.369887622440869;3.8521440404909053
2026-05-12_13:57:43:061551;1778587063.0615516;150.0;39.78211212158203;0.75;0.3459314097528872;0.75;0.3459314097528872;3.698697237965464;2.2129861433643607;-11.118910150745286;1.1704003843358244;59.9084284;10.719804483333334;0.0;59.9084284;10.719804483333334;0.0;1778587063.057654;137.182;4.937423313855952;0.20;1.346;0.155;-153.692;0.864;-0.674;-45.072;59.90850831666667;10.7198365;0.0;-8.903573773153784;-1.791464905013628;6.461105254373933e-06;1778587063.0237024;0.03784918785095215;0.0;0.0;-2.682431433975125;-153.692;-0.0;0.0;-2.215336377591502;2.9618652893494524;-2.682431433975125;-1.3877677298400997;126.7947661357108;-153.692;-79.51323386428915;-2.215336377591502;2.9618652893494524;-1.3877677298400997;3.698697237965464
2026-05-12_13:57:43:211282;1778587063.2112823;150.0;110.0;0.75;0.9565217391304348;0.75;0.9565217391304348;3.698697237965464;2.2129861433643607;-11.118910150745286;1.1704003843358244;59.9084284;10.719804483333334;0.0;59.9084284;10.719804483333334;0.0;1778587063.2112823;131.868;0.0;0.20;1.346;0.155;-153.692;0.864;-0.674;-45.072;59.90850831666667;10.7198365;0.0;-8.903573773153784;-1.791464905013628;6.461105254373933e-06;1778587063.1694171;0.04186511039733887;0.0;0.0;-2.682431433975125;-153.692;-0.0;0.0;-2.215336377591502;2.9618652893494524;-2.682431433975125;-1.3877677298400997;126.7947661357108;-153.692;-79.51323386428915;-2.215336377591502;2.9618652893494524;-1.3877677298400997;3.698697237965464
2026-05-12_13:57:43:804438;1778587063.8044386;150.0;110.0;0.75;0.9565217391304348;0.75;0.9565217391304348;3.365548637769163;2.192786078357813;-11.118910150745286;1.1704003843358244;59.90842611666667;10.719808533333334;0.0;59.90842611666667;10.719808533333334;0.0;1778587063.8044386;119.824;0.590994290733908;0.20;1.423;-0.199;176.657;0.255;-5.854;-45.387;59.90850831666667;10.7198365;0.0;-9.157961709242109;-1.564850763722819;6.7615279855104404e-06;1778587063.5136466;0.29079198837280273;-0.40228523045749076;0.4329443902346261;3.0832462966956236;176.65700000000004;0.4268470732608524;-0.40874910119596974;-1.9609484415031773;2.7352511480586434;3.0832462966956236;-0.8904602183378105;125.6373876649457;176.65700000000004;-51.01961233505433;-1.9609484415031773;2.7352511480586434;-0.8904602183378105;3.365548637769163
2026-05-12_13:57:44:121176;1778587064.1211762;150.0;24.936073303222656;0.75;0.21683542002802308;0.75;0.21683542002802308;2.8779681481609063;2.207147104674894;-11.118910150745286;1.1704003843358244;59.908423866666666;10.71981605;0.0;59.908423866666666;10.71981605;0.0;1778587064.1211762;91.173;36.385256980822895;0.20;-1.523;0.125;151.427;-4.639;1.944;-41.379;59.90850831666667;10.7198365;0.0;-9.408636003836147;-1.144262226984221;7.037021330980053e-06;1778587064.1168647;0.004311561584472656;0.0;0.0;2.642899726417453;151.427;0.0;-0.0;-1.7102741469091391;2.3146626113200455;2.642899726417453;-0.43575262174255913;126.46021386239076;151.427;-24.96678613760923;-1.7102741469091391;2.3146626113200455;-0.43575262174255913;2.8779681481609063
2026-05-12_13:57:44:294965;1778587064.2949653;150.0;110.0;0.75;0.9565217391304348;0.75;0.9565217391304348;2.751999962027041;2.2336812400343127;-11.118910150745286;1.1704003843358244;59.90842371666667;10.71981865;0.0;59.90842371666667;10.71981865;0.0;1778587064.2949653;81.404;0.0;0.20;-1.491;0.183;146.398;2.901;1.206;-41.988;59.90850831666667;10.7198365;0.0;-9.425347657134942;-0.9987814594092191;7.037246110286333e-06;1778587064.2583222;0.036643028259277344;0.0;0.0;2.555127118334658;146.398;0.0;-0.0;-1.6935624936103437;2.1691818437450436;2.555127118334658;-0.32144587830034554;127.98050783151429;146.398;-18.41749216848569;-1.6935624936103437;2.1691818437450436;-0.32144587830034554;2.751999962027041
2026-05-12_13:57:44:460597;1778587064.4597683;150.0;110.0;0.75;0.9565217391304348;0.75;0.9565217391304348;2.650291208937713;2.2667424299829118;-11.118910150745286;1.1704003843358244;59.908423766666665;10.719821066666666;0.0;59.908423766666665;10.719821066666666;0.0;1778587064.4585865;76.606;3.7868270728997486;0.20;-1.491;0.183;146.398;2.901;1.206;-41.988;59.90850831666667;10.7198365;0.0;-9.419777154449086;-0.8635589449207917;7.009833917770436e-06;1778587064.4245915;0.035176753997802734;0.0;0.0;2.555127118334658;146.398;0.0;-0.0;-1.6991329962961998;2.033959329256616;2.555127118334658;-0.28838468835174647;129.87477448124935;146.398;-16.523225518750625;-1.6991329962961998;2.033959329256616;-0.28838468835174647;2.650291208937713
2026-05-12_13:57:44:614661;1778587064.6146615;150.0;110.0;0.75;0.9565217391304348;0.75;0.9565217391304348;2.650291208937713;2.2667424299829118;-11.118910150745286;1.1704003843358244;59.908423766666665;10.719821066666666;0.0;59.908423766666665;10.719821066666666;0.0;1778587064.6136558;76.637;0.0;0.20;-1.491;0.183;146.398;2.901;1.206;-41.988;59.90850831666667;10.7198365;0.0;-9.419777154449086;-0.8635589449207917;7.009833917770436e-06;1778587064.585351;0.02931046485900879;0.0;0.0;2.555127118334658;146.398;0.0;-0.0;-1.6991329962961998;2.033959329256616;2.555127118334658;-0.28838468835174647;129.87477448124935;146.398;-16.523225518750625;-1.6991329962961998;2.033959329256616;-0.28838468835174647;2.650291208937713
2026-05-12_13:57:44:820152;1778587064.8201523;150.0;110.0;0.75;0.9565217391304348;0.75;0.9565217391304348;2.5700178725211593;2.298921853079884;-11.118910150745286;1.1704003843358244;59.908423866666666;10.719823133333334;0.0;59.908423866666666;10.719823133333334;0.0;1778587064.8201523;76.623;0.0;0.20;1.084;0.888;129.06;-1.079;2.182;-28.689;59.90850831666667;10.7198365;0.0;-9.408636105235026;-0.74792037985669;6.978262572232552e-06;1778587064.794791;0.025361299514770508;0.0;0.0;2.252521932623882;129.06;0.0;-0.0;-1.7102740455102605;1.9183207641925144;2.252521932623882;0.046399920456002164;131.71851961187167;129.06;2.6585196118716583;-1.7102740455102605;1.9183207641925144;0.046399920456002164;2.5700178725211593
2026-05-12_13:57:45:137977;1778587065.1379774;72.0484848022461;110.0;0.36024242401123047;0.9565217391304348;0.36024242401123047;0.9565217391304348;2.443135264354966;2.364496715819955;-11.118910150745286;1.1704003843358244;59.90842415;10.7198268;0.0;59.90842415;10.7198268;0.0;1778587065.1379774;74.157;0.6835497088821774;0.20;0.109;1.254;121.641;-1.829;0.125;-25.259;59.90850831666667;10.7198365;0.0;-9.377069767766006;-0.5427551836606742;6.911289988309477e-06;1778587064.987272;0.15070533752441406;0.11088919037882274;0.6744952127109481;2.1230359554184224;121.641;0.51606074314228;-0.4482426953116979;-1.7418403829792801;1.7131555679964987;2.1230359554184224;0.24146076040153241;135.4756824890274;121.641;13.8346824890274;-1.7418403829792801;1.7131555679964987;0.24146076040153241;2.443135264354966
2026-05-12_13:57:45:389546;1778587065.3880374;150.0;110.0;0.75;0.9565217391304348;0.75;0.9565217391304348;2.3973604742959473;2.3954478475245313;-11.118910150745286;1.1704003843358244;59.90842431666667;10.719828333333334;0.0;59.90842431666667;10.719828333333334;0.0;1778587065.2597458;77.105;1.3220465029865889;0.20;0.038;1.455;117.121;1.236;1.667;-20.39;59.90850831666667;10.7198365;0.0;-9.358501325155448;-0.45695882939109467;6.87769331886301e-06;1778587065.2597458;0.12829160690307617;0.0;0.0;2.044147073228279;117.12100000000002;0.0;-0.0;-1.7604088255898382;1.627359213726919;2.044147073228279;0.35130077429625217;137.24905170685318;117.12100000000002;20.128051706853164;-1.7604088255898382;1.627359213726919;0.35130077429625217;2.3973604742959473
2026-05-12_13:57:45:507339;1778587065.507339;150.0;110.0;0.75;0.9565217391304348;0.75;0.9565217391304348;2.356628260874446;2.4190925996558166;-11.118910150745286;1.1704003843358244;59.90842438333333;10.719829566666666;0.0;59.90842438333333;10.719829566666666;0.0;1778587065.507339;80.671;0.0;0.20;-0.386;1.085;111.755;-2.656;-4.444;-14.676;59.90850831666667;10.7198365;0.0;-9.351073950790536;-0.3879487197103977;6.861410369651821e-06;1778587065.4793308;0.028008222579956055;0.0;0.0;1.9504927055662629;111.755;0.0;-0.0;-1.7678361999547505;1.558349104046222;1.9504927055662629;0.4685998940895537;138.6037962116088;111.755;26.848796211608796;-1.7678361999547505;1.558349104046222;0.4685998940895537;2.356628260874446
2026-05-12_13:57:45:668147;1778587065.6681478;150.0;110.0;0.75;0.9565217391304348;0.75;0.9565217391304348;2.311746029106774;2.438912114917143;-11.118910150745286;1.1704003843358244;59.90842435;10.719830716666667;0.0;59.90842435;10.719830716666667;0.0;1778587065.6631494;78.505;3.0382231179837236;0.20;-0.386;1.085;111.755;-2.656;-4.444;-14.676;59.90850831666667;10.7198365;0.0;-9.354787648452211;-0.32360145635720383;6.8645557247393185e-06;1778587065.6440122;0.024135589599609375;-0.15386811440212347;2.666073811357618;1.9504927055662629;111.755;2.533218047346377;-0.8452403734058205;-1.764122502293075;1.4940018406930282;1.9504927055662629;0.48841940935088024;139.73937078807793;111.755;27.984370788077932;-1.764122502293075;1.4940018406930282;0.48841940935088024;2.311746029106774
2026-05-12_13:57:45:966434;1778587065.9654117;150.0;110.0;0.75;0.9565217391304348;0.75;0.9565217391304348;2.2756082746530124;2.4617618825235543;-11.118910150745286;1.1704003843358244;59.9084244;10.71983185;0.0;59.9084244;10.71983185;0.0;1778587065.9654117;75.517;0.6477977455105689;0.20;-1.286;-0.029;107.557;-0.532;1.579;-12.58;59.90850831666667;10.7198365;0.0;-9.34921711573445;-0.2601867613856095;6.8534700679023786e-06;1778587065.8682587;0.0971529483795166;0.057337762884967405;0.652730524696711;1.8772237835675414;107.55700000000002;0.6050284000691611;-0.2515658801054856;-1.7696930350108353;1.4305871457214339;1.8772237835675414;0.5845380989560129;141.04856603478004;107.55700000000002;33.491566034780014;-1.7696930350108353;1.4305871457214339;0.5845380989560129;2.2756082746530124
2026-05-12_13:57:46:142678;1778587066.1426783;150.0;110.0;0.75;0.9565217391304348;0.75;0.9565217391304348;2.244444530567849;2.484524327115317;-11.118910150745286;1.1704003843358244;59.908424466666666;10.719832916666666;0.0;59.908424466666666;10.719832916666666;0.0;1778587066.1426783;79.334;0.7758268614285937;0.20;-0.958;1.051;104.23;2.782;5.072;-10.365;59.90850831666667;10.7198365;0.0;-9.341789737185094;-0.2005023425210386;6.838535534292589e-06;1778587066.0651548;0.07752346992492676;0.09580812825521963;0.7698883824778341;1.8191566793536893;104.22999999999998;0.7227146530158315;-0.28211850210560574;-1.7771204135601923;1.370902726856863;1.8191566793536893;0.6653676477616277;142.3527580412884;104.22999999999998;38.12275804128844;-1.7771204135601923;1.370902726856863;0.6653676477616277;2.244444530567849
2026-05-12_13:57:46:338212;1778587066.338212;150.0;110.0;0.75;0.9565217391304348;0.75;0.9565217391304348;2.2136982355152934;2.5055639938020513;-11.118910150745286;1.1704003843358244;59.9084245;10.719833916666667;0.0;59.9084245;10.719833916666667;0.0;1778587066.338212;86.771;0.5061067550593934;0.20;-0.395;1.745;102.616;3.225;2.352;-6.773;59.90850831666667;10.7198365;0.0;-9.338076049105474;-0.14454820034733662;6.833066733769044e-06;1778587066.2274108;0.11080121994018555;0.03351667140148945;0.5049957230065519;1.790987065226501;102.61599999999999;0.4854824394409603;-0.1430064631798152;-1.7808341016398117;1.314948584683161;1.790987065226501;0.7145769285755503;143.5582421448003;102.61599999999999;40.9422421448003;-1.7808341016398117;1.314948584683161;0.7145769285755503;2.2136982355152934
2026-05-12_13:57:46:454020;1778587066.4540205;150.0;110.0;0.75;0.9565217391304348;0.75;0.9565217391304348;2.1774589774463715;2.524028568447898;-11.118910150745286;1.1704003843358244;59.90842445;10.719834883333334;0.0;59.90842445;10.719834883333334;0.0;1778587066.4535754;90.67;0.7765736075052074;0.20;-0.395;1.745;102.616;3.225;2.352;-6.773;59.90850831666667;10.7198365;0.0;-9.343646588264686;-0.09045919634335986;6.84041968845861e-06;1778587066.393801;0.060219526290893555;-0.09250386880001743;0.8981971020943773;1.790987065226501;102.61599999999999;0.8967151605629898;-0.10590996539608273;-1.7752635624805997;1.2608595806791842;1.790987065226501;0.733041503221397;144.6161843425116;102.61599999999999;42.00018434251159;-1.7752635624805997;1.2608595806791842;0.733041503221397;2.1774589774463715
2026-05-12_13:57:46:619198;1778587066.6184278;150.0;110.0;0.75;0.9565217391304348;0.75;0.9565217391304348;2.1774589774463715;2.524028568447898;-11.118910150745286;1.1704003843358244;59.90842445;10.719834883333334;0.0;59.90842445;10.719834883333334;0.0;1778587066.6157172;94.101;0.0;0.20;-0.395;1.745;102.616;3.225;2.352;-6.773;59.90850831666667;10.7198365;0.0;-9.343646588264686;-0.09045919634335986;6.84041968845861e-06;1778587066.568655;0.04977273941040039;0.0;0.0;1.790987065226501;102.61599999999999;0.0;-0.0;-1.7752635624805997;1.2608595806791842;1.790987065226501;0.733041503221397;144.6161843425116;102.61599999999999;42.00018434251159;-1.7752635624805997;1.2608595806791842;0.733041503221397;2.1774589774463715
2026-05-12_13:57:46:819358;1778587066.819358;-150.0;110.0;-0.75;0.9565217391304348;-0.75;0.9565217391304348;2.1394022233048373;2.5433426861660866;-11.118910150745286;1.1704003843358244;59.90842438333333;10.719835883333333;0.0;59.90842438333333;10.719835883333333;0.0;1778587066.819358;106.213;0.0;0.20;-0.035;2.692;100.896;-2.306;2.423;0.361;59.90850831666667;10.7198365;0.0;-9.351073971442837;-0.034505054373370925;6.849442746315049e-06;1778587066.7203758;0.09898233413696289;0.0;0.0;1.7609674020921986;100.89599999999999;0.0;-0.0;-1.7678361793024493;1.2049054387091953;1.7609674020921986;0.782375284073888;145.72280177278262;100.89599999999999;44.82680177278264;-1.7678361793024493;1.2049054387091953;0.782375284073888;2.1394022233048373
2026-05-12_13:57:47:138564;1778587067.1385646;-150.0;110.0;-0.75;0.9565217391304348;-0.75;0.9565217391304348;2.091367207125947;2.564768315133609;-11.118910150745286;1.1704003843358244;59.90842425;10.719837033333333;0.0;59.90842425;10.719837033333333;0.0;1778587067.1385646;118.389;0.0;0.20;-0.658;2.991;101.55;-4.659;1.545;6.166;59.90850831666667;10.7198365;0.0;-9.365928734831094;0.029842209361282457;6.87243796360093e-06;1778587066.9624164;0.1761481761932373;0.0;0.0;1.7723818554002415;101.55;0.0;-0.0;-1.752981415914192;1.140558174974542;1.7723818554002415;0.7923864597333674;146.9503998860349;101.55;45.400399886034904;-1.752981415914192;1.140558174974542;0.7923864597333674;2.091367207125947
2026-05-12_13:57:47:268553;1778587067.2685535;150.0;-44.331329345703125;0.75;-0.38548982039741847;0.75;-0.38548982039741847;1.914638296080211;2.6047322739852796;-11.118910150745286;1.1704003843358244;59.908423283333335;10.719839916666666;0.0;59.908423283333335;10.719839916666666;0.0;1778587067.2685535;128.329;2.664293378647885;0.20;-1.531;3.144;103.619;-4.863;-0.35;12.922;59.90850831666667;10.7198365;0.0;-9.473625767841476;0.19117665903615477;7.031712046412508e-06;1778587067.2254937;0.0430598258972168;-1.638653258027922;2.1007795475621807;1.808492717624004;103.61899999999999;2.427556398429756;1.097920370493159;-1.6452843829038102;0.9792237252996696;1.808492717624004;0.7962395563612756;149.2401660608701;103.61899999999999;45.62116606087013;-1.6452843829038102;0.9792237252996696;0.7962395563612756;1.914638296080211
2026-05-12_13:57:47:413828;1778587067.4138281;150.0;-105.8389892578125;0.75;-0.9203390370244565;0.75;-0.9203390370244565;1.914638296080211;2.6047322739852796;-11.118910150745286;1.1704003843358244;59.908423283333335;10.719839916666666;0.0;59.908423283333335;10.719839916666666;0.0;1778587067.4138281;132.563;0.0;0.20;-1.531;3.144;103.619;-4.863;-0.35;12.922;59.90850831666667;10.7198365;0.0;-9.473625767841476;0.19117665903615477;7.031712046412508e-06;1778587067.378732;0.035096168518066406;0.0;0.0;1.808492717624004;103.61899999999999;0.0;-0.0;-1.6452843829038102;0.9792237252996696;1.808492717624004;0.7962395563612756;149.2401660608701;103.61899999999999;45.62116606087013;-1.6452843829038102;0.9792237252996696;0.7962395563612756;1.914638296080211
2026-05-12_13:57:47:598226;1778587067.596065;45.83927536010742;110.0;0.22919637680053712;0.9565217391304348;0.22919637680053712;0.9565217391304348;1.7676575201871907;2.6299583498717958;-11.118910150745286;1.1704003843358244;59.90842235;10.71984195;0.0;59.90842235;10.71984195;0.0;1778587067.596065;138.351;0.0;0.20;-1.746;0.468;111.058;1.212;-12.613;22.293;59.90850831666667;10.7198365;0.0;-9.577609108233288;0.3049500940095944;7.193529526716702e-06;1778587067.5747006;0.021364450454711914;0.0;0.0;1.9383277606798623;111.05799999999999;0.0;-0.0;-1.5413010425119982;0.86545029032623;1.9383277606798623;0.6916305891919334;150.68551374284422;111.05799999999999;39.627513742844236;-1.5413010425119982;0.86545029032623;0.6916305891919334;1.7676575201871907
2026-05-12_13:57:47:774618;1778587067.7728727;150.0;-110.0;0.75;-0.9565217391304348;0.75;-0.9565217391304348;1.593628554767828;2.663628317531152;-11.118910150745286;1.1704003843358244;59.90842121666667;10.719844316666666;0.0;59.90842121666667;10.719844316666666;0.0;1778587067.7696922;141.183;0.0;0.20;-1.874;-1.49;115.947;-2.912;-6.215;24.687;59.90850831666667;10.7198365;0.0;-9.703874589493928;0.4373749202723649;7.391743316986776e-06;1778587067.7021403;0.07073235511779785;0.0;0.0;2.0236569078098654;115.947;0.0;-0.0;-1.4150355612513579;0.7330254640634595;2.0236569078098654;0.6399714097212867;152.61466078606733;115.947;36.667660786067316;-1.4150355612513579;0.7330254640634595;0.6399714097212867;1.593628554767828
2026-05-12_13:57:47:914368;1778587067.9129488;51.02606201171875;60.300682067871094;0.25513031005859377;0.5243537571119226;0.25513031005859377;0.5243537571119226;1.4241333509077998;2.699005311790707;-11.118910150745286;1.1704003843358244;59.908420066666665;10.719846516666667;0.0;59.908420066666665;10.719846516666667;0.0;1778587067.9129488;145.166;0.0;0.20;-2.765;-1.7;121.042;-3.363;1.614;26.209;59.90850831666667;10.7198365;0.0;-9.831996911452121;0.5604740644414854;7.596781068208713e-06;1778587067.8756635;0.03728532791137695;0.0;0.0;2.112581433198976;121.04199999999997;0.0;-0.0;-1.286913239293165;0.609926319894339;2.112581433198976;0.5864238785917313;154.64161324899837;121.04199999999997;33.599613248998395;-1.286913239293165;0.609926319894339;0.5864238785917313;1.4241333509077998
2026-05-12_13:57:48:081207;1778587068.0812075;150.0;-110.0;0.75;-0.9565217391304348;0.75;-0.9565217391304348;1.2668935222644315;2.718296111910375;-11.118910150745286;1.1704003843358244;59.90841888333333;10.719848116666666;0.0;59.90841888333333;10.719848116666666;0.0;1778587068.074416;156.792;4.037171598120766;0.20;-2.765;-1.7;121.042;-3.363;1.614;26.209;59.90850831666667;10.7198365;0.0;-9.96383292685188;0.6500007267664893;7.811715216909931e-06;1778587068.0352058;0.04600167274475098;0.0;0.0;2.112581433198976;121.04199999999997;0.0;-0.0;-1.1550772238934055;0.520399657569335;2.112581433198976;0.605714678711399;155.7468946792858;121.04199999999997;34.704894679285815;-1.1550772238934055;0.520399657569335;0.605714678711399;1.2668935222644315
2026-05-12_13:57:48:311259;1778587068.3112595;150.0;-110.0;0.75;-0.9565217391304348;0.75;-0.9565217391304348;1.115654730264041;2.7113025563285036;-11.118910150745286;1.1704003843358244;59.90841761666667;10.7198491;0.0;59.90841761666667;10.7198491;0.0;1778587068.3112595;171.23;1.1086958154859268;0.20;-1.982;0.732;131.165;7.555;3.987;29.618;59.90850831666667;10.7198365;0.0;-10.104953174702406;0.7050223359767436;8.038603687587909e-06;1778587068.174642;0.13661742210388184;-1.0329593815876512;0.4027422590979401;2.2892611133783625;131.16500000000002;0.9831158326659226;0.5125326046553964;-1.0139569760428806;0.4653780483590808;2.2892611133783625;0.4220414429501411;155.3461934606544;131.16500000000002;24.1811934606544;-1.0139569760428806;0.4653780483590808;0.4220414429501411;1.115654730264041
2026-05-12_13:57:48:491733;1778587068.4917338;150.0;-110.0;0.75;-0.9565217391304348;0.75;-0.9565217391304348;0.9667759115898062;2.6710194960982077;-11.118910150745286;1.1704003843358244;59.90841625;10.719849583333334;0.0;59.90841625;10.719849583333334;0.0;1778587068.4917338;177.706;3.314965281105238;0.20;-0.159;1.011;138.138;4.495;-2.19;27.259;59.90850831666667;10.7198365;0.0;-10.257214498764785;0.7320668736522349;8.28357157089954e-06;1778587068.4621606;0.02957320213317871;0.0;0.0;2.4109629221199267;138.13799999999998;0.0;-0.0;-0.8616956519805008;0.4383335106835895;2.4109629221199267;0.26005657397828097;153.03814412358716;138.13799999999998;14.900144123587168;-0.8616956519805008;0.4383335106835895;0.26005657397828097;0.9667759115898062
2026-05-12_13:57:48:645657;1778587068.6456575;150.0;-47.447322845458984;0.75;-0.41258541604746946;0.75;-0.41258541604746946;0.8378406622984519;2.6105014760109553;-11.118910150745286;1.1704003843358244;59.908415;10.719849833333333;0.0;59.908415;10.719849833333333;0.0;1778587068.6456575;178.49;3.400639550628126;0.20;-0.159;1.011;138.138;4.495;-2.19;27.259;59.90850831666667;10.7198365;0.0;-10.396477908857214;0.7460554405916069;8.51054386075134e-06;1778587068.6044993;0.041158199310302734;0.0;0.0;2.4109629221199267;138.13799999999998;0.0;-0.0;-0.7224322418880718;0.4243449437442175;2.4109629221199267;0.1995385538910286;149.57071698809966;138.13799999999998;11.432716988099669;-0.7224322418880718;0.4243449437442175;0.1995385538910286;0.8378406622984519
2026-05-12_13:57:48:807845;1778587068.8078458;150.0;-35.182865142822266;0.75;-0.3059379577636719;0.75;-0.3059379577636719;0.8378406622984519;2.6105014760109553;-11.118910150745286;1.1704003843358244;59.908415;10.719849833333333;0.0;59.908415;10.719849833333333;0.0;1778587068.8078458;178.853;0.0;0.20;-0.159;1.011;138.138;4.495;-2.19;27.259;59.90850831666667;10.7198365;0.0;-10.396477908857214;0.7460554405916069;8.51054386075134e-06;1778587068.762155;0.04569077491760254;0.0;0.0;2.4109629221199267;138.13799999999998;0.0;-0.0;-0.7224322418880718;0.4243449437442175;2.4109629221199267;0.1995385538910286;149.57071698809966;138.13799999999998;11.432716988099669;-0.7224322418880718;0.4243449437442175;0.1995385538910286;0.8378406622984519
2026-05-12_13:57:49:107012;1778587069.1070123;150.0;-110.0;0.75;-0.9565217391304348;0.75;-0.9565217391304348;0.6572109764390446;2.465423586934136;-11.118910150745286;1.1704003843358244;59.908413116666665;10.719850066666666;0.0;59.908413116666665;10.719850066666666;0.0;1778587069.1070123;-172.466;0.8404212682525193;0.20;-0.766;1.199;148.61;-4.962;3.41;18.181;59.90850831666667;10.7198365;0.0;-10.606301446848152;0.7591114539707315;8.857269102158227e-06;1778587068.9941952;0.11281704902648926;-0.8394043354998935;0.041331219111067664;2.5937338013887734;148.61;0.7380783644257157;0.4019306359260079;-0.5126087038971345;0.41128893036509284;2.5937338013887734;-0.12831021445463753;141.25836624333078;148.61;-7.35163375666922;-0.5126087038971345;0.41128893036509284;-0.12831021445463753;0.6572109764390446
2026-05-12_13:57:49:483255;1778587069.4832559;150.0;12.404495239257812;0.75;0.1078651759935462;0.75;0.1078651759935462;0.5948942727838875;2.358501896607961;-11.118910150745286;1.1704003843358244;59.9084123;10.719849916666666;0.0;59.9084123;10.719849916666666;0.0;1778587069.4792376;-165.529;0.0;0.20;-0.936;1.763;153.022;3.042;0.031;14.563;59.90850831666667;10.7198365;0.0;-10.697286877820305;0.7507183481237683;9.009218103983585e-06;1778587069.295681;0.1875748634338379;0.0;0.0;2.6707377279867632;153.02200000000002;0.0;-0.0;-0.4216232729249807;0.41968203621205613;2.6707377279867632;-0.31223583137880206;135.13220464923623;153.02200000000002;-17.889795350763794;-0.4216232729249807;0.41968203621205613;-0.31223583137880206;0.5948942727838875
2026-05-12_13:57:49:604066;1778587069.6040668;150.0;89.60794830322266;0.75;0.7791995504628058;0.75;0.7791995504628058;0.5416132192174143;2.210247471656101;-11.118910150745286;1.1704003843358244;59.90841141666667;10.71984965;0.0;59.90841141666667;10.71984965;0.0;1778587069.6040668;-167.936;0.0;0.20;-0.014;1.41;155.932;4.003;-2.902;14.878;59.90850831666667;10.7198365;0.0;-10.795699690712222;0.7357972576141378;9.171995767331964e-06;1778587069.5659482;0.038118600845336914;0.0;0.0;2.7215268092197977;155.932;0.0;-0.0;-0.32321046003306364;0.43460312672168655;2.7215268092197977;-0.5112793375636966;126.63785180535564;155.932;-29.294148194644347;-0.32321046003306364;0.43460312672168655;-0.5112793375636966;0.5416132192174143
2026-05-12_13:57:49:758653;1778587069.7586536;-150.0;-110.0;-0.75;-0.9565217391304348;-0.75;-0.9565217391304348;0.5043085522242883;2.049334481693044;-11.118910150745286;1.1704003843358244;59.9084106;10.719849416666667;0.0;59.9084106;10.719849416666667;0.0;1778587069.7581532;-177.627;0.0;0.20;-0.014;1.41;155.932;4.003;-2.902;14.878;59.90850831666667;10.7198365;0.0;-10.886685123150405;0.7227413037788513;9.324171625024746e-06;1778587069.7101371;0.04851651191711426;0.0;0.0;2.7215268092197977;155.932;0.0;-0.0;-0.23222502759488073;0.4476590805569731;2.7215268092197977;-0.6721923275267536;117.4182166116415;155.932;-38.51378338835849;-0.23222502759488073;0.4476590805569731;-0.6721923275267536;0.5043085522242883
2026-05-12_13:57:49:916949;1778587069.9169495;26.010587692260742;-110.0;0.13005293846130372;-0.9565217391304348;0.13005293846130372;-0.9565217391304348;0.47671011529245905;1.8920490761688449;-11.118910150745286;1.1704003843358244;59.908409866666666;10.719849333333332;0.0;59.908409866666666;10.719849333333332;0.0;1778587069.9169495;-177.78;0.0;0.20;-2.188;0.847;161.8;-10.227;1.411;13.801;59.90850831666667;10.7198365;0.0;-10.968386325408423;0.7180784723880314;9.465230174754424e-06;1778587069.8684275;0.048521995544433594;0.0;0.0;2.8239427297268254;161.8;0.0;-0.0;-0.15052382533686348;0.45232191194779303;2.8239427297268254;-0.9318936535579807;108.40642669610124;161.8;-53.39357330389878;-0.15052382533686348;0.45232191194779303;-0.9318936535579807;0.47671011529245905
2026-05-12_13:57:50:123998;1778587070.1239982;150.0;-77.84636688232422;0.75;-0.6769249294115149;0.75;-0.6769249294115149;0.45655846648305703;1.734469457814262;-11.118910150745286;1.1704003843358244;59.90840918333333;10.719849366666667;0.0;59.90840918333333;10.719849366666667;0.0;1778587070.043376;-169.281;1.2927274054039353;0.20;-3.103;1.168;163.589;-5.999;2.092;15.676;59.90850831666667;10.7198365;0.0;-11.04451698982848;0.7199436262267169;9.596017343405094e-06;1778587070.043376;0.08062219619750977;0.0;0.0;2.855166670045003;163.58899999999997;0.0;-0.0;-0.07439316091680581;0.45045675810910746;2.855166670045003;-1.1206972122307413;99.3777796271014;163.58899999999997;-64.21122037289858;-0.07439316091680581;0.45045675810910746;-1.1206972122307413;0.45655846648305703
2026-05-12_13:57:50:379055;1778587070.378027;140.7489776611328;-110.0;0.7037448883056641;-0.9565217391304348;0.7037448883056641;-0.9565217391304348;0.46008172244251816;1.534724761110948;-11.118910150745286;1.1704003843358244;59.90840836666667;10.7198492;0.0;59.90840836666667;10.7198492;0.0;1778587070.378027;-161.904;0.0;0.20;-2.404;1.625;166.647;11.864;-0.003;13.732;59.90850831666667;10.7198365;0.0;-11.135502420076484;0.7106179489121609;9.753767939102431e-06;1778587070.3467143;0.03131270408630371;0.0;0.0;2.9085388385709905;166.64700000000002;0.0;-0.0;0.016592269331198395;0.4597824354236635;2.9085388385709905;-1.3738140774600425;87.93325152588082;166.64700000000002;-78.7137484741192;0.016592269331198395;0.4597824354236635;-1.3738140774600425;0.46008172244251816
2026-05-12_13:57:50:539339;1778587070.5393393;-48.16010284423828;-110.0;-0.24080051422119142;-0.9565217391304348;-0.24080051422119142;-0.9565217391304348;0.49169913972214596;1.346352634489966;-11.118910150745286;1.1704003843358244;59.90840753333333;10.71984885;0.0;59.90840753333333;10.71984885;0.0;1778587070.5393393;-162.685;0.0;0.20;0.999;1.456;169.556;13.09;-1.359;11.261;59.90850831666667;10.7198365;0.0;-11.22834469881511;0.6910340070290177;9.912750162932582e-06;1778587070.4978788;0.041460514068603516;0.0;0.0;2.9593104665115053;169.556;0.0;-0.0;0.10943454806982444;0.47936637730680665;2.9593104665115053;-1.6129578320215394;77.1403236925946;169.556;-92.41567630740539;0.10943454806982444;0.47936637730680665;-1.6129578320215394;0.49169913972214596
2026-05-12_13:57:50:697621;1778587070.6976216;-150.0;-110.0;-0.75;-0.9565217391304348;-0.75;-0.9565217391304348;0.5353901674314697;1.2094493729087978;-11.118910150745286;1.1704003843358244;59.90840681666667;10.719848466666667;0.0;59.90840681666667;10.719848466666667;0.0;1778587070.6943815;-164.257;0.0;0.20;1.866;1.124;172.373;-3.843;-0.791;12.067;59.90850831666667;10.7198365;0.0;-11.308189058311305;0.6695849227804609;1.0051410134437333e-05;1778587070.6648488;0.03277277946472168;0.0;0.0;3.008476391540185;172.37299999999996;0.0;-0.0;0.18927890756601862;0.5008154615553635;3.008476391540185;-1.7990270186313873;69.29634460241816;172.37299999999996;-103.0766553975818;0.18927890756601862;0.5008154615553635;-1.7990270186313873;0.5353901674314697
2026-05-12_13:57:51:040690;1778587071.0406902;-150.0;-110.0;-0.75;-0.9565217391304348;-0.75;-0.9565217391304348;0.6273479249718765;0.9809196862914721;-11.118910150745286;1.1704003843358244;59.90840538333333;10.7198481;0.0;59.9084061;10.719848233333334;0.0;1778587071.0406902;-168.494;1.4282491575916922;0.20;-0.695;1.104;175.175;-8.9;0.411;7.937;59.90850831666667;10.7198365;0.0;-11.467877775411699;0.6490684210905224;1.0335208418865705e-05;1778587071.0406902;0.0;-1.4095294568717547;-0.23048289820740292;3.057380517181067;175.175;1.3851479167096294;0.3482253652309679;0.34896762466641285;0.521331963245302;3.057380517181067;-2.076460830889595;56.202558065798065;175.175;-118.97244193420195;0.34896762466641285;0.521331963245302;-2.076460830889595;0.6273479249718765
2026-05-12_13:57:51:211844;1778587071.2118444;-150.0;-110.0;-0.75;-0.9565217391304348;-0.75;-0.9565217391304348;0.6273479249718765;0.9809196862914721;-11.118910150745286;1.1704003843358244;59.90840538333333;10.7198481;0.0;59.90840538333333;10.7198481;0.0;1778587071.2078676;-171.353;0.0;0.20;-0.695;1.104;175.175;-8.9;0.411;7.937;59.90850831666667;10.7198365;0.0;-11.467877775411699;0.6490684210905224;1.0335208418865705e-05;1778587071.156152;0.055692434310913086;0.0;0.0;3.057380517181067;175.175;0.0;-0.0;0.34896762466641285;0.521331963245302;3.057380517181067;-2.076460830889595;56.202558065798065;175.175;-118.97244193420195;0.34896762466641285;0.521331963245302;-2.076460830889595;0.6273479249718765
2026-05-12_13:57:51:492534;1778587071.4920697;12.053814888000488;-98.08243560791016;0.06026907444000244;-0.8528907444166101;0.06026907444000244;-0.8528907444166101;0.7540736127613018;0.7650746792696895;-11.118910150745286;1.1704003843358244;59.908403633333336;10.719848083333334;0.0;59.908403633333336;10.719848083333334;0.0;1778587071.4910815;-177.819;0.0;0.20;-1.105;1.726;176.291;3.613;2.948;-1.323;59.90850831666667;10.7198365;0.0;-11.662846550385225;0.6481358856288741;1.0687786138774413e-05;1778587071.4539607;0.03810906410217285;0.0;0.0;3.0768583916333236;176.29100000000003;0.0;-0.0;0.5439363996399393;0.5222644987069502;3.0768583916333236;-2.311783712363634;43.835550134478304;176.29100000000003;-132.4554498655217;0.5439363996399393;0.5222644987069502;-2.311783712363634;0.7540736127613018
2026-05-12_13:57:51:692302;1778587071.692302;-150.0;-110.0;-0.75;-0.9565217391304348;-0.75;-0.9565217391304348;0.8395481127180942;0.65728540186127;-11.118910150745286;1.1704003843358244;59.90840255;10.71984825;0.0;59.90840255;10.71984825;0.0;1778587071.692302;173.373;0.0;0.20;-0.3;2.452;175.442;4.682;3.548;-5.666;59.90850831666667;10.7198365;0.0;-11.78354150755809;0.657461603281315;1.0910816270026658e-05;1778587071.6633353;0.028966665267944336;0.0;0.0;3.0620405462838916;175.442;0.0;-0.0;0.6646313568128033;0.5129387810545094;3.0620405462838916;-2.4047551444226216;37.65967946221104;175.442;-137.78232053778896;0.6646313568128033;0.5129387810545094;-2.4047551444226216;0.8395481127180942
2026-05-12_13:57:51:950936;1778587071.9509363;-150.0;-110.0;-0.75;-0.9565217391304348;-0.75;-0.9565217391304348;0.9511229941362567;0.5339096414780663;-11.118910150745286;1.1704003843358244;59.908401166666664;10.719848766666667;0.0;59.908401166666664;10.719848766666667;0.0;1778587071.9490087;169.01;1.2359696394155368;0.20;-0.3;2.452;175.442;4.682;3.548;-5.666;59.90850831666667;10.7198365;0.0;-11.93765967702291;0.6863712910006374;1.1199708238152084e-05;1778587071.9241323;0.026803970336914062;0.0;0.0;3.0620405462838916;175.442;0.0;-0.0;0.8187495262776245;0.48402909333518696;3.0620405462838916;-2.5281309048058254;30.59076909803612;175.442;-144.85123090196387;0.8187495262776245;0.48402909333518696;-2.5281309048058254;0.9511229941362567
2026-05-12_13:57:52:102726;1778587072.1027265;-150.0;-110.0;-0.75;-0.9565217391304348;-0.75;-0.9565217391304348;1.0956319109432764;0.4023281515737016;-11.118910150745286;1.1704003843358244;59.908399466666665;10.71984975;0.0;59.908399466666665;10.71984975;0.0;1778587072.1027265;161.329;2.9270884680110596;0.20;0.077;3.001;172.631;-2.467;0.976;-11.097;59.90850831666667;10.7198365;0.0;-12.127057906471924;0.741392940460361;1.156261467816222e-05;1778587072.035346;0.06738042831420898;-2.8108789775839638;0.8165820674684067;3.0129793410103307;172.63099999999997;2.892397116998615;-0.44931705633388175;1.0081477557266378;0.4290074438754634;3.0129793410103307;-2.610651189436629;23.051705064472774;172.63099999999997;-149.5792949355272;1.0081477557266378;0.4290074438754634;-2.610651189436629;1.0956319109432764
2026-05-12_13:57:52:272518;1778587072.2725189;-150.0;110.0;-0.75;0.9565217391304348;-0.75;0.9565217391304348;1.0956319109432764;0.4023281515737016;-11.118910150745286;1.1704003843358244;59.908399466666665;10.71984975;0.0;59.908399466666665;10.71984975;0.0;1778587072.2725189;156.279;0.0;0.20;0.077;3.001;172.631;-2.467;0.976;-11.097;59.90850831666667;10.7198365;0.0;-12.127057906471924;0.741392940460361;1.156261467816222e-05;1778587072.1586304;0.11388850212097168;0.0;0.0;3.0129793410103307;172.63099999999997;0.0;-0.0;1.0081477557266378;0.4290074438754634;3.0129793410103307;-2.610651189436629;23.051705064472774;172.63099999999997;-149.5792949355272;1.0081477557266378;0.4290074438754634;-2.610651189436629;1.0956319109432764
2026-05-12_13:57:52:525183;1778587072.525183;-150.0;-110.0;-0.75;-0.9565217391304348;-0.75;-0.9565217391304348;1.437892160299127;0.17208743039245614;-11.118910150745286;1.1704003843358244;59.9083958;10.719853016666667;0.0;59.9083958;10.719853016666667;0.0;1778587072.525183;156.034;26.762213546355827;0.20;-0.409;1.424;165.066;8.765;-4.203;-15.592;59.90850831666667;10.7198365;0.0;-12.535563872426202;0.9241767106216594;1.2375984507428939e-05;1778587072.516611;0.008571863174438477;0.0;0.0;2.8809451830969603;165.06600000000003;0.0;-0.0;1.416653721680916;0.24622367371416498;2.8809451830969603;-2.708857752704504;9.859883468739069;165.06600000000003;-155.20611653126096;1.416653721680916;0.24622367371416498;-2.708857752704504;1.437892160299127
2026-05-12_13:57:52:815597;1778587072.8155975;-150.0;-110.0;-0.75;-0.9565217391304348;-0.75;-0.9565217391304348;1.6328076772305509;0.08808560677676731;-11.118910150745286;1.1704003843358244;59.90839391666667;10.71985485;0.0;59.90839391666667;10.71985485;0.0;1778587072.8155975;152.958;0.0;0.20;0.89;1.21;162.769;7.582;0.033;-13.472;59.90850831666667;10.7198365;0.0;-12.745387384865733;1.0267594510649507;1.2807481819976374e-05;1778587072.6580298;0.15756773948669434;0.0;0.0;2.8408549701786505;162.769;0.0;-0.0;1.626477234120447;0.14364093327087368;2.8408549701786505;-2.752769363401883;5.04693350415773;162.769;-157.72206649584228;1.626477234120447;0.14364093327087368;-2.752769363401883;1.6328076772305509
2026-05-12_13:57:53:098060;1778587073.0980606;-150.0;-110.0;-0.75;-0.9565217391304348;-0.75;-0.9565217391304348;2.0121585080402045;-0.03614588352870229;-11.118910150745286;1.1704003843358244;59.90839046666667;10.719858716666666;0.0;59.90839046666667;10.719858716666666;0.0;1778587073.0940526;145.425;4.497578767791677;0.20;0.862;1.286;157.819;-1.379;-0.626;-14.237;59.90850831666667;10.7198365;0.0;-13.129754334301847;1.24311579491247;1.3624795095701359e-05;1778587073.045245;0.05281567573547363;0.0;0.0;2.7544611722049304;157.81899999999996;0.0;-0.0;2.0108441835565607;-0.07271541057664566;2.7544611722049304;-2.7906070557336324;-2.0710065729660805;157.81899999999996;-159.89000657296603;2.0108441835565607;-0.07271541057664566;-2.7906070557336324;2.0121585080402045
2026-05-12_13:57:53:233085;1778587073.2330856;-150.0;-110.0;-0.75;-0.9565217391304348;-0.75;-0.9565217391304348;2.205658525771198;-0.09101800443466153;-11.118910150745286;1.1704003843358244;59.9083888;10.719861;0.0;59.90839046666667;10.719858716666666;0.0;1778587073.2330856;137.938;0.0;0.20;0.757;1.348;155.777;-0.649;0.88;-19.428;59.90850831666667;10.7198365;0.0;-13.315438838728051;1.370877952098125;1.4034856005373797e-05;1778587073.2330856;0.0;0.0;0.0;2.718821548879207;155.77700000000002;0.0;-0.0;2.196528687982765;-0.20047756776230052;2.718821548879207;-2.8098395533138687;-5.214947513809116;155.77700000000002;-160.99194751380915;2.196528687982765;-0.20047756776230052;-2.8098395533138687;2.205658525771198
2026-05-12_13:57:53:459109;1778587073.4591093;-150.0;-110.0;-0.75;-0.9565217391304348;-0.75;-0.9565217391304348;2.3897830726543283;-0.14803741701908904;-11.118910150745286;1.1704003843358244;59.9083873;10.719863716666667;0.0;59.9083873;10.719863716666667;0.0;1778587073.4591093;133.613;32.09346723229104;0.20;0.14;0.727;149.725;-2.067;-6.668;-23.122;59.90850831666667;10.7198365;0.0;-13.48255487125298;1.5228869366484927;1.4420758922106813e-05;1778587073.4520702;0.007039070129394531;0.0;0.0;2.6131942225485094;149.72499999999997;0.0;-0.0;2.3636447205076934;-0.35248655231266834;2.6131942225485094;-2.7612316395675984;-8.481919205211947;149.72499999999997;-158.20691920521193;2.3636447205076934;-0.35248655231266834;-2.7612316395675984;2.3897830726543283
2026-05-12_13:57:53:878442;1778587073.8784425;-150.0;-110.0;-0.75;-0.9565217391304348;-0.75;-0.9565217391304348;2.567902988378935;-0.2051615800167136;-11.118910150745286;1.1704003843358244;59.90838595;10.719866766666666;0.0;59.90838595;10.719866766666666;0.0;1778587073.8784425;126.982;0.8231491921274703;0.20;0.1;-0.387;146.73;0.848;-9.898;-25.269;59.90850831666667;10.7198365;0.0;-13.632959281424892;1.6935473295190895;1.478312259628467e-05;1778587073.6031435;0.275299072265625;-0.5463309735631555;0.6199090736707366;2.5609216114512794;146.73;0.7968573298409004;-0.21859365995519275;2.514049130679606;-0.5231469451832651;2.5609216114512794;-2.766083191467993;-11.75489265319322;146.73;-158.4848926531932;2.514049130679606;-0.5231469451832651;-2.766083191467993;2.567902988378935
2026-05-12_13:57:54:066432;1778587074.0664325;-150.0;-110.0;-0.75;-0.9565217391304348;-0.75;-0.9565217391304348;2.874742067931074;-0.3088417796389396;-11.118910150745286;1.1704003843358244;59.90838393333333;10.719873033333334;0.0;59.90838393333333;10.719873033333334;0.0;1778587074.064355;105.025;3.364214505789616;0.20;3.676;-1.647;136.048;1.837;4.445;-28.502;59.90850831666667;10.7198365;0.0;-13.857637408883377;2.044193816826617;1.536987724293226e-05;1778587074.004636;0.06179642677307129;0.0;0.0;2.3744855407532457;136.048;0.0;-0.0;2.7387272581380913;-0.8737934324907926;2.3744855407532457;-2.6833273203921855;-17.695330510620643;136.048;-153.74333051062067;2.7387272581380913;-0.8737934324907926;-2.6833273203921855;2.874742067931074
2026-05-12_13:57:54:386930;1778587074.3859265;-150.0;-110.0;-0.75;-0.9565217391304348;-0.75;-0.9565217391304348;2.9950308473423934;-0.362867375299195;-11.118910150745286;1.1704003843358244;59.90838338333333;10.719876416666667;0.0;59.90838338333333;10.719876416666667;0.0;1778587074.3859265;95.17;9.192220560826925;0.20;0.132;-0.003;125.834;-16.009;2.212;-28.413;59.90850831666667;10.7198365;0.0;-13.918913200717865;2.23350559863813;1.5565704025277682e-05;1778587074.3642797;0.021646738052368164;0.0;0.0;2.1962176109545446;125.834;0.0;-0.0;2.800003049972579;-1.0631052143023054;2.1962176109545446;-2.5590849862537395;-20.79076912763357;125.834;-146.62476912763356;2.800003049972579;-1.0631052143023054;-2.5590849862537395;2.9950308473423934
2026-05-12_13:57:54:538958;1778587074.5379498;-150.0;-110.0;-0.75;-0.9565217391304348;-0.75;-0.9565217391304348;3.0956156917635016;-0.4175054435750019;-11.118910150745286;1.1704003843358244;59.90838311666667;10.71987985;0.0;59.90838311666667;10.71987985;0.0;1778587074.5379498;92.186;0.0;0.20;-1.514;0.286;120.169;-1.61;1.609;-28.339;59.90850831666667;10.7198365;0.0;-13.948622607359338;2.425615076719437;1.5700685540132042e-05;1778587074.5161562;0.021793603897094727;0.0;0.0;2.097344708829066;120.16900000000003;0.0;-0.0;2.829712456614052;-1.2552146923836127;2.097344708829066;-2.514850152404068;-23.921299840584943;120.16900000000003;-144.09029984058495;2.829712456614052;-1.2552146923836127;-2.514850152404068;3.0956156917635016
2026-05-12_13:57:54:695345;1778587074.6943536;-150.0;-110.0;-0.75;-0.9565217391304348;-0.75;-0.9565217391304348;3.1815984870173737;-0.4696338493253876;-11.118910150745286;1.1704003843358244;59.90838305;10.71988315;0.0;59.90838305;10.71988315;0.0;1778587074.6943536;80.65;0.0;0.20;-1.487;0.31;118.986;2.481;1.044;-30.613;59.90850831666667;10.7198365;0.0;-13.956049864737993;2.6102639806103536;1.5790141804750135e-05;1778587074.667455;0.026898622512817383;0.0;0.0;2.0766974637779736;118.98600000000003;0.0;-0.0;2.8371397139927073;-1.4398635962745292;2.0766974637779736;-2.5463313131033614;-26.908037482827535;118.98600000000003;-145.89403748282757;2.8371397139927073;-1.4398635962745292;-2.5463313131033614;3.1815984870173737
2026-05-12_13:57:54:861840;1778587074.86184;-150.0;-110.0;-0.75;-0.9565217391304348;-0.75;-0.9565217391304348;3.2573271892162126;-0.5204770946367397;-11.118910150745286;1.1704003843358244;59.90838315;10.719886366666667;0.0;59.90838315;10.719886366666667;0.0;1778587074.86184;70.47;8.214351667475212;0.20;-1.487;0.31;118.986;2.481;1.044;-30.613;59.90850831666667;10.7198365;0.0;-13.944908660114235;2.790250020151344;1.5841092732671314e-05;1778587074.839887;0.021953105926513672;0.0;0.0;2.0766974637779736;118.98600000000003;0.0;-0.0;2.825998509368949;-1.6198496358155197;2.0766974637779736;-2.5971745584147135;-29.821140855916322;118.98600000000003;-148.80714085591637;2.825998509368949;-1.6198496358155197;-2.5971745584147135;3.2573271892162126
2026-05-12_13:57:55:036389;1778587075.0330112;-150.0;-110.0;-0.75;-0.9565217391304348;-0.75;-0.9565217391304348;3.2573271892162126;-0.5204770946367397;-11.118910150745286;1.1704003843358244;59.90838315;10.719886366666667;0.0;59.90838315;10.719886366666667;0.0;1778587075.0315442;65.04;0.0;0.20;-1.487;0.31;118.986;2.481;1.044;-30.613;59.90850831666667;10.7198365;0.0;-13.944908660114235;2.790250020151344;1.5841092732671314e-05;1778587074.979722;0.053289175033569336;0.0;0.0;2.0766974637779736;118.98600000000003;0.0;-0.0;2.825998509368949;-1.6198496358155197;2.0766974637779736;-2.5971745584147135;-29.821140855916322;118.98600000000003;-148.80714085591637;2.825998509368949;-1.6198496358155197;-2.5971745584147135;3.2573271892162126
2026-05-12_13:57:55:213000;1778587075.2130003;-150.0;-110.0;-0.75;-0.9565217391304348;-0.75;-0.9565217391304348;3.3098548147022515;-0.5749357172626631;-11.118910150745286;1.1704003843358244;59.90838358333333;10.719889583333334;0.0;59.90838358333333;10.719889583333334;0.0;1778587075.2130003;58.666;0.0;0.20;0.719;-0.655;100.065;3.035;-1.362;-33.81;59.90850831666667;10.7198365;0.0;-13.896630537474413;2.9702360289314815;1.5816944571866998e-05;1778587075.1423733;0.07062697410583496;0.0;0.0;1.746463716008126;100.06500000000001;0.0;-0.0;2.7777203867291274;-1.7998356445956571;1.746463716008126;-2.321399433270789;-32.941390090477384;100.06500000000001;-133.0063900904774;2.7777203867291274;-1.7998356445956571;-2.321399433270789;3.3098548147022515
2026-05-12_13:57:55:674706;1778587075.6705122;-150.0;-110.0;-0.75;-0.9565217391304348;-0.75;-0.9565217391304348;3.3647089111252924;-0.6765440673699494;-11.118910150745286;1.1704003843358244;59.90838496666667;10.719895066666666;0.0;59.90838496666667;10.719895066666666;0.0;1778587075.6546557;43.18;0.6021616079780842;0.20;1.827;0.779;89.438;2.397;5.639;-33.327;59.90850831666667;10.7198365;0.0;-13.742512103792237;3.2770514823048678;1.5632723973979523e-05;1778587075.3858256;0.2846865653991699;0.2804645105056237;0.4946423223639205;1.5609875763986887;89.43800000000002;0.4973694896595866;-0.27559927337076584;2.6236019530469505;-2.1066510979690434;1.5609875763986887;-2.237531643768638;-38.763119714912534;89.43800000000002;-128.20111971491255;2.6236019530469505;-2.1066510979690434;-2.237531643768638;3.3647089111252924
2026-05-12_13:57:55:952685;1778587075.9526854;-150.0;-110.0;-0.75;-0.9565217391304348;-0.75;-0.9565217391304348;3.33937813437027;-0.7685341146585827;-11.118910150745286;1.1704003843358244;59.90838696666667;10.7198989;0.0;59.90838696666667;10.7198989;0.0;1778587075.9526854;17.658;3.372710185342831;0.20;0.544;0.666;73.399;-3.082;-7.563;-39.199;59.90850831666667;10.7198365;0.0;-13.519690449542114;3.4915424052426185;1.5272204771932252e-05;1778587075.91367;0.03901529312133789;0.0;0.0;1.2810542176713184;73.39900000000003;0.0;0.0;2.4007802987968283;-2.321142020906794;1.2810542176713184;-2.0495883323299013;-44.033761181760084;73.39900000000003;-117.43276118176013;2.4007802987968283;-2.321142020906794;-2.0495883323299013;3.33937813437027
2026-05-12_13:57:56:097380;1778587076.0973802;-150.0;33.17019271850586;-0.75;0.28843645842179005;-0.75;0.28843645842179005;3.2894566729575865;-0.8158539089746417;-11.118910150745286;1.1704003843358244;59.90838828333333;10.719900233333334;0.0;59.90838828333333;10.719900233333334;0.0;1778587076.0973802;9.174;0.0;0.20;0.275;-0.282;68.673;-1.438;-8.001;-38.981;59.90850831666667;10.7198365;0.0;-13.37299958613739;3.566147871137992;1.5003656170797797e-05;1778587076.0675836;0.029796600341796875;0.0;0.0;1.198569957222066;68.673;0.0;0.0;2.2540894353921033;-2.3957474868021675;1.198569957222066;-2.014423866196708;-46.744985683497404;68.673;-115.41798568349743;2.2540894353921033;-2.3957474868021675;-2.014423866196708;3.2894566729575865
2026-05-12_13:57:56:249551;1778587076.249551;-58.103973388671875;110.0;-0.29051986694335935;0.9565217391304348;-0.29051986694335935;0.9565217391304348;3.2266976071996174;-0.8621438334078526;-11.118910150745286;1.1704003843358244;59.908389666666665;10.7199012;0.0;59.908389666666665;10.7199012;0.0;1778587076.249551;2.59;6.9643181080828755;0.20;0.275;-0.282;68.673;-1.438;-8.001;-38.981;59.90850831666667;10.7198365;0.0;-13.21888135677937;3.620236783390972;1.4711797459376896e-05;1778587076.226098;0.0234529972076416;0.0;0.0;1.198569957222066;68.673;0.0;0.0;2.099971206034084;-2.4498363990551475;1.198569957222066;-2.0607137906299187;-49.3972029874999;68.673;-118.07020298749991;2.099971206034084;-2.4498363990551475;-2.0607137906299187;3.2266976071996174
2026-05-12_13:57:56:417217;1778587076.4172175;0.11362619698047638;110.0;0.0005681309849023819;0.9565217391304348;0.0005681309849023819;0.9565217391304348;3.2266976071996174;-0.8621438334078526;-11.118910150745286;1.1704003843358244;59.908389666666665;10.7199012;0.0;59.908389666666665;10.7199012;0.0;1778587076.4172175;-10.415;0.0;0.20;0.18;-0.503;56.642;0.459;5.226;-37.568;59.90850831666667;10.7198365;0.0;-13.21888135677937;3.620236783390972;1.4711797459376896e-05;1778587076.3679173;0.049300193786621094;0.0;0.0;0.9885893949146283;56.64200000000001;0.0;0.0;2.099971206034084;-2.4498363990551475;0.9885893949146283;-1.8507332283224809;-49.3972029874999;56.64200000000001;-106.0392029874999;2.099971206034084;-2.4498363990551475;-1.8507332283224809;3.2266976071996174
2026-05-12_13:57:56:575751;1778587076.5757515;150.0;110.0;0.75;0.9565217391304348;0.75;0.9565217391304348;3.1524286398082886;-0.8995436450092767;-11.118910150745286;1.1704003843358244;59.90839091666667;10.719901533333333;0.0;59.90839091666667;10.719901533333333;0.0;1778587076.5757515;-22.248;0.0;0.20;0.18;-0.503;56.642;0.459;5.226;-37.568;59.90850831666667;10.7198365;0.0;-13.079617928305664;3.6388880468729052;1.4436275193041581e-05;1778587076.5398822;0.03586935997009277;0.0;0.0;0.9885893949146283;56.64200000000001;0.0;0.0;1.960707777560378;-2.468487662537081;0.9885893949146283;-1.888133039923905;-51.54005434684591;56.64200000000001;-108.18205434684592;1.960707777560378;-2.468487662537081;-1.888133039923905;3.1524286398082886
2026-05-12_13:57:56:736351;1778587076.7363515;-142.58262634277344;-110.0;-0.7129131317138672;-0.9565217391304348;-0.7129131317138672;-0.9565217391304348;3.04423360136196;-0.9331868414468324;-11.118910150745286;1.1704003843358244;59.90839225;10.719901133333334;0.0;59.90839225;10.719901133333334;0.0;1778587076.7353513;-29.312;0.0;0.20;0.465;1.458;39.757;1.322;-1.098;-42.734;59.90850831666667;10.7198365;0.0;-12.931070311490624;3.6165062224934132;1.412108523091149e-05;1778587076.6919715;0.04437994956970215;0.0;0.0;0.6938905507153854;39.75699999999999;0.0;0.0;1.8121601607453375;-2.446105838157589;0.6938905507153854;-1.6270773921622177;-53.46766751204742;39.75699999999999;-93.2246675120474;1.8121601607453375;-2.446105838157589;-1.6270773921622177;3.04423360136196
2026-05-12_13:57:56:910012;1778587076.9100125;150.0;110.0;0.75;0.9565217391304348;0.75;0.9565217391304348;2.92643795696365;-0.960734037537526;-11.118910150745286;1.1704003843358244;59.908393466666666;10.719900283333333;0.0;59.908393466666666;10.719900283333333;0.0;1778587076.9100125;-41.336;0.0;0.20;0.465;0.366;31.767;-0.301;-7.872;-37.817;59.90850831666667;10.7198365;0.0;-12.795520637109615;3.5689450249399455;1.3821389558188457e-05;1778587076.8468525;0.06315994262695312;0.0;0.0;0.5544387434810387;31.767000000000003;0.0;0.0;1.6766104863643285;-2.398544640604121;0.5544387434810387;-1.5151727810185647;-55.04600558546344;31.767000000000003;-86.81300558546344;1.6766104863643285;-2.398544640604121;-1.5151727810185647;2.92643795696365
2026-05-12_13:57:57:106207;1778587077.1051335;150.0;110.0;0.75;0.9565217391304348;0.75;0.9565217391304348;2.8119809707355534;-0.9757100350403353;-11.118910150745286;1.1704003843358244;59.90839436666667;10.719899033333334;0.0;59.90839436666667;10.719899033333334;0.0;1778587077.1051335;-56.637;2.7659265668022472;0.20;0.009;-1.021;24.584;-3.971;-4.731;-34.703;59.90850831666667;10.7198365;0.0;-12.695251047330386;3.499002187464077;1.3582519317267838e-05;1778587077.0774634;0.02767014503479004;0.0;0.0;0.42907174331028575;24.58399999999999;0.0;0.0;1.5763408965850996;-2.3286018031282527;0.42907174331028575;-1.4047817783506211;-55.90406703637288;24.58399999999999;-80.48806703637287;1.5763408965850996;-2.3286018031282527;-1.4047817783506211;2.8119809707355534
2026-05-12_13:57:57:286327;1778587077.2863274;150.0;110.0;0.75;0.9565217391304348;0.75;0.9565217391304348;2.701659638924039;-0.9787727995190415;-11.118910150745286;1.1704003843358244;59.90839498333333;10.719897483333334;0.0;59.90839498333333;10.719897483333334;0.0;1778587077.2863274;-68.093;0.0;0.20;-0.825;-0.759;17.458;-4.926;4.949;-36.15;59.90850831666667;10.7198365;0.0;-12.626547845196582;3.412273125340708;1.3398767650940613e-05;1778587077.2353978;0.05092954635620117;0.0;0.0;0.30469958081316983;17.457999999999988;0.0;0.0;1.5076376944512955;-2.2418727410048835;0.30469958081316983;-1.2834723803322112;-56.07955051464533;17.457999999999988;-73.53755051464532;1.5076376944512955;-2.2418727410048835;-1.2834723803322112;2.701659638924039
2026-05-12_13:57:57:443327;1778587077.443327;150.0;110.0;0.75;0.9565217391304348;0.75;0.9565217391304348;2.597907246947035;-0.9725746428245131;-11.118910150745286;1.1704003843358244;59.908395383333335;10.719895783333333;0.0;59.908395383333335;10.719895783333333;0.0;1778587077.443327;-80.046;3.867227815308963;0.20;-0.825;-0.759;17.458;-4.926;4.949;-36.15;59.90850831666667;10.7198365;0.0;-12.581983638781892;3.3171509595877144;1.3259722537739549e-05;1778587077.4161644;0.027162551879882812;0.0;0.0;0.30469958081316983;17.457999999999988;0.0;0.0;1.4630734880366063;-2.14675057525189;0.30469958081316983;-1.2772742236376828;-55.72442229528809;17.457999999999988;-73.18242229528808;1.4630734880366063;-2.14675057525189;-1.2772742236376828;2.597907246947035
2026-05-12_13:57:57:621911;1778587077.6190898;150.0;110.0;0.75;0.9565217391304348;0.75;0.9565217391304348;2.597907246947035;-0.9725746428245131;-11.118910150745286;1.1704003843358244;59.908395383333335;10.719895783333333;0.0;59.908395383333335;10.719895783333333;0.0;1778587077.617898;-88.438;0.0;0.20;-0.825;-0.759;17.458;-4.926;4.949;-36.15;59.90850831666667;10.7198365;0.0;-12.581983638781892;3.3171509595877144;1.3259722537739549e-05;1778587077.5755901;0.04349970817565918;0.0;0.0;0.30469958081316983;17.457999999999988;0.0;0.0;1.4630734880366063;-2.14675057525189;0.30469958081316983;-1.2772742236376828;-55.72442229528809;17.457999999999988;-73.18242229528808;1.4630734880366063;-2.14675057525189;-1.2772742236376828;2.597907246947035
2026-05-12_13:57:57:838142;1778587077.8381424;150.0;-64.82958221435547;0.75;-0.5637354975161345;0.75;-0.5637354975161345;2.509138152256477;-0.9573391223617996;-11.118910150745286;1.1704003843358244;59.90839555;10.719894083333333;0.0;59.90839555;10.719894083333333;0.0;1778587077.8381424;-96.885;0.0;0.20;-1.297;1.18;4.773;2.407;2.157;-27.334;59.90850831666667;10.7198365;0.0;-12.563415268401798;3.2220288185736603;1.3174582131014745e-05;1778587077.7494156;0.08872675895690918;0.0;0.0;0.08330456519768914;4.772999999999988;0.0;0.0;1.4445051176565116;-2.051628434237836;0.08330456519768914;-1.0406436875594887;-54.85149127408941;4.772999999999988;-59.624491274089394;1.4445051176565116;-2.051628434237836;-1.0406436875594887;2.509138152256477
2026-05-12_13:57:57:990163;1778587077.990164;150.0;-110.0;0.75;-0.9565217391304348;0.75;-0.9565217391304348;2.4383867062804083;-0.9377041435506579;-11.118910150745286;1.1704003843358244;59.90839556666667;10.71989255;0.0;59.90839556666667;10.71989255;0.0;1778587077.990164;-104.489;0.0;0.20;-0.747;1.025;0.644;4.489;-1.782;-24.801;59.90850831666667;10.7198365;0.0;-12.561558496697856;3.1362323912187455;1.3128854052801842e-05;1778587077.968281;0.021883010864257812;0.0;0.0;0.011239920382843493;0.6440000000000007;0.0;0.0;1.4426483459525699;-1.9658320068829211;0.011239920382843493;-0.9489440639335012;-53.72648985738219;0.6440000000000007;-54.370489857382175;1.4426483459525699;-1.9658320068829211;-0.9489440639335012;2.4383867062804083
2026-05-12_13:57:58:149597;1778587078.147843;150.0;-110.0;0.75;-0.9565217391304348;0.75;-0.9565217391304348;2.387959453219037;-0.9191865488225622;-11.118910150745286;1.1704003843358244;59.908395516666666;10.71989135;0.0;59.908395516666666;10.71989135;0.0;1778587078.147843;-108.381;0.0;0.20;-0.037;0.668;-4.554;1.555;-0.004;-19.487;59.90850831666667;10.7198365;0.0;-12.567129088889079;3.0690873668107734;1.3107628731745535e-05;1778587078.1187036;0.029139280319213867;0.0;0.0;-0.07948229413582197;-4.554000000000012;0.0;0.0;1.4482189381437927;-1.898686982474949;-0.07948229413582197;-0.8397042546867404;-52.6655098327286;-4.554000000000012;-48.1115098327286;1.4482189381437927;-1.898686982474949;-0.8397042546867404;2.387959453219037
2026-05-12_13:57:58:321780;1778587078.3213062;-77.62288665771484;-110.0;-0.3881144332885742;-0.9565217391304348;-0.3881144332885742;-0.9565217391304348;2.3525001250921243;-0.9006079717610316;-11.118910150745286;1.1704003843358244;59.9083954;10.719890366666666;0.0;59.9083954;10.719890366666666;0.0;1778587078.3213062;-110.86;0.0;0.20;-0.37;0.986;-8.134;-3.223;2.269;-16.876;59.90850831666667;10.7198365;0.0;-12.580127052501057;3.014065756517481;1.3106545228680488e-05;1778587078.2914934;0.02981281280517578;0.0;0.0;-0.14196508135721864;-8.133999999999993;0.0;0.0;1.4612169017557708;-1.8436653721816567;-0.14196508135721864;-0.7586428904038129;-51.601035777744336;-8.133999999999993;-43.46703577774434;1.4612169017557708;-1.8436653721816567;-0.7586428904038129;2.3525001250921243
2026-05-12_13:57:58:555947;1778587078.5559478;150.0;110.0;0.75;0.9565217391304348;0.75;0.9565217391304348;2.327384405705172;-0.8796635447663254;-11.118910150745286;1.1704003843358244;59.9083952;10.719889466666666;0.0;59.9083952;10.719889466666666;0.0;1778587078.5559478;-115.14;0.4567544752615066;0.20;-0.934;1.25;-9.98;-4.534;2.192;-14.504;59.90850831666667;10.7198365;0.0;-12.602409239183752;2.9637070024359913;1.3128233573134196e-05;1778587078.4353838;0.12056398391723633;-0.18481627728883648;-0.4176931820373458;-0.1741838593490339;-9.97999999999999;-0.10963162613243115;-0.4434022521626906;1.4834990884384656;-1.793306618100167;-0.1741838593490339;-0.7054796854172913;-50.4010085066278;-9.97999999999999;-40.4210085066278;1.4834990884384656;-1.793306618100167;-0.7054796854172913;2.327384405705172
2026-05-12_13:57:58:761109;1778587078.7611096;150.0;110.0;0.75;0.9565217391304348;0.75;0.9565217391304348;2.308666007361299;-0.8623938635860189;-11.118910150745286;1.1704003843358244;59.908395033333335;10.719888749999999;0.0;59.908395033333335;10.719888749999999;0.0;1778587078.7611096;-121.853;0.0;0.20;-1.416;1.261;-13.372;2.672;-1.22;-11.179;59.90850831666667;10.7198365;0.0;-12.620977726981835;2.9236065131080293;1.3146408838871082e-05;1778587078.6586473;0.1024622917175293;0.0;0.0;-0.2333854275766818;-13.372000000000003;0.0;0.0;1.5020675762365485;-1.753206128772205;-0.2333854275766818;-0.6290084360093369;-49.411528661459734;-13.372000000000003;-36.03952866145972;1.5020675762365485;-1.753206128772205;-0.6290084360093369;2.308666007361299
2026-05-12_13:57:58:922536;1778587078.9225361;150.0;64.15409851074219;0.75;0.5578617261803669;0.75;0.5578617261803669;2.299375982387735;-0.8503629195955131;-11.118910150745286;1.1704003843358244;59.9083949;10.7198883;0.0;59.9083949;10.7198883;0.0;1778587078.9225361;-128.097;0.0;0.20;-0.156;0.843;-15.639;8.302;-2.107;-11.264;59.90850831666667;10.7198365;0.0;-12.635832510314392;2.8984271385907627;1.316430506026478e-05;1778587078.8911068;0.031429290771484375;0.0;0.0;-0.27295204171939336;-15.63900000000001;0.0;0.0;1.5169223595691061;-1.7280267542549383;-0.27295204171939336;-0.5774108778761198;-48.722206347245475;-15.63900000000001;-33.083206347245465;1.5169223595691061;-1.7280267542549383;-0.5774108778761198;2.299375982387735
2026-05-12_13:57:59:117493;1778587079.1174932;99.69676208496094;-45.450862884521484;0.49848381042480466;-0.3952248946480129;0.49848381042480466;-0.3952248946480129;2.295430278801792;-0.8412829000351687;-11.118910150745286;1.1704003843358244;59.908394783333335;10.719888000000001;0.0;59.908394783333335;10.719888000000001;0.0;1778587079.1112907;-132.608;0.0;0.20;1.231;0.564;-17.785;5.217;-0.921;-10.04;59.90850831666667;10.7198365;0.0;-12.648830440247782;2.8816408912806173;1.3181661278949264e-05;1778587079.092324;0.02516913414001465;0.0;0.0;-0.3104068074671913;-17.78499999999999;0.0;0.0;1.5299202895024955;-1.711240506944793;-0.3104068074671913;-0.5308760925679774;-48.2019595485415;-17.78499999999999;-30.416959548541517;1.5299202895024955;-1.711240506944793;-0.5308760925679774;2.295430278801792
2026-05-12_13:57:59:367483;1778587079.3674839;53.77558135986328;-92.23785400390625;0.2688779067993164;-0.8020682956861414;0.2688779067993164;-0.8020682956861414;2.294433995088669;-0.8332669660388099;-11.118910150745286;1.1704003843358244;59.908394666666666;10.719887766666666;0.0;59.908394666666666;10.719887766666666;0.0;1778587079.24884;-131.312;0.22547557920942646;0.20;1.387;0.559;-18.539;1.265;-0.165;-9.107;59.90850831666667;10.7198365;0.0;-12.661828369594652;2.8685849231187133;1.3202586552907292e-05;1778587079.24884;0.11864376068115234;0.0;0.0;-0.3235665900272289;-18.53900000000001;0.0;0.0;1.5429182188493655;-1.6981845387828889;-0.3235665900272289;-0.509700376011581;-47.74268036169471;-18.53900000000001;-29.2036803616947;1.5429182188493655;-1.6981845387828889;-0.509700376011581;2.294433995088669
2026-05-12_13:57:59:517482;1778587079.5174823;37.20614242553711;-106.58491516113281;0.18603071212768554;-0.9268253492272418;0.18603071212768554;-0.9268253492272418;2.2915305346880386;-0.8244163581254597;-11.118910150745286;1.1704003843358244;59.90839455;10.719887483333334;0.0;59.90839455;10.719887483333334;0.0;1778587079.5174823;-127.789;0.9599317274122335;0.20;0.166;0.643;-20.086;-9.814;0.292;-6.874;59.90850831666667;10.7198365;0.0;-12.674826300681076;2.852731245307184;1.3220351001486108e-05;1778587079.5005379;0.016944408416748047;-0.767092645947853;-0.935628876595037;-0.35056683355558116;-20.08600000000001;-0.3991134561362866;-1.1421650368124203;1.5559161499357899;-1.6823308609713594;-0.35056683355558116;-0.4738495245698786;-47.23557788213465;-20.08600000000001;-27.14957788213465;1.5559161499357899;-1.6823308609713594;-0.4738495245698786;2.2915305346880386
2026-05-12_13:57:59:790054;1778587079.7865956;55.815799713134766;-75.96649169921875;0.2790789985656738;-0.6605781886888586;0.2790789985656738;-0.6605781886888586;2.290080240182383;-0.8149536335761072;-11.118910150745286;1.1704003843358244;59.90839441666667;10.7198872;0.0;59.90839441666667;10.7198872;0.0;1778587079.7865956;-132.0;0.0;0.20;-2.577;0.735;-22.114;-2.038;0.934;-5.982;59.90850831666667;10.7198365;0.0;-12.689681076242165;2.8368775687243413;1.324382703682403e-05;1778587079.6509068;0.13568878173828125;0.0;0.0;-0.3859621107860258;-22.113999999999987;0.0;0.0;1.5707709254968787;-1.6664771843885169;-0.3859621107860258;-0.42899152279008135;-46.69340370276192;-22.113999999999987;-24.57940370276193;1.5707709254968787;-1.6664771843885169;-0.42899152279008135;2.290080240182383
2026-05-12_13:58:00:056202;1778587080.0552018;150.0;-85.94048309326172;0.75;-0.7473085486370584;0.75;-0.7473085486370584;2.295569692142237;-0.8082941145045376;-11.118910150745286;1.1704003843358244;59.90839428333334;10.719887083333333;0.0;59.90839428333334;10.719887083333333;0.0;1778587080.0552018;-139.352;0.11184517890256264;0.20;-0.783;1.307;-23.847;9.783;3.173;-6.128;59.90850831666667;10.7198365;0.0;-12.704535845230986;2.8303495909288294;1.3268958793943852e-05;1778587080.0349429;0.02025890350341797;-0.1833115203224271;0.046032731563557125;-0.416208666723088;-23.847000000000012;-0.18627274540706648;-0.0320092201816336;1.5856256944856995;-1.659949206593005;-0.416208666723088;-0.3920854477814495;-46.311841366374104;-23.847000000000012;-22.46484136637408;1.5856256944856995;-1.659949206593005;-0.3920854477814495;2.295569692142237
2026-05-12_13:58:00:223694;1778587080.223694;7.854687213897705;-110.0;0.03927343606948853;-0.9565217391304348;0.03927343606948853;-0.9565217391304348;2.295569692142237;-0.8082941145045376;-11.118910150745286;1.1704003843358244;59.90839428333334;10.719887083333333;0.0;59.90839428333334;10.719887083333333;0.0;1778587080.223694;-123.943;0.0;0.20;0.142;1.719;-24.596;6.81;3.463;-6.107;59.90850831666667;10.7198365;0.0;-12.704535845230986;2.8303495909288294;1.3268958793943852e-05;1778587080.1647668;0.058927297592163086;0.0;0.0;-0.4292811828205254;-24.596000000000007;0.0;0.0;1.5856256944856995;-1.659949206593005;-0.4292811828205254;-0.37901293168401207;-46.311841366374104;-24.596000000000007;-21.71584136637409;1.5856256944856995;-1.659949206593005;-0.37901293168401207;2.295569692142237
2026-05-12_13:58:00:394601;1778587080.3942688;150.0;-68.6189956665039;0.75;-0.5966869188391644;0.75;-0.5966869188391644;2.294712880196282;-0.804573723591021;-11.118910150745286;1.1704003843358244;59.90839423333333;10.719886966666667;0.0;59.90839423333333;10.719886966666667;0.0;1778587080.3942688;-101.328;0.0;0.20;0.342;2.268;-25.943;-2.042;1.702;-7.46;59.90850831666667;10.7198365;0.0;-12.710106388167645;2.823821606091383;1.3278428359519978e-05;1778587080.345741;0.04852771759033203;0.0;0.0;-0.4527907678448888;-25.942999999999994;0.0;0.0;1.5911962374223592;-1.6534212217555586;-0.4527907678448888;-0.35178295574613205;-46.09867866889078;-25.942999999999994;-20.15567866889078;1.5911962374223592;-1.6534212217555586;-0.35178295574613205;2.294712880196282
2026-05-12_13:58:00:554387;1778587080.5543878;150.0;17.067020416259766;0.75;0.14840887318486753;0.75;0.14840887318486753;2.2798390654396616;-0.7937168075309591;-11.118910150745286;1.1704003843358244;59.90839416666667;10.719886466666667;0.0;59.90839416666667;10.719886466666667;0.0;1778587080.5543878;-92.585;0.0;0.20;0.342;2.268;-25.943;-2.042;1.702;-7.46;59.90850831666667;10.7198365;0.0;-12.717533790526133;2.7958445152239415;1.3280642337853976e-05;1778587080.52463;0.02975773811340332;0.0;0.0;-0.4527907678448888;-25.942999999999994;0.0;0.0;1.5986236397808469;-1.6254441308881171;-0.4527907678448888;-0.34092603968607005;-45.47662320012143;-25.942999999999994;-19.533623200121422;1.5986236397808469;-1.6254441308881171;-0.34092603968607005;2.2798390654396616
2026-05-12_13:58:00:704467;1778587080.7044678;26.52173614501953;-110.0;0.13260868072509766;-0.9565217391304348;0.13260868072509766;-0.9565217391304348;2.2462061460011262;-0.7765255278807635;-11.118910150745286;1.1704003843358244;59.90839413333333;10.71988555;0.0;59.90839413333333;10.71988555;0.0;1778587080.7044678;-81.648;0.0;0.20;0.342;2.268;-25.943;-2.042;1.702;-7.46;59.90850831666667;10.7198365;0.0;-12.721247519743619;2.7445531743294556;1.3265501690007397e-05;1778587080.6823385;0.022129297256469727;0.0;0.0;-0.4527907678448888;-25.942999999999994;0.0;0.0;1.6023373689983327;-1.5741527899936312;-0.4527907678448888;-0.32373476003587465;-44.491635431736086;-25.942999999999994;-18.548635431736088;1.6023373689983327;-1.5741527899936312;-0.32373476003587465;2.2462061460011262
2026-05-12_13:58:00:874068;1778587080.8740685;150.0;110.0;0.75;0.9565217391304348;0.75;0.9565217391304348;2.1877259451030175;-0.7563745084793079;-11.118910150745286;1.1704003843358244;59.90839423333333;10.71988425;0.0;59.90839423333333;10.71988425;0.0;1778587080.8740685;-76.063;1.6095480758482925;0.20;0.342;2.268;-25.943;-2.042;1.702;-7.46;59.90850831666667;10.7198365;0.0;-12.710106500618842;2.671812715118399;1.3213264988820583e-05;1778587080.8283484;0.04572010040283203;0.2436787983100451;-1.5909951765230816;-0.4527907678448888;-25.942999999999994;0.9151466552241205;-1.3240663155211088;1.591196349873556;-1.5014123307825744;-0.4527907678448888;-0.3035837406344193;-43.33706706714644;-25.942999999999994;-17.39406706714646;1.591196349873556;-1.5014123307825744;-0.3035837406344193;2.1877259451030175
2026-05-12_13:58:01:030313;1778587081.0303133;150.0;110.0;0.75;0.9565217391304348;0.75;0.9565217391304348;2.1877259451030175;-0.7563745084793079;-11.118910150745286;1.1704003843358244;59.90839423333333;10.71988425;0.0;59.90839423333333;10.71988425;0.0;1778587081.0303133;-75.56;0.0;0.20;-0.236;2.644;-35.209;6.5;6.8;-21.931;59.90850831666667;10.7198365;0.0;-12.710106500618842;2.671812715118399;1.3213264988820583e-05;1778587081.0042272;0.026086091995239258;0.0;0.0;-0.6145129763346837;-35.20900000000001;0.0;0.0;1.591196349873556;-1.5014123307825744;-0.6145129763346837;-0.14186153214462394;-43.33706706714644;-35.20900000000001;-8.128067067146414;1.591196349873556;-1.5014123307825744;-0.14186153214462394;2.1877259451030175
2026-05-12_13:58:01:217351;1778587081.217352;-150.0;110.0;-0.75;0.9565217391304348;-0.75;0.9565217391304348;2.10077874248132;-0.732821969926363;-11.118910150745286;1.1704003843358244;59.9083945;10.719882533333333;0.0;59.9083945;10.719882533333333;0.0;1778587081.217352;-79.39;0.0;0.20;0.693;3.811;-40.045;5.087;3.474;-25.39;59.90850831666667;10.7198365;0.0;-12.680397040436334;2.5757579965414763;1.3114691466142858e-05;1778587081.1638002;0.053551673889160156;0.0;0.0;-0.6989170989611293;-40.045;0.0;0.0;1.5614868896910483;-1.405357612205652;-0.6989170989611293;-0.03390487096523387;-41.987606011243535;-40.045;-1.9426060112435464;1.5614868896910483;-1.405357612205652;-0.03390487096523387;2.10077874248132
2026-05-12_13:58:01:348339;1778587081.3483396;150.0;110.0;0.75;0.9565217391304348;0.75;0.9565217391304348;1.9851242398883457;-0.6967200024773723;-11.118910150745286;1.1704003843358244;59.90839485;10.719880183333334;0.0;59.90839485;10.719880183333334;0.0;1778587081.3472629;-80.434;0.0;0.20;0.693;3.811;-40.045;5.087;3.474;-25.39;59.90850831666667;10.7198365;0.0;-12.641403373508597;2.4442656183508165;1.2983885782524851e-05;1778587081.3346865;0.013653039932250977;0.0;0.0;-0.6989170989611293;-40.045;0.0;0.0;1.5224932227633108;-1.273865234014992;-0.6989170989611293;0.0021970964837567664;-39.91911564429769;-40.045;0.12588435570229614;1.5224932227633108;-1.273865234014992;0.0021970964837567664;1.9851242398883457
2026-05-12_13:58:01:506667;1778587081.5030859;84.97845458984375;37.30982208251953;0.4248922729492188;0.32443323550016984;0.4248922729492188;0.32443323550016984;1.8487379746844297;-0.6394249080513691;-11.118910150745286;1.1704003843358244;59.9083952;10.719877133333334;0.0;59.9083952;10.719877133333334;0.0;1778587081.5030859;-80.45;0.0;0.20;0.027;1.311;-50.315;-1.617;-11.068;-22.647;59.90850831666667;10.7198365;0.0;-12.602409727233562;2.273605308907589;1.2845417813878157e-05;1778587081.4532533;0.04983258247375488;0.0;0.0;-0.8781624131409469;-50.315;0.0;0.0;1.483499576488276;-1.1032049245717648;-0.8781624131409469;0.2387375050895777;-36.63634854688418;-50.315;13.678651453115812;1.483499576488276;-1.1032049245717648;0.2387375050895777;1.8487379746844297
2026-05-12_13:58:01:647901;1778587081.6479018;150.0;110.0;0.75;0.9565217391304348;0.75;0.9565217391304348;1.718526657568016;-0.5664888728530679;-11.118910150745286;1.1704003843358244;59.9083955;10.7198739;0.0;59.9083955;10.7198739;0.0;1778587081.6479018;-80.26;3.8431976682774023;0.20;0.027;1.311;-50.315;-1.617;-11.068;-22.647;59.90850831666667;10.7198365;0.0;-12.568986615866221;2.0926867379561473;1.2717842866827311e-05;1778587081.6000302;0.04787158966064453;0.0;0.0;-0.8781624131409469;-50.315;0.0;0.0;1.4500764651209348;-0.922286353620323;-0.8781624131409469;0.3116735402878792;-32.45742155560391;-50.315;17.857578444396108;1.4500764651209348;-0.922286353620323;0.3116735402878792;1.718526657568016
2026-05-12_13:58:01:820870;1778587081.820377;150.0;110.0;0.75;0.9565217391304348;0.75;0.9565217391304348;1.718526657568016;-0.5664888728530679;-11.118910150745286;1.1704003843358244;59.9083955;10.7198739;0.0;59.9083955;10.7198739;0.0;1778587081.8193731;-80.847;0.0;0.20;-0.181;-0.031;-54.389;0.507;-2.903;-18.896;59.90850831666667;10.7198365;0.0;-12.568986615866221;2.0926867379561473;1.2717842866827311e-05;1778587081.7708247;0.04955244064331055;0.0;0.0;-0.9492671268671957;-54.38899999999999;0.0;0.0;1.4500764651209348;-0.922286353620323;-0.9492671268671957;0.382778254014128;-32.45742155560391;-54.38899999999999;21.9315784443961;1.4500764651209348;-0.922286353620323;0.382778254014128;1.718526657568016
2026-05-12_13:58:02:037717;1778587082.0377176;150.0;110.0;0.75;0.9565217391304348;0.75;0.9565217391304348;1.6051313528576012;-0.4919340289424483;-11.118910150745286;1.1704003843358244;59.90839581666667;10.719870966666667;0.0;59.90839581666667;10.719870966666667;0.0;1778587082.0377176;-82.739;0.0;0.20;0.045;0.488;-57.824;1.458;5.038;-16.093;59.90850831666667;10.7198365;0.0;-12.533706640810257;1.9285544264844579;1.2596766854500174e-05;1778587081.9345407;0.10317683219909668;0.0;0.0;-1.0092191866732012;-57.824000000000005;0.0;0.0;1.4147964900649708;-0.7581540421486335;-1.0092191866732012;0.5172851577307531;-28.185743657268777;-57.824000000000005;29.638256342731243;1.4147964900649708;-0.7581540421486335;0.5172851577307531;1.6051313528576012
2026-05-12_13:58:02:199716;1778587082.1997163;-150.0;110.0;-0.75;0.9565217391304348;-0.75;0.9565217391304348;1.5113812600768772;-0.4086289947363349;-11.118910150745286;1.1704003843358244;59.90839606666667;10.71986815;0.0;59.90839606666667;10.71986815;0.0;1778587082.1942115;-82.807;0.0;0.20;0.183;1.07;-59.666;1.512;4.244;-14.845;59.90850831666667;10.7198365;0.0;-12.505854035642258;1.7709501103856025;1.2496720884769275e-05;1778587082.1595993;0.04011702537536621;0.0;0.0;-1.0413681514949369;-59.66600000000001;0.0;0.0;1.3869438848969722;-0.6005497260497781;-1.0413681514949369;0.632739156758602;-23.412716785065523;-59.66600000000001;36.2532832149345;1.3869438848969722;-0.6005497260497781;0.632739156758602;1.5113812600768772
2026-05-12_13:58:02:354518;1778587082.3545184;-150.0;110.0;-0.75;0.9565217391304348;-0.75;0.9565217391304348;1.4362272087323833;-0.3128375446227878;-11.118910150745286;1.1704003843358244;59.90839625;10.719865316666667;0.0;59.90839625;10.719865316666667;0.0;1778587082.3545184;-83.044;0.0;0.20;0.534;0.778;-63.321;0.595;-4.344;-11.644;59.90850831666667;10.7198365;0.0;-12.485428807481316;1.6124132301848662;1.2414655967241117e-05;1778587082.3281753;0.026343107223510742;0.0;0.0;-1.1051599356553297;-63.32100000000001;0.0;0.0;1.3665186567360301;-0.44201284584904177;-1.1051599356553297;0.7923223910325419;-17.924270980121303;-63.32100000000001;45.39672901987871;1.3665186567360301;-0.44201284584904177;0.7923223910325419;1.4362272087323833
2026-05-12_13:58:02:518554;1778587082.5160296;45.277931213378906;110.0;0.22638965606689454;0.9565217391304348;0.22638965606689454;0.9565217391304348;1.3791872562532548;-0.21323627540518444;-11.118910150745286;1.1704003843358244;59.90839641666667;10.719862633333333;0.0;59.90839641666667;10.719862633333333;0.0;1778587082.5160296;-82.711;0.0;0.20;0.246;0.064;-65.18;-2.707;-2.253;-7.525;59.90850831666667;10.7198365;0.0;-12.46686041628297;1.4622694807613796;1.2342655741015562e-05;1778587082.4718938;0.04413580894470215;0.0;0.0;-1.1376056064499043;-65.18000000000002;0.0;0.0;1.3479502655376834;-0.29186909642555525;-1.1376056064499043;0.9243693310447201;-12.217538619806346;-65.18000000000002;52.96246138019369;1.3479502655376834;-0.29186909642555525;0.9243693310447201;1.3791872562532548
2026-05-12_13:58:02:684958;1778587082.6849582;150.0;110.0;0.75;0.9565217391304348;0.75;0.9565217391304348;1.337830965734033;-0.11244716781457405;-11.118910150745286;1.1704003843358244;59.908396583333335;10.7198601;0.0;59.908396583333335;10.7198601;0.0;1778587082.6849582;-81.458;3.050980633166304;0.20;0.246;0.064;-65.18;-2.707;-2.253;-7.525;59.90850831666667;10.7198365;0.0;-12.44829201301961;1.3205188613228511;1.2275494179370128e-05;1778587082.6381006;0.046857595443725586;0.0;0.0;-1.1376056064499043;-65.18000000000002;0.0;0.0;1.3293818622743245;-0.15011847698702674;-1.1376056064499043;1.02515843863533;-6.442748133974401;-65.18000000000002;58.73725186602561;1.3293818622743245;-0.15011847698702674;1.02515843863533;1.337830965734033
2026-05-12_13:58:03:045171;1778587083.0451713;149.26087951660156;110.0;0.7463043975830078;0.9565217391304348;0.7463043975830078;0.9565217391304348;1.2877537347034194;0.08630454747514175;-11.118910150745286;1.1704003843358244;59.908397;10.719855433333333;0.0;59.908397;10.719855433333333;0.0;1778587083.0442438;-78.165;8.38150145604124;0.20;-1.224;1.485;-67.132;1.16;3.099;-2.936;59.90850831666667;10.7198365;0.0;-12.40187096086046;1.0593992989752714;1.2135778875155268e-05;1778587083.0287971;0.01637411117553711;0.3590396168711503;-2.3605802711194195;-1.1716744334488334;-67.132;2.3145709459742525;-0.5865236559023594;1.2829608101151742;0.11100108536055298;-1.1716744334488334;1.2579789809239754;4.944886323112067;-67.132;72.07688632311209;1.2829608101151742;0.11100108536055298;1.2579789809239754;1.2877537347034194
2026-05-12_13:58:03:259869;1778587083.2598693;61.17087936401367;105.25407409667969;0.3058543968200684;0.9152528182319973;0.3058543968200684;0.9152528182319973;1.2877537347034194;0.08630454747514175;-11.118910150745286;1.1704003843358244;59.908397;10.719855433333333;0.0;59.908397;10.719855433333333;0.0;1778587083.2598693;-74.579;0.0;0.20;-1.224;1.485;-67.132;1.16;3.099;-2.936;59.90850831666667;10.7198365;0.0;-12.40187096086046;1.0593992989752714;1.2135778875155268e-05;1778587083.1956925;0.06417679786682129;0.0;0.0;-1.1716744334488334;-67.132;0.0;0.0;1.2829608101151742;0.11100108536055298;-1.1716744334488334;1.2579789809239754;4.944886323112067;-67.132;72.07688632311209;1.2829608101151742;0.11100108536055298;1.2579789809239754;1.2877537347034194
2026-05-12_13:58:03:492819;1778587083.4928193;-150.0;110.0;-0.75;0.9565217391304348;-0.75;0.9565217391304348;1.2669636325697036;0.2842747636923941;-11.118910150745286;1.1704003843358244;59.9083976;10.719851066666667;0.0;59.9083976;10.719851066666667;0.0;1778587083.4928193;-75.893;0.0;0.20;0.517;0.394;-67.936;2.173;-3.284;-0.808;59.90850831666667;10.7198365;0.0;-12.335024585430048;0.8150659953364197;1.1971266092203336e-05;1778587083.4694388;0.023380517959594727;0.0;0.0;-1.1857068806348678;-67.936;0.0;0.0;1.216114434684762;0.3553343889994047;-1.1857068806348678;1.4699816443272624;16.28774418165299;-67.936;84.22374418165303;1.216114434684762;0.3553343889994047;1.4699816443272624;1.2669636325697036
2026-05-12_13:58:03:665582;1778587083.6624033;-14.536863327026367;110.0;-0.07268431663513183;0.9565217391304348;-0.07268431663513183;0.9565217391304348;1.2699156151808502;0.3767841821050902;-11.118910150745286;1.1704003843358244;59.908397916666665;10.719849066666667;0.0;59.908397916666665;10.719849066666667;0.0;1778587083.6614845;-76.385;4.728533968908795;0.20;0.517;0.394;-67.936;2.173;-3.284;-0.808;59.90850831666667;10.7198365;0.0;-12.29974454358737;0.7031576140745543;1.1889968129175088e-05;1778587083.6366696;0.02573370933532715;0.0;0.0;-1.1857068806348678;-67.936;0.0;0.0;1.1808343928420832;0.46724277026127004;-1.1857068806348678;1.5624910627399577;21.588143421910306;-67.936;89.5241434219103;1.1808343928420832;0.46724277026127004;1.5624910627399577;1.2699156151808502
2026-05-12_13:58:03:989267;1778587083.989267;-52.68360137939453;110.0;-0.26341800689697265;0.9565217391304348;-0.26341800689697265;0.9565217391304348;1.2873506852948122;0.46419717889538376;-11.118910150745286;1.1704003843358244;59.90839818333333;10.719847116666667;0.0;59.90839818333333;10.719847116666667;0.0;1778587083.989267;-68.348;0.0;0.20;-1.94;1.532;-67.271;-4.563;3.021;2.402;59.90850831666667;10.7198365;0.0;-12.270035035377884;0.5940469451089805;1.1821378128828997e-05;1778587083.952491;0.036776065826416016;0.0;0.0;-1.1741004411091054;-67.271;0.0;0.0;1.1511248846325977;0.5763534392268439;-1.1741004411091054;1.6382976200044892;26.596539212584737;-67.271;93.86753921258475;1.1511248846325977;0.5763534392268439;1.6382976200044892;1.2873506852948122
2026-05-12_13:58:04:151322;1778587084.1513221;-150.0;110.0;-0.75;0.9565217391304348;-0.75;0.9565217391304348;1.3124050851054947;0.5570581017154365;-11.118910150745286;1.1704003843358244;59.908398516666665;10.719845016666667;0.0;59.908398516666665;10.719845016666667;0.0;1778587084.1513221;-59.982;0.0;0.20;-1.682;1.967;-66.336;4.725;1.793;6.888;59.90850831666667;10.7198365;0.0;-12.232898141935515;0.4765431490959515;1.1740650181835122e-05;1778587084.114752;0.036570072174072266;0.0;0.0;-1.1577816126029585;-66.33600000000001;0.0;0.0;1.1139879911902284;0.6938572352398729;-1.1577816126029585;1.714839714318395;31.91707817186383;-66.33600000000001;98.25307817186385;1.1139879911902284;0.6938572352398729;1.714839714318395;1.3124050851054947
2026-05-12_13:58:04:291837;1778587084.2918377;-36.03364181518555;110.0;-0.18016820907592773;0.9565217391304348;-0.18016820907592773;0.9565217391304348;1.3276307831833944;0.6574931593140945;-11.118910150745286;1.1704003843358244;59.908399083333336;10.719842916666666;0.0;59.908399083333336;10.719842916666666;0.0;1778587084.2910955;-50.78;0.0;0.20;-1.682;1.967;-66.336;4.725;1.793;6.888;59.90850831666667;10.7198365;0.0;-12.169765408389082;0.35903935252659114;1.1611604889161242e-05;1778587084.2699769;0.021860837936401367;0.0;0.0;-1.1577816126029585;-66.33600000000001;0.0;0.0;1.0508552576437964;0.8113610318092332;-1.1577816126029585;1.8152747719170534;37.67158308742027;-66.33600000000001;104.0075830874203;1.0508552576437964;0.8113610318092332;1.8152747719170534;1.3276307831833944
2026-05-12_13:58:04:453964;1778587084.4539647;-150.0;107.6141586303711;-0.75;0.9357752924380095;-0.75;0.9357752924380095;1.3276307831833944;0.6574931593140945;-11.118910150745286;1.1704003843358244;59.908399083333336;10.719842916666666;0.0;59.908399083333336;10.719842916666666;0.0;1778587084.4539647;-46.385;0.0;0.20;-1.682;1.967;-66.336;4.725;1.793;6.888;59.90850831666667;10.7198365;0.0;-12.169765408389082;0.35903935252659114;1.1611604889161242e-05;1778587084.4054606;0.04850411415100098;0.0;0.0;-1.1577816126029585;-66.33600000000001;0.0;0.0;1.0508552576437964;0.8113610318092332;-1.1577816126029585;1.8152747719170534;37.67158308742027;-66.33600000000001;104.0075830874203;1.0508552576437964;0.8113610318092332;1.8152747719170534;1.3276307831833944
2026-05-12_13:58:04:665092;1778587084.65849;-150.0;-110.0;-0.75;-0.9565217391304348;-0.75;-0.9565217391304348;1.3318699802536351;0.8891495239822783;-11.118910150745286;1.1704003843358244;59.90840098333334;10.719838933333333;0.0;59.90840098333334;10.719838933333333;0.0;1778587084.65849;-43.382;5.888742596265054;0.20;-0.625;2.409;-58.211;-9.032;-2.494;21.339;59.90850831666667;10.7198365;0.0;-11.958085038281641;0.1361551752924548;1.1203569077800068e-05;1778587084.630889;0.027601003646850586;0.0;0.0;-1.0159736108784192;-58.211000000000006;0.0;0.0;0.8391748875363554;1.0342452090433696;-1.0159736108784192;1.9051231348606974;50.944515080250724;-58.211000000000006;109.15551508025072;0.8391748875363554;1.0342452090433696;1.9051231348606974;1.3318699802536351
2026-05-12_13:58:04:828195;1778587084.8281956;-150.0;65.8183822631836;-0.75;0.5723337588102921;-0.75;0.5723337588102921;1.3318699802536351;0.8891495239822783;-11.118910150745286;1.1704003843358244;59.90840098333334;10.719838933333333;0.0;59.90840098333334;10.719838933333333;0.0;1778587084.8281956;-35.171;0.0;0.20;-0.625;2.409;-58.211;-9.032;-2.494;21.339;59.90850831666667;10.7198365;0.0;-11.958085038281641;0.1361551752924548;1.1203569077800068e-05;1778587084.7671633;0.06103229522705078;0.0;0.0;-1.0159736108784192;-58.211000000000006;0.0;0.0;0.8391748875363554;1.0342452090433696;-1.0159736108784192;1.9051231348606974;50.944515080250724;-58.211000000000006;109.15551508025072;0.8391748875363554;1.0342452090433696;1.9051231348606974;1.3318699802536351
2026-05-12_13:58:04:991282;1778587084.9912825;-150.0;-71.15800476074219;-0.75;-0.6187652587890625;-0.75;-0.6187652587890625;1.3441054739971827;1.0198549436376536;-11.118910150745286;1.1704003843358244;59.9084022;10.71983695;0.0;59.9084022;10.71983695;0.0;1778587084.9912825;-26.017;0.0;0.20;-3.356;0.988;-52.407;-10.374;-9.838;25.169;59.90850831666667;10.7198365;0.0;-11.822535319721247;0.02517938085538618;1.0948849599401456e-05;1778587084.9542046;0.037077903747558594;0.0;0.0;-0.9146747010926681;-52.40699999999999;0.0;0.0;0.703625168975961;1.1452210034804382;-0.9146747010926681;1.934529644730322;58.43338398599;-52.40699999999999;110.84038398599;0.703625168975961;1.1452210034804382;1.934529644730322;1.3441054739971827
2026-05-12_13:58:05:202521;1778587085.2025216;-150.0;-110.0;-0.75;-0.9565217391304348;-0.75;-0.9565217391304348;1.3592311087227116;1.1411242353804165;-11.118910150745286;1.1704003843358244;59.90840343333333;10.719835333333334;0.0;59.90840343333333;10.719835333333334;0.0;1778587085.2025216;-19.125;0.0;0.20;-3.356;0.988;-52.407;-10.374;-9.838;25.169;59.90850831666667;10.7198365;0.0;-11.685128754008;-0.06527987375637045;1.0696428846657113e-05;1778587085.113806;0.0887155532836914;0.0;0.0;-0.9146747010926681;-52.40699999999999;0.0;0.0;0.5662186032627137;1.2356802580921948;-0.9146747010926681;2.055798936473085;65.381602587391;-52.40699999999999;117.78860258739101;0.5662186032627137;1.2356802580921948;2.055798936473085;1.3592311087227116
2026-05-12_13:58:05:386510;1778587085.3811638;-150.0;-110.0;-0.75;-0.9565217391304348;-0.75;-0.9565217391304348;1.3683429337513706;1.2534741740944095;-11.118910150745286;1.1704003843358244;59.90840468333333;10.719834183333333;0.0;59.90840468333333;10.719834183333333;0.0;1778587085.3811638;-10.743;0.0;0.20;-1.207;-1.548;-41.555;11.367;2.635;23.495;59.90850831666667;10.7198365;0.0;-11.545865340853933;-0.12962717305924776;1.044539730177263e-05;1778587085.342438;0.038725852966308594;0.0;0.0;-0.7252715706662434;-41.554999999999986;0.0;0.0;0.4269551901086466;1.3000275573950721;-0.7252715706662434;1.9787457447606531;71.81877990425626;-41.554999999999986;113.37377990425625;0.4269551901086466;1.3000275573950721;1.9787457447606531;1.3683429337513706
2026-05-12_13:58:05:572997;1778587085.5727723;-88.14297485351562;52.32813262939453;-0.4407148742675781;0.4550272402556046;-0.4407148742675781;0.4550272402556046;1.3641553350017241;1.355521371450098;-11.118910150745286;1.1704003843358244;59.9084059;10.7198336;0.0;59.9084059;10.7198336;0.0;1778587085.5562007;5.512;0.0;0.20;-0.472;-0.366;-36.137;-1.122;5.726;30.614;59.90850831666667;10.7198365;0.0;-11.410315618329719;-0.1622671028775331;1.020158592179854e-05;1778587085.5274396;0.04533267021179199;0.0;0.0;-0.6307096317931906;-36.136999999999986;0.0;0.0;0.29140546758443264;1.3326674872133575;-0.6307096317931906;1.9862310032432884;77.66565362387578;-36.136999999999986;113.80265362387576;0.29140546758443264;1.3326674872133575;1.9862310032432884;1.3641553350017241
2026-05-12_13:58:05:764703;1778587085.7639613;-117.15226745605469;46.72261047363281;-0.5857613372802735;0.4062835693359375;-0.5857613372802735;0.4062835693359375;1.3380051149950414;1.4484566216490873;-11.118910150745286;1.1704003843358244;59.90840705;10.719833683333334;0.0;59.90840705;10.719833683333334;0.0;1778587085.7629611;15.487;0.0;0.20;-0.472;-0.366;-36.137;-1.122;5.726;30.614;59.90850831666667;10.7198365;0.0;-11.282193279789515;-0.1576042495124237;9.97386536472078e-06;1778587085.6573925;0.10656881332397461;0.0;0.0;-0.6307096317931906;-36.136999999999986;0.0;0.0;0.16328312904422937;1.328004633848248;-0.6307096317931906;2.0791662534422777;82.9904512282702;-36.136999999999986;119.12745122827019;0.16328312904422937;1.328004633848248;2.0791662534422777;1.3380051149950414
2026-05-12_13:58:05:928894;1778587085.928895;49.11833572387695;-110.0;0.24559167861938477;-0.9565217391304348;0.24559167861938477;-0.9565217391304348;1.2989230112290813;1.5365728241022767;-11.118910150745286;1.1704003843358244;59.90840811666666;10.719834216666667;0.0;59.90840811666666;10.719834216666667;0.0;1778587085.9278946;30.813;0.0;0.20;-1.007;0.163;-27.516;0.259;-4.653;30.733;59.90850831666667;10.7198365;0.0;-11.163355168707826;-0.1277620205576211;9.764221222674507e-06;1778587085.8508077;0.07808732986450195;0.0;0.0;-0.48024479697875977;-27.516000000000002;0.0;0.0;0.044445017962539524;1.2981624048934455;-0.48024479697875977;2.016817621081037;88.03913773555827;-27.516000000000002;115.5551377355583;0.044445017962539524;1.2981624048934455;2.016817621081037;1.2989230112290813
2026-05-12_13:58:06:233428;1778587086.2334285;150.0;-110.0;0.75;-0.9565217391304348;0.75;-0.9565217391304348;1.2478099961655025;1.60959181487173;-11.118910150745286;1.1704003843358244;59.90840895;10.719835133333333;0.0;59.90840895;10.719835133333333;0.0;1778587086.2334285;53.734;0.0;0.20;0.189;-1.328;-19.592;4.172;-1.824;26.702;59.90850831666667;10.7198365;0.0;-11.070512895418997;-0.07647069649307725;9.599928159076399e-06;1778587086.1026418;0.13078665733337402;0.0;0.0;-0.341944907050729;-19.592;0.0;0.0;-0.04839725532628947;1.2468710808289016;-0.341944907050729;1.9515367219224586;92.22281773095267;-19.592;111.81481773095264;-0.04839725532628947;1.2468710808289016;1.9515367219224586;1.2478099961655025
2026-05-12_13:58:06:441749;1778587086.4417493;150.0;-110.0;0.75;-0.9565217391304348;0.75;-0.9565217391304348;1.1338080574923186;1.7039489050616508;-11.118910150745286;1.1704003843358244;59.908409866666666;10.719837333333334;0.0;59.90840955;10.719836149999999;0.0;1778587086.4417493;88.911;0.0;0.20;-1.119;1.234;-9.606;-7.034;9.76;28.263;59.90850831666667;10.7198365;0.0;-10.968386394270839;0.04662847243762869;9.425325689704778e-06;1778587086.4417493;0.0;0.0;0.0;-0.16765632794657526;-9.605999999999998;0.0;0.0;-0.15052375647444727;1.1237719118981957;-0.16765632794657526;1.8716052330082258;97.62908076597039;-9.605999999999998;107.23508076597037;-0.15052375647444727;1.1237719118981957;1.8716052330082258;1.1338080574923186
2026-05-12_13:58:06:609301;1778587086.6093013;150.0;-110.0;0.75;-0.9565217391304348;0.75;-0.9565217391304348;1.1338080574923186;1.7039489050616508;-11.118910150745286;1.1704003843358244;59.908409866666666;10.719837333333334;0.0;59.908409866666666;10.719837333333334;0.0;1778587086.6093013;97.855;0.0;0.20;-1.119;1.234;-9.606;-7.034;9.76;28.263;59.90850831666667;10.7198365;0.0;-10.968386394270839;0.04662847243762869;9.425325689704778e-06;1778587086.590581;0.018720388412475586;0.0;0.0;-0.16765632794657526;-9.605999999999998;0.0;0.0;-0.15052375647444727;1.1237719118981957;-0.16765632794657526;1.8716052330082258;97.62908076597039;-9.605999999999998;107.23508076597037;-0.15052375647444727;1.1237719118981957;1.8716052330082258;1.1338080574923186
2026-05-12_13:58:06:800679;1778587086.8006792;150.0;-110.0;0.75;-0.9565217391304348;0.75;-0.9565217391304348;1.0687475136176576;1.7156181061384634;-11.118910150745286;1.1704003843358244;59.9084099;10.719838516666666;0.0;59.9084099;10.719838516666666;0.0;1778587086.8006792;111.017;0.0;0.20;-0.732;1.652;-0.868;3.362;-5.599;23.182;59.90850831666667;10.7198365;0.0;-10.964672702250144;0.11284090263012203;9.418911489866844e-06;1778587086.7117965;0.0888826847076416;0.0;0.0;-0.015149457907310815;-0.868000000000002;0.0;0.0;-0.15423744849514165;1.0575594817057024;-0.015149457907310815;1.7307675640457738;98.29767673796127;-0.868000000000002;99.16567673796125;-0.15423744849514165;1.0575594817057024;1.7307675640457738;1.0687475136176576
2026-05-12_13:58:07:021717;1778587087.0217175;150.0;-110.0;0.75;-0.9565217391304348;0.75;-0.9565217391304348;1.0103333488859403;1.709194849380906;-11.118910150745286;1.1704003843358244;59.908409766666665;10.719839533333333;0.0;59.908409766666665;10.719839533333333;0.0;1778587087.0207171;125.674;0.0;0.20;-0.52;1.241;1.016;1.784;-5.187;23.713;59.90850831666667;10.7198365;0.0;-10.979527463788148;0.1697276394048517;9.445131679441943e-06;1778587086.9694839;0.05223369598388672;0.0;0.0;0.01773254520026235;1.0159999999999978;0.0;0.0;-0.13938268695713774;1.0006727449309727;0.01773254520026235;1.6914623041806438;97.92965123502434;1.0159999999999978;96.91365123502435;-0.13938268695713774;1.0006727449309727;1.6914623041806438;1.0103333488859403
2026-05-12_13:58:07:150005;1778587087.150005;150.0;-110.0;0.75;-0.9565217391304348;0.75;-0.9565217391304348;0.9586887094343166;1.6873963510647612;-11.118910150745286;1.1704003843358244;59.908409516666666;10.7198404;0.0;59.908409516666666;10.7198404;0.0;1778587087.150005;140.244;0.0;0.20;-0.52;1.241;1.016;1.784;-5.187;23.713;59.90850831666667;10.7198365;0.0;-11.007380144304317;0.21822125241782597;9.495056437991423e-06;1778587087.105393;0.04461216926574707;0.0;0.0;0.01773254520026235;1.0159999999999978;0.0;0.0;-0.11153000644096878;0.9521791319179984;0.01773254520026235;1.6696638058644986;96.68068928178621;1.0159999999999978;95.6646892817862;-0.11153000644096878;0.9521791319179984;1.6696638058644986;0.9586887094343166
2026-05-12_13:58:07:307378;1778587087.3073785;-92.0580825805664;47.190181732177734;-0.460290412902832;0.4103494063667629;-0.460290412902832;0.4103494063667629;0.925332212345661;1.6512792848486926;-11.118910150745286;1.1704003843358244;59.90840918333333;10.719840933333334;0.0;59.90840918333333;10.719840933333334;0.0;1778587087.3066204;146.963;0.0;0.20;-0.52;1.241;1.016;1.784;-5.187;23.713;59.90850831666667;10.7198365;0.0;-11.044517051479602;0.2480634773510928;9.56029166854222e-06;1778587087.2632818;0.04409670829772949;0.0;0.0;0.01773254520026235;1.0159999999999978;0.0;0.0;-0.07439309926568427;0.9223369069847316;0.01773254520026235;1.6335467396484304;94.61133381921096;1.0159999999999978;93.59533381921096;-0.07439309926568427;0.9223369069847316;1.6335467396484304;0.925332212345661
2026-05-12_13:58:07:477108;1778587087.4771085;90.22804260253906;-88.24813842773438;0.4511402130126953;-0.7673751167629076;0.4511402130126953;-0.7673751167629076;0.9053104396867659;1.6099081828557598;-11.118910150745286;1.1704003843358244;59.90840883333333;10.71984125;0.0;59.90840883333333;10.71984125;0.0;1778587087.4771085;147.099;0.6778954691009009;0.20;-0.52;1.241;1.016;1.784;-5.187;23.713;59.90850831666667;10.7198365;0.0;-11.083510806031766;0.2657822999489938;9.628480316159482e-06;1778587087.414909;0.06219959259033203;-0.6269133434521136;0.2848703964124541;0.01773254520026235;1.0159999999999978;-0.6217635692776491;0.2959417964222265;-0.03539934471351991;0.9046180843868306;0.01773254520026235;1.5921756376554974;92.24094428121063;1.0159999999999978;91.22494428121064;-0.03539934471351991;0.9046180843868306;1.5921756376554974;0.9053104396867659
2026-05-12_13:58:07:616997;1778587087.616997;-2.3000009059906006;-44.555381774902344;-0.011500004529953003;-0.3874381023904552;-0.011500004529953003;-0.3874381023904552;0.9053104396867659;1.6099081828557598;-11.118910150745286;1.1704003843358244;59.90840883333333;10.71984125;0.0;59.90840883333333;10.71984125;0.0;1778587087.616997;144.72;0.0;0.20;-0.52;1.241;1.016;1.784;-5.187;23.713;59.90850831666667;10.7198365;0.0;-11.083510806031766;0.2657822999489938;9.628480316159482e-06;1778587087.594395;0.022602081298828125;0.0;0.0;0.01773254520026235;1.0159999999999978;0.0;0.0;-0.03539934471351991;0.9046180843868306;0.01773254520026235;1.5921756376554974;92.24094428121063;1.0159999999999978;91.22494428121064;-0.03539934471351991;0.9046180843868306;1.5921756376554974;0.9053104396867659
2026-05-12_13:58:07:793643;1778587087.7936437;150.0;-110.0;0.75;-0.9565217391304348;0.75;-0.9565217391304348;0.8859739831415256;1.5667393020720741;-11.118910150745286;1.1704003843358244;59.90840848333333;10.719841583333334;0.0;59.90840848333333;10.719841583333334;0.0;1778587087.7922633;151.232;0.0;0.20;1.805;0.061;14.428;-7.385;-3.487;13.826;59.90850831666667;10.7198365;0.0;-11.122504559238319;0.28443369250635975;9.69637232639542e-06;1778587087.74863;0.0450136661529541;0.0;0.0;0.25181610447774183;14.427999999999999;0.0;0.0;0.00359440849303283;0.8859666918294646;0.25181610447774183;1.3149231975943323;89.76754960600204;14.427999999999999;75.33954960600204;0.00359440849303283;0.8859666918294646;1.3149231975943323;0.8859739831415256
2026-05-12_13:58:08:058009;1778587088.0580096;150.0;-110.0;0.75;-0.9565217391304348;0.75;-0.9565217391304348;0.87638724154766;1.4945836779043247;-11.118910150745286;1.1704003843358244;59.90840791666667;10.7198418;0.0;59.90840791666667;10.7198418;0.0;1778587088.0519555;-171.722;0.20498978739707432;0.20;-1.853;0.054;17.297;-9.437;3.66;4.482;59.90850831666667;10.7198365;0.0;-11.185637304102315;0.29655710081618536;9.808095379426618e-06;1778587087.9133673;0.14464235305786133;-0.1925624253350546;-0.03868448336150315;0.30188960071745896;17.296999999999986;-0.19535591268110908;0.020318569939731822;0.06672715335702861;0.873843283519639;0.30188960071745896;1.1926940771868662;85.63333687305783;17.296999999999986;68.33633687305787;0.06672715335702861;0.873843283519639;1.1926940771868662;0.87638724154766
2026-05-12_13:58:08:421504;1778587088.4053497;-107.58556365966797;110.0;-0.5379278182983398;0.9565217391304348;-0.5379278182983398;0.9565217391304348;0.9025260281342287;1.461670511371773;-11.118910150745286;1.1704003843358244;59.90840763333333;10.719841383333334;0.0;59.90840763333333;10.719841383333334;0.0;1778587088.4053497;-172.131;0.0;0.20;-2.087;0.965;17.921;6.146;-1.252;2.305;59.90850831666667;10.7198365;0.0;-11.217203680967083;0.2732428656267165;9.861926394627574e-06;1778587088.2464752;0.15887451171875;0.0;0.0;0.3127804552499036;17.92099999999999;0.0;0.0;0.0982935302217971;0.8971575187091079;0.3127804552499036;1.1488900561218696;83.74755134033138;17.92099999999999;65.82655134033142;0.0982935302217971;0.8971575187091079;1.1488900561218696;0.9025260281342287
2026-05-12_13:58:08:542851;1778587088.542851;150.0;110.0;0.75;0.9565217391304348;0.75;0.9565217391304348;0.9264215233516557;1.426109729178602;-11.118910150745286;1.1704003843358244;59.90840731666667;10.719841033333333;0.0;59.90840731666667;10.719841033333333;0.0;1778587088.5405047;-161.091;0.0;0.20;-0.565;0.246;18.271;8.805;-5.394;0.784;59.90850831666667;10.7198365;0.0;-11.25248374519125;0.2536589083481895;9.923796348232372e-06;1778587088.5080307;0.0348203182220459;0.0;0.0;0.31888910763188383;18.270999999999994;0.0;0.0;0.13357359444596462;0.9167414759876349;0.31888910763188383;1.107220621546718;81.71006860447872;18.270999999999994;63.43906860447872;0.13357359444596462;0.9167414759876349;1.107220621546718;0.9264215233516557
2026-05-12_13:58:08:707126;1778587088.706134;-32.986305236816406;110.0;-0.16493152618408202;0.9565217391304348;-0.16493152618408202;0.9565217391304348;0.9564411880630846;1.3854272099950244;-11.118910150745286;1.1704003843358244;59.90840693333333;10.719840616666668;0.0;59.90840693333333;10.719840616666668;0.0;1778587088.706134;-146.734;0.0;0.20;0.986;-0.762;17.548;6.058;-4.091;-6.821;59.90850831666667;10.7198365;0.0;-11.295191194169732;0.2303446732459371;9.999157963846983e-06;1778587088.66423;0.04190397262573242;0.0;0.0;0.3062703771399651;17.54800000000001;0.0;0.0;0.17628104342444573;0.9400557110898873;0.3062703771399651;1.079156832855059;79.37913195529973;17.54800000000001;61.83113195529969;0.17628104342444573;0.9400557110898873;1.079156832855059;0.9564411880630846
2026-05-12_13:58:08:844758;1778587088.8447587;-149.23390197753906;110.0;-0.7461695098876953;0.9565217391304348;-0.7461695098876953;0.9565217391304348;1.0205111478791276;1.347069432969305;-11.118910150745286;1.1704003843358244;59.90840648333333;10.719839633333333;0.0;59.90840648333333;10.719839633333333;0.0;1778587088.8437586;-139.011;1.9335945433710213;0.20;0.986;-0.762;17.548;6.058;-4.091;-6.821;59.90850831666667;10.7198365;0.0;-11.34532602522447;0.17532307340495956;1.0085257557967964e-05;1778587088.8052619;0.03949689865112305;-1.2693358913463018;-1.393061271138894;0.3062703771399651;17.54800000000001;-1.6302814514334205;-0.945524034236656;0.22641587447918354;0.9950773109308648;0.3062703771399651;1.04079905582934;77.18139322022212;17.54800000000001;59.633393220222125;0.22641587447918354;0.9950773109308648;1.04079905582934;1.0205111478791276
2026-05-12_13:58:09:006447;1778587089.0064478;-130.6534881591797;110.0;-0.6532674407958985;0.9565217391304348;-0.6532674407958985;0.9565217391304348;1.0205111478791276;1.347069432969305;-11.118910150745286;1.1704003843358244;59.90840648333333;10.719839633333333;0.0;59.90840648333333;10.719839633333333;0.0;1778587089.0064478;-140.737;0.0;0.20;1.134;-0.614;15.537;-3.092;4.427;-10.775;59.90850831666667;10.7198365;0.0;-11.34532602522447;0.17532307340495956;1.0085257557967964e-05;1778587088.959588;0.0468597412109375;0.0;0.0;0.2711718058823589;15.536999999999995;0.0;0.0;0.22641587447918354;0.9950773109308648;0.2711718058823589;1.0758976270869463;77.18139322022212;15.536999999999995;61.64439322022214;0.22641587447918354;0.9950773109308648;1.0758976270869463;1.0205111478791276
2026-05-12_13:58:09:236012;1778587089.2360122;150.0;110.0;0.75;0.9565217391304348;0.75;0.9565217391304348;1.1168407606561976;1.303375709100926;-11.118910150745286;1.1704003843358244;59.90840586666667;10.719838166666667;0.0;59.90840586666667;10.719838166666667;0.0;1778587089.235474;-145.564;0.0;0.20;-0.745;1.628;13.399;-7.711;7.93;-7.632;59.90850831666667;10.7198365;0.0;-11.414029311512799;0.09325695581249493;1.0206250145472495e-05;1778587089.1987991;0.03721308708190918;0.0;0.0;0.23385666647472014;13.398999999999996;0.0;0.0;0.29511916076751277;1.0771434285233294;0.23385666647472014;1.0695190426262062;74.67792725135398;13.398999999999996;61.278927251354006;0.29511916076751277;1.0771434285233294;1.0695190426262062;1.1168407606561976
2026-05-12_13:58:09:421404;1778587089.3918922;150.0;110.0;0.75;0.9565217391304348;0.75;0.9565217391304348;1.2224657987400176;1.2574474795497335;-11.118910150745286;1.1704003843358244;59.90840513333333;10.719836633333333;0.0;59.90840513333333;10.719836633333333;0.0;1778587089.388837;-147.872;0.0;0.20;-1.55;2.276;12.446;-5.069;3.362;-7.892;59.90850831666667;10.7198365;0.0;-11.495730513943139;0.007460556585261902;1.0351514409201457e-05;1778587089.3663614;0.02553081512451172;0.0;0.0;0.21722367870321424;12.446;0.0;0.0;0.3768203631978526;1.1629398277505625;0.21722367870321424;1.040223800846519;72.04643353756262;12.446;59.60043353756261;0.3768203631978526;1.1629398277505625;1.040223800846519;1.2224657987400176
2026-05-12_13:58:09:537995;1778587089.537995;10.316946029663086;110.0;0.05158473014831543;0.9565217391304348;0.05158473014831543;0.9565217391304348;1.3228000240845759;1.2138261842707858;-11.118910150745286;1.1704003843358244;59.908404366666666;10.719835266666667;0.0;59.908404366666666;10.719835266666667;0.0;1778587089.537995;-149.775;0.0;0.20;-1.55;2.276;12.446;-5.069;3.362;-7.892;59.90850831666667;10.7198365;0.0;-11.581145405144081;-0.0690101502769147;1.0507229021072817e-05;1778587089.5252237;0.012771368026733398;0.0;0.0;0.21722367870321424;12.446;0.0;0.0;0.4622352543987951;1.239410534612739;0.21722367870321424;0.9966025055675711;69.54711742118498;12.446;57.10111742118495;0.4622352543987951;1.239410534612739;0.9966025055675711;1.3228000240845759
2026-05-12_13:58:09:703658;1778587089.7016537;-150.0;110.0;-0.75;0.9565217391304348;-0.75;0.9565217391304348;1.415257668375609;1.1763063372328655;-11.118910150745286;1.1704003843358244;59.908403633333336;10.719834066666667;0.0;59.908403633333336;10.719834066666667;0.0;1778587089.7016537;-152.219;0.0;0.20;-0.08;0.187;8.281;6.921;-1.262;-8.471;59.90850831666667;10.7198365;0.0;-11.662846604612938;-0.13615516444495745;1.0656362192662527e-05;1778587089.6777503;0.023903369903564453;0.0;0.0;0.1445307153576505;8.281000000000004;0.0;0.0;0.5439364538676514;1.3065555487807818;0.1445307153576505;1.031775621875215;67.39738853793573;8.281000000000004;59.11638853793572;0.5439364538676514;1.3065555487807818;1.031775621875215;1.415257668375609
2026-05-12_13:58:09:901576;1778587089.9015763;-150.0;110.0;-0.75;0.9565217391304348;-0.75;0.9565217391304348;1.5033787012803441;1.1388660005416325;-11.118910150745286;1.1704003843358244;59.90840286666667;10.719833016666668;0.0;59.90840286666667;10.719833016666668;0.0;1778587089.9015763;-152.355;1.1542270798678214;0.20;-0.08;0.187;8.281;6.921;-1.262;-8.471;59.90850831666667;10.7198365;0.0;-11.748261495991446;-0.1949070549247338;1.0814126693681203e-05;1778587089.8117585;0.08981776237487793;-0.9509799522950426;-0.6541232928355526;0.1445307153576505;8.281000000000004;-1.03527676453785;-0.5103353531797977;0.6293513452461603;1.3653074392605582;0.1445307153576505;0.9943352851839817;65.25221526197926;8.281000000000004;56.971215261979246;0.6293513452461603;1.3653074392605582;0.9943352851839817;1.5033787012803441
2026-05-12_13:58:10:151326;1778587090.140188;-150.0;110.0;-0.75;0.9565217391304348;-0.75;0.9565217391304348;1.6025399392984658;1.104594247716499;-11.118910150745286;1.1704003843358244;59.90840205;10.719831833333334;0.0;59.90840205;10.719831833333334;0.0;1778587090.139095;-147.112;0.8731843938265154;0.20;0.524;1.46;6.36;-4.108;6.503;-8.527;59.90850831666667;10.7198365;0.0;-11.839246919891059;-0.2611195058729565;1.0985243594774374e-05;1778587090.01207;0.12811803817749023;-0.7101687256057118;-0.5168081863421472;0.11100294042683956;6.360000000000012;-0.7630474810704102;-0.4349584600060129;0.7203367691457725;1.431519890208781;0.11100294042683956;0.9935913072896589;63.28858846858356;6.360000000000012;56.92858846858353;0.7203367691457725;1.431519890208781;0.9935913072896589;1.6025399392984658
2026-05-12_13:58:10:344339;1778587090.34434;-150.0;110.0;-0.75;0.9565217391304348;-0.75;0.9565217391304348;1.7106335592322945;1.0791126823044483;-11.118910150745286;1.1704003843358244;59.908401266666665;10.719830466666666;0.0;59.908401266666665;10.719830466666666;0.0;1778587090.3438027;-155.175;0.0;0.20;-2.113;1.649;3.798;-7.279;-4.453;-6.453;59.90850831666667;10.7198365;0.0;-11.926518652425237;-0.3375902263730133;1.1150642977852954e-05;1778587090.310279;0.03406119346618652;0.0;0.0;0.0662876049907446;3.797999999999998;0.0;0.0;0.807608501679951;1.5079906107088377;0.0662876049907446;1.0128250773137033;61.82860231508653;3.797999999999998;58.030602315086504;0.807608501679951;1.5079906107088377;1.0128250773137033;1.7106335592322945
2026-05-12_13:58:10:502170;1778587090.5021703;-150.0;110.0;-0.75;0.9565217391304348;-0.75;0.9565217391304348;1.8049988173853193;1.053249051312328;-11.118910150745286;1.1704003843358244;59.9084005;10.719829383333334;0.0;59.9084005;10.719829383333334;0.0;1778587090.5009334;-160.982;2.1062088048407897;0.20;-2.113;1.649;3.798;-7.279;-4.453;-6.453;59.90850831666667;10.7198365;0.0;-12.011933539502397;-0.3982072651084738;1.1315205600936906e-05;1778587090.451205;0.050965309143066406;-1.6759417045306115;-1.189378417489835;0.0662876049907446;3.797999999999998;-1.7510442905182804;-1.0757534613557738;0.8930233887571113;1.5686076494442982;0.0662876049907446;0.9869614463215832;60.346725416354275;3.797999999999998;56.548725416354266;0.8930233887571113;1.5686076494442982;0.9869614463215832;1.8049988173853193
2026-05-12_13:58:10:677637;1778587090.677637;-150.0;110.0;-0.75;0.9565217391304348;-0.75;0.9565217391304348;1.8815998456067276;1.027403777840603;-11.118910150745286;1.1704003843358244;59.90839978333333;10.719828633333334;0.0;59.90839978333333;10.719828633333334;0.0;1778587090.677637;-159.259;1.6926642539629477;0.20;-2.113;1.649;3.798;-7.279;-4.453;-6.453;59.90850831666667;10.7198365;0.0;-12.091777890080566;-0.44017291134119074;1.1468720934715293e-05;1778587090.6434224;0.03421473503112793;-2.333624694317458;-1.226537227148986;0.0662876049907446;3.797999999999998;-2.4097442294927647;-1.0692663521952304;0.97286773933528;1.6105732956770151;0.0662876049907446;0.9611161728498585;58.86590032606301;3.797999999999998;55.06790032606301;0.97286773933528;1.6105732956770151;0.9611161728498585;1.8815998456067276
2026-05-12_13:58:10:955535;1778587090.955536;-150.0;110.0;-0.75;0.9565217391304348;-0.75;0.9565217391304348;1.9589411703410768;1.0057054731520447;-11.118910150745286;1.1704003843358244;59.9083991;10.71982785;0.0;59.9083991;10.71982785;0.0;1778587090.955536;-156.681;0.6093652020830675;0.20;-0.093;0.511;1.312;7.942;0.186;-6.853;59.90850831666667;10.7198365;0.0;-12.167908548948246;-0.4840036985365834;1.1615642311113561e-05;1778587090.8113751;0.14416074752807617;-0.5280956166854827;-0.30404106490122335;0.022898719786165422;1.3119999999999896;-0.5349187116347993;-0.29186969944078894;1.0489983982029596;1.6544040828724078;0.022898719786165422;0.9828067533658791;57.62267904481969;1.3119999999999896;56.310679044819686;1.0489983982029596;1.6544040828724078;0.9828067533658791;1.9589411703410768
2026-05-12_13:58:11:155463;1778587091.1554632;-150.0;110.0;-0.75;0.9565217391304348;-0.75;0.9565217391304348;2.034063164791836;0.9879470862394376;-11.118910150745286;1.1704003843358244;59.90839846666667;10.719827066666667;0.0;59.90839846666667;10.719827066666667;0.0;1778587091.1554632;-160.398;0.0;0.20;0.208;0.304;-1.249;-1.9;0.39;-4.598;59.90850831666667;10.7198365;0.0;-12.238468671499131;-0.5278344866318052;1.175356360594293e-05;1778587091.058891;0.0965721607208252;0.0;0.0;-0.021799162357408974;-1.2489999999999886;0.0;0.0;1.119558520753845;1.6982348709676296;-0.021799162357408974;1.009746248596846;56.60519842376694;-1.2489999999999886;57.8541984237669;1.119558520753845;1.6982348709676296;1.009746248596846;2.034063164791836
2026-05-12_13:58:11:284369;1778587091.2843695;-150.0;110.0;-0.75;0.9565217391304348;-0.75;0.9565217391304348;2.1007563307760275;0.9706644149831469;-11.118910150745286;1.1704003843358244;59.90839786666667;10.719826433333333;0.0;59.90839786666667;10.719826433333333;0.0;1778587091.268605;-167.595;1.3976566402200064;0.20;0.062;0.425;-1.524;-1.649;1.756;-3.013;59.90850831666667;10.7198365;0.0;-12.305315103561147;-0.5632721479578473;1.1886335823163563e-05;1778587091.268605;0.015764474868774414;0.0;0.0;-0.026598817800393526;-1.523999999999997;0.0;0.0;1.1864049528158613;1.7336725322936717;-0.026598817800393526;0.9972632327835402;55.61497430206943;-1.523999999999997;57.138974302069414;1.1864049528158613;1.7336725322936717;0.9972632327835402;2.1007563307760275
2026-05-12_13:58:11:506423;1778587091.5064232;-150.0;110.0;-0.75;0.9565217391304348;-0.75;0.9565217391304348;2.1596757019906305;0.9517041056809288;-11.118910150745286;1.1704003843358244;59.90839726666667;10.719825983333333;0.0;59.90839726666667;10.719825983333333;0.0;1778587091.5055482;-170.379;0.0;0.20;-0.669;1.612;-2.167;-3.362;3.677;-2.12;59.90850831666667;10.7198365;0.0;-12.372161536915007;-0.5884515425848009;1.2017283047782712e-05;1778587091.4713106;0.035112619400024414;0.0;0.0;-0.0378212848907169;-2.1669999999999874;0.0;0.0;1.2532513861697208;1.7588519269206253;-0.0378212848907169;0.9895253905716457;54.528628600789695;-2.1669999999999874;56.69562860078968;1.2532513861697208;1.7588519269206253;0.9895253905716457;2.1596757019906305
2026-05-12_13:58:11:675821;1778587091.6758218;-150.0;110.0;-0.75;0.9565217391304348;-0.75;0.9565217391304348;2.216690394639816;0.9318323358816805;-11.118910150745286;1.1704003843358244;59.90839665;10.719825616666666;0.0;59.90839665;10.719825616666666;0.0;1778587091.6738217;-170.392;1.2544605459258815;0.20;-0.669;1.612;-2.167;-3.362;3.677;-2.12;59.90850831666667;10.7198365;0.0;-12.440864817194871;-0.6089680894605927;1.215252135544631e-05;1778587091.6166646;0.05915713310241699;-1.1613693341244316;-0.3468144211835292;-0.0378212848907169;-2.1669999999999874;-1.1474249529329787;-0.39048040971634346;1.3219546664495851;1.779368473796417;-0.0378212848907169;0.9696536207723971;53.39006005983723;-2.1669999999999874;55.557060059837205;1.3219546664495851;1.779368473796417;0.9696536207723971;2.216690394639816
2026-05-12_13:58:11:853297;1778587091.8532977;-150.0;110.0;-0.75;0.9565217391304348;-0.75;0.9565217391304348;2.2764730339150896;0.9105268904661171;-11.118910150745286;1.1704003843358244;59.908395983333335;10.719825283333334;0.0;59.908395983333335;10.719825283333334;0.0;1778587091.850478;-176.97;1.8015548245628652;0.20;-1.993;1.47;-2.242;-4.477;-3.738;2.414;59.90850831666667;10.7198365;0.0;-12.515138633452352;-0.6276194982628349;1.2301261862468493e-05;1778587091.8157487;0.03754901885986328;-1.9780494540930174;-0.4967216020171176;-0.03913028182971301;-2.242000000000008;-1.9571033770254926;-0.5737232472050857;1.3962284827070661;1.7980198825986593;-0.03913028182971301;0.9496571722958302;52.16934795687911;-2.242000000000008;54.41134795687912;1.3962284827070661;1.7980198825986593;0.9496571722958302;2.2764730339150896
2026-05-12_13:58:12:063813;1778587092.0638132;-150.0;110.0;-0.75;0.9565217391304348;-0.75;0.9565217391304348;2.3315385198143987;0.8831988269741115;-11.118910150745286;1.1704003843358244;59.90839523333333;10.719825216666667;0.0;59.90839523333333;10.719825216666667;0.0;1778587092.0638132;170.704;1.2119786579884972;0.20;-2.229;0.512;-1.046;1.918;-5.251;8.257;59.90850831666667;10.7198365;0.0;-12.598696680100396;-0.6313497917200781;1.246530332288387e-05;1778587091.994801;0.06901216506958008;-1.210772717589689;-0.054052694238504076;-0.018256143975860617;-1.045999999999996;-1.2095842169605293;-0.07614650020811789;1.4797865293551098;1.8017501760559025;-0.018256143975860617;0.9014549709499722;50.603565256521634;-1.045999999999996;51.64956525652163;1.4797865293551098;1.8017501760559025;0.9014549709499722;2.3315385198143987
2026-05-12_13:58:12:310052;1778587092.300444;-150.0;110.0;-0.75;0.9565217391304348;-0.75;0.9565217391304348;2.374539855903611;0.8500549409894109;-11.118910150745286;1.1704003843358244;59.90839445;10.719825533333333;0.0;59.90839445;10.719825533333333;0.0;1778587092.2984264;158.212;0.8428920491713587;0.20;-1.588;0.12;0.302;6.934;-2.781;12.553;59.90850831666667;10.7198365;0.0;-12.68596842079072;-0.6136309790535504;1.2636740297722326e-05;1778587092.1927755;0.10766839981079102;-0.8105603950991175;0.16456836636994293;0.0052708943410229026;0.30200000000000154;-0.8096817170436345;0.16883843874598328;1.5670582700454343;1.7840313633893747;0.0052708943410229026;0.844784046648388;48.70456047293549;0.30200000000000154;48.40256047293549;1.5670582700454343;1.7840313633893747;0.844784046648388;2.374539855903611
2026-05-12_13:58:12:397987;1778587092.3979876;-150.0;110.0;-0.75;0.9565217391304348;-0.75;0.9565217391304348;2.374539855903611;0.8500549409894109;-11.118910150745286;1.1704003843358244;59.90839445;10.719825533333333;0.0;59.90839445;10.719825533333333;0.0;1778587092.3979876;140.55;0.0;0.20;-1.588;0.12;0.302;6.934;-2.781;12.553;59.90850831666667;10.7198365;0.0;-12.68596842079072;-0.6136309790535504;1.2636740297722326e-05;1778587092.386685;0.011302709579467773;0.0;0.0;0.0052708943410229026;0.30200000000000154;0.0;0.0;1.5670582700454343;1.7840313633893747;0.0052708943410229026;0.844784046648388;48.70456047293549;0.30200000000000154;48.40256047293549;1.5670582700454343;1.7840313633893747;0.844784046648388;2.374539855903611
2026-05-12_13:58:12:633961;1778587092.6339612;150.0;-110.0;0.75;-0.9565217391304348;0.75;-0.9565217391304348;2.3918185217579433;0.8102283587828101;-11.118910150745286;1.1704003843358244;59.908393716666666;10.71982645;0.0;59.908393716666666;10.71982645;0.0;1778587092.6339612;134.123;0.0;0.20;1.262;1.931;11.266;-0.737;3.908;31.218;59.90850831666667;10.7198365;0.0;-12.767669629990552;-0.5623396482781948;1.2794227649770562e-05;1778587092.4891398;0.1448214054107666;0.0;0.0;0.1966287935296811;11.265999999999996;0.0;0.0;1.6487594792452658;1.7327400326140192;0.1966287935296811;0.613599565253129;46.42266540006644;11.265999999999996;35.156665400066444;1.6487594792452658;1.7327400326140192;0.613599565253129;2.3918185217579433
2026-05-12_13:58:12:773324;1778587092.7733243;-14.134079933166504;24.432533264160156;-0.07067039966583252;0.212456810992697;-0.07067039966583252;0.212456810992697;2.3940650302704656;0.762932355553518;-11.118910150745286;1.1704003843358244;59.908392983333336;10.71982785;0.0;59.908392983333336;10.71982785;0.0;1778587092.7617812;133.729;0.0;0.20;0.913;2.202;15.125;-5.122;2.557;32.46;59.90850831666667;10.7198365;0.0;-12.849370842290636;-0.4840037876186336;1.295207125018294e-05;1778587092.7145836;0.05874061584472656;0.0;0.0;0.26398104936414235;15.125;0.0;0.0;1.7304606915453498;1.654404171954458;0.26398104936414235;0.49895130618937555;43.7128040271909;15.125;28.587804027190888;1.7304606915453498;1.654404171954458;0.49895130618937555;2.3940650302704656
2026-05-12_13:58:12:900710;1778587092.9007106;122.85881805419922;-2.736599922180176;0.6142940902709961;-0.02379652106243631;0.6142940902709961;-0.02379652106243631;2.3943866603741424;0.7158874403147507;-11.118910150745286;1.1704003843358244;59.9083923;10.719829333333333;0.0;59.9083923;10.719829333333333;0.0;1778587092.9007106;133.996;0.0;0.20;0.913;2.202;15.125;-5.122;2.557;32.46;59.90850831666667;10.7198365;0.0;-12.925501517860955;-0.40100507309417277;1.309900129164987e-05;1778587092.8486376;0.052073001861572266;0.0;0.0;0.26398104936414235;15.125;0.0;0.0;1.8065913671156686;1.5714054574299972;0.26398104936414235;0.45190639095060847;41.01732893645884;15.125;25.892328936458842;1.8065913671156686;1.5714054574299972;0.45190639095060847;2.3943866603741424
2026-05-12_13:58:13:067903;1778587093.067367;-14.55765438079834;-26.885183334350586;-0.0727882719039917;-0.2337842029073964;-0.0727882719039917;-0.2337842029073964;2.3953510317380102;0.6690041915603864;-11.118910150745286;1.1704003843358244;59.90839165;10.719830866666667;0.0;59.90839165;10.719830866666667;0.0;1778587093.067367;133.651;2.738646136476039;0.20;0.913;2.202;15.125;-5.122;2.557;32.46;59.90850831666667;10.7198365;0.0;-12.997918500221024;-0.3152086449342639;1.3241282853293512e-05;1778587093.0263712;0.04099583625793457;-1.7664472534342637;2.092808343269332;0.26398104936414235;15.125;-1.1591879406865524;2.4812226782354805;1.879008349475738;1.4856090292700883;0.26398104936414235;0.405023142196244;38.33111665297179;15.125;23.206116652971787;1.879008349475738;1.4856090292700883;0.405023142196244;2.3953510317380102
2026-05-12_13:58:13:277999;1778587093.2779992;-42.862186431884766;-110.0;-0.21431093215942382;-0.9565217391304348;-0.21431093215942382;-0.9565217391304348;2.4114939865330567;0.617413821613242;-11.118910150745286;1.1704003843358244;59.908390866666664;10.719832466666666;0.0;59.908390866666664;10.719832466666666;0.0;1778587093.2693968;138.732;1.7303002694318963;0.20;-1.481;2.879;29.233;-4.997;-1.431;37.717;59.90850831666667;10.7198365;0.0;-13.085190244200614;-0.22568193457176755;1.3416195720594715e-05;1778587093.1971402;0.08085894584655762;-1.0793084558040358;1.1071961107727917;0.5102121002355022;29.232999999999993;-0.40113586209462704;1.4932782696544167;1.9662800934553282;1.396082318907592;0.5102121002355022;0.10720172137773964;35.37520619148185;29.232999999999993;6.142206191481854;1.9662800934553282;1.396082318907592;0.10720172137773964;2.4114939865330567
2026-05-12_13:58:13:392266;1778587093.3922665;-144.57623291015625;-110.0;-0.7228811645507812;-0.9565217391304348;-0.7228811645507812;-0.9565217391304348;2.4114939865330567;0.617413821613242;-11.118910150745286;1.1704003843358244;59.908390866666664;10.719832466666666;0.0;59.908390866666664;10.719832466666666;0.0;1778587093.3922665;145.785;0.0;0.20;-1.294;1.872;37.083;2.145;-9.084;39.705;59.90850831666667;10.7198365;0.0;-13.085190244200614;-0.22568193457176755;1.3416195720594715e-05;1778587093.3495066;0.04275989532470703;0.0;0.0;0.647220446517057;37.08299999999999;0.0;0.0;1.9662800934553282;1.396082318907592;0.647220446517057;-0.029806624903815138;35.37520619148185;37.08299999999999;-1.7077938085181408;1.9662800934553282;1.396082318907592;-0.029806624903815138;2.4114939865330567
2026-05-12_13:58:13:550864;1778587093.5508642;150.0;-110.0;0.75;-0.9565217391304348;0.75;-0.9565217391304348;2.4469321581595675;0.5650772798313183;-11.118910150745286;1.1704003843358244;59.90838996666667;10.719834;0.0;59.90838996666667;10.719834;0.0;1778587093.5508642;154.045;0.0;0.20;-1.294;1.872;37.083;2.145;-9.084;39.705;59.90850831666667;10.7198365;0.0;-13.185459905035017;-0.13988550037807634;1.3619272774434421e-05;1778587093.5169559;0.03390836715698242;0.0;0.0;0.647220446517057;37.08299999999999;0.0;0.0;2.0665497542897313;1.3102858847139007;0.647220446517057;-0.08214316668573884;32.37654323306753;37.08299999999999;-4.706456766932462;2.0665497542897313;1.3102858847139007;-0.08214316668573884;2.4469321581595675
2026-05-12_13:58:13:700588;1778587093.700588;68.93500518798828;-110.0;0.3446750259399414;-0.9565217391304348;0.3446750259399414;-0.9565217391304348;2.5109960914193983;0.5179254851423395;-11.118910150745286;1.1704003843358244;59.908388933333335;10.7198352;0.0;59.908388933333335;10.7198352;0.0;1778587093.700588;162.114;0.0;0.20;-0.58;-1.723;51.2;0.304;-4.952;29.323;59.90850831666667;10.7198365;0.0;-13.300584325819475;-0.07274046244616938;1.3858101344688123e-05;1778587093.662207;0.038381099700927734;0.0;0.0;0.8936085770210971;51.200000000000024;0.0;0.0;2.181674175074189;1.2431408467819938;0.8936085770210971;-0.3756830918787575;29.674944400921678;51.200000000000024;-21.525055599078335;2.181674175074189;1.2431408467819938;-0.3756830918787575;2.5109960914193983
2026-05-12_13:58:13:871298;1778587093.8649764;-150.0;-99.27680206298828;-0.75;-0.863276539678159;-0.75;-0.863276539678159;2.590468377770653;0.4854092316453463;-11.118910150745286;1.1704003843358244;59.90838795;10.719835816666667;0.0;59.90838795;10.719835816666667;0.0;1778587093.8630836;170.022;3.520621110470714;0.20;-0.58;-1.723;51.2;0.304;-4.952;29.323;59.90850831666667;10.7198365;0.0;-13.410138210887808;-0.03823537247648057;1.408650536216527e-05;1778587093.832452;0.03252434730529785;0.0;0.0;0.8936085770210971;51.200000000000024;0.0;0.0;2.2912280601425223;1.208635756812305;0.8936085770210971;-0.40819934537575087;27.81190030996646;51.200000000000024;-23.388099690033563;2.2912280601425223;1.208635756812305;-0.40819934537575087;2.590468377770653
2026-05-12_13:58:14:119158;1778587094.1191585;-150.0;-110.0;-0.75;-0.9565217391304348;-0.75;-0.9565217391304348;2.675805346435219;0.46670696182215954;-11.118910150745286;1.1704003843358244;59.90838706666667;10.7198359;0.0;59.90838706666667;10.7198359;0.0;1778587094.1191585;-179.039;0.7285368569743919;0.20;-0.831;-0.692;57.481;0.638;9.175;24.523;59.90850831666667;10.7198365;0.0;-13.508551021334865;-0.033572523008514654;1.429483186665692e-05;1778587093.9839242;0.13523435592651367;-0.7277204802937373;0.03447976984857091;1.00323270733886;57.48099999999997;-0.3621336379213367;0.6321591415566307;2.389640870589579;1.203972907344339;1.00323270733886;-0.5365257455167005;26.740339181782982;57.48099999999997;-30.740660818216988;2.389640870589579;1.203972907344339;-0.5365257455167005;2.675805346435219
2026-05-12_13:58:14:255241;1778587094.2552416;-150.0;-110.0;-0.75;-0.9565217391304348;-0.75;-0.9565217391304348;2.7585016129718003;0.4573032744082641;-11.118910150745286;1.1704003843358244;59.9083863;10.71983565;0.0;59.9083863;10.71983565;0.0;1778587094.2552416;-172.002;6.5688711793770285;0.20;-0.657;0.972;61.021;1.095;9.437;21.17;59.90850831666667;10.7198365;0.0;-13.59396591403837;-0.047561075381894025;1.447550919042584e-05;1778587094.2420654;0.013176202774047852;0.0;0.0;1.06501736285946;61.02100000000001;0.0;0.0;2.475055763293083;1.2179614597177184;1.06501736285946;-0.6077140884511958;26.20154758110648;61.02100000000001;-34.81945241889352;2.475055763293083;1.2179614597177184;-0.6077140884511958;2.7585016129718003
2026-05-12_13:58:14:534961;1778587094.5349612;-150.0;-110.0;-0.75;-0.9565217391304348;-0.75;-0.9565217391304348;2.8267433855495803;0.4527822232458459;-11.118910150745286;1.1704003843358244;59.9083857;10.719835316666666;0.0;59.9083857;10.719835316666666;0.0;1778587094.5349612;-164.259;0.49634501229092015;0.20;0.126;1.509;67.107;2.932;-3.71;12.646;59.90850831666667;10.7198365;0.0;-13.660812350872359;-0.06621247858346901;1.4618432846447149e-05;1778587094.3951397;0.13982152938842773;-0.47808400556317976;-0.13339435838783398;1.1712381011358346;67.107;-0.3088674066990139;0.38853480706889354;2.5419022001270726;1.2366128629192934;1.1712381011358346;-0.7184558778899888;25.942510430537205;67.107;-41.164489569462795;2.5419022001270726;1.2366128629192934;-0.7184558778899888;2.8267433855495803
2026-05-12_13:58:14:738934;1778587094.7389343;-150.0;-110.0;-0.75;-0.9565217391304348;-0.75;-0.9565217391304348;2.8903786278545915;0.45104229723570344;-11.118910150745286;1.1704003843358244;59.90838516666667;10.7198349;0.0;59.90838516666667;10.7198349;0.0;1778587094.7389343;-151.92;0.0;0.20;0.774;0.924;69.298;1.35;-0.162;7.855;59.90850831666667;10.7198365;0.0;-13.720231405601238;-0.08952673315678927;1.4746329676462722e-05;1778587094.6446838;0.09425044059753418;0.0;0.0;1.2094782650470304;69.298;0.0;0.0;2.601321254855952;1.2599271174926137;1.2094782650470304;-0.758435967811327;25.842820013491004;69.298;-43.455179986508995;2.601321254855952;1.2599271174926137;-0.758435967811327;2.8903786278545915
2026-05-12_13:58:15:058347;1778587095.0583472;-150.0;-110.0;-0.75;-0.9565217391304348;-0.75;-0.9565217391304348;2.945550047380304;0.4549901638913465;-11.118910150745286;1.1704003843358244;59.908384766666664;10.719834283333334;0.0;59.908384766666664;10.719834283333334;0.0;1778587095.0583472;-147.372;0.0;0.20;0.781;0.96;69.602;0.239;0.903;7.7;59.90850831666667;10.7198365;0.0;-13.764795697160423;-0.1240318297617633;1.4843569887901253e-05;1778587094.8590996;0.1992475986480713;0.0;0.0;1.2147840659730935;69.60200000000002;0.0;0.0;2.645885546415137;1.2944322140975877;1.2147840659730935;-0.7597939020817472;26.069016110939778;69.60200000000002;-43.53298388906025;2.645885546415137;1.2944322140975877;-0.7597939020817472;2.945550047380304
2026-05-12_13:58:15:220253;1778587095.21825;150.0;-110.0;0.75;-0.9565217391304348;0.75;-0.9565217391304348;3.000336428521602;0.46129172027462906;-11.118910150745286;1.1704003843358244;59.9083844;10.71983355;0.0;59.9083844;10.71983355;0.0;1778587095.21825;-140.893;0.0;0.20;-0.586;1.712;71.921;-7.095;1.345;6.384;59.90850831666667;10.7198365;0.0;-13.805646295276148;-0.1650649180907129;1.4930914798760853e-05;1778587095.188812;0.029438018798828125;0.0;0.0;1.2552582513268415;71.92099999999999;0.0;0.0;2.6867361445308617;1.3354653024265373;1.2552582513268415;-0.7939665310522126;26.430068696065593;71.92099999999999;-45.4909313039344;2.6867361445308617;1.3354653024265373;-0.7939665310522126;3.000336428521602
2026-05-12_13:58:15:416803;1778587095.4168034;115.90564727783203;-110.0;0.5795282363891602;-0.9565217391304348;0.5795282363891602;-0.9565217391304348;3.048164199135189;0.466824724662745;-11.118910150745286;1.1704003843358244;59.90838408333333;10.7198329;0.0;59.90838408333333;10.7198329;0.0;1778587095.403861;-137.875;0.0;0.20;-1.722;1.534;72.81;-3.67;-2.329;3.454;59.90850831666667;10.7198365;0.0;-13.840926358326229;-0.20143515630165676;1.5010687393512967e-05;1778587095.3536944;0.06310892105102539;0.0;0.0;1.2707742283770713;72.81;0.0;0.0;2.7220162075809426;1.3718355406374811;1.2707742283770713;-0.8039495037143265;26.747086495532002;72.81;-46.06291350446801;2.7220162075809426;1.3718355406374811;-0.8039495037143265;3.048164199135189
2026-05-12_13:58:15:539772;1778587095.5397725;42.382423400878906;-110.0;0.21191211700439452;-0.9565217391304348;0.21191211700439452;-0.9565217391304348;3.0898947850764755;0.47354872381911567;-11.118910150745286;1.1704003843358244;59.90838383333333;10.719832233333333;0.0;59.90838383333333;10.719832233333333;0.0;1778587095.5397725;-138.21;0.0;0.20;-1.722;1.534;72.81;-3.67;-2.329;3.454;59.90850831666667;10.7198365;0.0;-13.86877903778885;-0.23873796476712816;1.5071986585901698e-05;1778587095.522443;0.01732945442199707;0.0;0.0;1.2707742283770713;72.81;0.0;0.0;2.7498688870435632;1.4091383491029525;1.2707742283770713;-0.7972255045579555;27.132343268641566;72.81;-45.677656731358425;2.7498688870435632;1.4091383491029525;-0.7972255045579555;3.0898947850764755
2026-05-12_13:58:15:707607;1778587095.707607;-81.98092651367188;-103.8754653930664;-0.40990463256835935;-0.903264916461447;-0.40990463256835935;-0.903264916461447;3.1322719849019007;0.4816873914991101;-11.118910150745286;1.1704003843358244;59.9083836;10.719831483333333;0.0;59.9083836;10.719831483333333;0.0;1778587095.7061357;-135.264;0.0;0.20;-1.722;1.534;72.81;-3.67;-2.329;3.454;59.90850831666667;10.7198365;0.0;-13.894774870555139;-0.2807036245885044;1.51288616052625e-05;1778587095.6641815;0.043425559997558594;0.0;0.0;1.2707742283770713;72.81;0.0;0.0;2.775864719809853;1.4511040089243288;1.2707742283770713;-0.7890868368779613;27.598654577564776;72.81;-45.21134542243523;2.775864719809853;1.4511040089243288;-0.7890868368779613;3.1322719849019007
2026-05-12_13:58:15:891928;1778587095.8919287;-84.5806884765625;-96.88064575195312;-0.4229034423828125;-0.8424403978430707;-0.4229034423828125;-0.8424403978430707;3.1806444968298258;0.48930213950850393;-11.118910150745286;1.1704003843358244;59.908383316666665;10.7198307;0.0;59.908383316666665;10.7198307;0.0;1778587095.8914027;-127.928;0.8838459118239664;0.20;0.336;0.704;74.117;2.345;1.738;0.087;59.90850831666667;10.7198365;0.0;-13.926341241334882;-0.32453442588325987;1.5200211879395908e-05;1778587095.8302896;0.06163907051086426;-0.5121162684336538;-0.7110879663091291;1.2935856817006375;74.11700000000002;-0.8240932748244985;0.2979587934817442;2.8074310905895956;1.4949348102190843;1.2935856817006375;-0.8042835421921337;28.034947500558687;74.11700000000002;-46.08205249944134;2.8074310905895956;1.4949348102190843;-0.8042835421921337;3.1806444968298258
2026-05-12_13:58:16:041018;1778587096.041018;-96.97452545166016;-91.9950942993164;-0.48487262725830077;-0.7999573417331861;-0.48487262725830077;-0.7999573417331861;3.220591162801085;0.49780744102603386;-11.118910150745286;1.1704003843358244;59.90838311666667;10.719829933333333;0.0;59.90838311666667;10.719829933333333;0.0;1778587096.041018;-116.663;2.4281736640351244;0.20;0.336;0.704;74.117;2.345;1.738;0.087;59.90850831666667;10.7198365;0.0;-13.948623382789448;-0.36743265676669634;1.5251338258082114e-05;1778587096.02111;0.01990795135498047;-1.1192583836102021;-2.1548289986505527;1.2935856817006375;74.11700000000002;-2.378874881295891;0.48680760249458477;2.8297132320441616;1.5378330411025207;1.2935856817006375;-0.7957782406746037;28.522265380999368;74.11700000000002;-45.594734619000654;2.8297132320441616;1.5378330411025207;-0.7957782406746037;3.220591162801085
2026-05-12_13:58:16:263492;1778587096.260742;-79.6087646484375;-78.95314025878906;-0.3980438232421875;-0.6865490457286005;-0.3980438232421875;-0.6865490457286005;3.241098764483224;0.5081521284728637;-11.118910150745286;1.1704003843358244;59.9083831;10.719829233333334;0.0;59.9083831;10.719829233333334;0.0;1778587096.2540298;-106.271;1.2355611926016044;0.20;0.103;1.09;73.627;-2.43;0.904;-3.208;59.90850831666667;10.7198365;0.0;-13.950480224133162;-0.40660060508328755;1.5257787778999443e-05;1778587096.2222936;0.038448333740234375;-0.04829445552205243;-1.0187164047529005;1.285033568365865;73.627;-0.9910180082904387;-0.2408293482757011;2.8315700733878764;1.577000989419112;1.285033568365865;-0.7768814398930011;29.11497231208468;73.627;-44.51202768791531;2.8315700733878764;1.577000989419112;-0.7768814398930011;3.241098764483224
2026-05-12_13:58:16:446966;1778587096.4461071;-31.9191951751709;-61.27431869506836;-0.1595959758758545;-0.5328201625658118;-0.1595959758758545;-0.5328201625658118;3.241098764483224;0.5081521284728637;-11.118910150745286;1.1704003843358244;59.9083831;10.719829233333334;0.0;59.9083831;10.719829233333334;0.0;1778587096.4461071;-97.788;0.0;0.20;0.103;1.09;73.627;-2.43;0.904;-3.208;59.90850831666667;10.7198365;0.0;-13.950480224133162;-0.40660060508328755;1.5257787778999443e-05;1778587096.3842673;0.06183981895446777;0.0;0.0;1.285033568365865;73.627;0.0;0.0;2.8315700733878764;1.577000989419112;1.285033568365865;-0.7768814398930011;29.11497231208468;73.627;-44.51202768791531;2.8315700733878764;1.577000989419112;-0.7768814398930011;3.241098764483224
2026-05-12_13:58:16:687497;1778587096.6874976;150.0;-110.0;0.75;-0.9565217391304348;0.75;-0.9565217391304348;3.26847957198227;0.5353753474294178;-11.118910150745286;1.1704003843358244;59.908383283333336;10.719827616666667;0.0;59.908383283333336;10.719827616666667;0.0;1778587096.6804001;-71.84;0.9661326736196547;0.20;-1.154;1.452;70.423;-0.23;2.092;-14.278;59.90850831666667;10.7198365;0.0;-13.93005491305109;-0.4970599113912;1.5219468542326808e-05;1778587096.6279044;0.05959320068359375;0.249269551603378;-0.8137446488535384;1.2291132191319667;70.423;-0.683180136953693;-0.5075239534901294;2.811144762305803;1.6674602957270244;1.2291132191319667;-0.6937378717025489;30.67474786305577;70.423;-39.74825213694423;2.811144762305803;1.6674602957270244;-0.6937378717025489;3.26847957198227
2026-05-12_13:58:16:799564;1778587096.7995644;7.543935298919678;-36.489810943603516;0.03771967649459839;-0.3173027038574219;0.03771967649459839;-0.3173027038574219;3.26847957198227;0.5353753474294178;-11.118910150745286;1.1704003843358244;59.908383283333336;10.719827616666667;0.0;59.908383283333336;10.719827616666667;0.0;1778587096.7995644;-65.874;0.0;0.20;-0.986;1.685;67.604;3.186;1.05;-20.333;59.90850831666667;10.7198365;0.0;-13.93005491305109;-0.4970599113912;1.5219468542326808e-05;1778587096.7730076;0.026556730270385742;0.0;0.0;1.1799123875182467;67.60400000000001;0.0;0.0;2.811144762305803;1.6674602957270244;1.1799123875182467;-0.6445370400888288;30.67474786305577;67.60400000000001;-36.92925213694424;2.811144762305803;1.6674602957270244;-0.6445370400888288;3.26847957198227
2026-05-12_13:58:16:952868;1778587096.9528685;150.0;-110.0;0.75;-0.9565217391304348;0.75;-0.9565217391304348;3.2652815383920486;0.5556717043085129;-11.118910150745286;1.1704003843358244;59.90838361666667;10.719826633333334;0.0;59.90838361666667;10.719826633333334;0.0;1778587096.9528685;-69.487;0.0;0.20;-0.986;1.685;67.604;3.186;1.05;-20.333;59.90850831666667;10.7198365;0.0;-13.89291799517966;-0.5520815470586686;1.514320924833612e-05;1778587096.924858;0.02801036834716797;0.0;0.0;1.1799123875182467;67.60400000000001;0.0;0.0;2.774007844434374;1.722481931394493;1.1799123875182467;-0.6242406832097336;31.83764345171923;67.60400000000001;-35.76635654828077;2.774007844434374;1.722481931394493;-0.6242406832097336;3.2652815383920486
2026-05-12_13:58:17:106341;1778587097.1063416;-14.569485664367676;-94.22911071777344;-0.07284742832183838;-0.8193835714588995;-0.07284742832183838;-0.8193835714588995;3.2545142605278183;0.5832628822274184;-11.118910150745286;1.1704003843358244;59.908384133333335;10.719825383333333;0.0;59.908384133333335;10.719825383333333;0.0;1778587097.1063416;-71.582;0.0;0.20;1.17;-0.391;57.368;3.128;-6.941;-28.108;59.90850831666667;10.7198365;0.0;-13.8353557731923;-0.6220243009068753;1.5024593967183364e-05;1778587097.0649874;0.04135417938232422;0.0;0.0;1.0012604852841065;57.367999999999974;0.0;0.0;2.7164456224470133;1.7924246852426997;1.0012604852841065;-0.41799760305668787;33.41850149826707;57.367999999999974;-23.949498501732894;2.7164456224470133;1.7924246852426997;-0.41799760305668787;3.2545142605278183
2026-05-12_13:58:17:263502;1778587097.2635026;30.609203338623047;22.68819236755371;0.15304601669311524;0.19728862928307575;0.15304601669311524;0.19728862928307575;3.255460332629285;0.6160358376448811;-11.118910150745286;1.1704003843358244;59.90838466666666;10.7198238;0.0;59.90838466666666;10.7198238;0.0;1778587097.2635026;-75.869;2.638785956573161;0.20;1.17;-0.391;57.368;3.128;-6.941;-28.108;59.90850831666667;10.7198365;0.0;-13.775936703540394;-0.7106184552998986;1.490534475223626e-05;1778587097.2230768;0.040425777435302734;1.4698312171485075;-2.191526298654592;1.0012604852841065;57.367999999999974;-1.0530032796874926;-2.419581661685826;2.6570265527951076;1.881018839635723;1.0012604852841065;-0.38522464763922537;35.29625352585809;57.367999999999974;-22.071746474141886;2.6570265527951076;1.881018839635723;-0.38522464763922537;3.255460332629285
2026-05-12_13:58:17:605044;1778587097.6050444;5.240798473358154;31.27159309387207;0.02620399236679077;0.2719268964684528;0.02620399236679077;0.2719268964684528;3.284139845083072;0.6509997291711;-11.118910150745286;1.1704003843358244;59.90838506666667;10.71982185;0.0;59.90838506666667;10.71982185;0.0;1778587097.6050444;-84.182;0.0;0.20;0.058;-1.338;48.109;-7.533;0.45;-29.107;59.90850831666667;10.7198365;0.0;-13.731372388887335;-0.8197291532430993;1.4821487009264445e-05;1778587097.4583106;0.14673376083374023;0.0;0.0;0.839660449841952;48.109;0.0;0.0;2.612462238142049;1.9901295375789236;0.839660449841952;-0.18866072067085193;37.299536945663654;48.109;-10.809463054336344;2.612462238142049;1.9901295375789236;-0.18866072067085193;3.284139845083072
2026-05-12_13:58:17:750190;1778587097.75019;150.0;-11.722101211547852;0.75;-0.1019313148830248;0.75;-0.1019313148830248;3.336861644574685;0.6865301462256977;-11.118910150745286;1.1704003843358244;59.90838535;10.719819616666667;0.0;59.90838535;10.719819616666667;0.0;1778587097.749192;-95.117;0.0;0.20;-1.265;0.042;39.666;-2.466;6.725;-30.512;59.90850831666667;10.7198365;0.0;-13.699805985472448;-0.944693543914563;1.4771200976149146e-05;1778587097.7251325;0.025057554244995117;0.0;0.0;0.6923023010960705;39.66599999999998;0.0;0.0;2.580895834727162;2.1150939282503876;0.6923023010960705;-0.005772154870372859;39.33527988723174;39.66599999999998;-0.3307201127682476;2.580895834727162;2.1150939282503876;-0.005772154870372859;3.336861644574685
2026-05-12_13:58:17:930446;1778587097.9122207;26.652441024780273;-40.784854888916016;0.13326220512390136;-0.3546509120775306;0.13326220512390136;-0.3546509120775306;3.4153370563718832;0.7182479966949276;-11.118910150745286;1.1704003843358244;59.908385433333336;10.71981725;0.0;59.908385433333336;10.71981725;0.0;1778587097.905503;-102.393;0.0;0.20;-1.433;0.723;33.613;0.47;2.012;-29.647;59.90850831666667;10.7198365;0.0;-13.690521721971836;-1.0771184999809855;1.477185749987342e-05;1778587097.875177;0.03704380989074707;0.0;0.0;0.586657521472854;33.613;0.0;0.0;2.5716115712265495;2.24751888431681;0.586657521472854;0.13159047522207334;41.15257885434565;33.613;7.539578854345637;2.5716115712265495;2.24751888431681;0.13159047522207334;3.4153370563718832
2026-05-12_13:58:18:061632;1778587098.061632;-16.380420684814453;46.27930450439453;-0.08190210342407227;0.40242873482082203;-0.08190210342407227;0.40242873482082203;3.512292530771793;0.7430567120827404;-11.118910150745286;1.1704003843358244;59.9083853;10.71981495;0.0;59.9083853;10.71981495;0.0;1778587098.061632;-112.041;2.786462517511303;0.20;-1.433;0.723;33.613;0.47;2.012;-29.647;59.90850831666667;10.7198365;0.0;-13.705376447670114;-1.2058131827888352;1.4828533674737798e-05;1778587098.02294;0.03869199752807617;0.0;0.0;0.586657521472854;33.613;0.0;0.0;2.5864662969248275;2.3762135671246596;0.586657521472854;0.1563991906098865;42.574013541208586;33.613;8.961013541208592;2.5864662969248275;2.3762135671246596;0.1563991906098865;3.512292530771793
2026-05-12_13:58:18:228199;1778587098.2281997;-48.80730438232422;43.427703857421875;-0.2440365219116211;0.3776322074558424;-0.2440365219116211;0.3776322074558424;3.512292530771793;0.7430567120827404;-11.118910150745286;1.1704003843358244;59.9083853;10.71981495;0.0;59.9083853;10.71981495;0.0;1778587098.2281997;-118.503;0.0;0.20;-1.433;0.723;33.613;0.47;2.012;-29.647;59.90850831666667;10.7198365;0.0;-13.705376447670114;-1.2058131827888352;1.4828533674737798e-05;1778587098.1865819;0.04161787033081055;0.0;0.0;0.586657521472854;33.613;0.0;0.0;2.5864662969248275;2.3762135671246596;0.586657521472854;0.1563991906098865;42.574013541208586;33.613;8.961013541208592;2.5864662969248275;2.3762135671246596;0.1563991906098865;3.512292530771793
2026-05-12_13:58:18:411142;1778587098.4111426;150.0;103.97498321533203;0.75;0.9041302888289742;0.75;0.9041302888289742;3.6287195586660403;0.7619048075677579;-11.118910150745286;1.1704003843358244;59.90838495;10.71981265;0.0;59.90838495;10.71981265;0.0;1778587098.4100213;-122.796;0.0;0.20;-0.853;-0.82;21.116;0.343;-2.579;-23.01;59.90850831666667;10.7198365;0.0;-13.744370157388348;-1.3345078752543902;1.4936695847289627e-05;1778587098.3301284;0.08101415634155273;0.0;0.0;0.3685437248511225;21.115999999999996;0.0;0.0;2.6254600066430616;2.5049082595902146;0.3685437248511225;0.3933610827166354;43.653929864359675;21.115999999999996;22.53792986435968;2.6254600066430616;2.5049082595902146;0.3933610827166354;3.6287195586660403
2026-05-12_13:58:18:535031;1778587098.5350313;150.0;110.0;0.75;0.9565217391304348;0.75;0.9565217391304348;3.758930878407456;0.7759261575978816;-11.118910150745286;1.1704003843358244;59.90838443333333;10.719810366666668;0.0;59.90838443333333;10.719810366666668;0.0;1778587098.5350313;-126.706;0.0;0.20;-0.966;-0.955;18.59;-1.549;-0.072;-19.984;59.90850831666667;10.7198365;0.0;-13.801932319209408;-1.4622700075239556;1.508909998548802e-05;1778587098.5350313;0.0;0.0;0.0;0.3244567079457461;18.590000000000014;0.0;0.0;2.683022168464122;2.6326703918597802;0.3244567079457461;0.4514694496521354;44.457294044161394;18.590000000000014;25.867294044161373;2.683022168464122;2.6326703918597802;0.4514694496521354;3.758930878407456
2026-05-12_13:58:18:741863;1778587098.741863;64.54219055175781;110.0;0.3227109527587891;0.9565217391304348;0.3227109527587891;0.9565217391304348;3.8963536948173925;0.7852889168291968;-11.118910150745286;1.1704003843358244;59.908383783333335;10.719808183333333;0.0;59.908383783333335;10.719808183333333;0.0;1778587098.741863;-130.42;0.0;0.20;-0.966;-0.955;18.59;-1.549;-0.072;-19.984;59.90850831666667;10.7198365;0.0;-13.874349243194912;-1.5844367293457684;1.527597244166401e-05;1778587098.7104418;0.03142118453979492;0.0;0.0;0.3244567079457461;18.590000000000014;0.0;0.0;2.7554390924496257;2.754837113681593;0.3244567079457461;0.4608322088834509;44.9937406327129;18.590000000000014;26.4037406327129;2.7554390924496257;2.754837113681593;0.4608322088834509;3.8963536948173925
2026-05-12_13:58:18:895436;1778587098.894806;-85.4117431640625;110.0;-0.4270587158203125;0.9565217391304348;-0.4270587158203125;0.9565217391304348;4.03261312320833;0.7891205768931736;-11.118910150745286;1.1704003843358244;59.90838301666667;10.719806266666666;0.0;59.90838301666667;10.719806266666666;0.0;1778587098.894806;-139.5;0.0;0.20;-1.757;-0.127;14.112;-1.645;5.077;-12.576;59.90850831666667;10.7198365;0.0;-13.959764087245812;-1.691682338602405;1.548807221940507e-05;1778587098.8734376;0.02136826515197754;0.0;0.0;0.24630086404143992;14.112000000000007;0.0;0.0;2.840853936500526;2.8620827229382293;0.24630086404143992;0.5428197128517338;45.2132785829076;14.112000000000007;31.1012785829076;2.840853936500526;2.8620827229382293;0.5428197128517338;4.03261312320833
2026-05-12_13:58:19:057829;1778587099.0578291;-143.13356018066406;110.0;-0.7156678009033203;0.9565217391304348;-0.7156678009033203;0.9565217391304348;4.1509973096292505;0.7865419009960648;-11.118910150745286;1.1704003843358244;59.9083822;10.7198049;0.0;59.9083822;10.7198049;0.0;1778587099.0578291;-145.747;3.7704284124227434;0.20;-1.757;-0.127;14.112;-1.645;5.077;-12.576;59.90850831666667;10.7198365;0.0;-14.050749481276423;-1.768153138147646;1.5708789421253755e-05;1778587099.0263066;0.031522512435913086;0.0;0.0;0.24630086404143992;14.112000000000007;0.0;0.0;2.9318393305311368;2.9385535224834705;0.24630086404143992;0.5402410369546251;45.06553133727115;14.112000000000007;30.95353133727116;2.9318393305311368;2.9385535224834705;0.5402410369546251;4.1509973096292505
2026-05-12_13:58:19:223597;1778587099.2235975;-150.0;110.0;-0.75;0.9565217391304348;-0.75;0.9565217391304348;4.1509973096292505;0.7865419009960648;-11.118910150745286;1.1704003843358244;59.9083822;10.7198049;0.0;59.9083822;10.7198049;0.0;1778587099.221925;-149.329;0.0;0.20;-1.757;-0.127;14.112;-1.645;5.077;-12.576;59.90850831666667;10.7198365;0.0;-14.050749481276423;-1.768153138147646;1.5708789421253755e-05;1778587099.1918173;0.031780242919921875;0.0;0.0;0.24630086404143992;14.112000000000007;0.0;0.0;2.9318393305311368;2.9385535224834705;0.24630086404143992;0.5402410369546251;45.06553133727115;14.112000000000007;30.95353133727116;2.9318393305311368;2.9385535224834705;0.5402410369546251;4.1509973096292505
2026-05-12_13:58:19:434628;1778587099.4279308;150.0;110.0;0.75;0.9565217391304348;0.75;0.9565217391304348;4.249017770069658;0.7811471853169702;-11.118910150745286;1.1704003843358244;59.90838143333333;10.71980395;0.0;59.90838143333333;10.71980395;0.0;1778587099.4270475;-146.595;0.0;0.20;1.422;1.449;9.409;1.496;-0.925;-7.421;59.90850831666667;10.7198365;0.0;-14.136164347038333;-1.8213096827194264;1.5911537251334096e-05;1778587099.3504179;0.07751297950744629;0.0;0.0;0.16421802932014629;9.40899999999999;0.0;0.0;3.017254196293047;2.9917100670552506;0.16421802932014629;0.6169291559968242;44.756436897185985;9.40899999999999;35.34743689718601;3.017254196293047;2.9917100670552506;0.6169291559968242;4.249017770069658
2026-05-12_13:58:19:558297;1778587099.5582979;-150.0;110.0;-0.75;0.9565217391304348;-0.75;0.9565217391304348;4.339954795405011;0.7749152909607256;-11.118910150745286;1.1704003843358244;59.908380683333334;10.71980315;0.0;59.908380683333334;10.71980315;0.0;1778587099.5582979;-145.396;0.0;0.20;1.422;1.449;9.409;1.496;-0.925;-7.421;59.90850831666667;10.7198365;0.0;-14.219722371310683;-1.866073096357073;1.6111149251152312e-05;1778587099.505665;0.052632808685302734;0.0;0.0;0.16421802932014629;9.40899999999999;0.0;0.0;3.1008122205653965;3.0364734806928975;0.16421802932014629;0.6106972616405795;44.39937565220177;9.40899999999999;34.99037565220179;3.1008122205653965;3.0364734806928975;0.6106972616405795;4.339954795405011
2026-05-12_13:58:19:725709;1778587099.7247186;98.7743148803711;110.0;0.4938715744018555;0.9565217391304348;0.4938715744018555;0.9565217391304348;4.436316227814993;0.7689615893547304;-11.118910150745286;1.1704003843358244;59.9083799;10.719802283333333;0.0;59.9083799;10.719802283333333;0.0;1778587099.7247186;-147.117;0.0;0.20;-2.12;1.052;7.259;-11.807;-0.668;-3.276;59.90850831666667;10.7198365;0.0;-14.306994085495544;-1.9145667950944467;1.6320549886650326e-05;1778587099.6611626;0.06355595588684082;0.0;0.0;0.12669345040226832;7.258999999999996;0.0;0.0;3.1880839347502583;3.0849671794302713;0.12669345040226832;0.642268138952462;44.058253677697984;7.258999999999996;36.79925367769798;3.1880839347502583;3.0849671794302713;0.642268138952462;4.436316227814993
2026-05-12_13:58:19:918175;1778587099.9168751;-150.0;110.0;-0.75;0.9565217391304348;-0.75;0.9565217391304348;4.522752287904989;0.7656806997795763;-11.118910150745286;1.1704003843358244;59.90837925;10.7198014;0.0;59.90837925;10.7198014;0.0;1778587099.9168751;-152.539;0.0;0.20;-2.825;0.991;7.011;-7.701;-0.644;-3.007;59.90850831666667;10.7198365;0.0;-14.37941103291513;-1.9639930586000636;1.6499224691379766e-05;1778587099.869456;0.047419071197509766;0.0;0.0;0.12236503385732256;7.011000000000006;0.0;0.0;3.2605008821698434;3.134393442935888;0.12236503385732256;0.6433156659222536;43.87027255199318;7.011000000000006;36.85927255199317;3.2605008821698434;3.134393442935888;0.6433156659222536;4.522752287904989
2026-05-12_13:58:20:071430;1778587100.0714304;-150.0;110.0;-0.75;0.9565217391304348;-0.75;0.9565217391304348;4.600167521553877;0.7610426356988834;-11.118910150745286;1.1704003843358244;59.90837861666667;10.719800716666667;0.0;59.90837861666667;10.719800716666667;0.0;1778587100.0714304;-157.161;2.1125332411122533;0.20;-2.825;0.991;7.011;-7.701;-0.644;-3.007;59.90850831666667;10.7198365;0.0;-14.449971140875117;-2.002228479303036;1.6670358164105892e-05;1778587100.033441;0.03798937797546387;-1.8573641296669967;-1.0064766190082797;0.12236503385732256;7.011000000000006;-1.9663265597236381;-0.7722412546020707;3.3310609901298314;3.1726288636388604;0.12236503385732256;0.638677601841561;43.60453105505826;7.011000000000006;36.59353105505826;3.3310609901298314;3.1726288636388604;0.638677601841561;4.600167521553877
2026-05-12_13:58:20:232392;1778587100.2313912;-150.0;110.0;-0.75;0.9565217391304348;-0.75;0.9565217391304348;4.600167521553877;0.7610426356988834;-11.118910150745286;1.1704003843358244;59.90837861666667;10.719800716666667;0.0;59.90837861666667;10.719800716666667;0.0;1778587100.2303991;-157.864;0.0;0.20;-1.369;0.961;5.798;11.495;0.945;-4.488;59.90850831666667;10.7198365;0.0;-14.449971140875117;-2.002228479303036;1.6670358164105892e-05;1778587100.1782212;0.053169965744018555;0.0;0.0;0.10119419003063124;5.798000000000001;0.0;0.0;3.3310609901298314;3.1726288636388604;0.10119419003063124;0.6598484456682523;43.60453105505826;5.798000000000001;37.806531055058265;3.3310609901298314;3.1726288636388604;0.6598484456682523;4.600167521553877
2026-05-12_13:58:20:398357;1778587100.3983574;150.0;110.0;0.75;0.9565217391304348;0.75;0.9565217391304348;4.673986987404131;0.7545618512761333;-11.118910150745286;1.1704003843358244;59.90837795;10.7198002;0.0;59.90837795;10.7198002;0.0;1778587100.3978825;-153.242;0.0;0.20;0.77;1.161;4.776;9.04;0.753;-5.205;59.90850831666667;10.7198365;0.0;-14.524244943746464;-2.031138199845034;1.6847307142242585e-05;1778587100.3646598;0.03369760513305664;0.0;0.0;0.08335692507524906;4.775999999999993;0.0;0.0;3.4053347930011775;3.2015385841808586;0.08335692507524906;0.6712049262008843;43.23320945970055;4.775999999999993;38.457209459700564;3.4053347930011775;3.2015385841808586;0.6712049262008843;4.673986987404131
2026-05-12_13:58:20:548809;1778587100.5488093;150.0;110.0;0.75;0.9565217391304348;0.75;0.9565217391304348;4.741376345409669;0.7485056363504128;-11.118910150745286;1.1704003843358244;59.908377333333334;10.71979975;0.0;59.908377333333334;10.71979975;0.0;1778587100.5488093;-151.837;0.0;0.20;1.274;1.276;3.859;-1.744;0.508;-3.493;59.90850831666667;10.7198365;0.0;-14.592948213123194;-2.0563176371156775;1.7011467851268947e-05;1778587100.5113516;0.03745770454406738;0.0;0.0;0.06735225583446125;3.8590000000000044;0.0;0.0;3.4740380623779075;3.226718021451502;0.06735225583446125;0.6811533805159513;42.886213904632626;3.8590000000000044;39.02721390463261;3.4740380623779075;3.226718021451502;0.6811533805159513;4.741376345409669
2026-05-12_13:58:20:713039;1778587100.7130396;130.4658966064453;110.0;0.6523294830322266;0.9565217391304348;0.6523294830322266;0.9565217391304348;4.812089066448969;0.7433332254543387;-11.118910150745286;1.1704003843358244;59.908376716666666;10.719799216666667;0.0;59.908376716666666;10.719799216666667;0.0;1778587100.7130396;-154.171;0.0;0.20;1.274;1.276;3.859;-1.744;0.508;-3.493;59.90850831666667;10.7198365;0.0;-14.66165147910407;-2.0861599273698186;1.7179749180584736e-05;1778587100.6830308;0.030008792877197266;0.0;0.0;0.06735225583446125;3.8590000000000044;0.0;0.0;3.542741328358783;3.256560311705643;0.06735225583446125;0.6759809696198773;42.5898565903801;3.8590000000000044;38.73085659038009;3.542741328358783;3.256560311705643;0.6759809696198773;4.812089066448969
2026-05-12_13:58:20:893604;1778587100.893604;-150.0;110.0;-0.75;0.9565217391304348;-0.75;0.9565217391304348;4.883045530372585;0.7377723236079476;-11.118910150745286;1.1704003843358244;59.90837608333333;10.719798716666666;0.0;59.90837608333333;10.719798716666666;0.0;1778587100.893604;-159.479;0.0;0.20;-1.712;1.405;3.743;-11.096;-0.702;1.579;59.90850831666667;10.7198365;0.0;-14.732211591860963;-2.114137078888343;1.7351332113335616e-05;1778587100.8524916;0.041112422943115234;0.0;0.0;0.06532767390214778;3.743000000000001;0.0;0.0;3.613301441115677;3.2845374632241673;0.06532767390214778;0.6724446497057999;42.27124038429539;3.743000000000001;38.52824038429539;3.613301441115677;3.2845374632241673;0.6724446497057999;4.883045530372585
2026-05-12_13:58:21:091347;1778587101.0868416;-150.0;110.0;-0.75;0.9565217391304348;-0.75;0.9565217391304348;4.947295516402207;0.7308290353291756;-11.118910150745286;1.1704003843358244;59.90837545;10.7197984;0.0;59.90837545;10.7197984;0.0;1778587101.0754943;-173.505;1.3055873225000345;0.20;-1.712;1.405;3.743;-11.096;-0.702;1.579;59.90850831666667;10.7198365;0.0;-14.802771709502743;-2.1318559567925353;1.7519007954547305e-05;1778587101.0203464;0.06649518013000488;-1.0611313106277347;-0.26646860523650184;0.06532767390214778;3.743000000000001;-1.0762632130205028;-0.19662825908298304;3.6838615587574566;3.3022563411283596;0.06532767390214778;0.6655013614270278;41.8734192699791;3.743000000000001;38.13041926997909;3.6838615587574566;3.3022563411283596;0.6655013614270278;4.947295516402207
2026-05-12_13:58:21:308907;1778587101.3089077;-150.0;110.0;-0.75;0.9565217391304348;-0.75;0.9565217391304348;4.995133804007234;0.7202879316611519;-11.118910150745286;1.1704003843358244;59.908374816666665;10.719798533333334;0.0;59.908374816666665;10.719798533333334;0.0;1778587101.3089077;159.482;0.6614531247482355;0.20;-2.636;0.8;4.686;3.925;-2.556;5.589;59.90850831666667;10.7198365;0.0;-14.873331842032773;-2.124395433909335;1.768128550772019e-05;1778587101.2016387;0.1072690486907959;-0.6577865040401384;0.06954963220290455;0.08178612874845426;4.685999999999998;-0.6499059167446115;0.12305501053290105;3.7544216912874866;3.2947958182451593;0.08178612874845426;0.6385018029126979;41.26945851839147;4.685999999999998;36.58345851839148;3.7544216912874866;3.2947958182451593;0.6385018029126979;4.995133804007234
2026-05-12_13:58:21:442737;1778587101.442737;-85.61923217773438;110.0;-0.42809616088867186;0.9565217391304348;-0.42809616088867186;0.9565217391304348;4.995133804007234;0.7202879316611519;-11.118910150745286;1.1704003843358244;59.908374816666665;10.719798533333334;0.0;59.908374816666665;10.719798533333334;0.0;1778587101.4410117;136.791;0.0;0.20;-1.089;0.791;6.997;8.566;0.967;16.239;59.90850831666667;10.7198365;0.0;-14.873331842032773;-2.124395433909335;1.768128550772019e-05;1778587101.4298775;0.012859582901000977;0.0;0.0;0.1221206877620431;6.996999999999992;0.0;0.0;3.7544216912874866;3.2947958182451593;0.1221206877620431;0.598167243899109;41.26945851839147;6.996999999999992;34.27245851839149;3.7544216912874866;3.2947958182451593;0.598167243899109;4.995133804007234
2026-05-12_13:58:21:595430;1778587101.59543;150.0;-110.0;0.75;-0.9565217391304348;0.75;-0.9565217391304348;5.010797591518322;0.7057512642157306;-11.118910150745286;1.1704003843358244;59.90837428333333;10.719799333333333;0.0;59.90837428333333;10.719799333333333;0.0;1778587101.5939794;132.621;0.0;0.20;0.085;1.501;11.649;0.408;4.445;28.691;59.90850831666667;10.7198365;0.0;-14.932750923383077;-2.079632086906792;1.7805596034925486e-05;1778587101.5638382;0.03159165382385254;0.0;0.0;0.2033134045648195;11.649000000000003;0.0;0.0;3.813840772637791;3.2500324712426165;0.2033134045648195;0.5024378596509109;40.436568825583606;11.649000000000003;28.787568825583595;3.813840772637791;3.2500324712426165;0.5024378596509109;5.010797591518322
2026-05-12_13:58:21:804457;1778587101.8044574;150.0;-110.0;0.75;-0.9565217391304348;0.75;-0.9565217391304348;5.010063070113781;0.6876725927789586;-11.118910150745286;1.1704003843358244;59.908373766666664;10.719800583333333;0.0;59.908373766666664;10.719800583333333;0.0;1778587101.8044574;129.551;0.0;0.20;-0.174;2.383;19.044;-4.864;1.174;33.155;59.90850831666667;10.7198365;0.0;-14.990313170899103;-2.0096893348484985;1.7916952676166886e-05;1778587101.7040946;0.10036277770996094;0.0;0.0;0.33238050274980013;19.044;0.0;0.0;3.871403020153817;3.180089719184323;0.33238050274980013;0.35529209002915874;39.40073725305286;19.044;20.356737253052874;3.871403020153817;3.180089719184323;0.35529209002915874;5.010063070113781
2026-05-12_13:58:22:044959;1778587102.0219014;150.0;-110.0;0.75;-0.9565217391304348;0.75;-0.9565217391304348;5.007796464135479;0.6681962860010539;-11.118910150745286;1.1704003843358244;59.908373233333336;10.719801966666667;0.0;59.908373233333336;10.719801966666667;0.0;1778587102.012229;127.204;0.0;0.20;-0.788;2.426;24.543;-5.577;-1.425;35.599;59.90850831666667;10.7198365;0.0;-15.049732267755255;-1.932286017902255;1.8034430640412324e-05;1778587101.9296856;0.09221577644348145;0.0;0.0;0.4283561583169684;24.543000000000006;0.0;0.0;3.930822117009969;3.1026864022380796;0.4283561583169684;0.23984012768408558;38.284827074176874;24.543000000000006;13.741827074176879;3.930822117009969;3.1026864022380796;0.23984012768408558;5.007796464135479
2026-05-12_13:58:22:249029;1778587102.2490299;150.0;-110.0;0.75;-0.9565217391304348;0.75;-0.9565217391304348;4.998285286677584;0.619280359083347;-11.118910150745286;1.1704003843358244;59.90837198333333;10.719805566666667;0.0;59.90837198333333;10.719805566666667;0.0;1778587102.247776;136.977;2.439805461371441;0.20;-1.551;0.661;35.348;-1.537;-11.035;39.775;59.90850831666667;10.7198365;0.0;-15.188995778665026;-1.7308508609752042;1.830631483201728e-05;1778587102.193558;0.05547189712524414;-1.3724195644481754;1.950143164938916;0.6169389839949555;35.34799999999999;0.008819656212178284;2.384641700193635;4.07008562791974;2.9012512453110286;0.6169389839949555;0.002341375088391384;35.4821509108219;35.34799999999999;0.1341509108218964;4.07008562791974;2.9012512453110286;0.002341375088391384;4.998285286677584
2026-05-12_13:58:22:408204;1778587102.408204;-7.97614860534668;-110.0;-0.039880743026733396;-0.9565217391304348;-0.039880743026733396;-0.9565217391304348;4.998285286677584;0.619280359083347;-11.118910150745286;1.1704003843358244;59.90837198333333;10.719805566666667;0.0;59.90837198333333;10.719805566666667;0.0;1778587102.407528;148.055;0.0;0.20;-1.551;0.661;35.348;-1.537;-11.035;39.775;59.90850831666667;10.7198365;0.0;-15.188995778665026;-1.7308508609752042;1.830631483201728e-05;1778587102.3768675;0.03133654594421387;0.0;0.0;0.6169389839949555;35.34799999999999;0.0;0.0;4.07008562791974;2.9012512453110286;0.6169389839949555;0.002341375088391384;35.4821509108219;35.34799999999999;0.1341509108218964;4.07008562791974;2.9012512453110286;0.002341375088391384;4.998285286677584
2026-05-12_13:58:22:568553;1778587102.5685532;150.0;-110.0;0.75;-0.9565217391304348;0.75;-0.9565217391304348;5.023950307133163;0.591518548219965;-11.118910150745286;1.1704003843358244;59.908371083333336;10.71980735;0.0;59.908371083333336;10.71980735;0.0;1778587102.565403;157.103;0.0;0.20;-1.551;0.661;35.348;-1.537;-11.035;39.775;59.90850831666667;10.7198365;0.0;-15.289265479170197;-1.631065860904577;1.8519771581182454e-05;1778587102.5369036;0.03164958953857422;0.0;0.0;0.6169389839949555;35.34799999999999;0.0;0.0;4.170355328424911;2.8014662452404013;0.6169389839949555;-0.025420435774990757;33.89151631670967;35.34799999999999;-1.4564836832903403;4.170355328424911;2.8014662452404013;-0.025420435774990757;5.023950307133163
2026-05-12_13:58:22:775400;1778587102.7738159;150.0;-48.72969055175781;0.75;-0.4237364395805027;0.75;-0.4237364395805027;5.089187419333237;0.567643961902859;-11.118910150745286;1.1704003843358244;59.90837;10.719808516666667;0.0;59.90837;10.719808516666667;0.0;1778587102.7738159;170.701;0.0;0.20;0.349;-1.61;53.087;5.452;4.247;28.479;59.90850831666667;10.7198365;0.0;-15.409960464827467;-1.5657859746527065;1.8793031858699294e-05;1778587102.6633084;0.11050748825073242;0.0;0.0;0.9265429400062297;53.087;0.0;0.0;4.291050314082181;2.736186358988531;0.9265429400062297;-0.3588989781033707;32.52360328311871;53.087;-20.563396716881286;4.291050314082181;2.736186358988531;-0.3588989781033707;5.089187419333237
2026-05-12_13:58:23:043725;1778587103.0437257;-150.0;-110.0;-0.75;-0.9565217391304348;-0.75;-0.9565217391304348;5.17508585266891;0.5507386284833199;-11.118910150745286;1.1704003843358244;59.908368933333335;10.719809016666666;0.0;59.908368933333335;10.719809016666666;0.0;1778587103.0323853;-173.716;0.0;0.20;0.763;-0.179;58.118;-0.132;8.657;23.353;59.90850831666667;10.7198365;0.0;-15.52879858652502;-1.537808907146292;1.9075100951226887e-05;1778587102.9071107;0.13661503791809082;0.0;0.0;1.014350454674064;58.11799999999998;0.0;0.0;4.4098884357797346;2.7082092914821163;1.014350454674064;-0.46361182619074404;31.554999026917656;58.11799999999998;-26.563000973082314;4.4098884357797346;2.7082092914821163;-0.46361182619074404;5.17508585266891
2026-05-12_13:58:23:243686;1778587103.2343645;150.0;-110.0;0.75;-0.9565217391304348;0.75;-0.9565217391304348;5.257759235431035;0.5404897715435124;-11.118910150745286;1.1704003843358244;59.90836805;10.719809066666667;0.0;59.90836805;10.719809066666667;0.0;1778587103.2343645;-163.031;0.0;0.20;-0.029;1.351;62.388;-6.304;6.897;20.34;59.90850831666667;10.7198365;0.0;-15.6272113986401;-1.5350112361002246;1.931475263816651e-05;1778587103.1618779;0.07248663902282715;0.0;0.0;1.0888760137342226;62.38800000000002;0.0;0.0;4.5083012478948135;2.705411620436049;1.0888760137342226;-0.54838624219071;30.967782779433325;62.38800000000002;-31.42021722056668;4.5083012478948135;2.705411620436049;-0.54838624219071;5.257759235431035
2026-05-12_13:58:23:565228;1778587103.5652287;121.18730163574219;-110.0;0.6059365081787109;-0.9565217391304348;0.6059365081787109;-0.9565217391304348;5.41411239367553;0.5312206844647649;-11.118910150745286;1.1704003843358244;59.90836661666667;10.7198084;0.0;59.90836661666667;10.7198084;0.0;1778587103.5647218;-154.917;0.5593674904541762;0.20;-1.209;2.416;66.065;-5.194;4.163;17.255;59.90850831666667;10.7198365;0.0;-15.786900094221243;-1.5723141285069366;1.9715430989997174e-05;1778587103.4164793;0.14874935150146484;-0.5367710565320406;-0.15046606134842125;1.1530517703300536;66.06499999999998;-0.3552949437575862;0.4295680454695433;4.667989943475957;2.742714512842761;1.1530517703300536;-0.6218310858652885;30.436703209881845;66.06499999999998;-35.62829679011813;4.667989943475957;2.742714512842761;-0.6218310858652885;5.41411239367553
2026-05-12_13:58:23:770629;1778587103.7696302;-150.0;-87.38562774658203;-0.75;-0.7598750238833221;-0.75;-0.7598750238833221;5.493281052238514;0.5290550595019051;-11.118910150745286;1.1704003843358244;59.90836595;10.719807866666667;0.0;59.90836595;10.719807866666667;0.0;1778587103.7696302;-144.762;0.0;0.20;-0.416;1.609;71.798;4.441;-6.839;11.716;59.90850831666667;10.7198365;0.0;-15.86117390097399;-1.6021564216015156;1.9908429438331154e-05;1778587103.6894703;0.08015990257263184;0.0;0.0;1.2531114963468886;71.79799999999999;0.0;0.0;4.7422637502287035;2.7725568059373398;1.2531114963468886;-0.7240564368449833;30.312622039501804;71.79799999999999;-41.485377960498184;4.7422637502287035;2.7725568059373398;-0.7240564368449833;5.493281052238514
2026-05-12_13:58:23:956439;1778587103.9554138;-150.0;-85.98409271240234;-0.75;-0.7476877627165421;-0.75;-0.7476877627165421;5.5684052875278764;0.5283455515201605;-11.118910150745286;1.1704003843358244;59.90836535;10.71980725;0.0;59.90836535;10.71980725;0.0;1778587103.9554138;-136.162;0.0;0.20;0.03;0.573;73.333;1.637;-5.952;8.705;59.90850831666667;10.7198365;0.0;-15.928020323320492;-1.636661566209992;2.0083428956318983e-05;1778587103.898137;0.05727672576904297;0.0;0.0;1.279902300365002;73.33300000000003;0.0;0.0;4.809110172575206;2.8070619505458163;1.279902300365002;-0.7515567488448416;30.271970226616993;73.33300000000003;-43.061029773383034;4.809110172575206;2.8070619505458163;-0.7515567488448416;5.5684052875278764
2026-05-12_13:58:24:091037;1778587104.0910373;-150.0;-84.40132141113281;-0.75;-0.7339245340098506;-0.75;-0.7339245340098506;5.635791619135185;0.5292221586771557;-11.118910150745286;1.1704003843358244;59.90836485;10.719806566666668;0.0;59.90836485;10.719806566666668;0.0;1778587104.0910373;-134.627;0.0;0.20;-0.19;-0.268;75.155;-2.158;-1.739;7.58;59.90850831666667;10.7198365;0.0;-15.983725669030097;-1.674896989818532;2.0231984227514488e-05;1778587104.0608644;0.03017282485961914;0.0;0.0;1.311702199336338;75.15499999999999;0.0;0.0;4.864815518284811;2.8452973741543564;1.311702199336338;-0.7824800406591823;30.32219611700378;75.15499999999999;-44.8328038829962;4.864815518284811;2.8452973741543564;-0.7824800406591823;5.635791619135185
2026-05-12_13:58:24:253871;1778587104.2538717;-150.0;-91.25748443603516;-0.75;-0.7935433429220449;-0.75;-0.7935433429220449;5.6945176431941045;0.5313498197766524;-11.118910150745286;1.1704003843358244;59.90836445;10.71980585;0.0;59.90836445;10.71980585;0.0;1778587104.2538717;-133.595;1.6055568513177945;0.20;-0.19;-0.268;75.155;-2.158;-1.739;7.58;59.90850831666667;10.7198365;0.0;-16.028289942927692;-1.7149975509167756;2.035452849380448e-05;1778587104.2165325;0.037339210510253906;-1.1934980222829705;-1.073953105870609;1.311702199336338;75.15499999999999;-1.3438873823350423;0.8785098214608401;4.909379792182406;2.8853979352526;1.311702199336338;-0.7803523795596856;30.444102118239105;75.15499999999999;-44.71089788176088;4.909379792182406;2.8853979352526;-0.7803523795596856;5.6945176431941045
2026-05-12_13:58:24:523280;1778587104.5232801;-139.2782440185547;-93.89564514160156;-0.6963912200927734;-0.8164838707965353;-0.6963912200927734;-0.8164838707965353;5.745627426981265;0.5330884770024537;-11.118910150745286;1.1704003843358244;59.9083641;10.719805233333334;0.0;59.9083641;10.719805233333334;0.0;1778587104.5175;-127.875;0.4432580929796657;0.20;-0.977;0.244;76.86;-2.86;4.144;4.739;59.90850831666667;10.7198365;0.0;-16.067283680626034;-1.749502685708609;2.046154621293539e-05;1778587104.4148057;0.1084744930267334;-0.3594737952702962;-0.3180944554710158;1.3414600630828417;76.86;-0.39148556146004476;0.2777490724660415;4.948373529880747;2.919903070044433;1.3414600630828417;-0.808371586080388;30.54371983929744;76.86;-46.316280160702554;4.948373529880747;2.919903070044433;-0.808371586080388;5.745627426981265
2026-05-12_13:58:24:698509;1778587104.6975079;-117.29337310791016;-99.137451171875;-0.5864668655395507;-0.862064792798913;-0.5864668655395507;-0.862064792798913;5.7919622344875625;0.5352866507767041;-11.118910150745286;1.1704003843358244;59.908363800000004;10.719804616666666;0.0;59.908363800000004;10.719804616666666;0.0;1778587104.689451;-123.661;0.5392029708856272;0.20;-1.479;1.174;77.542;-1.629;4.001;3.257;59.90850831666667;10.7198365;0.0;-16.100706884298294;-1.784007818890457;2.0555007242961665e-05;1778587104.600359;0.09714889526367188;-0.344041006143677;-0.3551778235686325;1.3533632085814435;77.54200000000003;-0.42103281515583824;0.2593200123886584;4.981796733553008;2.954408203226281;1.3533632085814435;-0.8180765578047393;30.669665919198337;77.54200000000003;-46.87233408080169;4.981796733553008;2.954408203226281;-0.8180765578047393;5.7919622344875625
2026-05-12_13:58:24:865357;1778587104.8653576;-100.89595794677734;-100.05992889404297;-0.5044797897338867;-0.8700863382090693;-0.5044797897338867;-0.8700863382090693;5.836729596840443;0.5376127898512802;-11.118910150745286;1.1704003843358244;59.90836351666667;10.719804;0.0;59.90836351666667;10.719804;0.0;1778587104.8653576;-119.878;0.7099319296862392;0.20;-1.483;1.493;77.922;0.872;1.846;3.437;59.90850831666667;10.7198365;0.0;-16.132273239201385;-1.8185129516341438;2.0644168881034375e-05;1778587104.799484;0.06587362289428711;-0.47919567068215946;-0.5238080316162389;1.3599954597390216;77.92200000000001;-0.612481225314353;0.35898480946083505;5.013363088456099;2.9889133359699684;1.3599954597390216;-0.8223826698877414;30.802943870732015;77.92200000000001;-47.119056129267996;5.013363088456099;2.9889133359699684;-0.8223826698877414;5.836729596840443
2026-05-12_13:58:25:028961;1778587105.028962;-92.27811431884766;-93.01107788085938;-0.4613905715942383;-0.8087919815726902;-0.4613905715942383;-0.8087919815726902;5.836729596840443;0.5376127898512802;-11.118910150745286;1.1704003843358244;59.90836351666667;10.719804;0.0;59.90836351666667;10.719804;0.0;1778587105.028962;-107.756;0.0;0.20;-0.77;1.484;78.385;5.123;-0.914;1.198;59.90850831666667;10.7198365;0.0;-16.132273239201385;-1.8185129516341438;2.0644168881034375e-05;1778587104.9758863;0.053075551986694336;0.0;0.0;1.3680763341757558;78.38500000000003;0.0;0.0;5.013363088456099;2.9889133359699684;1.3680763341757558;-0.8304635443244757;30.802943870732015;78.38500000000003;-47.582056129268025;5.013363088456099;2.9889133359699684;-0.8304635443244757;5.836729596840443
2026-05-12_13:58:25:200866;1778587105.1931405;150.0;-110.0;0.75;-0.9565217391304348;0.75;-0.9565217391304348;5.878039822095145;0.5413695713431;-11.118910150745286;1.1704003843358244;59.9083633;10.719803283333333;0.0;59.9083633;10.719803283333333;0.0;1778587105.1931405;-93.4;0.0;0.20;0.212;1.243;77.96;3.698;-1.336;-5.454;59.90850831666667;10.7198365;0.0;-16.156412210719047;-1.85861350567796;2.071689282878708e-05;1778587105.1407604;0.05238008499145508;0.0;0.0;1.360658684854779;77.95999999999998;0.0;0.0;5.037502059973761;3.0290138900137844;1.360658684854779;-0.8192891135116791;31.01819159476615;77.95999999999998;-46.94180840523384;5.037502059973761;3.0290138900137844;-0.8192891135116791;5.878039822095145
2026-05-12_13:58:25:359558;1778587105.3595583;150.0;-110.0;0.75;-0.9565217391304348;0.75;-0.9565217391304348;5.9089015279752415;0.5481876694918385;-11.118910150745286;1.1704003843358244;59.90836325;10.719802383333333;0.0;59.90836325;10.719802383333333;0.0;1778587105.3595583;-84.345;0.0;0.20;0.541;0.973;76.352;0.197;-1.494;-10.168;59.90850831666667;10.7198365;0.0;-16.161982721928027;-1.9089723292362826;2.0745824383716638e-05;1778587105.3193076;0.04025077819824219;0.0;0.0;1.3325937904827105;76.352;0.0;0.0;5.043072571182741;3.079372713572107;1.3325937904827105;-0.7844061209908721;31.408839842994823;76.352;-44.94316015700519;5.043072571182741;3.079372713572107;-0.7844061209908721;5.9089015279752415
2026-05-12_13:58:25:571439;1778587105.570415;36.957157135009766;-110.0;0.18478578567504883;-0.9565217391304348;0.18478578567504883;-0.9565217391304348;5.931755865495488;0.5580225056889885;-11.118910150745286;1.1704003843358244;59.90836335;10.719801283333334;0.0;59.90836335;10.719801283333334;0.0;1778587105.570415;-66.574;0.5403338132610148;0.20;0.145;0.588;73.607;-2.644;-2.724;-15.894;59.90850831666667;10.7198365;0.0;-16.150841615793972;-1.9705219927523316;2.073647318834304e-05;1778587105.4546535;0.11576151847839355;0.09624187968935609;-0.5316936433201425;1.284684502515466;73.607;-0.4829176863722373;-0.24238634025471162;5.031931465048686;3.140922377088156;1.284684502515466;-0.7266619968264774;31.97233444929401;73.607;-41.634665550705975;5.031931465048686;3.140922377088156;-0.7266619968264774;5.931755865495488
2026-05-12_13:58:25:911193;1778587105.9111934;32.623046875;-27.52447509765625;0.163115234375;-0.23934326171875;0.163115234375;-0.23934326171875;5.935117344325985;0.5866383932660604;-11.118910150745286;1.1704003843358244;59.90836415;10.7197987;0.0;59.90836415;10.7197987;0.0;1778587105.9099545;-49.893;0.0;0.20;-0.74;0.044;63.29;0.336;2.757;-33.782;59.90850831666667;10.7198365;0.0;-16.061712955115304;-2.115070408112499;2.0557874914395313e-05;1778587105.8706057;0.040587663650512695;0.0;0.0;1.1046188835872108;63.289999999999985;0.0;0.0;4.942802804370018;3.2854707924483235;1.1046188835872108;-0.5179804903211505;33.61190403448107;63.289999999999985;-29.67809596551891;4.942802804370018;3.2854707924483235;-0.5179804903211505;5.935117344325985
2026-05-12_13:58:26:299532;1778587106.2995327;-21.507619857788086;24.76679039001465;-0.10753809928894043;0.21536339469577956;-0.10753809928894043;0.21536339469577956;5.873494251746096;0.6246046342734379;-11.118910150745286;1.1704003843358244;59.90836575;10.719796033333333;0.0;59.90836575;10.719796033333333;0.0;1778587106.2995327;-50.193;0.0;0.20;0.295;2.099;48.047;3.946;3.904;-39.297;59.90850831666667;10.7198365;0.0;-15.883455699428971;-2.264281615473316;2.0161546854247092e-05;1778587106.2620785;0.03745412826538086;0.0;0.0;0.8385783457057157;48.04700000000001;0.0;0.0;4.764545548683685;3.4346819998091402;0.8385783457057157;-0.21397371143227772;35.787209408180324;48.04700000000001;-12.259790591819687;4.764545548683685;3.4346819998091402;-0.21397371143227772;5.873494251746096
2026-05-12_13:58:26:444745;1778587106.4447458;100.57096862792969;110.0;0.5028548431396485;0.9565217391304348;0.5028548431396485;0.9565217391304348;5.873494251746096;0.6246046342734379;-11.118910150745286;1.1704003843358244;59.90836575;10.719796033333333;0.0;59.90836575;10.719796033333333;0.0;1778587106.4447458;-52.198;0.0;0.20;0.295;2.099;48.047;3.946;3.904;-39.297;59.90850831666667;10.7198365;0.0;-15.883455699428971;-2.264281615473316;2.0161546854247092e-05;1778587106.4136274;0.031118392944335938;0.0;0.0;0.8385783457057157;48.04700000000001;0.0;0.0;4.764545548683685;3.4346819998091402;0.8385783457057157;-0.21397371143227772;35.787209408180324;48.04700000000001;-12.259790591819687;4.764545548683685;3.4346819998091402;-0.21397371143227772;5.873494251746096
2026-05-12_13:58:26:718737;1778587106.7187378;-150.0;110.0;-0.75;0.9565217391304348;-0.75;0.9565217391304348;5.818227062069985;0.6726096354997707;-11.118910150745286;1.1704003843358244;59.90836766666666;10.719792633333334;0.0;59.90836766666666;10.719792633333334;0.0;1778587106.7178452;-55.401;0.0;0.20;0.114;0.826;31.401;-2.15;-7.534;-41.486;59.90850831666667;10.7198365;0.0;-15.669918350073386;-2.4545258929078844;1.9704265831421708e-05;1778587106.6939042;0.02483367919921875;0.0;0.0;0.5480508384187397;31.401000000000018;0.0;0.0;4.5510081993281;3.6249262772437087;0.5480508384187397;0.1245587970810309;38.53769337396953;31.401000000000018;7.136693373969509;4.5510081993281;3.6249262772437087;0.1245587970810309;5.818227062069985
2026-05-12_13:58:26:892398;1778587106.8923986;-1.0890092849731445;110.0;-0.005445046424865723;0.9565217391304348;-0.005445046424865723;0.9565217391304348;5.812128388571311;0.6970709685556467;-11.118910150745286;1.1704003843358244;59.90836851666667;10.719790733333333;0.0;59.90836851666667;10.719790733333333;0.0;1778587106.8923986;-63.61;0.0;0.20;-0.623;-0.66;23.5;-3.39;-6.47;-38.002;59.90850831666667;10.7198365;0.0;-15.5752191575661;-2.560838879094523;1.9515143051762607e-05;1778587106.8533154;0.039083242416381836;0.0;0.0;0.4101523742186677;23.500000000000014;0.0;0.0;4.456309006820813;3.7312392634303473;0.4101523742186677;0.28691859433697875;39.93922451933507;23.500000000000014;16.439224519335045;4.456309006820813;3.7312392634303473;0.28691859433697875;5.812128388571311
2026-05-12_13:58:27:048311;1778587107.047265;-17.056684494018555;110.0;-0.08528342247009277;0.9565217391304348;-0.08528342247009277;0.9565217391304348;5.823467093054877;0.7194627535435847;-11.118910150745286;1.1704003843358244;59.9083692;10.719788833333334;0.0;59.9083692;10.719788833333334;0.0;1778587107.045554;-69.22;4.070702592850895;0.20;-0.623;-0.66;23.5;-3.39;-6.47;-38.002;59.90850831666667;10.7198365;0.0;-15.499088418153562;-2.667151873238951;1.9373993004556667e-05;1778587107.0134315;0.03383350372314453;0.0;0.0;0.4101523742186677;23.500000000000014;0.0;0.0;4.380178267408276;3.8375522575747754;0.4101523742186677;0.30931037932491723;41.222179294908315;23.500000000000014;17.722179294908315;4.380178267408276;3.8375522575747754;0.30931037932491723;5.823467093054877
2026-05-12_13:58:27:440146;1778587107.440147;-35.632320404052734;110.0;-0.17816160202026368;0.9565217391304348;-0.17816160202026368;0.9565217391304348;5.8518849563310775;0.7378152676100578;-11.118910150745286;1.1704003843358244;59.90836965;10.719787066666667;0.0;59.90836965;10.719787066666667;0.0;1778587107.4382455;-79.665;0.0;0.20;-0.436;-0.456;11.64;2.371;6.399;-27.739;59.90850831666667;10.7198365;0.0;-15.448953518074607;-2.766004317823411;1.929344710038805e-05;1778587107.298749;0.14139795303344727;0.0;0.0;0.20315632493213975;11.639999999999988;0.0;0.0;4.330043367329321;3.936404702159235;0.20315632493213975;0.5346589426779182;42.2737008943717;11.639999999999988;30.633700894371724;4.330043367329321;3.936404702159235;0.5346589426779182;5.8518849563310775
2026-05-12_13:58:27:647421;1778587107.647421;-150.0;110.0;-0.75;0.9565217391304348;-0.75;0.9565217391304348;5.9215322961234635;0.7620856639850884;-11.118910150745286;1.1704003843358244;59.90837006666667;10.71978435;0.0;59.90837006666667;10.71978435;0.0;1778587107.647421;-80.241;8.56902591984787;0.20;-0.705;1.302;4.544;-3.4;2.395;-18.676;59.90850831666667;10.7198365;0.0;-15.402532263640035;-2.9180132845524334;1.9249418780731276e-05;1778587107.639081;0.008339881896972656;0.0;0.0;0.07930776121062255;4.544000000000013;0.0;0.0;4.283622112894749;4.088413668888258;0.07930776121062255;0.6827779027744656;43.66429217377056;4.544000000000013;39.12029217377054;4.283622112894749;4.088413668888258;0.6827779027744656;5.9215322961234635
2026-05-12_13:58:27:868664;1778587107.8678377;46.64506149291992;110.0;0.2332253074645996;0.9565217391304348;0.2332253074645996;0.9565217391304348;5.949602776408314;0.7710552305434645;-11.118910150745286;1.1704003843358244;59.90837021666667;10.719783316666666;0.0;59.90837021666667;10.719783316666666;0.0;1778587107.8616977;-82.222;2.104092504456499;0.20;-1.459;1.185;1.16;-2.378;-1.396;-16.177;59.90850831666667;10.7198365;0.0;-15.385820608580463;-2.975832646001752;1.923514484492017e-05;1778587107.837116;0.030721664428710938;0.5439697155195133;-1.8820387021506448;0.020245819323134295;1.1600000000000041;0.5057574220627321;-1.8926653581190003;4.266910457835177;4.1462330303375765;0.020245819323134295;0.7508094112203301;44.1782104816272;1.1600000000000041;43.018210481627186;4.266910457835177;4.1462330303375765;0.7508094112203301;5.949602776408314
2026-05-12_13:58:28:019517;1778587108.0185149;74.53624725341797;110.0;0.3726812362670898;0.9565217391304348;0.3726812362670898;0.9565217391304348;5.949602776408314;0.7710552305434645;-11.118910150745286;1.1704003843358244;59.90837021666667;10.719783316666666;0.0;59.90837021666667;10.719783316666666;0.0;1778587108.0163934;-84.091;0.0;0.20;-1.459;1.185;1.16;-2.378;-1.396;-16.177;59.90850831666667;10.7198365;0.0;-15.385820608580463;-2.975832646001752;1.923514484492017e-05;1778587107.979567;0.03894782066345215;0.0;0.0;0.020245819323134295;1.1600000000000041;0.0;0.0;4.266910457835177;4.1462330303375765;0.020245819323134295;0.7508094112203301;44.1782104816272;1.1600000000000041;43.018210481627186;4.266910457835177;4.1462330303375765;0.7508094112203301;5.949602776408314
2026-05-12_13:58:28:259517;1778587108.2517934;-150.0;110.0;-0.75;0.9565217391304348;-0.75;0.9565217391304348;5.976213630469389;0.7782858662139474;-11.118910150745286;1.1704003843358244;59.90837031666667;10.719782433333334;0.0;59.90837031666667;10.719782433333334;0.0;1778587108.2517934;-82.795;0.0;0.20;-1.003;0.975;-3.49;4.574;0.549;-12.728;59.90850831666667;10.7198365;0.0;-15.374679496736295;-3.0252588762251875;1.923233173162231e-05;1778587108.1586509;0.09314250946044922;0.0;0.0;-0.06091199089460231;-3.4900000000000118;0.0;0.0;4.255769345991009;4.195659260561012;-0.06091199089460231;0.8391978571085499;44.59249538874261;-3.4900000000000118;48.082495388742636;4.255769345991009;4.195659260561012;0.8391978571085499;5.976213630469389
2026-05-12_13:58:28:396617;1778587108.396617;-150.0;110.0;-0.75;0.9565217391304348;-0.75;0.9565217391304348;5.999829265784352;0.7835865554334744;-11.118910150745286;1.1704003843358244;59.90837036666667;10.719781733333333;0.0;59.90837036666667;10.719781733333333;0.0;1778587108.3903804;-71.468;0.0;0.20;-0.172;0.976;-5.26;5.588;-0.307;-9.955;59.90850831666667;10.7198365;0.0;-15.369108927474475;-3.0644268349084385;1.923811710469181e-05;1778587108.388368;0.008249044418334961;0.0;0.0;-0.0918043186549018;-5.260000000000003;0.0;0.0;4.250198776729189;4.234827219244263;-0.0918043186549018;0.8753908740883762;44.89620250953201;-5.260000000000003;50.156202509532015;4.250198776729189;4.234827219244263;0.8753908740883762;5.999829265784352
2026-05-12_13:58:28:566046;1778587108.5660467;-150.0;110.0;-0.75;0.9565217391304348;-0.75;0.9565217391304348;6.010413278276957;0.7875345767285695;-11.118910150745286;1.1704003843358244;59.90837045;10.7197813;0.0;59.90837045;10.7197813;0.0;1778587108.5660467;-67.885;0.0;0.20;0.666;0.639;-7.18;1.809;-1.951;-7.153;59.90850831666667;10.7198365;0.0;-15.359824680218942;-3.088673661673142;1.922613073102042e-05;1778587108.5182905;0.047756195068359375;0.0;0.0;-0.12531464029319306;-7.180000000000011;0.0;0.0;4.240914529473656;4.259074046008966;-0.12531464029319306;0.9128492170217628;45.122407467168735;-7.180000000000011;52.302407467168756;4.240914529473656;4.259074046008966;0.9128492170217628;6.010413278276957
2026-05-12_13:58:28:724922;1778587108.7249222;113.881103515625;110.0;0.569405517578125;0.9565217391304348;0.569405517578125;0.9565217391304348;6.013153752820037;0.7905983664696811;-11.118910150745286;1.1704003843358244;59.90837055;10.719781033333334;0.0;59.90837055;10.719781033333334;0.0;1778587108.7249222;-72.025;0.0;0.20;0.666;0.639;-7.18;1.809;-1.951;-7.153;59.90850831666667;10.7198365;0.0;-15.34868359393752;-3.10359478111762;1.9206351696610113e-05;1778587108.6942687;0.03065347671508789;0.0;0.0;-0.12531464029319306;-7.180000000000011;0.0;0.0;4.229773443192235;4.273995165453444;-0.12531464029319306;0.9159130067628745;45.2979496886499;-7.180000000000011;52.477949688649936;4.229773443192235;4.273995165453444;0.9159130067628745;6.013153752820037
2026-05-12_13:58:28:996132;1778587108.9961326;106.01275634765625;110.0;0.5300637817382813;0.9565217391304348;0.5300637817382813;0.9565217391304348;6.019247306315091;0.7937653432323979;-11.118910150745286;1.1704003843358244;59.908370633333334;10.719780716666667;0.0;59.908370633333334;10.719780716666667;0.0;1778587108.9961326;-79.836;0.12047702093383494;0.20;-1.029;0.758;-10.162;-7.328;2.886;-7.291;59.90850831666667;10.7198365;0.0;-15.339399351585888;-3.1213136136106066;1.9192599996387116e-05;1778587108.8300939;0.16603875160217285;0.055916117545125876;-0.10671504285602308;-0.17736035858766375;-10.161999999999999;0.07386689635931204;-0.09517559663761416;4.220489200840602;4.291713997946431;-0.17736035858766375;0.9711257018200614;45.47940409096958;-10.161999999999999;55.641404090969566;4.220489200840602;4.291713997946431;0.9711257018200614;6.019247306315091
2026-05-12_13:58:29:171228;1778587109.171229;-150.0;110.0;-0.75;0.9565217391304348;-0.75;0.9565217391304348;6.029366947724272;0.7971380266207302;-11.118910150745286;1.1704003843358244;59.9083707;10.719780333333333;0.0;59.9083707;10.719780333333333;0.0;1778587109.171229;-70.677;0.0;0.20;-1.812;1.123;-11.001;-5.505;3.144;-6.544;59.90850831666667;10.7198365;0.0;-15.33197195185725;-3.142762729936706;1.9185632891272064e-05;1778587109.104967;0.06626176834106445;0.0;0.0;-0.19200367101189642;-11.001000000000014;0.0;0.0;4.213061801111964;4.31316311427253;-0.19200367101189642;0.9891416976326264;45.6726446147549;-11.001000000000014;56.673644614754906;4.213061801111964;4.31316311427253;0.9891416976326264;6.029366947724272
2026-05-12_13:58:29:310766;1778587109.3096094;108.97856140136719;110.0;0.544892807006836;0.9565217391304348;0.544892807006836;0.9565217391304348;6.036165654380075;0.7995255018286166;-11.118910150745286;1.1704003843358244;59.90837075;10.719780066666667;0.0;59.90837075;10.719780066666667;0.0;1778587109.3096094;-54.637;0.0;0.20;-1.586;1.338;-12.498;5.696;-1.274;-4.218;59.90850831666667;10.7198365;0.0;-15.32640140251758;-3.157683853912924;1.9179873752328547e-05;1778587109.2782915;0.031317949295043945;0.0;0.0;-0.21813124991425115;-12.49799999999999;0.0;0.0;4.207491251772295;4.328084238248748;-0.21813124991425115;1.0176567517428676;45.80943686785891;-12.49799999999999;58.3074368678589;4.207491251772295;4.328084238248748;1.0176567517428676;6.036165654380075
2026-05-12_13:58:29:499234;1778587109.4992342;100.48728942871094;110.0;0.5024364471435547;0.9565217391304348;0.5024364471435547;0.9565217391304348;6.032953189501937;0.8002953169968176;-11.118910150745286;1.1704003843358244;59.9083708;10.71978005;0.0;59.9083708;10.71978005;0.0;1778587109.4992342;-16.881;0.0746220675887928;0.20;-0.2;0.724;-12.825;6.481;-3.704;0.562;59.90850831666667;10.7198365;0.0;-15.320830866054754;-3.1586164196249507;1.916665272183593e-05;1778587109.4235454;0.07568883895874023;0.0735978585411161;-0.012321046601534939;-0.2238384765682726;-12.82499999999999;0.07449673436421811;0.00432314009285577;4.201920715309468;4.329016803960775;-0.2238384765682726;1.02413379356509;45.853544028001984;-12.82499999999999;58.678544028001966;4.201920715309468;4.329016803960775;1.02413379356509;6.032953189501937
2026-05-12_13:58:29:640327;1778587109.6403275;138.69007873535156;110.0;0.6934503936767578;0.9565217391304348;0.6934503936767578;0.9565217391304348;6.0177877371683755;0.799999210985664;-11.118910150745286;1.1704003843358244;59.90837088333333;10.719780266666668;0.0;59.90837088333333;10.719780266666668;0.0;1778587109.6403275;19.866;0.7300988363056302;0.20;-0.2;0.724;-12.825;6.481;-3.704;0.562;59.90850831666667;10.7198365;0.0;-15.311546648749658;-3.146492994613407;1.9139463413253566e-05;1778587109.6194124;0.02091503143310547;0.44390166635849243;0.5796512929143388;-0.2238384765682726;-12.82499999999999;0.3041599744872375;0.6637251092832287;4.192636498004372;4.316893378949231;-0.2238384765682726;1.0238376875539368;45.83657840327443;-12.82499999999999;58.66157840327443;4.192636498004372;4.316893378949231;1.0238376875539368;6.0177877371683755
2026-05-12_13:58:29:808828;1778587109.8035889;150.0;110.0;0.75;0.9565217391304348;0.75;0.9565217391304348;6.0177877371683755;0.799999210985664;-11.118910150745286;1.1704003843358244;59.90837088333333;10.719780266666668;0.0;59.90837088333333;10.719780266666668;0.0;1778587109.8035889;36.469;0.0;0.20;-0.2;0.724;-12.825;6.481;-3.704;0.562;59.90850831666667;10.7198365;0.0;-15.311546648749658;-3.146492994613407;1.9139463413253566e-05;1778587109.762287;0.04130196571350098;0.0;0.0;-0.2238384765682726;-12.82499999999999;0.0;0.0;4.192636498004372;4.316893378949231;-0.2238384765682726;1.0238376875539368;45.83657840327443;-12.82499999999999;58.66157840327443;4.192636498004372;4.316893378949231;1.0238376875539368;6.0177877371683755
2026-05-12_13:58:29:968185;1778587109.9669492;150.0;-110.0;0.75;-0.9565217391304348;0.75;-0.9565217391304348;5.982863734214802;0.7995215233564023;-11.118910150745286;1.1704003843358244;59.908371083333336;10.71978075;0.0;59.908371083333336;10.71978075;0.0;1778587109.9669492;49.072;0.0;0.20;-0.685;0.363;-8.985;-5.932;2.559;16.974;59.90850831666667;10.7198365;0.0;-15.289264525246914;-3.1194484303962073;1.907255232680427e-05;1778587109.9439895;0.02295970916748047;0.0;0.0;-0.15681783329169052;-8.985000000000001;0.0;0.0;4.170354374501628;4.289848814732032;-0.15681783329169052;0.9563393566480931;45.80920891819212;-8.985000000000001;54.79420891819214;4.170354374501628;4.289848814732032;0.9563393566480931;5.982863734214802
2026-05-12_13:58:30:146905;1778587110.1469054;150.0;110.0;0.75;0.9565217391304348;0.75;0.9565217391304348;5.928694113766391;0.7971885376839407;-11.118910150745286;1.1704003843358244;59.908371333333335;10.719781616666667;0.0;59.908371333333335;10.719781616666667;0.0;1778587110.1465268;55.962;0.0;0.20;-1.906;1.095;-4.569;-5.831;3.338;25.936;59.90850831666667;10.7198365;0.0;-15.261411883683852;-3.070954739584977;1.89817563009953e-05;1778587110.1259997;0.020905733108520508;0.0;0.0;-0.0797440935236211;-4.569000000000011;0.0;0.0;4.142501732938566;4.241355123920801;-0.0797440935236211;0.8769326312075618;45.67553868549559;-4.569000000000011;50.2445386854956;4.142501732938566;4.241355123920801;0.8769326312075618;5.928694113766391
2026-05-12_13:58:30:313128;1778587110.3131282;150.0;-29.35053825378418;0.75;-0.2552220717720363;0.75;-0.2552220717720363;5.84807652047214;0.7921448339725667;-11.118910150745286;1.1704003843358244;59.90837165;10.719783016666668;0.0;59.90837165;10.719783016666668;0.0;1778587110.3131282;60.635;0.0;0.20;-2.43;1.76;0.145;-1.934;2.147;32.301;59.90850831666667;10.7198365;0.0;-15.226131884403264;-2.992618786874547;1.886072490453472e-05;1778587110.2821043;0.03102397918701172;0.0;0.0;0.0025307274153916204;0.14499999999999097;0.0;0.0;4.107221733657978;4.1630191712103715;0.0025307274153916204;0.7896141065571749;45.386555749719385;0.14499999999999097;45.24155574971938;4.107221733657978;4.1630191712103715;0.7896141065571749;5.84807652047214
2026-05-12_13:58:30:471585;1778587110.4715858;150.0;-110.0;0.75;-0.9565217391304348;0.75;-0.9565217391304348;5.743887121477373;0.784208329578156;-11.118910150745286;1.1704003843358244;59.90837201666667;10.719784916666667;0.0;59.90837201666667;10.719784916666667;0.0;1778587110.469898;66.935;1.963438768957556;0.20;-2.43;1.76;0.145;-1.934;2.147;32.301;59.90850831666667;10.7198365;0.0;-15.185281368076334;-2.886305716324567;1.87141445975314e-05;1778587110.411892;0.05969381332397461;0.6843341722068161;1.7809730126133867;0.0025307274153916204;0.14499999999999097;0.6888391331891004;1.7792354480209975;4.066371217331048;4.056706100660391;0.0025307274153916204;0.7816776021627643;44.93182754383262;0.14499999999999097;44.78682754383262;4.066371217331048;4.056706100660391;0.7816776021627643;5.743887121477373
2026-05-12_13:58:30:684089;1778587110.6819515;150.0;-110.0;0.75;-0.9565217391304348;0.75;-0.9565217391304348;5.6362230712979935;0.7738697318985995;-11.118910150745286;1.1704003843358244;59.90837233333333;10.719787016666666;0.0;59.90837233333333;10.719787016666666;0.0;1778587110.6749573;73.537;5.727826717602534;0.20;-1.83;2.632;11.019;2.108;0.866;35.153;59.90850831666667;10.7198365;0.0;-15.150001394016144;-2.7688018061916937;1.8577422060239712e-05;1778587110.653538;0.02841353416442871;0.0;0.0;0.19231783027725502;11.018999999999991;0.0;0.0;4.031091243270858;3.939202190527518;0.19231783027725502;0.5815519016213444;44.33946953071029;11.018999999999991;33.32046953071029;4.031091243270858;3.939202190527518;0.5815519016213444;5.6362230712979935
2026-05-12_13:58:31:009337;1778587111.0093372;150.0;-110.0;0.75;-0.9565217391304348;0.75;-0.9565217391304348;5.526892992949549;0.7602614331091784;-11.118910150745286;1.1704003843358244;59.908372566666664;10.71978935;0.0;59.908372566666664;10.71978935;0.0;1778587111.0093372;78.668;0.7075282350703771;0.20;-1.558;2.651;15.387;0.279;-1.752;37.27;59.90850831666667;10.7198365;0.0;-15.124005651227852;-2.638241918050832;1.8461948115167104e-05;1778587110.8211854;0.18815183639526367;0.13816364105891712;0.6939070627330225;0.26855381200436756;15.387000000000004;0.3173307238165932;0.6323744263831872;4.005095500482566;3.8086423023866565;0.26855381200436756;0.49170762110481103;43.55977144372347;15.387000000000004;28.172771443723477;4.005095500482566;3.8086423023866565;0.49170762110481103;5.526892992949549
2026-05-12_13:58:31:283675;1778587111.2836754;150.0;-110.0;0.75;-0.9565217391304348;0.75;-0.9565217391304348;5.411779605828712;0.7411862069616101;-11.118910150745286;1.1704003843358244;59.90837268333333;10.719792116666667;0.0;59.90837268333333;10.719792116666667;0.0;1778587111.2776632;86.126;0.0;0.20;-2.128;0.222;31.85;-1.824;-9.151;38.821;59.90850831666667;10.7198365;0.0;-15.111007840838145;-2.483435207862986;1.8368860209783122e-05;1778587111.1322625;0.1514129638671875;0.0;0.0;0.555887366760194;31.850000000000005;0.0;0.0;3.9920976900928586;3.6538355921988104;0.555887366760194;0.18529884020141596;42.466841492210214;31.850000000000005;10.616841492210204;3.9920976900928586;3.6538355921988104;0.18529884020141596;5.411779605828712
2026-05-12_13:58:31:417764;1778587111.4177644;150.0;-110.0;0.75;-0.9565217391304348;0.75;-0.9565217391304348;5.297203639082472;0.7199010727148253;-11.118910150745286;1.1704003843358244;59.908372766666666;10.719795;0.0;59.908372766666666;10.719795;0.0;1778587111.4177644;88.316;0.0;0.20;-2.234;-0.79;39.149;1.005;-3.116;33.804;59.90850831666667;10.7198365;0.0;-15.101723718153764;-2.3221005077435954;1.828683995963587e-05;1778587111.3545887;0.06317567825317383;0.0;0.0;0.68327894886326;39.148999999999994;0.0;0.0;3.9828135674084777;3.49250089207942;0.68327894886326;0.03662212385156538;41.24729313350007;39.148999999999994;2.0982931335000834;3.9828135674084777;3.49250089207942;0.03662212385156538;5.297203639082472
2026-05-12_13:58:31:653428;1778587111.6534286;-31.099180221557617;-110.0;-0.15549590110778808;-0.9565217391304348;-0.15549590110778808;-0.9565217391304348;5.194130960103679;0.6997492432021617;-11.118910150745286;1.1704003843358244;59.90837285;10.719797633333334;0.0;59.90837285;10.719797633333334;0.0;1778587111.6513498;95.078;0.0;0.20;-1.773;0.094;45.452;3.216;6.768;30.954;59.90850831666667;10.7198365;0.0;-15.092439580523376;-2.1747543656563146;1.821240425137205e-05;1778587111.5453882;0.10804033279418945;0.0;0.0;0.7932870516164625;45.45199999999999;0.0;0.0;3.9735294297780896;3.345154749992139;0.7932870516164625;-0.09353780841430082;40.09267835295728;45.45199999999999;-5.359321647042716;3.9735294297780896;3.345154749992139;-0.09353780841430082;5.194130960103679
2026-05-12_13:58:31:847358;1778587111.8465545;36.08560562133789;-110.0;0.18042802810668945;-0.9565217391304348;0.18042802810668945;-0.9565217391304348;5.055051777456246;0.6580378180348759;-11.118910150745286;1.1704003843358244;59.90837261666667;10.719802166666668;0.0;59.90837261666667;10.719802166666668;0.0;1778587111.8465545;99.892;1.9179262189830673;0.20;-0.086;2.245;54.591;5.011;1.494;26.994;59.90850831666667;10.7198365;0.0;-15.1184355571563;-1.921095207806653;1.819344598796846e-05;1778587111.7808495;0.0657050609588623;-0.339124759562432;1.8877063804825076;0.9527926919562244;54.591;1.342058145947806;1.370153609767089;3.9995254064110135;3.0914955921424774;0.9527926919562244;-0.29475487392134836;37.70278973339604;54.591;-16.888210266603956;3.9995254064110135;3.0914955921424774;-0.29475487392134836;5.055051777456246
2026-05-12_13:58:31:981502;1778587111.981502;150.0;-110.0;0.75;-0.9565217391304348;0.75;-0.9565217391304348;5.055051777456246;0.6580378180348759;-11.118910150745286;1.1704003843358244;59.90837261666667;10.719802166666668;0.0;59.90837261666667;10.719802166666668;0.0;1778587111.981502;99.291;0.0;0.20;0.29;2.092;56.66;3.669;-2.713;25.684;59.90850831666667;10.7198365;0.0;-15.1184355571563;-1.921095207806653;1.819344598796846e-05;1778587111.9794838;0.0020182132720947266;0.0;0.0;0.9889035541799869;56.65999999999999;0.0;0.0;3.9995254064110135;3.0914955921424774;0.9889035541799869;-0.33086573614511083;37.70278973339604;56.65999999999999;-18.957210266603944;3.9995254064110135;3.0914955921424774;-0.33086573614511083;5.055051777456246
2026-05-12_13:58:32:167917;1778587112.1679175;93.40126037597656;-110.0;0.4670063018798828;-0.9565217391304348;0.4670063018798828;-0.9565217391304348;5.000847215279384;0.6364255881634516;-11.118910150745286;1.1704003843358244;59.908372416666666;10.7198043;0.0;59.908372416666666;10.7198043;0.0;1778587112.1664736;96.554;0.0;0.20;0.29;2.092;56.66;3.669;-2.713;25.684;59.90850831666667;10.7198365;0.0;-15.140717761879138;-1.801726196009196;1.821006236735201e-05;1778587112.123622;0.044295549392700195;0.0;0.0;0.9889035541799869;56.65999999999999;0.0;0.0;4.021807611133852;2.9721265803450203;0.9889035541799869;-0.35247796601653514;36.46450017589686;56.65999999999999;-20.19549982410312;4.021807611133852;2.9721265803450203;-0.35247796601653514;5.000847215279384
2026-05-12_13:58:32:318288;1778587112.3132305;150.0;-73.40855407714844;0.75;-0.638335252844769;0.75;-0.638335252844769;4.946075775309371;0.6187007221239007;-11.118910150745286;1.1704003843358244;59.90837235;10.71980615;0.0;59.90837235;10.71980615;0.0;1778587112.312054;94.633;0.0;0.20;0.29;2.092;56.66;3.669;-2.713;25.684;59.90850831666667;10.7198365;0.0;-15.148145192306954;-1.698210874610521;1.8199239872451756e-05;1778587112.2882347;0.024995803833007812;0.0;0.0;0.9889035541799869;56.65999999999999;0.0;0.0;4.029235041561668;2.8686112589463453;0.9889035541799869;-0.3702028320560862;35.44894015939583;56.65999999999999;-21.211059840604158;4.029235041561668;2.8686112589463453;-0.3702028320560862;4.946075775309371
2026-05-12_13:58:32:482837;1778587112.482837;150.0;-110.0;0.75;-0.9565217391304348;0.75;-0.9565217391304348;4.946075775309371;0.6187007221239007;-11.118910150745286;1.1704003843358244;59.90837235;10.71980615;0.0;59.90837235;10.71980615;0.0;1778587112.48126;96.064;0.0;0.20;0.29;2.092;56.66;3.669;-2.713;25.684;59.90850831666667;10.7198365;0.0;-15.148145192306954;-1.698210874610521;1.8199239872451756e-05;1778587112.4495487;0.03328824043273926;0.0;0.0;0.9889035541799869;56.65999999999999;0.0;0.0;4.029235041561668;2.8686112589463453;0.9889035541799869;-0.3702028320560862;35.44894015939583;56.65999999999999;-21.211059840604158;4.029235041561668;2.8686112589463453;-0.3702028320560862;4.946075775309371
2026-05-12_13:58:32:646259;1778587112.6462595;-150.0;-110.0;-0.75;-0.9565217391304348;-0.75;-0.9565217391304348;4.865047333536124;0.5880620730341913;-11.118910150745286;1.1704003843358244;59.908372183333334;10.719809183333334;0.0;59.908372183333334;10.719809183333334;0.0;1778587112.6452599;97.819;1.4070453070355828;0.20;-1.263;1.124;67.801;0.874;3.864;11.41;59.90850831666667;10.7198365;0.0;-15.166713722527021;-1.5284830517943795;1.820144352926434e-05;1778587112.586639;0.05962061882019043;-0.24915538303065998;1.3608316847048827;1.1833506861446752;67.80099999999999;1.1658259619217712;0.744843007283455;4.047803571781735;2.698883436130204;1.1833506861446752;-0.5952886131104838;33.69347487657314;67.80099999999999;-34.107525123426846;4.047803571781735;2.698883436130204;-0.5952886131104838;4.865047333536124
2026-05-12_13:58:32:800379;1778587112.799689;150.0;-110.0;0.75;-0.9565217391304348;0.75;-0.9565217391304348;4.865047333536124;0.5880620730341913;-11.118910150745286;1.1704003843358244;59.908372183333334;10.719809183333334;0.0;59.908372183333334;10.719809183333334;0.0;1778587112.7929733;96.347;0.0;0.20;-0.943;1.55;69.098;3.01;2.899;10.886;59.90850831666667;10.7198365;0.0;-15.166713722527021;-1.5284830517943795;1.820144352926434e-05;1778587112.7606287;0.039060354232788086;0.0;0.0;1.205987606543042;69.09800000000001;0.0;0.0;4.047803571781735;2.698883436130204;1.205987606543042;-0.6179255335088505;33.69347487657314;69.09800000000001;-35.40452512342686;4.047803571781735;2.698883436130204;-0.6179255335088505;4.865047333536124
2026-05-12_13:58:32:995959;1778587112.9959595;-134.4220733642578;-110.0;-0.6721103668212891;-0.9565217391304348;-0.6721103668212891;-0.9565217391304348;4.834464725934118;0.5735698472296126;-11.118910150745286;1.1704003843358244;59.908372066666665;10.719810533333334;0.0;59.908372066666665;10.719810533333334;0.0;1778587112.9959595;93.971;0.0;0.20;-0.943;1.55;69.098;3.01;2.899;10.886;59.90850831666667;10.7198365;0.0;-15.179711671096559;-1.452944846207429;1.8214458800791533e-05;1778587112.903754;0.09220552444458008;0.0;0.0;1.205987606543042;69.09800000000001;0.0;0.0;4.060801520351273;2.6233452305432534;1.205987606543042;-0.6324177593134293;32.86313150222019;69.09800000000001;-36.23486849777981;4.060801520351273;2.6233452305432534;-0.6324177593134293;4.834464725934118
2026-05-12_13:58:33:265452;1778587113.2654526;143.41030883789062;-110.0;0.7170515441894532;-0.9565217391304348;0.7170515441894532;-0.9565217391304348;4.799023518664214;0.5605810818332565;-11.118910150745286;1.1704003843358244;59.908372033333336;10.719811816666667;0.0;59.908372033333336;10.719811816666667;0.0;1778587113.2654526;91.753;0.0;0.20;-0.313;1.374;72.913;-1.352;-2.143;10.62;59.90850831666667;10.7198365;0.0;-15.183425389120949;-1.3811369188804712;1.8206880735505138e-05;1778587113.1075497;0.15790295600891113;0.0;0.0;1.2725719175066255;72.913;0.0;0.0;4.064515238375662;2.5515373032162953;1.2725719175066255;-0.7119908356733688;32.11893006392342;72.913;-40.79406993607657;4.064515238375662;2.5515373032162953;-0.7119908356733688;4.799023518664214
2026-05-12_13:58:33:554987;1778587113.5543668;-62.77758026123047;-110.0;-0.31388790130615235;-0.9565217391304348;-0.31388790130615235;-0.9565217391304348;4.766832445225401;0.548236559366152;-11.118910150745286;1.1704003843358244;59.908372;10.719813016666667;0.0;59.908372;10.719813016666667;0.0;1778587113.544485;90.806;0.0;0.20;-1.081;0.97;75.958;-1.36;-1.065;8.434;59.90850831666667;10.7198365;0.0;-15.187139104313976;-1.3139918435941744;1.8203096175284372e-05;1778587113.405123;0.14924383163452148;0.0;0.0;1.3257171932298526;75.95799999999998;0.0;0.0;4.06822895356869;2.484392227929999;1.3257171932298526;-0.7774806338637008;31.411641026453914;75.95799999999998;-44.546358973546084;4.06822895356869;2.484392227929999;-0.7774806338637008;4.766832445225401
2026-05-12_13:58:33:655132;1778587113.6525161;150.0;-110.0;0.75;-0.9565217391304348;0.75;-0.9565217391304348;4.709401655888657;0.5263605870474217;-11.118910150745286;1.1704003843358244;59.908371966666664;10.719815133333334;0.0;59.908371966666664;10.719815133333334;0.0;1778587113.6525161;90.805;2.391393214613241;0.20;-1.046;0.84;76.875;1.018;-1.351;7.381;59.90850831666667;10.7198365;0.0;-15.190852835499312;-1.1955553905181777;1.8188967980670157e-05;1778587113.627948;0.02456808090209961;-7.81026998134563e-07;2.3913932146130783;1.3417218624706404;76.87499999999997;2.3289226227590047;0.5430293952443095;4.071942684754026;2.365955774854002;1.3417218624706404;-0.8153612754232187;30.15824013984565;76.87499999999997;-46.716759860154326;4.071942684754026;2.365955774854002;-0.8153612754232187;4.709401655888657
2026-05-12_13:58:33:821350;1778587113.8154244;150.0;-110.0;0.75;-0.9565217391304348;0.75;-0.9565217391304348;4.709401655888657;0.5263605870474217;-11.118910150745286;1.1704003843358244;59.908371966666664;10.719815133333334;0.0;59.908371966666664;10.719815133333334;0.0;1778587113.8154244;89.084;0.0;0.20;-1.046;0.84;76.875;1.018;-1.351;7.381;59.90850831666667;10.7198365;0.0;-15.190852835499312;-1.1955553905181777;1.8188967980670157e-05;1778587113.770637;0.04478740692138672;0.0;0.0;1.3417218624706404;76.87499999999997;0.0;0.0;4.071942684754026;2.365955774854002;1.3417218624706404;-0.8153612754232187;30.15824013984565;76.87499999999997;-46.716759860154326;4.071942684754026;2.365955774854002;-0.8153612754232187;4.709401655888657
2026-05-12_13:58:34:197427;1778587114.1974275;-61.10663986206055;-110.0;-0.30553319931030276;-0.9565217391304348;-0.30553319931030276;-0.9565217391304348;4.6780857223651;0.5155284151150324;-11.118910150745286;1.1704003843358244;59.90837198333333;10.7198162;0.0;59.90837198333333;10.7198162;0.0;1778587114.1974275;82.156;0.0;0.20;0.134;0.424;78.701;3.424;-0.2;3.72;59.90850831666667;10.7198365;0.0;-15.188996008898558;-1.1358708774755313;1.8172898795576486e-05;1778587113.9584112;0.23901629447937012;0.0;0.0;1.3735915746120568;78.70099999999998;0.0;0.0;4.070085858153272;2.3062712618113554;1.3735915746120568;-0.8580631594970245;29.537602405159674;78.70099999999998;-49.163397594840305;4.070085858153272;2.3062712618113554;-0.8580631594970245;4.6780857223651
2026-05-12_13:58:34:363177;1778587114.363177;-150.0;-110.0;-0.75;-0.9565217391304348;-0.75;-0.9565217391304348;4.6002086513012435;0.4942577317703141;-11.118910150745286;1.1704003843358244;59.908372166666666;10.719818416666667;0.0;59.908372166666666;10.719818416666667;0.0;1778587114.3611722;45.447;0.0;0.20;0.206;1.208;78.698;-2.096;2.864;-5.788;59.90850831666667;10.7198365;0.0;-15.168570745024693;-1.0118389945241957;1.810399410473451e-05;1778587114.3474078;0.015769243240356445;0.0;0.0;1.3735392147344978;78.69800000000002;0.0;0.0;4.049660594279407;2.18223937886002;1.3735392147344978;-0.879281482964184;28.318882022148102;78.69800000000002;-50.379117977851934;4.049660594279407;2.18223937886002;-0.879281482964184;4.6002086513012435
2026-05-12_13:58:34:516316;1778587114.516317;21.68342399597168;-110.0;0.1084171199798584;-0.9565217391304348;0.1084171199798584;-0.9565217391304348;4.52720731499557;0.485884033950813;-11.118910150745286;1.1704003843358244;59.90837258333333;10.719819633333334;0.0;59.90837258333333;10.719819633333334;0.0;1778587114.516317;39.422;0.0;0.20;0.206;1.208;78.698;-2.096;2.864;-5.788;59.90850831666667;10.7198365;0.0;-15.122149625545577;-0.9437613361458643;1.798176161393883e-05;1778587114.4818182;0.03449869155883789;0.0;0.0;1.3735392147344978;78.69800000000002;0.0;0.0;4.00323947480029;2.1141617204816887;1.3735392147344978;-0.8876551807836845;27.839104478172786;78.69800000000002;-50.85889552182722;4.00323947480029;2.1141617204816887;-0.8876551807836845;4.52720731499557
2026-05-12_13:58:34:737952;1778587114.7379522;150.0;99.61429595947266;0.75;0.8662112692128057;0.75;0.8662112692128057;4.426872805300019;0.47975773804910243;-11.118910150745286;1.1704003843358244;59.908373266666665;10.7198209;0.0;59.908373266666665;10.7198209;0.0;1778587114.7359488;23.33;0.0;0.20;-0.379;1.453;73.806;0.91;-1.329;-22.009;59.90850831666667;10.7198365;0.0;-15.046018978610157;-0.8728859608470194;1.7793481157823976e-05;1778587114.695643;0.04230928421020508;0.0;0.0;1.2881577077269348;73.806;0.0;0.0;3.9271088278648705;2.043286345182844;1.2881577077269348;-0.8083999696778323;27.48809357895648;73.806;-46.31790642104352;3.9271088278648705;2.043286345182844;-0.8083999696778323;4.426872805300019
2026-05-12_13:58:34:896277;1778587114.8962774;150.0;110.0;0.75;0.9565217391304348;0.75;0.9565217391304348;4.312028460915559;0.4780131474977295;-11.118910150745286;1.1704003843358244;59.90837415;10.719821966666666;0.0;59.90837415;10.719821966666666;0.0;1778587114.8962774;10.013;0.0;0.20;0.265;0.973;64.128;3.07;-0.404;-30.419;59.90850831666667;10.7198365;0.0;-14.94760618113582;-0.8132014291886467;1.7553956572768925e-05;1778587114.84221;0.054067373275756836;0.0;0.0;1.1192447427189238;64.12800000000001;0.0;0.0;3.8286960303905335;1.983601813524471;1.1192447427189238;-0.6412315952211944;27.38813590338441;64.12800000000001;-36.73986409661561;3.8286960303905335;1.983601813524471;-0.6412315952211944;4.312028460915559
2026-05-12_13:58:35:065041;1778587115.0640507;150.0;110.0;0.75;0.9565217391304348;0.75;0.9565217391304348;4.189752224000635;0.4823588916731808;-11.118910150745286;1.1704003843358244;59.9083752;10.719822683333334;0.0;59.9083752;10.719822683333334;0.0;1778587115.0630877;0.942;3.2163760234181455;0.20;0.265;0.973;64.128;3.07;-0.404;-30.419;59.90850831666667;10.7198365;0.0;-14.830624923122276;-0.7731008755137037;1.7275078749712236e-05;1778587115.0246396;0.039411067962646484;0.0;0.0;1.1192447427189238;64.12800000000001;0.0;0.0;3.7117147723769897;1.943501259849528;1.1192447427189238;-0.6368858510457431;27.637128703481327;64.12800000000001;-36.49087129651869;3.7117147723769897;1.943501259849528;-0.6368858510457431;4.189752224000635
2026-05-12_13:58:35:230248;1778587115.2302487;150.0;110.0;0.75;0.9565217391304348;0.75;0.9565217391304348;4.189752224000635;0.4823588916731808;-11.118910150745286;1.1704003843358244;59.9083752;10.719822683333334;0.0;59.9083752;10.719822683333334;0.0;1778587115.2292204;-6.048;0.0;0.20;0.265;0.973;64.128;3.07;-0.404;-30.419;59.90850831666667;10.7198365;0.0;-14.830624923122276;-0.7731008755137037;1.7275078749712236e-05;1778587115.1837046;0.04654407501220703;0.0;0.0;1.1192447427189238;64.12800000000001;0.0;0.0;3.7117147723769897;1.943501259849528;1.1192447427189238;-0.6368858510457431;27.637128703481327;64.12800000000001;-36.49087129651869;3.7117147723769897;1.943501259849528;-0.6368858510457431;4.189752224000635
2026-05-12_13:58:35:407026;1778587115.4070263;-72.71994018554688;110.0;-0.36359970092773436;0.9565217391304348;-0.36359970092773436;0.9565217391304348;4.056376717020656;0.49442367385975844;-11.118910150745286;1.1704003843358244;59.90837646666667;10.719823016666666;0.0;59.90837646666667;10.719823016666666;0.0;1778587115.4064586;-16.921;0.0;0.20;1.045;0.509;50.49;2.124;-6.463;-34.911;59.90850831666667;10.7198365;0.0;-14.689504671228848;-0.7544494385542739;1.694719939404621e-05;1778587115.3554194;0.05160689353942871;0.0;0.0;0.8812167393319372;50.490000000000016;0.0;0.0;3.570594520483562;1.9248498228900983;0.8812167393319372;-0.38679306547217873;28.328389803516842;50.490000000000016;-22.161610196483167;3.570594520483562;1.9248498228900983;-0.38679306547217873;4.056376717020656
2026-05-12_13:58:35:557746;1778587115.5577466;150.0;110.0;0.75;0.9565217391304348;0.75;0.9565217391304348;3.9395923458011333;0.5145485110555443;-11.118910150745286;1.1704003843358244;59.90837773333333;10.719822766666667;0.0;59.90837773333333;10.719822766666667;0.0;1778587115.5567372;-22.783;0.0;0.20;1.045;0.509;50.49;2.124;-6.463;-34.911;59.90850831666667;10.7198365;0.0;-14.548384411703108;-0.768437964914231;1.6625895606914298e-05;1778587115.5031483;0.054598331451416016;0.0;0.0;0.8812167393319372;50.490000000000016;0.0;0.0;3.4294742609578215;1.9388383492500554;0.8812167393319372;-0.3666682282763931;29.48145803822327;50.490000000000016;-21.008541961776757;3.4294742609578215;1.9388383492500554;-0.3666682282763931;3.9395923458011333
2026-05-12_13:58:35:705119;1778587115.7041178;7.148394584655762;-106.49918365478516;0.03574197292327881;-0.926079857867697;0.03574197292327881;-0.926079857867697;3.8557352196734898;0.5372720915550565;-11.118910150745286;1.1704003843358244;59.90837878333333;10.71982215;0.0;59.90837878333333;10.71982215;0.0;1778587115.7041178;-33.298;0.0;0.20;0.398;-1.441;37.486;-4.989;-1.247;-31.175;59.90850831666667;10.7198365;0.0;-14.431403140146326;-0.8029430422880202;1.6364553369285773e-05;1778587115.6881938;0.01592397689819336;0.0;0.0;0.6542541234025943;37.486;0.0;0.0;3.31249298940104;1.9733434266238445;0.6542541234025943;-0.11698203184753764;30.783423296271096;37.486;-6.702576703728891;3.31249298940104;1.9733434266238445;-0.11698203184753764;3.8557352196734898
2026-05-12_13:58:35:903570;1778587115.9025702;150.0;110.0;0.75;0.9565217391304348;0.75;0.9565217391304348;3.7939791790627244;0.5620320156194821;-11.118910150745286;1.1704003843358244;59.9083797;10.719821283333333;0.0;59.9083797;10.719821283333333;0.0;1778587115.901571;-45.572;1.5056725653531973;0.20;-0.309;-1.038;31.321;-3.426;3.636;-29.793;59.90850831666667;10.7198365;0.0;-14.329276627566518;-0.8514366752869078;1.613952653034545e-05;1778587115.826485;0.07608532905578613;1.3422628757369037;-0.6373585236561424;0.5466545750171439;31.320999999999994;0.8153331872635031;-1.2422267542624323;3.210366476821232;2.021837059622732;0.5466545750171439;0.015377440602338144;32.20206244622709;31.320999999999994;0.8810624462270861;3.210366476821232;2.021837059622732;0.015377440602338144;3.7939791790627244
2026-05-12_13:58:36:138862;1778587116.1388628;148.87718200683594;110.0;0.7443859100341796;0.9565217391304348;0.7443859100341796;0.9565217391304348;3.7629872505551956;0.5873390805896216;-11.118910150745286;1.1704003843358244;59.9083804;10.71982015;0.0;59.9083804;10.71982015;0.0;1778587116.1388628;-55.366;0.0;0.20;-0.735;-0.089;25.741;-1.841;5.489;-26.426;59.90850831666667;10.7198365;0.0;-14.251289102048313;-0.9148514357748068;1.59760634304007e-05;1778587116.0418742;0.09698867797851562;0.0;0.0;0.44926520275586057;25.74100000000001;0.0;0.0;3.1323789513030267;2.0852518201106314;0.44926520275586057;0.13807387783376113;33.65205046087945;25.74100000000001;7.9110504608794425;3.1323789513030267;2.0852518201106314;0.13807387783376113;3.7629872505551956
2026-05-12_13:58:36:365209;1778587116.34394;76.0593032836914;103.3600845336914;0.380296516418457;0.8987833437712296;0.380296516418457;0.8987833437712296;3.757184041147828;0.6078909961758884;-11.118910150745286;1.1704003843358244;59.90838083333333;10.719819066666666;0.0;59.90838083333333;10.719819066666666;0.0;1778587116.34394;-61.761;0.0;0.20;-0.89;0.339;23.695;-1.758;5.708;-25.144;59.90850831666667;10.7198365;0.0;-14.203011103941025;-0.9754684908643967;1.5876521812785427e-05;1778587116.268516;0.0754239559173584;0.0;0.0;0.4135557662600564;23.695;0.0;0.0;3.0841009531957386;2.145868875200221;0.4135557662600564;0.19433522991583185;34.82958848488167;23.695;11.134588484881661;3.0841009531957386;2.145868875200221;0.19433522991583185;3.757184041147828
2026-05-12_13:58:36:491188;1778587116.491188;46.29269790649414;107.89275360107422;0.2314634895324707;0.9381978574006454;0.2314634895324707;0.9381978574006454;3.7599584857859925;0.6234770315269414;-11.118910150745286;1.1704003843358244;59.90838111666667;10.719818183333333;0.0;59.90838111666667;10.719818183333333;0.0;1778587116.4901838;-65.394;0.0;0.20;-1.409;1.068;18.872;-1.825;2.493;-23.1;59.90850831666667;10.7198365;0.0;-14.171444717581384;-1.0248947058752502;1.5813123405372664e-05;1778587116.4652066;0.025981426239013672;0.0;0.0;0.3293785364363697;18.871999999999993;0.0;0.0;3.0525345668360977;2.195295090211075;0.3293785364363697;0.2940984950905716;35.72260252983871;18.871999999999993;16.850602529838717;3.0525345668360977;2.195295090211075;0.2940984950905716;3.7599584857859925
2026-05-12_13:58:36:652118;1778587116.6521187;60.77883529663086;110.0;0.3038941764831543;0.9565217391304348;0.3038941764831543;0.9565217391304348;3.766070671194522;0.6382494217079127;-11.118910150745286;1.1704003843358244;59.90838136666667;10.719817316666667;0.0;59.90838136666667;10.719817316666667;0.0;1778587116.6521187;-68.035;1.3126072485947715;0.20;-1.409;1.068;18.872;-1.825;2.493;-23.1;59.90850831666667;10.7198365;0.0;-14.143592020452697;-1.0733883507047184;1.5758832190293504e-05;1778587116.609514;0.042604684829711914;0.6537472871824288;-1.1382232968814117;0.3293785364363697;18.871999999999993;0.25044009209745605;-1.2884942954208967;3.024681869707411;2.2437887350405425;0.3293785364363697;0.30887088527154294;36.56899814052886;18.871999999999993;17.69699814052887;3.024681869707411;2.2437887350405425;0.30887088527154294;3.766070671194522
2026-05-12_13:58:36:829096;1778587116.8211372;56.93753433227539;110.0;0.28468767166137693;0.9565217391304348;0.28468767166137693;0.9565217391304348;3.766070671194522;0.6382494217079127;-11.118910150745286;1.1704003843358244;59.90838136666667;10.719817316666667;0.0;59.90838136666667;10.719817316666667;0.0;1778587116.8080983;-69.563;0.0;0.20;-1.409;1.068;18.872;-1.825;2.493;-23.1;59.90850831666667;10.7198365;0.0;-14.143592020452697;-1.0733883507047184;1.5758832190293504e-05;1778587116.7804224;0.04071474075317383;0.0;0.0;0.3293785364363697;18.871999999999993;0.0;0.0;3.024681869707411;2.2437887350405425;0.3293785364363697;0.30887088527154294;36.56899814052886;18.871999999999993;17.69699814052887;3.024681869707411;2.2437887350405425;0.30887088527154294;3.766070671194522
2026-05-12_13:58:36:961054;1778587116.9610543;-150.0;110.0;-0.75;0.9565217391304348;-0.75;0.9565217391304348;3.766087283028147;0.6521930555270453;-11.118910150745286;1.1704003843358244;59.90838165;10.719816566666667;0.0;59.90838165;10.719816566666667;0.0;1778587116.9570546;-69.973;0.0;0.20;-1.409;1.068;18.872;-1.825;2.493;-23.1;59.90850831666667;10.7198365;0.0;-14.112025636093737;-1.1153540020219137;1.569750360452815e-05;1778587116.9385989;0.022455453872680664;0.0;0.0;0.3293785364363697;18.871999999999993;0.0;0.0;2.9931154853484507;2.285754386357738;0.3293785364363697;0.3228145190906755;37.36790950944104;18.871999999999993;18.49590950944105;2.9931154853484507;2.285754386357738;0.3228145190906755;3.766087283028147
2026-05-12_13:58:37:242738;1778587117.238918;58.75761413574219;73.19805908203125;0.29378807067871093;0.6365048615828804;0.29378807067871093;0.6365048615828804;3.785430498481504;0.6660331852299087;-11.118910150745286;1.1704003843358244;59.9083818;10.719815616666667;0.0;59.9083818;10.719815616666667;0.0;1778587117.238918;-69.506;1.409871536699557;0.20;-0.546;1.208;4.513;2.14;1.103;-12.663;59.90850831666667;10.7198365;0.0;-14.095314009800557;-1.1685105003784302;1.5670865651351562e-05;1778587117.2231998;0.01571822166442871;0.3544004201441056;-1.3646018071939827;0.07876670914250417;4.513000000000004;0.24592751892174664;-1.388256966642846;2.976403859055271;2.3389108847142546;0.07876670914250417;0.5872664760874047;38.16089052932877;4.513000000000004;33.64789052932877;2.976403859055271;2.3389108847142546;0.5872664760874047;3.785430498481504
2026-05-12_13:58:37:404418;1778587117.4008148;57.41299819946289;110.0;0.2870649909973145;0.9565217391304348;0.2870649909973145;0.9565217391304348;3.785430498481504;0.6660331852299087;-11.118910150745286;1.1704003843358244;59.9083818;10.719815616666667;0.0;59.9083818;10.719815616666667;0.0;1778587117.4008148;-60.687;0.0;0.20;-0.333;1.333;3.141;2.03;1.062;-10.739;59.90850831666667;10.7198365;0.0;-14.095314009800557;-1.1685105003784302;1.5670865651351562e-05;1778587117.3621027;0.0387120246887207;0.0;0.0;0.054820791805141766;3.140999999999993;0.0;0.0;2.976403859055271;2.3389108847142546;0.054820791805141766;0.6112123934247671;38.16089052932877;3.140999999999993;35.019890529328784;2.976403859055271;2.3389108847142546;0.6112123934247671;3.785430498481504
2026-05-12_13:58:37:787674;1778587117.7863364;-41.60602951049805;110.0;-0.20803014755249025;0.9565217391304348;-0.20803014755249025;0.9565217391304348;3.7877068210441904;0.668381290920717;-11.118910150745286;1.1704003843358244;59.90838183333334;10.719815466666667;0.0;59.90838183333334;10.719815466666667;0.0;1778587117.7843323;-48.718;0.0;0.20;-0.26;1.389;1.285;-0.337;-0.398;-8.52;59.90850831666667;10.7198365;0.0;-14.09160031629595;-1.1769036313006371;1.5663158567491564e-05;1778587117.5520775;0.23425889015197754;0.0;0.0;0.02242748088812707;1.2849999999999964;0.0;0.0;2.972690165550663;2.3473040156364613;0.02242748088812707;0.6459538100325899;38.29542707526273;1.2849999999999964;37.01042707526273;2.972690165550663;2.3473040156364613;0.6459538100325899;3.7877068210441904
2026-05-12_13:58:37:941155;1778587117.9411557;113.83684539794922;110.0;0.5691842269897461;0.9565217391304348;0.5691842269897461;0.9565217391304348;3.7798457249083666;0.6697098323166732;-11.118910150745286;1.1704003843358244;59.90838191666667;10.719815483333333;0.0;59.90838191666667;10.719815483333333;0.0;1778587117.9401462;48.928;0.0;0.20;-1.265;0.749;-1.931;-1.945;-0.922;-7.561;59.90850831666667;10.7198365;0.0;-14.082316089527069;-1.175971058147423;1.5642529738180144e-05;1778587117.9149685;0.02618718147277832;0.0;0.0;-0.03370230785601036;-1.9309999999999918;0.0;0.0;2.963405938781783;2.3463714424832474;-0.03370230785601036;0.7034121401726834;38.37154689015944;-1.9309999999999918;40.30254689015943;2.963405938781783;2.3463714424832474;0.7034121401726834;3.7798457249083666
2026-05-12_13:58:38:163589;1778587118.1635892;110.96336364746094;110.0;0.5548168182373047;0.9565217391304348;0.5548168182373047;0.9565217391304348;3.7775312542349795;0.6689356367147694;-11.118910150745286;1.1704003843358244;59.90838191666667;10.71981555;0.0;59.90838191666667;10.71981555;0.0;1778587118.1605482;81.647;0.0;0.20;-1.283;0.845;-3.189;1.637;1.389;-5.118;59.90850831666667;10.7198365;0.0;-14.082316090704252;-1.1722407772034367;1.5641847582514856e-05;1778587118.1335397;0.030049562454223633;0.0;0.0;-0.05565854984609908;-3.188999999999995;0.0;0.0;2.9634059399589656;2.342641161539261;-0.05565854984609908;0.7245941865608687;38.32718874965276;-3.188999999999995;41.51618874965277;2.9634059399589656;2.342641161539261;0.7245941865608687;3.7775312542349795
2026-05-12_13:58:38:337152;1778587118.3342993;83.419189453125;110.0;0.417095947265625;0.9565217391304348;0.417095947265625;0.9565217391304348;3.767988875127008;0.6665230306849149;-11.118910150745286;1.1704003843358244;59.90838193333333;10.719815783333333;0.0;59.90838193333333;10.719815783333333;0.0;1778587118.3278193;83.912;0.0;0.20;-1.283;0.845;-3.189;1.637;1.389;-5.118;59.90850831666667;10.7198365;0.0;-14.080459249260084;-1.1591847933657946;1.5635456271922976e-05;1778587118.2708032;0.06349611282348633;0.0;0.0;-0.05565854984609908;-3.188999999999995;0.0;0.0;2.961549098514798;2.329585177701619;-0.05565854984609908;0.7221815805310139;38.18895660651429;-3.188999999999995;41.377956606514275;2.961549098514798;2.329585177701619;0.7221815805310139;3.767988875127008
2026-05-12_13:58:38:699954;1778587118.699954;124.52955627441406;110.0;0.6226477813720703;0.9565217391304348;0.6226477813720703;0.9565217391304348;3.751328633330874;0.6608566442981149;-11.118910150745286;1.1704003843358244;59.90838193333333;10.719816266666667;0.0;59.90838193333333;10.719816266666667;0.0;1778587118.699954;79.88;0.0;0.20;-0.286;1.007;-4.045;3.618;-0.766;-1.649;59.90850831666667;10.7198365;0.0;-14.080459257450913;-1.1321402567428915;1.5630709838454493e-05;1778587118.4663043;0.23364973068237305;0.0;0.0;-0.07059856824317068;-4.045000000000003;0.0;0.0;2.961549106705627;2.302540641078716;-0.07059856824317068;0.7314552125412854;37.86429658146026;-4.045000000000003;41.90929658146026;2.961549106705627;2.302540641078716;0.7314552125412854;3.751328633330874
2026-05-12_13:58:38:850145;1778587118.8488684;150.0;-110.0;0.75;-0.9565217391304348;0.75;-0.9565217391304348;3.710699073899105;0.6474732192587238;-11.118910150745286;1.1704003843358244;59.90838195;10.719817416666666;0.0;59.90838195;10.719817416666666;0.0;1778587118.841676;85.23;1.0315789969569045;0.20;-0.666;0.324;-3.765;-4.694;-2.358;3.699;59.90850831666667;10.7198365;0.0;-14.078602430713563;-1.0677929104740456;1.5614719809597943e-05;1778587118.8107862;0.038082122802734375;-2.7627773268731744e-07;0.9550475740758355;-0.06571164633758642;-3.764999999999995;-0.06271286898117683;0.9529863403073334;2.9596922799682766;2.2381932948098697;-0.06571164633758642;0.7131848655963102;37.097482811273444;-3.764999999999995;40.862482811273445;2.9596922799682766;2.2381932948098697;0.7131848655963102;3.710699073899105
2026-05-12_13:58:38:979383;1778587118.9793837;150.0;10.336118698120117;0.75;0.08987929302713145;0.75;0.08987929302713145;3.710699073899105;0.6474732192587238;-11.118910150745286;1.1704003843358244;59.90838195;10.719817416666666;0.0;59.90838195;10.719817416666666;0.0;1778587118.9793837;85.954;0.0;0.20;-1.649;0.107;-2.147;-4.052;-0.548;11.237;59.90850831666667;10.7198365;0.0;-14.078602430713563;-1.0677929104740456;1.5614719809597943e-05;1778587118.9793837;0.0;0.0;0.0;-0.037472219040318056;-2.1469999999999887;0.0;0.0;2.9596922799682766;2.2381932948098697;-0.037472219040318056;0.6849454382990419;37.097482811273444;-2.1469999999999887;39.244482811273436;2.9596922799682766;2.2381932948098697;0.6849454382990419;3.710699073899105
2026-05-12_13:58:39:204188;1778587119.2041886;150.0;-110.0;0.75;-0.9565217391304348;0.75;-0.9565217391304348;3.6824227206515;0.6355529693431898;-11.118910150745286;1.1704003843358244;59.90838191666667;10.71981835;0.0;59.90838191666667;10.71981835;0.0;1778587119.2041886;85.982;0.0;0.20;-1.649;0.107;-2.147;-4.052;-0.548;11.237;59.90850831666667;10.7198365;0.0;-14.08231613667917;-1.015568978693224;1.5615205975372248e-05;1778587119.1294417;0.07474684715270996;0.0;0.0;-0.037472219040318056;-2.1469999999999887;0.0;0.0;2.9634059859338837;2.1859693630290487;-0.037472219040318056;0.6730251883835079;36.414502800372176;-2.1469999999999887;38.56150280037216;2.9634059859338837;2.1859693630290487;0.6730251883835079;3.6824227206515
2026-05-12_13:58:39:387723;1778587119.3854756;150.0;-110.0;0.75;-0.9565217391304348;0.75;-0.9565217391304348;3.6330250458315128;0.6151138635084221;-11.118910150745286;1.1704003843358244;59.908381883333334;10.71981995;0.0;59.908381883333334;10.71981995;0.0;1778587119.3770869;86.244;0.0;0.20;-1.193;0.476;3.911;5.413;0.985;24.695;59.90850831666667;10.7198365;0.0;-14.08602985102867;-0.9260422377812967;1.5609757440415706e-05;1778587119.3459418;0.03953385353088379;0.0;0.0;0.06825982704549816;3.910999999999996;0.0;0.0;2.9671197002833836;2.096442622117121;0.06825982704549816;0.546854036462924;35.24342829901877;3.910999999999996;31.332428299018773;2.9671197002833836;2.096442622117121;0.546854036462924;3.6330250458315128
2026-05-12_13:58:39:569188;1778587119.5587125;149.75497436523438;68.75926208496094;0.7487748718261719;0.5979066268257472;0.7487748718261719;0.5979066268257472;3.563408967744083;0.5868966457210267;-11.118910150745286;1.1704003843358244;59.908381883333334;10.71982215;0.0;59.908381883333334;10.71982215;0.0;1778587119.5529103;84.073;0.0;0.20;0.277;1.596;12.299;1.908;5.931;33.377;59.90850831666667;10.7198365;0.0;-14.086029879887654;-0.8029429675249384;1.5593034197181055e-05;1778587119.4910142;0.06769824028015137;0.0;0.0;0.21465804470278238;12.298999999999989;0.0;0.0;2.967119729142368;1.9733433518607628;0.21465804470278238;0.37223860101824435;33.62670081019954;12.298999999999989;21.32770081019955;2.967119729142368;1.9733433518607628;0.37223860101824435;3.563408967744083
2026-05-12_13:58:39:839475;1778587119.8394752;150.0;-110.0;0.75;-0.9565217391304348;0.75;-0.9565217391304348;3.4904487424533968;0.5536705033113196;-11.118910150745286;1.1704003843358244;59.908381866666666;10.719824616666667;0.0;59.908381866666666;10.719824616666667;0.0;1778587119.8394752;85.358;0.0;0.20;-0.26;2.568;19.577;-7.047;3.425;38.469;59.90850831666667;10.7198365;0.0;-14.08788675269632;-0.6649225738276121;1.5581250366381028e-05;1778587119.6966486;0.14282655715942383;0.0;0.0;0.34168310766292986;19.576999999999998;0.0;0.0;2.9689766019510344;1.8353229581634365;0.34168310766292986;0.21198739564838975;31.722983080622686;19.576999999999998;12.145983080622687;2.9689766019510344;1.8353229581634365;0.21198739564838975;3.4904487424533968
2026-05-12_13:58:39:984495;1778587119.9844954;150.0;-110.0;0.75;-0.9565217391304348;0.75;-0.9565217391304348;3.4164264900908905;0.5164586456196927;-11.118910150745286;1.1704003843358244;59.90838185;10.719827266666666;0.0;59.90838185;10.719827266666666;0.0;1778587119.9844954;88.707;0.0;0.20;-1.455;2.721;25.995;-9.218;-0.783;40.6;59.90850831666667;10.7198365;0.0;-14.089743622885615;-0.5166439076154556;1.5570984412072164e-05;1778587119.9844954;0.0;0.0;0.0;0.45369833905592616;25.99500000000001;0.0;0.0;2.9708334721403293;1.68704429195128;0.45369833905592616;0.0627603065637663;29.590900687051032;25.99500000000001;3.595900687051007;2.9708334721403293;1.68704429195128;0.0627603065637663;3.4164264900908905
2026-05-12_13:58:40:169518;1778587120.169518;150.0;-110.0;0.75;-0.9565217391304348;0.75;-0.9565217391304348;3.336951764280093;0.47769314472610075;-11.118910150745286;1.1704003843358244;59.90838191666667;10.71983;0.0;59.90838191666667;10.71983;0.0;1778587120.1637416;89.16;0.0;0.20;-2.796;2.425;35.483;-3.834;-3.588;38.272;59.90850831666667;10.7198365;0.0;-14.082316258155776;-0.36370238917520514;1.554481254828488e-05;1778587120.1052105;0.06430745124816895;0.0;0.0;0.6192951784851477;35.48299999999998;0.0;0.0;2.9634061074104903;1.5341027735110295;0.6192951784851477;-0.1416020337590469;27.369801095137593;35.48299999999998;-8.11319890486239;2.9634061074104903;1.5341027735110295;-0.1416020337590469;3.336951764280093
2026-05-12_13:58:40:364398;1778587120.364399;-99.5429458618164;-110.0;-0.497714729309082;-0.9565217391304348;-0.497714729309082;-0.9565217391304348;3.2647503369912574;0.4330319965537101;-11.118910150745286;1.1704003843358244;59.90838191666667;10.719832933333333;0.0;59.90838191666667;10.719832933333333;0.0;1778587120.364399;88.812;0.0;0.20;-2.241;1.737;42.463;4.264;-6.173;32.413;59.90850831666667;10.7198365;0.0;-14.082316270393129;-0.19957002881850494;1.5537721230529655e-05;1778587120.3262665;0.038132429122924805;0.0;0.0;0.7411191602743523;42.46300000000001;0.0;0.0;2.9634061196478427;1.3699704131543293;0.7411191602743523;-0.3080871637206424;24.8109057966512;42.46300000000001;-17.65209420334882;2.9634061196478427;1.3699704131543293;-0.3080871637206424;3.2647503369912574
2026-05-12_13:58:40:503184;1778587120.5031843;106.80732727050781;-110.0;0.5340366363525391;-0.9565217391304348;0.5340366363525391;-0.9565217391304348;3.2006614047655475;0.3828239339081117;-11.118910150745286;1.1704003843358244;59.908381866666666;10.71983605;0.0;59.908381866666666;10.71983605;0.0;1778587120.5031843;87.458;4.429530175426578;0.20;-0.892;0.772;48.315;5.747;-4.171;26.995;59.90850831666667;10.7198365;0.0;-14.087886812207719;-0.025179396208808935;1.5546764621454656e-05;1778587120.4637942;0.03939008712768555;0.0;0.0;0.8432558281010603;48.315;0.0;0.0;2.968976661462433;1.1955797805446333;0.8432558281010603;-0.4604318941929484;21.934195709529966;48.315;-26.38080429047002;2.968976661462433;1.1955797805446333;-0.4604318941929484;3.2006614047655475
2026-05-12_13:58:40:850791;1778587120.8507912;129.9102783203125;-110.0;0.6495513916015625;-0.9565217391304348;0.6495513916015625;-0.9565217391304348;3.1383095748544547;0.3336297132224865;-11.118910150745286;1.1704003843358244;59.9083819;10.719839050000001;0.0;59.9083819;10.719839050000001;0.0;1778587120.8346224;83.223;0.0;0.20;-0.168;0.9;52.846;1.372;2.898;20.284;59.90850831666667;10.7198365;0.0;-14.084173118738596;0.14268324510409203;1.5540113367684683e-05;1778587120.700128;0.15066313743591309;0.0;0.0;0.922336696508923;52.84599999999998;0.0;0.0;2.9652629679933096;1.0277171392317324;0.922336696508923;-0.5887069832864364;19.115574487808473;52.84599999999998;-33.7304255121915;2.9652629679933096;1.0277171392317324;-0.5887069832864364;3.1383095748544547
2026-05-12_13:58:41:061411;1778587121.0510383;-150.0;-110.0;-0.75;-0.9565217391304348;-0.75;-0.9565217391304348;3.0225368967894184;0.2430545731707781;-11.118910150745286;1.1704003843358244;59.90838218333333;10.719844416666668;0.0;59.90838218333333;10.719844416666668;0.0;1778587121.0510383;81.377;2.13652899848134;0.20;-0.538;1.837;57.048;-3.498;1.757;15.768;59.90850831666667;10.7198365;0.0;-14.052606722015529;0.4429708549856435;1.548487315705671e-05;1778587120.9826748;0.06836342811584473;0.1901299182500461;2.128052343232613;0.995675431677725;57.047999999999995;1.8891237725707426;0.997981729922782;2.933696571270243;0.7274295293501809;0.995675431677725;-0.7526208585069467;13.926001234039237;57.047999999999995;-43.12199876596075;2.933696571270243;0.7274295293501809;-0.7526208585069467;3.0225368967894184
2026-05-12_13:58:41:190605;1778587121.1900046;136.10562133789062;-110.0;0.6805281066894531;-0.9565217391304348;0.6805281066894531;-0.9565217391304348;3.0225368967894184;0.2430545731707781;-11.118910150745286;1.1704003843358244;59.90838218333333;10.719844416666668;0.0;59.90838218333333;10.719844416666668;0.0;1778587121.1900046;80.206;0.0;0.20;-0.538;1.837;57.048;-3.498;1.757;15.768;59.90850831666667;10.7198365;0.0;-14.052606722015529;0.4429708549856435;1.548487315705671e-05;1778587121.1657317;0.024272918701171875;0.0;0.0;0.995675431677725;57.047999999999995;0.0;0.0;2.933696571270243;0.7274295293501809;0.995675431677725;-0.7526208585069467;13.926001234039237;57.047999999999995;-43.12199876596075;2.933696571270243;0.7274295293501809;-0.7526208585069467;3.0225368967894184
2026-05-12_13:58:41:349270;1778587121.3492706;-150.0;-110.0;-0.75;-0.9565217391304348;-0.75;-0.9565217391304348;2.976122390756601;0.19968372690459785;-11.118910150745286;1.1704003843358244;59.908382333333336;10.719846866666666;0.0;59.908382333333336;10.719846866666666;0.0;1778587121.341834;78.361;0.0;0.20;-1.323;1.005;61.557;-0.669;-5.364;9.452;59.90850831666667;10.7198365;0.0;-14.035895092578535;0.5800586749158794;1.5458980592519822e-05;1778587121.2987607;0.05050992965698242;0.0;0.0;1.0743723276501491;61.55699999999998;0.0;0.0;2.916984941833249;0.590341709419945;1.0743723276501491;-0.874688600745551;11.441034789076383;61.55699999999998;-50.115965210923584;2.916984941833249;0.590341709419945;-0.874688600745551;2.976122390756601
2026-05-12_13:58:41:521813;1778587121.5218134;46.04728698730469;-110.0;0.23023643493652343;-0.9565217391304348;0.23023643493652343;-0.9565217391304348;2.9218212763193177;0.15801819143251908;-11.118910150745286;1.1704003843358244;59.908382616666664;10.7198492;0.0;59.908382616666664;10.7198492;0.0;1778587121.5218134;77.593;3.563545314473822;0.20;-1.323;1.005;61.557;-0.669;-5.364;9.452;59.90850831666667;10.7198365;0.0;-14.004328697290884;0.7106184990870297;1.5400755801309174e-05;1778587121.4841201;0.03769326210021973;0.0;0.0;1.0743723276501491;61.55699999999998;0.0;0.0;2.8854185465455977;0.4597818852487947;1.0743723276501491;-0.9163541362176302;9.053775455373648;61.55699999999998;-52.50322454462634;2.8854185465455977;0.4597818852487947;-0.9163541362176302;2.9218212763193177
2026-05-12_13:58:41:678035;1778587121.6780355;150.0;-110.0;0.75;-0.9565217391304348;0.75;-0.9565217391304348;2.878419733462132;0.11495296234083649;-11.118910150745286;1.1704003843358244;59.90838285;10.719851516666667;0.0;59.90838285;10.719851516666667;0.0;1778587121.6780355;77.465;3.2188526730450633;0.20;-1.323;1.005;61.557;-0.669;-5.364;9.452;59.90850831666667;10.7198365;0.0;-13.978332833898026;0.8402457522983569;1.536055191486696e-05;1778587121.6369624;0.04107308387756348;0.0;0.0;1.0743723276501491;61.55699999999998;0.0;0.0;2.85942268315274;0.33015463203746753;1.0743723276501491;-0.9594193653093126;6.5863195846562235;61.55699999999998;-54.97068041534376;2.85942268315274;0.33015463203746753;-0.9594193653093126;2.878419733462132
2026-05-12_13:58:41:909074;1778587121.892391;112.38876342773438;-110.0;0.5619438171386719;-0.9565217391304348;0.5619438171386719;-0.9565217391304348;2.8444836877800155;0.07187019926831373;-11.118910150745286;1.1704003843358244;59.90838305;10.719853766666667;0.0;59.90838305;10.719853766666667;0.0;1778587121.892391;76.208;1.3439651085601778;0.20;-0.605;0.009;65.327;2.508;1.65;7.288;59.90850831666667;10.7198365;0.0;-13.9560506580439;0.9661427237892464;1.5330435831018008e-05;1778587121.8014514;0.09093952178955078;0.24502191583645203;1.3844032716846268;1.1401712404503357;65.327;1.3602958434976573;0.35525114504285726;2.8371405072986136;0.204257660546578;1.1401712404503357;-1.0683010411820222;4.117859090838594;65.327;-61.20914090916142;2.8371405072986136;0.204257660546578;-1.0683010411820222;2.8444836877800155
2026-05-12_13:58:42:075688;1778587122.0756884;30.66468048095703;-110.0;0.15332340240478515;-0.9565217391304348;0.15332340240478515;-0.9565217391304348;2.8086582956418353;0.029564165725022934;-11.118910150745286;1.1704003843358244;59.908383316666665;10.719855933333333;0.0;59.908383316666665;10.719855933333333;0.0;1778587122.0746834;72.829;3.411920198894714;0.20;-0.405;0.36;66.08;1.29;3.242;6.035;59.90850831666667;10.7198365;0.0;-13.926341096086192;1.087376840566809;1.5284380785907103e-05;1778587122.0380995;0.03758883476257324;0.0;0.0;1.1533135697178531;66.08000000000001;0.0;0.0;2.807430945340906;0.08302354376901544;1.1533135697178531;-1.1237494039928304;1.6939019208691397;66.08000000000001;-64.38609807913089;2.807430945340906;0.08302354376901544;-1.1237494039928304;2.8086582956418353
2026-05-12_13:58:42:241763;1778587122.2417634;46.601688385009766;-110.0;0.23300844192504883;-0.9565217391304348;0.23300844192504883;-0.9565217391304348;2.768629267488439;-0.011780523302464367;-11.118910150745286;1.1704003843358244;59.908383666666666;10.719858;0.0;59.908383666666666;10.719858;0.0;1778587122.2417634;71.478;5.477625607016964;0.20;-0.76;1.214;67.384;-2.775;2.202;4.118;59.90850831666667;10.7198365;0.0;-13.887347304261127;1.2030155315328233;1.5220568809759527e-05;1778587122.2209907;0.020772695541381836;0.0;0.0;1.1760726631638594;67.38400000000003;0.0;0.0;2.7684371535158405;-0.03261514719699887;1.1760726631638594;-1.1878531864663238;-0.6749742656867268;67.38400000000003;-68.05897426568674;2.7684371535158405;-0.03261514719699887;-1.1878531864663238;2.768629267488439
2026-05-12_13:58:42:695222;1778587122.6952224;90.9349136352539;-110.0;0.45467456817626956;-0.9565217391304348;0.45467456817626956;-0.9565217391304348;2.7353715277562363;-0.05456679842323873;-11.118910150745286;1.1704003843358244;59.908384;10.719860083333334;0.0;59.908384;10.719860083333334;0.0;1778587122.6952224;67.111;0.0;0.20;-0.9;1.622;68.165;3.624;1.279;-0.471;59.90850831666667;10.7198365;0.0;-13.850210355959547;1.3195867907407801;1.5163019615016538e-05;1778587122.5428357;0.15238666534423828;0.0;0.0;1.1897036846219349;68.165;0.0;0.0;2.7313002052142608;-0.14918640640495573;1.1897036846219349;-1.2442704830451736;-3.1264472511926944;68.165;-71.29144725119271;2.7313002052142608;-0.14918640640495573;-1.2442704830451736;2.7353715277562363
2026-05-12_13:58:42:909072;1778587122.9090724;-150.0;-110.0;-0.75;-0.9565217391304348;-0.75;-0.9565217391304348;2.6649418167498444;-0.15068458990725253;-11.118910150745286;1.1704003843358244;59.908384866666665;10.719864566666667;0.0;59.908384866666665;10.719864566666667;0.0;1778587122.8941176;60.43;1.8710496159733672;0.20;-0.048;1.95;67.702;4.695;1.914;-3.672;59.90850831666667;10.7198365;0.0;-13.753654292309255;1.5704481254321916;1.5011625257521644e-05;1778587122.8195572;0.08951520919799805;0.6015577951310968;1.4376848401805777;1.1816228101852007;67.70199999999998;1.5584244108607106;-0.011083149438987139;2.634744141563969;-0.4000477410963672;1.1816228101852007;-1.332307400092453;-8.633591039345172;67.70199999999998;-76.33559103934515;2.634744141563969;-0.4000477410963672;-1.332307400092453;2.6649418167498444
2026-05-12_13:58:43:041405;1778587123.0414057;5.2289204597473145;-96.97069549560547;0.026144602298736573;-0.8432234390922214;0.026144602298736573;-0.8432234390922214;2.6152504877027676;-0.20503653748251466;-11.118910150745286;1.1704003843358244;59.90838553333333;10.719866933333334;0.0;59.90838553333333;10.719866933333334;0.0;1778587123.0414057;52.502;4.724256356015486;0.20;0.4;2.277;66.493;0.853;1.569;-7.643;59.90850831666667;10.7198365;0.0;-13.67938041449899;1.7028730520499549;1.4884560339822883e-05;1778587123.0092669;0.032138824462890625;0.0;0.0;1.1605217795285894;66.493;0.0;0.0;2.560470263753704;-0.5324726677141305;1.1605217795285894;-1.365558317011104;-11.747728243724;66.493;-78.24072824372399;2.560470263753704;-0.5324726677141305;-1.365558317011104;2.6152504877027676
2026-05-12_13:58:43:270434;1778587123.2598863;73.81524658203125;8.805055618286133;0.36907623291015623;0.07656570102857507;0.36907623291015623;0.07656570102857507;2.6152504877027676;-0.20503653748251466;-11.118910150745286;1.1704003843358244;59.90838553333333;10.719866933333334;0.0;59.90838553333333;10.719866933333334;0.0;1778587123.2598863;47.339;0.0;0.20;0.099;2.776;64.21;-0.958;2.999;-14.121;59.90850831666667;10.7198365;0.0;-13.67938041449899;1.7028730520499549;1.4884560339822883e-05;1778587123.1459897;0.11389660835266113;0.0;0.0;1.1206759127055594;64.21000000000002;0.0;0.0;2.560470263753704;-0.5324726677141305;1.1206759127055594;-1.3257124501880742;-11.747728243724;64.21000000000002;-75.95772824372403;2.560470263753704;-0.5324726677141305;-1.3257124501880742;2.6152504877027676
2026-05-12_13:58:43:397323;1778587123.3973234;150.0;95.96253204345703;0.75;0.8344568003778873;0.75;0.8344568003778873;2.54895257672425;-0.26466196829494326;-11.118910150745286;1.1704003843358244;59.908386433333334;10.719869333333333;0.0;59.908386433333334;10.719869333333333;0.0;1778587123.3973234;41.987;0.0;0.20;0.109;3.105;60.507;2.733;-0.397;-20.37;59.90850831666667;10.7198365;0.0;-13.57911069513549;1.8371631005785183;1.4707865058305458e-05;1778587123.3370192;0.06030416488647461;0.0;0.0;1.056046370504209;60.507;0.0;0.0;2.4602005443902044;-0.6667627162426939;1.056046370504209;-1.320708338799152;-15.164013780925453;60.507;-75.67101378092545;2.4602005443902044;-0.6667627162426939;-1.320708338799152;2.54895257672425
2026-05-12_13:58:43:558920;1778587123.5589201;-100.57479858398438;-106.9716567993164;-0.5028739929199219;-0.9301883199940557;-0.5028739929199219;-0.9301883199940557;2.460405874562056;-0.33603538124678994;-11.118910150745286;1.1704003843358244;59.90838766666667;10.719871916666667;0.0;59.90838766666667;10.719871916666667;0.0;1778587123.5589201;40.225;0.0;0.20;0.109;3.105;60.507;2.733;-0.397;-20.37;59.90850831666667;10.7198365;0.0;-13.441704053542917;1.981711392954359;1.4460664833571002e-05;1778587123.4736717;0.08524847030639648;0.0;0.0;1.056046370504209;60.507;0.0;0.0;2.322793902797631;-0.8113110086185347;1.056046370504209;-1.392081751750999;-19.253409112510635;60.507;-79.76040911251063;2.322793902797631;-0.8113110086185347;-1.392081751750999;2.460405874562056
2026-05-12_13:58:43:716168;1778587123.7161682;150.0;110.0;0.75;0.9565217391304348;0.75;0.9565217391304348;2.3603596467650556;-0.41564283235469135;-11.118910150745286;1.1704003843358244;59.90838913333334;10.71987445;0.0;59.90838913333334;10.71987445;0.0;1778587123.7161682;35.008;3.050737396949908;0.20;1.001;1.425;51.55;1.109;-6.225;-22.269;59.90850831666667;10.7198365;0.0;-13.278301573135384;2.1234619494956672;1.4163323858618071e-05;1778587123.647266;0.06890225410461426;0.0;0.0;0.8997172294030769;51.55;0.0;0.0;2.1593914223900974;-0.9530615651598429;0.8997172294030769;-1.3153600617577683;-23.814580078787436;51.55;-75.36458007878744;2.1593914223900974;-0.9530615651598429;-1.3153600617577683;2.3603596467650556
2026-05-12_13:58:43:957595;1778587123.9575956;150.0;110.0;0.75;0.9565217391304348;0.75;0.9565217391304348;2.2576774429986664;-0.5001516574980827;-11.118910150745286;1.1704003843358244;59.908390733333334;10.719876766666667;0.0;59.908390733333334;10.719876766666667;0.0;1778587123.9575956;27.537;4.78940040939808;0.20;0.887;0.355;47.205;-0.919;-4.755;-20.882;59.90850831666667;10.7198365;0.0;-13.100044330019841;2.253089074742781;1.3840440689527611e-05;1778587123.911576;0.046019554138183594;0.0;0.0;0.8238826734039231;47.20499999999999;0.0;0.0;1.9811341792745552;-1.0826886904069566;0.8238826734039231;-1.3240343309020057;-28.65657909111281;47.20499999999999;-75.8615790911128;1.9811341792745552;-1.0826886904069566;-1.3240343309020057;2.2576774429986664
2026-05-12_13:58:44:227555;1778587124.227555;150.0;110.0;0.75;0.9565217391304348;0.75;0.9565217391304348;2.157065137217329;-0.587448369617747;-11.118910150745286;1.1704003843358244;59.9083924;10.719878783333334;0.0;59.9083924;10.719878783333334;0.0;1778587124.227555;19.323;0.0;0.20;0.659;-0.276;42.793;-1.502;-2.196;-23.223;59.90850831666667;10.7198365;0.0;-12.914359711832656;2.3659299238243237;1.350168410851893e-05;1778587124.1018791;0.12567591667175293;0.0;0.0;0.7468787468059332;42.79299999999999;0.0;0.0;1.79544956108737;-1.1955295394884993;0.7468787468059332;-1.3343271164236803;-33.658312260938125;42.79299999999999;-76.45131226093811;1.79544956108737;-1.1955295394884993;-1.3343271164236803;2.157065137217329
2026-05-12_13:58:44:406504;1778587124.4023364;-150.0;110.0;-0.75;0.9565217391304348;-0.75;0.9565217391304348;2.058040298089891;-0.6726337958710189;-11.118910150745286;1.1704003843358244;59.908394066666666;10.719880333333334;0.0;59.908394066666666;10.719880333333334;0.0;1778587124.4023364;9.025;0.0;0.20;0.012;-0.463;37.961;-4.849;-0.224;-24.762;59.90850831666667;10.7198365;0.0;-12.728675105985053;2.45265880503106;1.3161158932462058e-05;1778587124.359313;0.04302334785461426;0.0;0.0;0.6625444373495673;37.96099999999999;0.0;0.0;1.6097649552397666;-1.2822584206952357;0.6625444373495673;-1.3351782332205862;-38.539077661273524;37.96099999999999;-76.50007766127351;1.6097649552397666;-1.2822584206952357;-1.3351782332205862;2.058040298089891
2026-05-12_13:58:44:649005;1778587124.6377513;-150.0;110.0;-0.75;0.9565217391304348;-0.75;0.9565217391304348;1.9548950168753527;-0.753324356551412;-11.118910150745286;1.1704003843358244;59.90839571666667;10.719881316666667;0.0;59.90839571666667;10.719881316666667;0.0;1778587124.6377513;6.39;0.0;0.20;0.012;-0.463;37.961;-4.849;-0.224;-24.762;59.90850831666667;10.7198365;0.0;-12.54484736659212;2.507680303973844;1.2818990302143618e-05;1778587124.5139143;0.12383699417114258;0.0;0.0;0.6625444373495673;37.96099999999999;0.0;0.0;1.425937215846833;-1.3372799196380196;0.6625444373495673;-1.4158687939009793;-43.16230623480432;37.96099999999999;-81.1233062348043;1.425937215846833;-1.3372799196380196;-1.4158687939009793;1.9548950168753527
2026-05-12_13:58:44:826534;1778587124.8265338;150.0;110.0;0.75;0.9565217391304348;0.75;0.9565217391304348;1.8535016263611375;-0.8309839759217205;-11.118910150745286;1.1704003843358244;59.9083973;10.719881883333333;0.0;59.9083973;10.719881883333333;0.0;1778587124.8205023;4.295;0.0;0.20;0.001;-1.269;28.996;6.582;-2.484;-23.161;59.90850831666667;10.7198365;0.0;-12.368447024336994;2.53938755756209;1.2487442899278278e-05;1778587124.7636995;0.06283426284790039;0.0;0.0;0.5060756699082756;28.995999999999988;0.0;0.0;1.2495368735917083;-1.3689871732262655;0.5060756699082756;-1.3370596458299961;-47.611874663315405;28.995999999999988;-76.6078746633154;1.2495368735917083;-1.3689871732262655;-1.3370596458299961;1.8535016263611375
2026-05-12_13:58:45:050255;1778587125.0413911;-150.0;110.0;-0.75;0.9565217391304348;-0.75;0.9565217391304348;1.7719821000060596;-0.9030266898903516;-11.118910150745286;1.1704003843358244;59.90839866666667;10.719882283333334;0.0;59.90839866666667;10.719882283333334;0.0;1778587125.0413911;-0.958;0.0;0.20;2.097;-0.988;24.076;7.164;2.474;-19.045;59.90850831666667;10.7198365;0.0;-12.21618567841302;2.561769127381097;1.2203476567052007e-05;1778587124.9500818;0.0913093090057373;0.0;0.0;0.42020547071015457;24.07599999999999;0.0;0.0;1.0972755276677333;-1.3913687430452728;0.42020547071015457;-1.3232321606005062;-51.739618118386154;24.07599999999999;-75.81561811838614;1.0972755276677333;-1.3913687430452728;-1.3232321606005062;1.7719821000060596
2026-05-12_13:58:45:188654;1778587125.1886547;-150.0;95.20388793945312;-0.75;0.8278598951256794;-0.75;0.8278598951256794;1.7041856215389235;-0.9724921741237941;-11.118910150745286;1.1704003843358244;59.9083999;10.719882583333334;0.0;59.9083999;10.719882583333334;0.0;1778587125.1886547;-9.613;0.0;0.20;2.411;-0.294;21.175;-1.549;3.693;-17.806;59.90850831666667;10.7198365;0.0;-12.07877910087107;2.578555287478384;1.194822279604324e-05;1778587125.1765826;0.012072086334228516;0.0;0.0;0.3695734691097994;21.175000000000004;0.0;0.0;0.9598689501257844;-1.4081549031425595;0.3695734691097994;-1.3420656432335933;-55.71969718679497;21.175000000000004;-76.89469718679497;0.9598689501257844;-1.4081549031425595;-1.3420656432335933;1.7041856215389235
2026-05-12_13:58:45:389472;1778587125.3894725;-124.5213394165039;45.686546325683594;-0.6226066970825195;0.3972743158755095;-0.6226066970825195;0.3972743158755095;1.6311551442427397;-1.0383576917836868;-11.118910150745286;1.1704003843358244;59.90840108333333;10.719882533333333;0.0;59.90840108333333;10.719882533333333;0.0;1778587125.382737;-6.029;0.0;0.20;2.411;-0.294;21.175;-1.549;3.693;-17.806;59.90850831666667;10.7198365;0.0;-11.946943072603931;2.5757574866083353;1.1699842142220973e-05;1778587125.3460891;0.04338335990905762;0.0;0.0;0.3695734691097994;21.175000000000004;0.0;0.0;0.8280329218586449;-1.4053571022725109;0.3695734691097994;-1.4079311608934861;-59.493513364151205;21.175000000000004;-80.66851336415121;0.8280329218586449;-1.4053571022725109;-1.4079311608934861;1.6311551442427397
2026-05-12_13:58:45:569370;1778587125.56937;-130.4981689453125;28.990869522094727;-0.6524908447265625;0.25209451758343243;-0.6524908447265625;0.25209451758343243;1.5691772138125608;-1.1005155255744954;-11.118910150745286;1.1704003843358244;59.90840213333333;10.719882416666668;0.0;59.90840213333333;10.719882416666668;0.0;1778587125.5648444;2.489;0.0;0.20;-1.695;1.253;16.221;-12.719;4.489;-8.877;59.90850831666667;10.7198365;0.0;-11.829961811137846;2.5692294177067847;1.1478937406828038e-05;1778587125.5356069;0.03376317024230957;0.0;0.0;0.2831098579660001;16.220999999999993;0.0;0.0;0.7110516603925596;-1.3988290333709603;0.2831098579660001;-1.3836253835404955;-63.0548949040402;16.220999999999993;-79.27589490404019;0.7110516603925596;-1.3988290333709603;-1.3836253835404955;1.5691772138125608
2026-05-12_13:58:45:840929;1778587125.8400066;-93.89352416992188;-110.0;-0.46946762084960936;-0.9565217391304348;-0.46946762084960936;-0.9565217391304348;1.528184273345698;-1.1609556821357978;-11.118910150745286;1.1704003843358244;59.90840305;10.719882466666666;0.0;59.90840305;10.719882466666666;0.0;1778587125.8390272;5.654;0.0;0.20;-2.026;2.159;13.952;7.659;1.229;-5.102;59.90850831666667;10.7198365;0.0;-11.727835308016438;2.5720270557941776;1.1291485298769999e-05;1778587125.6964264;0.14358019828796387;0.0;0.0;0.24350833723824872;13.951999999999993;0.0;0.0;0.6089251572711518;-1.4016266714583532;0.24350833723824872;-1.4044640193740465;-66.51786078811276;13.951999999999993;-80.46986078811275;0.6089251572711518;-1.4016266714583532;-1.4044640193740465;1.528184273345698
2026-05-12_13:58:45:964745;1778587125.9647458;86.56814575195312;110.0;0.43284072875976565;0.9565217391304348;0.43284072875976565;0.9565217391304348;1.5021375459425774;-1.2187687046354574;-11.118910150745286;1.1704003843358244;59.90840386666667;10.719882616666666;0.0;59.90840386666667;10.719882616666666;0.0;1778587125.9647458;0.983;0.0;0.20;-2.026;2.159;13.952;7.659;1.229;-5.102;59.90850831666667;10.7198365;0.0;-11.636849871735802;2.580420119073837;1.112754297061258e-05;1778587125.8903387;0.07440710067749023;0.0;0.0;0.24350833723824872;13.951999999999993;0.0;0.0;0.5179397209905154;-1.4100197347380128;0.24350833723824872;-1.462277041873706;-69.83030297823812;13.951999999999993;-83.7823029782381;0.5179397209905154;-1.4100197347380128;-1.462277041873706;1.5021375459425774
2026-05-12_13:58:46:182456;1778587126.1806672;-79.46923828125;-110.0;-0.39734619140625;-0.9565217391304348;-0.39734619140625;-0.9565217391304348;1.4825443154224907;-1.2734359757068474;-11.118910150745286;1.1704003843358244;59.908404616666665;10.71988275;0.0;59.908404616666665;10.71988275;0.0;1778587126.1806672;-3.921;0.0;0.20;0.124;1.4;12.272;4.353;-4.997;-5.486;59.90850831666667;10.7198365;0.0;-11.553291820742757;2.5878806176942124;1.0980012457473265e-05;1778587126.1397927;0.040874481201171875;0.0;0.0;0.21418680580474403;12.271999999999995;0.0;0.0;0.43438166999747096;-1.417480233358388;0.21418680580474403;-1.4876227815115914;-72.96250688812638;12.271999999999995;-85.23450688812638;0.43438166999747096;-1.417480233358388;-1.4876227815115914;1.4825443154224907
2026-05-12_13:58:46:344457;1778587126.3392248;-150.0;-99.8804931640625;-0.75;-0.868526027513587;-0.75;-0.868526027513587;1.4634062757154644;-1.3247849251633512;-11.118910150745286;1.1704003843358244;59.908405316666666;10.719882783333333;0.0;59.908405316666666;10.719882783333333;0.0;1778587126.3392248;-2.864;0.0;0.20;0.581;0.416;11.111;1.603;-4.315;-5.551;59.90850831666667;10.7198365;0.0;-11.475304308864722;2.5897457023827557;1.083986051320096e-05;1778587126.3023758;0.036849021911621094;0.0;0.0;0.19392353318909006;11.111000000000006;0.0;0.0;0.35639415811943564;-1.4193453180469313;0.19392353318909006;-1.5187084583524413;-75.90458497441463;11.111000000000006;-87.01558497441464;0.35639415811943564;-1.4193453180469313;-1.5187084583524413;1.4634062757154644
2026-05-12_13:58:46:490821;1778587126.4908218;-79.53394317626953;-110.0;-0.39766971588134764;-0.9565217391304348;-0.39766971588134764;-0.9565217391304348;1.4425832763406676;-1.3805200074815294;-11.118910150745286;1.1704003843358244;59.908406066666664;10.719882733333334;0.0;59.908406066666664;10.719882733333334;0.0;1778587126.4908218;0.762;0.0;0.20;0.505;0.029;10.215;-1.628;-0.401;-3.281;59.90850831666667;10.7198365;0.0;-11.391746264084087;2.5869479354035434;1.0688730022856419e-05;1778587126.4651003;0.02572154998779297;0.0;0.0;0.17828538309122077;10.215;0.0;0.0;0.2728361133388013;-1.416547551067719;0.17828538309122077;-1.5588053905727501;-79.09796996206046;10.215;-89.31296996206046;0.2728361133388013;-1.416547551067719;-1.5588053905727501;1.4425832763406676
2026-05-12_13:58:46:646284;1778587126.6455038;-17.30251121520996;26.35186004638672;-0.08651255607604981;0.22914660909901494;-0.08651255607604981;0.22914660909901494;1.4298169241364769;-1.4393374495236384;-11.118910150745286;1.1704003843358244;59.90840683333333;10.71988275;0.0;59.90840683333333;10.71988275;0.0;1778587126.6455038;8.847;2.0103773086708303;0.20;0.505;0.029;10.215;-1.628;-0.401;-3.281;59.90850831666667;10.7198365;0.0;-11.306331369965063;2.587880445265525;1.0537935561494294e-05;1778587126.6030142;0.04248952865600586;2.010257510986791;0.021946815873888706;0.17828538309122077;10.215;1.9822854494142874;-0.33490494210477983;0.18742121921977706;-1.4174800609297007;0.17828538309122077;-1.6176228326148592;-82.46796115282865;10.215;-92.68296115282864;0.18742121921977706;-1.4174800609297007;-1.6176228326148592;1.4298169241364769
2026-05-12_13:58:46:811141;1778587126.8111415;-57.990989685058594;-13.57656478881836;-0.28995494842529296;-0.11805708512015965;-0.28995494842529296;-0.11805708512015965;1.4298169241364769;-1.4393374495236384;-11.118910150745286;1.1704003843358244;59.90840683333333;10.71988275;0.0;59.90840683333333;10.71988275;0.0;1778587126.807366;15.047;0.0;0.20;0.505;0.029;10.215;-1.628;-0.401;-3.281;59.90850831666667;10.7198365;0.0;-11.306331369965063;2.587880445265525;1.0537935561494294e-05;1778587126.7789822;0.03215932846069336;0.0;0.0;0.17828538309122077;10.215;0.0;0.0;0.18742121921977706;-1.4174800609297007;0.17828538309122077;-1.6176228326148592;-82.46796115282865;10.215;-92.68296115282864;0.18742121921977706;-1.4174800609297007;-1.6176228326148592;1.4298169241364769
2026-05-12_13:58:46:969572;1778587126.9695723;-150.0;-55.143592834472656;-0.75;-0.4795095029084579;-0.75;-0.4795095029084579;1.436080844566227;-1.4906284765425628;-11.118910150745286;1.1704003843358244;59.908407483333335;10.719883;0.0;59.908407483333335;10.719883;0.0;1778587126.9695723;15.352;0.0;0.20;0.505;0.029;10.215;-1.628;-0.401;-3.281;59.90850831666667;10.7198365;0.0;-11.233914385930523;2.6018689372630295;1.0414922996915266e-05;1778587126.9301326;0.03943967819213867;0.0;0.0;0.17828538309122077;10.215;0.0;0.0;0.11500423518523739;-1.431468552927205;0.17828538309122077;-1.6689138596337836;-85.40672052790448;10.215;-95.62172052790449;0.11500423518523739;-1.431468552927205;-1.6689138596337836;1.436080844566227
2026-05-12_13:58:47:199115;1778587127.1991158;-70.63433074951172;-110.0;-0.3531716537475586;-0.9565217391304348;-0.3531716537475586;-0.9565217391304348;1.4528461750084196;-1.536364248942242;-11.118910150745286;1.1704003843358244;59.90840806666667;10.719883366666666;0.0;59.90840806666667;10.719883366666666;0.0;1778587127.1991158;13.243;0.0;0.20;-0.775;0.85;9.803;0.632;-0.053;-0.369;59.90850831666667;10.7198365;0.0;-11.168924779360262;2.6223854204712183;1.03096265320346e-05;1778587127.0966063;0.1025094985961914;0.0;0.0;0.17109462657300423;9.803000000000006;0.0;0.0;0.050014628614976075;-1.4519850361353939;0.17109462657300423;-1.7074588755152462;-88.02718725917701;9.803000000000006;-97.83018725917702;0.050014628614976075;-1.4519850361353939;-1.7074588755152462;1.4528461750084196
2026-05-12_13:58:47:389677;1778587127.38404;-150.0;-70.76654815673828;-0.75;-0.6153612883194634;-0.75;-0.6153612883194634;1.4688676809100079;-1.582255622139163;-11.118910150745286;1.1704003843358244;59.908408666666666;10.719883666666666;0.0;59.908408666666666;10.719883666666666;0.0;1778587127.3804543;13.893;0.0;0.20;-0.756;0.743;9.753;-0.373;-0.768;-0.063;59.90850831666667;10.7198365;0.0;-11.102078330553407;2.6391716237910954;1.0200550739192238e-05;1778587127.3389533;0.04508686065673828;0.0;0.0;0.17022196194700712;9.753000000000009;0.0;0.0;-0.016831820191878677;-1.468771239455271;0.17022196194700712;-1.7524775840861702;-90.65656925942038;9.753000000000009;-100.4095692594204;-0.016831820191878677;-1.468771239455271;-1.7524775840861702;1.4688676809100079
2026-05-12_13:58:47:611103;1778587127.6111035;-58.0833740234375;-110.0;-0.2904168701171875;-0.9565217391304348;-0.2904168701171875;-0.9565217391304348;1.4846248419308579;-1.6209269775763577;-11.118910150745286;1.1704003843358244;59.90840918333333;10.719883916666667;0.0;59.90840918333333;10.719883916666667;0.0;1778587127.6111035;19.624;0.0;0.20;-1.168;0.746;9.85;-1.409;0.694;0.868;59.90850831666667;10.7198365;0.0;-11.044516110113769;2.653160124818665;1.0105795608339463e-05;1778587127.5105867;0.10051679611206055;0.0;0.0;0.17191493132144142;9.849999999999998;0.0;0.0;-0.07439404063151756;-1.4827597404828405;0.17191493132144142;-1.7928419088977992;-92.87227471402193;9.849999999999998;-102.72227471402192;-0.07439404063151756;-1.4827597404828405;-1.7928419088977992;1.4846248419308579
2026-05-12_13:58:47:844121;1778587127.8441215;-132.7480010986328;-110.0;-0.663740005493164;-0.9565217391304348;-0.663740005493164;-0.9565217391304348;1.5050196741409636;-1.6561096762178695;-11.118910150745286;1.1704003843358244;59.908409666666664;10.719884216666667;0.0;59.908409666666664;10.719884216666667;0.0;1778587127.8435628;23.513;0.0;0.20;-0.22;1.166;10.003;5.884;1.013;-0.184;59.90850831666667;10.7198365;0.0;-10.99066757969161;2.6699463364563036;1.0019691891294258e-05;1778587127.8212316;0.02288985252380371;0.0;0.0;0.17458528507699267;10.002999999999993;0.0;0.0;-0.12824257105367565;-1.4995459521204793;0.17458528507699267;-1.8306949612948622;-94.88809485806121;10.002999999999993;-104.89109485806121;-0.12824257105367565;-1.4995459521204793;-1.8306949612948622;1.5050196741409636
2026-05-12_13:58:48:004691;1778587128.0043051;-150.0;-41.3994140625;-0.75;-0.35999490489130437;-0.75;-0.35999490489130437;1.5295666301141044;-1.6876818751241396;-11.118910150745286;1.1704003843358244;59.908410116666666;10.719884566666666;0.0;59.908410116666666;10.719884566666666;0.0;1778587128.0016952;7.766;0.0;0.20;0.349;1.175;9.856;4.272;-0.468;-1.549;59.90850831666667;10.7198365;0.0;-10.940532737071752;2.689530258391943;9.941370461952204e-06;1778587127.960888;0.04341721534729004;0.0;0.0;0.17201965107656125;9.856000000000007;0.0;0.0;-0.17837741367353388;-1.5191298740561185;0.17201965107656125;-1.8597015262007008;-96.69704860533804;9.856000000000007;-106.55304860533805;-0.17837741367353388;-1.5191298740561185;-1.8597015262007008;1.5295666301141044
2026-05-12_13:58:48:157685;1778587128.1576858;-150.0;-2.5742573738098145;-0.75;-0.022384846728780994;-0.75;-0.022384846728780994;1.5483205017537176;-1.715287964853849;-11.118910150745286;1.1704003843358244;59.90841051666666;10.7198848;0.0;59.90841051666666;10.7198848;0.0;1778587128.1566865;-9.566;0.0;0.20;0.215;0.617;9.295;-3.729;-4.583;-3.375;59.90850831666667;10.7198365;0.0;-10.895968435589413;2.702586198065426;9.870331988182102e-06;1778587128.1302335;0.02745223045349121;0.0;0.0;0.16222835397287305;9.295000000000007;0.0;0.0;-0.2229417151558728;-1.5321858137296016;0.16222835397287305;-1.877516318826722;-98.27876103570983;9.295000000000007;-107.57376103570984;-0.2229417151558728;-1.5321858137296016;-1.877516318826722;1.5483205017537176
2026-05-12_13:58:48:400632;1778587128.3996236;-72.20708465576172;-110.0;-0.3610354232788086;-0.9565217391304348;-0.3610354232788086;-0.9565217391304348;1.5495054763096239;-1.7394408032959805;-11.118910150745286;1.1704003843358244;59.90841085;10.719884716666666;0.0;59.90841085;10.719884716666666;0.0;1778587128.396708;-47.067;0.0;0.20;-1.021;-0.738;8.321;-6.172;-7.59;-6.04;59.90850831666667;10.7198365;0.0;-10.858831528036854;2.6979233239748988;9.806391772393397e-06;1778587128.3557677;0.043855905532836914;0.0;0.0;0.14522884705844818;8.321000000000002;0.0;0.0;-0.2600786227084324;-1.5275229396390744;0.14522884705844818;-1.8846696503544287;-99.66261674170529;8.321000000000002;-107.9836167417053;-0.2600786227084324;-1.5275229396390744;-1.8846696503544287;1.5495054763096239
2026-05-12_13:58:48:754277;1778587128.7542772;-91.43196105957031;-83.53186798095703;-0.45715980529785155;-0.7263640693996264;-0.45715980529785155;-0.7263640693996264;1.505679502009874;-1.7657250134897564;-11.118910150745286;1.1704003843358244;59.90841113333333;10.719883816666666;0.0;59.90841113333333;10.719883816666666;0.0;1778587128.748927;-124.506;0.21870723597139638;0.20;-0.718;-2.21;5.665;6.492;-1.541;-11.959;59.90850831666667;10.7198365;0.0;-10.827265191594293;2.6475645527932503;9.730213235137342e-06;1778587128.6083162;0.14596104621887207;0.050885908990564624;-0.20445336086407007;0.09887290212547883;5.665000000000004;0.030455408094015056;-0.20847786601996068;-0.2916449591509931;-1.477164168457426;0.09887290212547883;-1.8645979156152352;-101.1685910536434;5.665000000000004;-106.8335910536434;-0.2916449591509931;-1.477164168457426;-1.8645979156152352;1.505679502009874
2026-05-12_13:58:48:892323;1778587128.8923235;150.0;78.72603607177734;0.75;0.6845742267111073;0.75;0.6845742267111073;1.463826231595039;-1.7519935781340277;-11.118910150745286;1.1704003843358244;59.90841088333333;10.71988315;0.0;59.90841088333333;10.71988315;0.0;1778587128.8923235;-141.873;0.0;0.20;1.48;-0.621;0.67;2.545;6.762;-17.296;59.90850831666667;10.7198365;0.0;-10.855117900280508;2.610261796035041;9.763813975993685e-06;1778587128.8734138;0.018909692764282227;0.0;0.0;0.011693705988362169;0.6700000000000093;0.0;0.0;-0.2637922504647783;-1.4398614116992166;0.011693705988362169;-1.7636872841223898;-100.38183776110341;0.6700000000000093;-101.05183776110343;-0.2637922504647783;-1.4398614116992166;-1.7636872841223898;1.463826231595039
2026-05-12_13:58:49:042583;1778587129.042021;150.0;93.94051361083984;0.75;0.8168740313986074;0.75;0.8168740313986074;1.4048396635529874;-1.7141209451762842;-11.118910150745286;1.1704003843358244;59.90841031666667;10.719882266666668;0.0;59.90841031666667;10.719882266666668;0.0;1778587129.0406625;-146.273;8.676133070694107;0.20;1.48;-0.621;0.67;2.545;6.762;-17.296;59.90850831666667;10.7198365;0.0;-10.918250681403016;2.5608356606629714;9.851296719709524e-06;1778587129.0314212;0.010599851608276367;0.0;0.0;0.011693705988362169;0.6700000000000093;0.0;0.0;-0.20065946934226986;-1.390435276327147;0.011693705988362169;-1.7258146511646464;-98.21189573357665;0.6700000000000093;-98.88189573357666;-0.20065946934226986;-1.390435276327147;-1.7258146511646464;1.4048396635529874
2026-05-12_13:58:49:239678;1778587129.2386734;150.0;110.0;0.75;0.9565217391304348;0.75;0.9565217391304348;1.4048396635529874;-1.7141209451762842;-11.118910150745286;1.1704003843358244;59.90841031666667;10.719882266666668;0.0;59.90841031666667;10.719882266666668;0.0;1778587129.2386734;-149.588;0.0;0.20;1.48;-0.621;0.67;2.545;6.762;-17.296;59.90850831666667;10.7198365;0.0;-10.918250681403016;2.5608356606629714;9.851296719709524e-06;1778587129.174807;0.06386637687683105;0.0;0.0;0.011693705988362169;0.6700000000000093;0.0;0.0;-0.20065946934226986;-1.390435276327147;0.011693705988362169;-1.7258146511646464;-98.21189573357665;0.6700000000000093;-98.88189573357666;-0.20065946934226986;-1.390435276327147;-1.7258146511646464;1.4048396635529874
2026-05-12_13:58:49:345761;1778587129.345761;150.0;110.0;0.75;0.9565217391304348;0.75;0.9565217391304348;1.3298406537538898;-1.654762780706026;-11.118910150745286;1.1704003843358244;59.908409516666666;10.7198811;0.0;59.908409516666666;10.7198811;0.0;1778587129.345761;-155.649;0.0;0.20;-0.795;0.65;-6.635;-7.561;-1.076;-20.084;59.90850831666667;10.7198365;0.0;-11.007379310191222;2.49555586049018;9.978409415190015e-06;1778587129.345761;0.0;0.0;0.0;-0.11580259586982367;-6.6349999999999945;0.0;0.0;-0.11153084055406381;-1.3251554761543556;-0.11580259586982367;-1.5389601848362022;-94.81092342978745;-6.6349999999999945;-88.17592342978746;-0.11153084055406381;-1.3251554761543556;-1.5389601848362022;1.3298406537538898
2026-05-12_13:58:49:587682;1778587129.5819733;-128.81655883789062;-110.0;-0.6440827941894531;-0.9565217391304348;-0.6440827941894531;-0.9565217391304348;1.2608082625014017;-1.570891558431151;-11.118910150745286;1.1704003843358244;59.90840851666667;10.71987995;0.0;59.90840851666667;10.71987995;0.0;1778587129.5819733;-163.04;1.216720765507872;0.20;-0.795;0.65;-6.635;-7.561;-1.076;-20.084;59.90850831666667;10.7198365;0.0;-11.118790081911627;2.43120864112005;1.0147181088271395e-05;1778587129.4817364;0.10023689270019531;-1.1114747147403061;-0.6419514575595417;-0.11580259586982367;-6.6349999999999945;-1.0298568629219036;-0.7660760779860709;-0.000120068833659559;-1.2608082567842258;-0.11580259586982367;-1.4550889625613272;-90.0054563708335;-6.6349999999999945;-83.37045637083351;-0.000120068833659559;-1.2608082567842258;-1.4550889625613272;1.2608082625014017
2026-05-12_13:58:49:734205;1778587129.7342057;150.0;110.0;0.75;0.9565217391304348;0.75;0.9565217391304348;1.2168702181297508;-1.4608071627162995;-11.118910150745286;1.1704003843358244;59.90840731666667;10.719879033333333;0.0;59.90840731666667;10.719879033333333;0.0;1778587129.7342057;-170.562;0.0;0.20;-0.841;-0.393;-15.3;6.238;-1.536;-23.845;59.90850831666667;10.7198365;0.0;-11.252482989407397;2.3799174055235763;1.0361758990384828e-05;1778587129.676987;0.05721879005432129;0.0;0.0;-0.2670353755551327;-15.300000000000015;0.0;0.0;0.13357283866211134;-1.209517021187752;-0.2670353755551327;-1.1937717871611668;-83.69808510612447;-15.300000000000015;-68.39808510612446;0.13357283866211134;-1.209517021187752;-1.1937717871611668;1.2168702181297508
2026-05-12_13:58:50:071350;1778587130.0713508;150.0;110.0;0.75;0.9565217391304348;0.75;0.9565217391304348;1.2271893133731084;-1.2073710013387238;-11.118910150745286;1.1704003843358244;59.9084046;10.719877916666666;0.0;59.9084046;10.719877916666666;0.0;1778587130.0713508;-177.722;3.3613306248343435;0.20;0.549;-0.865;-21.182;0.984;-0.809;-23.231;59.90850831666667;10.7198365;0.0;-11.555148845039877;2.3174354371817745;1.08782911079075e-05;1778587130.0243473;0.04700350761413574;-2.8488752465231277;-0.7244536828709369;-0.3696956421574389;-21.182000000000002;-2.3946296746038342;-1.704896486706513;0.43623869429459106;-1.14703505284595;-0.3696956421574389;-0.8376753591812847;-69.17726268319294;-21.182000000000002;-47.99526268319293;0.43623869429459106;-1.14703505284595;-0.8376753591812847;1.2271893133731084
2026-05-12_13:58:50:241648;1778587130.2416482;150.0;110.0;0.75;0.9565217391304348;0.75;0.9565217391304348;1.281758183253454;-1.0921436809376939;-11.118910150745286;1.1704003843358244;59.90840321666667;10.71987775;0.0;59.90840321666667;10.71987775;0.0;1778587130.2416482;176.23;3.1752765069620104;0.20;-0.581;-0.418;-26.182;-10.082;4.245;-18.295;59.90850831666667;10.7198365;0.0;-11.709267026626604;2.308109837331995;1.1155853089306333e-05;1778587130.196233;0.04541516304016113;0.0;0.0;-0.45696210475715526;-26.181999999999995;0.0;0.0;0.5903568758813176;-1.1377094529961704;-0.45696210475715526;-0.6351815761805386;-62.57522353961224;-26.181999999999995;-36.393223539612244;0.5903568758813176;-1.1377094529961704;-0.6351815761805386;1.281758183253454
2026-05-12_13:58:50:570250;1778587130.5702507;-74.30941009521484;44.00352096557617;-0.3715470504760742;0.38263931274414065;-0.3715470504760742;0.38263931274414065;1.281758183253454;-1.0921436809376939;-11.118910150745286;1.1704003843358244;59.90840321666667;10.71987775;0.0;59.90840321666667;10.71987775;0.0;1778587130.5702507;171.302;0.0;0.20;-1.963;0.204;-28.242;-11.393;5.864;-16.544;59.90850831666667;10.7198365;0.0;-11.709267026626604;2.308109837331995;1.1155853089306333e-05;1778587130.3629732;0.20727753639221191;0.0;0.0;-0.49291588734823844;-28.241999999999994;0.0;0.0;0.5903568758813176;-1.1377094529961704;-0.49291588734823844;-0.5992277935894554;-62.57522353961224;-28.241999999999994;-34.33322353961224;0.5903568758813176;-1.1377094529961704;-0.5992277935894554;1.281758183253454
2026-05-12_13:58:50:799462;1778587130.7994628;150.0;104.90885925292969;0.75;0.9122509500254755;0.75;0.9122509500254755;1.463196743498309;-0.9302510761233552;-11.118910150745286;1.1704003843358244;59.908400666666665;10.719878383333333;0.0;59.908400666666665;10.719878383333333;0.0;1778587130.7994628;154.375;0.0;0.20;-1.821;0.768;-34.092;9.553;-0.978;-11.376;59.90850831666667;10.7198365;0.0;-11.993364365075408;2.3435476629092973;1.1697071760075062e-05;1778587130.768317;0.031145811080932617;0.0;0.0;-0.5950176485899066;-34.091999999999985;0.0;0.0;0.8744542143301217;-1.173147278573473;-0.5950176485899066;-0.33523342753344876;-53.29946054937132;-34.091999999999985;-19.20746054937134;0.8744542143301217;-1.173147278573473;-0.33523342753344876;1.463196743498309
2026-05-12_13:58:51:003439;1778587131.0034394;150.0;103.1336898803711;0.75;0.8968146946119225;0.75;0.8968146946119225;1.565192756990405;-0.8878846567045807;-11.118910150745286;1.1704003843358244;59.90839965;10.719879116666666;0.0;59.90839965;10.719879116666666;0.0;1778587131.0034394;151.362;0.0;0.20;0.529;0.823;-36.752;5.702;1.497;-8.221;59.90850831666667;10.7198365;0.0;-12.106631912260289;2.384580802710674;1.1925538239587752e-05;1778587130.9905193;0.012920141220092773;0.0;0.0;-0.641443406692956;-36.751999999999995;0.0;0.0;0.9877217615150027;-1.2141804183748497;-0.641443406692956;-0.24644125001162465;-50.87204352359445;-36.751999999999995;-14.120043523594441;0.9877217615150027;-1.2141804183748497;-0.24644125001162465;1.565192756990405
2026-05-12_13:58:51:290798;1778587131.290799;150.0;110.0;0.75;0.9565217391304348;0.75;0.9565217391304348;1.7602299133023591;-0.8340313073087312;-11.118910150745286;1.1704003843358244;59.9083979;10.719880716666667;0.0;59.90839875;10.7198799;0.0;1778587131.290799;151.298;0.0;0.20;0.38;1.167;-38.707;-4.638;0.074;-6.239;59.90850831666667;10.7198365;0.0;-12.301600631282192;2.4741076271368354;1.2333143122766899e-05;1778587131.290799;0.0;0.0;0.0;-0.6755645935694452;-38.70700000000001;0.0;0.0;1.1826904805369054;-1.303707242801011;-0.6755645935694452;-0.1584667137392861;-47.78647389056887;-38.70700000000001;-9.07947389056887;1.1826904805369054;-1.303707242801011;-0.1584667137392861;1.7602299133023591
2026-05-12_13:58:51:467489;1778587131.4674895;-150.0;-96.76947021484375;-0.75;-0.8414736540421196;-0.75;-0.8414736540421196;1.8509052724001438;-0.813260121806629;-11.118910150745286;1.1704003843358244;59.9083971;10.719881449999999;0.0;59.9083971;10.719881449999999;0.0;1778587131.4674895;151.206;2.9456169393317273;0.20;0.38;1.167;-38.707;-4.638;0.074;-6.239;59.90850831666667;10.7198365;0.0;-12.390729184647942;2.5151407579401743;1.2520107610214382e-05;1778587131.4341788;0.033310651779174805;-2.6756772565306486;1.2318321201085614;-0.6755645935694452;-38.70700000000001;-2.8582869199114946;-0.7119375230379371;1.2718190339026556;-1.34474037360435;-0.6755645935694452;-0.13769552823718367;-46.596372625815086;-38.70700000000001;-7.889372625815077;1.2718190339026556;-1.34474037360435;-0.13769552823718367;1.8509052724001438
2026-05-12_13:58:51:706767;1778587131.7067673;-150.0;-58.11143112182617;-0.75;-0.5053167923637059;-0.75;-0.5053167923637059;1.9370723579451192;-0.7958133889590373;-11.118910150745286;1.1704003843358244;59.90839635;10.71988215;0.0;59.90839635;10.71988215;0.0;1778587131.7067673;145.093;0.8929426928908492;0.20;-1.838;1.157;-40.227;-7.018;1.216;-3.596;59.90850831666667;10.7198365;0.0;-12.474287206434681;2.554308747207373;1.2699632127244342e-05;1778587131.6034207;0.10334658622741699;-0.8085223212198595;0.3789964496844486;-0.7020935981997587;-40.22699999999999;-0.8620627026913733;-0.23279722810336734;1.3553770556893951;-1.3839083628715487;-0.7020935981997587;-0.09371979075927861;-45.59674846735582;-40.22699999999999;-5.369748467355837;1.3553770556893951;-1.3839083628715487;-0.09371979075927861;1.9370723579451192
2026-05-12_13:58:51:886772;1778587131.8867726;-150.0;-26.798219680786133;-0.75;-0.23302799722422723;-0.75;-0.23302799722422723;2.033637060312245;-0.7834537414375699;-11.118910150745286;1.1704003843358244;59.90839558333333;10.719883066666666;0.0;59.90839558333333;10.719883066666666;0.0;1778587131.885593;134.798;1.843930421365716;0.20;-2.655;1.388;-40.651;-2.771;1.621;-1.428;59.90850831666667;10.7198365;0.0;-12.559702062397767;2.6056001475716677;1.2887606736455837e-05;1778587131.841782;0.04499053955078125;-1.898507037611248;1.1400485719092452;-0.7094937942282149;-40.651;-2.183066023920964;-0.37183659498986943;1.4407919116524806;-1.4351997632358433;-0.7094937942282149;-0.07395994720935484;-44.88859282810641;-40.651;-4.237592828106403;1.4407919116524806;-1.4351997632358433;-0.07395994720935484;2.033637060312245
2026-05-12_13:58:52:054296;1778587132.047585;-150.0;-57.37761306762695;-0.75;-0.4989357658054518;-0.75;-0.4989357658054518;2.1330015434288456;-0.7796380518371397;-11.118910150745286;1.1704003843358244;59.9083949;10.719884216666667;0.0;59.9083949;10.719884216666667;0.0;1778587132.047585;127.195;1.904234627297268;0.20;-1.935;1.372;-40.652;7.899;-1.729;0.615;59.90850831666667;10.7198365;0.0;-12.63583268225297;2.6699475218657382;1.3064669862394851e-05;1778587131.9962475;0.051337480545043945;-1.4829442163295312;1.2534190149361073;-0.709511247520735;-40.65200000000001;-1.9416368321666397;-0.015138947205951103;1.5169225315076833;-1.4995471375299139;-0.709511247520735;-0.07012680431640472;-44.6699699180698;-40.65200000000001;-4.017969918069794;1.5169225315076833;-1.4995471375299139;-0.07012680431640472;2.1330015434288456
2026-05-12_13:58:52:423081;1778587132.4219775;-150.0;-108.33375549316406;-0.75;-0.9420326564622962;-0.75;-0.9420326564622962;2.238261816088458;-0.7823654919769729;-11.118910150745286;1.1704003843358244;59.90839426666667;10.719885616666666;0.0;59.90839426666667;10.719885616666666;0.0;1778587132.4219775;125.576;0.45457223801093066;0.20;1.356;0.385;-40.26;10.948;-3.346;2.705;59.90850831666667;10.7198365;0.0;-12.706392752602897;2.7482834427907257;1.3238222599909477e-05;1778587132.1900477;0.23192977905273438;-0.30423031763369973;0.33775706269774014;-0.7026695568529169;-40.25999999999999;-0.4504420716741794;0.06113803755094224;1.5874826018576105;-1.5778830584549013;-0.7026695568529169;-0.07969593512405604;-44.82624072695682;-40.25999999999999;-4.566240726956828;1.5874826018576105;-1.5778830584549013;-0.07969593512405604;2.238261816088458
2026-05-12_13:58:52:592525;1778587132.592525;150.0;-110.0;0.75;-0.9565217391304348;0.75;-0.9565217391304348;2.352758653658896;-0.7865367218158223;-11.118910150745286;1.1704003843358244;59.9083936;10.719887183333334;0.0;59.9083936;10.719887183333334;0.0;1778587132.592525;132.037;0.0;0.20;0.954;1.24;-38.535;-11.094;5.919;6.874;59.90850831666667;10.7198365;0.0;-12.78066650681098;2.8359450686484626;1.3425072361350487e-05;1778587132.5540009;0.03852415084838867;0.0;0.0;-0.6725626272560148;-38.535;0.0;0.0;1.6617563560656947;-1.6655446843126382;-0.6725626272560148;-0.11397409455980778;-45.06523459210192;-38.535;-6.530234592101942;1.6617563560656947;-1.6655446843126382;-0.11397409455980778;2.352758653658896
2026-05-12_13:58:52:756792;1778587132.7567923;150.0;-110.0;0.75;-0.9565217391304348;0.75;-0.9565217391304348;2.4744755720586613;-0.7857926802140169;-11.118910150745286;1.1704003843358244;59.90839281666667;10.7198887;0.0;59.90839281666667;10.7198887;0.0;1778587132.750145;132.06;0.0;0.20;-1.823;1.983;-37.177;-13.512;1.241;6.604;59.90850831666667;10.7198365;0.0;-12.867938178124666;2.9208089983903927;1.3637788193854306e-05;1778587132.7145915;0.04220080375671387;0.0;0.0;-0.6488610560139318;-37.177;0.0;0.0;1.7490280273793797;-1.7504086140545683;-0.6488610560139318;-0.1369316242000851;-45.022604148536324;-37.177;-7.845604148536323;1.7490280273793797;-1.7504086140545683;-0.1369316242000851;2.4744755720586613
2026-05-12_13:58:52:908951;1778587132.9089513;116.8127670288086;17.840742111206055;0.5840638351440429;0.15513688792353092;0.5840638351440429;0.15513688792353092;2.588951333345824;-0.783332398440774;-11.118910150745286;1.1704003843358244;59.90839205;10.719890066666666;0.0;59.90839205;10.719890066666666;0.0;1778587132.9089513;126.664;0.0;0.20;-3.035;1.425;-36.002;-0.532;-5.269;5.44;59.90850831666667;10.7198365;0.0;-12.953353009646884;2.997279801226291;1.384638418500117e-05;1778587132.8630023;0.04594898223876953;0.0;0.0;-0.6283534373029984;-36.001999999999995;0.0;0.0;1.834442858901598;-1.8268794168904665;-0.6283534373029984;-0.15497896113777543;-44.88164038651654;-36.001999999999995;-8.879640386516535;1.834442858901598;-1.8268794168904665;-0.15497896113777543;2.588951333345824
2026-05-12_13:58:53:072818;1778587133.0728188;-150.0;-110.0;-0.75;-0.9565217391304348;-0.75;-0.9565217391304348;2.6981728073269995;-0.7839939710074901;-11.118910150745286;1.1704003843358244;59.90839136666666;10.719891466666667;0.0;59.90839136666666;10.719891466666667;0.0;1778587133.0698195;122.258;2.0569854394288294;0.20;-3.035;1.425;-36.002;-0.532;-5.269;5.44;59.90850831666667;10.7198365;0.0;-13.029483611235687;3.0756157396877057;1.4039414311994847e-05;1778587133.0289445;0.043874263763427734;-1.735199523786949;1.7854644555132873;-0.6283534373029984;-36.001999999999995;-2.4532903967883817;0.4244607617645215;1.9105734604904008;-1.9052153553518814;-0.6283534373029984;-0.1556405337044917;-44.91954570243101;-36.001999999999995;-8.917545702431015;1.9105734604904008;-1.9052153553518814;-0.1556405337044917;2.6981728073269995
2026-05-12_13:58:53:547257;1778587133.5472577;-150.0;-110.0;-0.75;-0.9565217391304348;-0.75;-0.9565217391304348;2.806096588829775;-0.7869474087451814;-11.118910150745286;1.1704003843358244;59.908390733333334;10.719892933333334;0.0;59.908390733333334;10.719892933333334;0.0;1778587133.5472577;130.7;0.5284705274985555;0.20;0.816;0.19;-34.022;10.315;1.165;3.671;59.90850831666667;10.7198365;0.0;-13.10004366939189;3.157681956518544;1.4223262262191838e-05;1778587133.3424604;0.20479726791381836;-0.34453613016896545;0.400719295070738;-0.5937959181135106;-34.02199999999999;-0.509766328567496;0.13935346674055554;1.9811335186466046;-1.9872815721827197;-0.5937959181135106;-0.1931514906316707;-45.08876521985539;-34.02199999999999;-11.066765219855391;1.9811335186466046;-1.9872815721827197;-0.1931514906316707;2.806096588829775
2026-05-12_13:58:53:692156;1778587133.6921563;150.0;-110.0;0.75;-0.9565217391304348;0.75;-0.9565217391304348;2.9982000337995656;-0.7826019634787046;-11.118910150745286;1.1704003843358244;59.90838943333333;10.7198952;0.0;59.90838943333333;10.7198952;0.0;1778587133.6696234;138.511;1.7302013529744786;0.20;1.451;1.096;-33.382;-3.704;3.001;1.986;59.90850831666667;10.7198365;0.0;-13.244877507092731;3.2845116024179695;1.4584659875360728e-05;1778587133.6696234;0.022532939910888672;0.0;0.0;-0.5826258109007472;-33.382000000000005;0.0;0.0;2.125967356347445;-2.114111218082145;-0.5826258109007472;-0.1999761525779573;-44.83978954598116;-33.382000000000005;-11.457789545981152;2.125967356347445;-2.114111218082145;-0.1999761525779573;2.9982000337995656
2026-05-12_13:58:53:871117;1778587133.871117;-150.0;-109.47926330566406;-0.75;-0.9519935939622962;-0.75;-0.9519935939622962;3.0857514526601935;-0.7778402733345771;-11.118910150745286;1.1704003843358244;59.908388783333336;10.719896116666666;0.0;59.908388783333336;10.719896116666666;0.0;1778587133.870083;135.264;1.4228897838560841;0.20;0.575;1.197;-33.113;-8.578;-0.256;2.453;59.90850831666667;10.7198365;0.0;-13.31729443464812;3.335803018462678;1.4763005293794151e-05;1778587133.8077161;0.0634009838104248;-1.1422051079195108;0.8090003176934104;-0.5779308752128824;-33.11300000000001;-1.3986554629088344;0.053636915093380755;2.1983842839028345;-2.1654026341268535;-0.5779308752128824;-0.19990939812169461;-44.566964797373615;-33.11300000000001;-11.453964797373608;2.1983842839028345;-2.1654026341268535;-0.19990939812169461;3.0857514526601935
2026-05-12_13:58:54:046842;1778587134.0468426;-150.0;-97.27920532226562;-0.75;-0.8459061332370924;-0.75;-0.8459061332370924;3.1726922891313922;-0.7739605851506767;-11.118910150745286;1.1704003843358244;59.90838815;10.71989705;0.0;59.90838815;10.71989705;0.0;1778587134.0468426;127.815;2.0768815716442046;0.20;-1.417;0.587;-32.478;-9.285;-3.987;3.606;59.90850831666667;10.7198365;0.0;-13.387854515977219;3.388027005071618;1.4937730553832296e-05;1778587134.0057101;0.041132450103759766;-1.715435894314715;1.269654165438747;-0.5668480344627183;-32.477999999999994;-2.128911232928726;0.1499298823756552;2.268944365231933;-2.2176266207357935;-0.5668480344627183;-0.2071125506879583;-44.344675038609346;-32.477999999999994;-11.866675038609346;2.268944365231933;-2.2176266207357935;-0.2071125506879583;3.1726922891313922
2026-05-12_13:58:54:229019;1778587134.2290192;-150.0;-106.94024658203125;-0.75;-0.9299151876698369;-0.75;-0.9299151876698369;3.1726922891313922;-0.7739605851506767;-11.118910150745286;1.1704003843358244;59.90838815;10.71989705;0.0;59.90838815;10.71989705;0.0;1778587134.2273328;122.161;0.0;0.20;-2.327;0.239;-31.793;-0.683;0.15;3.225;59.90850831666667;10.7198365;0.0;-13.387854515977219;3.388027005071618;1.4937730553832296e-05;1778587134.1529934;0.07602572441101074;0.0;0.0;-0.5548925290865574;-31.793000000000013;0.0;0.0;2.268944365231933;-2.2176266207357935;-0.5548925290865574;-0.21906805606411917;-44.344675038609346;-31.793000000000013;-12.551675038609329;2.268944365231933;-2.2176266207357935;-0.21906805606411917;3.1726922891313922
2026-05-12_13:58:54:690188;1778587134.690189;-150.0;-110.0;-0.75;-0.9565217391304348;-0.75;-0.9565217391304348;3.335200139238565;-0.774429258975945;-11.118910150745286;1.1704003843358244;59.90838711666667;10.7198991;0.0;59.90838711666667;10.7198991;0.0;1778587134.690189;130.501;0.1837508036095095;0.20;0.814;1.413;-30.897;8.406;0.905;0.712;59.90850831666667;10.7198365;0.0;-13.502978829267915;3.5027332304073946;1.5242078931443359e-05;1778587134.482428;0.20776081085205078;-0.2591848768068599;0.29625257586894443;-0.5392543789886881;-30.897000000000006;-0.37452902422999507;0.12112142289330813;2.3840686785226293;-2.33233284607157;-0.5392543789886881;-0.23517487998725706;-44.37152807076547;-30.897000000000006;-13.474528070765476;2.3840686785226293;-2.33233284607157;-0.23517487998725706;3.335200139238565
2026-05-12_13:58:54:930543;1778587134.930544;150.0;-110.0;0.75;-0.9565217391304348;0.75;-0.9565217391304348;3.4915131745051595;-0.7661619851841734;-11.118910150745286;1.1704003843358244;59.908385933333335;10.719900683333334;0.0;59.908385933333335;10.719900683333334;0.0;1778587134.930544;152.182;0.6721373335613866;0.20;1.111;1.243;-31.269;-2.857;-1.26;-3.146;59.90850831666667;10.7198365;0.0;-13.634814773263614;3.5913275162697884;1.557158508536105e-05;1778587134.8123643;0.1181795597076416;-0.6127704526933869;0.2761900929989822;-0.545747003806107;-31.269000000000005;-0.6671176155378782;-0.08199196426419172;2.5159046225183275;-2.420927131933964;-0.545747003806107;-0.2204149813780667;-43.897848174417845;-31.269000000000005;-12.628848174417856;2.5159046225183275;-2.420927131933964;-0.2204149813780667;3.4915131745051595
2026-05-12_13:58:55:066127;1778587135.062347;-150.0;-78.52877044677734;-0.75;-0.6828588734502378;-0.75;-0.6828588734502378;3.5739521557901157;-0.7556074195202312;-11.118910150745286;1.1704003843358244;59.90838516666667;10.719901216666667;0.0;59.90838516666667;10.719901216666667;0.0;1778587135.0603456;152.148;6.8245386591502655;0.20;-0.386;1.112;-32.129;-7.943;0.068;-4.701;59.90850831666667;10.7198365;0.0;-13.72022963727566;3.621169843276051;1.5771041359968763e-05;1778587135.047088;0.015259027481079102;0.0;0.0;-0.5607568353732582;-32.129000000000005;0.0;0.0;2.6013194865303735;-2.4507694589402265;-0.5607568353732582;-0.1948505841469732;-43.29311610728026;-32.129000000000005;-11.16411610728027;2.6013194865303735;-2.4507694589402265;-0.1948505841469732;3.5739521557901157
2026-05-12_13:58:55:246708;1778587135.2467086;-150.0;-48.236915588378906;-0.75;-0.419451439898947;-0.75;-0.419451439898947;3.664861238589929;-0.7441852815729738;-11.118910150745286;1.1704003843358244;59.90838431666667;10.719901783333334;0.0;59.90838431666667;10.719901783333334;0.0;1778587135.2467086;157.016;3.6037691910384493;0.20;-1.123;0.853;-34.376;2.385;-2.584;-11.722;59.90850831666667;10.7198365;0.0;-13.81492872538347;3.652877321454233;1.5993751874887607e-05;1778587135.218997;0.02771162986755371;0.0;0.0;-0.5999743836655709;-34.37600000000001;0.0;0.0;2.6960185746381846;-2.4824769371184088;-0.5999743836655709;-0.14421089790740282;-42.638675809886195;-34.37600000000001;-8.262675809886177;2.6960185746381846;-2.4824769371184088;-0.14421089790740282;3.664861238589929
2026-05-12_13:58:55:407331;1778587135.407332;-150.0;-78.4132080078125;-0.75;-0.6818539826766304;-0.75;-0.6818539826766304;3.664861238589929;-0.7441852815729738;-11.118910150745286;1.1704003843358244;59.90838431666667;10.719901783333334;0.0;59.90838431666667;10.719901783333334;0.0;1778587135.407332;166.412;0.0;0.20;-0.531;0.444;-36.136;5.567;-3.159;-16.111;59.90850831666667;10.7198365;0.0;-13.81492872538347;3.652877321454233;1.5993751874887607e-05;1778587135.3650506;0.042281389236450195;0.0;0.0;-0.6306921785006709;-36.136;0.0;0.0;2.6960185746381846;-2.4824769371184088;-0.6306921785006709;-0.11349310307230276;-42.638675809886195;-36.136;-6.502675809886185;2.6960185746381846;-2.4824769371184088;-0.11349310307230276;3.664861238589929
2026-05-12_13:58:55:642781;1778587135.6421585;150.0;110.0;0.75;0.9565217391304348;0.75;0.9565217391304348;3.761822084949952;-0.7283179259295925;-11.118910150745286;1.1704003843358244;59.908383316666665;10.719902166666667;0.0;59.908383316666665;10.719902166666667;0.0;1778587135.6393301;178.3;0.0;0.20;0.491;0.337;-42.666;0.976;0.873;-28.34;59.90850831666667;10.7198365;0.0;-13.926339433541129;3.67432654557094;1.624779463327286e-05;1778587135.5170786;0.12507987022399902;0.0;0.0;-0.7446621786559007;-42.666000000000004;0.0;0.0;2.8074292827958427;-2.503926161235116;-0.7446621786559007;0.016344252726308017;-41.72954329948736;-42.666000000000004;0.9364567005126389;2.8074292827958427;-2.503926161235116;0.016344252726308017;3.761822084949952
2026-05-12_13:58:55:816709;1778587135.8167093;-150.0;67.58838653564453;-0.75;0.5877251003099524;-0.75;0.5877251003099524;3.854145299307744;-0.7071515341241402;-11.118910150745286;1.1704003843358244;59.908382216666666;10.719902166666667;0.0;59.908382216666666;10.719902166666667;0.0;1778587135.8167093;-177.457;0.0;0.20;0.342;0.35;-46.292;-1.854;-0.607;-30.721;59.90850831666667;10.7198365;0.0;-14.048891235765923;3.674326667115984;1.651602835472943e-05;1778587135.809082;0.007627248764038086;0.0;0.0;-0.8079478173332149;-46.29199999999999;0.0;0.0;2.9299810850206374;-2.5039262827801596;-0.8079478173332149;0.10079628320907474;-40.51679838151465;-46.29199999999999;5.775201618485348;2.9299810850206374;-2.5039262827801596;0.10079628320907474;3.854145299307744
2026-05-12_13:58:55:985863;1778587135.9858634;150.0;55.336448669433594;0.75;0.4811865101689878;0.75;0.4811865101689878;3.9437828082626707;-0.6811701807353616;-11.118910150745286;1.1704003843358244;59.90838101666667;10.7199018;0.0;59.90838101666667;10.7199018;0.0;1778587135.9858634;176.073;0.0;0.20;0.342;0.35;-46.292;-1.854;-0.607;-30.721;59.90850831666667;10.7198365;0.0;-14.182584130984111;3.6538102541631536;1.6801228040819183e-05;1778587135.9321373;0.0537261962890625;0.0;0.0;-0.8079478173332149;-46.29199999999999;0.0;0.0;3.063673980238825;-2.4834098698273293;-0.8079478173332149;0.12677763659785324;-39.028176486299714;-46.29199999999999;7.263823513700276;3.063673980238825;-2.4834098698273293;0.12677763659785324;3.9437828082626707
2026-05-12_13:58:56:199742;1778587136.198717;150.0;80.55776977539062;0.75;0.700502345872962;0.75;0.700502345872962;4.048204615428371;-0.6557750912132994;-11.118910150745286;1.1704003843358244;59.908379716666666;10.719901533333333;0.0;59.908379716666666;10.719901533333333;0.0;1778587136.198717;162.84;0.0;0.20;-1.0;-0.855;-60.194;-1.777;-3.191;-30.81;59.90850831666667;10.7198365;0.0;-14.327418093468557;3.6388892722705557;1.711507290647063e-05;1778587136.163396;0.03532123565673828;0.0;0.0;-1.050583489945467;-60.19400000000001;0.0;0.0;3.208507942723271;-2.4684888879347313;-1.050583489945467;0.39480839873216755;-37.57314503632865;-60.19400000000001;22.620854963671363;3.208507942723271;-2.4684888879347313;0.39480839873216755;4.048204615428371
2026-05-12_13:58:56:355023;1778587136.3550239;150.0;110.0;0.75;0.9565217391304348;0.75;0.9565217391304348;4.1730097432861895;-0.6360159146670088;-11.118910150745286;1.1704003843358244;59.908378383333336;10.719901716666667;0.0;59.908378383333336;10.719901716666667;0.0;1778587136.3550239;154.089;0.0;0.20;-1.0;-0.855;-60.194;-1.777;-3.191;-30.81;59.90850831666667;10.7198365;0.0;-14.475965721239898;3.64914769178218;1.7455129278864945e-05;1778587136.325464;0.029559850692749023;0.0;0.0;-1.050583489945467;-60.19400000000001;0.0;0.0;3.3570555704946123;-2.4787473074463557;-1.050583489945467;0.4145675752784581;-36.44102761357232;-60.19400000000001;23.752972386427693;3.3570555704946123;-2.4787473074463557;0.4145675752784581;4.1730097432861895
2026-05-12_13:58:56:636809;1778587136.6321914;129.79542541503906;94.60831451416016;0.6489771270751953;0.8226809957753057;0.6489771270751953;0.8226809957753057;4.3094495349125665;-0.6229235982537973;-11.118910150745286;1.1704003843358244;59.9083771;10.71990235;0.0;59.9083771;10.71990235;0.0;1778587136.631221;147.641;0.0;0.20;-1.0;-0.855;-60.194;-1.777;-3.191;-30.81;59.90850831666667;10.7198365;0.0;-14.618942788649571;3.684585506311314;1.780334829959429e-05;1778587136.4793174;0.15287399291992188;0.0;0.0;-1.050583489945467;-60.19400000000001;0.0;0.0;3.500032637904285;-2.5141851219754896;-1.050583489945467;0.4276598916916696;-35.69089313904544;-60.19400000000001;24.50310686095457;3.500032637904285;-2.5141851219754896;0.4276598916916696;4.3094495349125665
2026-05-12_13:58:56:817946;1778587136.8179467;150.0;110.0;0.75;0.9565217391304348;0.75;0.9565217391304348;4.451105307541968;-0.6178716658253307;-11.118910150745286;1.1704003843358244;59.90837595;10.719903500000001;0.0;59.90837595;10.719903500000001;0.0;1778587136.8179467;133.434;0.0;0.20;-0.897;-0.111;-74.711;-1.628;6.049;-20.297;59.90850831666667;10.7198365;0.0;-14.74706506123076;3.748932991139241;1.813387441895742e-05;1778587136.7321916;0.0857551097869873;0.0;0.0;-1.3039529374574834;-74.711;0.0;0.0;3.628154910485474;-2.5785326068034164;-1.3039529374574834;0.6860812716321529;-35.40143873250903;-74.711;39.30956126749098;3.628154910485474;-2.5785326068034164;0.6860812716321529;4.451105307541968
2026-05-12_13:58:56:998338;1778587136.9971642;150.0;110.0;0.75;0.9565217391304348;0.75;0.9565217391304348;4.59185001404384;-0.6205080401006571;-11.118910150745286;1.1704003843358244;59.90837498333333;10.719905133333333;0.0;59.90837498333333;10.719905133333333;0.0;1778587136.9864101;127.193;0.0;0.20;-1.234;0.455;-76.92;-2.924;4.215;-17.346;59.90850831666667;10.7198365;0.0;-14.854762006808784;3.8403250014404597;1.8438536455001042e-05;1778587136.9646485;0.032515764236450195;0.0;0.0;-1.3425072606340382;-76.92;0.0;0.0;3.7358518560634977;-2.6699246171046354;-1.3425072606340382;0.7219992205333812;-35.552491851702094;-76.92;41.36750814829791;3.7358518560634977;-2.6699246171046354;0.7219992205333812;4.59185001404384
2026-05-12_13:58:57:144725;1778587137.144725;108.2843017578125;110.0;0.5414215087890625;0.9565217391304348;0.5414215087890625;0.9565217391304348;4.721380976705286;-0.6264051684103664;-11.118910150745286;1.1704003843358244;59.908374183333336;10.719906883333334;0.0;59.908374183333336;10.719906883333334;0.0;1778587137.144725;120.599;0.0;0.20;-1.654;0.473;-79.941;-0.931;-1.036;-13.72;59.90850831666667;10.7198365;0.0;-14.943890485669005;3.9382449906389665;1.8705272847086007e-05;1778587137.1120303;0.03269481658935547;0.0;0.0;-1.395233657336787;-79.941;0.0;0.0;3.824980334923719;-2.767844606303142;-1.395233657336787;0.7688284889264203;-35.890372415095555;-79.941;44.05062758490443;3.824980334923719;-2.767844606303142;0.7688284889264203;4.721380976705286
2026-05-12_13:58:57:295175;1778587137.2941947;-150.0;71.99613189697266;-0.75;0.6260533208432405;-0.75;0.6260533208432405;4.843738930136692;-0.6338119951229808;-11.118910150745286;1.1704003843358244;59.908373483333335;10.719908683333333;0.0;59.908373483333335;10.719908683333333;0.0;1778587137.2941947;115.643;0.0;0.20;-1.654;0.473;-79.941;-0.931;-1.036;-13.72;59.90850831666667;10.7198365;0.0;-15.021877887942466;4.038962683767313;1.8951994294802432e-05;1778587137.26869;0.025504589080810547;0.0;0.0;-1.395233657336787;-79.941;0.0;0.0;3.90296773719718;-2.8685622994314883;-1.395233657336787;0.7614216622138059;-36.314752325313115;-79.941;43.62624767468687;3.90296773719718;-2.8685622994314883;0.7614216622138059;4.843738930136692
