;current_time;tau_X;tau_N;controller_X_cmd;controller_N_cmd;PMARMAN_X;PMARMAN_N;distance_to_target;yaw_setpoint;target_north_from_observer;target_east_from_observer;lat;lon;height;previous_lat;previous_lon;previous_height;last_speed_update;current_course_over_ground;current_speed;current_fuel_capacity;current_orientation_1;current_orientation_2;current_orientation_3;current_rotational_velocities_1;current_rotational_velocities_2;current_rotational_velocities_3;observer_lat;observer_lon;observer_height;north_from_observer;east_from_observer;down_from_observer;previous_time;cycle_time;speed_n;speed_e;yaw_rad;yaw_deg_wrapped;speed_surge;speed_sway;north_error;east_error;current_angle;heading_error;yaw_setpoint_deg;current_angle_deg;heading_error_deg;drl_x_rel;drl_y_rel;drl_yaw_rel;drl_distance_to_target
2026-05-12_14:08:47:616079;1778587727.616079;0.0;0.0;0.0;0.0;0.0;0.0;10.053964564349396;2.5402883077003326;-8.258916959284331;5.638287919186609;59.90853615;10.719683316666666;0.0;59.90853615;10.719683316666666;0.0;1778587727.616079;-58.472;0.0;0.0;-0.085;0.842;145.679;4.007;-0.101;3.085;59.90853586666667;10.7196842;0.0;0.03156637492906538;-0.04942599295096248;-1.6553306989020022e-10;1778587727.5525734;0.06350564956665039;0.0;0.0;2.5425782010128195;145.679;0.0;-0.0;-8.290483334213397;5.687713912137571;2.5425782010128195;-0.002289893312486857;145.5477987776593;145.679;-0.13120122234072867;-8.290483334213397;5.687713912137571;-0.002289893312486857;10.053964564349396
2026-05-12_14:08:50:699035;1778587730.6990352;150.0;-27.664777755737305;0.75;-0.2405632848324983;0.75;-0.2405632848324983;10.763597821113262;2.5238378011479115;-8.34349127807213;5.514404164797344;59.908539733333335;10.719671333333334;0.0;59.908539733333335;10.719671333333334;0.0;1778587730.6990352;-46.281;0.0;0.19;-0.427;0.338;153.811;-4.972;2.898;2.83;59.90853586666667;10.7196842;0.0;0.4307882315186981;-0.7199408001728071;5.622460563792231e-08;1778587730.685763;0.013272285461425781;0.0;0.0;2.684508375784999;153.81100000000004;0.0;-0.0;-8.774279509590828;6.234344964970151;2.684508375784999;-0.16067057463708734;144.60525418135325;153.81100000000004;-9.205745818646793;-8.774279509590828;6.234344964970151;-0.16067057463708734;10.763597821113262
2026-05-12_14:08:50:895782;1778587730.8957827;148.29917907714844;43.46648025512695;0.7414958953857422;0.3779693935228431;0.7414958953857422;0.3779693935228431;10.805419355234902;2.5364667942374126;-8.42806559685993;5.390520410408079;59.908539983333334;10.719670683333334;0.0;59.908539983333334;10.719670683333334;0.0;1778587730.8957827;-40.018;0.0;0.19;-1.439;1.424;154.228;-3.248;5.618;2.023;59.90853586666667;10.7196842;0.0;0.4586409228026365;-0.7563108607325134;6.050129661150372e-08;1778587730.888941;0.0068416595458984375;0.0;0.0;2.6917863987658146;154.228;0.0;-0.0;-8.886706519662567;6.146831271140592;2.6917863987658146;-0.155319604528402;145.32884218488155;154.228;-8.899157815118462;-8.886706519662567;6.146831271140592;-0.155319604528402;10.805419355234902
2026-05-12_14:08:51:104671;1778587731.104672;149.22540283203125;43.921173095703125;0.7461270141601563;0.38192324431046193;0.7461270141601563;0.38192324431046193;10.850969512746435;2.5496395952168465;-8.51263991564773;5.266636656018814;59.90854028333333;10.719670116666666;0.0;59.90854028333333;10.719670116666666;0.0;1778587731.104672;-44.015;2.6005987641920507;0.19;-1.439;1.424;154.228;-3.248;5.618;2.023;59.90853586666667;10.7196842;0.0;0.4920641474709759;-0.7880180907199368;6.862238904892237e-08;1778587731.1006505;0.004021406173706055;0.0;0.0;2.6917863987658146;154.228;0.0;-0.0;-9.004704063118705;6.05465474673875;2.6917863987658146;-0.14214680354896814;146.0835880853689;154.228;-8.144411914631107;-9.004704063118705;6.05465474673875;-0.14214680354896814;10.850969512746435
2026-05-12_14:08:51:306600;1778587731.306601;149.07977294921875;45.30658721923828;0.7453988647460937;0.3939703236455503;0.7453988647460937;0.3939703236455503;10.888041322004;2.5622835999824485;-8.59721423443553;5.142752901629549;59.90854048333333;10.719669583333333;0.0;59.90854048333333;10.719669583333333;0.0;1778587731.306601;-51.59;2.567406340788241;0.19;-1.439;1.424;154.228;-3.248;5.618;2.023;59.90853586666667;10.7196842;0.0;0.5143463009016201;-0.817860191044159;7.292339385123192e-08;1778587731.292095;0.014506101608276367;1.536053864253324;-2.057210209198863;2.6917863987658146;154.228;-2.2777212975522785;1.1847198020613834;-9.11156053533715;5.960613092673707;2.6917863987658146;-0.12950279878336612;146.8080361945812;154.228;-7.419963805418811;-9.11156053533715;5.960613092673707;-0.12950279878336612;10.888041322004
2026-05-12_14:08:51:562132;1778587731.5621321;146.2382049560547;48.551368713378906;0.7311910247802734;0.422185814898947;0.7311910247802734;0.422185814898947;10.923144597289655;2.574421947390902;-8.68178855322333;5.0188691472402835;59.90854063333333;10.719669016666666;0.0;59.90854063333333;10.719669016666666;0.0;1778587731.5621321;-42.238;0.0;0.19;-0.171;0.273;155.621;-1.143;-3.119;2.654;59.90853586666667;10.7196842;0.0;0.5310579180830899;-0.8495674238947437;7.817826871980849e-08;1778587731.5052907;0.056841373443603516;0.0;0.0;2.716098835246096;155.62100000000004;0.0;-0.0;-9.212846471306419;5.868436571135027;2.716098835246096;-0.14167688785519417;147.50351227134914;155.62100000000004;-8.117487728650895;-9.212846471306419;5.868436571135027;-0.14167688785519417;10.923144597289655
2026-05-12_14:08:51:740128;1778587731.7401285;150.0;-5.256009101867676;0.75;-0.0457044269727624;0.75;-0.0457044269727624;10.963107700222338;2.586965434016632;-8.766362872011129;4.8949853928510185;59.90854083333333;10.719668500000001;0.0;59.90854083333333;10.719668500000001;0.0;1778587731.7401285;-45.503;0.0;0.19;-0.171;0.273;155.621;-1.143;-3.119;2.654;59.90853586666667;10.7196842;0.0;0.5533400704003009;-0.8784769575832534;8.506323667667459e-08;1778587731.7401285;0.0;0.0;0.0;2.716098835246096;155.62100000000004;0.0;-0.0;-9.31970294241143;5.773462350434272;2.716098835246096;-0.12913340122946382;148.22220111538226;155.62100000000004;-7.398798884617753;-9.31970294241143;5.773462350434272;-0.12913340122946382;10.963107700222338
2026-05-12_14:08:51:977949;1778587731.9779499;145.77294921875;59.16135787963867;0.72886474609375;0.5144465902577275;0.72886474609375;0.5144465902577275;11.004155202327041;2.599183606394024;-8.850937190798929;4.7711016384617535;59.90854101666667;10.71966795;0.0;59.90854101666667;10.71966795;0.0;1778587731.9779499;-51.214;0.0;0.19;-0.171;0.273;155.621;-1.143;-3.119;2.654;59.90853586666667;10.7196842;0.0;0.5737653796091925;-0.90925162310956;9.073326576181096e-08;1778587731.9133842;0.06456565856933594;0.0;0.0;2.716098835246096;155.62100000000004;0.0;-0.0;-9.42470257040812;5.680353261571313;2.716098835246096;-0.11691522885207206;148.92225082597014;155.62100000000004;-6.6987491740298815;-9.42470257040812;5.680353261571313;-0.11691522885207206;11.004155202327041
2026-05-12_14:08:52:296493;1778587732.295485;150.0;-12.202835083007812;0.75;-0.10611160941745924;0.75;-0.10611160941745924;11.04919218323086;2.610945121588155;-8.935511509586728;4.6472178840724885;59.9085412;10.719667316666667;0.0;59.9085412;10.719667316666667;0.0;1778587732.295485;-44.561;0.0;0.19;-0.274;1.382;157.259;-4.536;-2.001;3.113;59.90853586666667;10.7196842;0.0;0.5941906889919689;-0.9446891169759255;9.75804497205246e-08;1778587732.1644998;0.13098526000976562;0.0;0.0;2.7446873283937627;157.25900000000001;0.0;-0.0;-9.529702198578697;5.591907001048414;2.7446873283937627;-0.13374220680560756;149.59613600727286;157.25900000000001;-7.662863992727148;-9.529702198578697;5.591907001048414;-0.13374220680560756;11.04919218323086
2026-05-12_14:08:52:699817;1778587732.6998172;138.84808349609375;38.429443359375;0.6942404174804687;0.3341690726902174;0.6942404174804687;0.3341690726902174;11.120215065353849;2.6214516283870526;-9.020085828374528;4.5233341296832235;59.908541516666666;10.719666266666668;0.0;59.908541516666666;10.719666266666668;0.0;1778587732.6998172;-39.159;0.0;0.19;-1.657;0.898;158.133;3.116;3.228;1.877;59.90853586666667;10.7196842;0.0;0.6294707688902113;-1.0034407504713172;1.1071152866692913e-07;1778587732.4643316;0.23548555374145508;0.0;0.0;2.759941506056194;158.13300000000004;0.0;-0.0;-9.64955659726474;5.526774880154541;2.759941506056194;-0.13848987766914123;150.1981145042752;158.13300000000004;-7.934885495724859;-9.64955659726474;5.526774880154541;-0.13848987766914123;11.120215065353849
2026-05-12_14:08:52:974115;1778587732.9741151;133.438720703125;18.451719284057617;0.667193603515625;0.16044973290484885;0.667193603515625;0.16044973290484885;11.196601477395957;2.6318401038769137;-9.104660147162328;4.399450375293958;59.90854186666667;10.719665183333333;0.0;59.90854186666667;10.719665183333333;0.0;1778587732.9741151;-81.45;0.0;0.19;0.39;2.738;159.158;2.747;3.271;3.427;59.90853586666667;10.7196842;0.0;0.6684645423274327;-1.0640575131702845;1.240572877203583e-07;1778587732.9053326;0.06878256797790527;0.0;0.0;2.777831130889135;159.15800000000002;0.0;-0.0;-9.77312468948976;5.4635078884642425;2.777831130889135;-0.14599102701222133;150.79333030541932;159.15800000000002;-8.364669694580678;-9.77312468948976;5.4635078884642425;-0.14599102701222133;11.196601477395957
2026-05-12_14:08:53:214810;1778587733.2148106;150.0;-16.351518630981445;0.75;-0.14218711853027344;0.75;-0.14218711853027344;11.230550724809031;2.642993741096654;-9.189234465950127;4.275566620904693;59.908541916666664;10.719664633333334;0.0;59.908541916666664;10.719664633333334;0.0;1778587733.2099679;167.306;0.0;0.19;-0.157;3.048;159.684;-4.592;0.284;1.654;59.90853586666667;10.7196842;0.0;0.6740350877994576;-1.0948321811010857;1.3060066567094353e-07;1778587733.169843;0.0449676513671875;0.0;0.0;2.787011562754625;159.68399999999997;0.0;-0.0;-9.863269553749586;5.370398802005779;2.787011562754625;-0.14401782165797083;151.43238664433048;159.68399999999997;-8.251613355669509;-9.863269553749586;5.370398802005779;-0.14401782165797083;11.230550724809031
2026-05-12_14:08:53:566233;1778587733.5640714;136.1463165283203;50.2687873840332;0.6807315826416016;0.4371198902959409;0.6807315826416016;0.4371198902959409;11.184437632756397;2.6525763750404874;-9.273808784737927;4.151682866515428;59.90854125;10.7196645;0.0;59.90854125;10.7196645;0.0;1778587733.5640714;175.043;2.081769392155889;0.19;-2.037;3.007;161.589;-3.355;2.469;8.296;59.90853586666667;10.7196842;0.0;0.5997612687453948;-1.1022927291620854;1.229128457902462e-07;1778587733.5378997;0.02617168426513672;-2.1994080083514733;0.10689721565327916;2.820260085005117;161.589;2.1205936519118027;0.5932159517295387;-9.873570053483322;5.253975595677514;2.820260085005117;-0.16768370996462956;151.98143112593092;161.589;-9.60756887406906;-9.873570053483322;5.253975595677514;-0.16768370996462956;11.184437632756397
2026-05-12_14:08:53:756152;1778587733.7561524;88.98328399658203;49.06747817993164;0.44491641998291015;0.4266737233037534;0.44491641998291015;0.4266737233037534;11.09838669822231;2.661359983129688;-9.358383103525727;4.027799112126163;59.908540216666665;10.719664550000001;0.0;59.908540216666665;10.719664550000001;0.0;1778587733.7551525;171.772;0.0;0.19;-1.962;4.109;163.101;2.751;6.029;6.791;59.90853586666667;10.7196842;0.0;0.48463684538247287;-1.0994950659635956;1.12060817181181e-07;1778587733.7386162;0.017536163330078125;0.0;0.0;2.8466494632952717;163.10100000000003;0.0;-0.0;-9.8430199489082;5.127294178089759;2.8466494632952717;-0.18528948016558378;152.4846947983391;163.10100000000003;-10.616305201660929;-9.8430199489082;5.127294178089759;-0.18528948016558378;11.09838669822231
2026-05-12_14:08:54:051905;1778587734.051905;22.230234146118164;34.06010437011719;0.11115117073059082;0.2961748206097147;0.11115117073059082;0.2961748206097147;10.720717480254063;2.6613352114228674;-9.442957422313526;3.9039153577368984;59.90853645;10.71966545;0.0;59.90853645;10.71966545;0.0;1778587734.051457;166.572;8.003087293976721;0.19;-0.658;4.933;164.014;6.173;0.61;2.802;59.90853586666667;10.7196842;0.0;0.06498974187644639;-1.0491366321373112;8.609794982517016e-08;1778587734.021166;0.03073883056640625;-1.4826292107103602;0.10747087625825191;2.86258431936598;164.014;1.4548922278748535;0.30500487039502777;-9.507947164189973;4.95305198987421;2.86258431936598;-0.20124910794311246;152.48327548408693;164.014;-11.530724515913075;-9.507947164189973;4.95305198987421;-0.20124910794311246;10.720717480254063
2026-05-12_14:08:54:450438;1778587734.450439;-150.0;94.30406951904297;-0.75;0.8200353871221128;-0.75;0.8200353871221128;10.133448498709662;2.6597676431805044;-9.527531741101326;3.7800316033476333;59.90853095;10.719667833333332;0.0;59.90853095;10.719667833333332;0.0;1778587734.450439;166.192;177.72020417014426;0.19;-0.574;3.727;164.975;-5.937;-0.819;3.271;59.90853586666667;10.7196842;0.0;-0.5477693182680724;-0.9157798606565296;8.9673385827993e-08;1778587734.4469104;0.003528594970703125;0.0;0.0;2.879356933477645;164.975;0.0;-0.0;-8.979762422833254;4.695811464004163;2.879356933477645;-0.21958929029714058;152.3934604397008;164.975;-12.581539560299195;-8.979762422833254;4.695811464004163;-0.21958929029714058;10.133448498709662
2026-05-12_14:08:54:744256;1778587734.744256;-150.0;89.8005142211914;-0.75;0.7808740367060122;-0.75;0.7808740367060122;10.152079764631772;2.6744421262437883;-9.612106059889125;3.6561478489583683;59.90853095;10.719667833333332;0.0;59.90853095;10.719667833333332;0.0;1778587734.744256;167.355;0.0;0.19;-0.574;3.727;164.975;-5.937;-0.819;3.271;59.90853586666667;10.7196842;0.0;-0.5477693182680724;-0.9157798606565296;8.9673385827993e-08;1778587734.613806;0.13045001029968262;0.0;0.0;2.879356933477645;164.975;0.0;-0.0;-9.064336741621053;4.571927709614898;2.879356933477645;-0.2049148072338567;153.23424638576319;164.975;-11.74075361423682;-9.064336741621053;4.571927709614898;-0.2049148072338567;10.152079764631772
2026-05-12_14:08:55:068409;1778587735.0684097;-150.0;90.58386993408203;-0.75;0.7876858255137568;-0.75;0.7876858255137568;9.507958146530623;2.670240175675995;-9.696680378676925;3.5322640945691033;59.90852486666667;10.719670166666667;0.0;59.90852486666667;10.719670166666667;0.0;1778587735.0684097;172.251;0.0;0.19;-1.851;2.542;167.11;3.096;-7.478;4.77;59.90853586666667;10.7196842;0.0;-1.225517963157713;-0.7852207572946251;1.6601814512018365e-07;1778587734.9627683;0.10564136505126953;0.0;0.0;2.9166197130077247;167.11000000000004;0.0;-0.0;-8.471162415519212;4.317484851863728;2.9166197130077247;-0.2463795373317299;152.993492352506;167.11000000000004;-14.116507647494032;-8.471162415519212;4.317484851863728;-0.2463795373317299;9.507958146530623
2026-05-12_14:08:55:308039;1778587735.3080392;-150.0;90.93334197998047;-0.75;0.7907247128693954;-0.75;0.7907247128693954;8.93822357411977;2.661134261597041;-9.781254697464725;3.4083803401798383;59.90851921666667;10.719671283333334;0.0;59.90851921666667;10.719671283333334;0.0;1778587735.3080392;173.054;0.0;0.19;-0.299;2.085;169.368;0.132;3.722;6.243;59.90853586666667;10.7196842;0.0;-1.854988607742543;-0.7227389434853795;3.103258446879309e-07;1778587735.2913418;0.016697406768798828;0.0;0.0;2.9560292475177565;169.36800000000002;0.0;-0.0;-7.926266089722182;4.1311192836652175;2.9560292475177565;-0.2948949859207155;152.4717619071732;169.36800000000002;-16.89623809282683;-7.926266089722182;4.1311192836652175;-0.2948949859207155;8.93822357411977
2026-05-12_14:08:55:535776;1778587735.5357761;-150.0;79.41365051269531;-0.75;0.6905534827190897;-0.75;0.6905534827190897;8.689186072192053;2.665536693973646;-9.865829016252524;3.2844965857905732;59.908516633333335;10.719671733333334;0.0;59.908516633333335;10.719671733333334;0.0;1778587735.5347762;172.617;0.0;0.19;-0.678;2.658;170.207;-3.887;3.191;4.539;59.90853586666667;10.7196842;0.0;-2.142799669489726;-0.6975597054008147;3.9804892204564624e-07;1778587735.496741;0.03903508186340332;0.0;0.0;2.9706725599419883;170.207;0.0;-0.0;-7.723029346762798;3.982056291191388;2.9706725599419883;-0.3051358659683423;152.7240027019444;170.207;-17.48299729805558;-7.723029346762798;3.982056291191388;-0.3051358659683423;8.689186072192053
2026-05-12_14:08:55:767365;1778587735.7659557;-150.0;75.36217498779297;-0.75;0.6553232607634171;-0.75;0.6553232607634171;8.444830065946974;2.6710901761126373;-9.950403335040324;3.160612831401308;59.908514116666666;10.719672266666667;0.0;59.908514116666666;10.719672266666667;0.0;1778587735.7641304;173.616;0.0;0.19;-1.468;2.707;170.907;-2.999;-2.277;3.427;59.90853586666667;10.7196842;0.0;-2.4231833485444447;-0.6677176294678874;4.944239717641352e-07;1778587735.7268033;0.03915238380432129;0.0;0.0;2.9828898647059496;170.90700000000004;0.0;-0.0;-7.527219986495879;3.8283304608691955;2.9828898647059496;-0.3117996885933123;153.0421937901099;170.90700000000004;-17.86480620989015;-7.527219986495879;3.8283304608691955;-0.3117996885933123;8.444830065946974
2026-05-12_14:08:56:003252;1778587736.0032525;-150.0;89.05145263671875;-0.75;0.7743604577105978;-0.75;0.7743604577105978;8.199102998977647;2.67636474277915;-10.034977653828124;3.036729077012043;59.90851156666667;10.719672733333333;0.0;59.90851156666667;10.719672733333333;0.0;1778587736.0032525;177.487;0.0;0.19;-1.56;1.575;171.805;0.964;-7.434;5.284;59.90853586666667;10.7196842;0.0;-2.7072807166786728;-0.6416058159979446;6.060852237865788e-07;1778587735.9559612;0.04729127883911133;0.0;0.0;2.9985629213888583;171.80500000000004;0.0;-0.0;-7.327696937149451;3.6783348930099877;2.9985629213888583;-0.3221981786097081;153.34440419886147;171.80500000000004;-18.460595801138552;-7.327696937149451;3.6783348930099877;-0.3221981786097081;8.199102998977647
2026-05-12_14:08:56:262903;1778587736.2558012;-150.0;72.28543090820312;-0.75;0.6285689644191577;-0.75;0.6285689644191577;7.960247315551491;2.6797616951994736;-10.119551972615923;2.912845322622778;59.908509;10.719672866666667;0.0;59.908509;10.719672866666667;0.0;1778587736.2557025;177.813;0.0;0.19;-0.947;-0.212;173.11;3.026;-5.925;5.534;59.90853586666667;10.7196842;0.0;-2.9932349281064337;-0.634145332267398;7.336464824536648e-07;1778587736.2271495;0.028651714324951172;0.0;0.0;3.021339468127384;173.11;0.0;-0.0;-7.12631704450949;3.546990654890176;3.021339468127384;-0.3415777729279106;153.53903523575275;173.11;-19.570964764247265;-7.12631704450949;3.546990654890176;-0.3415777729279106;7.960247315551491
2026-05-12_14:08:56:702454;1778587736.7004476;-150.0;69.66700744628906;-0.75;0.6058000647503397;-0.75;0.6058000647503397;7.4837605590776;2.664555374252758;-10.204126291403723;2.788961568233513;59.90850395;10.719672633333333;0.0;59.90850395;10.719672633333333;0.0;1778587736.699941;179.836;0.0;0.19;-1.293;0.036;175.355;-2.555;4.24;6.971;59.90853586666667;10.7196842;0.0;-3.5558591179077603;-0.6472013637913161;1.0232905733875697e-06;1778587736.5458498;0.15459775924682617;0.0;0.0;3.060522109834656;175.35499999999996;0.0;-0.0;-6.648267173495963;3.4361629320248293;3.060522109834656;-0.39596673558189766;152.66777722358458;175.35499999999996;-22.68722277641538;-6.648267173495963;3.4361629320248293;-0.39596673558189766;7.4837605590776
2026-05-12_14:08:56:947557;1778587736.9463284;-150.0;85.21809387207031;-0.75;0.741026903235394;-0.75;0.741026903235394;7.038625945296342;2.6478800587487603;-10.288700610191523;2.665077813844248;59.90849915;10.719672216666666;0.0;59.90849915;10.719672216666666;0.0;1778587736.9463284;-177.642;4.370403301358054;0.19;-1.739;-0.007;178.664;2.352;-5.723;7.548;59.90853586666667;10.7196842;0.0;-4.090630622689654;-0.6705156307810718;1.3458729588577967e-06;1778587736.885027;0.061301469802856445;0.0;0.0;3.1182750547831493;178.66400000000002;0.0;-0.0;-6.198069987501869;3.33559344462532;3.1182750547831493;-0.47039499603438895;151.71235202315643;178.66400000000002;-26.95164797684358;-6.198069987501869;3.33559344462532;-0.47039499603438895;7.038625945296342
2026-05-12_14:08:57:216217;1778587737.216217;-150.0;63.948829650878906;-0.75;0.5560767795728601;-0.75;0.5560767795728601;6.831180321796963;2.648410945819516;-10.373274928979322;2.541194059454983;59.908496766666666;10.719671816666667;0.0;59.908496766666666;10.719671816666667;0.0;1778587737.215217;-174.599;0.0;0.19;-0.905;-1.114;-179.451;3.784;-3.362;8.025;59.90853586666667;10.7196842;0.0;-4.356159527773473;-0.6928972870405726;1.5248053166772024e-06;1778587737.1740851;0.042131900787353516;0.0;0.0;-3.132010795996344;-179.451;-0.0;0.0;-6.017115401205849;3.2340913464955556;-3.132010795996344;-0.5027635653637255;151.7427696117088;-179.451;-28.806230388291166;-6.017115401205849;3.2340913464955556;-0.5027635653637255;6.831180321796963
2026-05-12_14:08:57:577128;1778587737.5771282;-150.0;79.13326263427734;-0.75;0.6881153272545856;-0.75;0.6881153272545856;6.644821882830717;2.6495632186755578;-10.457849247767122;2.417310305065718;59.90849456666667;10.7196713;0.0;59.90849456666667;10.7196713;0.0;1778587737.5736918;-170.82;0.0;0.19;-0.463;-0.952;-177.745;0.613;4.579;9.952;59.90853586666667;10.7196842;0.0;-4.601263130159458;-0.7218069118586754;1.700252710179484e-06;1778587737.394208;0.18292021751403809;0.0;0.0;-3.102235478957321;-177.745;-0.0;0.0;-5.856586117607664;3.1391172169243937;-3.102235478957321;-0.5313866095467077;151.80878998320748;-177.745;-30.44621001679253;-5.856586117607664;3.1391172169243937;-0.5313866095467077;6.644821882830717
2026-05-12_14:08:57:797887;1778587737.797888;-150.0;58.25482940673828;-0.75;0.5065637339716372;-0.75;0.5065637339716372;6.32897504289505;2.627334622403065;-10.542423566554922;2.293426550676453;59.9084907;10.71966955;0.0;59.9084907;10.71966955;0.0;1778587737.797888;-161.243;0.0;0.19;-0.983;0.571;-173.329;-2.553;0.736;14.305;59.90853586666667;10.7196842;0.0;-5.032051268039187;-0.819726549532213;2.03627720241073e-06;1778587737.7760139;0.021874189376831055;0.0;0.0;-3.025161739189252;-173.32900000000004;-0.0;0.0;-5.510372298515734;3.113153100208666;-3.025161739189252;-0.63068894558727;150.5351852322934;-173.32900000000004;-36.13581476770659;-5.510372298515734;3.113153100208666;-0.63068894558727;6.32897504289505
2026-05-12_14:08:58:225728;1778587738.225728;-150.0;35.4962272644043;-0.75;0.3086628457774287;-0.75;0.3086628457774287;6.075991051777007;2.597175792167683;-10.626997885342721;2.169542796287188;59.90848713333333;10.719666733333334;0.0;59.90848713333333;10.719666733333334;0.0;1778587738.225728;-149.837;0.0;0.19;-2.273;-0.477;-166.206;-2.733;-2.407;19.661;59.90853586666667;10.7196842;0.0;-5.429416171590361;-0.9773305075083976;2.3849443033796547e-06;1778587738.1280878;0.0976402759552002;0.0;0.0;-2.9008419365696954;-166.206;-0.0;0.0;-5.19758171375236;3.1468733037955854;-2.9008419365696954;-0.7851675784422074;148.8072115447545;-166.206;-44.98678845524549;-5.19758171375236;3.1468733037955854;-0.7851675784422074;6.075991051777007
2026-05-12_14:08:58:456272;1778587738.4556613;-150.0;30.543113708496094;-0.75;0.2655922931173573;-0.75;0.2655922931173573;5.9665855352242;2.5701066409860096;-10.71157220413052;2.045659041897923;59.90848476666667;10.719663083333334;0.0;59.90848476666667;10.719663083333334;0.0;1778587738.4556613;-125.279;3.2658711361144994;0.19;-2.183;-0.561;-162.02;2.746;-1.835;22.289;59.90853586666667;10.7196842;0.0;-5.693088173250076;-1.18156282542769;2.648481078892928e-06;1778587738.413951;0.04171037673950195;0.0;0.0;-2.827782454081213;-162.02;-0.0;0.0;-5.018484030880445;3.2272218673256132;-2.827782454081213;-0.8852962121123635;147.25626342704302;-162.02;-50.72373657295694;-5.018484030880445;3.2272218673256132;-0.8852962121123635;5.9665855352242
2026-05-12_14:08:58:947292;1778587738.9472926;-65.70848083496094;-28.187728881835938;-0.3285424041748047;-0.24511068592900814;-0.3285424041748047;-0.24511068592900814;5.970299901479832;2.5723328178727023;-10.79614652291832;1.921775287508658;59.9084841;10.719661033333333;0.0;59.9084841;10.719661033333333;0.0;1778587738.9472926;-97.008;0.568271591546539;0.19;-1.27;-0.582;-153.092;1.76;1.334;22.24;59.90853586666667;10.7196842;0.0;-5.767361955403903;-1.2962686349913006;2.737523681073384e-06;1778587738.7068214;0.24047112464904785;-0.3088677788745932;-0.4770045041000927;-2.671959458463159;-153.092;0.4913007956544373;0.28558033886809653;-5.028784567514418;3.218043922499959;-2.671959458463159;-1.0388930308437239;147.3838139671001;-153.092;-59.524186032899834;-5.028784567514418;3.218043922499959;-1.0388930308437239;5.970299901479832
2026-05-12_14:08:59:165725;1778587739.1649086;150.0;-67.68697357177734;0.75;-0.5885823788850204;0.75;-0.5885823788850204;6.040956932068272;2.5675015229448226;-10.88072084170612;1.797891533119393;59.908483733333334;10.7196577;0.0;59.908483733333334;10.7196577;0.0;1778587739.1618211;-52.729;0.0;0.19;-0.867;-0.147;-148.274;2.684;0.655;26.158;59.90853586666667;10.7196842;0.0;-5.808212486663479;-1.4827821237880265;2.814363845971002e-06;1778587739.1223855;0.04252314567565918;0.0;0.0;-2.587869495102072;-148.274;-0.0;0.0;-5.0725083550426415;3.2806736569074193;-2.587869495102072;-1.1278142891326919;147.10700115814964;-148.274;-64.61899884185038;-5.0725083550426415;3.2806736569074193;-1.1278142891326919;6.040956932068272
2026-05-12_14:08:59:394050;1778587739.3930514;104.69707489013672;-42.66366195678711;0.5234853744506835;-0.37098836484162706;0.5234853744506835;-0.37098836484162706;6.119119549661544;2.583456929134023;-10.96529516049392;1.674007778730128;59.90848403333333;10.7196562;0.0;59.90848403333333;10.7196562;0.0;1778587739.3920515;-24.186;0.0;0.19;-0.867;-0.147;-148.274;2.684;0.655;26.158;59.90853586666667;10.7196842;0.0;-5.77478923396437;-1.5667131734210626;2.804283679935793e-06;1778587739.3301427;0.06290864944458008;0.0;0.0;-2.587869495102072;-148.274;-0.0;0.0;-5.19050592652955;3.2407209521511904;-2.587869495102072;-1.1118588829434906;148.02117859320774;-148.274;-63.70482140679224;-5.19050592652955;3.2407209521511904;-1.1118588829434906;6.119119549661544
2026-05-12_14:08:59:671824;1778587739.6718245;73.71623992919922;-43.062744140625;0.3685811996459961;-0.374458644701087;0.3685811996459961;-0.374458644701087;6.208636871985878;2.604512469244515;-11.04986947928172;1.550124024340863;59.908484566666665;10.719655133333333;0.0;59.908484566666665;10.719655133333333;0.0;1778587739.6718245;8.816;0.0;0.19;0.038;-0.472;-131.912;1.194;1.009;26.214;59.90853586666667;10.7196842;0.0;-5.715370151619101;-1.6263974585629857;2.7649999609913323e-06;1778587739.5542777;0.11754679679870605;0.0;0.0;-2.30229872289076;-131.912;-0.0;0.0;-5.334499327662618;3.1765214829038486;-2.30229872289076;-1.3763741150443103;149.22757217690733;-131.912;-78.8604278230926;-5.334499327662618;3.1765214829038486;-1.3763741150443103;6.208636871985878
2026-05-12_14:08:59:934090;1778587739.9324362;64.87362670898438;-77.55109405517578;0.3243681335449219;-0.6743573396102241;0.3243681335449219;-0.6743573396102241;6.363654626688067;2.640278842863742;-11.134443798069519;1.426240269951598;59.908486016666664;10.719655033333334;0.0;59.908486016666664;10.719655033333334;0.0;1778587739.9324362;23.612;1.8669909530993671;0.19;0.518;-0.047;-123.073;0.854;-0.007;25.014;59.90853586666667;10.7196842;0.0;-5.553824589689358;-1.6319927916097388;2.6251371720853456e-06;1778587739.9017937;0.03064250946044922;2.848060876635023;0.4869417026514566;-2.148029070306981;-123.07299999999998;-1.9622525852578503;2.1208790089132945;-5.580619208380161;3.058233061561337;-2.148029070306981;-1.4948773940088635;151.27683443377708;-123.07299999999998;-85.65016556622294;-5.580619208380161;3.058233061561337;-1.4948773940088635;6.363654626688067
2026-05-12_14:09:00:149036;1778587740.1485326;-29.392885208129883;-58.14389419555664;-0.1469644260406494;-0.5055990799613621;-0.1469644260406494;-0.5055990799613621;6.459454186559644;2.6763479743011156;-11.219018116857319;1.302356515562333;59.90848698333333;10.719655683333333;0.0;59.90848698333333;10.719655683333333;0.0;1778587740.1431828;35.055;0.0;0.19;0.553;-0.173;-119.015;0.424;-0.728;25.076;59.90853586666667;10.7196842;0.0;-5.446127565522554;-1.5956226200721364;2.524127566072565e-06;1778587740.1324863;0.01604628562927246;0.0;0.0;-2.0772036092610513;-119.015;-0.0;0.0;-5.772890551334765;2.8979791356344693;-2.0772036092610513;-1.529633723617419;153.34344343584124;-119.015;-87.64155656415873;-5.772890551334765;2.8979791356344693;-1.529633723617419;6.459454186559644
2026-05-12_14:09:00:382421;1778587740.3824217;58.97993469238281;-81.5625228881836;0.29489967346191404;-0.709239329462466;0.29489967346191404;-0.709239329462466;6.547062414020448;2.7126804283775368;-11.303592435645118;1.1784727611730679;59.90848785;10.7196566;0.0;59.90848785;10.7196566;0.0;1778587740.3776574;50.85;0.0;0.19;0.553;-0.173;-119.015;0.424;-0.728;25.076;59.90853586666667;10.7196842;0.0;-5.3495716206457375;-1.544331379347026;2.428624821249059e-06;1778587740.314387;0.06803464889526367;0.0;0.0;-2.0772036092610513;-119.015;-0.0;0.0;-5.954020814999381;2.722804140520094;-2.0772036092610513;-1.4933012695409982;155.42513971377306;-119.015;-85.55986028622695;-5.954020814999381;2.722804140520094;-1.4933012695409982;6.547062414020448
2026-05-12_14:09:00:579348;1778587740.578271;-150.0;-13.511706352233887;-0.75;-0.11749309871507728;-0.75;-0.11749309871507728;6.6084903906416965;2.748890618836223;-11.388166754432918;1.0545890067838029;59.90848845;10.71965785;0.0;59.90848845;10.71965785;0.0;1778587740.578271;61.24;0.0;0.19;0.553;-0.173;-119.015;0.424;-0.728;25.076;59.90853586666667;10.7196842;0.0;-5.282725209905108;-1.4743888083734422;2.356841422468392e-06;1778587740.5485103;0.02976059913635254;0.0;0.0;-2.0772036092610513;-119.015;-0.0;0.0;-6.10544154452781;2.528977815157245;-2.0772036092610513;-1.4570910790823124;157.49983080242066;-119.015;-83.48516919757937;-6.10544154452781;2.528977815157245;-1.4570910790823124;6.6084903906416965
2026-05-12_14:09:00:803286;1778587740.8032866;11.24603271484375;-55.01323699951172;0.05623016357421875;-0.47837597390879755;0.05623016357421875;-0.47837597390879755;6.655482870154042;2.785644462739564;-11.472741073220718;0.9307052523945378;59.908488883333334;10.719659383333333;0.0;59.908488883333334;10.719659383333333;0.0;1778587740.8017232;70.335;0.0;0.19;-0.042;2.022;-109.172;-0.27;0.944;7.242;59.90853586666667;10.7196842;0.0;-5.234447260982027;-1.3885926040909895;2.2970779594011503e-06;1778587740.7510324;0.05225419998168945;0.0;0.0;-1.9054108509872494;-109.172;-0.0;0.0;-6.23829381223869;2.3192978564855276;-1.9054108509872494;-1.5921299934527724;159.60567093896472;-109.172;-91.22232906103525;-6.23829381223869;2.3192978564855276;-1.5921299934527724;6.655482870154042
2026-05-12_14:09:01:121813;1778587741.121114;54.38233947753906;-81.78695678710938;0.27191169738769533;-0.7111909285835598;0.27191169738769533;-0.7111909285835598;6.684741351224556;2.835915670136769;-11.557315392008517;0.8068214980052728;59.90848935;10.719662666666666;0.0;59.90848935;10.719662666666666;0.0;1778587741.1184957;77.697;0.0;0.19;-1.213;0.595;-108.315;-1.38;-4.862;-1.675;59.90853586666667;10.7196842;0.0;-5.182455651004754;-1.2048768430242491;2.217628478184963e-06;1778587741.0874968;0.033617258071899414;0.0;0.0;-1.890453379297658;-108.31500000000001;-0.0;0.0;-6.374859741003763;2.011698341029522;-1.890453379297658;-1.556816257745159;162.48599895385144;-108.31500000000001;-89.19900104614857;-6.374859741003763;2.011698341029522;-1.556816257745159;6.684741351224556
2026-05-12_14:09:01:300109;1778587741.3001099;51.50212860107422;-79.34464263916016;0.2575106430053711;-0.6899534142535666;0.2575106430053711;-0.6899534142535666;6.71516850490764;2.872938542442611;-11.641889710796317;0.6829377436160078;59.908489483333334;10.719664550000001;0.0;59.908489483333334;10.719664550000001;0.0;1778587741.3001099;82.324;0.0;0.19;-0.716;-0.291;-109.185;4.679;-3.302;-5.782;59.90853586666667;10.7196842;0.0;-5.167600919774197;-1.0994967431881675;2.186078036370276e-06;1778587741.288291;0.011818885803222656;0.0;0.0;-1.9056377437900087;-109.185;-0.0;0.0;-6.474288791022119;1.7824344868041753;-1.9056377437900087;-1.5046090209469671;164.60725328242793;-109.185;-86.20774671757209;-6.474288791022119;1.7824344868041753;-1.5046090209469671;6.71516850490764
2026-05-12_14:09:01:649080;1778587741.6405416;51.0081672668457;-80.21094512939453;0.2550408363342285;-0.6974864793860394;0.2550408363342285;-0.6974864793860394;6.739705082227878;2.9106155674874485;-11.726464029584116;0.5590539892267428;59.9084895;10.719666616666666;0.0;59.9084895;10.719666616666666;0.0;1778587741.6405416;84.423;0.6647429296273285;0.19;0.028;-0.368;-110.322;4.034;1.147;-7.637;59.90853586666667;10.7196842;0.0;-5.165744105042606;-0.9838584085237956;2.166543640491625e-06;1778587741.4665596;0.1739819049835205;0.01067245890753686;0.6646572508521797;-1.9254821373851843;-110.322;-0.6269925930779846;-0.2208244794284711;-6.560719924541511;1.5429123977505383;-1.9254821373851843;-1.4470876023069534;166.76598780210583;-110.322;-82.91201219789416;-6.560719924541511;1.5429123977505383;-1.4470876023069534;6.739705082227878
2026-05-12_14:09:01:786845;1778587741.786845;47.02171325683594;-69.7861557006836;0.2351085662841797;-0.6068361365276834;0.2351085662841797;-0.6068361365276834;6.770521934490691;2.9503996772140106;-11.811038348371916;0.4351702348374778;59.90848951666667;10.719668983333333;0.0;59.90848951666667;10.719668983333333;0.0;1778587741.786845;87.004;0.0;0.19;0.187;-0.077;-111.398;0.362;2.574;-9.435;59.90853586666667;10.7196842;0.0;-5.163887292590816;-0.851433863962065;2.145688144494784e-06;1778587741.786845;0.0;0.0;0.0;-1.9442618801366431;-111.398;-0.0;0.0;-6.6471510557811;1.2866040987995429;-1.9442618801366431;-1.3885237498289325;169.0454493811232;-111.398;-79.5565506188768;-6.6471510557811;1.2866040987995429;-1.3885237498289325;6.770521934490691
2026-05-12_14:09:02:020867;1778587742.0208676;41.45564270019531;-75.62971496582031;0.20727821350097655;-0.6576496953549592;0.20727821350097655;-0.6576496953549592;6.807593392014626;2.992157830342945;-11.895612667159716;0.31128648044821283;59.90848951666667;10.71967165;0.0;59.90848951666667;10.71967165;0.0;1778587742.0208676;86.156;0.0;0.19;0.187;-0.077;-111.398;0.362;2.574;-9.435;59.90853586666667;10.7196842;0.0;-5.163887323618105;-0.7022231100938697;2.1277084290005632e-06;1778587741.9768922;0.0439753532409668;0.0;0.0;-1.9442618801366431;-111.398;-0.0;0.0;-6.731725343541611;1.0135095905420826;-1.9442618801366431;-1.3467655966999992;171.43801531567215;-111.398;-77.1639846843279;-6.731725343541611;1.0135095905420826;-1.3467655966999992;6.807593392014626
2026-05-12_14:09:02:262300;1778587742.262301;56.391807556152344;-69.18064880371094;0.2819590377807617;-0.6015708591627038;0.2819590377807617;-0.6015708591627038;6.850863496714263;3.0588773917476875;-11.980186985947515;0.18740272605894787;59.908489616666664;10.719677433333333;0.0;59.908489616666664;10.719677433333333;0.0;1778587742.262301;81.935;4.809402957332688;0.19;-0.856;0.262;-117.52;0.517;-0.78;-12.802;59.90853586666667;10.7196842;0.0;-5.152746298867445;-0.3786222866530366;2.090597079451584e-06;1778587742.2456677;0.016633272171020508;0.0;0.0;-2.051110936943736;-117.52;-0.0;0.0;-6.82744068708007;0.5660250127119845;-2.051110936943736;-1.1731969784881624;175.26076459512785;-117.52;-67.21923540487214;-6.82744068708007;0.5660250127119845;-1.1731969784881624;6.850863496714263
2026-05-12_14:09:02:456198;1778587742.456199;70.307373046875;-66.66263580322266;0.351536865234375;-0.5796750939410665;0.351536865234375;-0.5796750939410665;6.926141807215169;3.0777126294199255;-12.064761304735315;0.06351897166968289;59.908489616666664;10.719677433333333;0.0;59.908489616666664;10.719677433333333;0.0;1778587742.456199;79.54;0.0;0.19;-0.758;0.285;-119.641;0.739;0.772;-13.275;59.90853586666667;10.7196842;0.0;-5.152746298867445;-0.3786222866530366;2.090597079451584e-06;1778587742.4364073;0.019791603088378906;0.0;0.0;-2.0881293703785357;-119.64099999999999;-0.0;0.0;-6.91201500586787;0.4421412583227195;-2.0881293703785357;-1.117343307381125;176.3399442198729;-119.64099999999999;-64.0190557801271;-6.91201500586787;0.4421412583227195;-1.117343307381125;6.926141807215169
2026-05-12_14:09:02:666770;1778587742.665848;82.82584381103516;-66.12594604492188;0.4141292190551758;-0.5750082264775815;0.4141292190551758;-0.5750082264775815;7.014873559128494;3.120417450597121;-12.149335623523115;-0.060364782719582094;59.90848976666667;10.719680466666667;0.0;59.90848976666667;10.719680466666667;0.0;1778587742.665848;78.084;0.0;0.19;-0.758;0.285;-119.641;0.739;0.772;-13.275;59.90853586666667;10.7196842;0.0;-5.136034702478507;-0.2088950538259231;2.069809986071647e-06;1778587742.6198723;0.045975685119628906;0.0;0.0;-2.0881293703785357;-119.64099999999999;-0.0;0.0;-7.013300921044608;0.148530271106341;-2.0881293703785357;-1.0746384862039289;178.7867502381871;-119.64099999999999;-61.57224976181287;-7.013300921044608;0.148530271106341;-1.0746384862039289;7.014873559128494
2026-05-12_14:09:02:936186;1778587742.9361868;104.570068359375;-57.639068603515625;0.522850341796875;-0.5012092922044837;0.522850341796875;-0.5012092922044837;7.163030524234633;-3.0955443259542292;-12.233909942310914;-0.1842485371088471;59.908490283333336;10.7196868;0.0;59.908490283333336;10.7196868;0.0;1778587742.9361868;79.112;2.132407196565279;0.19;-0.517;-0.121;-125.708;0.361;-0.668;-16.659;59.90853586666667;10.7196842;0.0;-5.078472494793292;0.14548048160131433;2.0228680197575954e-06;1778587742.8502083;0.08597850799560547;0.3455460228602857;2.104223941991149;-2.1940184960970317;-125.708;-1.9103136598015946;-0.9475558944667952;-7.155437447517622;-0.3297290187101614;-2.1940184960970317;-0.9015258298571975;-177.36162517284654;-125.708;-51.65362517284656;-7.155437447517622;-0.3297290187101614;-0.9015258298571975;7.163030524234633
2026-05-12_14:09:03:239945;1778587743.2399452;141.86907958984375;-35.53589630126953;0.7093453979492188;-0.3090077939240829;0.7093453979492188;-0.3090077939240829;7.296555990083908;-3.0558024935956967;-12.318484261098714;-0.30813229149811205;59.90849055;10.719689866666666;0.0;59.90849055;10.719689866666666;0.0;1778587743.2399452;78.667;0.0;0.19;-1.396;1.339;-132.281;-3.659;7.292;-18.462;59.90853586666667;10.7196842;0.0;-5.048762955749106;0.3170728420183633;2.0041455499608674e-06;1778587743.1688693;0.0710759162902832;0.0;0.0;-2.308738987830619;-132.281;-0.0;0.0;-7.269721305349608;-0.6252051335164753;-2.308738987830619;-0.7470635057650776;-175.0845859085862;-132.281;-42.80358590858619;-7.269721305349608;-0.6252051335164753;-0.7470635057650776;7.296555990083908
2026-05-12_14:09:03:528867;1778587743.527869;136.384765625;-36.525535583496094;0.681923828125;-0.317613352899966;0.681923828125;-0.317613352899966;7.4809149815097475;-3.0002252763448074;-12.403058579886514;-0.432016045887377;59.908491016666666;10.719695316666666;0.0;59.908491016666666;10.719695316666666;0.0;1778587743.5268636;83.643;2.74128249552561;0.19;-1.354;2.875;-140.908;5.45;-0.567;-21.662;59.90853586666667;10.7196842;0.0;-4.996771242649274;0.6220223020185704;1.985529992865054e-06;1778587743.4730678;0.054801225662231445;0.44048308810046405;2.6546938272721468;-2.4593085424001697;-140.908;-2.0158376063367345;-1.782645060671906;-7.40628733723724;-1.0540383479059474;-2.4593085424001697;-0.5409167339446377;-171.90024592302856;-140.908;-30.992245923028573;-7.40628733723724;-1.0540383479059474;-0.5409167339446377;7.4809149815097475
2026-05-12_14:09:03:769451;1778587743.76868;145.74342346191406;-28.96837615966797;0.7287171173095703;-0.2518989231275476;0.7287171173095703;-0.2518989231275476;7.607781819698597;-2.96886512078403;-12.487632898674313;-0.555899800276642;59.90849105;10.719697633333332;0.0;59.90849105;10.719697633333332;0.0;1778587743.7681184;101.424;0.0;0.19;-0.567;2.595;-145.926;4.255;-0.351;-27.741;59.90853586666667;10.7196842;0.0;-4.993057527722781;0.7516491377227;1.99813832457707e-06;1778587743.7028406;0.06583952903747559;0.0;0.0;-2.546889164265245;-145.926;-0.0;0.0;-7.494575370951532;-1.307548937999342;-2.546889164265245;-0.42197595651878483;-170.1034413645223;-145.926;-24.17744136452231;-7.494575370951532;-1.307548937999342;-0.42197595651878483;7.607781819698597
2026-05-12_14:09:04:027917;1778587744.0279171;103.91682434082031;-22.506277084350586;0.5195841217041015;-0.1957067572552225;0.5195841217041015;-0.1957067572552225;7.703251354041053;-2.939013206170621;-12.572207217462113;-0.679783554665907;59.90849075;10.71969975;0.0;59.90849075;10.71969975;0.0;1778587744.0279171;119.408;0.0;0.19;-0.619;2.968;-153.707;-0.536;2.525;-35.2;59.90853586666667;10.7196842;0.0;-5.026480722203766;0.8700851759985663;2.039801984654588e-06;1778587743.9392426;0.08867454528808594;0.0;0.0;-2.682693233362924;-153.707;-0.0;0.0;-7.5457264952583465;-1.5498687306644734;-2.682693233362924;-0.256319972807697;-168.39305264678907;-153.707;-14.686052646789065;-7.5457264952583465;-1.5498687306644734;-0.256319972807697;7.703251354041053
2026-05-12_14:09:04:267102;1778587744.2664056;110.75836944580078;-5.196284770965576;0.5537918472290039;-0.045185084964918056;0.5537918472290039;-0.045185084964918056;7.675869007583264;-2.8925427724560127;-12.656781536249913;-0.803667309055172;59.90848903333333;10.71970365;0.0;59.90848903333333;10.71970365;0.0;1778587744.2654047;135.04;4.556492276143731;0.19;-1.119;3.096;-160.826;-0.353;-0.558;-35.339;59.90853586666667;10.7196842;0.0;-5.217735750450773;1.0883059514221918;2.2254616034445007e-06;1778587744.2315905;0.034815073013305664;0.0;0.0;-2.8069432228124005;-160.826;-0.0;0.0;-7.43904578579914;-1.8919732604773638;-2.8069432228124005;-0.08559954964361216;-165.73049292279956;-160.826;-4.904492922799547;-7.43904578579914;-1.8919732604773638;-0.08559954964361216;7.675869007583264
2026-05-12_14:09:04:627714;1778587744.621759;12.66022777557373;22.85770034790039;0.06330113887786865;0.19876261172087295;0.06330113887786865;0.19876261172087295;7.679150735051823;-2.862730673740911;-12.741355855037712;-0.927551063444437;59.90848776666667;10.7197054;0.0;59.90848776666667;10.7197054;0.0;1778587744.6202526;149.751;0.0;0.19;-0.775;1.678;-171.482;5.05;-4.746;-30.776;59.90853586666667;10.7196842;0.0;-5.3588559791402535;1.186225555316628;2.3601631182756933e-06;1778587744.5790315;0.04272747039794922;0.0;0.0;-2.9929255079049164;-171.48200000000003;-0.0;0.0;-7.382499875897459;-2.113776618761065;-2.9929255079049164;0.13019483416400535;-164.02238548799684;-171.48200000000003;7.459614512003168;-7.382499875897459;-2.113776618761065;0.13019483416400535;7.679150735051823
2026-05-12_14:09:04:841493;1778587744.8348758;150.0;30.46730613708496;0.75;0.26493309684421706;0.75;0.26493309684421706;7.661081759589268;-2.8333314977950845;-12.825930173825512;-1.051434817833702;59.908486266666664;10.71970695;0.0;59.908486266666664;10.71970695;0.0;1778587744.831887;152.371;0.0;0.19;-0.775;1.678;-171.482;5.05;-4.746;-30.776;59.90853586666667;10.7196842;0.0;-5.525972047901915;1.2729543679253104;2.519102903164594e-06;1778587744.803211;0.03166484832763672;0.0;0.0;-2.9929255079049164;-171.48200000000003;-0.0;0.0;-7.299958125923597;-2.3243891857590127;-2.9929255079049164;0.15959401010983187;-162.33793678513845;-171.48200000000003;9.144063214861559;-7.299958125923597;-2.3243891857590127;0.15959401010983187;7.661081759589268
2026-05-12_14:09:05:051398;1778587745.0513988;35.577423095703125;43.08367156982422;0.17788711547851563;0.3746406223462976;0.17788711547851563;0.3746406223462976;7.448377485723351;-2.7828359334469117;-12.910504492613311;-1.175318572222967;59.90848258333333;10.719709933333334;0.0;59.90848258333333;10.719709933333334;0.0;1778587745.0497167;150.426;5.241270572228994;0.19;1.665;2.279;176.206;1.685;5.487;-23.118;59.90853586666667;10.7196842;0.0;-5.936334844092713;1.4398840745110435;2.9237510563717706e-06;1778587745.0056758;0.04572296142578125;0.0;0.0;3.075374861769128;176.206;0.0;-0.0;-6.974169648520599;-2.6152026467340104;3.075374861769128;0.42497451196354596;-159.4447540638569;176.206;24.349245936143095;-6.974169648520599;-2.6152026467340104;0.42497451196354596;7.448377485723351
2026-05-12_14:09:05:285423;1778587745.2839196;27.662614822387695;66.47467803955078;0.13831307411193847;0.5780406786047894;0.13831307411193847;0.5780406786047894;7.397251959018826;-2.7468938390727176;-12.995078811401111;-1.2992023266122321;59.908480516666664;10.719711816666667;0.0;59.908480516666664;10.719711816666667;0.0;1778587745.282378;150.244;7.491637507216742;0.19;0.909;3.028;171.897;-4.914;1.008;-20.076;59.90853586666667;10.7196842;0.0;-6.16658364574497;1.545264287327641;3.166048929692522e-06;1778587745.2485778;0.035341739654541016;0.0;0.0;3.0001686243006924;171.897;0.0;-0.0;-6.8284951656561415;-2.844466613939873;3.0001686243006924;0.5361228438061758;-157.38542374935466;171.897;30.717576250645322;-6.8284951656561415;-2.844466613939873;0.5361228438061758;7.397251959018826
2026-05-12_14:09:05:499353;1778587745.4993534;24.333894729614258;71.7711410522461;0.12166947364807129;0.6240968787151834;0.12166947364807129;0.6240968787151834;7.5234057185499275;-2.7360159372801345;-13.07965313018891;-1.4230860810014971;59.908480516666664;10.719711816666667;0.0;59.908480516666664;10.719711816666667;0.0;1778587745.4993534;151.807;0.0;0.19;0.909;3.028;171.897;-4.914;1.008;-20.076;59.90853586666667;10.7196842;0.0;-6.16658364574497;1.545264287327641;3.166048929692522e-06;1778587745.4119473;0.08740615844726562;0.0;0.0;3.0001686243006924;171.897;0.0;-0.0;-6.913069484443941;-2.968350368329138;3.0001686243006924;0.5470007455987593;-156.76216588668186;171.897;31.34083411331815;-6.913069484443941;-2.968350368329138;0.5470007455987593;7.5234057185499275
2026-05-12_14:09:05:749369;1778587745.7493691;14.856728553771973;90.0049057006836;0.07428364276885986;0.7826513539189878;0.07428364276885986;0.7826513539189878;7.304855202912878;-2.670540710154645;-13.16422744897671;-1.5469698353907622;59.90847613333333;10.7197158;0.0;59.90847613333333;10.7197158;0.0;1778587745.7483497;156.088;8.261021682938999;0.19;-0.942;1.279;166.124;-0.033;-6.521;-12.288;59.90853586666667;10.7196842;0.0;-6.654933914610266;1.7681481442562004;3.7140172697291973e-06;1778587745.7158027;0.03356647491455078;0.0;0.0;2.8994107665830597;166.124;0.0;-0.0;-6.509293534366444;-3.3151179796469625;2.8994107665830597;0.7132338304418813;-153.01071170973083;166.124;40.86528829026917;-6.509293534366444;-3.3151179796469625;0.7132338304418813;7.304855202912878
2026-05-12_14:09:06:106048;1778587746.106048;-150.0;110.0;-0.75;0.9565217391304348;-0.75;0.9565217391304348;7.269651623877903;-2.6343570634108016;-13.24880176776451;-1.6708535897800272;59.90847398333333;10.719717450000001;0.0;59.90847398333333;10.719717450000001;0.0;1778587746.106048;158.409;0.0;0.19;0.009;2.088;163.653;-0.699;6.555;-0.348;59.90853586666667;10.7196842;0.0;-6.894466940783286;1.8604724556544818;3.9945512311234666e-06;1778587745.9666142;0.1394338607788086;0.0;0.0;2.85628368076628;163.653;0.0;-0.0;-6.354334826981224;-3.531326045434509;2.85628368076628;0.7925445630025045;-150.93754146391632;163.653;45.40945853608368;-6.354334826981224;-3.531326045434509;0.7925445630025045;7.269651623877903
2026-05-12_14:09:06:419727;1778587746.419727;-150.0;107.51502227783203;-0.75;0.9349132371985394;-0.75;0.9349132371985394;7.06897381083536;-2.572839972897571;-13.33337608655231;-1.7947373441692922;59.90846965;10.719720166666667;0.0;59.90846965;10.719720166666667;0.0;1778587746.419727;167.919;0.0;0.19;-1.154;2.17;164.843;-2.637;-5.805;6.347;59.90853586666667;10.7196842;0.0;-7.37724669250195;2.012481244197482;4.578933791687945e-06;1778587746.344505;0.07522201538085938;0.0;0.0;2.8770530988650123;164.843;0.0;-0.0;-5.956129394050359;-3.807218588366774;2.8770530988650123;0.8332922354170034;-147.41287180958392;164.843;47.74412819041611;-5.956129394050359;-3.807218588366774;0.8332922354170034;7.06897381083536
2026-05-12_14:09:06:759159;1778587746.7591593;-21.448856353759766;109.98938751220703;-0.10724428176879883;0.9564294566278873;-0.10724428176879883;0.9564294566278873;6.81861079736093;-2.5079093051327015;-13.41795040534011;-1.9186210985585572;59.90846475;10.719722066666666;0.0;59.90846475;10.719722066666666;0.0;1778587746.7591593;171.491;1.7835785382646177;0.19;-1.313;0.339;167.926;1.342;0.716;7.345;59.90853586666667;10.7196842;0.0;-7.9231592126568575;2.118794281941401;5.269132108409735e-06;1778587746.5989375;0.16022181510925293;-1.7615609449552356;0.27938403562393155;2.9308615997039977;167.926;1.7810322583761162;0.09527065013301972;-5.494791192683252;-4.037415380499958;2.9308615997039977;0.8444144023428866;-143.69261858569075;167.926;48.38138141430921;-5.494791192683252;-4.037415380499958;0.8444144023428866;6.81861079736093
2026-05-12_14:09:06:993797;1778587746.9937975;-150.0;110.0;-0.75;0.9565217391304348;-0.75;0.9565217391304348;6.7493989219589485;-2.4714429578009036;-13.502524724127909;-2.0425048529478222;59.90846215;10.719722616666667;0.0;59.90846215;10.719722616666667;0.0;1778587746.9897983;174.584;0.0;0.19;-1.12;1.568;169.94;-0.287;6.077;9.871;59.90853586666667;10.7196842;0.0;-8.21282709398441;2.149569190934856;5.644830620266106e-06;1778587746.9466925;0.04710507392883301;0.0;0.0;2.966012530839164;169.94000000000003;0.0;-0.0;-5.289697630143499;-4.192074043882679;2.966012530839164;0.8457298185395192;-141.60325078932058;169.94000000000003;48.45674921067942;-5.289697630143499;-4.192074043882679;0.8457298185395192;6.7493989219589485
2026-05-12_14:09:07:241335;1778587747.2413359;137.2801971435547;53.7157096862793;0.6864009857177734;0.46709312770677647;0.6864009857177734;0.46709312770677647;6.677836857984291;-2.4350033287279205;-13.587099042915709;-2.1663886073370873;59.9084595;10.719722966666666;0.0;59.9084595;10.719722966666666;0.0;1778587747.2413359;176.974;0.0;0.19;-1.595;2.269;171.997;-3.933;0.655;10.362;59.90853586666667;10.7196842;0.0;-8.50806551802077;2.169153291301052;6.038191219914779e-06;1778587747.1619904;0.0793454647064209;0.0;0.0;3.0019139535526875;171.99700000000004;0.0;-0.0;-5.079033524894939;-4.335541898638139;3.0019139535526875;0.8462680248989782;-139.51541383641646;171.99700000000004;48.487586163583515;-5.079033524894939;-4.335541898638139;0.8462680248989782;6.677836857984291
2026-05-12_14:09:07:472912;1778587747.4716341;-150.0;110.0;-0.75;0.9565217391304348;-0.75;0.9565217391304348;6.600079212804717;-2.3974273084999638;-13.671673361703508;-2.2902723617263523;59.90845673333333;10.719723166666666;0.0;59.90845673333333;10.719723166666666;0.0;1778587747.4716341;179.168;0.0;0.19;-2.117;1.9;173.59;-2.674;-3.993;9.711;59.90853586666667;10.7196842;0.0;-8.816301864661808;2.1803442893646334;6.460481171366439e-06;1778587747.442773;0.028861045837402344;0.0;0.0;3.0297170485369573;173.59000000000003;0.0;-0.0;-4.8553714970417;-4.470616651090985;3.0297170485369573;0.8560409501426651;-137.3624664664563;173.59000000000003;49.047533533543636;-4.8553714970417;-4.470616651090985;0.8560409501426651;6.600079212804717
2026-05-12_14:09:07:700572;1778587747.7005725;-124.74140167236328;110.0;-0.6237070083618164;0.9565217391304348;-0.6237070083618164;0.9565217391304348;6.297162853934854;-2.325133148097002;-13.756247680491308;-2.4141561161156173;59.9084511;10.719723066666667;0.0;59.9084511;10.719723066666667;0.0;1778587747.7005725;-178.998;12.903134522107118;0.19;-1.796;1.127;176.441;2.475;0.475;8.786;59.90853586666667;10.7196842;0.0;-9.443915647766046;2.174749248838922;7.356131567881619e-06;1778587747.6759577;0.024614810943603516;0.0;0.0;3.079476385511315;176.441;0.0;-0.0;-4.312332032725262;-4.58890536495454;3.079476385511315;0.8785757735712689;-133.2203161919248;176.441;50.33868380807517;-4.312332032725262;-4.58890536495454;0.8785757735712689;6.297162853934854
2026-05-12_14:09:08:011083;1778587748.0110836;-150.0;87.81111907958984;-0.75;0.7635749485181725;-0.75;0.7635749485181725;6.22338774137452;-2.2868171368007313;-13.840821999279108;-2.5380398705048823;59.9084483;10.71972275;0.0;59.9084483;10.71972275;0.0;1778587748.0103085;-173.631;0.0;0.19;-0.948;2.104;179.658;2.986;0.602;11.244;59.90853586666667;10.7196842;0.0;-9.755865702688201;2.1570306331652116;7.819178090784362e-06;1778587747.9748673;0.03621625900268555;0.0;0.0;3.1356236275479725;179.658;0.0;-0.0;-4.0849562965909065;-4.6950705036700935;3.1356236275479725;0.8607445428308829;-131.02497045687292;179.658;49.317029543127106;-4.0849562965909065;-4.6950705036700935;0.8607445428308829;6.22338774137452
2026-05-12_14:09:08:261590;1778587748.2615905;-150.0;110.0;-0.75;0.9565217391304348;-0.75;0.9565217391304348;5.913526989097449;-2.2141645116950026;-13.925396318066907;-2.6619236248941474;59.90844271666667;10.719721183333334;0.0;59.90844271666667;10.719721183333334;0.0;1778587748.2615905;-170.924;7.7187477770052775;0.19;-0.543;1.744;-177.574;-1.223;-2.537;11.904;59.90853586666667;10.7196842;0.0;-10.37790899517584;2.0693695540064283;8.770313612238567e-06;1778587748.2208507;0.04073977470397949;0.0;0.0;-3.099250965936411;-177.574;-0.0;0.0;-3.547487322891067;-4.731293178900575;-3.099250965936411;0.8850864542414083;-126.86228166776846;-177.574;50.711718332231555;-3.547487322891067;-4.731293178900575;0.8850864542414083;5.913526989097449
2026-05-12_14:09:08:571419;1778587748.57142;-150.0;110.0;-0.75;0.9565217391304348;-0.75;0.9565217391304348;5.844308071863339;-2.1792362943758117;-14.009970636854707;-2.7858073792834124;59.9084401;10.719720116666666;0.0;59.9084401;10.719720116666666;0.0;1778587748.57142;-166.64;2.7173619252323724;0.19;-2.328;0.972;-173.587;-5.593;-2.354;12.426;59.90853586666667;10.7196842;0.0;-10.66943377180041;2.0096853265874035;9.232957973281941e-06;1778587748.4619124;0.10950756072998047;-2.662142912153805;-0.5450238049424904;-3.0296646886593965;-173.587;2.706360935945834;0.24426689720697176;-3.340536865054297;-4.795492705870815;-3.0296646886593965;0.8504283942835849;-124.86104222946307;-173.587;48.725957770536915;-3.340536865054297;-4.795492705870815;0.8504283942835849;5.844308071863339
2026-05-12_14:09:08:786304;1778587748.7792182;-149.37814331054688;107.0779037475586;-0.7468907165527344;0.9311122065005095;-0.7468907165527344;0.9311122065005095;5.781288874138862;-2.1470813807394604;-14.094544955642506;-2.9096911336726774;59.908437633333335;10.719718833333333;0.0;59.908437633333335;10.719718833333333;0.0;1778587748.7581022;-161.539;0.0;0.19;-2.222;0.798;-171.167;4.802;0.765;12.968;59.90853586666667;10.7196842;0.0;-10.944246944028299;1.93787768835155;9.676226397914434e-06;1778587748.7315176;0.04770064353942871;0.0;0.0;-2.987427720761134;-171.167;-0.0;0.0;-3.1502980116142076;-4.847568822024227;-2.987427720761134;0.8403463400216737;-123.01870138749248;-171.167;48.148298612507524;-3.1502980116142076;-4.847568822024227;0.8403463400216737;5.781288874138862
2026-05-12_14:09:08:974275;1778587748.9742756;-150.0;94.66265106201172;-0.75;0.8231534874957541;-0.75;0.8231534874957541;5.710680377409655;-2.117223527401906;-14.179119274430306;-3.0335748880619424;59.908435233333336;10.719717183333334;0.0;59.908435233333336;10.719717183333334;0.0;1778587748.9742756;-158.338;0.0;0.19;-1.211;0.997;-167.802;1.919;-0.764;15.134;59.90853586666667;10.7196842;0.0;-11.2116327427867;1.8455535235957656;1.0112038335563511e-05;1778587748.9105482;0.06372737884521484;0.0;0.0;-2.9286973914315246;-167.802;-0.0;0.0;-2.9674865316436065;-4.8791284116577085;-2.9286973914315246;0.8114738640296189;-121.30797240593;-167.802;46.49402759406998;-2.9674865316436065;-4.8791284116577085;0.8114738640296189;5.710680377409655
2026-05-12_14:09:09:170344;1778587749.1703444;-53.3038215637207;92.09020233154297;-0.2665191078186035;0.8007843681003737;-0.2665191078186035;0.8007843681003737;5.635178696271242;-2.089180421660455;-14.263693593218106;-3.1574586424512074;59.9084329;10.71971525;0.0;59.9084329;10.71971525;0.0;1778587749.1703444;-154.41;0.0;0.19;-1.56;0.224;-164.302;-3.955;-6.411;19.116;59.90853586666667;10.7196842;0.0;-11.47159116500259;1.7373756723404872;1.0544327331274417e-05;1778587749.1584156;0.011928796768188477;0.0;0.0;-2.8676108676117233;-164.302;-0.0;0.0;-2.7921024282155162;-4.894834314791694;-2.8676108676117233;0.7784304459512685;-119.70122080250577;-164.302;44.60077919749423;-2.7921024282155162;-4.894834314791694;0.7784304459512685;5.635178696271242
2026-05-12_14:09:09:619551;1778587749.6195512;-96.3995361328125;90.6186752319336;-0.4819976806640625;0.7879884802776834;-0.4819976806640625;0.7879884802776834;5.33843934893181;-2.038526165949298;-14.348267912005905;-3.2813423968404725;59.908428683333334;10.719710716666667;0.0;59.908428683333334;10.719710716666667;0.0;1778587749.6195512;-138.776;0.0;0.19;-2.958;-1.462;-156.882;-0.045;-1.537;22.094;59.90853586666667;10.7196842;0.0;-11.941373185739094;1.4837171472672928;1.1341795597807902e-05;1778587749.5557008;0.06385040283203125;0.0;0.0;-2.738107437113744;-156.882;-0.0;0.0;-2.4068947262668114;-4.765059544107765;-2.738107437113744;0.6995812711644462;-116.79894573588004;-156.882;40.083054264119966;-2.4068947262668114;-4.765059544107765;0.6995812711644462;5.33843934893181
2026-05-12_14:09:10:092286;1778587750.092286;-150.0;43.726898193359375;-0.75;0.3802338973335598;-0.75;0.3802338973335598;4.787328299511073;-1.9893036928719483;-14.432842230793705;-3.4052261512297375;59.90842378333333;10.719701516666667;0.0;59.90842378333333;10.719701516666667;0.0;1778587750.0919306;-129.533;4.292505665157394;0.19;-2.373;0.327;-147.085;0.542;1.051;23.184;59.90853586666667;10.7196842;0.0;-12.48728593236822;0.968939247672836;1.2287181244019507e-05;1778587750.0317833;0.06050276756286621;0.0;0.0;-2.5671175302958598;-147.085;-0.0;0.0;-1.945556298425485;-4.374165398902574;-2.5671175302958598;0.5778138374239115;-113.97870577135158;-147.085;33.10629422864842;-1.945556298425485;-4.374165398902574;0.5778138374239115;4.787328299511073
2026-05-12_14:09:10:375928;1778587750.3710737;-104.14093017578125;54.32136154174805;-0.5207046508789063;0.4723596655804178;-0.5207046508789063;0.4723596655804178;4.6824461375958135;-1.9825874717685128;-14.517416549581505;-3.5291099056190025;59.90842238333333;10.719697816666667;0.0;59.90842238333333;10.719697816666667;0.0;1778587750.3710737;-125.079;0.0;0.19;-1.351;0.675;-138.872;3.594;1.394;21.714;59.90853586666667;10.7196842;0.0;-12.643261002274144;0.7619089496160807;1.2566226807564362e-05;1778587750.3422532;0.028820514678955078;0.0;0.0;-2.4237736388295654;-138.872;-0.0;0.0;-1.8741555473073603;-4.291018855235083;-2.4237736388295654;0.4411861670610526;-113.59389464784803;-138.872;25.278105352151975;-1.8741555473073603;-4.291018855235083;0.4411861670610526;4.6824461375958135
2026-05-12_14:09:10:697884;1778587750.6947694;-150.0;62.584590911865234;-0.75;0.5442138340162195;-0.75;0.5442138340162195;4.582798968484414;-1.9786234542922212;-14.601990868369304;-3.6529936600082675;59.908421116666666;10.7196941;0.0;59.908421116666666;10.7196941;0.0;1778587750.6947694;-118.797;0.0;0.19;-1.454;0.883;-134.601;-3.344;0.355;21.023;59.90853586666667;10.7196842;0.0;-12.784381296898548;0.5539460627878294;1.2827408300886134e-05;1778587750.6680727;0.02669668197631836;0.0;0.0;-2.3492306264768876;-134.601;-0.0;0.0;-1.817609571470756;-4.206939722796097;-2.3492306264768876;0.3706071721846662;-113.36677317654042;-134.601;21.234226823459572;-1.817609571470756;-4.206939722796097;0.3706071721846662;4.582798968484414
2026-05-12_14:09:11:000324;1778587751.0003247;-150.0;13.023397445678711;-0.75;0.11324693431024967;-0.75;0.11324693431024967;4.284973994954097;-1.969747627941548;-14.686565187157104;-3.7768774143975326;59.908418983333334;10.719687266666666;0.0;59.908418983333334;10.719687266666666;0.0;1778587750.9995863;-104.875;0.0;0.19;-2.675;-0.594;-127.376;1.842;-8.283;20.058;59.90853586666667;10.7196842;0.0;-13.022057557274072;0.17159273079719117;1.328501745323507e-05;1778587750.9748306;0.025494098663330078;0.0;0.0;-2.223130588020297;-127.376;-0.0;0.0;-1.6645076298830315;-3.9484701451947237;-2.223130588020297;0.25338296007874916;-112.85822578695584;-127.376;14.517774213044152;-1.6645076298830315;-3.9484701451947237;0.25338296007874916;4.284973994954097
2026-05-12_14:09:11:203339;1778587751.2016394;63.88381576538086;-2.463663101196289;0.3194190788269043;-0.02142315740170686;0.3194190788269043;-0.02142315740170686;4.245971194111552;-1.979595407625922;-14.771139505944904;-3.9007611687867976;59.90841843333333;10.719684116666667;0.0;59.90841843333333;10.719684116666667;0.0;1778587751.2006125;-98.663;0.0;0.19;-1.235;-2.008;-121.994;6.137;-1.861;18.517;59.90853586666667;10.7196842;0.0;-13.083333462571751;-0.0046628459543081036;1.3407960858025092e-05;1778587751.1737947;0.027844667434692383;0.0;0.0;-2.1291969676779625;-121.99400000000001;-0.0;0.0;-1.6878060433731523;-3.8960983228324895;-2.1291969676779625;0.14960156005204084;-113.42246200044515;-121.99400000000001;8.571537999554875;-1.6878060433731523;-3.8960983228324895;0.14960156005204084;4.245971194111552
2026-05-12_14:09:11:401828;1778587751.401828;77.7935562133789;-24.211200714111328;0.38896778106689456;-0.2105321801227072;0.38896778106689456;-0.2105321801227072;4.246409943595756;-1.9951135848338009;-14.855713824732703;-4.024644923176062;59.90841821666667;10.719681433333333;0.0;59.90841821666667;10.719681433333333;0.0;1778587751.400581;-86.471;0.0;0.19;-1.235;-2.008;-121.994;6.137;-1.861;18.517;59.90853586666667;10.7196842;0.0;-13.107472450603062;-0.1548064889710612;1.3460118148067579e-05;1778587751.3796217;0.02220630645751953;0.0;0.0;-2.1291969676779625;-121.99400000000001;-0.0;0.0;-1.7482413741296412;-3.869838434205001;-2.1291969676779625;0.13408338284416166;-114.31158806019272;-121.99400000000001;7.682411939807292;-1.7482413741296412;-3.869838434205001;0.13408338284416166;4.246409943595756
2026-05-12_14:09:11:617054;1778587751.6170542;95.38180541992188;-40.860164642333984;0.47690902709960936;-0.3553057794985564;0.47690902709960936;-0.3553057794985564;4.279357656977717;-2.0124382581657567;-14.940288143520503;-4.148528677565327;59.90841818333333;10.7196792;0.0;59.90841818333333;10.7196792;0.0;1778587751.612282;-69.508;0.0;0.19;-1.284;-0.987;-114.148;-1.374;2.202;25.28;59.90853586666667;10.7196842;0.0;-13.11118613457743;-0.2797707635554283;1.3470827935790908e-05;1778587751.5885289;0.028525352478027344;0.0;0.0;-1.9922584345664873;-114.14800000000001;-0.0;0.0;-1.8291020089430727;-3.868757914009899;-1.9922584345664873;-0.020179823599269398;-115.30421872355664;-114.14800000000001;-1.1562187235566348;-1.8291020089430727;-3.868757914009899;-0.020179823599269398;4.279357656977717
2026-05-12_14:09:11:871409;1778587751.8703845;150.0;-6.280731201171875;0.75;-0.054615053923233695;0.75;-0.054615053923233695;4.283932530502288;-2.050910837764993;-15.024862462308302;-4.272412431954592;59.908418766666664;10.71967575;0.0;59.908418766666664;10.71967575;0.0;1778587751.8703845;-46.224;1.4721741544193458;0.19;-0.746;-0.35;-105.515;4.53;1.813;26.964;59.90853586666667;10.7196842;0.0;-13.046196521460875;-0.4728125819143141;1.334883939207998e-05;1778587751.8184822;0.05190229415893555;0.8228433507023513;-1.635068229201741;-1.8415841602418168;-105.515;1.355384192284472;1.2302247702128903;-1.9786659408474279;-3.799599850040278;-1.8415841602418168;-0.20932667752317613;-117.50853516157399;-105.515;-11.993535161573984;-1.9786659408474279;-3.799599850040278;-0.20932667752317613;4.283932530502288
2026-05-12_14:09:12:336084;1778587752.3360841;133.9906463623047;-44.00056838989258;0.6699532318115234;-0.38261363817297894;0.6699532318115234;-0.38261363817297894;4.423098304328299;-2.0881668299418936;-15.109436781096102;-4.396296186343857;59.90841988333333;10.719674333333334;0.0;59.90841988333333;10.719674333333334;0.0;1778587752.3360841;-0.55;3.7479537444740934;0.19;0.021;0.699;-93.721;-2.055;2.278;28.85;59.90853586666667;10.7196842;0.0;-12.92178786320037;-0.5520809449998576;1.3102502547823747e-05;1778587752.296725;0.039359092712402344;0.0;0.0;-1.6357400282616057;-93.721;-0.0;0.0;-2.187648917895732;-3.8442152413439996;-1.6357400282616057;-0.4524268016802879;-119.64314627488281;-93.721;-25.9221462748828;-2.187648917895732;-3.8442152413439996;-0.4524268016802879;4.423098304328299
2026-05-12_14:09:12:772798;1778587752.7727988;109.08940887451172;-29.08487892150879;0.5454470443725586;-0.2529119906218156;0.5454470443725586;-0.2529119906218156;4.642081242543708;-2.1133024709764316;-15.194011099883902;-4.520179940733122;59.908421;10.719674466666667;0.0;59.908421;10.719674466666667;0.0;1778587752.7727988;8.109;0.7062668533204913;0.19;-0.847;1.838;-81.557;-1.821;3.264;26.207;59.90853586666667;10.7196842;0.0;-12.79737921553664;-0.5446203734135442;1.2851101468314141e-05;1778587752.6928282;0.0799705982208252;0.6965730534582991;0.11661410417702257;-1.4234381780490153;-81.557;-0.013075652885129407;0.7061458032154942;-2.3966318843472614;-3.975559567319578;-1.4234381780490153;-0.6898642929274166;-121.08331242151769;-81.557;-39.526312421517694;-2.3966318843472614;-3.975559567319578;-0.6898642929274166;4.642081242543708
2026-05-12_14:09:12:947725;1778587752.9477253;132.84999084472656;-62.50332260131836;0.6642499542236329;-0.5435071530549422;0.6642499542236329;-0.5435071530549422;4.830448580256442;-2.1237367085923906;-15.278585418671701;-4.644063695122387;59.9084215;10.719674666666666;0.0;59.9084215;10.719674666666666;0.0;1778587752.9477253;6.03;0.0;0.19;-0.881;2.0;-80.526;-1.627;3.64;25.923;59.90853586666667;10.7196842;0.0;-12.741673852459694;-0.533429535808132;1.2739644630777036e-05;1778587752.9323282;0.015397071838378906;0.0;0.0;-1.4054438334609538;-80.526;0.0;0.0;-2.536911566212007;-4.110634159314255;-1.4054438334609538;-0.7182928751314366;-121.68115019934878;-80.526;-41.15515019934876;-2.536911566212007;-4.110634159314255;-0.7182928751314366;4.830448580256442
2026-05-12_14:09:13:266662;1778587753.2666626;150.0;-80.09986114501953;0.75;-0.6965205316958221;0.75;-0.6965205316958221;5.039506482785065;-2.1417708019939194;-15.363159737459501;-4.767947449511652;59.90842241666667;10.719674766666667;0.0;59.90842241666667;10.719674766666667;0.0;1778587753.2645926;-7.036;1.3969330592281561;0.19;-0.429;2.288;-69.993;0.919;-2.924;21.776;59.90853586666667;10.7196842;0.0;-12.639547351732457;-0.5278341064102055;1.2535067035024383e-05;1778587753.2313552;0.03530740737915039;1.3147704704949472;-0.02641265638474745;-1.221608303348391;-69.99300000000001;0.4746475982179258;1.2263884686382036;-2.7236123857270442;-4.240113343101447;-1.221608303348391;-0.9201624986455283;-122.71442763860111;-69.99300000000001;-52.72142763860111;-2.7236123857270442;-4.240113343101447;-0.9201624986455283;5.039506482785065
2026-05-12_14:09:13:475304;1778587753.4753041;126.9188232421875;-97.06983184814453;0.6345941162109375;-0.8440854943316916;0.6345941162109375;-0.8440854943316916;5.189449222636377;-2.142581185862074;-15.4477340562473;-4.891831203900917;59.90842241666667;10.719674766666667;0.0;59.90842241666667;10.719674766666667;0.0;1778587753.4753041;-15.444;0.0;0.19;-0.429;2.288;-69.993;0.919;-2.924;21.776;59.90853586666667;10.7196842;0.0;-12.639547351732457;-0.5278341064102055;1.2535067035024383e-05;1778587753.4281752;0.047128915786743164;0.0;0.0;-1.221608303348391;-69.99300000000001;0.0;0.0;-2.808186704514844;-4.363997097490712;-1.221608303348391;-0.9209728825136829;-122.76085921403185;-69.99300000000001;-52.767859214031844;-2.808186704514844;-4.363997097490712;-0.9209728825136829;5.189449222636377
2026-05-12_14:09:13:864818;1778587753.8615863;125.82628631591797;-96.6340103149414;0.6291314315795898;-0.8402957418690558;0.6291314315795898;-0.8402957418690558;5.37044625479365;-2.166950383097148;-15.5323083750351;-5.015714958290182;59.908423516666666;10.719673983333333;0.0;59.908423516666666;10.719673983333333;0.0;1778587753.8615863;-19.7;0.3456745552322805;0.19;-0.469;-0.253;-58.96;0.929;-4.544;14.366;59.90853586666667;10.7196842;0.0;-12.516995542778409;-0.5716648348942661;1.2297916648584817e-05;1778587753.6126487;0.24893760681152344;0.31328137715669685;-0.1461015977375849;-1.0290461269758566;-58.959999999999994;0.286720219256296;0.19308654537355308;-3.0153128322566918;-4.444050123395916;-1.0290461269758566;-1.1379042561212915;-124.15711136572347;-58.959999999999994;-65.19711136572347;-3.0153128322566918;-4.444050123395916;-1.1379042561212915;5.37044625479365
2026-05-12_14:09:14:052997;1778587754.052;104.36028289794922;-93.11998748779297;0.521801414489746;-0.8097390216329824;0.521801414489746;-0.8097390216329824;5.528609067007166;-2.17456924589059;-15.6168826938229;-5.139598712679447;59.908423866666666;10.719673683333333;0.0;59.908423866666666;10.719673683333333;0.0;1778587754.0508492;-31.088;1.3412761472970243;0.19;-0.469;-0.253;-58.96;0.929;-4.544;14.366;59.90853586666667;10.7196842;0.0;-12.478001783859982;-0.5884510718239877;1.2223196030447525e-05;1778587754.0191977;0.03280234336853027;1.188749184176762;-0.5117389553889578;-1.0290461269758566;-58.959999999999994;1.0514240973041453;0.754658034444517;-3.138880909962918;-4.55114764085546;-1.0290461269758566;-1.1455231189147335;-124.59364004847694;-58.959999999999994;-65.63364004847695;-3.138880909962918;-4.55114764085546;-1.1455231189147335;5.528609067007166
2026-05-12_14:09:14:300874;1778587754.3008745;102.94805145263672;-96.94747161865234;0.5147402572631836;-0.8430214923361073;0.5147402572631836;-0.8430214923361073;5.671852477576018;-2.1796483081291287;-15.7014570126107;-5.263482467068712;59.90842405;10.719673283333334;0.0;59.90842405;10.719673283333334;0.0;1778587754.3008745;-62.674;0.4219100689208966;0.19;-0.469;-0.253;-58.96;0.929;-4.544;14.366;59.90853586666667;10.7196842;0.0;-12.457576479661306;-0.6108327257560073;1.2185059835800871e-05;1778587754.2299948;0.07087969779968262;0.28816861291369456;-0.31576960154759365;-1.0290461269758566;-58.959999999999994;0.41914398761628224;0.08408274719138667;-3.243880532949394;-4.652649741312705;-1.0290461269758566;-1.150602181153272;-124.88464887862948;-58.959999999999994;-65.92464887862948;-3.243880532949394;-4.652649741312705;-1.150602181153272;5.671852477576018
2026-05-12_14:09:14:611171;1778587754.6111717;93.4377212524414;-93.59161376953125;0.46718860626220704;-0.8138401197350543;0.46718860626220704;-0.8138401197350543;5.807604244716917;-2.183447510633119;-15.7860313313985;-5.387366221457977;59.90842415;10.719672833333334;0.0;59.90842415;10.719672833333334;0.0;1778587754.6111717;-45.347;0.22648655374806334;0.19;-1.24;2.569;-52.807;0.215;-3.87;6.687;59.90853586666667;10.7196842;0.0;-12.446435403298821;-0.6360120881319837;1.216601622822111e-05;1778587754.4896014;0.12157034873962402;0.09164304024780147;-0.20711762890394314;-0.9216560181006459;-52.807000000000016;0.220389068041127;-0.05219978655717994;-3.339595928099678;-4.751354133325994;-0.9216560181006459;-1.2617914925324731;-125.10232714762365;-52.807000000000016;-72.29532714762364;-3.339595928099678;-4.751354133325994;-1.2617914925324731;5.807604244716917
2026-05-12_14:09:14:937555;1778587754.9203503;80.50635528564453;-84.10814666748047;0.40253177642822263;-0.7313751884128736;0.40253177642822263;-0.7313751884128736;5.946971695521763;-2.188182923978166;-15.870605650186299;-5.511249975847242;59.90842431666667;10.719672366666666;0.0;59.90842431666667;10.719672366666666;0.0;1778587754.9203503;-57.781;0.0;0.19;-0.405;1.022;-51.617;6.155;-8.197;5.098;59.90853586666667;10.7196842;0.0;-12.427866944649203;-0.6621240182406802;1.2132785479401775e-05;1778587754.7777522;0.14259815216064453;0.0;0.0;-0.9008866000019129;-51.61699999999999;0.0;0.0;-3.4427387055370957;-4.849125957606562;-0.9008866000019129;-1.287296323976253;-125.37364634654477;-51.61699999999999;-73.75664634654478;-3.4427387055370957;-4.849125957606562;-1.287296323976253;5.946971695521763
2026-05-12_14:09:15:206720;1778587755.2055607;94.04714965820312;-77.1712646484375;0.4702357482910156;-0.6710544752038043;0.4702357482910156;-0.6710544752038043;6.051057596965038;-2.198796903546018;-15.955179968974099;-5.635133730236507;59.90842456666667;10.719671;0.0;59.90842456666667;10.719671;0.0;1778587755.2045608;-93.117;0.0;0.19;-0.291;2.307;-51.96;-8.46;9.121;-4.981;59.90853586666667;10.7196842;0.0;-12.400014246991997;-0.738594673818006;1.208693575094344e-05;1778587755.1493428;0.05621790885925293;0.0;0.0;-0.9068730793362536;-51.96;0.0;0.0;-3.5551657219821013;-4.896539056418502;-0.9068730793362536;-1.2919238242097646;-125.9817825796208;-51.96;-74.0217825796208;-3.5551657219821013;-4.896539056418502;-1.2919238242097646;6.051057596965038
2026-05-12_14:09:15:534768;1778587755.5347688;78.98640441894531;-83.83255004882812;0.39493202209472655;-0.7289786960767664;0.39493202209472655;-0.7289786960767664;6.140456755220598;-2.2041363026676786;-16.039754287761898;-5.7590174846257725;59.90842451666666;10.719669733333333;0.0;59.90842451666666;10.719669733333333;0.0;1778587755.5347688;-82.625;0.0;0.19;-2.006;3.348;-54.603;1.509;-0.204;-13.169;59.90853586666667;10.7196842;0.0;-12.405584769987467;-0.8094699215839303;1.2106333808326042e-05;1778587755.3945177;0.14025115966796875;0.0;0.0;-0.9530021314664641;-54.603000000000016;0.0;0.0;-3.6341695177744313;-4.949547563041842;-0.9530021314664641;-1.2511341712012145;-126.2877076144278;-54.603000000000016;-71.68470761442778;-3.6341695177744313;-4.949547563041842;-1.2511341712012145;6.140456755220598
2026-05-12_14:09:15:924405;1778587755.924406;4.378889560699463;-61.722679138183594;0.021894447803497315;-0.5367189490276835;0.021894447803497315;-0.5367189490276835;6.102005711782219;-2.230751418792311;-16.124328606549696;-5.8829012390150375;59.908424716666666;10.719665216666666;0.0;59.908424716666666;10.719665216666666;0.0;1778587755.924406;-84.29;0.0;0.19;-0.762;2.815;-57.282;12.26;-4.509;-18.483;59.90853586666667;10.7196842;0.0;-12.383302558283281;-1.0621961232861157;1.2099194737658081e-05;1778587755.708092;0.21631407737731934;0.0;0.0;-0.9997595021273917;-57.282;0.0;0.0;-3.7410260482664146;-4.820705115728922;-0.9997595021273917;-1.2309919166649195;-127.81264143961982;-57.282;-70.53064143961984;-3.7410260482664146;-4.820705115728922;-1.2309919166649195;6.102005711782219
2026-05-12_14:09:16:222242;1778587756.222242;-77.35800170898438;-75.765380859375;-0.38679000854492185;-0.658829398777174;-0.38679000854492185;-0.658829398777174;5.980743394145269;-2.27416933001692;-16.208902925337494;-6.0067849934043025;59.9084251;10.719658366666666;0.0;59.9084251;10.719658366666666;0.0;1778587756.221084;-89.426;0.0;0.19;1.997;1.443;-64.395;-4.535;1.081;-16.918;59.90853586666667;10.7196842;0.0;-12.34059498226242;-1.4454819773622245;1.209198586860083e-05;1778587756.1012301;0.12101197242736816;0.0;0.0;-1.1239047718217483;-64.395;0.0;0.0;-3.8683079430750738;-4.561303016042078;-1.1239047718217483;-1.1502645581951718;-130.3003045080636;-64.395;-65.90530450806361;-3.8683079430750738;-4.561303016042078;-1.1502645581951718;5.980743394145269
2026-05-12_14:09:16:449544;1778587756.4480262;49.83123779296875;-60.45435333251953;0.24915618896484376;-0.5256900289784308;0.24915618896484376;-0.5256900289784308;5.979021318813835;-2.296015176013031;-16.29347724412529;-6.1306687477935675;59.908425216666664;10.7196546;0.0;59.908425216666664;10.7196546;0.0;1778587756.4480262;-95.821;0.0;0.19;-0.69;2.923;-72.342;0.415;-3.178;-20.471;59.90853586666667;10.7196842;0.0;-12.327596975544266;-1.6562425693758231;1.2118257004090083e-05;1778587756.4059036;0.042122602462768555;0.0;0.0;-1.2626060874777378;-72.342;0.0;0.0;-3.965880268581026;-4.474426178417744;-1.2626060874777378;-1.0334090885352931;-131.5519792835335;-72.342;-59.20997928353352;-3.965880268581026;-4.474426178417744;-1.0334090885352931;5.979021318813835
2026-05-12_14:09:16:702489;1778587756.702352;-13.420741081237793;-71.44520568847656;-0.06710370540618897;-0.6212626581606657;-0.06710370540618897;-0.6212626581606657;5.752969234009231;-2.3419493881569444;-16.37805156291309;-6.2545525021828325;59.90842485;10.719646149999999;0.0;59.90842485;10.719646149999999;0.0;1778587756.7015269;-98.959;13.002182639204156;0.19;-0.4;0.84;-76.262;3.036;-13.156;-18.434;59.90853586666667;10.7196842;0.0;-12.368447336276027;-2.129055083302176;1.2336970431015004e-05;1778587756.682668;0.0196840763092041;0.0;0.0;-1.3310229941559155;-76.262;0.0;0.0;-4.009604226637062;-4.125497418880657;-1.3310229941559155;-1.0109263940010287;-134.18381577463833;-76.262;-57.921815774638326;-4.009604226637062;-4.125497418880657;-1.0109263940010287;5.752969234009231
2026-05-12_14:09:16:917174;1778587756.917174;-47.74845504760742;-69.48822784423828;-0.23874227523803712;-0.6042454595151154;-0.23874227523803712;-0.6042454595151154;5.719271525431673;-2.361235107093384;-16.462625881700887;-6.378436256572098;59.908424583333336;10.719642116666666;0.0;59.908424583333336;10.719642116666666;0.0;1778587756.9161716;-104.258;0.0;0.19;0.792;-1.87;-82.046;3.9;1.563;-19.145;59.90853586666667;10.7196842;0.0;-12.398156726514024;-2.354736806047976;1.247421497918566e-05;1778587756.8830574;0.03411674499511719;0.0;0.0;-1.4319728380912677;-82.046;0.0;0.0;-4.064469155186863;-4.023699450524122;-1.4319728380912677;-0.9292622690021162;-135.28880607457185;-82.046;-53.242806074571845;-4.064469155186863;-4.023699450524122;-0.9292622690021162;5.719271525431673
2026-05-12_14:09:17:368364;1778587757.3683643;-150.0;-52.23842239379883;-0.75;-0.4542471512504246;-0.75;-0.4542471512504246;5.543303509197926;-2.391652990187064;-16.547200200488685;-6.502320010961363;59.90842375;10.719635516666667;0.0;59.90842375;10.719635516666667;0.0;1778587757.3683643;-124.073;1.4450577155682474;0.19;2.218;-0.395;-90.723;-0.351;-0.69;-23.212;59.90853586666667;10.7196842;0.0;-12.490998749727515;-2.7240342110344926;1.280115413404559e-05;1778587757.2435193;0.12484502792358398;-0.44619513316877246;-1.3744459627274521;-1.5834150572868155;-90.723;1.3799668027522263;-0.42881630638665014;-4.05620145076117;-3.77828579992687;-1.5834150572868155;-0.8082379329002487;-137.03162239756205;-90.723;-46.308622397562075;-4.05620145076117;-3.77828579992687;-0.8082379329002487;5.543303509197926
2026-05-12_14:09:17:583241;1778587757.5827653;5.437932968139648;-73.01268005371094;0.027189664840698242;-0.634892870032269;0.027189664840698242;-0.634892870032269;5.517029571344783;-2.3955627508426676;-16.631774519276483;-6.626203765350628;59.90842295;10.7196327;0.0;59.90842295;10.7196327;0.0;1778587757.5820143;-139.604;0.0;0.19;2.218;-0.395;-90.723;-0.351;-0.69;-23.212;59.90853586666667;10.7196842;0.0;-12.580127212933164;-2.8816384506453643;1.3046623684509484e-05;1778587757.5448234;0.037941932678222656;0.0;0.0;-1.5834150572868155;-90.723;-0.0;0.0;-4.05164730634332;-3.7445653147052633;-1.5834150572868155;-0.8121476935558523;-137.25563518203444;-90.723;-46.53263518203446;-4.05164730634332;-3.7445653147052633;-0.8121476935558523;5.517029571344783
2026-05-12_14:09:17:892511;1778587757.8925118;-150.0;-62.42416763305664;-0.75;-0.5428188489831012;-0.75;-0.5428188489831012;5.496796749425338;-2.3933503819934936;-16.71634883806428;-6.750087519739893;59.908421983333334;10.7196304;0.0;59.908421983333334;10.7196304;0.0;1778587757.8925118;-153.463;0.0;0.19;0.163;-2.009;-98.857;-9.326;-4.328;-25.216;59.90853586666667;10.7196842;0.0;-12.687824149533348;-3.010333070796792;1.331893237210835e-05;1778587757.7591624;0.13334941864013672;0.0;0.0;-1.7253801386440344;-98.857;-0.0;0.0;-4.028524688530933;-3.7397544489431005;-1.7253801386440344;-0.6679702433494592;-137.12887578425057;-98.857;-38.27187578425056;-4.028524688530933;-3.7397544489431005;-0.6679702433494592;5.496796749425338
2026-05-12_14:09:18:203694;1778587758.1876502;43.78645706176758;-55.553646087646484;0.2189322853088379;-0.483075183370839;0.2189322853088379;-0.483075183370839;5.384093259177722;-2.3797782406439443;-16.80092315685208;-6.873971274129158;59.908420033333336;10.719627766666667;0.0;59.908420033333336;10.719627766666667;0.0;1778587758.1876502;178.563;0.0;0.19;0.007;0.653;-111.961;7.209;6.161;-27.904;59.90853586666667;10.7196842;0.0;-12.905074949460655;-3.157679174671957;1.3824643357196464e-05;1778587758.070545;0.11710524559020996;0.0;0.0;-1.9540880838253714;-111.961;-0.0;0.0;-3.895848207391424;-3.716292099457201;-1.9540880838253714;-0.4256901568185727;-136.3512493659664;-111.961;-24.39024936596638;-3.895848207391424;-3.716292099457201;-0.4256901568185727;5.384093259177722
2026-05-12_14:09:18:616032;1778587758.6140103;41.9080924987793;-35.11576843261719;0.2095404624938965;-0.30535450810971465;0.2095404624938965;-0.30535450810971465;5.3916880835831495;-2.3476756549167295;-16.885497475639877;-6.997855028518423;59.908418233333336;10.71962785;0.0;59.908418233333336;10.71962785;0.0;1778587758.6140103;127.478;9.35807071122932;0.19;0.902;-1.061;-123.442;-3.358;-8.297;-27.003;59.90853586666667;10.7196842;0.0;-13.105614266349775;-3.1530164994278578;1.4230965969197484e-05;1778587758.6025083;0.01150202751159668;0.0;0.0;-2.1544693352468403;-123.44200000000001;-0.0;0.0;-3.7798832092901016;-3.844838529090565;-2.1544693352468403;-0.19320631966988921;-134.51190669234006;-123.44200000000001;-11.069906692340073;-3.7798832092901016;-3.844838529090565;-0.19320631966988921;5.3916880835831495
2026-05-12_14:09:18:817832;1778587758.817832;96.737548828125;-29.92168426513672;0.483687744140625;-0.2601885588272758;0.483687744140625;-0.2601885588272758;5.518076688797866;-2.325191113762418;-16.970071794427675;-7.121738782907688;59.90841746666667;10.719628783333333;0.0;59.90841746666667;10.719628783333333;0.0;1778587758.817832;118.649;0.0;0.19;0.902;-1.061;-123.442;-3.358;-8.297;-27.003;59.90853586666667;10.7196842;0.0;-13.191029203539063;-3.1007926952680744;1.4381726859191701e-05;1778587758.7866504;0.03118157386779785;0.0;0.0;-2.1544693352468403;-123.44200000000001;-0.0;0.0;-3.7790425908886114;-4.020946087639613;-2.1544693352468403;-0.17072177851557768;-133.2236373799098;-123.44200000000001;-9.781637379909814;-3.7790425908886114;-4.020946087639613;-0.17072177851557768;5.518076688797866
2026-05-12_14:09:19:231902;1778587759.2315373;150.0;-11.374832153320312;0.75;-0.09891158394191576;0.75;-0.09891158394191576;5.7183592568785615;-2.2904054322520944;-17.054646113215473;-7.245622537296953;59.90841661666666;10.719631566666667;0.0;59.90841661666666;10.719631566666667;0.0;1778587759.22364;100.242;0.0;0.19;-0.695;0.818;-139.619;-1.95;5.547;-28.871;59.90853586666667;10.7196842;0.0;-13.285728451304191;-2.9450537088206628;1.4504710700080636e-05;1778587759.1689403;0.06259703636169434;0.0;0.0;-2.436811248341963;-139.619;-0.0;0.0;-3.7689176619112814;-4.30056882847629;-2.436811248341963;0.1464058160898687;-131.230564641882;-139.619;8.388435358117997;-3.7689176619112814;-4.30056882847629;0.1464058160898687;5.7183592568785615
2026-05-12_14:09:19:516281;1778587759.5162816;150.0;23.63381004333496;0.75;0.20551139168117358;0.75;0.20551139168117358;5.9795316245115995;-2.2609863996629147;-17.13922043200327;-7.369506291686218;59.9084162;10.7196349;0.0;59.9084162;10.7196349;0.0;1778587759.5162816;99.07;0.9493104295804818;0.19;-1.836;0.899;-148.891;-2.031;-1.026;-24.421;59.90853586666667;10.7196842;0.0;-13.332149732356573;-2.758539892282951;1.4519038279203755e-05;1778587759.418043;0.09823870658874512;-0.18901434890281785;0.9303031052399712;-2.598638176586877;-148.891;-0.3188262541606251;-0.8941700684814905;-3.8070706996466974;-4.610966399403267;-2.598638176586877;0.3376517769239622;-129.5449782371642;-148.891;19.346021762835797;-3.8070706996466974;-4.610966399403267;0.3376517769239622;5.9795316245115995
2026-05-12_14:09:19:707973;1778587759.7079735;150.0;15.803754806518555;0.75;0.1374239548392918;0.75;0.1374239548392918;6.177401103466128;-2.2473035573330002;-17.22379475079107;-7.493390046075483;59.908415983333335;10.719636366666666;0.0;59.908415983333335;10.719636366666666;0.0;1778587759.7076259;110.744;0.0;0.19;-1.836;0.899;-148.891;-2.031;-1.026;-24.421;59.90853586666667;10.7196842;0.0;-13.356288783398307;-2.676473814160513;1.453468224532628e-05;1778587759.6697593;0.03821420669555664;0.0;0.0;-2.598638176586877;-148.891;-0.0;0.0;-3.867505967392761;-4.81691623191497;-2.598638176586877;0.35133461925387666;-128.76100911991713;-148.891;20.129990880082843;-3.867505967392761;-4.81691623191497;0.35133461925387666;6.177401103466128
2026-05-12_14:09:20:134531;1778587760.1345315;150.0;52.981178283691406;0.75;0.4607058981190557;0.75;0.4607058981190557;6.360268716143511;-2.2338560298321966;-17.308369069578866;-7.617273800464748;59.90841565;10.71963765;0.0;59.90841565;10.71963765;0.0;1778587760.1345315;133.102;0.0;0.19;-1.455;1.808;-157.269;6.066;7.213;-27.659;59.90853586666667;10.7196842;0.0;-13.393425743859694;-2.6046660063160036;1.4581514071743129e-05;1778587759.9184577;0.21607375144958496;0.0;0.0;-2.744861861318962;-157.269;-0.0;0.0;-3.9149433257191717;-5.012607794148744;-2.744861861318962;0.5110058314867656;-127.99052254923498;-157.269;29.27847745076502;-3.9149433257191717;-5.012607794148744;0.5110058314867656;6.360268716143511
2026-05-12_14:09:20:373308;1778587760.3712494;150.0;68.40697479248047;0.75;0.5948432590650475;0.75;0.5948432590650475;6.518161714551947;-2.2046205215632195;-17.392943388366664;-7.741157554854013;59.9084144;10.719639716666666;0.0;59.9084144;10.719639716666666;0.0;1778587760.3635073;155.277;0.0;0.19;0.669;2.917;-170.974;-1.474;-1.668;-23.937;59.90853586666667;10.7196842;0.0;-13.532689236487077;-2.489027508868177;1.4829774829472342e-05;1778587760.3231316;0.048117876052856445;0.0;0.0;-2.984059235304785;-170.974;-0.0;0.0;-3.8602541518795874;-5.252130045985836;-2.984059235304785;0.7794387137415653;-126.31545131350278;-170.974;44.65854868649721;-3.8602541518795874;-5.252130045985836;0.7794387137415653;6.518161714551947
2026-05-12_14:09:20:657000;1778587760.6559868;150.0;72.66382598876953;0.75;0.6318593564240829;0.75;0.6318593564240829;6.646605965747393;-2.1869073523825295;-17.477517707154462;-7.865041309243278;59.908413466666666;10.719640583333334;0.0;59.908413466666666;10.719640583333334;0.0;1778587760.6559868;154.899;0.0;0.19;-0.208;2.367;-177.067;-1.516;-2.797;-25.45;59.90853586666667;10.7196842;0.0;-13.636672615205471;-2.440533972760067;1.5032298611217243e-05;1778587760.5587595;0.09722733497619629;0.0;0.0;-3.0904021466287994;-177.067;-0.0;0.0;-3.8408450919489905;-5.424507336483211;-3.0904021466287994;0.9034947942462699;-125.30056147764805;-177.067;51.76643852235196;-3.8408450919489905;-5.424507336483211;0.9034947942462699;6.646605965747393
2026-05-12_14:09:21:032621;1778587761.0326216;135.42086791992188;47.95024108886719;0.6771043395996094;0.4169586181640625;0.6771043395996094;0.4169586181640625;6.729869540887699;-2.140536479662718;-17.56209202594226;-7.988925063632543;59.90841081666667;10.7196427;0.0;59.90841081666667;10.7196427;0.0;1778587761.0326216;160.178;5.215549373559917;0.19;-0.183;1.179;173.582;0.83;-2.597;-17.685;59.90853586666667;10.7196842;0.0;-13.931911124107994;-2.3220978510447288;1.562512748431999e-05;1778587761.0060394;0.02658224105834961;0.0;0.0;3.0295774221967964;173.58199999999997;0.0;-0.0;-3.6301809018342652;-5.666827212587814;3.0295774221967964;1.1130714053200723;-122.64370617846451;173.58199999999997;63.77429382153555;-3.6301809018342652;-5.666827212587814;1.1130714053200723;6.729869540887699
2026-05-12_14:09:21:401095;1778587761.401095;5.952434062957764;110.0;0.029762170314788818;0.9565217391304348;0.029762170314788818;0.9565217391304348;6.798658392620454;-2.0858606187963113;-17.646666344730058;-8.112808818021808;59.90840753333333;10.71964495;0.0;59.90840753333333;10.71964495;0.0;1778587761.401095;154.484;0.0;0.19;-0.268;0.875;168.351;-0.817;-0.83;-14.841;59.90853586666667;10.7196842;0.0;-14.297709762205962;-2.1962011964267223;1.638918439361703e-05;1778587761.3914618;0.009633064270019531;0.0;0.0;2.9382792490249736;168.351;0.0;-0.0;-3.348956582524096;-5.916607621595086;2.9382792490249736;1.2590454393583013;-119.51101010957491;168.351;72.13798989042509;-3.348956582524096;-5.916607621595086;1.2590454393583013;6.798658392620454
2026-05-12_14:09:21:679693;1778587761.6796935;134.13186645507812;64.66317749023438;0.6706593322753907;0.5622884999150816;0.6706593322753907;0.5622884999150816;6.916506926599756;-2.0321365212626477;-17.731240663517855;-8.236692572411073;59.90840435;10.719647683333333;0.0;59.90840435;10.719647683333333;0.0;1778587761.6796935;154.885;2.1858648764527846;0.19;-0.441;0.764;164.538;-0.005;0.242;-12.62;59.90853586666667;10.7196842;0.0;-14.652367340030144;-2.04325999236161;1.714424966259287e-05;1778587761.5917363;0.08795714378356934;-2.0055263013105384;0.869407564289187;2.8717298446464303;164.538;2.1647246242606;-0.30326977958805557;-3.078873323487711;-6.193432580049462;2.8717298446464303;1.3793189412705082;-116.43284606274679;164.538;79.02915393725318;-3.078873323487711;-6.193432580049462;1.3793189412705082;6.916506926599756
2026-05-12_14:09:21:909023;1778587761.9090235;134.29986572265625;69.35025024414062;0.6714993286132812;0.603045654296875;0.6714993286132812;0.603045654296875;7.059597262085654;-2.007971140510396;-17.815814982305653;-8.360576326800338;59.90840278333334;10.719649083333334;0.0;59.90840278333334;10.719649083333334;0.0;1778587761.9090235;155.747;0.0;0.19;-0.366;1.303;161.823;1.439;3.779;-9.802;59.90853586666667;10.7196842;0.0;-14.826910857208407;-1.9649242385591454;1.7522320456819784e-05;1778587761.8604567;0.04856681823730469;0.0;0.0;2.824344155454784;161.823;0.0;-0.0;-2.988904125097246;-6.395652088241192;2.824344155454784;1.4508700112144055;-115.0482717353161;161.823;83.12872826468386;-2.988904125097246;-6.395652088241192;1.4508700112144055;7.059597262085654
2026-05-12_14:09:22:199377;1778587762.1993773;136.89602661132812;73.54447174072266;0.6844801330566406;0.6395171455715014;0.6844801330566406;0.6395171455715014;7.202376372888222;-1.9850392552835074;-17.90038930109345;-8.484460081189603;59.90840121666667;10.7196504;0.0;59.90840121666667;10.7196504;0.0;1778587762.1932416;161.959;0.0;0.19;0.179;2.023;160.253;2.052;0.931;-2.366;59.90853586666667;10.7196842;0.0;-15.001454371965385;-1.891251325703413;1.790717629823746e-05;1778587762.0959706;0.10340666770935059;0.0;0.0;2.796942486198473;160.25300000000001;0.0;-0.0;-2.8989349291280657;-6.59320875548619;2.796942486198473;1.5012035656976055;-113.73437149553698;160.25300000000001;86.012628504463;-2.8989349291280657;-6.59320875548619;1.5012035656976055;7.202376372888222
2026-05-12_14:09:22:493363;1778587762.4933631;79.68521118164062;103.53274536132812;0.3984260559082031;0.9002847422724185;0.3984260559082031;0.9002847422724185;7.340633643484658;-1.9626486395878593;-17.98496361988125;-8.608343835578868;59.9083996;10.7196516;0.0;59.9083996;10.7196516;0.0;1778587762.4933631;166.125;0.0;0.19;0.279;2.064;160.159;0.614;0.246;0.164;59.90853586666667;10.7196842;0.0;-15.181568417042005;-1.8241063968863842;1.8314720725776112e-05;1778587762.3598611;0.13350200653076172;0.0;0.0;2.7953018767015987;160.15900000000002;0.0;-0.0;-2.803395202839244;-6.784237438692484;2.7953018767015987;1.5252347908901278;-112.45148371547695;160.15900000000002;87.38951628452298;-2.803395202839244;-6.784237438692484;1.5252347908901278;7.340633643484658
2026-05-12_14:09:22:909860;1778587762.9098608;121.15465545654297;97.75204467773438;0.6057732772827148;0.8500177798063858;0.6057732772827148;0.8500177798063858;7.428006824520738;-1.90529933021165;-18.069537938669047;-8.732227589968133;59.90839556666667;10.719653533333334;0.0;59.90839556666667;10.719653533333334;0.0;1778587762.9098608;174.983;0.0;0.19;-1.708;2.999;164.169;-8.13;1.534;12.409;59.90853586666667;10.7196842;0.0;-15.630925076501342;-1.7159285161260764;1.936761557441713e-05;1778587762.7537973;0.15606355667114258;0.0;0.0;2.8652895797065714;164.16900000000004;0.0;-0.0;-2.4386128621677052;-7.016299073842056;2.8652895797065714;1.5125963972613645;-109.16561033023014;164.16900000000004;86.66538966976982;-2.4386128621677052;-7.016299073842056;1.5125963972613645;7.428006824520738
2026-05-12_14:09:23:407801;1778587763.4078016;-28.626710891723633;110.0;-0.14313355445861817;0.9565217391304348;-0.14313355445861817;0.9565217391304348;7.521181590424041;-1.875929532516151;-18.154112257456845;-8.856111344357398;59.9083932;10.719654133333334;0.0;59.9083932;10.719654133333334;0.0;1778587763.0843492;178.404;0.0;0.19;-2.572;2.955;166.746;-1.881;-2.45;13.007;59.90853586666667;10.7196842;0.0;-15.894597151061053;-1.6823561213167677;2.0010853915231053e-05;1778587763.0892773;0.3185243606567383;0.0;0.0;2.910266714530465;166.746;0.0;-0.0;-2.259515106395792;-7.17375522304063;2.910266714530465;1.4969890601329698;-107.48284487712498;166.746;85.77115512287497;-2.259515106395792;-7.17375522304063;1.4969890601329698;7.521181590424041
2026-05-12_14:09:23:548012;1778587763.5480127;-150.0;110.0;-0.75;0.9565217391304348;-0.75;0.9565217391304348;7.472833799651614;-1.7689873888808905;-18.238686576244643;-8.979995098746663;59.908385366666664;10.71965465;0.0;59.908385366666664;10.71965465;0.0;1778587763.5480127;-179.169;0.0;0.19;-1.829;2.105;172.562;-1.089;1.158;11.189;59.90853586666667;10.7196842;0.0;-16.767314542462106;-1.653446843570955;2.2234571617651966e-05;1778587763.5318375;0.016175270080566406;0.0;0.0;3.0117750638264553;172.562;0.0;-0.0;-1.4713720337825364;-7.326548255175708;3.0117750638264553;1.5024228544722407;-101.35551139474272;172.562;86.08248860525727;-1.4713720337825364;-7.326548255175708;1.5024228544722407;7.472833799651614
2026-05-12_14:09:23:750900;1778587763.7509005;135.41490173339844;87.96338653564453;0.6770745086669921;0.7648990133534307;0.6770745086669921;0.7648990133534307;7.556027011336786;-1.7374314392529495;-18.32326089503244;-9.103878853135928;59.90838265;10.719654666666667;0.0;59.90838265;10.719654666666667;0.0;1778587763.7509005;-177.273;0.0;0.19;-1.439;2.297;175.818;2.8;-0.884;9.559;59.90853586666667;10.7196842;0.0;-17.069980356608866;-1.6525144084144223;2.303800379355181e-05;1778587763.746883;0.00401759147644043;0.0;0.0;3.06860298427139;175.81799999999998;0.0;-0.0;-1.2532805384235743;-7.451364444721506;3.06860298427139;1.4771508836552467;-99.54748866253428;175.81799999999998;84.63451133746574;-1.2532805384235743;-7.451364444721506;1.4771508836552467;7.556027011336786
2026-05-12_14:09:24:254808;1778587764.2536466;26.777957916259766;101.48977661132812;0.13388978958129882;0.8825197966202446;0.13388978958129882;0.8825197966202446;7.528772776669976;-1.6256994937617282;-18.40783521382024;-9.227762607525193;59.90837435;10.719653633333333;0.0;59.90837435;10.719653633333333;0.0;1778587764.2536466;-172.271;9.152504496318901;0.19;-0.927;1.558;179.988;-2.762;-1.163;10.687;59.90853586666667;10.7196842;0.0;-17.994689379582226;-1.7103341880203744;2.559237313981555e-05;1778587764.2200415;0.033605098724365234;0.0;0.0;3.1413832140795535;179.98799999999997;0.0;-0.0;-0.4131458342380121;-7.517428419504819;3.1413832140795535;1.5161025993383044;-93.14571974910153;179.98799999999997;86.86628025089848;-0.4131458342380121;-7.517428419504819;1.5161025993383044;7.528772776669976
2026-05-12_14:09:24:555263;1778587764.5471256;-150.0;110.0;-0.75;0.9565217391304348;-0.75;0.9565217391304348;7.5983641621954074;-1.5976920138539907;-18.492409532608036;-9.351646361914458;59.908371716666664;10.719652816666667;0.0;59.908371716666664;10.719652816666667;0.0;1778587764.5471256;-166.881;3.314715465116742;0.19;-2.473;1.342;-175.735;-3.474;-1.879;14.689;59.90853586666667;10.7196842;0.0;-18.28807094569231;-1.7560302787232598;2.6439008946610443e-05;1778587764.4575496;0.08957600593566895;0.0;0.0;-3.067154360992235;-175.735;-0.0;0.0;-0.20433858691572482;-7.5956160831911985;-3.067154360992235;1.4694623471382444;-91.54100935559072;-175.735;84.19399064440928;-0.20433858691572482;-7.5956160831911985;1.4694623471382444;7.5983641621954074
2026-05-12_14:09:24:962178;1778587764.960164;-150.0;106.822509765625;-0.75;0.9288913892663043;-0.75;0.9288913892663043;7.655152774397715;-1.570455144536479;-18.576983851395834;-9.475530116303723;59.9083691;10.719651666666667;0.0;59.9083691;10.719651666666667;0.0;1778587764.960164;-161.9;0.0;0.19;-1.853;0.829;-172.271;5.522;-2.266;14.014;59.90853586666667;10.7196842;0.0;-18.579595653657265;-1.8203777874563094;2.729880240970317e-05;1778587764.7234826;0.23668146133422852;0.0;0.0;-3.006696155703151;-172.271;-0.0;0.0;0.0026118022614305403;-7.6551523288474135;-3.006696155703151;1.436241011166672;-89.98045169654793;-172.271;82.29054830345204;0.0026118022614305403;-7.6551523288474135;1.436241011166672;7.655152774397715
2026-05-12_14:09:25:150103;1778587765.1496053;-150.0;92.13860321044922;-0.75;0.8012052453082541;-0.75;0.8012052453082541;7.606095302752508;-1.5070706921139347;-18.661558170183632;-9.599413870692988;59.90836401666667;10.7196483;0.0;59.90836401666667;10.7196483;0.0;1778587765.1496053;-157.798;0.0;0.19;-1.067;0.831;-169.56;-0.995;0.432;13.694;59.90853586666667;10.7196842;0.0;-19.145933427596866;-2.008757353331684;2.90294093172605e-05;1778587765.1233323;0.026273012161254883;0.0;0.0;-2.9593802796815853;-169.56;-0.0;0.0;0.48437525741323384;-7.590656517361304;-2.9593802796815853;1.452309587567651;-86.34879008598838;-169.56;83.21120991401166;0.48437525741323384;-7.590656517361304;1.452309587567651;7.606095302752508
2026-05-12_14:09:25:427644;1778587765.4276443;-55.54025650024414;100.40730285644531;-0.2777012825012207;0.873106981360394;-0.2777012825012207;0.873106981360394;7.637262773308098;-1.4835694961346735;-18.74613248897143;-9.723297625082253;59.908361633333335;10.7196464;0.0;59.908361633333335;10.7196464;0.0;1778587765.4276443;-150.792;0.0;0.19;-1.067;0.831;-169.56;-0.995;0.432;13.694;59.90853586666667;10.7196842;0.0;-19.411462270266355;-2.115070568094551;2.9864511430943708e-05;1778587765.3234553;0.10418891906738281;0.0;0.0;-2.9593802796815853;-169.56;-0.0;0.0;0.6653297812949255;-7.608227056987702;-2.9593802796815853;1.4758107835469119;-85.00227074286688;-169.56;84.55772925713312;0.6653297812949255;-7.608227056987702;1.4758107835469119;7.637262773308098
2026-05-12_14:09:25:599862;1778587765.5948215;-77.17750549316406;100.82269287109375;-0.38588752746582033;0.8767190684442935;-0.38588752746582033;0.8767190684442935;7.645153776955724;-1.462805573988988;-18.830706807759228;-9.847181379471518;59.90835945;10.71964405;0.0;59.90835945;10.71964405;0.0;1778587765.5948215;-142.173;0.0;0.19;-2.828;-0.84;-159.021;-0.564;-10.272;24.921;59.90853586666667;10.7196842;0.0;-19.65470895183169;-2.2465631980428284;3.065346520081391e-05;1778587765.5780432;0.016778230667114258;0.0;0.0;-2.7754400298139026;-159.021;-0.0;0.0;0.8240021440724625;-7.60061818142869;-2.7754400298139026;1.3126344558249148;-83.81258563778088;-159.021;75.20841436221912;0.8240021440724625;-7.60061818142869;1.3126344558249148;7.645153776955724
2026-05-12_14:09:26:016722;1778587766.0161498;-90.39493560791016;99.13538360595703;-0.45197467803955077;0.8620468139648437;-0.45197467803955077;0.8620468139648437;7.491027161462177;-1.4179522686563724;-18.915281126547026;-9.971065133860783;59.90835585;10.719638316666666;0.0;59.90835585;10.719638316666666;0.0;1778587766.0161498;-132.709;0.0;0.19;-3.193;-1.286;-149.124;2.127;8.632;23.816;59.90853586666667;10.7196842;0.0;-20.055787365574467;-2.5673678512523455;3.2023097180200466e-05;1778587765.995073;0.021076679229736328;0.0;0.0;-2.602704793744024;-149.124;-0.0;0.0;1.1405062390274416;-7.403697282608437;-2.602704793744024;1.1847525250876512;-81.24268054501039;-149.124;67.8813194549896;1.1405062390274416;-7.403697282608437;1.1847525250876512;7.491027161462177
2026-05-12_14:09:26:517724;1778587766.5148108;-150.0;66.64508056640625;-0.75;0.5795224397078804;-0.75;0.5795224397078804;7.111727543445538;-1.3567188269408939;-18.999855445334823;-10.094948888250048;59.90835176666667;10.719627983333334;0.0;59.90835176666667;10.719627983333334;0.0;1778587766.5148108;-119.925;5.72058472959225;0.19;-2.62;1.128;-135.097;2.902;0.833;23.855;59.90853586666667;10.7196842;0.0;-20.510714061084457;-3.1455622321906076;3.372631625531142e-05;1778587766.4710124;0.04379844665527344;-1.3416735845782592;-1.4561034124972145;-2.3578874595667796;-135.097;1.978187266753869;0.08426323690653381;1.5108586157496333;-6.94938665605944;-2.3578874595667796;1.0011686326258857;-77.73426276965314;-135.097;57.362737230346866;1.5108586157496333;-6.94938665605944;1.0011686326258857;7.111727543445538
2026-05-12_14:09:26:911434;1778587766.911434;-150.0;60.26417541503906;-0.75;0.5240363079568614;-0.75;0.5240363079568614;6.829600888392346;-1.3274820306391872;-19.08442976412262;-10.218832642639313;59.9083498;10.719620033333333;0.0;59.9083498;10.719620033333333;0.0;1778587766.911434;-110.508;26.683123591873372;0.19;-0.898;0.356;-125.133;0.881;-2.416;22.25;59.90853586666667;10.7196842;0.0;-20.72982142211409;-3.5903988467459276;3.4667632926144165e-05;1778587766.9039602;0.00747370719909668;-0.41482361588442856;-0.7572957039916345;-2.1839828528980645;-125.13300000000001;0.8580515544373131;0.09655540123332318;1.6453916579914676;-6.628433795893386;-2.1839828528980645;0.8565008222588775;-76.05911773508167;-125.13300000000001;49.07388226491835;1.6453916579914676;-6.628433795893386;0.8565008222588775;6.829600888392346
2026-05-12_14:09:27:113889;1778587767.113889;-150.0;18.401060104370117;-0.75;0.16000921829887058;-0.75;0.16000921829887058;6.721567316823388;-1.3225064566379883;-19.16900408291042;-10.342716397028578;59.90834898333333;10.7196158;0.0;59.90834898333333;10.7196158;0.0;1778587767.113889;-106.493;0.0;0.19;-0.898;0.356;-125.133;0.881;-2.416;22.25;59.90853586666667;10.7196842;0.0;-20.82080661441206;-3.8272720076171294;3.5100666307741335e-05;1778587767.0737445;0.04014444351196289;0.0;0.0;-2.1839828528980645;-125.13300000000001;-0.0;0.0;1.651802531501641;-6.515444389411449;-2.1839828528980645;0.861476396260076;-75.77403834415794;-125.13300000000001;49.35896165584205;1.651802531501641;-6.515444389411449;0.861476396260076;6.721567316823388
2026-05-12_14:09:27:324388;1778587767.323257;-125.72870635986328;15.58165454864502;-0.6286435317993164;0.13549264824908713;-0.6286435317993164;0.13549264824908713;6.626214534279078;-1.3219073674138453;-19.253578401698217;-10.466600151417843;59.9083484;10.719611916666667;0.0;59.9083484;10.719611916666667;0.0;1778587767.323257;-99.383;0.0;0.19;-2.235;-0.123;-116.232;-4.064;-2.293;22.804;59.90853586666667;10.7196842;0.0;-20.88579597505103;-4.044561156867159;3.544753736406392e-05;1778587767.302752;0.02050495147705078;0.0;0.0;-2.028631096178049;-116.23199999999999;-0.0;0.0;1.6322175733528113;-6.422038994550684;-2.028631096178049;0.7067237287642039;-75.73971306006278;-116.23199999999999;40.49228693993722;1.6322175733528113;-6.422038994550684;0.7067237287642039;6.626214534279078
2026-05-12_14:09:27:508794;1778587767.5087945;-79.47462463378906;10.13195514678955;-0.3973731231689453;0.08810395779817001;-0.3973731231689453;0.08810395779817001;6.544419689163312;-1.3276693645702624;-19.338152720486015;-10.590483905807108;59.90834815;10.71960845;0.0;59.90834815;10.71960845;0.0;1778587767.5087945;-88.818;7.476950892108462;0.19;-2.648;-0.834;-110.474;0.069;-5.116;24.116;59.90853586666667;10.7196842;0.0;-20.913648440361353;-4.238535991618665;3.5665701352272094e-05;1778587767.4825854;0.026209115982055664;0.0;0.0;-1.9281350378482156;-110.474;-0.0;0.0;1.575495719875338;-6.351947914188443;-1.9281350378482156;0.6004656732779532;-76.06985117869186;-110.474;34.404148821308134;1.575495719875338;-6.351947914188443;0.6004656732779532;6.544419689163312
2026-05-12_14:09:27:721674;1778587767.7216747;-51.55058670043945;-1.3581538200378418;-0.25775293350219725;-0.011810033217720364;-0.25775293350219725;-0.011810033217720364;6.472319589459183;-1.3392397978608521;-19.422727039273813;-10.714367660196373;59.9083482;10.7196053;0.0;59.9083482;10.7196053;0.0;1778587767.7213495;-79.691;0.0;0.19;-2.648;-0.834;-110.474;0.069;-5.116;24.116;59.90853586666667;10.7196842;0.0;-20.908077698072773;-4.41479193730022;3.576476828293096e-05;1778587767.6880453;0.033629417419433594;0.0;0.0;-1.9281350378482156;-110.474;-0.0;0.0;1.4853506587989607;-6.2995757228961535;-1.9281350378482156;0.5888952399873633;-76.73278817338033;-110.474;33.74121182661967;1.4853506587989607;-6.2995757228961535;0.5888952399873633;6.472319589459183
2026-05-12_14:09:28:046239;1778587768.046239;-58.051422119140625;-17.244518280029297;-0.29025711059570314;-0.14995233286981996;-0.29025711059570314;-0.14995233286981996;6.424408345794841;-1.3548392960271303;-19.50730135806161;-10.838251414585638;59.90834841666667;10.71960265;0.0;59.90834841666667;10.71960265;0.0;1778587768.0452383;-62.394;0.0;0.19;-1.933;-1.396;-102.608;6.486;2.487;25.237;59.90853586666667;10.7196842;0.0;-20.883938527504654;-4.5630707241810775;3.579147774779301e-05;1778587767.9152787;0.13096022605895996;0.0;0.0;-1.7908474388863418;-102.608;-0.0;0.0;1.3766371694430433;-6.275180690404561;-1.7908474388863418;0.43600814285921174;-77.62657358083013;-102.608;24.981426419169896;1.3766371694430433;-6.275180690404561;0.43600814285921174;6.424408345794841
2026-05-12_14:09:28:449013;1778587768.4490137;-150.0;-32.685997009277344;-0.75;-0.2842260609502378;-0.75;-0.2842260609502378;6.32696548106852;-1.3818946047856413;-19.59187567684941;-10.962135168974903;59.90834935;10.71959935;0.0;59.90834935;10.71959935;0.0;1778587768.439128;-20.326;0.0;0.19;-0.214;0.394;-93.403;2.991;2.704;26.933;59.90853586666667;10.7196842;0.0;-20.779954948315186;-4.747719682113251;3.558564356076488e-05;1778587768.3608143;0.08819937705993652;0.0;0.0;-1.6301898812402638;-93.403;-0.0;0.0;1.188079271465778;-6.214415486861652;-1.6301898812402638;0.24829527645462246;-79.17672858611614;-93.403;14.22627141388387;1.188079271465778;-6.214415486861652;0.24829527645462246;6.32696548106852
2026-05-12_14:09:28:760148;1778587768.7601485;112.43350219726562;-31.070167541503906;0.5621675109863281;-0.2701753699261209;0.5621675109863281;-0.2701753699261209;6.35392599802511;-1.416678299519983;-19.676449995637206;-11.086018923364168;59.9083505;10.719598283333333;0.0;59.9083505;10.719598283333333;0.0;1778587768.7601485;10.525;0.4691324584710701;0.19;-0.123;0.012;-85.089;-0.772;-0.79;24.834;59.90853586666667;10.7196842;0.0;-20.651832535129167;-4.807404068952918;3.521471128564713e-05;1778587768.614645;0.14550352096557617;0.4594146966878436;-0.10254769968208224;-1.485083207229455;-85.089;0.14150090271568178;0.44894920511514114;0.9753825394919602;-6.27861485441125;-1.485083207229455;0.06840490770947216;-81.16968749026535;-85.089;3.919312509734662;0.9753825394919602;-6.27861485441125;0.06840490770947216;6.35392599802511
2026-05-12_14:09:29:062081;1778587769.0620818;87.9162826538086;-12.42885684967041;0.439581413269043;-0.10807701608409052;0.439581413269043;-0.10807701608409052;6.489542642523826;-1.4492522365569758;-19.761024314425004;-11.209902677753433;59.90835143333334;10.719598983333334;0.0;59.90835143333334;10.719598983333334;0.0;1778587769.0620818;38.273;13.224204848831025;0.19;-0.317;2.324;-73.849;-0.043;0.774;22.639;59.90853586666667;10.7196842;0.0;-20.547849237196726;-4.76823594855668;3.484912325291134e-05;1778587769.0576699;0.004411935806274414;0.0;0.0;-1.2889081993052924;-73.849;0.0;0.0;0.7868249227717214;-6.441666729196753;-1.2889081993052924;-0.16034403725168334;-83.0360366046099;-73.849;-9.187036604609906;0.7868249227717214;-6.441666729196753;-0.16034403725168334;6.489542642523826
2026-05-12_14:09:29:568542;1778587769.568543;149.1315155029297;-56.84435272216797;0.7456575775146485;-0.49429871932319974;0.7456575775146485;-0.49429871932319974;6.655509217150498;-1.4768617908031791;-19.845598633212802;-11.333786432142698;59.90835213333333;10.719600066666667;0.0;59.90835186666666;10.719599583333334;0.0;1778587769.568543;84.23;0.19888732871123982;0.19;0.36;0.025;-64.462;-1.727;-1.553;15.363;59.90853586666667;10.7196842;0.0;-20.46986180584403;-4.7076187289471605;3.455376721994696e-05;1778587769.568543;0.0;0.16866477272208724;0.1172899811884049;-1.1250741424205848;-64.462;-0.03311769246998156;0.20275098936881528;0.6242631726312275;-6.626167703195538;-1.1250741424205848;-0.3517876483825946;-84.61794753715486;-64.462;-20.15594753715487;0.6242631726312275;-6.626167703195538;-0.3517876483825946;6.655509217150498
2026-05-12_14:09:29:876935;1778587769.876935;-42.24402618408203;-38.46320724487305;-0.21122013092041014;-0.33446267169454824;-0.21122013092041014;-0.33446267169454824;6.797820217129844;-1.4926912418022718;-19.9301729520006;-11.457670186531963;59.908352216666664;10.71960055;0.0;59.908352216666664;10.71960055;0.0;1778587769.876935;100.294;0.0;0.19;-0.303;0.549;-61.998;-3.798;5.056;11.183;59.90853586666667;10.7196842;0.0;-20.460577613284137;-4.680574156541837;3.4504545167735046e-05;1778587769.78074;0.09619498252868652;0.0;0.0;-1.0820692296514443;-61.99799999999999;0.0;0.0;0.5304046612835371;-6.777096029990126;-1.0820692296514443;-0.4106220121508275;-85.52490827141202;-61.99799999999999;-23.526908271412022;0.5304046612835371;-6.777096029990126;-0.4106220121508275;6.797820217129844
2026-05-12_14:09:30:499749;1778587770.4997492;147.0287322998047;-68.24559783935547;0.7351436614990234;-0.5934399812117866;0.7351436614990234;-0.5934399812117866;6.974596430361271;-1.5054967433115163;-20.014747270788398;-11.581553940921228;59.90835213333333;10.7196016;0.0;59.90835213333333;10.7196016;0.0;1778587770.4997492;102.386;0.0;0.19;0.21;1.699;-56.436;4.338;-4.871;8.978;59.90853586666667;10.7196842;0.0;-20.469861914175414;-4.62182219122118;3.449099127195154e-05;1778587770.1779542;0.3217949867248535;0.0;0.0;-0.98499401665552;-56.436000000000014;0.0;0.0;0.45511464338701657;-6.959731749700048;-0.98499401665552;-0.5205027266559963;-86.25860946244013;-56.436000000000014;-29.82260946244012;0.45511464338701657;-6.959731749700048;-0.5205027266559963;6.974596430361271
2026-05-12_14:09:30:924490;1778587770.923491;150.0;-71.87195587158203;0.75;-0.6249735293181046;0.75;-0.6249735293181046;7.174514194932536;-1.5116094874447155;-20.099321589576196;-11.705437695310493;59.90835165;10.719603;0.0;59.90835165;10.719603;0.0;1778587770.923491;132.856;0.7673714013666697;0.19;-1.451;0.627;-52.848;-0.763;2.92;5.247;59.90853586666667;10.7196842;0.0;-20.52371052913883;-4.543486287958908;3.4607816967735516e-05;1778587770.890187;0.03330397605895996;-0.7248083735002268;0.2520152561551533;-0.9223716030939633;-52.848;-0.6385999517422771;-0.4254984950217252;0.4243889395626361;-7.1619514073515855;-0.9223716030939633;-0.5892378843507524;-86.6088439025158;-52.848;-33.76084390251581;0.4243889395626361;-7.1619514073515855;-0.5892378843507524;7.174514194932536
2026-05-12_14:09:31:521253;1778587771.5212533;150.0;-82.71775817871094;0.75;-0.7192848537279212;0.75;-0.7192848537279212;7.319055323015564;-1.518762688177752;-20.183895908363993;-11.829321449699759;59.90835128333333;10.719603416666667;0.0;59.90835128333333;10.719603416666667;0.0;1778587771.5212533;148.714;0.0;0.19;-0.461;2.02;-51.733;4.267;4.559;2.675;59.90853586666667;10.7196842;0.0;-20.564561158620222;-4.520172060844047;3.472246199187623e-05;1778587771.3222594;0.19899392127990723;0.0;0.0;-0.9029111819342264;-51.73299999999999;0.0;0.0;0.38066525025622866;-7.309149388855712;-0.9029111819342264;-0.6158515062435255;-87.01869211452868;-51.73299999999999;-35.28569211452868;0.38066525025622866;-7.309149388855712;-0.6158515062435255;7.319055323015564
2026-05-12_14:09:31:793447;1778587771.793448;141.85557556152344;-76.64803314208984;0.7092778778076172;-0.6665046360181726;0.7092778778076172;-0.6665046360181726;7.4409203318608785;-1.524749181611735;-20.26847022715179;-11.953205204089024;59.908350866666666;10.719603416666667;0.0;59.908350866666666;10.719603416666667;0.0;1778587771.793448;-132.952;0.0;0.19;0.381;2.518;-51.794;-0.551;-2.057;-4.116;59.90853586666667;10.7196842;0.0;-20.61098229570463;-4.520172117387723;3.4872959448151164e-05;1778587771.7463868;0.04706120491027832;0.0;0.0;-0.903975832777943;-51.794;0.0;0.0;0.3425120685528391;-7.4330330867013;-0.903975832777943;-0.6207733488337919;-87.36169292237868;-51.794;-35.567692922378676;0.3425120685528391;-7.4330330867013;-0.6207733488337919;7.4409203318608785
2026-05-12_14:09:32:104999;1778587772.104296;142.2297821044922;-56.66532897949219;0.711148910522461;-0.492741991126019;0.711148910522461;-0.492741991126019;7.4483623751467185;-1.52717773810863;-20.35304454593959;-12.077088958478289;59.908350266666666;10.71960135;0.0;59.908350266666666;10.71960135;0.0;1778587772.050047;-109.659;1.181300009820759;0.19;-1.111;2.028;-56.818;-3.079;1.925;-17.74;59.90853586666667;10.7196842;0.0;-20.67782858989581;-4.635811017405754;3.517266343067149e-05;1778587772.050047;0.05424904823303223;0.0;0.0;-0.9916611743981383;-56.818000000000005;0.0;0.0;0.32478404395622107;-7.441277941072535;-0.9916611743981383;-0.5355165637104919;-87.50083895995985;-56.818000000000005;-30.68283895995985;0.32478404395622107;-7.441277941072535;-0.5355165637104919;7.4483623751467185
2026-05-12_14:09:32:432671;1778587772.432672;2.047334671020508;-49.874210357666016;0.01023667335510254;-0.4336887857188349;0.01023667335510254;-0.4336887857188349;7.446955562525972;-1.5345428230716154;-20.437618864727387;-12.200972712867554;59.90835;10.71959915;0.0;59.90835;10.71959915;0.0;1778587772.432672;-94.649;0.0;0.19;-1.234;2.708;-61.277;3.425;3.417;-18.373;59.90853586666667;10.7196842;0.0;-20.707537960351374;-4.758910442767011;3.535904524021305e-05;1778587772.432672;0.0;0.0;0.0;-1.0694854057445653;-61.277;0.0;0.0;0.26991909562398675;-7.442062270100543;-1.0694854057445653;-0.4650574173270501;-87.92282724409417;-61.277;-26.64582724409417;0.26991909562398675;-7.442062270100543;-0.4650574173270501;7.446955562525972
2026-05-12_14:09:32:851384;1778587772.846211;95.06045532226562;-39.93723678588867;0.4753022766113281;-0.3472803198772928;0.4753022766113281;-0.3472803198772928;7.2302465552776525;-1.5428467620435886;-20.522193183515185;-12.324856467256819;59.90834985;10.7195931;0.0;59.90834985;10.7195931;0.0;1778587772.846211;-98.451;0.0;0.19;1.061;2.972;-70.769;2.931;-4.202;-21.45;59.90853586666667;10.7196842;0.0;-20.72424911843452;-5.097433783528667;3.56736485862541e-05;1778587772.6925244;0.1536865234375;0.0;0.0;-1.235152058343867;-70.769;0.0;0.0;0.20205593491933627;-7.227422683728151;-1.235152058343867;-0.3076947036997213;-88.39860790052244;-70.769;-17.629607900522426;0.20205593491933627;-7.227422683728151;-0.3076947036997213;7.2302465552776525
2026-05-12_14:09:33:052428;1778587773.0524282;-150.0;-49.327484130859375;-0.75;-0.4289346446161685;-0.75;-0.4289346446161685;6.889681003823016;-1.54754375049706;-20.606767502302983;-12.448740221646084;59.908349466666664;10.719584816666666;0.0;59.908349466666664;10.719584816666666;0.0;1778587773.0524282;-96.578;8.05881201864983;0.19;0.363;2.033;-74.582;-5.963;-3.612;-16.142;59.90853586666667;10.7196842;0.0;-20.766955899429565;-5.560921698204447;3.619860835790689e-05;1778587773.0219066;0.030521631240844727;0.0;0.0;-1.3017014627224108;-74.582;0.0;0.0;0.16018839712658206;-6.887818523441637;-1.3017014627224108;-0.24584228777464912;-88.66772551532803;-74.582;-14.08572551532803;0.16018839712658206;-6.887818523441637;-0.24584228777464912;6.889681003823016
2026-05-12_14:09:33:276920;1778587773.2769203;-82.29254913330078;-39.2143669128418;-0.4114627456665039;-0.34099449489427647;-0.4114627456665039;-0.34099449489427647;6.754969220553372;-1.5568532300200366;-20.69134182109078;-12.572623976035349;59.9083493;10.719580216666667;0.0;59.9083493;10.719580216666667;0.0;1778587773.2698767;-96.127;10.406860939235257;0.19;-1.07;1.858;-78.172;-3.493;1.946;-13.877;59.90853586666667;10.7196842;0.0;-20.785523958917526;-5.818311361450663;3.6487902601578526e-05;1778587773.2458634;0.031056880950927734;0.0;0.0;-1.3643587828690071;-78.172;0.0;0.0;0.09418213782674556;-6.754312614584686;-1.3643587828690071;-0.19249444715102948;-89.20111940145806;-78.172;-11.029119401458063;0.09418213782674556;-6.754312614584686;-0.19249444715102948;6.754969220553372
2026-05-12_14:09:33:476866;1778587773.476866;-102.21764373779297;-37.893150329589844;-0.5110882186889648;-0.3295056550399117;-0.5110882186889648;-0.3295056550399117;6.878203079318983;-1.5693994761854277;-20.77591613987858;-12.696507730424614;59.9083493;10.719580216666667;0.0;59.9083493;10.719580216666667;0.0;1778587773.4700499;-97.336;0.0;0.19;-0.933;2.388;-80.992;4.118;2.464;-13.956;59.90853586666667;10.7196842;0.0;-20.785523958917526;-5.818311361450663;3.6487902601578526e-05;1778587773.425337;0.0515289306640625;0.0;0.0;-1.4135770677752475;-80.992;0.0;0.0;0.009607819038947696;-6.878196368973951;-1.4135770677752475;-0.15582240841018002;-89.91996635546715;-80.992;-8.92796635546714;0.009607819038947696;-6.878196368973951;-0.15582240841018002;6.878203079318983
2026-05-12_14:09:33:782249;1778587773.7822495;-116.51242065429688;-36.493507385253906;-0.5825621032714844;-0.3173348468282948;-0.5825621032714844;-0.3173348468282948;6.455664949407941;-1.5755058678704075;-20.860490458666376;-12.820391484813879;59.9083489;10.71957045;0.0;59.9083489;10.71957045;0.0;1778587773.775102;-98.548;1.8741231239394702;0.19;-0.933;2.388;-80.992;4.118;2.464;-13.956;59.90853586666667;10.7196842;0.0;-20.830087351806718;-6.364798127878553;3.7153166326575615e-05;1778587773.625266;0.1569833755493164;-0.15376482364865365;-1.782172061255111;-1.4135770677752475;-80.992;1.736116298825211;-0.4309072682880196;-0.030403106859658635;-6.455593356935326;-1.4135770677752475;-0.16192880009515997;-90.26983682707028;-80.992;-9.277836827070269;-0.030403106859658635;-6.455593356935326;-0.16192880009515997;6.455664949407941
2026-05-12_14:09:34:137537;1778587774.1375372;-150.0;-53.31580352783203;-0.75;-0.4636156828507133;-0.75;-0.4636156828507133;6.030465930614596;-1.5803174927643149;-20.945064777454174;-12.944275239203144;59.90834838333333;10.719560633333334;0.0;59.90834838333333;10.719560633333334;0.0;1778587774.1363935;-99.465;0.0;0.19;0.317;1.046;-87.194;-2.131;-2.086;-5.822;59.90853586666667;10.7196842;0.0;-20.88764857795302;-6.914082645235833;3.7912051302768646e-05;1778587774.0798607;0.05767655372619629;0.0;0.0;-1.5218223879839357;-87.194;0.0;0.0;-0.05741619950115506;-6.03019259396731;-1.5218223879839357;-0.058495104780379226;-90.54552262609126;-87.194;-3.351522626091256;-0.05741619950115506;-6.03019259396731;-0.058495104780379226;6.030465930614596
2026-05-12_14:09:34:594970;1778587774.594971;-150.0;-72.95828247070312;-0.75;-0.6344198475713315;-0.75;-0.6344198475713315;5.907942560468169;-1.589173939796448;-21.029639096241972;-13.068158993592409;59.90834808333334;10.719556216666668;0.0;59.90834808333334;10.719556216666668;0.0;1778587774.594971;-98.896;0.0;0.19;-0.314;0.622;-88.384;-2.505;-1.655;-3.944;59.90853586666667;10.7196842;0.0;-20.921071325690463;-7.1612140694384125;3.829440002434126e-05;1778587774.30769;0.2872810363769531;0.0;0.0;-1.5425918060826682;-88.384;0.0;0.0;-0.10856777055150957;-5.906944924153996;-1.5425918060826682;-0.046582133713779506;-91.05295966251364;-88.384;-2.6689596625136294;-0.10856777055150957;-5.906944924153996;-0.046582133713779506;5.907942560468169
2026-05-12_14:09:34:839649;1778587774.8396497;-150.0;-52.84838104248047;-0.75;-0.4595511394998302;-0.75;-0.4595511394998302;5.583908059676958;-1.5950793374705392;-21.11421341502977;-13.192042747981674;59.90834756666667;10.7195482;0.0;59.90834756666667;10.7195482;0.0;1778587774.834559;-96.636;0.0;0.19;-0.151;-0.154;-89.962;1.654;-2.037;-2.287;59.90853586666667;10.7196842;0.0;-20.97863264145214;-7.6097809238855145;3.9001354616985395e-05;1778587774.7923563;0.04729342460632324;0.0;0.0;-1.5701331016791389;-89.962;0.0;0.0;-0.13558077357762954;-5.582261824096159;-1.5701331016791389;-0.02494623579140054;-91.39131402558544;-89.962;-1.429314025585448;-0.13558077357762954;-5.582261824096159;-0.02494623579140054;5.583908059676958
2026-05-12_14:09:35:049210;1778587775.04921;-32.16265869140625;-30.39031410217285;-0.16081329345703124;-0.26426360088845957;-0.16081329345703124;-0.26426360088845957;5.2991710597823625;-1.606392350070004;-21.198787733817568;-13.315926502370939;59.908347283333335;10.719540866666666;0.0;59.908347283333335;10.719540866666666;0.0;1778587775.04921;-97.403;4.840626576052475;0.19;-0.245;-0.739;-90.349;-1.208;-1.639;-0.735;59.90853586666667;10.7196842;0.0;-21.01019814957302;-8.020112316662626;3.960607601349864e-05;1778587775.0176332;0.03157687187194824;0.0;0.0;-1.5768875258843569;-90.349;-0.0;0.0;-0.18858958424454642;-5.295814185708313;-1.5768875258843569;-0.02950482418564704;-92.0395019011131;-90.349;-1.6905019011130915;-0.18858958424454642;-5.295814185708313;-0.02950482418564704;5.2991710597823625
2026-05-12_14:09:35:583372;1778587775.5833724;-9.534220695495605;-26.757400512695312;-0.04767110347747803;-0.23267304793648097;-0.04767110347747803;-0.23267304793648097;5.237330923347545;-1.618717342746098;-21.283362052605366;-13.439810256760204;59.90834708333333;10.7195375;0.0;59.90834708333333;10.7195375;0.0;1778587775.5833724;-99.48;0.0;0.19;-0.666;-0.75;-91.067;-0.769;1.457;-2.864;59.90853586666667;10.7196842;0.0;-21.032479881581462;-8.208491748304159;3.991917570722592e-05;1778587775.3017135;0.2816588878631592;0.0;0.0;-1.589418989913676;-91.067;-0.0;0.0;-0.2508821710239033;-5.231318508456045;-1.589418989913676;-0.02929835283242177;-92.74567196398293;-91.067;-1.6786719639829286;-0.2508821710239033;-5.231318508456045;-0.02929835283242177;5.237330923347545
2026-05-12_14:09:35:972382;1778587775.9723828;-150.0;-50.3488883972168;-0.75;-0.43781642084536343;-0.75;-0.43781642084536343;4.899601413848686;-1.6275447277567978;-21.367936371393164;-13.563694011149469;59.908346566666665;10.719529216666666;0.0;59.908346566666665;10.719529216666666;0.0;1778587775.970568;-109.493;0.0;0.19;-0.261;1.046;-92.717;3.214;-0.241;-4.803;59.90853586666667;10.7196842;0.0;-21.0900410366746;-8.671979771996726;4.072031101109985e-05;1778587775.9406815;0.03170132637023926;0.0;0.0;-1.6182169225715826;-92.717;-0.0;0.0;-0.27789533471856487;-4.891714239152742;-1.6182169225715826;-0.009327805185215254;-93.25144386923309;-92.717;-0.5344438692330792;-0.27789533471856487;-4.891714239152742;-0.009327805185215254;4.899601413848686
2026-05-12_14:09:36:213742;1778587776.208986;150.0;30.30402374267578;0.75;0.26351324993631114;0.75;0.26351324993631114;4.900759702542706;-1.6379888607020237;-21.45251069018096;-13.687577765538734;59.90834626666667;10.719526966666667;0.0;59.90834626666667;10.719526966666667;0.0;1778587776.208986;-116.425;0.0;0.19;0.034;0.325;-94.349;-2.109;-0.398;-4.987;59.90853586666667;10.7196842;0.0;-21.123463956883665;-8.79787696596287;4.100271575602221e-05;1778587776.1673632;0.04162287712097168;0.0;0.0;-1.6467006959641302;-94.34900000000002;-0.0;0.0;-0.3290467332972966;-4.889700799575865;-1.6467006959641302;0.008711835262106504;-93.84984860766806;-94.34900000000002;0.49915139233195;-0.3290467332972966;-4.889700799575865;0.008711835262106504;4.900759702542706
2026-05-12_14:09:36:438571;1778587776.4385712;150.0;-26.707172393798828;0.75;-0.2322362816852072;0.75;-0.2322362816852072;4.920904622054793;-1.6477567660093426;-21.53708500896876;-13.811461519927999;59.90834595;10.71952505;0.0;59.90834595;10.71952505;0.0;1778587776.4315996;-121.079;0.0;0.19;0.034;0.325;-94.349;-2.109;-0.398;-4.987;59.90853586666667;10.7196842;0.0;-21.158743766299423;-8.905122742035093;4.126795636771874e-05;1778587776.3982794;0.040291786193847656;0.0;0.0;-1.6467006959641302;-94.34900000000002;-0.0;0.0;-0.378341242669336;-4.9063387778929055;-1.6467006959641302;-0.001056070045212465;-94.40950835646088;-94.34900000000002;-0.06050835646086427;-0.378341242669336;-4.9063387778929055;-0.001056070045212465;4.920904622054793
2026-05-12_14:09:36:679246;1778587776.6782231;150.0;-28.31385040283203;0.75;-0.24620739480723505;0.75;-0.24620739480723505;4.863480719788467;-1.6496429123345613;-21.621659327756557;-13.935345274317264;59.908345233333335;10.7195218;0.0;59.908345233333335;10.7195218;0.0;1778587776.66912;-126.252;1.5025680507128847;0.19;-1.115;1.615;-96.253;-0.375;2.43;-6.068;59.90853586666667;10.7196842;0.0;-21.238587679514715;-9.086974328930822;4.178973105339878e-05;1778587776.6042235;0.07399964332580566;-0.5771275242159424;-1.184624653695739;-1.679931764922102;-96.253;1.2404369997276885;-0.4446659409691087;-0.3830716482418417;-4.848370945386442;-1.679931764922102;0.03028885258754066;-94.51757658044002;-96.253;1.7354234195599827;-0.3830716482418417;-4.848370945386442;0.03028885258754066;4.863480719788467
2026-05-12_14:09:36:853025;1778587776.8520255;150.0;-23.604522705078125;0.75;-0.2052567191745924;0.75;-0.2052567191745924;4.910635560774554;-1.6578186099606218;-21.706233646544355;-14.059229028706529;59.90834486666667;10.719520366666666;0.0;59.90834486666667;10.719520366666666;0.0;1778587776.8520255;-128.857;8.068877222541133;0.19;-0.044;0.243;-98.54;6.089;-8.737;-8.869;59.90853586666667;10.7196842;0.0;-21.27943808299404;-9.167175558263121;4.204072187263819e-05;1778587776.8442545;0.007771015167236328;0.0;0.0;-1.7198474449152124;-98.54;-0.0;0.0;-0.4267955635503142;-4.8920534704434075;-1.7198474449152124;0.06202883495459055;-94.9860095489884;-98.54;3.553990451011594;-0.4267955635503142;-4.8920534704434075;0.06202883495459055;4.910635560774554
2026-05-12_14:09:37:036722;1778587777.0367227;150.0;-25.362873077392578;0.75;-0.22054672241210938;0.75;-0.22054672241210938;4.962002272686633;-1.6661394416766446;-21.790807965332153;-14.183112783095794;59.908344516666666;10.719519;0.0;59.90834486666667;10.719520366666666;0.0;1778587777.0367227;-127.304;0.0;0.19;0.753;-0.919;-99.838;3.621;-5.378;-7.208;59.90853586666667;10.7196842;0.0;-21.318431646824365;-9.243646499390605;4.228015910179295e-05;1778587777.0367227;0.0;0.0;0.0;-1.7425018186060985;-99.838;-0.0;0.0;-0.47237631850778783;-4.939466283705189;-1.7425018186060985;0.07636237692945391;-95.46275808835512;-99.838;4.375241911644876;-0.47237631850778783;-4.939466283705189;0.07636237692945391;4.962002272686633
2026-05-12_14:09:37:274389;1778587777.2743893;150.0;-25.201162338256836;0.75;-0.21914054207179856;0.75;-0.21914054207179856;5.023752728038065;-1.6755679768817786;-21.87538228411995;-14.306996537485059;59.90834423333333;10.7195178;0.0;59.90834423333333;10.7195178;0.0;1778587777.2743893;-127.307;1.7814524021625198;0.19;0.753;-0.919;-99.838;3.621;-5.378;-7.208;59.90853586666667;10.7196842;0.0;-21.349997853028388;-9.310791710615318;4.248358396985452e-05;1778587777.2327406;0.04164862632751465;-0.7579171028545708;-1.6121830933077796;-1.7425018186060985;-99.838;1.7179756064307494;-0.4713093218426785;-0.5253844310915632;-4.996204826869741;-1.7425018186060985;0.06693384172432015;-96.0029733625998;-99.838;3.8350266374001976;-0.5253844310915632;-4.996204826869741;0.06693384172432015;5.023752728038065
2026-05-12_14:09:37:576618;1778587777.5756137;150.0;-23.246219635009766;0.75;-0.20214104030443275;0.75;-0.20214104030443275;5.093774216868032;-1.6853245130829189;-21.95995660290775;-14.430880291874324;59.90834398333333;10.719516733333334;0.0;59.90834398333333;10.719516733333334;0.0;1778587777.5722013;-128.058;0.0;0.19;-1.149;2.654;-102.126;-4.696;3.038;-3.656;59.90853586666667;10.7196842;0.0;-21.37785038318875;-9.370476343433648;4.266309221812037e-05;1778587777.5357132;0.03990054130554199;0.0;0.0;-1.782434951891729;-102.126;-0.0;0.0;-0.5821062197189981;-5.060403948440676;-1.782434951891729;0.09711043880881043;-96.56198170959175;-102.126;5.564018290408275;-0.5821062197189981;-5.060403948440676;0.09711043880881043;5.093774216868032
2026-05-12_14:09:37:879384;1778587777.878165;150.0;-1.0690644979476929;0.75;-0.009296213025632112;0.75;-0.009296213025632112;5.157573497266564;-1.6931634913312934;-22.044530921695547;-14.554764046263589;59.90834365;10.719515566666667;0.0;59.90834365;10.719515566666667;0.0;1778587777.8701468;-123.856;0.0;0.19;-1.66;1.809;-102.896;-0.433;-7.993;-3.65;59.90853586666667;10.7196842;0.0;-21.41498712829164;-9.43575642838558;4.288423417619924e-05;1778587777.752705;0.12545990943908691;0.0;0.0;-1.7958739871320852;-102.896;-0.0;0.0;-0.6295437934039079;-5.119007617878008;-1.7958739871320852;0.10271049580079161;-97.01112207891846;-102.896;5.884877921081524;-0.6295437934039079;-5.119007617878008;0.10271049580079161;5.157573497266564
2026-05-12_14:09:38:214468;1778587778.214469;150.0;-24.5717716217041;0.75;-0.2136675793191661;0.75;-0.2136675793191661;5.1418084087802605;-1.6966513053565517;-22.129105240483344;-14.678647800652854;59.90834303333333;10.719513033333333;0.0;59.90834303333333;10.719513033333333;0.0;1778587778.2090058;-121.177;0.0;0.19;0.158;0.665;-103.875;4.179;8.823;-1.726;59.90853586666667;10.7196842;0.0;-21.48369004699149;-9.577507443770555;4.3324466984628884e-05;1778587778.162528;0.05194091796875;0.0;0.0;-1.8129607605091098;-103.875;-0.0;0.0;-0.6454151934918535;-5.101140356882299;-1.8129607605091098;0.11630945515255808;-97.21095910229229;-103.875;6.664040897707705;-0.6454151934918535;-5.101140356882299;0.11630945515255808;5.1418084087802605
2026-05-12_14:09:38:450825;1778587778.4508252;150.0;-10.788100242614746;0.75;-0.09380956732708474;0.75;-0.09380956732708474;5.14776093046922;-1.7043431634036623;-22.213679559271142;-14.802531555042119;59.90834263333333;10.719510833333333;0.0;59.90834263333333;10.719510833333333;0.0;1778587778.4483368;-127.971;3.4406093466813634;0.19;0.401;2.123;-104.497;-0.637;4.559;-3.854;59.90853586666667;10.7196842;0.0;-21.528254018362833;-9.700606974539593;4.3660969819114825e-05;1778587778.4286675;0.022157669067382812;0.0;0.0;-1.8238167084565144;-104.497;-0.0;0.0;-0.6854255409083088;-5.101924580502526;-1.8238167084565144;0.1194735450528519;-97.65167010500548;-104.497;6.84532989499451;-0.6854255409083088;-5.101924580502526;0.1194735450528519;5.14776093046922
2026-05-12_14:09:38:738515;1778587778.7379992;150.0;-19.64307403564453;0.75;-0.17080933944038723;0.75;-0.17080933944038723;5.2041388170022955;-1.711008016081506;-22.29825387805894;-14.926415309431384;59.90834225;10.719509533333333;0.0;59.90834225;10.719509533333333;0.0;1778587778.7357273;-126.207;0.0;0.19;-0.057;2.18;-105.205;-3.92;-2.247;-4.44;59.90853586666667;10.7196842;0.0;-21.570961272989287;-9.773347650915628;4.391577489393228e-05;1778587778.7079594;0.03003978729248047;0.0;0.0;-1.8361736395606343;-105.205;-0.0;0.0;-0.7272926050696533;-5.153067658515756;-1.8361736395606343;0.1251656234791283;-98.03353803452238;-105.205;7.171461965477615;-0.7272926050696533;-5.153067658515756;0.1251656234791283;5.2041388170022955
2026-05-12_14:09:38:978058;1778587778.978058;150.0;15.914314270019531;0.75;0.1383853414784307;0.75;0.1383853414784307;5.247936629698533;-1.7168174296933394;-22.382828196846738;-15.050299063820649;59.90834181666666;10.719508016666667;0.0;59.90834181666666;10.719508016666667;0.0;1778587778.978058;-131.85;0.0;0.19;-1.092;1.752;-106.458;-3.666;-0.194;-6.21;59.90853586666667;10.7196842;0.0;-21.61923902971414;-9.858211771298562;4.420962222084768e-05;1778587778.911559;0.06649899482727051;0.0;0.0;-1.8580426150881233;-106.458;-0.0;0.0;-0.7635891671325972;-5.192087292522087;-1.8580426150881233;0.1412251853947839;-98.36639291592628;-106.458;8.091607084073713;-0.7635891671325972;-5.192087292522087;0.1412251853947839;5.247936629698533
2026-05-12_14:09:39:309228;1778587779.3092282;150.0;30.748973846435547;0.75;0.26738238127335257;0.75;0.26738238127335257;5.2801856296533005;-1.7196688508011277;-22.467402515634536;-15.174182818209914;59.90834123333333;10.719506333333333;0.0;59.90834123333333;10.719506333333333;0.0;1778587779.3061385;-135.005;0.0;0.19;-1.332;2.808;-109.463;2.877;5.813;-13.901;59.90853586666667;10.7196842;0.0;-21.684228369900485;-9.952401652644761;4.4576956316433325e-05;1778587779.158559;0.15066909790039062;0.0;0.0;-1.9104897591105527;-109.463;-0.0;0.0;-0.7831741457340513;-5.221781165565153;-1.9104897591105527;0.190820908309425;-98.52976731101708;-109.463;10.933232688982914;-0.7831741457340513;-5.221781165565153;0.190820908309425;5.2801856296533005
2026-05-12_14:09:39:590682;1778587779.5906825;125.48301696777344;-5.401642799377441;0.6274150848388672;-0.04697080695110819;0.6274150848388672;-0.04697080695110819;5.122734142926138;-1.6959304425973318;-22.551976834422334;-15.29806657259918;59.90833918333333;10.719501633333334;0.0;59.90833918333333;10.719501633333334;0.0;1778587779.5906825;-134.154;0.0;0.19;0.701;2.962;-116.457;4.276;-3.424;-16.173;59.90853586666667;10.7196842;0.0;-21.91261964760695;-10.215387408342526;4.577041963393924e-05;1778587779.5268312;0.06385135650634766;0.0;0.0;-2.0325580869950364;-116.45700000000001;-0.0;0.0;-0.6393571868153849;-5.082679164256653;-2.0325580869950364;0.33662764439770454;-97.16965670858085;-116.45700000000001;19.287343291419162;-0.6393571868153849;-5.082679164256653;0.33662764439770454;5.122734142926138
2026-05-12_14:09:39:871397;1778587779.871397;-150.0;-18.57525062561035;-0.75;-0.16152391848356829;-0.75;-0.16152391848356829;4.829679608694138;-1.653887369762318;-22.63655115321013;-15.421950326988444;59.908336283333334;10.7194946;0.0;59.908336283333334;10.7194946;0.0;1778587779.8707206;-128.449;7.424739084724946;0.19;0.436;3.149;-120.003;-2.909;2.608;-6.799;59.90853586666667;10.7196842;0.0;-22.23570965218399;-10.608933475398262;4.752864610502172e-05;1778587779.844432;0.026964902877807617;0.0;0.0;-2.094447462270755;-120.003;-0.0;0.0;-0.400841501026143;-4.8130168515901826;-2.094447462270755;0.440560092508437;-94.76076607737343;-120.003;25.242233922626557;-0.400841501026143;-4.8130168515901826;0.440560092508437;4.829679608694138
2026-05-12_14:09:40:087452;1778587780.087452;-92.91046905517578;36.21664047241211;-0.4645523452758789;0.31492730845575745;-0.4645523452758789;0.31492730845575745;4.70136305788915;-1.6381561582754378;-22.72112547199793;-15.54583408137771;59.90833476666667;10.7194902;0.0;59.90833476666667;10.7194902;0.0;1778587780.083908;-124.468;4.747979428536957;0.19;0.436;3.149;-120.003;-2.909;2.608;-6.799;59.90853586666667;10.7196842;0.0;-22.404681877820096;-10.855132848748559;4.8533962139885034e-05;1778587780.0347526;0.05269932746887207;0.0;0.0;-2.094447462270755;-120.003;-0.0;0.0;-0.31644359417783363;-4.69070123262915;-2.094447462270755;0.45629130399531714;-93.85943405254747;-120.003;26.14356594745251;-0.31644359417783363;-4.69070123262915;0.45629130399531714;4.70136305788915
2026-05-12_14:09:40:328302;1778587780.3272576;-150.0;35.127288818359375;-0.75;0.30545468537703807;-0.75;0.30545468537703807;4.546984616750426;-1.6206247327675596;-22.805699790785727;-15.669717835766974;59.9083332;10.719485316666667;0.0;59.9083332;10.719485316666667;0.0;1778587780.3272576;-122.944;0.0;0.19;-0.824;3.669;-120.395;-3.527;0.939;1.112;59.90853586666667;10.7196842;0.0;-22.579224540607406;-11.12837683711672;4.961810885539819e-05;1778587780.2786953;0.04856228828430176;0.0;0.0;-2.101289152938573;-120.395;-0.0;0.0;-0.22647525017832137;-4.541340998650254;-2.101289152938573;0.4806644201710135;-92.85495736209805;-120.395;27.54004263790195;-0.22647525017832137;-4.541340998650254;0.4806644201710135;4.546984616750426
2026-05-12_14:09:40:612604;1778587780.6126044;-150.0;72.79503631591797;-0.75;0.633000315790591;-0.75;0.633000315790591;4.3696960330043;-1.600765474586328;-22.890274109573525;-15.79360159015624;59.908331583333336;10.71948;0.0;59.908331583333336;10.71948;0.0;1778587780.6126044;-121.29;0.0;0.19;-1.388;3.498;-120.186;-0.447;-2.428;1.266;59.90853586666667;10.7196842;0.0;-22.759337645504353;-11.425867731136144;5.07814421144559e-05;1778587780.5402586;0.07234573364257812;0.0;0.0;-2.097641414801905;-120.18600000000002;-0.0;0.0;-0.1309364640691726;-4.367733859020095;-2.097641414801905;0.4968759402155771;-91.71710568405284;-120.18600000000002;28.468894315947182;-0.1309364640691726;-4.367733859020095;0.4968759402155771;4.3696960330043
2026-05-12_14:09:40:852691;1778587780.852691;-150.0;27.66326332092285;-0.75;0.24055011583411176;-0.75;0.24055011583411176;3.8850084685049273;-1.5359293427421115;-22.974848428361323;-15.917485344545504;59.90832843333333;10.719469116666666;0.0;59.90832843333333;10.719469116666666;0.0;1778587780.852691;-120.474;53.55432612585788;0.19;-1.255;2.226;-119.783;2.278;-4.966;1.179;59.90853586666667;10.7196842;0.0;-23.11027951204194;-12.03483815198112;5.3160205334634725e-05;1778587780.846255;0.006435871124267578;0.0;0.0;-2.090607737916368;-119.78300000000002;-0.0;0.0;0.1354310836806185;-3.8826471925643844;-2.090607737916368;0.5546783951742564;-88.00226896942547;-119.78300000000002;31.780731030574543;0.1354310836806185;-3.8826471925643844;0.5546783951742564;3.8850084685049273
2026-05-12_14:09:41:098955;1778587781.0989556;-150.0;25.222396850585938;-0.75;0.21932519000509512;-0.75;0.21932519000509512;3.7371496399496764;-1.5154234801558626;-23.05942274714912;-16.04136909893477;59.908327033333336;10.7194642;0.0;59.908327033333336;10.7194642;0.0;1778587781.0959635;-120.01;6.484459055502222;0.19;-0.625;1.653;-119.547;3.49;-1.145;1.27;59.90853586666667;10.7196842;0.0;-23.266253627383165;-12.30994732990924;5.425073683085202e-05;1778587781.0482056;0.050750017166137695;0.0;0.0;-2.086488760881661;-119.54699999999998;-0.0;0.0;0.20683088023404395;-3.7314217690255287;-2.086488760881661;0.5710652807257981;-86.82736958795819;-119.54699999999998;32.71963041204179;0.20683088023404395;-3.7314217690255287;0.5710652807257981;3.7371496399496764
2026-05-12_14:09:41:570024;1778587781.5700247;-150.0;24.823925018310547;-0.75;0.2158602175505265;-0.75;0.2158602175505265;3.3915538931646907;-1.4589627176650684;-23.14399706593692;-16.165252853324034;59.90832473333333;10.719455533333333;0.0;59.90832473333333;10.719455533333333;0.0;1778587781.5700247;-118.284;1.658698381849855;0.19;-0.697;-0.048;-118.015;-2.848;-4.041;2.804;59.90853586666667;10.7196842;0.0;-23.522496658632072;-12.794885533791907;5.6141556196820375e-05;1778587781.5507398;0.019284963607788086;0.0;0.0;-2.059750316741108;-118.01500000000001;-0.0;0.0;0.3784995926951531;-3.370367319532127;-2.059750316741108;0.6007875990760398;-83.59240618914514;-118.01500000000001;34.42259381085488;0.3784995926951531;-3.370367319532127;0.6007875990760398;3.3915538931646907
2026-05-12_14:09:42:292116;1778587782.2921169;-150.0;60.42524337768555;-0.75;0.5254368989363961;-0.75;0.5254368989363961;2.7641964811907163;-1.3194144233839415;-23.228571384724717;-16.2891366077133;59.9083212;10.719440933333333;0.0;59.9083212;10.719440933333333;0.0;1778587782.2921169;-115.43;1.2252172684638525;0.19;-0.752;-1.426;-116.243;2.9;-1.169;3.296;59.90853586666667;10.7196842;0.0;-23.916144986750094;-13.611819904664333;5.9291728140564715e-05;1778587782.2921169;0.0;-0.5043460412461207;-1.1165985964541074;-2.0288230823957685;-116.243;1.2245184584553868;0.04137511118969511;0.6875736020253775;-2.677316703048966;-2.0288230823957685;0.7094086590118271;-75.59687788858696;-116.243;40.64612211141305;0.6875736020253775;-2.677316703048966;0.7094086590118271;2.7641964811907163
2026-05-12_14:09:42:989779;1778587782.9897797;-150.0;15.21815013885498;-0.75;0.1323317403378694;-0.75;0.1323317403378694;2.3880421494350927;-1.2043981296879196;-23.313145703512514;-16.413020362102564;59.908318933333334;10.719430716666666;0.0;59.908318933333334;10.719430716666666;0.0;1778587782.9897797;-116.249;0.7852018617397872;0.19;-0.557;1.194;-114.735;-1.029;1.785;0.805;59.90853586666667;10.7196842;0.0;-24.168673825625003;-14.183487464889954;6.148474416001193e-05;1778587782.9897797;0.0;-0.3278342177842379;-0.7134890954468295;-2.002503517275694;-114.73500000000001;0.7852014711478337;0.0007831851732881256;0.8555281221124886;-2.2295328972126107;-2.002503517275694;0.7981053875877748;-69.00692968456777;-114.73500000000001;45.728070315432255;0.8555281221124886;-2.2295328972126107;0.7981053875877748;2.3880421494350927
2026-05-12_14:09:44:181183;1778587784.1811836;-150.0;10.864357948303223;-0.75;0.09447267781133237;-0.75;0.09447267781133237;2.341453814483169;-1.1972183239636032;-23.397720022300312;-16.53690411649183;59.908318183333336;10.719427616666668;0.0;59.908318183333336;10.719427616666668;0.0;1778587783.2337146;-115.181;0.7892889232842799;0.19;-0.82;1.402;-114.442;-0.122;0.038;1.531;59.90853586666667;10.7196842;0.0;-24.252231203642985;-14.356946179668705;6.218836646709747e-05;1778587783.8570824;0.32410120964050293;0.0;0.0;-1.9973897025673506;-114.44200000000001;-0.0;0.0;0.8545111813426729;-2.179957936823124;-1.9973897025673506;0.8001713786037472;-68.59555711884057;-114.44200000000001;45.84644288115942;0.8545111813426729;-2.179957936823124;0.8001713786037472;2.341453814483169
2026-05-12_14:09:44:856600;1778587784.8525996;-150.0;-12.763928413391113;-0.75;-0.1109906818555749;-0.75;-0.1109906818555749;1.7821522101420382;-1.12521449816706;-23.48229434108811;-16.660787870881094;59.9083182;10.719415183333334;0.0;59.9083182;10.719415183333334;0.0;1778587784.8516;34.988;2.013270650765619;0.19;-0.572;1.14;-95.143;-0.096;0.198;21.374;59.90853586666667;10.7196842;0.0;-24.25037159741372;-15.052644895760576;6.378214553137695e-05;1778587784.8145409;0.03805875778198242;1.8539761458649182;0.6370980282534948;-1.660558610224965;-95.143;-0.8007268609009268;1.7894015595367;0.7680772563256113;-1.6081429751205185;-1.660558610224965;0.535344112057905;-64.47004179190344;-95.143;30.67295820809656;0.7680772563256113;-1.6081429751205185;0.535344112057905;1.7821522101420382
2026-05-12_14:09:45:455368;1778587785.4514153;65.66615295410156;17.889968872070312;0.3283307647705078;0.1555649467136549;0.3283307647705078;0.1555649467136549;2.0679506852205076;-1.3276775657598567;-23.566868659875908;-16.78467162527036;59.908319866666666;10.7194201;0.0;59.90831948333334;10.719417916666666;0.0;1778587785.4452767;81.271;1.1118833618163608;0.19;0.671;-1.533;-81.97;1.865;0.811;18.764;59.90853586666667;10.7196842;0.0;-24.06468815820577;-14.77753541076309;6.24384083920404e-05;1778587785.4452767;0.00613856315612793;0.7633643748457805;0.81657322226578;-1.430646387859752;-81.97;-0.7019311930997385;0.8699480422753912;0.4978194983298607;-2.0071362145072698;-1.430646387859752;0.10296882209989544;-76.0703210722426;-81.97;5.8996789277574075;0.4978194983298607;-2.0071362145072698;0.10296882209989544;2.0679506852205076
2026-05-12_14:09:46:054077;1778587786.0540779;150.0;-14.175030708312988;0.75;-0.12326113659402599;0.75;-0.12326113659402599;2.4699081622743972;-1.4118367299643806;-23.651442978663706;-16.908555379659624;59.90832006666667;10.719425600000001;0.0;59.90832006666667;10.719425600000001;0.0;1778587786.0540779;102.913;1.0600017540209012;0.19;-0.348;-1.378;-74.129;2.074;-1.917;7.84;59.90853586666667;10.7196842;0.0;-24.042407226839416;-14.469786574151794;6.16495117480298e-05;1778587785.8983562;0.15572166442871094;-4.162097343215152e-06;1.0600017540099989;-1.2937951212108767;-74.129;-1.0195954659134119;0.28987722299347685;0.3909642481757096;-2.4387688055078307;-1.2937951212108767;-0.11804160875350389;-80.8922859885103;-74.129;-6.763285988510288;0.3909642481757096;-2.4387688055078307;-0.11804160875350389;2.4699081622743972
2026-05-12_14:09:46:586336;1778587786.573987;150.0;-27.338302612304688;0.75;-0.2377243705417799;0.75;-0.2377243705417799;3.179074465544669;-1.4336875864746856;-23.736017297451504;-17.03243913404889;59.908318916666666;10.719436083333333;0.0;59.908318916666666;10.719436083333333;0.0;1778587786.573987;113.487;4.354403387156513;0.19;0.624;0.296;-73.133;-1.403;3.332;-2.239;59.90853586666667;10.7196842;0.0;-24.170531808696705;-13.88319928973797;6.083262996803285e-05;1778587786.480344;0.0936429500579834;0.0;0.0;-1.276411641861013;-73.133;0.0;0.0;0.4345145112452009;-3.1492398443109195;-1.276411641861013;-0.1572759446136729;-82.14424784529673;-73.133;-9.011247845296749;0.4345145112452009;-3.1492398443109195;-0.1572759446136729;3.179074465544669
2026-05-12_14:09:46:847507;1778587786.847507;150.0;-31.780550003051758;0.75;-0.2763526087221892;0.75;-0.2763526087221892;3.5001350881163216;-1.4498325146308957;-23.8205916162393;-17.156322888438154;59.90831826666667;10.719439683333334;0.0;59.90831826666667;10.719439683333334;0.0;1778587786.847507;114.935;0.0;0.19;-0.649;0.654;-73.972;-6.286;0.534;-2.946;59.90853586666667;10.7196842;0.0;-24.242949531215224;-13.68176400611651;6.067339452009435e-05;1778587786.8260846;0.021422386169433594;0.0;0.0;-1.2910549542852454;-73.972;0.0;0.0;0.42235791497592245;-3.474558882321645;-1.2910549542852454;-0.1587775603456505;-83.0692840891895;-73.972;-9.097284089189515;0.42235791497592245;-3.474558882321645;-0.1587775603456505;3.5001350881163216
2026-05-12_14:09:47:502813;1778587787.5028133;150.0;-23.914148330688477;0.75;-0.20794911591903023;0.75;-0.20794911591903023;4.189973237052014;-1.4334656290537793;-23.9051659350271;-17.28020664282742;59.90831615;10.71944955;0.0;59.90831615;10.71944955;0.0;1778587787.5028133;113.77;0.7479249196032668;0.19;-0.914;2.715;-76.102;4.401;4.559;-3.963;59.90853586666667;10.7196842;0.0;-24.478770903230366;-13.129682209979848;6.041496726005846e-05;1778587787.248397;0.25441622734069824;-0.29923911818413274;0.6854543278088268;-1.3282304673527248;-76.102;-0.7372630488858454;-0.1258367279891503;0.5736049682032665;-4.150524432847572;-1.3282304673527248;-0.10523516170105474;-82.13153062184719;-76.102;-6.029530621847197;0.5736049682032665;-4.150524432847572;-0.10523516170105474;4.189973237052014
2026-05-12_14:09:47:753509;1778587787.7535093;150.0;-16.239521026611328;0.75;-0.14121322631835936;0.75;-0.14121322631835936;4.644111791250613;-1.4371090436032217;-23.989740253814897;-17.404090397216684;59.908314983333334;10.719455416666667;0.0;59.908314983333334;10.719455416666667;0.0;1778587787.7535093;117.603;0.0;0.19;-1.016;2.783;-77.775;-2.707;-2.973;-5.714;59.90853586666667;10.7196842;0.0;-24.608751232883293;-12.801417289399254;6.024880537580657e-05;1778587787.7214024;0.032106876373291016;0.0;0.0;-1.35742982573859;-77.775;0.0;0.0;0.6190109790683955;-4.602673107817431;-1.35742982573859;-0.07967921786463172;-82.3402828985468;-77.775;-4.56528289854679;0.6190109790683955;-4.602673107817431;-0.07967921786463172;4.644111791250613
2026-05-12_14:09:48:178505;1778587788.1781209;150.0;-41.569740295410156;0.75;-0.361476002568784;0.75;-0.361476002568784;5.062052844835292;-1.4380519453135745;-24.074314572602695;-17.52797415160595;59.908313766666666;10.719460616666666;0.0;59.908313766666666;10.719460616666666;0.0;1778587788.1775906;115.309;0.0;0.19;-0.49;1.094;-80.397;5.968;-3.145;-6.572;59.90853586666667;10.7196842;0.0;-24.74430194475521;-12.510455250290157;6.019868829376662e-05;1778587788.1302667;0.04785418510437012;0.0;0.0;-1.4031923587258812;-80.397;0.0;0.0;0.6699873721525158;-5.017518901315793;-1.4031923587258812;-0.03485958658769306;-82.39430718704568;-80.397;-1.9973071870456633;0.6699873721525158;-5.017518901315793;-0.03485958658769306;5.062052844835292
2026-05-12_14:09:48:504072;1778587788.5040727;150.0;-20.282413482666016;0.75;-0.17636881289274797;0.75;-0.17636881289274797;5.453750255582858;-1.4426762869335266;-24.158888891390493;-17.651857905995215;59.90831276666667;10.7194654;0.0;59.90831276666667;10.7194654;0.0;1778587788.5040727;117.857;0.0;0.19;0.047;0.293;-82.952;-2.683;0.043;-7.004;59.90853586666667;10.7196842;0.0;-24.85571356788874;-12.242807414412315;6.0112792439781515e-05;1778587788.469437;0.03463578224182129;0.0;0.0;-1.4477855211143362;-82.952;0.0;0.0;0.6968246764982453;-5.409050491582899;-1.4477855211143362;0.005109234180809885;-82.65926244489563;-82.952;0.292737555104387;0.6968246764982453;-5.409050491582899;0.005109234180809885;5.453750255582858
2026-05-12_14:09:48:940658;1778587788.940658;150.0;-23.6258487701416;0.75;-0.20544216321862263;0.75;-0.20544216321862263;5.79535403352235;-1.44721471428829;-24.24346321017829;-17.77574166038448;59.90831185;10.7194693;0.0;59.90831185;10.7194693;0.0;1778587788.9312596;123.092;4.167493213565086;0.19;-0.702;1.361;-85.377;-1.248;6.505;-6.78;59.90853586666667;10.7196842;0.0;-24.957840783054504;-12.02458585852732;6.009711727550382e-05;1778587788.904459;0.036199092864990234;-0.1893877681022276;0.4509213790549143;-1.4901097554751987;-85.377;-0.46471882764293787;-0.15242777971781332;0.714377572876213;-5.751155801857159;-1.4901097554751987;0.04289504118690868;-82.9192951779503;-85.377;2.457704822049705;0.714377572876213;-5.751155801857159;0.04289504118690868;5.79535403352235
2026-05-12_14:09:49:199786;1778587789.1997864;150.0;-10.705913543701172;0.75;-0.09309490038001018;0.75;-0.09309490038001018;6.000206626268135;-1.45754469463445;-24.32803752896609;-17.899625414773745;59.90831141666666;10.71947085;0.0;59.90831141666666;10.71947085;0.0;1778587789.1997864;145.913;1.5502895654111277;0.19;-1.102;2.919;-87.799;-0.975;5.264;-11.545;59.90853586666667;10.7196842;0.0;-25.006119046181976;-11.93785680018275;6.01233474668561e-05;1778587789.1997864;0.0;-0.7540261111472977;1.3545635313009265;-1.5323816299585016;-87.799;-1.3825227579315023;-0.7014474751710394;0.6780815172158867;-5.961768614590994;-1.5323816299585016;0.07483693532405145;-83.51115945423834;-87.799;4.287840545761654;0.6780815172158867;-5.961768614590994;0.07483693532405145;6.000206626268135
2026-05-12_14:09:49:400681;1778587789.400681;150.0;-8.040996551513672;0.75;-0.06992170914359715;0.75;-0.06992170914359715;6.185098600879483;-1.4656386126163017;-24.412611847753887;-18.02350916916301;59.908310916666665;10.719472016666666;0.0;59.908310916666665;10.719472016666666;0.0;1778587789.4001713;-165.937;0.0;0.19;-1.476;4.149;-91.212;0.062;5.43;-15.932;59.90853586666667;10.7196842;0.0;-25.061824618336303;-11.872576924282235;6.022021081797391e-05;1778587789.3841825;0.016498565673828125;0.0;0.0;-1.591949717329068;-91.212;-0.0;0.0;0.649212770582416;-6.150932244880774;-1.591949717329068;0.1263111047127663;-83.9749067943235;-91.212;7.237093205676511;0.649212770582416;-6.150932244880774;0.1263111047127663;6.185098600879483
2026-05-12_14:09:49:856756;1778587789.856757;150.0;-14.971446990966797;0.75;-0.13018649557362433;0.75;-0.13018649557362433;6.29596755296027;-1.456979185711467;-24.497186166541685;-18.147392923552275;59.90830956666667;10.719471666666667;0.0;59.90830956666667;10.719471666666667;0.0;1778587789.856757;-123.902;0.0;0.19;-1.162;5.417;-96.903;3.579;1.24;-16.689;59.90853586666667;10.7196842;0.0;-25.2122290390762;-11.89216142357035;6.08489795599354e-05;1778587789.7085798;0.1481771469116211;0.0;0.0;-1.6912764050600653;-96.903;-0.0;0.0;0.7150428725345144;-6.2552314999819245;-1.6912764050600653;0.2342972193485986;-83.47875817967443;-96.903;13.42424182032559;0.7150428725345144;-6.2552314999819245;0.2342972193485986;6.29596755296027
2026-05-12_14:09:50:184543;1778587790.183543;76.19928741455078;16.86391830444336;0.3809964370727539;0.14664276786472485;0.3809964370727539;0.14664276786472485;6.115207490032768;-1.4354021282463958;-24.581760485329482;-18.27127667794154;59.908307816666664;10.71946595;0.0;59.908307816666664;10.71946595;0.0;1778587790.183543;-110.434;0.0;0.19;-0.305;4.108;-101.511;-0.08;-1.765;-3.532;59.90853586666667;10.7196842;0.0;-25.407196771889403;-12.212034350473274;6.22253642088566e-05;1778587790.15361;0.02993297576904297;0.0;0.0;-1.7717011769919637;-101.511;-0.0;0.0;0.8254362865599205;-6.059242327468265;-1.7717011769919637;0.33629904874556793;-82.24248385261461;-101.511;19.268516147385384;0.8254362865599205;-6.059242327468265;0.33629904874556793;6.115207490032768
2026-05-12_14:09:50:570675;1778587790.5706756;-150.0;2.23386549949646;-0.75;0.019424917386925738;-0.75;0.019424917386925738;5.709241876244945;-1.4091050790142037;-24.66633480411728;-18.395160432330805;59.908306216666666;10.71945615;0.0;59.908306216666666;10.71945615;0.0;1778587790.5706756;-106.224;3.4580706866939512;0.19;0.125;4.24;-102.53;2.372;0.879;-2.147;59.90853586666667;10.7196842;0.0;-25.5854520881582;-12.760387480414629;6.400778838866472e-05;1778587790.4873247;0.08335089683532715;0.0;0.0;-1.7894860820697862;-102.53000000000002;-0.0;0.0;0.9191172840409187;-5.634772951916176;-1.7894860820697862;0.3803810030555823;-80.73577391796226;-102.53000000000002;21.79422608203774;0.9191172840409187;-5.634772951916176;0.3803810030555823;5.709241876244945
2026-05-12_14:09:51:082942;1778587791.082942;-150.0;-5.917858600616455;-0.75;-0.05145964000536048;-0.75;-0.05145964000536048;5.188319318050306;-1.3739626009017416;-24.750909122905078;-18.51904418672007;59.9083046;10.719444166666667;0.0;59.9083046;10.719444166666667;0.0;1778587791.082942;-106.843;0.0;0.19;-1.396;2.727;-103.538;-5.623;-7.617;-1.69;59.90853586666667;10.7196842;0.0;-25.765563727835175;-13.4309076536907;6.61052233184023e-05;1778587790.9300146;0.15292739868164062;0.0;0.0;-1.807079000929889;-103.538;-0.0;0.0;1.0146546049300973;-5.08813653302937;-1.807079000929889;0.43311640002814755;-78.7222582404873;-103.538;24.815741759512704;1.0146546049300973;-5.08813653302937;0.43311640002814755;5.188319318050306
2026-05-12_14:09:51:468028;1778587791.4680288;-150.0;2.6505351066589355;-0.75;0.023048131362251614;-0.75;0.023048131362251614;4.683846895828879;-1.3319012673208757;-24.835483441692876;-18.642927941109335;59.908303;10.71943235;0.0;59.908303;10.71943235;0.0;1778587791.4680288;-107.624;0.0;0.19;0.011;1.748;-104.409;5.359;-0.37;-2.688;59.90853586666667;10.7196842;0.0;-25.943818436385254;-14.092102160758468;6.825057268677881e-05;1778587791.349952;0.11807680130004883;0.0;0.0;-1.8222808187147597;-104.409;-0.0;0.0;1.1083349946923775;-4.550825780350866;-1.8222808187147597;0.4903795513938842;-76.3123213456118;-104.409;28.096678654388214;1.1083349946923775;-4.550825780350866;0.4903795513938842;4.683846895828879
2026-05-12_14:09:51:752788;1778587791.7527888;-150.0;-10.787717819213867;-0.75;-0.09380624190620754;-0.75;-0.09380624190620754;4.302698800404289;-1.2912591907685858;-24.920057760480674;-18.7668116954986;59.908301533333336;10.719422716666667;0.0;59.908301533333336;10.719422716666667;0.0;1778587791.7527888;-107.529;0.0;0.19;-0.32;0.885;-104.733;-4.056;-2.967;0.69;59.90853586666667;10.7196842;0.0;-26.107218747068245;-14.631129676904214;7.012706184106321e-05;1778587791.7180996;0.03468918800354004;0.0;0.0;-1.8279356854912212;-104.733;-0.0;0.0;1.1871609865875712;-4.135682018594386;-1.8279356854912212;0.5366764947226352;-73.983701888518;-104.733;30.749298111482;1.1871609865875712;-4.135682018594386;0.5366764947226352;4.302698800404289
2026-05-12_14:09:52:215567;1778587792.2155676;-119.50237274169922;-10.367961883544922;-0.5975118637084961;-0.09015619029169497;-0.5975118637084961;-0.09015619029169497;4.014304449590822;-1.260169701809468;-25.00463207926847;-18.890695449887865;59.90830041666667;10.7194149;0.0;59.90830041666667;10.7194149;0.0;1778587792.2155676;-106.08;0.0;0.19;-1.157;-0.625;-104.198;1.426;-4.97;0.218;59.90853586666667;10.7196842;0.0;-26.231625640651714;-15.068506677164997;7.165325268765343e-05;1778587792.0637147;0.15185284614562988;0.0;0.0;-1.8185981739930515;-104.198;-0.0;0.0;1.2269935613832423;-3.8221887727228676;-1.8185981739930515;0.5584284721835835;-72.20240538394198;-104.198;31.995594616058025;1.2269935613832423;-3.8221887727228676;0.5584284721835835;4.014304449590822
2026-05-12_14:09:52:631290;1778587792.6312907;-150.0;-30.193500518798828;-0.75;-0.26255217842433765;-0.75;-0.26255217842433765;3.9277674596080394;-1.2603200970104544;-25.08920639805627;-19.01457920427713;59.9082999;10.719411216666666;0.0;59.9082999;10.719411216666666;0.0;1778587792.627282;-105.78;0.0;0.19;-1.072;-0.833;-104.199;2.186;-5.212;-0.001;59.90853586666667;10.7196842;0.0;-26.289187006458086;-15.274605440169232;7.237964499395844e-05;1778587792.3569584;0.27433228492736816;0.0;0.0;-1.8186156272855714;-104.199;-0.0;0.0;1.199980608401816;-3.739973764107898;-1.8186156272855714;0.5582955302751169;-72.21102239421752;-104.199;31.987977605782476;1.199980608401816;-3.739973764107898;0.5582955302751169;3.9277674596080394
2026-05-12_14:09:52:926317;1778587792.926317;-150.0;-35.66977310180664;-0.75;-0.3101719400157099;-0.75;-0.3101719400157099;3.5043357087449416;-1.195540307691649;-25.173780716844067;-19.138462958666395;59.90829838333333;10.719400433333334;0.0;59.90829838333333;10.719400433333334;0.0;1778587792.926317;-106.758;2.4684222240790814;0.19;-0.149;-0.986;-103.874;0.7;4.994;0.788;59.90853586666667;10.7196842;0.0;-26.45815740750841;-15.877980590049287;7.45466833098618e-05;1778587792.8431046;0.08321237564086914;-0.6694259358080669;-2.3759160744269736;-1.8129433072165897;-103.874;2.467119643617818;-0.0801806730333382;1.2843766906643417;-3.260482368617108;-1.8129433072165897;0.6174029995249404;-68.49941386850332;-103.874;35.374586131496656;1.2843766906643417;-3.260482368617108;0.6174029995249404;3.5043357087449416
2026-05-12_14:09:53:218760;1778587793.2187607;-150.0;-24.84638786315918;-0.75;-0.21605554663616677;-0.75;-0.21605554663616677;3.4313332687577196;-1.1967836586918952;-25.258355035631865;-19.26234671305566;59.9082979;10.719397033333333;0.0;59.9082979;10.719397033333333;0.0;1778587793.2187607;-105.424;0.0;0.19;-0.877;1.504;-103.714;-1.755;2.649;0.559;59.90853586666667;10.7196842;0.0;-26.51200510404309;-16.06822562780293;7.524523477009382e-05;1778587793.2187607;0.0;0.0;0.0;-1.810150780413399;-103.714;-0.0;0.0;1.2536500684112255;-3.1941210852527284;-1.810150780413399;0.6133671217215038;-68.5706526332708;-103.714;35.14334736672921;1.2536500684112255;-3.1941210852527284;0.6133671217215038;3.4313332687577196
2026-05-12_14:09:53:513357;1778587793.5133576;-35.522762298583984;10.428070068359375;-0.1776138114929199;0.09067887015964674;-0.1776138114929199;0.09067887015964674;3.2343883504520035;-1.1718649234584548;-25.342929354419663;-19.386230467444925;59.90829711666667;10.719391;0.0;59.90829711666667;10.719391;0.0;1778587793.5133576;-105.088;1.6540486238969132;0.19;-0.719;1.549;-103.876;2.709;-1.139;-1.607;59.90853586666667;10.7196842;0.0;-26.599275362573543;-16.40581728982417;7.646606043110182e-05;1778587793.4130096;0.10034799575805664;-0.3885782067348585;-1.6077573907257017;-1.81297821380163;-103.876;1.6540276165202736;0.008336304376514725;1.25634600815388;-2.980413177620754;-1.81297821380163;0.6411132903431751;-67.14291427359072;-103.876;36.73308572640929;1.25634600815388;-2.980413177620754;0.6411132903431751;3.2343883504520035
2026-05-12_14:09:53:873090;1778587793.8666747;-19.402273178100586;13.42480182647705;-0.09701136589050292;0.11673740718675696;-0.09701136589050292;0.11673740718675696;3.1983074499085724;-1.1844327791481766;-25.42750367320746;-19.51011422183419;59.90829681666666;10.719388466666667;0.0;59.90829681666666;10.719388466666667;0.0;1778587793.8666747;-107.078;0.0;0.19;0.496;0.639;-104.438;1.551;-2.374;-0.846;59.90853586666667;10.7196842;0.0;-26.632697949563358;-16.547568475287875;7.69706218886057e-05;1778587793.7095828;0.15709185600280762;0.0;0.0;-1.822786964197838;-104.43800000000002;-0.0;0.0;1.205194276355897;-2.962545746546315;-1.822786964197838;0.6383541850496615;-67.86299936214125;-104.43800000000002;36.57500063785876;1.205194276355897;-2.962545746546315;0.6383541850496615;3.1983074499085724
2026-05-12_14:09:54:061047;1778587794.060523;-150.0;-14.09502124786377;-0.75;-0.12256540215533712;-0.75;-0.12256540215533712;3.1126151170085;-1.1780858040368962;-25.51207799199526;-19.633997976223455;59.908296183333334;10.7193847;0.0;59.908296183333334;10.7193847;0.0;1778587794.0595763;-117.11;2.9066221197365625;0.19;-0.343;0.299;-104.876;-5.73;-1.863;-3.146;59.90853586666667;10.7196842;0.0;-26.703257129366925;-16.758330205196987;7.781471289725062e-05;1778587794.025805;0.03471803665161133;-1.1231434005619676;-2.6861380287960994;-1.830431506321573;-104.876;2.884450958263573;-0.39589301249561326;1.191179137371666;-2.8756677710264675;-1.830431506321573;0.652345702284677;-67.49934447559032;-104.876;37.3766555244097;1.191179137371666;-2.8756677710264675;0.652345702284677;3.1126151170085
2026-05-12_14:09:54:293522;1778587794.2935226;77.25829315185547;29.58757972717285;0.38629146575927736;0.2572833019754161;0.38629146575927736;0.2572833019754161;3.140722408260529;-1.1955196891882505;-25.596652310783057;-19.75788173061272;59.90829578333334;10.719383316666667;0.0;59.90829578333334;10.719383316666667;0.0;1778587794.2935226;-118.3;0.0;0.19;-1.048;-1.015;-106.143;0.292;-6.959;-5.897;59.90853586666667;10.7196842;0.0;-26.747821070424205;-16.835733936168353;7.820430308491666e-05;1778587794.2702684;0.0232541561126709;0.0;0.0;-1.8525448279443413;-106.143;-0.0;0.0;1.1511687596411484;-2.922147794444367;-1.8525448279443413;0.657025138756091;-68.4982325152787;-106.143;37.644767484721314;1.1511687596411484;-2.922147794444367;0.657025138756091;3.140722408260529
2026-05-12_14:09:54:501027;1778587794.5010273;114.7121810913086;32.630516052246094;0.5735609054565429;0.2837436178456182;0.5735609054565429;0.2837436178456182;3.1805174979033763;-1.2170176381687186;-25.681226629570855;-19.881765485001985;59.908295466666665;10.7193822;0.0;59.908295466666665;10.7193822;0.0;1778587794.5010273;-127.395;3.89593260586306;0.19;0.007;-1.001;-108.393;3.459;5.908;-8.576;59.90853586666667;10.7196842;0.0;-26.78310084863673;-16.898216464149886;7.851668795311184e-05;1778587794.4826095;0.018417835235595703;0.0;0.0;-1.8918147361142137;-108.393;-0.0;0.0;1.101874219065877;-2.9835490208520987;-1.8918147361142137;0.6747970979454951;-69.7299742600471;-108.393;38.66302573995291;1.101874219065877;-2.9835490208520987;0.6747970979454951;3.1805174979033763
2026-05-12_14:09:54:756248;1778587794.7562485;121.0452880859375;31.464683532714844;0.6052264404296875;0.2736059437627378;0.6052264404296875;0.2736059437627378;3.23937949820177;-1.2398559442173405;-25.765800948358653;-20.00564923939125;59.90829515;10.719381416666666;0.0;59.90829515;10.719381416666666;0.0;1778587794.7562485;-150.748;0.0;0.19;0.355;0.279;-110.489;0.072;5.465;-11.1;59.90853586666667;10.7196842;0.0;-26.818380713722338;-16.94204754026049;7.878088432988761e-05;1778587794.7209666;0.03528189659118652;0.0;0.0;-1.9283968372360147;-110.489;-0.0;0.0;1.052579765363685;-3.0636016991307606;-1.9283968372360147;0.6885408930186743;-71.03851280786124;-110.489;39.450487192138766;1.052579765363685;-3.0636016991307606;0.6885408930186743;3.23937949820177
2026-05-12_14:09:55:062392;1778587795.062393;137.508544921875;39.77236557006836;0.687542724609375;0.3458466571310292;0.687542724609375;0.3458466571310292;3.3225623543266574;-1.2617011838033292;-25.85037526714645;-20.129532993780515;59.908294766666664;10.719381016666667;0.0;59.908294766666664;10.719381016666667;0.0;1778587795.062393;-156.832;0.0;0.19;0.233;1.282;-112.922;-1.114;2.862;-9.102;59.90853586666667;10.7196842;0.0;-26.86108805651792;-16.964429479550745;7.901904164242524e-05;1778587794.9438312;0.1185617446899414;0.0;0.0;-1.9708606979370367;-112.922;-0.0;0.0;1.0107127893714711;-3.16510351422977;-1.9708606979370367;0.7091595141337077;-72.2901528385905;-112.922;40.6318471614095;1.0107127893714711;-3.16510351422977;0.7091595141337077;3.3225623543266574
2026-05-12_14:09:55:383266;1778587795.3782134;146.70497131347656;60.51985549926758;0.7335248565673829;0.5262596130371093;0.7335248565673829;0.5262596130371093;3.4190378623383384;-1.273851092395357;-25.93494958593425;-20.25341674816978;59.9082941;10.719380666666666;0.0;59.9082941;10.719380666666666;0.0;1778587795.3782134;-157.602;0.0;0.19;-0.589;1.079;-116.191;-1.169;-2.876;-9.552;59.90853586666667;10.7196842;0.0;-26.935361785325313;-16.984013846199353;7.938549126862426e-05;1778587795.343982;0.03423142433166504;0.0;0.0;-2.0279155111847316;-116.191;-0.0;0.0;1.0004121993910644;-3.2694029019704267;-2.0279155111847316;0.7540644187893744;-72.98629132238344;-116.191;43.204708677616566;1.0004121993910644;-3.2694029019704267;0.7540644187893744;3.4190378623383384
2026-05-12_14:09:55:676438;1778587795.6764383;139.1208953857422;46.63364791870117;0.695604476928711;0.4055099819017493;0.695604476928711;0.4055099819017493;3.5181738657302524;-1.2975939527571063;-26.019523904722046;-20.377300502559045;59.9082938;10.719380566666667;0.0;59.9082938;10.719380566666667;0.0;1778587795.6764383;-159.166;0.0;0.19;-0.762;0.472;-118.167;-0.423;-2.414;-9.666;59.90853586666667;10.7196842;0.0;-26.968784977254668;-16.98960943552215;7.954057833003958e-05;1778587795.5555317;0.12090659141540527;0.0;0.0;-2.0624032172041393;-118.167;-0.0;0.0;0.9492610725326216;-3.3876910670368936;-2.0624032172041393;0.7648092644470328;-74.34665701468012;-118.167;43.82034298531986;0.9492610725326216;-3.3876910670368936;0.7648092644470328;3.5181738657302524
2026-05-12_14:09:55:874956;1778587795.8742404;150.0;45.751338958740234;0.75;0.39783773007600204;0.75;0.39783773007600204;3.617561826752892;-1.3135449822912615;-26.104098223509844;-20.50118425694831;59.9082933;10.719380333333334;0.0;59.9082933;10.719380333333334;0.0;1778587795.8742404;-150.552;0.8994445404279124;0.19;-0.861;0.471;-119.971;0.203;2.904;-8.041;59.90853586666667;10.7196842;0.0;-27.02449028113606;-17.00266570895713;7.981119933653247e-05;1778587795.8491502;0.02509021759033203;-0.962086361936106;-0.29735463131453493;-2.093888956910117;-119.971;0.7382132874049753;-0.6848876454473347;0.9203920576262163;-3.4985185479911785;-2.093888956910117;0.7803439746188556;-75.26058368587574;-119.971;44.71041631412426;0.9203920576262163;-3.4985185479911785;0.7803439746188556;3.617561826752892
2026-05-12_14:09:56:102583;1778587796.1025836;142.5944366455078;52.44047546386719;0.7129721832275391;0.4560041344684103;0.7129721832275391;0.4560041344684103;3.716728619110898;-1.3373059120988926;-26.188672542297642;-20.625068011337575;59.908293083333334;10.719380216666666;0.0;59.908293083333334;10.719380216666666;0.0;1778587796.1015854;-143.779;0.0;0.19;-0.554;1.409;-121.768;3.128;3.052;-6.604;59.90853586666667;10.7196842;0.0;-27.04862924171215;-17.009193828895643;7.993093321623235e-05;1778587796.0655954;0.036988258361816406;0.0;0.0;-2.1252525235684554;-121.76800000000001;-0.0;0.0;0.8599566994145071;-3.6158741824419316;-2.1252525235684554;0.7879466114695628;-76.6219846811596;-121.76800000000001;45.14601531884041;0.8599566994145071;-3.6158741824419316;0.7879466114695628;3.716728619110898
2026-05-12_14:09:56:401912;1778587796.4019122;145.48558044433594;50.25617980957031;0.7274279022216796;0.4370102592136549;0.7274279022216796;0.4370102592136549;3.8151484899918553;-1.3596663375921256;-26.27324686108544;-20.74895176572684;59.90829286666666;10.71938005;0.0;59.90829286666666;10.71938005;0.0;1778587796.4019122;-147.783;0.0;0.19;-0.144;0.517;-124.115;-1.715;-6.162;-6.252;59.90853586666667;10.7196842;0.0;-27.07276819074801;-17.018519666880685;8.00573544399441e-05;1778587796.3005407;0.10137152671813965;0.0;0.0;-2.166215401112762;-124.115;-0.0;0.0;0.7995213296625714;-3.730432098846155;-2.166215401112762;0.8065490635206363;-77.90314269003858;-124.115;46.2118573099614;0.7995213296625714;-3.730432098846155;0.8065490635206363;3.8151484899918553
2026-05-12_14:09:56:571480;1778587796.5704799;144.54502868652344;51.332332611083984;0.7227251434326172;0.44636810966159984;0.7227251434326172;0.44636810966159984;3.916227166607623;-1.378519068097352;-26.357821179873238;-20.872835520116105;59.90829256666667;10.719379866666667;0.0;59.90829256666667;10.719379866666667;0.0;1778587796.5704799;-145.12;0.0;0.19;-0.742;-0.116;-125.361;-2.877;-0.21;-6.179;59.90853586666667;10.7196842;0.0;-27.106191361105218;-17.02877812039919;8.022709492827573e-05;1778587796.5329704;0.03750944137573242;0.0;0.0;-2.1879622035926114;-125.361;-0.0;0.0;0.7483701812319801;-3.8440573997169167;-2.1879622035926114;0.8094431354952594;-78.9833245802856;-125.361;46.3776754197144;0.7483701812319801;-3.8440573997169167;0.8094431354952594;3.916227166607623
2026-05-12_14:09:56:765760;1778587796.7637005;142.26486206054688;63.40272521972656;0.7113243103027344;0.5513280453889267;0.7113243103027344;0.5513280453889267;4.018903417737014;-1.3973674064470076;-26.442395498661035;-20.99671927450537;59.9082923;10.7193797;0.0;59.9082923;10.7193797;0.0;1778587796.7637005;-137.485;0.0;0.19;-0.742;-0.116;-125.361;-2.877;-0.21;-6.179;59.90853586666667;10.7196842;0.0;-27.135900846404134;-17.038103984564962;8.037921899273215e-05;1778587796.7422476;0.021452903747558594;0.0;0.0;-2.1879622035926114;-125.361;-0.0;0.0;0.6935053477430984;-3.9586152899404077;-2.1879622035926114;0.7905947971456038;-80.06325481855544;-125.361;45.29774518144456;0.6935053477430984;-3.9586152899404077;0.7905947971456038;4.018903417737014
2026-05-12_14:09:57:011724;1778587797.011724;145.74209594726562;64.28782653808594;0.7287104797363281;0.5590245785920517;0.7287104797363281;0.5590245785920517;4.125478424536607;-1.4171893534392739;-26.526969817448833;-21.120603028894635;59.9082921;10.7193796;0.0;59.9082921;10.7193796;0.0;1778587797.011724;-138.021;0.0;0.19;-0.316;2.518;-128.407;3.557;4.534;-7.134;59.90853586666667;10.7196842;0.0;-27.1581829653211;-17.043699523380894;8.048748772182535e-05;1778587796.957912;0.05381202697753906;0.0;0.0;-2.241124932608359;-128.407;-0.0;0.0;0.6312131478722662;-4.076903505513741;-2.241124932608359;0.8239355791690852;-81.19896872294433;-128.407;47.20803127705569;0.6312131478722662;-4.076903505513741;0.8239355791690852;4.125478424536607
2026-05-12_14:09:57:213957;1778587797.2076666;144.55345153808594;54.4386100769043;0.7227672576904297;0.47337921806003735;0.7227672576904297;0.47337921806003735;4.227549690224665;-1.4366986157483996;-26.61154413623663;-21.2444867832839;59.90829193333333;10.7193794;0.0;59.90829193333333;10.7193794;0.0;1778587797.2065592;-138.544;0.0;0.19;-0.043;2.522;-129.496;1.032;-2.492;-6.303;59.90853586666667;10.7196842;0.0;-27.1767513679683;-17.0548904819063;8.059622647493825e-05;1778587797.1743975;0.03326916694641113;0.0;0.0;-2.2601315681625773;-129.496;-0.0;0.0;0.5652072317316694;-4.189596301377602;-2.2601315681625773;0.8234329524141777;-82.31676711467088;-129.496;47.179232885329135;0.5652072317316694;-4.189596301377602;0.8234329524141777;4.227549690224665
2026-05-12_14:09:57:460310;1778587797.4599297;144.59226989746094;50.8493537902832;0.7229613494873047;0.4421682938285496;0.7229613494873047;0.4421682938285496;4.323898646690374;-1.4529247212676166;-26.69611845502443;-21.368370537673165;59.90829168333333;10.71937905;0.0;59.90829168333333;10.71937905;0.0;1778587797.4599297;-127.883;0.0;0.19;-0.665;0.551;-130.989;-2.373;-4.414;-2.809;59.90853586666667;10.7196842;0.0;-27.204603960449287;-17.07447463795416;8.07676073204533e-05;1778587797.4083807;0.05154895782470703;0.0;0.0;-2.2861893338948525;-130.989;-0.0;0.0;0.5084855054248578;-4.293895899719004;-2.2861893338948525;0.8332646126272358;-83.24645447885595;-130.989;47.74254552114406;0.5084855054248578;-4.293895899719004;0.8332646126272358;4.323898646690374
2026-05-12_14:09:57:757017;1778587797.7514436;141.95806884765625;51.21399688720703;0.7097903442382812;0.44533910336701765;0.7097903442382812;0.44533910336701765;4.38285916496784;-1.4585890570429665;-26.780692773812227;-21.49225429206243;59.90829108333333;10.719377933333334;0.0;59.90829108333333;10.719377933333334;0.0;1778587797.7504537;-116.915;0.0;0.19;-0.856;0.946;-131.193;0.088;5.897;0.502;59.90853586666667;10.7196842;0.0;-27.271450108701984;-17.136957321912806;8.122076893002372e-05;1778587797.7284439;0.02299976348876953;0.0;0.0;-2.289749805568921;-131.193;-0.0;0.0;0.49075733488975715;-4.355296970149624;-2.289749805568921;0.8311607485259547;-83.57099701252847;-131.193;47.62200298747156;0.49075733488975715;-4.355296970149624;0.8311607485259547;4.38285916496784
2026-05-12_14:09:58:035991;1778587798.0359912;138.1088409423828;51.2668342590332;0.690544204711914;0.44579855877420177;0.690544204711914;0.44579855877420177;4.4409398029587805;-1.472484879706957;-26.865267092600025;-21.616138046451695;59.908290816666664;10.719376866666666;0.0;59.908290816666664;10.719376866666666;0.0;1778587798.0359912;-110.662;0.0;0.19;-0.645;3.159;-129.51;-0.384;3.756;10.004;59.90853586666667;10.7196842;0.0;-27.301159358488086;-17.196642117497518;8.150829173558805e-05;1778587797.894009;0.1419820785522461;0.0;0.0;-2.260375914257856;-129.51;-0.0;0.0;0.43589226588806085;-4.419495928954177;-2.260375914257856;0.7878910345508991;-84.36716900403735;-129.51;45.14283099596265;0.43589226588806085;-4.419495928954177;0.7878910345508991;4.4409398029587805
2026-05-12_14:09:58:257278;1778587798.2562575;34.73006820678711;28.529922485351562;0.17365034103393553;0.24808628248131792;0.17365034103393553;0.24808628248131792;4.328412313350803;-1.4723123131818292;-26.949841411387823;-21.74002180084096;59.90829015;10.71937265;0.0;59.90829015;10.71937265;0.0;1778587798.2545729;-103.501;3.8191879623845333;0.19;-0.926;3.26;-125.921;-2.521;-1.606;18.172;59.90853586666667;10.7196842;0.0;-27.37543207482916;-17.43258338090291;8.246467522887713e-05;1778587798.216441;0.03981661796569824;0.0;0.0;-2.19773604740378;-125.92100000000002;-0.0;0.0;0.4255906634413371;-4.307438419938052;-2.19773604740378;0.7254237342219509;-84.3572816704623;-125.92100000000002;41.563718329537735;0.4255906634413371;-4.307438419938052;0.7254237342219509;4.328412313350803
2026-05-12_14:09:58:538015;1778587798.5380151;19.609298706054688;11.642919540405273;0.09804649353027343;0.10124277861221977;0.09804649353027343;0.10124277861221977;4.263806934520764;-1.4811162783706264;-27.03441573017562;-21.863905555230225;59.90828978333333;10.719369350000001;0.0;59.90828978333333;10.719369350000001;0.0;1778587798.5380151;-101.138;1.7883124681245683;0.19;-1.52;2.631;-120.2;-2.968;-2.925;20.666;59.90853586666667;10.7196842;0.0;-27.416281801500638;-17.61723298974579;8.314661325137251e-05;1778587798.4479365;0.09007859230041504;-0.4534898429056603;-2.0498722740589654;-2.097885760897184;-120.2;1.9997673902684616;0.6391867977306334;0.3818660713250175;-4.246672565484435;-2.097885760897184;0.6167694825265579;-84.86171171876047;-120.2;35.33828828123954;0.3818660713250175;-4.246672565484435;0.6167694825265579;4.263806934520764
2026-05-12_14:09:58:866811;1778587798.8668113;-150.0;-7.466564655303955;-0.75;-0.06492664917655613;-0.75;-0.06492664917655613;3.9372942058463005;-1.4748641983218926;-27.11899004896342;-21.98778930961949;59.90828906666667;10.719361283333333;0.0;59.90828906666667;10.719361283333333;0.0;1778587798.8668113;-97.708;14.342274920848734;0.19;-1.842;2.415;-114.014;-0.994;0.119;18.784;59.90853586666667;10.7196842;0.0;-27.4961239819539;-18.068598620206945;8.474891393639439e-05;1778587798.8500292;0.016782045364379883;0.0;0.0;-1.9899196933688148;-114.014;-0.0;0.0;0.3771339329904819;-3.9191906894125452;-1.9899196933688148;0.5150554950469219;-84.50349391879008;-114.014;29.510506081209904;0.3771339329904819;-3.9191906894125452;0.5150554950469219;3.9372942058463005
2026-05-12_14:09:59:141140;1778587799.1411402;-126.5469970703125;-5.471744537353516;-0.6327349853515625;-0.047580387281334915;-0.6327349853515625;-0.047580387281334915;3.8003376083479328;-1.4829519901806505;-27.203564367751216;-22.111673064008755;59.9082887;10.719356683333334;0.0;59.9082887;10.719356683333334;0.0;1778587799.1411402;-96.463;0.0;0.19;-1.63;1.665;-108.711;0.756;-5.935;13.738;59.90853586666667;10.7196842;0.0;-27.5369733187377;-18.325988923879553;8.56578607333347e-05;1778587799.083353;0.057787179946899414;0.0;0.0;-1.8973648831355556;-108.711;-0.0;0.0;0.3334089509864846;-3.7856841401292023;-1.8973648831355556;0.41441289295490513;-84.96689025787717;-108.711;23.74410974212283;0.3334089509864846;-3.7856841401292023;0.41441289295490513;3.8003376083479328
2026-05-12_14:09:59:473537;1778587799.4735377;-150.0;-52.9676399230957;-0.75;-0.46058817324431045;-0.75;-0.46058817324431045;3.6539143748267064;-1.4929618703421614;-27.288138686539014;-22.23555681839802;59.908288383333336;10.719351916666668;0.0;59.908288383333336;10.719351916666668;0.0;1778587799.4735377;-98.261;0.0;0.19;-1.528;1.015;-107.307;0.505;-5.249;10.688;59.90853586666667;10.7196842;0.0;-27.57225205355206;-18.5927049337821;8.658025666363756e-05;1778587799.3229046;0.1506330966949463;0.0;0.0;-1.8728604604375552;-107.307;-0.0;0.0;0.28411336701304535;-3.6428518846159186;-1.8728604604375552;0.37989859009539373;-85.54041414456348;-107.307;21.76658585543652;0.28411336701304535;-3.6428518846159186;0.37989859009539373;3.6539143748267064
2026-05-12_14:09:59:774817;1778587799.774817;-150.0;-12.381243705749512;-0.75;-0.10766298874564793;-0.75;-0.10766298874564793;3.289328592019862;-1.4880243223720153;-27.372713005326812;-22.359440572787285;59.90828773333333;10.719343183333333;0.0;59.908288033333335;10.719347383333334;0.0;1778587799.774817;-96.701;0.0;0.19;-0.623;0.787;-103.55;4.17;-2.498;5.131;59.90853586666667;10.7196842;0.0;-27.644666542808476;-19.081373480775504;8.833338432445714e-05;1778587799.774817;0.0;0.0;0.0;-1.8072884404401282;-103.55;-0.0;0.0;0.2719535374816644;-3.2780670920117814;-1.8072884404401282;0.31926411806811306;-85.25751348473072;-103.55;18.29248651526929;0.2719535374816644;-3.2780670920117814;0.31926411806811306;3.289328592019862
2026-05-12_14:10:00:096643;1778587800.096643;-150.0;-59.716373443603516;-0.75;-0.519272812553074;-0.75;-0.519272812553074;3.1869024379655873;-1.5049606916484959;-27.45728732411461;-22.48332432717655;59.908287533333336;10.719339216666667;0.0;59.908287533333336;10.719339216666667;0.0;1778587800.096643;-96.888;0.0;0.19;-0.167;0.331;-102.999;3.445;-4.256;4.446;59.90853586666667;10.7196842;0.0;-27.666947537523548;-19.30332593975175;8.909525913658456e-05;1778587799.95546;0.14118289947509766;0.0;0.0;-1.7976716762616394;-102.999;-0.0;0.0;0.20966021340893803;-3.1799983874247992;-1.7976716762616394;0.2927109846131435;-86.2278959645481;-102.999;16.771104035451902;0.20966021340893803;-3.1799983874247992;0.2927109846131435;3.1869024379655873
2026-05-12_14:10:00:366167;1778587800.3627145;-80.09355163574219;-8.594574928283691;-0.40046775817871094;-0.07473543415898862;-0.40046775817871094;-0.07473543415898862;2.8994260634440705;-1.5071190570024369;-27.541861642902408;-22.607208081565815;59.908287;10.719331883333334;0.0;59.908287;10.719331883333334;0.0;1778587800.3627145;-98.658;0.0;0.19;-0.431;-0.112;-101.692;-2.662;2.018;2.279;59.90853586666667;10.7196842;0.0;-27.726364432756082;-19.713658320819512;9.060429419527338e-05;1778587800.3180718;0.04464268684387207;0.0;0.0;-1.7748602229380734;-101.692;-0.0;0.0;0.1845027898536742;-2.8935497607463034;-1.7748602229380734;0.2677411659356368;-86.35156118997617;-101.692;15.340438810023834;0.1845027898536742;-2.8935497607463034;0.2677411659356368;2.8994260634440705
2026-05-12_14:10:00:604726;1778587800.5998278;-150.0;-48.276283264160156;-0.75;-0.41979376751443614;-0.75;-0.41979376751443614;2.829909430860228;-1.5269411344762178;-27.626435961690206;-22.73109183595508;59.90828678333333;10.719328483333333;0.0;59.90828678333333;10.719328483333333;0.0;1778587800.5998278;-96.993;0.0;0.19;-0.878;0.178;-101.305;-2.521;1.273;2.716;59.90853586666667;10.7196842;0.0;-27.750502406058114;-19.903903320087494;9.129936351648382e-05;1778587800.5673177;0.03251004219055176;0.0;0.0;-1.7681057987328557;-101.305;-0.0;0.0;0.1240664443679087;-2.8271885158675865;-1.7681057987328557;0.24116466425663763;-87.48728257040516;-101.305;13.817717429594834;0.1240664443679087;-2.8271885158675865;0.24116466425663763;2.829909430860228
2026-05-12_14:10:00:861708;1778587800.8607502;-35.16536331176758;-3.7956182956695557;-0.1758268165588379;-0.033005376484083096;-0.1758268165588379;-0.033005376484083096;2.5756844485983583;-1.5381567306390056;-27.711010280478003;-22.854975590344345;59.90828638333333;10.71932175;0.0;59.90828638333333;10.71932175;0.0;1778587800.8543203;-97.03;5.287539712821888;0.19;-0.845;-0.305;-100.552;2.731;-2.306;1.546;59.90853586666667;10.7196842;0.0;-27.79506465439029;-20.280663013950864;9.267738997920105e-05;1778587800.8185768;0.04217338562011719;0.0;0.0;-1.7549634694653384;-100.552;-0.0;0.0;0.08405437391228787;-2.5743125763934813;-1.7549634694653384;0.2168067388263326;-88.12988889525602;-100.552;12.422111104743978;0.08405437391228787;-2.5743125763934813;0.2168067388263326;2.5756844485983583
2026-05-12_14:10:01:061684;1778587801.0600595;-25.309995651245117;-1.7381892204284668;-0.12654997825622558;-0.015114688873291015;-0.12654997825622558;-0.015114688873291015;2.522050507694914;-1.5614315571199477;-27.7955845992658;-22.97885934473361;59.90828616666667;10.7193186;0.0;59.90828616666667;10.7193186;0.0;1778587801.0600595;-98.394;6.419909570296531;0.19;-0.845;-0.305;-100.552;2.731;-2.306;1.546;59.90853586666667;10.7196842;0.0;-27.81920267616215;-20.456919426772064;9.334437197594525e-05;1778587801.0323486;0.027710914611816406;0.0;0.0;-1.7549634694653384;-100.552;-0.0;0.0;0.023618076896347873;-2.5219399179615465;-1.7549634694653384;0.19353191234539047;-89.46343822151333;-100.552;11.088561778486667;0.023618076896347873;-2.5219399179615465;0.19353191234539047;2.522050507694914
2026-05-12_14:10:01:407102;1778587801.399839;5.718308448791504;1.7653896808624268;0.02859154224395752;0.015351214616195015;0.02859154224395752;0.015351214616195015;2.483828746694975;-1.5856200140254575;-27.8801589180536;-23.102743099122875;59.90828595;10.7193157;0.0;59.90828595;10.7193157;0.0;1778587801.399839;-97.866;0.0;0.19;-0.182;1.804;-100.065;-1.038;5.339;1.553;59.90853586666667;10.7196842;0.0;-27.84334076602679;-20.619187247810153;9.396974273023773e-05;1778587801.380642;0.01919698715209961;0.0;0.0;-1.7464637160081258;-100.065;-0.0;0.0;-0.03681815202680738;-2.4835558513127225;-1.7464637160081258;0.16084370198266829;-90.84933471513311;-100.065;9.215665284866883;-0.03681815202680738;-2.4835558513127225;0.16084370198266829;2.483828746694975
2026-05-12_14:10:01:612676;1778587801.6126766;-150.0;-26.048173904418945;-0.75;-0.2265058600384256;-0.75;-0.2265058600384256;2.457740348145057;-1.6141580878138237;-27.964733236841397;-23.22662685351214;59.90828581666667;10.719312983333333;0.0;59.90828581666667;10.719312983333333;0.0;1778587801.6126766;-98.213;0.0;0.19;-0.182;1.804;-100.065;-1.038;5.339;1.553;59.90853586666667;10.7196842;0.0;-27.858194680927266;-20.771196717058668;9.4526007520912e-05;1778587801.548181;0.06449556350708008;0.0;0.0;-1.7464637160081258;-100.065;-0.0;0.0;-0.1065385559141312;-2.4554301364534723;-1.7464637160081258;0.13230562819430203;-92.48444589863942;-100.065;7.580554101360577;-0.1065385559141312;-2.4554301364534723;0.13230562819430203;2.457740348145057
2026-05-12_14:10:01:814188;1778587801.8141887;16.747833251953125;-0.43770939111709595;0.08373916625976563;-0.00380616861840953;0.08373916625976563;-0.00380616861840953;2.4407406654391184;-1.64078648370072;-28.049307555629195;-23.350510607901406;59.908285633333335;10.7193104;0.0;59.908285633333335;10.7193104;0.0;1778587801.8114018;-100.199;0.0;0.19;-0.658;0.438;-100.136;0.321;-7.075;-1.799;59.90853586666667;10.7196842;0.0;-27.87861916948853;-20.91574563551395;9.508845667660637e-05;1778587801.7870464;0.02714228630065918;0.0;0.0;-1.7477028997770419;-100.136;-0.0;0.0;-0.1706883861406645;-2.4347649723874554;-1.7477028997770419;0.10691641607632185;-94.0101405981621;-100.136;6.125859401837907;-0.1706883861406645;-2.4347649723874554;0.10691641607632185;2.4407406654391184
2026-05-12_14:10:02:330157;1778587802.3301575;-137.44497680664062;-24.207332611083984;-0.6872248840332031;-0.21049854444420857;-0.6872248840332031;-0.21049854444420857;2.194815081448582;-1.657598347950501;-28.133881874416993;-23.47439436229067;59.90828505;10.71930375;0.0;59.90828525;10.7193057;0.0;1778587802.3301575;-100.009;0.0;0.19;-0.265;0.807;-100.965;1.339;1.041;-1.223;59.90853586666667;10.7196842;0.0;-27.94360664049603;-21.287842607332543;9.6599221798499e-05;1778587802.3301575;0.0;0.0;0.0;-1.7621716792760749;-100.965;-0.0;0.0;-0.19027523392096413;-2.1865517549581277;-1.7621716792760749;0.10457333132557389;-94.97338946542142;-100.965;5.991610534578586;-0.19027523392096413;-2.1865517549581277;0.10457333132557389;2.194815081448582
2026-05-12_14:10:02:664230;1778587802.6588964;-55.238929748535156;-9.008434295654297;-0.2761946487426758;-0.07833421126655911;-0.2761946487426758;-0.07833421126655911;2.2187577914884424;-1.6857190875292911;-28.21845619320479;-23.598278116679936;59.90828486666667;10.71930185;0.0;59.90828486666667;10.71930185;0.0;1778587802.6588964;-102.581;0.0;0.19;-0.181;0.438;-101.412;-1.124;-1.435;-2.022;59.90853586666667;10.7196842;0.0;-27.964031328295192;-21.3941560407943;9.70429872584333e-05;1778587802.6096146;0.04928183555603027;0.0;0.0;-1.7699733010324896;-101.412;-0.0;0.0;-0.25442486490959837;-2.2041220758856355;-1.7699733010324896;0.08425421350319873;-96.58458916007258;-101.412;4.827410839927437;-0.25442486490959837;-2.2041220758856355;0.08425421350319873;2.2187577914884424
2026-05-12_14:10:03:155413;1778587803.153789;89.44581604003906;-13.139151573181152;0.4472290802001953;-0.11425349194070568;0.4472290802001953;-0.11425349194070568;2.1329121854885598;-1.705767673515626;-28.30303051199259;-23.7221618710692;59.9082844;10.719298016666666;0.0;59.9082844;10.719298016666666;0.0;1778587803.153789;-102.084;0.0;0.19;-1.026;1.349;-101.968;-1.719;4.863;-0.716;59.90853586666667;10.7196842;0.0;-28.016021756578173;-21.608648122516556;9.79923452213427e-05;1778587802.8974857;0.2563033103942871;0.0;0.0;-1.7796773316735781;-101.96800000000002;-0.0;0.0;-0.2870087554144156;-2.113513748552645;-1.7796773316735781;0.07390965815795214;-97.7332885222947;-101.96800000000002;4.234711477705312;-0.2870087554144156;-2.113513748552645;0.07390965815795214;2.1329121854885598
2026-05-12_14:10:03:426924;1778587803.4259245;-30.905838012695312;2.5952489376068115;-0.15452919006347657;0.022567382066146186;-0.15452919006347657;0.022567382066146186;2.074617234675587;-1.7308985119269769;-28.387604830780386;-23.846045625458466;59.90828403333333;10.719294633333334;0.0;59.90828403333333;10.719294633333334;0.0;1778587803.4249258;-101.149;0.0;0.19;-0.383;0.978;-102.265;3.416;-6.821;-0.781;59.90853586666667;10.7196842;0.0;-28.056871247983246;-21.797960674187365;9.881492115404455e-05;1778587803.3776453;0.0482792854309082;0.0;0.0;-1.784860959552001;-102.265;-0.0;0.0;-0.3307335827971407;-2.0480849512711004;-1.784860959552001;0.053962447625024446;-99.17317949889036;-102.265;3.0918205011096536;-0.3307335827971407;-2.0480849512711004;0.053962447625024446;2.074617234675587
2026-05-12_14:10:03:757777;1778587803.75225;-12.962656021118164;0.3170466423034668;-0.06481328010559081;0.002756927324377972;-0.06481328010559081;0.002756927324377972;2.006162101177478;-1.7519608395728024;-28.472179149568184;-23.96992937984773;59.90828355;10.719291083333333;0.0;59.90828355;10.719291083333333;0.0;1778587803.75225;-103.576;3.0665551733609098;0.19;-0.327;-0.137;-102.574;-1.886;4.091;-0.386;59.90853586666667;10.7196842;0.0;-28.110718591405195;-21.996599037230627;9.973101133375906e-05;1778587803.718759;0.033490896224975586;0.0;0.0;-1.7902540269406635;-102.574;-0.0;0.0;-0.36146055816298883;-1.9733303426171034;-1.7902540269406635;0.03829318736786114;-100.37996197971788;-102.574;2.194038020282121;-0.36146055816298883;-1.9733303426171034;0.03829318736786114;2.006162101177478
2026-05-12_14:10:04:178772;1778587804.1750598;-16.885774612426758;0.05905039608478546;-0.08442887306213379;0.000513481705085091;-0.08442887306213379;0.000513481705085091;2.048269797658604;-1.7791848234240975;-28.556753468355982;-24.093813134236996;59.90828335;10.719289416666667;0.0;59.90828335;10.719289416666667;0.0;1778587804.1750598;-98.702;0.0;0.19;-0.699;1.209;-102.507;-1.331;6.984;1.095;59.90853586666667;10.7196842;0.0;-28.133000182770346;-22.089856468798395;0.00010015144451003266;1778587803.9620585;0.21300125122070312;0.0;0.0;-1.7890846563418275;-102.507;-0.0;0.0;-0.4237532855856365;-2.0039566654386007;-1.7890846563418275;0.009899832917730222;-101.9397813559294;-102.507;0.5672186440706253;-0.4237532855856365;-2.0039566654386007;0.009899832917730222;2.048269797658604
2026-05-12_14:10:04:481826;1778587804.4818263;9.486428260803223;-3.5378060340881348;0.047432141304016115;-0.030763530731201173;0.047432141304016115;-0.030763530731201173;1.9089944177561031;-1.814183574297345;-28.64132778714378;-24.21769688862626;59.908282916666664;10.7192845;0.0;59.908282916666664;10.7192845;0.0;1778587804.4818263;-103.018;1.293775944010658;0.19;-0.622;0.938;-102.361;-0.042;-4.927;-0.515;59.90853586666667;10.7196842;0.0;-28.181276514247923;-22.364965792829878;0.00010132070916668567;1778587804.4084167;0.0734095573425293;-0.3035243743881209;-1.2576681388268898;-1.7865364756339157;-102.361;1.293488757741384;-0.027258519120521685;-0.460051272895857;-1.8527310957963827;-1.7865364756339157;-0.027647098663429404;-103.94506206919628;-102.361;-1.5840620691962841;-0.460051272895857;-1.8527310957963827;-0.027647098663429404;1.9089944177561031
2026-05-12_14:10:04:925621;1778587804.9246094;122.24507141113281;-26.82602310180664;0.611225357055664;-0.23326976610266645;0.611225357055664;-0.23326976610266645;1.9598433891612166;-1.8405803983291702;-28.725902105931578;-24.341580643015526;59.90828271666667;10.719282933333334;0.0;59.90828271666667;10.719282933333334;0.0;1778587804.6698177;-99.661;1.6478114350373723;0.19;-0.605;0.39;-102.351;0.462;-0.938;0.799;59.90853586666667;10.7196842;0.0;-28.20355812956651;-22.452627790138024;0.00010172618539527889;1778587804.6698177;0.2547917366027832;0.0;0.0;-1.7863619427087163;-102.351;-0.0;0.0;-0.5223439763650681;-1.8889528528775017;-1.7863619427087163;-0.05421845562045391;-105.45748867876937;-102.351;-3.106488678769366;-0.5223439763650681;-1.8889528528775017;-0.05421845562045391;1.9598433891612166
2026-05-12_14:10:05:193915;1778587805.193915;23.982255935668945;-13.219671249389648;0.11991127967834472;-0.11495366303817085;0.11991127967834472;-0.11495366303817085;1.9369382624881313;-1.8754034625864606;-28.810476424719376;-24.46546439740479;59.90828248333333;10.719279983333333;0.0;59.90828248333333;10.719279983333333;0.0;1778587805.193915;-102.169;0.0;0.19;-0.514;1.221;-101.797;-0.642;-0.406;0.307;59.90853586666667;10.7196842;0.0;-28.229552961944652;-22.617693371793564;0.00010242262706761096;1778587805.1092882;0.08462667465209961;0.0;0.0;-1.7766928186526676;-101.797;-0.0;0.0;-0.5809234627747237;-1.8477710256112267;-1.7766928186526676;-0.09871064393379303;-107.45270329042498;-101.797;-5.655703290424983;-0.5809234627747237;-1.8477710256112267;-0.09871064393379303;1.9369382624881313
2026-05-12_14:10:05:514069;1778587805.5134952;97.80551147460938;-14.529618263244629;0.4890275573730469;-0.12634450663690983;0.4890275573730469;-0.12634450663690983;1.9963813368190473;-1.9008049996350544;-28.895050743507174;-24.589348151794056;59.908282316666664;10.7192785;0.0;59.908282316666664;10.7192785;0.0;1778587805.49673;-97.688;0.0;0.19;-0.624;1.036;-101.7;-0.881;-2.079;1.203;59.90853586666667;10.7196842;0.0;-28.248120909260283;-22.700692483981445;0.00010279845085214845;1778587805.3684516;0.14504361152648926;0.0;0.0;-1.7749998492782333;-101.7;-0.0;0.0;-0.6469298342468903;-1.8886556678126105;-1.7749998492782333;-0.12580515035682094;-108.9081041564546;-101.7;-7.208104156454582;-0.6469298342468903;-1.8886556678126105;-0.12580515035682094;1.9963813368190473
2026-05-12_14:10:05:762660;1778587805.7626605;67.13424682617188;-16.09874153137207;0.33567123413085936;-0.13998905679453974;0.33567123413085936;-0.13998905679453974;1.9738757934007058;-1.9332838882429435;-28.97962506229497;-24.71323190618332;59.908282033333336;10.719275516666666;0.0;59.908282033333336;10.719275516666666;0.0;1778587805.7626605;-99.677;0.0;0.19;-0.542;0.048;-101.166;1.684;-1.078;0.904;59.90853586666667;10.7196842;0.0;-28.279686254790647;-22.867623249527558;0.00010353398764983979;1778587805.7274883;0.035172224044799805;0.0;0.0;-1.7656797910725834;-101.166;-0.0;0.0;-0.6999388075043242;-1.845608656655763;-1.7656797910725834;-0.16760409717036007;-110.76900739696218;-101.166;-9.603007396962175;-0.6999388075043242;-1.845608656655763;-0.16760409717036007;1.9738757934007058
2026-05-12_14:10:06:124599;1778587806.1245997;150.0;-13.634801864624023;0.75;-0.11856349447499151;0.75;-0.11856349447499151;2.039022570318209;-1.9588367650830665;-29.06419938108277;-24.837115660572586;59.90828191666667;10.71927405;0.0;59.90828191666667;10.71927405;0.0;1778587806.1245997;-97.184;0.0;0.19;-0.542;0.048;-101.166;1.684;-1.078;0.904;59.90853586666667;10.7196842;0.0;-28.292683665577275;-22.949689756597778;0.00010388533909733155;1778587805.9483364;0.17626333236694336;0.0;0.0;-1.7656797910725834;-101.166;-0.0;0.0;-0.7715157155054939;-1.8874259039748083;-1.7656797910725834;-0.19315697401048304;-112.2330793943188;-101.166;-11.067079394318808;-0.7715157155054939;-1.8874259039748083;-0.19315697401048304;2.039022570318209
2026-05-12_14:10:06:425694;1778587806.4256945;135.4193115234375;-37.96633529663086;0.6770965576171875;-0.3301420460576596;0.6770965576171875;-0.3301420460576596;2.030047738882135;-1.9940548822802422;-29.148773699870567;-24.96099941496185;59.908281716666664;10.719271183333333;0.0;59.908281716666664;10.719271183333333;0.0;1778587806.4256945;-100.066;0.0;0.19;-0.628;1.695;-100.552;-2.047;-1.437;0.655;59.90853586666667;10.7196842;0.0;-28.314964815021323;-23.110092457363244;0.00010456293341576384;1778587806.3053741;0.12032032012939453;0.0;0.0;-1.7549634694653384;-100.552;-0.0;0.0;-0.833808884849244;-1.8509069575986068;-1.7549634694653384;-0.23909141281490376;-114.25092887211409;-100.552;-13.69892887211407;-0.833808884849244;-1.8509069575986068;-0.23909141281490376;2.030047738882135
2026-05-12_14:10:06:738626;1778587806.738626;33.33429718017578;-42.89598083496094;0.1666714859008789;-0.3730085289996603;0.1666714859008789;-0.3730085289996603;2.0286668374074437;-2.0262714497855603;-29.233348018658365;-25.084883169351116;59.90828148333333;10.71926845;0.0;59.90828148333333;10.71926845;0.0;1778587806.738626;-99.768;0.5284408506252293;0.19;-1.23;0.594;-100.266;-1.175;-3.534;1.202;59.90853586666667;10.7196842;0.0;-28.340959693516538;-23.263034598709943;0.00010523265113171476;1778587806.5900998;0.14852619171142578;-0.08750936513816315;-0.5211447434421917;-1.7499718278046346;-100.266;0.5283974939133603;0.006769123310483682;-0.8923883251418268;-1.8218485706411727;-1.7499718278046346;-0.2762996219809257;-116.09680222056713;-100.266;-15.830802220567115;-0.8923883251418268;-1.8218485706411727;-0.2762996219809257;2.0286668374074437
2026-05-12_14:10:06:973021;1778587806.972024;70.31627655029297;-40.873775482177734;0.35158138275146483;-0.35542413462763245;0.35158138275146483;-0.35542413462763245;2.1006714880879387;-2.04654082377483;-29.317922337446163;-25.20876692374038;59.90828135;10.71926705;0.0;59.90828135;10.71926705;0.0;1778587806.9707608;-101.416;0.0;0.19;-1.283;0.642;-99.995;1.096;3.173;0.923;59.90853586666667;10.7196842;0.0;-28.35581396378911;-23.34137082804869;0.0001055829846503542;1778587806.935793;0.036231040954589844;0.0;0.0;-1.7452419855317298;-99.995;-0.0;0.0;-0.9621083736570526;-1.8673960956916922;-1.7452419855317298;-0.3012988382430999;-117.25815180352453;-99.995;-17.263151803524508;-0.9621083736570526;-1.8673960956916922;-0.3012988382430999;2.1006714880879387
2026-05-12_14:10:07:361984;1778587807.3619843;150.0;-25.922285079956055;0.75;-0.22541117460831353;0.75;-0.22541117460831353;2.1660348794776527;-2.06634020208434;-29.40249665623396;-25.332650678129646;59.9082812;10.719265516666667;0.0;59.9082812;10.719265516666667;0.0;1778587807.3619843;-106.599;0.0;0.19;-0.718;1.83;-100.067;3.944;6.836;-0.857;59.90853586666667;10.7196842;0.0;-28.372525033312083;-23.42716765404115;0.00010597151114488668;1778587807.166484;0.19550013542175293;0.0;0.0;-1.7464986225931656;-100.067;-0.0;0.0;-1.0299716229218774;-1.9054830240884968;-1.7464986225931656;-0.3198415794911744;-118.39257261764233;-100.067;-18.325572617642322;-1.0299716229218774;-1.9054830240884968;-0.3198415794911744;2.1660348794776527
2026-05-12_14:10:07:660356;1778587807.6603565;21.926437377929688;-46.148048400878906;0.10963218688964843;-0.401287377398947;0.10963218688964843;-0.401287377398947;2.0808030939728317;-2.096386076385875;-29.48707097502176;-25.45653443251891;59.90828056666667;10.719261416666667;0.0;59.90828056666667;10.719261416666667;0.0;1778587807.658853;-114.043;0.0;0.19;-0.331;2.211;-102.593;-2.364;-6.091;-7.684;59.90853586666667;10.7196842;0.0;-28.44308370091079;-23.65658107551733;0.00010712963725723057;1778587807.5433145;0.11704206466674805;0.0;0.0;-1.7905856394985427;-102.593;-0.0;0.0;-1.0439872741109681;-1.7999533570015807;-1.7905856394985427;-0.30580043688733216;-120.11407440690084;-102.593;-17.52107440690083;-1.0439872741109681;-1.7999533570015807;-0.30580043688733216;2.0808030939728317
2026-05-12_14:10:07:987415;1778587807.9874153;26.25438690185547;-35.888858795166016;0.13127193450927735;-0.3120770330014436;0.13127193450927735;-0.3120770330014436;1.8960983469807426;-2.1174097679662958;-29.571645293809556;-25.580418186908176;59.908279283333336;10.719255983333333;0.0;59.908279283333336;10.719255983333333;0.0;1778587807.9874153;-117.317;0.0;0.19;-0.319;1.971;-106.522;3.707;6.209;-11.87;59.90853586666667;10.7196842;0.0;-28.586058847629506;-23.960600821113722;0.00010890072018909791;1778587807.865952;0.12146329879760742;0.0;0.0;-1.8591596258093999;-106.522;-0.0;0.0;-0.9855864461800508;-1.6198173657944537;-1.8591596258093999;-0.2582501421568959;-121.31864320424368;-106.522;-14.796643204243674;-0.9855864461800508;-1.6198173657944537;-0.2582501421568959;1.8960983469807426
2026-05-12_14:10:08:189956;1778587808.189957;-150.0;8.568632125854492;-0.75;0.07450984457264775;-0.75;0.07450984457264775;1.845384736024132;-2.132490407571262;-29.656219612597354;-25.70430194129744;59.9082785;10.719252733333333;0.0;59.9082785;10.719252733333333;0.0;1778587808.189957;-119.78;0.0;0.19;0.386;2.893;-108.991;3.722;1.775;-11.844;59.90853586666667;10.7196842;0.0;-28.673329403809507;-24.14245314534444;0.00010997597348172405;1778587808.189957;0.0;0.0;0.0;-1.9022518050411397;-108.991;-0.0;0.0;-0.9828902087878468;-1.5618487959530007;-1.9022518050411397;-0.23023860253012218;-122.18270020596607;-108.991;-13.191700205966079;-0.9828902087878468;-1.5618487959530007;-0.23023860253012218;1.845384736024132
2026-05-12_14:10:08:682002;1778587808.6820028;-150.0;17.50619125366211;-0.75;0.15222775003184444;-0.75;0.15222775003184444;1.5269024585129347;-2.154051445590986;-29.740793931385152;-25.828185695686706;59.90827646666666;10.719245383333334;0.0;59.90827646666666;10.719245383333334;0.0;1778587808.6820028;-117.782;0.0;0.19;-0.192;0.338;-112.453;-3.072;-6.186;-3.935;59.90853586666667;10.7196842;0.0;-28.8998618479236;-24.553719396086024;0.00011256521066549396;1778587808.5999475;0.08205533027648926;0.0;0.0;-1.9626751037451835;-112.453;-0.0;0.0;-0.8409320834615528;-1.2744662996006824;-1.9626751037451835;-0.19137634184580232;-123.41805668641737;-112.453;-10.965056686417359;-0.8409320834615528;-1.2744662996006824;-0.19137634184580232;1.5269024585129347
2026-05-12_14:10:08:884942;1778587808.8849423;-72.55589294433594;-3.886491537094116;-0.3627794647216797;-0.0337955785834271;-0.3627794647216797;-0.0337955785834271;1.2350265560969476;-2.19259354949748;-29.82536825017295;-25.95206945007597;59.90827461666667;10.719238333333333;0.0;59.90827461666667;10.719238333333333;0.0;1778587808.8844388;-117.809;4.702306317141453;0.19;-0.526;0.016;-112.806;-2.353;-1.031;-2.473;59.90853586666667;10.7196842;0.0;-29.10596905769209;-24.948199241272775;0.00011502631910964567;1778587808.8551917;0.029750585556030273;0.0;0.0;-1.9688361160047234;-112.806;-0.0;0.0;-0.7193991924808607;-1.003870208803196;-1.9688361160047234;-0.22375743349275634;-125.62635657381416;-112.806;-12.820356573814149;-0.7193991924808607;-1.003870208803196;-0.22375743349275634;1.2350265560969476
2026-05-12_14:10:09:101730;1778587809.1017308;-41.335975646972656;-12.473214149475098;-0.20667987823486328;-0.10846273173456607;-0.20667987823486328;-0.10846273173456607;1.1879055491856523;-2.2087061909103376;-29.909942568960748;-26.075953204465236;59.90827375;10.719235233333333;0.0;59.90827375;10.719235233333333;0.0;1778587809.0992727;-118.182;7.395254079918939;0.19;-0.862;0.775;-113.43;-0.713;4.107;-2.716;59.90853586666667;10.7196842;0.0;-29.202523849096064;-25.121658518023423;0.00011614652289360095;1778587809.0724282;0.029302597045898438;0.0;0.0;-1.979726970537168;-113.43;-0.0;0.0;-0.707418719864684;-0.9542946864418127;-1.979726970537168;-0.2289792203731693;-126.54954292357861;-113.43;-13.119542923578596;-0.707418719864684;-0.9542946864418127;-0.2289792203731693;1.1879055491856523
2026-05-12_14:10:09:331148;1778587809.3266342;-35.47017288208008;-22.713483810424805;-0.17735086441040038;-0.19750855487325916;-0.17735086441040038;-0.19750855487325916;1.1489499572940776;-2.227020895053346;-29.994516887748546;-26.1998369588545;59.908272933333336;10.719232233333333;0.0;59.908272933333336;10.719232233333333;0.0;1778587809.3266342;-116.779;5.19329143615297;0.19;-0.252;-0.1;-114.42;2.775;-5.689;-1.288;59.90853586666667;10.7196842;0.0;-29.29350813340911;-25.28952232604586;0.00011722627193400115;1778587809.2898684;0.03676581382751465;0.0;0.0;-1.997005730131912;-114.42;-0.0;0.0;-0.701008754339437;-0.9103146328086424;-1.997005730131912;-0.23001516492143415;-127.59889817400376;-114.42;-13.178898174003757;-0.701008754339437;-0.9103146328086424;-0.23001516492143415;1.1489499572940776
2026-05-12_14:10:09:559370;1778587809.5535135;-24.76561737060547;-26.9962215423584;-0.12382808685302735;-0.23474975254224695;-0.12382808685302735;-0.23474975254224695;1.117968546983258;-2.249710100135599;-30.079091206536344;-26.323720713243766;59.90827218333333;10.7192293;0.0;59.90827218333333;10.7192293;0.0;1778587809.549802;-115.629;0.0;0.19;-0.088;-0.552;-114.51;0.038;-0.685;-0.004;59.90853586666667;10.7196842;0.0;-29.377065056485385;-25.453655798028535;0.00011826133688508378;1778587809.5009909;0.05252265930175781;0.0;0.0;-1.9985765264587068;-114.51;-0.0;0.0;-0.7020261500509584;-0.8700649152152309;-1.9985765264587068;-0.25113357367689204;-128.89889386572364;-114.51;-14.38889386572362;-0.7020261500509584;-0.8700649152152309;-0.25113357367689204;1.117968546983258
2026-05-12_14:10:09:834373;1778587809.827978;-150.0;4.506109714508057;-0.75;0.03918356273485266;-0.75;0.03918356273485266;1.0966676360215022;-2.275548722362884;-30.16366552532414;-26.44760446763303;59.9082715;10.719226466666667;0.0;59.9082715;10.719226466666667;0.0;1778587809.8264868;-115.85;0.0;0.19;-0.443;0.151;-114.46;-2.257;5.229;0.447;59.90853586666667;10.7196842;0.0;-29.453194627031756;-25.612193786245367;0.00011924559589360229;1778587809.8036869;0.024291038513183594;0.0;0.0;-1.9977038618327094;-114.46;-0.0;0.0;-0.7104708982923853;-0.8354106813876641;-1.9977038618327094;-0.2778448605301742;-130.37933786777998;-114.46;-15.919337867779971;-0.7104708982923853;-0.8354106813876641;-0.2778448605301742;1.0966676360215022
2026-05-12_14:10:10:042657;1778587810.0416589;1.7660468816757202;-37.21122360229492;0.008830234408378601;-0.3235758574112602;0.008830234408378601;-0.3235758574112602;1.0878832009419013;-2.304161064369735;-30.24823984411194;-26.571488222022296;59.9082709;10.719223766666667;0.0;59.9082709;10.719223766666667;0.0;1778587810.0360072;-116.047;0.0;0.19;-0.8;0.979;-114.439;-0.636;1.032;0.072;59.90853586666667;10.7196842;0.0;-29.52004001554647;-25.76327112954725;0.00012016053884522648;1778587810.0065436;0.03511524200439453;0.0;0.0;-1.9973373426897907;-114.439;-0.0;0.0;-0.7281998285654687;-0.8082170924750471;-1.9973373426897907;-0.3068237216799443;-132.01870430675743;-114.439;-17.579704306757428;-0.7281998285654687;-0.8082170924750471;-0.3068237216799443;1.0878832009419013
2026-05-12_14:10:10:332295;1778587810.3269043;-1.8248810768127441;-38.03154754638672;-0.00912440538406372;-0.33070910909901496;-0.00912440538406372;-0.33070910909901496;1.0802312444231819;-2.3259081388784524;-30.332814162899737;-26.69537197641156;59.90827025;10.719221166666667;0.0;59.90827025;10.719221166666667;0.0;1778587810.3193638;-116.6;0.0;0.19;-0.806;0.372;-114.64;0.478;-2.59;-1.466;59.90853586666667;10.7196842;0.0;-29.59245597344092;-25.908753077115772;0.00012108307055846979;1778587810.1986127;0.12829160690307617;0.0;0.0;-2.0008454544862992;-114.64;-0.0;0.0;-0.7403581894588172;-0.7866188992957888;-2.0008454544862992;-0.32506268439215313;-133.26471989286347;-114.64;-18.62471989286347;-0.7403581894588172;-0.7866188992957888;-0.32506268439215313;1.0802312444231819
2026-05-12_14:10:10:599141;1778587810.5991414;-137.5034942626953;0.9633948802947998;-0.6875174713134765;0.008377346785172173;-0.6875174713134765;0.008377346785172173;0.9385424244503933;-2.3870598219595855;-30.417388481687535;-26.819255730800826;59.908268983333336;10.719216383333332;0.0;59.908268983333336;10.719216383333332;0.0;1778587810.5991414;-119.693;0.0;0.19;-0.042;1.098;-115.582;3.157;4.173;-2.66;59.90853586666667;10.7196842;0.0;-29.73357434664576;-26.176402628443615;0.00012283010927660598;1778587810.5500665;0.04907488822937012;0.0;0.0;-2.017286456040086;-115.58200000000001;-0.0;0.0;-0.683814135041775;-0.6428531023572113;-2.017286456040086;-0.3697733659194995;-136.76845324353397;-115.58200000000001;-21.186453243533954;-0.683814135041775;-0.6428531023572113;-0.3697733659194995;0.9385424244503933
2026-05-12_14:10:10:799471;1778587810.7994716;93.30671691894531;-46.392337799072266;0.46653358459472655;-0.403411633035411;0.46653358459472655;-0.403411633035411;0.9690064972627555;-2.3943457155295804;-30.501962800475333;-26.94313948519009;59.90826846666667;10.71921445;0.0;59.90826846666667;10.71921445;0.0;1778587810.7994716;-122.033;0.0;0.19;-0.042;1.098;-115.582;3.157;4.173;-2.66;59.90853586666667;10.7196842;0.0;-29.791135790265354;-26.284581550537887;0.00012354154929994365;1778587810.7620592;0.037412405014038086;0.0;0.0;-2.017286456040086;-115.58200000000001;-0.0;0.0;-0.7108270102099787;-0.6585579346522046;-2.017286456040086;-0.37705925948949437;-137.18590419507618;-115.58200000000001;-21.60390419507616;-0.7108270102099787;-0.6585579346522046;-0.37705925948949437;0.9690064972627555
2026-05-12_14:10:11:047565;1778587811.0475655;102.84158325195312;-46.74351501464844;0.5142079162597656;-0.4064653479534647;0.5142079162597656;-0.4064653479534647;0.8839908155062037;-2.423024995725889;-30.58653711926313;-27.067023239579356;59.9082673;10.719210866666668;0.0;59.9082673;10.719210866666668;0.0;1778587811.0475655;-127.54;4.794691515726422;0.19;-0.854;0.001;-116.81;-5.288;-6.895;-3.889;59.90853586666667;10.7196842;0.0;-29.921113543781107;-26.48508576261809;0.00012497800118893565;1778587811.022393;0.02517247200012207;0.0;0.0;-2.0387190992545765;-116.81000000000002;-0.0;0.0;-0.6654235754820235;-0.5819374769612651;-2.0387190992545765;-0.38430589647131264;-138.8291059097978;-116.81000000000002;-22.01910590979777;-0.6654235754820235;-0.5819374769612651;-0.38430589647131264;0.8839908155062037
2026-05-12_14:10:11:347382;1778587811.3473825;89.88809967041016;-44.66117477416992;0.4494404983520508;-0.3883580415145211;0.4494404983520508;-0.3883580415145211;1.0298934178031942;-2.3865300656504758;-30.67111143805093;-27.19090699396862;59.9082673;10.719210866666668;0.0;59.9082673;10.719210866666668;0.0;1778587811.3473825;-130.418;0.0;0.19;-1.28;-0.754;-117.401;-2.318;-5.643;-5.406;59.90853586666667;10.7196842;0.0;-29.921113543781107;-26.48508576261809;0.00012497800118893565;1778587811.2014716;0.14591097831726074;0.0;0.0;-2.049033995133863;-117.40100000000001;-0.0;0.0;-0.7499978942698213;-0.7058212313505301;-2.049033995133863;-0.3374960705166128;-136.73810044285153;-117.40100000000001;-19.33710044285153;-0.7499978942698213;-0.7058212313505301;-0.3374960705166128;1.0298934178031942
2026-05-12_14:10:11:644070;1778587811.6440706;-30.005340576171875;-14.16487979888916;-0.15002670288085937;-0.12317286781642749;-0.15002670288085937;-0.12317286781642749;0.9777156486464157;-2.3810350843666614;-30.755685756838727;-27.314790748357886;59.908266166666664;10.719208083333333;0.0;59.908266166666664;10.719208083333333;0.0;1778587811.6440706;-133.068;0.0;0.19;0.56;0.652;-120.392;4.465;7.373;-6.75;59.90853586666667;10.7196842;0.0;-30.047377918073245;-26.640826435392093;0.00012621745858254485;1778587811.553823;0.09024763107299805;0.0;0.0;-2.101236793061013;-120.39199999999998;-0.0;0.0;-0.7083078387654815;-0.6739643129657935;-2.101236793061013;-0.2797982913056485;-136.4232612067856;-120.39199999999998;-16.031261206785615;-0.7083078387654815;-0.6739643129657935;-0.2797982913056485;0.9777156486464157
2026-05-12_14:10:11:864082;1778587811.8640826;140.1596221923828;-46.33633041381836;0.700798110961914;-0.40292461229407267;0.700798110961914;-0.40292461229407267;0.9590004767839441;-2.3584085396250694;-30.840260075626524;-27.43867450274715;59.90826515;10.719205916666667;0.0;59.90826515;10.719205916666667;0.0;1778587811.8640826;-137.356;2.7500696151778543;0.19;0.885;1.442;-121.174;1.658;5.617;-6.247;59.90853586666667;10.7196842;0.0;-30.160644616854025;-26.76206180506163;0.00012725681461489557;1778587811.8339307;0.030151844024658203;-1.9090632636590157;-1.9794848681853823;-2.114885267811609;-121.174;2.6818509839476743;-0.6087349077605151;-0.6796154587724992;-0.6766126976855205;-2.114885267811609;-0.24352327181346034;-135.12685568812844;-121.174;-13.95285568812844;-0.6796154587724992;-0.6766126976855205;-0.24352327181346034;0.9590004767839441
2026-05-12_14:10:12:118846;1778587812.118846;141.96112060546875;-44.8656005859375;0.7098056030273437;-0.3901356572690217;0.7098056030273437;-0.3901356572690217;1.0186671943494694;-2.327306476064574;-30.924834394414322;-27.562558257136416;59.908264566666666;10.71920485;0.0;59.908264566666666;10.71920485;0.0;1778587812.118846;-133.808;0.0;0.19;-0.508;1.559;-122.777;-5.632;-2.558;-3.81;59.90853586666667;10.7196842;0.0;-30.22563377652805;-26.82174697969035;0.0001278148634860088;1778587812.042578;0.07626795768737793;0.0;0.0;-2.142862895721078;-122.77699999999999;-0.0;0.0;-0.6992006178862731;-0.7408112774460669;-2.142862895721078;-0.18444358034349628;-133.34483871196443;-122.77699999999999;-10.567838711964448;-0.6992006178862731;-0.7408112774460669;-0.18444358034349628;1.0186671943494694
2026-05-12_14:10:12:681883;1778587812.6818833;-2.3901119232177734;-18.86113166809082;-0.011950559616088867;-0.16400984059209409;-0.011950559616088867;-0.16400984059209409;0.8907579527581668;-2.287429125470941;-31.00940871320212;-27.68644201152568;59.908262783333335;10.7192014;0.0;59.908262783333335;10.7192014;0.0;1778587812.6818833;-141.023;0.6024277652211916;0.19;-0.31;1.609;-126.186;5.298;2.425;-9.23;59.90853586666667;10.7196842;0.0;-30.42431483521748;-27.014791146606402;0.00012957092770271572;1778587812.3670328;0.3148505687713623;-0.4364152567381792;-0.4235628910676687;-2.2023611699215646;-126.18599999999999;0.5995228229304885;-0.1021576418527303;-0.5850938779846402;-0.671650864919279;-2.2023611699215646;-0.08506795554937652;-131.06003482478576;-126.18599999999999;-4.874034824785765;-0.5850938779846402;-0.671650864919279;-0.08506795554937652;0.8907579527581668
2026-05-12_14:10:12:861283;1778587812.8596609;-24.95916175842285;-8.8955717086792;-0.12479580879211426;-0.07735279746677565;-0.12479580879211426;-0.07735279746677565;0.9187869268873449;-2.2443546896667304;-31.093983031989918;-27.810325765914946;59.90826191666667;10.719200016666667;0.0;59.90826191666667;10.719200016666667;0.0;1778587812.8516598;-145.803;4.073954926600642;0.19;0.358;2.052;-127.916;3.786;2.865;-11.552;59.90853586666667;10.7196842;0.0;-30.520870234133366;-27.09219545883125;0.00013035954150630857;1778587812.8212836;0.03837728500366211;0.0;0.0;-2.2325553659810664;-127.916;-0.0;0.0;-0.5731127978565524;-0.7181303070836975;-2.2325553659810664;-0.011799323685663943;-128.59205144829727;-127.916;-0.6760514482972911;-0.5731127978565524;-0.7181303070836975;-0.011799323685663943;0.9187869268873449
2026-05-12_14:10:13:070661;1778587813.070661;80.33036041259766;-29.30164337158203;0.4016518020629883;-0.254796898883322;0.4016518020629883;-0.254796898883322;0.9242687929770745;-2.1833577581435044;-31.178557350777716;-27.93420952030421;59.90826078333333;10.719198483333333;0.0;59.90826078333333;10.719198483333333;0.0;1778587813.070661;-149.795;3.4334768834812754;0.19;0.358;2.052;-127.916;3.786;2.865;-11.552;59.90853586666667;10.7196842;0.0;-30.64713509739864;-27.177993155574644;0.0001313307178936185;1778587813.0261998;0.04446125030517578;0.0;0.0;-2.2325553659810664;-127.916;-0.0;0.0;-0.5314222533790769;-0.7562163647295677;-2.2325553659810664;0.049197607837561996;-125.09718470876795;-127.916;2.8188152912320428;-0.5314222533790769;-0.7562163647295677;0.049197607837561996;0.9242687929770745
2026-05-12_14:10:13:341079;1778587813.3405945;20.290987014770508;-19.93842124938965;0.10145493507385255;-0.1733775760816491;0.10145493507385255;-0.1733775760816491;0.9115839670080523;-2.1021229406034636;-31.263131669565514;-28.058093274693476;59.9082594;10.7191968;0.0;59.9082594;10.7191968;0.0;1778587813.3405945;-149.791;0.0;0.19;-0.411;1.534;-135.904;-2.047;-5.73;-12.408;59.90853586666667;10.7196842;0.0;-30.801252577013326;-27.27218422603116;0.00013247128414839437;1778587813.3010712;0.03952336311340332;0.0;0.0;-2.3719722666303737;-135.904;-0.0;0.0;-0.46187909255218784;-0.7859090486623153;-2.3719722666303737;0.26984932602691014;-120.4427725142083;-135.904;15.46122748579171;-0.46187909255218784;-0.7859090486623153;0.26984932602691014;0.9115839670080523
2026-05-12_14:10:13:602030;1778587813.5964324;-20.96924591064453;23.235929489135742;-0.10484622955322266;0.2020515607750934;-0.10484622955322266;0.2020515607750934;0.9034563504903164;-2.015455861439022;-31.34770598835331;-28.18197702908274;59.908257983333336;10.719195116666667;0.0;59.908257983333336;10.719195116666667;0.0;1778587813.5964324;-150.418;0.0;0.19;-0.586;1.129;-136.814;-1.636;-4.74;-10.994;59.90853586666667;10.7196842;0.0;-30.959083744369735;-27.366375331731362;0.0001336375993528094;1778587813.5246131;0.07181930541992188;0.0;0.0;-2.387854762823522;-136.814;-0.0;0.0;-0.38862224398357625;-0.8156016973513793;-2.387854762823522;0.37239890138449994;-115.47711465535961;-136.814;21.336885344640397;-0.38862224398357625;-0.8156016973513793;0.37239890138449994;0.9034563504903164
2026-05-12_14:10:14:005060;1778587814.0050604;-150.0;62.28633499145508;-0.75;0.5416203042735224;-0.75;0.5416203042735224;0.7762007474185213;-1.7727291103368037;-31.43228030714111;-28.305860783472006;59.908255133333334;10.719191916666666;0.0;59.908255133333334;10.719191916666666;0.0;1778587813.8504517;-151.114;3.860475646045944;0.19;-0.283;1.298;-140.762;3.0;0.628;-9.02;59.90853586666667;10.7196842;0.0;-31.276602989685408;-27.545431843252825;0.00013595466006144363;1778587813.8504517;0.15460872650146484;0.0;0.0;-2.456760361692258;-140.762;-0.0;0.0;-0.15567731745570157;-0.7604289402191817;-2.456760361692258;0.6840312513554543;-101.5698962422801;-140.762;39.192103757719906;-0.15567731745570157;-0.7604289402191817;0.6840312513554543;0.7762007474185213
2026-05-12_14:10:14:312664;1778587814.3126643;-150.0;75.19132995605469;-0.75;0.6538376517917799;-0.75;0.6538376517917799;0.7023969870108181;-1.4685434577304624;-31.516854625928907;-28.42974453786127;59.90825233333333;10.7191886;0.0;59.908253683333335;10.719190283333333;0.0;1778587814.3126643;-148.335;0.0;0.19;0.438;0.112;-143.483;-0.68;0.116;-3.112;59.90853586666667;10.7196842;0.0;-31.58855164069376;-27.731016360788324;0.0001382936465521567;1778587814.3126643;0.0;0.0;0.0;-2.504250770639024;-143.483;-0.0;0.0;0.07169701476485102;-0.6987281770729474;-2.504250770639024;1.0357073129085617;-84.1413421595041;-143.483;59.34165784049591;0.07169701476485102;-0.6987281770729474;1.0357073129085617;0.7023969870108181
2026-05-12_14:10:14:633785;1778587814.6337855;26.792442321777344;59.45591735839844;0.13396221160888672;0.5170079770295516;0.13396221160888672;0.5170079770295516;0.7427021260732586;-1.3947179190047565;-31.601428944716705;-28.553628292250536;59.90825105;10.719186966666667;0.0;59.90825105;10.719186966666667;0.0;1778587814.6309104;-149.597;0.0;0.19;-0.391;0.542;-144.052;-5.11;2.009;-1.759;59.90853586666667;10.7196842;0.0;-31.731528056026946;-27.822409672882824;0.0001393995573639728;1778587814.507307;0.1264784336090088;0.0;0.0;-2.5141816940828714;-144.052;-0.0;0.0;0.13009911131024054;-0.7312186193677128;-2.5141816940828714;1.1194637750781151;-79.91145037024154;-144.052;64.14054962975847;0.13009911131024054;-0.7312186193677128;1.1194637750781151;0.7427021260732586
2026-05-12_14:10:14:935266;1778587814.919099;-150.0;63.779396057128906;-0.75;0.5546034439750339;-0.75;0.5546034439750339;0.7565997369730019;-1.1363197717614395;-31.686003263504503;-28.6775120466398;59.9082486;10.71918395;0.0;59.9082486;10.71918395;0.0;1778587814.919099;-145.814;1.3388983387014268;0.19;-1.635;0.688;-144.401;-3.463;-0.374;-1.038;59.90853586666667;10.7196842;0.0;-32.00448306338087;-27.991207610504986;0.00014149907829441588;1778587814.8011997;0.11789941787719727;-1.1339516416718787;-0.7119005798915283;-2.520272893172332;-144.401;1.3364320407753407;-0.08122906923817863;0.3184797998763642;-0.6863044361348152;-2.520272893172332;1.383953121410892;-65.10632709919946;-144.401;79.29467290080052;0.3184797998763642;-0.6863044361348152;1.383953121410892;0.7565997369730019
2026-05-12_14:10:15:252598;1778587815.252598;-69.79188537597656;77.46942138671875;-0.3489594268798828;0.6736471424932066;-0.3489594268798828;0.6736471424932066;0.8098165207237981;-1.1047684555828867;-31.7705775822923;-28.801395801029066;59.90824743333334;10.7191824;0.0;59.90824743333334;10.7191824;0.0;1778587815.2512887;-142.27;0.0;0.19;-1.085;0.439;-144.578;6.192;-1.258;-0.386;59.90853586666667;10.7196842;0.0;-32.13446158873971;-28.077937974276892;0.00014253239408645868;1778587815.1007965;0.15180158615112305;0.0;0.0;-2.5233621259483616;-144.578;-0.0;0.0;0.36388400644741026;-0.7234578267521741;-2.5233621259483616;1.4185936703654747;-63.298569844085556;-144.578;81.27943015591443;0.36388400644741026;-0.7234578267521741;1.4185936703654747;0.8098165207237981
2026-05-12_14:10:15:453826;1778587815.4534953;33.36627960205078;70.39863586425781;0.1668313980102539;0.6121620509935461;0.1668313980102539;0.6121620509935461;0.8543881657513943;-1.0860288997791887;-31.8551519010801;-28.92527955541833;59.90824636666667;10.719180766666668;0.0;59.90824636666667;10.719180766666668;0.0;1778587815.4524958;-145.51;0.0;0.19;0.723;0.583;-144.623;3.967;2.168;0.063;59.90853586666667;10.7196842;0.0;-32.25329900375558;-28.169331129659568;0.00014353298915281698;1778587815.434078;0.019417285919189453;0.0;0.0;-2.524147524111759;-144.623;-0.0;0.0;0.39814710267548037;-0.7559484257587634;-2.524147524111759;1.4381186243325708;-62.224872386583776;-144.623;82.39812761341624;0.39814710267548037;-0.7559484257587634;1.4381186243325708;0.8543881657513943
2026-05-12_14:10:15:674472;1778587815.6729696;35.55161666870117;70.2940444946289;0.17775808334350585;0.6112525608228601;0.17775808334350585;0.6112525608228601;0.8982053505557545;-1.0755891973686345;-31.939726219867897;-29.049163309807597;59.90824535;10.719179166666667;0.0;59.90824535;10.719179166666667;0.0;1778587815.6671178;-143.896;0.0;0.19;0.723;0.583;-144.623;3.967;2.168;0.063;59.90853586666667;10.7196842;0.0;-32.36656589513536;-28.258859100414433;0.00014450164068513516;1778587815.6345792;0.038390398025512695;0.0;0.0;-2.524147524111759;-144.623;-0.0;0.0;0.4268396752674626;-0.7903042093931631;-2.524147524111759;1.4485583267431243;-61.626721499086464;-144.623;82.99627850091352;0.4268396752674626;-0.7903042093931631;1.4485583267431243;0.8982053505557545
2026-05-12_14:10:16:155503;1778587816.1506093;44.4810676574707;75.73826599121094;0.2224053382873535;0.6585936173148778;0.2224053382873535;0.6585936173148778;0.9534647901825124;-0.7425046362189885;-32.024300538655694;-29.17304706419686;59.90824211666666;10.71917435;0.0;59.90824211666666;10.71917435;0.0;1778587816.1506093;-131.491;0.0;0.19;-1.153;1.626;-142.336;5.598;1.362;6.664;59.90853586666667;10.7196842;0.0;-32.72679184612712;-28.528375776605372;0.0001475347727613041;1778587816.1228151;0.02779412269592285;0.0;0.0;-2.484231844118649;-142.336;-0.0;0.0;0.7024913074714263;-0.6446712875914891;-2.484231844118649;1.741727207899661;-42.542381924244566;-142.336;99.79361807575548;0.7024913074714263;-0.6446712875914891;1.741727207899661;0.9534647901825124
2026-05-12_14:10:16:593531;1778587816.5935316;-150.0;37.19879150390625;-0.75;0.32346775220788043;-0.75;0.32346775220788043;0.9777884515802893;-0.7260642063352597;-32.108874857443496;-29.296930818586127;59.9082411;10.719172216666667;0.0;59.9082411;10.719172216666667;0.0;1778587816.5923035;-127.277;0.0;0.19;-1.153;1.626;-142.336;5.598;1.362;6.664;59.90853586666667;10.7196842;0.0;-32.84005849598817;-28.64774614319063;0.0001486498380884882;1778587816.569174;0.02435755729675293;0.0;0.0;-2.484231844118649;-142.336;-0.0;0.0;0.731183638544671;-0.649184675395496;-2.484231844118649;1.758167637783389;-41.60041467852615;-142.336;100.73558532147385;0.731183638544671;-0.649184675395496;1.758167637783389;0.9777884515802893
2026-05-12_14:10:16:934679;1778587816.934679;-114.92276763916016;49.07942581176758;-0.5746138381958008;0.4267776157545007;-0.5746138381958008;0.4267776157545007;0.9742600404582724;-0.5165505541494159;-32.1934491762313;-29.42081457297539;59.9082393;10.719167;0.0;59.9082393;10.719167;0.0;1778587816.9307637;-119.606;0.0;0.19;-0.892;0.831;-135.31;-5.075;-1.155;16.234;59.90853586666667;10.7196842;0.0;-33.0405955358118;-28.939643426829605;0.0001509999836315501;1778587816.7334046;0.20127439498901367;0.0;0.0;-2.3616050108735274;-135.31;-0.0;0.0;0.8471463595805062;-0.4811711461457868;-2.3616050108735274;1.845054456724112;-29.59616665790542;-135.31;105.71383334209462;0.8471463595805062;-0.4811711461457868;1.845054456724112;0.9742600404582724
2026-05-12_14:10:17:103877;1778587817.103877;-150.0;49.468135833740234;-0.75;0.430157702902089;-0.75;0.430157702902089;0.9776072451594144;-0.2820838094567244;-32.2780234950191;-29.544698327364657;59.90823771666667;10.71916105;0.0;59.90823771666667;10.71916105;0.0;1778587817.102192;-107.553;0.0;0.19;-2.637;1.098;-129.688;-4.593;-1.818;18.46;59.90853586666667;10.7196842;0.0;-33.21699323792489;-29.27257381965612;0.00015343063876294138;1778587817.0747132;0.029163837432861328;0.0;0.0;-2.2634826003264057;-129.688;-0.0;0.0;0.9389697429057904;-0.27212450770853636;-2.2634826003264057;1.9813987908696813;-16.162211750842808;-129.688;113.52578824915717;0.9389697429057904;-0.27212450770853636;1.9813987908696813;0.9776072451594144
2026-05-12_14:10:17:450253;1778587817.450253;-150.0;65.05997467041016;-0.75;0.5657389101774796;-0.75;0.5657389101774796;0.9199546668526795;-0.07268608646836806;-32.3625978138069;-29.66858208175392;59.90823715;10.719155166666667;0.0;59.90823715;10.719155166666667;0.0;1778587817.450253;-84.382;22.337968933933947;0.19;-1.966;-1.55;-121.099;8.461;-2.271;23.646;59.90853586666667;10.7196842;0.0;-33.28012336727057;-29.601773041907414;0.00015527457663999655;1778587817.4432216;0.007031440734863281;0.0;0.0;-2.1135762708726133;-121.09900000000002;-0.0;0.0;0.917525553463669;-0.06680903984650755;-2.1135762708726133;2.0408901844042457;-4.1646059839604535;-121.09900000000002;116.93439401603959;0.917525553463669;-0.06680903984650755;2.0408901844042457;0.9199546668526795
2026-05-12_14:10:17:643330;1778587817.6433308;-150.0;-36.52517318725586;-0.75;-0.31761020162831183;-0.75;-0.31761020162831183;0.8545007320778016;-0.22505791952895157;-32.4471721325947;-29.792465836143187;59.90823715;10.719155166666667;0.0;59.90823715;10.719155166666667;0.0;1778587817.6433308;-71.513;0.0;0.19;-1.966;-1.55;-121.099;8.461;-2.271;23.646;59.90853586666667;10.7196842;0.0;-33.28012336727057;-29.601773041907414;0.00015527457663999655;1778587817.6433308;0.0;0.0;0.0;-2.1135762708726133;-121.09900000000002;-0.0;0.0;0.8329512346758676;-0.19069279423577257;-2.1135762708726133;1.888518351343662;-12.894868935003833;-121.09900000000002;108.2041310649962;0.8329512346758676;-0.19069279423577257;1.888518351343662;0.8545007320778016
2026-05-12_14:10:18:126066;1778587818.1252;-150.0;-36.91157531738281;-0.75;-0.3209702201511549;-0.75;-0.3209702201511549;0.6055248532751256;-0.020518571372040256;-32.5317464513825;-29.91634959053245;59.90823843333333;10.719149766666666;0.0;59.90823843333333;10.719149766666666;0.0;1778587818.1252;-27.549;0.6018157152877254;0.19;-1.429;-0.904;-98.368;0.154;0.215;31.605;59.90853586666667;10.7196842;0.0;-33.137143842584166;-29.9039259574051;0.00015593710785566373;1778587818.1053557;0.01984429359436035;0.0;0.0;-1.716845478601782;-98.368;-0.0;0.0;0.605397391201663;-0.012423633127351508;-1.716845478601782;1.696326907229742;-1.1756275412558614;-98.368;97.19237245874415;0.605397391201663;-0.012423633127351508;1.696326907229742;0.6055248532751256
2026-05-12_14:10:18:606062;1778587818.6060624;-150.0;-68.05335998535156;-0.75;-0.5917683476987092;-0.75;-0.5917683476987092;0.36133853919422587;-0.3071961370964161;-32.616320770170304;-30.040233344921717;59.90824001666667;10.719149283333333;0.0;59.90824001666667;10.719149283333333;0.0;1778587818.6060624;37.558;0.0;0.19;0.018;0.828;-86.122;1.616;2.407;25.896;59.90853586666667;10.7196842;0.0;-32.960743306323174;-29.930969185669735;0.00015514986313291956;1778587818.5453084;0.06075406074523926;0.0;0.0;-1.5031124584025566;-86.122;0.0;0.0;0.34442253615286944;-0.10926415925198185;-1.5031124584025566;1.1959163213061403;-17.601042138346866;-86.122;68.52095786165313;0.34442253615286944;-0.10926415925198185;1.1959163213061403;0.36133853919422587
2026-05-12_14:10:18:944991;1778587818.9350948;-150.0;-67.2497329711914;-0.75;-0.5847802867060122;-0.75;-0.5847802867060122;0.34089093871974446;-0.9821017425516867;-32.700895088958106;-30.16411709931098;59.90824065;10.719150183333333;0.0;59.90824065;10.719150183333333;0.0;1778587818.9350948;53.72;0.0;0.19;0.018;0.828;-86.122;1.616;2.407;25.896;59.90853586666667;10.7196842;0.0;-32.8901835865709;-29.88060960951094;0.00015455084927573637;1778587818.7845626;0.15053224563598633;0.0;0.0;-1.5031124584025566;-86.122;0.0;0.0;0.1892884976127931;-0.2835074898000407;-1.5031124584025566;0.5210107158508697;-56.27028490065538;-86.122;29.851715099344613;0.1892884976127931;-0.2835074898000407;0.5210107158508697;0.34089093871974446
2026-05-12_14:10:19:412018;1778587819.4120185;124.5589828491211;-28.77237319946289;0.6227949142456055;-0.2501945495605469;0.6227949142456055;-0.2501945495605469;0.560393590859029;-1.5562356058681608;-32.78546940774591;-30.288000853700247;59.90824151666666;10.719152916666667;0.0;59.90824151666666;10.719152916666667;0.0;1778587819.1014667;75.013;1.3812305170172456;0.19;0.519;-0.365;-73.909;2.052;3.21;16.382;59.90853586666667;10.7196842;0.0;-32.79362885410412;-29.727666667601447;0.00015334159652624635;1778587819.1014667;0.31055188179016113;0.0;0.0;-1.2899553968564892;-73.909;0.0;0.0;0.008159446358213529;-0.5603341860987996;-1.2899553968564892;-0.2662802090116716;-89.16573214423022;-73.909;-15.256732144230213;0.008159446358213529;-0.5603341860987996;-0.2662802090116716;0.560393590859029
2026-05-12_14:10:19:743404;1778587819.7434049;-51.631874084472656;-41.042015075683594;-0.25815937042236325;-0.35688708761463994;-0.25815937042236325;-0.35688708761463994;0.8636448673003309;-1.678834364522425;-32.87004372653371;-30.41188460808951;59.90824166666667;10.719156033333334;0.0;59.90824166666667;10.719156033333334;0.0;1778587819.7434049;98.991;0.0;0.19;0.015;2.101;-68.289;-4.869;4.329;12.815;59.90853586666667;10.7196842;0.0;-32.77691863949428;-29.55327516545677;0.00015244690044369236;1778587819.5635889;0.17981600761413574;0.0;0.0;-1.1918678928944078;-68.289;0.0;0.0;-0.09312508703942513;-0.8586094426327406;-1.1918678928944078;-0.4869664716280173;-96.19012358866254;-68.289;-27.90112358866254;-0.09312508703942513;-0.8586094426327406;-0.4869664716280173;0.8636448673003309
2026-05-12_14:10:20:003777;1778587820.0037777;150.0;-75.2282485961914;0.75;-0.6541586834451426;0.75;-0.6541586834451426;1.1483790216513337;-1.7098126442247232;-32.95461804532151;-30.535768362478777;59.9082415;10.7191588;0.0;59.9082415;10.7191588;0.0;1778587820.0037777;119.883;0.0;0.19;-1.559;0.906;-65.058;-2.24;-4.877;4.173;59.90853586666667;10.7196842;0.0;-32.79548832521979;-29.398468002174067;0.00015182934235546952;1778587819.9964514;0.007326364517211914;0.0;0.0;-1.135476304762471;-65.058;0.0;0.0;-0.159129720101717;-1.1373003603047103;-1.135476304762471;-0.5743363394622523;-97.96504827218001;-65.058;-32.907048272180006;-0.159129720101717;-1.1373003603047103;-0.5743363394622523;1.1483790216513337
2026-05-12_14:10:20:256735;1778587820.2468174;112.4460678100586;-86.62114715576172;0.562230339050293;-0.7532273665718411;0.562230339050293;-0.7532273665718411;1.3430281679815086;-1.7280149820755941;-33.03919236410931;-30.659652116868042;59.9082412;10.719159966666666;0.0;59.9082412;10.719159966666666;0.0;1778587820.2468174;125.411;0.0;0.19;-1.559;0.906;-65.058;-2.24;-4.877;4.173;59.90853586666667;10.7196842;0.0;-32.828912060604196;-29.333188075158066;0.00015170072307491012;1778587820.1605399;0.08627748489379883;0.0;0.0;-1.135476304762471;-65.058;0.0;0.0;-0.21028030350511528;-1.3264640417099756;-1.135476304762471;-0.5925386773131232;-99.00796540830615;-65.058;-33.94996540830614;-0.21028030350511528;-1.3264640417099756;-0.5925386773131232;1.3430281679815086
2026-05-12_14:10:20:659100;1778587820.6590998;150.0;-86.12730407714844;0.75;-0.7489330789317256;0.75;-0.7489330789317256;1.5977384329699493;-1.7034315038929977;-33.12376668289711;-30.783535871257307;59.90824045;10.71916235;0.0;59.90824045;10.71916235;0.0;1778587820.6590998;136.844;0.0;0.19;0.121;0.687;-64.902;3.155;-3.322;-3.54;59.90853586666667;10.7196842;0.0;-32.91247115841371;-29.19983062673655;0.0001515207805535823;1778587820.5788352;0.08026456832885742;0.0;0.0;-1.1327535911293598;-64.902;0.0;0.0;-0.21129552448340405;-1.5837052445207576;-1.1327535911293598;-0.5706779127636379;-97.59943586269142;-64.902;-32.69743586269143;-0.21129552448340405;-1.5837052445207576;-0.5706779127636379;1.5977384329699493
2026-05-12_14:10:21:072764;1778587821.0727644;150.0;-65.15530395507812;0.75;-0.5665678604789403;0.75;-0.5665678604789403;1.8567317026454877;-1.654237669156825;-33.208341001684914;-30.907419625646572;59.908239183333336;10.7191649;0.0;59.908239183333336;10.7191649;0.0;1778587821.0727644;137.95;0.0;0.19;-0.727;0.849;-68.186;1.713;5.403;-9.174;59.90853586666667;10.7196842;0.0;-33.053592533589374;-29.05714788148819;0.00015159927699137654;1778587821.0467205;0.02604389190673828;0.0;0.0;-1.1900702037648536;-68.186;0.0;0.0;-0.15474846809554066;-1.8502717441583805;-1.1900702037648536;-0.4641674653919714;-94.78083675424467;-68.186;-26.594836754244664;-0.15474846809554066;-1.8502717441583805;-0.4641674653919714;1.8567317026454877
2026-05-12_14:10:21:308027;1778587821.3080277;150.0;-52.403995513916016;0.75;-0.45568691751231316;0.75;-0.45568691751231316;2.1217409078531233;-1.6153441616362492;-33.292915320472716;-31.031303380035837;59.908237883333335;10.7191675;0.0;59.908237883333335;10.7191675;0.0;1778587821.3080277;141.101;1.9981147309241367;0.19;-0.18;1.418;-71.452;-1.274;-2.106;-10.956;59.90853586666667;10.7196842;0.0;-33.19842761612991;-28.91166743162738;0.00015169215114596568;1778587821.2569683;0.05105948448181152;-1.4546634218133847;1.3698236409013533;-1.2470726571349884;-71.452;-1.7613985690173932;-0.9433650189600757;-0.09448770434280362;-2.119635948408458;-1.2470726571349884;-0.3682715045012608;-92.55240292285535;-71.452;-21.10040292285534;-0.09448770434280362;-2.119635948408458;-0.3682715045012608;2.1217409078531233
2026-05-12_14:10:21:761080;1778587821.7610805;150.0;-51.13392639160156;0.75;-0.4446428381878397;0.75;-0.4446428381878397;2.362007269525174;-1.5774257797790598;-33.37748963926052;-31.155187134425102;59.90823641666667;10.719169616666667;0.0;59.90823641666667;10.719169616666667;0.0;1778587821.7602036;168.8;0.0;0.19;-1.408;1.297;-76.587;-2.083;4.521;-18.065;59.90853586666667;10.7196842;0.0;-33.3618309378186;-28.793231769402528;0.00015201003643916522;1778587821.721575;0.0395054817199707;0.0;0.0;-1.3366953142248972;-76.587;0.0;0.0;-0.015658701441914502;-2.361955365022574;-1.3366953142248972;-0.24073046555416244;-90.37983967647297;-76.587;-13.79283967647295;-0.015658701441914502;-2.361955365022574;-0.24073046555416244;2.362007269525174
2026-05-12_14:10:22:278554;1778587822.2785547;150.0;-41.52743148803711;0.75;-0.36110809989597487;0.75;-0.36110809989597487;2.4808255143966234;-1.4733250949875953;-33.46206395804832;-31.279070888814367;59.90823335;10.719169316666667;0.0;59.90823335;10.719169316666667;0.0;1778587822.2785547;-155.813;1.5314098858719016;0.19;-0.63;4.257;-92.472;5.346;-2.195;-33.457;59.90853586666667;10.7196842;0.0;-33.70349036840699;-28.81002076351059;0.00015388137951077852;1778587822.1912777;0.08727693557739258;-1.4467184029535718;-0.50221718509369;-1.6139408659041963;-92.472;0.5641484670336945;-1.4237109066069191;0.2414264103586703;-2.4690501253037773;-1.6139408659041963;0.14061577091660116;-84.41530979350033;-92.472;8.056690206499674;0.2414264103586703;-2.4690501253037773;0.14061577091660116;2.4808255143966234
2026-05-12_14:10:22:500670;1778587822.5006702;123.76359558105469;-21.7734375;0.6188179779052735;-0.1893342391304348;0.6188179779052735;-0.1893342391304348;2.533472799856994;-1.4580742852308763;-33.54663827683612;-31.402954643203632;59.9082322;10.719167966666667;0.0;59.9082322;10.719167966666667;0.0;1778587822.5006702;-145.279;0.0;0.19;0.383;2.182;-102.757;4.866;-5.861;-29.511;59.90853586666667;10.7196842;0.0;-33.83161211538459;-28.885560288129682;0.00015489777721100495;1778587822.454762;0.045908212661743164;0.0;0.0;-1.7934479794718132;-102.757;-0.0;0.0;0.28497383854846703;-2.51739435507395;-1.7934479794718132;0.3353736942409369;-83.5415027602834;-102.757;19.215497239716605;0.28497383854846703;-2.51739435507395;0.3353736942409369;2.533472799856994
2026-05-12_14:10:22:803111;1778587822.8019428;-43.497074127197266;20.20296287536621;-0.21748537063598633;0.1756779380466627;-0.21748537063598633;0.1756779380466627;2.563164120976707;-1.4378886469204564;-33.63121259562392;-31.526838397592897;59.908230950000004;10.719166166666668;0.0;59.908230950000004;10.719166166666668;0.0;1778587822.7966344;-143.341;0.0;0.19;0.813;1.743;-107.282;3.05;-1.446;-27.505;59.90853586666667;10.7196842;0.0;-33.970874736506076;-28.98627941557464;0.0001560934559705629;1778587822.7615724;0.04037046432495117;0.0;0.0;-1.8724241281245566;-107.282;-0.0;0.0;0.3396621408821545;-2.5405589820182577;-1.8724241281245566;0.4345354812041;-82.38495087831875;-107.282;24.897049121681242;0.3396621408821545;-2.5405589820182577;0.4345354812041;2.563164120976707
2026-05-12_14:10:23:202420;1778587823.2024207;35.081607818603516;17.158672332763672;0.17540803909301758;0.14920584637185802;0.17540803909301758;0.14920584637185802;2.478606172911209;-1.331506549871493;-33.71578691441172;-31.650722151982162;59.908227966666665;10.719161583333333;0.0;59.908227966666665;10.719161583333333;0.0;1778587823.2018352;-138.089;0.0;0.19;0.651;1.91;-117.428;-0.656;-0.264;-21.5;59.90853586666667;10.7196842;0.0;-34.30324805541648;-29.24274001579366;0.00015903950920304055;1778587823.1798675;0.022553205490112305;0.0;0.0;-2.0495052340319013;-117.428;-0.0;0.0;0.5874611410047592;-2.407982136188501;-2.0495052340319013;0.717998684160408;-76.28970570166202;-117.428;41.13829429833797;0.5874611410047592;-2.407982136188501;0.717998684160408;2.478606172911209
2026-05-12_14:10:23:702507;1778587823.7002053;-150.0;35.833351135253906;-0.75;0.31159435769786004;-0.75;0.31159435769786004;2.4708183665544974;-1.2875933140603106;-33.800361233199524;-31.774605906371427;59.908226283333335;10.719158733333334;0.0;59.908226283333335;10.719158733333334;0.0;1778587823.6859794;-138.709;0.0;0.19;0.228;1.874;-122.522;-0.824;-1.177;-16.214;59.90853586666667;10.7196842;0.0;-34.49078818271282;-29.402211751116276;0.00016078078700410003;1778587823.403473;0.29673242568969727;0.0;0.0;-2.1384123061284925;-122.522;-0.0;0.0;0.6904269495132951;-2.372394155255151;-2.1384123061284925;0.8508189920681817;-73.77366262491852;-122.522;48.748337375081476;0.6904269495132951;-2.372394155255151;0.8508189920681817;2.4708183665544974
2026-05-12_14:10:24:057342;1778587824.057342;-150.0;33.53845977783203;-0.75;0.29163878067680027;-0.75;0.29163878067680027;2.2477550734387166;-0.9065174704534281;-33.884935551987326;-31.898489660760692;59.90821928333333;10.71914575;0.0;59.90822093333333;10.719149016666666;0.0;1778587824.057342;-134.311;1.10527026056724;0.19;-0.148;0.897;-128.24;0.777;5.235;-3.863;59.90853586666667;10.7196842;0.0;-35.27065743148623;-30.128693699965346;0.00016842379343273706;1778587824.057342;0.0;-0.798481177555208;-0.7642317435970029;-2.2382102327575284;-128.24;1.094472110582638;-0.15412056315771971;1.3857218794989024;-1.7697959607953457;-2.2382102327575284;1.3316927623041002;-51.939625111856735;-128.24;76.30037488814327;1.3857218794989024;-1.7697959607953457;1.3316927623041002;2.2477550734387166
2026-05-12_14:10:24:475633;1778587824.4756331;-150.0;30.77043342590332;-0.75;0.2675689863122028;-0.75;0.2675689863122028;2.259126253336605;-0.7661141570334252;-33.96950987077513;-32.02237341514996;59.908216350000004;10.7191399;0.0;59.908216350000004;10.7191399;0.0;1778587824.4756331;-134.191;81.25898999701243;0.19;-0.638;0.746;-129.688;-0.717;-6.574;-2.174;59.90853586666667;10.7196842;0.0;-35.59745955155906;-30.456030136889993;0.00017178944731455204;1778587824.469941;0.005692243576049805;0.0;0.0;-2.2634826003264057;-129.688;-0.0;0.0;1.627949680783935;-1.5663432782599642;-2.2634826003264057;1.4973684432929808;-43.89510782323806;-129.688;85.79289217676194;1.627949680783935;-1.5663432782599642;1.4973684432929808;2.259126253336605
2026-05-12_14:10:24:854924;1778587824.852894;-133.19911193847656;35.11185836791992;-0.6659955596923828;0.30532050754712975;-0.6659955596923828;0.30532050754712975;2.301553306203306;-0.6494171762074719;-34.05408418956293;-32.14625716953922;59.90821375;10.719134566666666;0.0;59.90821375;10.719134566666666;0.0;1778587824.8525455;-134.119;9.768679725039034;0.19;-0.539;-0.315;-130.121;-0.856;2.427;-1.087;59.90853586666667;10.7196842;0.0;-35.887124973954116;-30.75445649988357;0.0001748386646003297;1778587824.8322675;0.020626544952392578;0.0;0.0;-2.2710398759875416;-130.121;-0.0;0.0;1.8330407843911871;-1.3918006696556482;-2.2710398759875416;1.6216226997800698;-37.20886333999184;-130.121;92.91213666000817;1.8330407843911871;-1.3918006696556482;1.6216226997800698;2.301553306203306
2026-05-12_14:10:25:251240;1778587825.2500608;-105.84349060058594;34.13506317138672;-0.5292174530029297;0.296826636272928;-0.5292174530029297;0.296826636272928;2.358700170346249;-0.5594269708164298;-34.13865850835073;-32.27014092392848;59.9082115;10.71912985;0.0;59.9082115;10.71912985;0.0;1778587825.2500608;-133.002;9.281664310795808;0.19;-1.364;0.217;-130.428;0.105;-1.841;-0.132;59.90853586666667;10.7196842;0.0;-36.13779690828969;-31.01837730747331;0.00017752811308113792;1778587825.230558;0.019502878189086914;0.0;0.0;-2.2763980367911643;-130.428;-0.0;0.0;1.999138399938957;-1.2517636164551718;-2.2763980367911643;1.7169710659747341;-32.0528043735697;-130.428;98.37519562643028;1.999138399938957;-1.2517636164551718;1.7169710659747341;2.358700170346249
2026-05-12_14:10:25:592946;1778587825.5929463;-91.83234405517578;37.26603317260742;-0.4591617202758789;0.32405246237049934;-0.4591617202758789;0.32405246237049934;2.389067603813669;-0.5482092444366048;-34.22323282713853;-32.39402467831774;59.90821038333333;10.719127516666667;0.0;59.90821038333333;10.719127516666667;0.0;1778587825.5929463;-132.493;1.2844024798477054;0.19;-0.561;-0.131;-130.532;4.628;0.085;-0.577;59.90853586666667;10.7196842;0.0;-36.2622044567142;-31.148938854216638;0.0001788685867527562;1778587825.4525363;0.1404099464416504;-0.8860308801286664;-0.9298596719968611;-2.2782131792132385;-130.532;1.2825406778597865;-0.069131322731801;2.03897162957567;-1.2450858241011034;-2.2782131792132385;1.7300039347766338;-31.41007599627316;-130.532;99.12192400372686;2.03897162957567;-1.2450858241011034;1.7300039347766338;2.389067603813669
2026-05-12_14:10:25:992986;1778587825.992987;-76.79443359375;36.47865676879883;-0.38397216796875;0.3172057110330333;-0.38397216796875;0.3172057110330333;2.4194107255924204;-0.5400469235734974;-34.30780714592633;-32.517908432707;59.9082093;10.719125283333334;0.0;59.9082093;10.719125283333334;0.0;1778587825.9903672;-134.796;0.0;0.19;0.018;0.341;-130.644;2.745;4.404;-0.612;59.90853586666667;10.7196842;0.0;-36.38289835824633;-31.27390492802385;0.0001801650220372153;1778587825.7634714;0.22951555252075195;0.0;0.0;-2.280167947975472;-130.644;-0.0;0.0;2.0750912123199967;-1.2440035046831532;-2.280167947975472;1.740121024401974;-30.942409459785527;-130.644;99.70159054021445;2.0750912123199967;-1.2440035046831532;1.740121024401974;2.4194107255924204
2026-05-12_14:10:26:477581;1778587826.4681647;-49.61653518676758;13.752873420715332;-0.2480826759338379;0.11959020365839419;-0.2480826759338379;0.11959020365839419;2.536137566871713;-0.43611814730821274;-34.392381464714134;-32.641792187096264;59.908206533333335;10.719119983333334;0.0;59.908206533333335;10.719119983333334;0.0;1778587826.4681647;-132.1;0.0;0.19;-0.299;0.612;-131.625;-2.155;-3.649;0.109;59.90853586666667;10.7196842;0.0;-36.691132184503964;-31.570466426011563;0.00018338793370809015;1778587826.4158676;0.052297115325927734;0.0;0.0;-2.2972896279375363;-131.625;-0.0;0.0;2.2987507197898296;-1.071325761084701;-2.2972896279375363;1.8611714806293236;-24.987729209825314;-131.625;106.6372707901747;2.2987507197898296;-1.071325761084701;1.8611714806293236;2.536137566871713
2026-05-12_14:10:26:686274;1778587826.6813533;-48.405662536621094;33.75331115722656;-0.24202831268310546;0.29350705354110057;-0.24202831268310546;0.29350705354110057;2.5938197694009575;-0.40762879953578124;-34.476955783501936;-32.765675941485526;59.90820503333333;10.719117;0.0;59.90820503333333;10.719117;0.0;1778587826.6813533;-129.454;4.297262592146432;0.19;-1.215;-0.125;-131.465;-4.001;-2.638;1.172;59.90853586666667;10.7196842;0.0;-36.85824684809315;-31.737398808688503;0.0001851759726516633;1778587826.6561272;0.025226116180419922;0.0;0.0;-2.2944971011343456;-131.465;-0.0;0.0;2.381291064591217;-1.0282771327970224;-2.2944971011343456;1.8868683015985646;-23.355409821384555;-131.465;108.10959017861548;2.381291064591217;-1.0282771327970224;1.8868683015985646;2.5938197694009575
2026-05-12_14:10:26:905301;1778587826.905301;-47.00712203979492;40.379981994628906;-0.23503561019897462;0.3511302782141644;-0.23503561019897462;0.3511302782141644;2.5965950491272456;-0.42516747144771044;-34.56153010228974;-32.88955969587479;59.90820441666666;10.71911555;0.0;59.90820441666666;10.71911555;0.0;1778587826.905301;-118.117;0.0;0.19;-1.146;-1.119;-130.003;2.8;-3.553;7.865;59.90853586666667;10.7196842;0.0;-36.92694943269568;-31.818533440130313;0.00018597664919184353;1778587826.8662345;0.03906655311584473;0.0;0.0;-2.268980387470188;-130.003;-0.0;0.0;2.365419330405942;-1.0710262557444743;-2.268980387470188;1.8438129160224772;-24.36030170020274;-130.003;105.64269829979723;2.365419330405942;-1.0710262557444743;1.8438129160224772;2.5965950491272456
2026-05-12_14:10:27:120823;1778587827.1208234;-81.89971160888672;24.026844024658203;-0.4094985580444336;0.20892907847528872;-0.4094985580444336;0.20892907847528872;2.580393372347026;-0.448303380725909;-34.64610442107754;-33.01344345026405;59.908204016666666;10.719114183333334;0.0;59.908204016666666;10.719114183333334;0.0;1778587827.1208234;-104.825;0.0;0.19;-0.787;-0.931;-128.079;1.276;4.452;10.488;59.90853586666667;10.7196842;0.0;-36.97151306633838;-31.895004990357297;0.00018661542206999115;1778587827.0979078;0.02291560173034668;0.0;0.0;-2.2354002526618175;-128.079;-0.0;0.0;2.3254086452608433;-1.118438459906752;-2.2354002526618175;1.7870968719359084;-25.68589165704108;-128.079;102.39310834295893;2.3254086452608433;-1.118438459906752;1.7870968719359084;2.580393372347026
2026-05-12_14:10:27:349882;1778587827.3498828;-127.54927062988281;0.4691724479198456;-0.6377463531494141;0.004079760416694309;-0.6377463531494141;0.004079760416694309;2.5546310732718562;-0.4792494085996377;-34.73067873986534;-33.13732720465331;59.908203783333335;10.719113033333333;0.0;59.908203783333335;10.719113033333333;0.0;1778587827.3495495;-89.755;0.0;0.19;-0.787;-0.931;-128.079;1.276;4.452;10.488;59.90853586666667;10.7196842;0.0;-36.99750834727973;-31.959352904646874;0.0001870874509606324;1778587827.3220234;0.02785944938659668;0.0;0.0;-2.2354002526618175;-128.079;-0.0;0.0;2.2668296074143868;-1.1779743000064364;-2.2354002526618175;1.75615084406218;-27.45896844689994;-128.079;100.62003155310008;2.2668296074143868;-1.1779743000064364;1.75615084406218;2.5546310732718562
2026-05-12_14:10:27:912148;1778587827.9121482;-140.5157470703125;-2.8125252723693848;-0.7025787353515625;-0.024456741498864214;-0.7025787353515625;-0.024456741498864214;2.449000488797269;-0.5034663419325848;-34.81525305865314;-33.26121095904257;59.90820411666667;10.719110883333334;0.0;59.90820411666667;10.719110883333334;0.0;1778587827.9121482;-12.277;0.0;0.19;-0.017;-0.136;-119.192;-4.147;-11.13;17.653;59.90853586666667;10.7196842;0.0;-36.960370399523335;-32.079654786858086;0.0001874749593469005;1778587827.8636532;0.04849505424499512;0.0;0.0;-2.080292842037081;-119.19199999999998;-0.0;0.0;2.1451173408701933;-1.1815561721844858;-2.080292842037081;1.576826500104496;-28.84649651962749;-119.19199999999998;90.34550348037249;2.1451173408701933;-1.1815561721844858;1.576826500104496;2.449000488797269
2026-05-12_14:10:28:206344;1778587828.2063444;-150.0;-30.29277801513672;-0.75;-0.26341546100118884;-0.75;-0.26341546100118884;2.394569219506346;-0.5728764042532181;-34.89982737744094;-33.38509471343183;59.90820455;10.71911075;0.0;59.90820455;10.71911075;0.0;1778587828.2048683;18.279;0.0;0.19;-1.5;-1.955;-113.323;-1.709;-0.97;22.612;59.90853586666667;10.7196842;0.0;-36.91209235356634;-32.08711497057515;0.00018723246611784816;1778587828.1533282;0.05301618576049805;0.0;0.0;-1.977859468237534;-113.323;-0.0;0.0;2.012264976125394;-1.2979797428566826;-1.977859468237534;1.4049830639843162;-32.8234001463398;-113.323;80.49959985366021;2.012264976125394;-1.2979797428566826;1.4049830639843162;2.394569219506346
2026-05-12_14:10:28:403321;1778587828.4023225;-142.275146484375;3.3642866611480713;-0.711375732421875;0.02925466661867888;-0.711375732421875;0.02925466661867888;2.3557362453226154;-0.6639635955160836;-34.984401696228744;-33.508978467821095;59.9082052;10.719111283333334;0.0;59.9082052;10.719111283333334;0.0;1778587828.4009328;32.581;0.0;0.19;-1.5;-1.955;-113.323;-1.709;-0.97;22.612;59.90853586666667;10.7196842;0.0;-36.83967564030302;-32.05727193757272;0.00018666477389572833;1778587828.3736308;0.028691768646240234;0.0;0.0;-1.977859468237534;-113.323;-0.0;0.0;1.855273944074277;-1.451706530248373;-1.977859468237534;1.3138958727214503;-38.0423117734029;-113.323;75.28068822659709;1.855273944074277;-1.451706530248373;1.3138958727214503;2.3557362453226154
2026-05-12_14:10:28:764052;1778587828.7640526;-150.0;20.398292541503906;-0.75;0.17737645688264267;-0.75;0.17737645688264267;2.3449532965654547;-0.8188614533128171;-35.068976015016545;-33.632862222210356;59.90820671666667;10.719113733333334;0.0;59.90820671666667;10.719113733333334;0.0;1778587828.7640526;50.696;0.9871746041705856;0.19;0.994;-0.26;-99.932;-0.225;-3.255;21.628;59.90853586666667;10.7196842;0.0;-36.670703888234726;-31.9201819300282;0.00018500614442906738;1778587828.6447153;0.11933732032775879;0.7157374534608515;0.6798776336785903;-1.7441424281029734;-99.932;-0.7931382769721278;0.5877460103349985;1.6017278732181808;-1.7126802921821564;-1.7441424281029734;0.925280974790156;-46.91730528077333;-99.932;53.01469471922666;1.6017278732181808;-1.7126802921821564;0.925280974790156;2.3449532965654547
2026-05-12_14:10:29:393377;1778587829.3933773;44.701446533203125;41.24600601196289;0.22350723266601563;0.35866092184315557;0.22350723266601563;0.35866092184315557;2.4905823388355937;-0.9863353810486676;-35.15355033380435;-33.75674597659962;59.908208;10.719118033333334;0.0;59.908208;10.719118033333334;0.0;1778587829.3933773;68.783;0.45407110849656335;0.19;0.102;-0.258;-91.234;-0.336;4.259;18.598;59.90853586666667;10.7196842;0.0;-36.5277288555217;-31.67957632128244;0.00018298923992432492;1778587829.0720282;0.3213491439819336;0.19067972101930356;0.412094425530638;-1.5923336897645066;-91.234;-0.416105273455626;0.1817607574913923;1.3741785217173543;-2.077169655317178;-1.5923336897645066;0.6059983087158392;-56.51285451851649;-91.234;34.72114548148351;1.3741785217173543;-2.077169655317178;0.6059983087158392;2.4905823388355937
2026-05-12_14:10:29:671564;1778587829.6715643;150.0;-16.517654418945312;0.75;-0.1436317775560462;0.75;-0.1436317775560462;2.959278254848948;-1.1647289436907171;-35.23812465259215;-33.88062973098888;59.90820908333333;10.719127283333334;0.0;59.90820883333333;10.719123933333334;0.0;1778587829.6715643;84.971;0.0;0.19;0.751;0.334;-83.688;0.311;-2.988;15.154;59.90853586666667;10.7196842;0.0;-36.40703829106423;-31.161996122829112;0.0001797568814900785;1778587829.6715643;0.0;0.0;0.0;-1.4606311444090145;-83.688;0.0;0.0;1.168913638472084;-2.7186336081597666;-1.4606311444090145;0.2959022007182974;-66.7340527502086;-83.688;16.953947249791398;1.168913638472084;-2.7186336081597666;0.2959022007182974;2.959278254848948
2026-05-12_14:10:29:982523;1778587829.9825234;150.0;14.044180870056152;0.75;0.12212331191353176;0.75;0.12212331191353176;3.2273401382267086;-1.2311971096685381;-35.32269897137995;-34.00451348537814;59.908209166666666;10.719130866666667;0.0;59.908209166666666;10.719130866666667;0.0;1778587829.9825234;89.343;0.0;0.19;-0.229;-0.21;-78.455;-2.82;2.474;12.4;59.90853586666667;10.7196842;0.0;-36.39775574506717;-30.961492404090926;0.00017872982742872523;1778587829.9061615;0.07636189460754395;0.0;0.0;-1.3692980646521513;-78.455;0.0;0.0;1.0750567736872227;-3.0430210812872147;-1.3692980646521513;0.1381009549836132;-70.54239813271279;-78.455;7.912601867287209;1.0750567736872227;-3.0430210812872147;0.1381009549836132;3.2273401382267086
2026-05-12_14:10:30:280605;1778587830.2806058;150.0;-9.950864791870117;0.75;-0.08652925905974015;0.75;-0.08652925905974015;3.5216892560550677;-1.2856971873314569;-35.40727329016775;-34.1283972397674;59.908209166666666;10.719134666666667;0.0;59.908209166666666;10.719134666666667;0.0;1778587830.2806058;91.122;0.0;0.19;-0.456;0.44;-76.537;-0.661;4.384;11.884;59.90853586666667;10.7196842;0.0;-36.39775751550563;-30.748865287622177;0.00017770389250593155;1778587830.1612594;0.11934638023376465;0.0;0.0;-1.3358226495989;-76.537;0.0;0.0;0.9904842253378803;-3.379531952145225;-1.3358226495989;0.05012546226744341;-73.66502256593326;-76.537;2.871977434066765;0.9904842253378803;-3.379531952145225;0.05012546226744341;3.5216892560550677
2026-05-12_14:10:30:601755;1778587830.6017559;150.0;-19.68331527709961;0.75;-0.17115926327912703;0.75;-0.17115926327912703;4.015101356806049;-1.3384605713054551;-35.49184760895555;-34.25228099415666;59.908209;10.719141883333334;0.0;59.908209;10.719141883333334;0.0;1778587830.6008677;96.327;1.3921262092492264;0.19;-0.465;1.19;-74.33;-0.439;2.743;10.7;59.90853586666667;10.7196842;0.0;-36.41632929846902;-30.345060433300123;0.00017588071306740005;1778587830.4599628;0.14179301261901855;-0.07858413945262678;1.3811729564376;-1.297303233007385;-74.33;-1.351064605050138;0.2973863405551868;0.9244816895134704;-3.9072205608565405;-1.297303233007385;-0.04115733829807011;-76.68814178047155;-74.33;-2.358141780471564;0.9244816895134704;-3.9072205608565405;-0.04115733829807011;4.015101356806049
2026-05-12_14:10:30:806994;1778587830.8069942;150.0;-24.496658325195312;0.75;-0.21301442021908967;0.75;-0.21301442021908967;4.296621529442544;-1.3687574099644042;-35.576421927743354;-34.376164748545925;59.9082088;10.719145066666666;0.0;59.9082088;10.719145066666666;0.0;1778587830.8069942;99.459;0.0;0.19;-0.878;1.282;-71.474;-1.0;-0.526;7.3;59.90853586666667;10.7196842;0.0;-36.4386128995533;-30.16693877511582;0.00017516561538144515;1778587830.781003;0.025991201400756836;0.0;0.0;-1.2474566295704272;-71.474;0.0;0.0;0.8621909718099445;-4.2092259734301045;-1.2474566295704272;-0.12130078039397674;-78.42402276821814;-71.474;-6.95002276821811;0.8621909718099445;-4.2092259734301045;-0.12130078039397674;4.296621529442544
2026-05-12_14:10:31:087123;1778587831.0857546;150.0;-32.49668884277344;0.75;-0.28257990298063856;0.75;-0.28257990298063856;4.7331149897340925;-1.394209693558118;-35.660996246531155;-34.500048502935186;59.908208316666666;10.7191509;0.0;59.908208316666666;10.7191509;0.0;1778587831.0795867;100.381;2.7956508962703626;0.19;-0.179;1.685;-69.253;2.845;1.474;5.752;59.90853586666667;10.7196842;0.0;-36.49246406022107;-29.840537929833836;0.00017393965076450968;1778587831.032322;0.05343270301818848;0.0;0.0;-1.208692866883633;-69.253;0.0;0.0;0.8314678136899118;-4.65951057310135;-1.208692866883633;-0.1855168266744851;-79.882331197108;-69.253;-10.629331197108007;0.8314678136899118;-4.65951057310135;-0.1855168266744851;4.7331149897340925
2026-05-12_14:10:31:513028;1778587831.5130289;150.0;-36.142738342285156;0.75;-0.3142846812372622;0.75;-0.3142846812372622;5.146018385256097;-1.4138261894309516;-35.74557056531896;-34.62393225732445;59.9082078;10.71915625;0.0;59.9082078;10.71915625;0.0;1778587831.5130289;102.702;9.79365432976029;0.19;-0.361;1.57;-66.909;-3.743;-1.198;5.762;59.90853586666667;10.7196842;0.0;-36.55002866596018;-29.54118178285627;0.00017288005790128125;1778587831.4978676;0.015161275863647461;-0.33704570457167116;1.8619570378334331;-1.1677823492168862;-66.90900000000002;-1.8449696785045036;0.4202031688441389;0.8044581006412201;-5.0827504744681775;-1.1677823492168862;-0.24604384021406567;-81.00627361945716;-66.90900000000002;-14.097273619457164;0.8044581006412201;-5.0827504744681775;-0.24604384021406567;5.146018385256097
2026-05-12_14:10:31:824374;1778587831.8243742;119.04627227783203;-41.48418045043945;0.5952313613891601;-0.36073200391686483;0.5952313613891601;-0.36073200391686483;5.396041353493426;-1.4314299988920738;-35.83014488410676;-34.74781601171371;59.90820753333333;10.7191587;0.0;59.90820753333333;10.7191587;0.0;1778587831.8243742;102.046;0.0;0.19;-1.118;1.313;-65.677;-3.121;-1.539;6.27;59.90853586666667;10.7196842;0.0;-36.579739284180064;-29.40409347737588;0.0001724176554223078;1778587831.6968522;0.12752199172973633;0.0;0.0;-1.146279892832316;-65.677;0.0;0.0;0.7495944000733061;-5.343722534337829;-1.146279892832316;-0.2851501060597581;-82.01489760493193;-65.677;-16.33789760493194;0.7495944000733061;-5.343722534337829;-0.2851501060597581;5.396041353493426
2026-05-12_14:10:32:002697;1778587832.0026975;150.0;-48.63304901123047;0.75;-0.42289607835852583;0.75;-0.42289607835852583;5.639728108993895;-1.447961018082775;-35.91471920289456;-34.87169976610297;59.9082073;10.719161016666666;0.0;59.9082073;10.719161016666666;0.0;1778587831.997649;98.261;0.0;0.19;-0.714;0.907;-63.841;3.763;-0.539;6.211;59.90853586666667;10.7196842;0.0;-36.60573614599506;-29.274465741361475;0.00017197359854037586;1778587831.9861834;0.016514062881469727;0.0;0.0;-1.1142356477657;-63.84100000000001;0.0;0.0;0.6910169431005002;-5.597234024741496;-1.1142356477657;-0.33372537031707505;-82.96205523560889;-63.84100000000001;-19.121055235608882;0.6910169431005002;-5.597234024741496;-0.33372537031707505;5.639728108993895
2026-05-12_14:10:32:303175;1778587832.3031752;150.0;-52.876922607421875;0.75;-0.4597993270210598;0.75;-0.4597993270210598;5.998152035555256;-1.4648494601177868;-35.99929352168236;-34.99558352049223;59.90820705;10.719165366666667;0.0;59.90820705;10.719165366666667;0.0;1778587832.3031752;92.278;0.0;0.19;0.271;1.563;-60.979;0.356;2.345;9.175;59.90853586666667;10.7196842;0.0;-36.63359074315095;-29.031063851946165;0.00017102205908336998;1778587832.2957513;0.007423877716064453;0.0;0.0;-1.064284324573622;-60.978999999999985;0.0;0.0;0.6342972214685858;-5.9645196685460675;-1.064284324573622;-0.4005651355441646;-83.92969168676639;-60.978999999999985;-22.95069168676639;0.6342972214685858;-5.9645196685460675;-0.4005651355441646;5.998152035555256
2026-05-12_14:10:32:747451;1778587832.747452;150.0;-57.92295837402344;0.75;-0.5036778989045516;0.75;-0.5036778989045516;6.317090879963117;-1.4827791250049402;-36.08386784047016;-35.119467274881494;59.908207;10.719169016666667;0.0;59.908207;10.719169016666667;0.0;1778587832.747452;95.004;1.1945912298613344;0.19;-1.127;1.738;-57.313;-4.726;-1.4;8.693;59.90853586666667;10.7196842;0.0;-36.63916287361505;-28.826829941308407;0.0001701304115382385;1778587832.6693237;0.07812833786010742;-0.04754251849973502;1.1936448028497424;-1.0003005541955101;-57.313;-1.0302865658707887;0.6046137598679631;0.5552950331448869;-6.2926373335730865;-1.0003005541955101;-0.48247857080943035;-84.95698581288418;-57.313;-27.6439858128842;0.5552950331448869;-6.2926373335730865;-0.48247857080943035;6.317090879963117
2026-05-12_14:10:33:400396;1778587833.4003963;150.0;-56.75233840942383;0.75;-0.49349859486455505;0.75;-0.49349859486455505;6.57622394648747;-1.4968908604153557;-36.168442159257964;-35.243351029270755;59.90820686666667;10.71917155;0.0;59.90820686666667;10.71917155;0.0;1778587833.3917837;79.424;0.0;0.19;-1.417;1.587;-55.068;3.769;1.427;3.13;59.90853586666667;10.7196842;0.0;-36.654018737196495;-28.685078636230593;0.00016957790476546108;1778587833.1641152;0.236281156539917;0.0;0.0;-0.9611179124882372;-55.06799999999999;0.0;0.0;0.4855765779385308;-6.558272393040163;-0.9611179124882372;-0.5357729479271187;-85.76552869350631;-55.06799999999999;-30.69752869350633;0.4855765779385308;-6.558272393040163;-0.5357729479271187;6.57622394648747
2026-05-12_14:10:33:699581;1778587833.6995811;150.0;-62.53921890258789;0.75;-0.543819294805112;0.75;-0.543819294805112;6.69592846241426;-1.5111507982422876;-36.253016478045765;-35.36723478366002;59.908206883333335;10.719171583333333;0.0;59.908206883333335;10.719171583333333;0.0;1778587833.6995811;-92.604;1.509661806983837;0.19;0.368;4.181;-59.371;-3.352;-0.749;-15.941;59.90853586666667;10.7196842;0.0;-36.6521619061689;-28.68321347153228;0.00016955920245109724;1778587833.6662006;0.03338050842285156;-0.05561497664119194;-1.5086370490575045;-1.0362194302015535;-59.37100000000001;1.2698238943774272;-0.8164717072157983;0.39914542812313414;-6.6840213121277365;-1.0362194302015535;-0.4749313680407341;-86.58256294710846;-59.37100000000001;-27.211562947108455;0.39914542812313414;-6.6840213121277365;-0.4749313680407341;6.69592846241426
2026-05-12_14:10:33:992965;1778587833.9929655;150.0;-51.057918548583984;0.75;-0.44398190042246943;0.75;-0.44398190042246943;6.714646883424782;-1.523653950670654;-36.33759079683357;-35.49111853804928;59.90820686666667;10.719169783333333;0.0;59.90820686666667;10.719169783333333;0.0;1778587833.9929655;-88.84;0.0;0.19;-0.304;3.706;-61.494;-4.19;-5.155;-18.472;59.90853586666667;10.7196842;0.0;-36.65401797054101;-28.78393160067936;0.00017002216682193705;1778587833.8995004;0.09346508979797363;0.0;0.0;-1.0732727702213931;-61.49400000000001;0.0;0.0;0.3164271737074458;-6.707186937369919;-1.0732727702213931;-0.450381180449261;-87.2989408118626;-61.49400000000001;-25.8049408118626;0.3164271737074458;-6.707186937369919;-0.450381180449261;6.714646883424782
2026-05-12_14:10:34:509789;1778587834.5079472;-79.33822631835938;-50.55052185058594;-0.39669113159179686;-0.4395697552224864;-0.39669113159179686;-0.4395697552224864;6.699732711786212;-1.536737919857696;-36.42216511562137;-35.61500229243854;59.9082069;10.719167366666667;0.0;59.9082069;10.719167366666667;0.0;1778587834.496626;-88.217;0.0;0.19;-0.095;1.81;-68.787;6.399;-2.344;-20.219;59.90853586666667;10.7196842;0.0;-36.650303226966166;-28.91915496655586;0.00017061148196440001;1778587834.4138083;0.09413886070251465;0.0;0.0;-1.2005596325693395;-68.787;0.0;0.0;0.22813811134479778;-6.695847325882681;-1.2005596325693395;-0.3361782872883565;-88.04859702555933;-68.787;-19.261597025559322;0.22813811134479778;-6.695847325882681;-0.3361782872883565;6.699732711786212
2026-05-12_14:10:34:933271;1778587834.933271;-150.0;-66.27741241455078;-0.75;-0.5763253253439199;-0.75;-0.5763253253439199;5.9901699721715715;-1.5431075392167042;-36.50673943440917;-35.7388860468278;59.9082067;10.7191525;0.0;59.9082067;10.7191525;0.0;1778587834.933271;-95.556;7.31649331772773;0.19;0.127;1.933;-83.295;4.839;-3.936;-14.159;59.90853586666667;10.7196842;0.0;-36.672578785783244;-29.75101216663946;0.00017455672291610824;1778587834.8994596;0.033811330795288086;0.0;0.0;-1.4537720004486767;-83.295;0.0;0.0;0.1658393513740748;-5.987873880188342;-1.4537720004486767;-0.08933553876802769;-88.41354933193531;-83.295;-5.118549331935332;0.1658393513740748;-5.987873880188342;-0.08933553876802769;5.9901699721715715
2026-05-12_14:10:35:341075;1778587835.341076;-150.0;-58.698612213134766;-0.75;-0.510422714896824;-0.75;-0.510422714896824;5.56470264430645;-1.5491844432522321;-36.59131375319697;-35.86276980121706;59.90820635;10.719142699999999;0.0;59.90820635;10.719142699999999;0.0;1778587835.341076;-96.875;18.552482594083212;0.19;1.021;1.867;-87.017;0.567;0.822;-9.296;59.90853586666667;10.7196842;0.0;-36.7115680969154;-30.299366668927615;0.0001773541627798636;1778587835.3261485;0.014927387237548828;0.0;0.0;-1.5187331552079057;-87.017;0.0;0.0;0.12025434371842891;-5.563403132289448;-1.5187331552079057;-0.030451288044326397;-88.76173028567709;-87.017;-1.744730285677085;0.12025434371842891;-5.563403132289448;-0.030451288044326397;5.56470264430645
2026-05-12_14:10:35:770124;1778587835.770124;-150.0;-56.45574951171875;-0.75;-0.4909195609714674;-0.75;-0.4909195609714674;5.14935384669545;-1.5501639823995321;-36.67588807198477;-35.986653555606324;59.908205716666664;10.719133066666666;0.0;59.908205716666664;10.719133066666666;0.0;1778587835.770124;-99.313;0.0;0.19;-0.434;0.524;-90.17;-2.577;-4.128;-5.331;59.90853586666667;10.7196842;0.0;-36.78212377627851;-30.838395693609662;0.00018033755987012512;1778587835.7287395;0.04138445854187012;0.0;0.0;-1.573763386523287;-90.17;-0.0;0.0;0.10623570429373785;-5.148257861996662;-1.573763386523287;0.02359940412375483;-88.81785374468522;-90.17;1.3521462553147825;0.10623570429373785;-5.148257861996662;0.02359940412375483;5.14935384669545
2026-05-12_14:10:36:025404;1778587836.025405;-150.0;-43.45407485961914;-0.75;-0.3778615205184273;-0.75;-0.3778615205184273;5.021740015438151;-1.5572387727677834;-36.760462390772574;-36.110537309995586;59.9082053;10.719128583333333;0.0;59.9082053;10.719128583333333;0.0;1778587836.016032;-97.782;0.0;0.19;-0.88;-0.016;-91.251;-0.918;-0.229;-3.534;59.90853586666667;10.7196842;0.0;-36.82854281668438;-31.08925880365276;0.0001818214452029565;1778587835.9537196;0.0716853141784668;0.0;0.0;-1.5926303957373458;-91.251;-0.0;0.0;0.06808042591180907;-5.021278506342824;-1.5926303957373458;0.03539162296956233;-89.22320937372582;-91.251;2.027790626274183;0.06808042591180907;-5.021278506342824;0.03539162296956233;5.021740015438151
2026-05-12_14:10:36:401939;1778587836.4019392;-78.40570831298828;-16.995222091674805;-0.3920285415649414;-0.14778453992760698;-0.3920285415649414;-0.14778453992760698;4.689383172496946;-1.5604553704684452;-36.845036709560375;-36.23442106438485;59.90820471666667;10.719120433333334;0.0;59.90820471666667;10.719120433333334;0.0;1778587836.4019392;-98.733;0.0;0.19;-0.365;0.013;-92.51;2.542;-2.551;-2.219;59.90853586666667;10.7196842;0.0;-36.89352855188547;-31.545288620134052;0.00018442956996977955;1778587836.3941174;0.007821798324584961;0.0;0.0;-1.6146040910199544;-92.51;-0.0;0.0;0.04849184232509174;-4.689132444250795;-1.6146040910199544;0.05414872055150921;-89.40750684636522;-92.51;3.1024931536347813;0.04849184232509174;-4.689132444250795;0.05414872055150921;4.689383172496946
2026-05-12_14:10:36:798062;1778587836.798062;-150.0;-54.56517791748047;-0.75;-0.47447980797809103;-0.75;-0.47447980797809103;4.397139610480592;-1.5659121854087181;-36.92961102834818;-36.35830481877411;59.9082042;10.719113;0.0;59.9082042;10.719113;0.0;1778587836.7886477;-99.071;1.4541039622160012;0.19;-0.235;-0.33;-92.738;0.468;-2.845;-1.503;59.90853586666667;10.7196842;0.0;-36.95108719451522;-31.96121765471377;0.00018682871308328686;1778587836.6467159;0.15134620666503906;-0.19629015346198453;-1.3494505777529329;-1.6185834417145013;-92.738;1.3572866330765936;-0.13160426214776677;0.021476166167040844;-4.397087164060338;-1.6185834417145013;0.052671256305782954;-89.7201593120268;-92.738;3.017840687973187;0.021476166167040844;-4.397087164060338;0.052671256305782954;4.397139610480592
2026-05-12_14:10:37:019206;1778587837.018191;-150.0;-56.16530990600586;-0.75;-0.48839399918265963;-0.75;-0.48839399918265963;4.32432620483169;-1.5785179132624085;-37.01418534713598;-36.48218857316337;59.90820393333333;10.719109483333334;0.0;59.90820393333333;10.719109483333334;0.0;1778587837.0159929;-99.852;0.0;0.19;-1.032;-0.288;-93.026;-0.994;1.676;-1.449;59.90853586666667;10.7196842;0.0;-36.980795020238624;-32.157991282120356;0.00018798666120289909;1778587836.9894454;0.028745651245117188;0.0;0.0;-1.623609989960245;-93.026;-0.0;0.0;-0.03339032689735433;-4.3241972910430135;-1.623609989960245;0.045092076697836436;-90.44241431573377;-93.026;2.5835856842662337;-0.03339032689735433;-4.3241972910430135;0.045092076697836436;4.32432620483169
2026-05-12_14:10:37:477386;1778587837.4764724;7.863199710845947;-14.5297212600708;0.039315998554229736;-0.12634540226148522;0.039315998554229736;-0.12634540226148522;4.262404230765124;-1.5906322204038756;-37.09875966592378;-36.60607232755263;59.908203633333336;10.71910615;0.0;59.908203633333336;10.71910615;0.0;1778587837.4764724;-102.522;0.0;0.19;0.026;0.259;-94.214;4.438;1.919;-4.526;59.90853586666667;10.7196842;0.0;-37.014216613427635;-32.344506617778926;0.00018912093065281965;1778587837.4462643;0.030208110809326172;0.0;0.0;-1.6443445014739375;-94.214;-0.0;0.0;-0.08454305249614436;-4.261565709773706;-1.6443445014739375;0.053712281070061874;-91.13651298666502;-94.214;3.0774870133349705;-0.08454305249614436;-4.261565709773706;0.053712281070061874;4.262404230765124
2026-05-12_14:10:37:870075;1778587837.8700755;44.91288757324219;-9.204233169555664;0.22456443786621094;-0.08003681017004925;0.22456443786621094;-0.08003681017004925;3.811951636771627;-1.575219559724046;-37.18333398471158;-36.72995608194189;59.90820226666666;10.7190959;0.0;59.90820226666666;10.7190959;0.0;1778587837.8700755;-120.858;84.55557432919899;0.19;-0.325;-0.035;-97.908;3.963;-6.909;-10.42;59.90853586666667;10.7196842;0.0;-37.166472889688805;-32.91804173550643;0.0001929325499432366;1778587837.8669195;0.003155946731567383;-0.4947399116172246;-2.367937539065246;-1.7088169640426083;-97.90800000000002;2.4134868001604945;-0.16424747947061397;-0.016861095022775885;-3.811914346435465;-1.7088169640426083;0.1335974043185626;-90.25343257864354;-97.90800000000002;7.654567421356474;-0.016861095022775885;-3.811914346435465;0.1335974043185626;3.811951636771627
2026-05-12_14:10:38:147115;1778587838.1471155;-150.0;-53.743896484375;-0.75;-0.467338230298913;-0.75;-0.467338230298913;3.8539032410589056;-1.5802535174377526;-37.26790830349938;-36.853839836331154;59.90820168333333;10.719094433333334;0.0;59.90820168333333;10.719094433333334;0.0;1778587838.1471155;-152.931;0.0;0.19;1.038;-1.556;-102.114;-0.061;-0.583;-14.576;59.90853586666667;10.7196842;0.0;-37.23146174912249;-33.00010893756326;0.0001937345477820429;1778587838.131322;0.015793561935424805;0.0;0.0;-1.7822255123814899;-102.11400000000002;-0.0;0.0;-0.03644655437689437;-3.8537308987678927;-1.7822255123814899;0.20197199494373752;-90.54185710988627;-102.11400000000002;11.572142890113764;-0.03644655437689437;-3.8537308987678927;0.20197199494373752;3.8539032410589056
2026-05-12_14:10:38:487507;1778587838.4875073;150.0;8.33156681060791;0.75;0.07244840704876443;0.75;0.07244840704876443;3.9380863665627044;-1.5878543506728509;-37.352482622287184;-36.977723590720416;59.9082012;10.719093716666666;0.0;59.9082012;10.719093716666666;0.0;1778587838.4875073;169.602;0.0;0.19;0.792;-1.412;-104.01;-3.41;1.336;-16.36;59.90853586666667;10.7196842;0.0;-37.28530990873342;-33.040210154926086;0.00019425517243121249;1778587838.3668356;0.12067174911499023;0.0;0.0;-1.8153169549993022;-104.01;-0.0;0.0;-0.06717271355376653;-3.9375134357943296;-1.8153169549993022;0.22746260432645116;-90.97735277504016;-104.01;13.032647224959831;-0.06717271355376653;-3.9375134357943296;0.22746260432645116;3.9380863665627044
2026-05-12_14:10:38:812839;1778587838.811761;150.0;8.739375114440918;0.75;0.07599456621252972;0.75;0.07599456621252972;4.074455073922259;-1.5720372603117791;-37.437056941074985;-37.10160734510968;59.90819988333333;10.71909395;0.0;59.90819988333333;10.71909395;0.0;1778587838.811761;138.449;0.0;0.19;-0.837;-0.857;-112.717;-2.486;4.621;-19.037;59.90853586666667;10.7196842;0.0;-37.43200081450839;-33.02715540834628;0.00019504654448709857;1778587838.7835574;0.028203487396240234;0.0;0.0;-1.9672827729704485;-112.71700000000001;-0.0;0.0;-0.0050561265665933774;-4.074451936763396;-1.9672827729704485;0.39524551265866936;-90.0711002531737;-112.71700000000001;22.64589974682631;-0.0050561265665933774;-4.074451936763396;0.39524551265866936;4.074455073922259
2026-05-12_14:10:39:356534;1778587839.346055;150.0;22.424150466918945;0.75;0.19499261275581692;0.75;0.19499261275581692;4.3246590883119405;-1.5567426976590275;-37.52163125986279;-37.22549109949894;59.908198533333334;10.7190962;0.0;59.908198533333334;10.7190962;0.0;1778587839.346055;139.764;1.4660844274534846;0.19;0.111;1.944;-123.099;1.57;-1.979;-18.117;59.90853586666667;10.7196842;0.0;-37.58240641422189;-32.90125907395594;0.0001952816702512905;1778587839.3020685;0.04398655891418457;-1.0553572474771356;1.0176564393832694;-2.1484828559125;-123.09900000000002;-0.27620231379159643;-1.4398318756983115;0.06077515435910641;-4.324232025542997;-2.1484828559125;0.5917401582534723;-89.19478636367262;-123.09900000000002;33.904213636327384;0.06077515435910641;-4.324232025542997;0.5917401582534723;4.3246590883119405
2026-05-12_14:10:39:704516;1778587839.7045162;150.0;34.964481353759766;0.75;0.3040389682935632;0.75;0.3040389682935632;4.517939324002497;-1.5518141156561345;-37.60620557865059;-37.3493748538882;59.90819755;10.719097433333333;0.0;59.90819808333333;10.719096866666666;0.0;1778587839.7045162;163.614;0.0;0.19;-1.127;2.38;-131.02;-1.679;5.117;-22.546;59.90853586666667;10.7196842;0.0;-37.691960906639096;-32.832249467197045;0.00019557139629711173;1778587839.7045162;0.0;0.0;0.0;-2.286730385962971;-131.02;-0.0;0.0;0.08575532798850816;-4.517125386691156;-2.286730385962971;0.7349162703068366;-88.9123994159227;-131.02;42.10760058407732;0.08575532798850816;-4.517125386691156;0.7349162703068366;4.517939324002497
2026-05-12_14:10:40:019505;1778587840.0195055;150.0;37.48191452026367;0.75;0.3259296914805537;0.75;0.3259296914805537;4.665778891128873;-1.5558176661509042;-37.69077989743839;-37.47325860827746;59.908196933333336;10.719097866666667;0.0;59.908196933333336;10.719097866666667;0.0;1778587840.0195055;174.347;0.0;0.19;-1.127;2.38;-131.02;-1.679;5.117;-22.546;59.90853586666667;10.7196842;0.0;-37.760664402802306;-32.808003115079494;0.0001958535285417895;1778587839.890887;0.12861847877502441;0.0;0.0;-2.286730385962971;-131.02;-0.0;0.0;0.0698845053639161;-4.665255493197968;-2.286730385962971;0.7309127198120668;-89.14178596234053;-131.02;41.8782140376595;0.0698845053639161;-4.665255493197968;0.7309127198120668;4.665778891128873
2026-05-12_14:10:40:316685;1778587840.3166852;150.0;38.34484100341797;0.75;0.3334334000297215;0.75;0.3334334000297215;4.799247933438896;-1.5274151582796305;-37.77535421622619;-37.59714236266672;59.908194933333334;10.719097966666666;0.0;59.908194933333334;10.719097966666666;0.0;1778587840.3166852;-179.187;1.153118119774778;0.19;0.021;1.863;-143.635;5.311;-3.235;-26.811;59.90853586666667;10.7196842;0.0;-37.983485903839195;-32.80240963526378;0.00019714730149900106;1778587840.203893;0.1127922534942627;-1.1523764686660218;-0.041350605413627145;-2.506903671102055;-143.635;0.9524761283601375;-0.6499774019205029;0.2081316876130046;-4.794732727402945;-2.506903671102055;0.9794885128224244;-87.51444213372945;-143.635;56.12055786627054;0.2081316876130046;-4.794732727402945;0.9794885128224244;4.799247933438896
2026-05-12_14:10:40:649067;1778587840.6490672;150.0;42.4962158203125;0.75;0.36953231148097826;0.75;0.36953231148097826;4.91828160972756;-1.5169552708634664;-37.85992853501399;-37.721026117055985;59.90819366666667;10.719097833333333;0.0;59.90819366666667;10.719097833333333;0.0;1778587840.6490672;-177.7;0.936164415092776;0.19;0.634;1.305;-151.47;0.189;-1.319;-21.55;59.90853586666667;10.7196842;0.0;-38.12460608982317;-32.80987148860408;0.0001980268563563925;1778587840.4991126;0.14995455741882324;-0.9410863425099065;-0.04976076398572948;-2.643650217995811;-151.47;0.8505742266536089;-0.405762396783797;0.2646775548091753;-4.911154628451904;-2.643650217995811;1.1266949471323446;-86.91513473060124;-151.47;64.55486526939876;0.2646775548091753;-4.911154628451904;1.1266949471323446;4.91828160972756
2026-05-12_14:10:41:009104;1778587841.0091047;112.4244155883789;56.63064956665039;0.5621220779418945;0.4924404310143512;0.5621220779418945;0.4924404310143512;5.041874105509539;-1.4778569885601593;-37.944502853801794;-37.844909871445246;59.908191083333335;10.719097566666667;0.0;59.908191083333335;10.719097566666667;0.0;1778587841.0065658;-177.531;0.0;0.19;-0.342;0.817;-158.126;-1.723;-2.3;-17.45;59.90853586666667;10.7196842;0.0;-38.41241699857625;-32.82479524636669;0.00019982858864864284;1778587840.9635446;0.04556012153625488;0.0;0.0;-2.7598193330085534;-158.126;-0.0;0.0;0.46791414477445414;-5.0201146250785555;-2.7598193330085534;1.2819623444483943;-84.67496816841071;-158.126;73.45103183158929;0.46791414477445414;-5.0201146250785555;1.2819623444483943;5.041874105509539
2026-05-12_14:10:41:471751;1778587841.4679816;136.1731414794922;58.114295959472656;0.6808657073974609;0.5053417039954144;0.6808657073974609;0.5053417039954144;5.175917978206184;-1.4375053042971961;-38.029077172589595;-37.96879362583451;59.90818835;10.719097316666666;0.0;59.90818835;10.719097316666666;0.0;1778587841.4679816;-176.713;0.0;0.19;-0.169;0.196;-163.652;0.911;0.39;-15.911;59.90853586666667;10.7196842;0.0;-38.716939525149215;-32.83878657895347;0.00020173987007510163;1778587841.265228;0.20275354385375977;0.0;0.0;-2.85626622747376;-163.652;-0.0;0.0;0.6878623525596197;-5.13000704688104;-2.85626622747376;1.4187609231765634;-82.36298696389846;-163.652;81.28901303610151;0.6878623525596197;-5.13000704688104;1.4187609231765634;5.175917978206184
